"settlementDate","symbolCode","issueName","marketClassCode","currentShortPositionQuantity","previousShortPositionQuantity","averageDailyVolumeQuantity","daysToCoverQuantity","stockSplitFlag","revisionFlag"
"2022-09-15","ECL","Ecolab, Inc.","NYSE","2791675","2901996","1367872","2.04",,
"2022-09-15","ELV","Elevance Health, Inc.","NYSE","2682404","2082862","838041","3.20",,
"2022-09-15","EMR","Emerson Electric Co.","NYSE","4747047","5133692","2793870","1.70",,
"2022-09-15","EOG","EOG Resources, Inc.","NYSE","7057851","6949451","3085672","2.29",,
"2022-09-15","EPD","Enterprise Products Partners L","NYSE","27549967","25686017","4176300","6.60",,
"2022-09-15","EQIX","Equinix, Inc. Common Stock REI","NNM","1104415","1095056","316351","3.49",,
"2022-09-15","FCX","Freeport-McMoran Inc.","NYSE","30807519","29463253","16597024","1.86",,
"2022-09-15","FDX","FedEx Corporation","NYSE","3614518","3284797","2113723","1.71",,
"2022-09-15","FTNT","Fortinet, Inc. Common Stock","NNM","12160146","9122814","6010350","2.02",,
"2022-09-15","GD","General Dynamics Corporation","NYSE","2727204","2816415","1098475","2.48",,
"2022-09-15","GE","General Electric Company","NYSE","10735651","10063878","5243864","2.05",,
"2022-09-15","GILD","Gilead Sciences, Inc. Common S","NNM","16688625","16765934","9127532","1.83",,
"2022-09-15","GLW","Corning Incorporated","NYSE","10749929","10197684","5625187","1.91",,
"2022-09-15","GM","General Motors Company","NYSE","26682044","22656198","14805795","1.80",,
"2022-09-15","GOOG","Alphabet Inc. Class C Capital","NNM","39793150","38619611","23144846","1.72",,
"2022-09-15","GOOGL","Alphabet Inc. Class A Common S","NNM","62786677","56071047","26953522","2.33",,
"2022-09-15","GS","Goldman Sachs Group Inc.","NYSE","5057458","5013207","1731487","2.92",,
"2022-09-15","GWW","W.W. Grainger, Inc.","NYSE","1210955","1094739","311884","3.88",,
"2022-09-15","HCA","HCA Healthcare, Inc.","NYSE","4359417","3950735","1444838","3.02",,
"2022-09-15","HD","Home Depot, Inc.","NYSE","9493634","7599560","3561590","2.67",,
"2022-09-15","HLT","Hilton Worldwide Holdings Inc.","NYSE","4921957","5410629","1778575","2.77",,
"2022-09-15","HON","Honeywell International Inc. C","NNM","5630526","5671515","3220443","1.75",,
"2022-09-15","HOOD","Robinhood Markets, Inc. Class","NNM","37880198","37606481","12884046","2.94",,
"2022-09-15","HPE","Hewlett Packard Enterprise Com","NYSE","30197679","23779219","13587676","2.22",,
"2022-09-15","HWM","Howmet Aerospace Inc.","NYSE","7405185","7629227","2673340","2.77",,
"2022-09-15","IBKR","Interactive Brokers Group, Inc","NNM","2532019","1924546","1350964","1.87",,
"2022-09-15","IBM","International Business Machine","NYSE","25758305","23817990","3571112","7.21",,
"2022-09-15","ICE","Intercontinental Exchange  Inc","NYSE","4749723","4889349","2234168","2.13",,
"2022-09-15","INTC","Intel Corporation Common Stock","NNM","64986519","56409605","41623601","1.56",,
"2022-09-15","INTU","Intuit Inc. Common Stock","NNM","2411685","2265504","1425196","1.69",,
"2022-09-15","ISRG","Intuitive Surgical, Inc. Commo","NNM","4400867","6154882","1709811","2.57",,
"2022-09-15","ITW","Illinois Tool Works Inc.","NYSE","6098905","5008884","1292385","4.72",,
"2022-09-15","JNJ","Johnson & Johnson","NYSE","14135872","12185258","6641667","2.13",,
"2022-09-15","JPM","JPMorgan Chase & Co.","NYSE","21769677","20192388","10346977","2.10",,
"2022-09-15","KKR","KKR & Co. Inc.","NYSE","11286188","9656523","2945046","3.83",,
"2022-09-15","KLAC","KLA Corporation Common Stock","NNM","5103706","5511719","1673672","3.05",,
"2022-09-15","KMI","Kinder Morgan, Inc.","NYSE","32908374","34535628","16793089","1.96",,
"2022-09-15","KO","Coca-Cola Company","NYSE","30588458","26862720","13716467","2.23",,
"2022-09-15","LIN","Linde plc Ordinary Share","NYSE","3803952","3449588","1895211","2.01",,
"2022-09-15","LLY","Eli Lilly & Co.","NYSE","5329487","5177973","2310595","2.31",,
"2022-09-15","LMT","Lockheed Martin Corp.","NYSE","2750688","2244834","1159905","2.37",,
"2022-09-15","LOW","Lowe's Companies Inc.","NYSE","14165279","16689831","3551776","3.99",,
"2022-09-15","LRCX","Lam Research Corporation Commo","NNM","1956032","1833615","1334930","1.47",,
"2022-09-15","MA","Mastercard Incorporated","NYSE","4242151","4005986","2196220","1.93",,
"2022-09-15","MAR","Marriott International Class A","NNM","4740824","4557496","1853197","2.56",,
"2022-09-15","MCD","McDonald's Corporation","NYSE","6576822","5651733","2550049","2.58",,
"2022-09-15","MCK","McKesson Corporation","NYSE","2622169","2346450","1079398","2.43",,
"2022-09-15","MCO","Moody's Corporation","NYSE","2890065","2731308","591457","4.89",,
"2022-09-15","MDLZ","Mondelez International, Inc. C","NNM","15356132","13967867","7023947","2.19",,
"2022-09-15","MDT","Medtronic plc","NYSE","7923913","9427116","6732869","1.18",,
"2022-09-15","META","Meta Platforms, Inc. Class A C","NNM","29752984","26001739","27849454","1.07",,
"2022-09-15","MMM","3M Company","NYSE","19250841","103797531","20006014","1.00",,
"2022-09-15","MNST","Monster Beverage Corporation","NNM","6793112","5815529","2438350","2.79",,
"2022-09-15","MO","Altria Group, Inc.","NYSE","18597542","16982770","10399635","1.79",,
"2022-09-15","MPC","MARATHON PETROLEUM CORPORATION","NYSE","16683553","16426015","4725728","3.53",,
"2022-09-15","MPWR","Monolithic Power Systems, Inc.","NNM","1376907","1183457","567572","2.43",,
"2022-09-15","MRK","Merck & Co., Inc.","NYSE","19448809","19293573","7590986","2.56",,
"2022-09-15","MRVL","Marvell Technology, Inc. Commo","NNM","17950115","16773194","10753213","1.67",,
"2022-09-15","MS","Morgan Stanley","NYSE","23057201","26995830","8365692","2.76",,
"2022-09-15","MSFT","Microsoft Corporation Common S","NNM","42967330","40544332","24114423","1.78",,
"2022-09-15","MSI","Motorola Solutions, Inc. New","NYSE","1532269","1190445","714916","2.14",,
"2022-09-15","MU","Micron Technology, Inc. Common","NNM","32641019","31969181","16013230","2.04",,
"2022-09-15","NEE","Nextra Energy, Inc.","NYSE","19468185","29645410","8584115","2.27",,
"2022-09-15","NEM","Newmont Corporation","NYSE","15940233","11718781","10062008","1.58",,
"2022-09-15","NET","Cloudflare, Inc. Class A commo","NYSE","12078524","12802896","4260859","2.83",,
"2022-09-15","NFLX","Netflix, Inc. Common Stock","NNM","9743379","9491924","8583366","1.14",,
"2022-09-15","NKE","Nike, Inc.","NYSE","17246533","14376342","6283476","2.74",,
"2022-09-15","NOC","Northrop Grumman Corp.","NYSE","1731883","1609835","711772","2.43",,
"2022-09-15","NOW","SERVICENOW, INC.","NYSE","3596753","3527130","1320383","2.72",,
"2022-09-15","NSC","Norfolk Southern Corp.","NYSE","2553699","2202286","1457435","1.75",,
"2022-09-15","NVDA","NVIDIA Corporation Common Stoc","NNM","30722890","29418906","63874981","1.00",,
"2022-09-15","O","Realty Income Corporation","NYSE","21428331","19583075","4550113","4.71",,
"2022-09-15","ORCL","Oracle Corp","NYSE","16698691","13514025","12589689","1.33",,
"2022-09-15","ORLY","O'Reilly Automotive, Inc. Comm","NNM","940875","878751","429219","2.19",,
"2022-09-15","PANW","Palo Alto Networks, Inc. Commo","NNM","18431058","7469353","4129165","4.46","S",
"2022-09-15","PCAR","PACCAR Inc. Common Stock","NNM","4005113","4153054","1720028","2.33",,
"2022-09-15","PEP","PepsiCo, Inc. Common Stock","NNM","11722917","9835120","5257335","2.23",,
"2022-09-15","PFE","Pfizer Inc.","NYSE","63887362","62199380","16624047","3.84",,
"2022-09-15","PG","Procter & Gamble Company","NYSE","13990558","13729546","6679401","2.09",,
"2022-09-15","PGR","Progressive Corporation","NYSE","4399898","4682191","2392465","1.84",,
"2022-09-15","PH","Parker-Hannifin Corporation","NYSE","1041383","1040080","578517","1.80",,
"2022-09-15","PLD","PROLOGIS, INC.","NYSE","20134827","18183316","3190491","6.31",,
"2022-09-15","PLTR","Palantir Technologies Inc. Cla","NYSE","126172395","130969855","32140698","3.93",,
"2022-09-15","PM","Philip Morris International In","NYSE","7710537","6339896","3671714","2.10",,
"2022-09-15","PNC","PNC Financial Services Group","NYSE","5376791","5316373","1830539","2.94",,
"2022-09-15","PSX","PHILLIPS 66","NYSE","10458209","10588263","3119809","3.35",,
"2022-09-15","PWR","Quanta Services, Inc.","NYSE","5298316","5461929","1031013","5.14",,
"2022-09-15","QCOM","QUALCOMM Incorporated Common S","NNM","14125343","15460961","7008979","2.02",,
"2022-09-15","RCL","Royal Caribbean Group","NYSE","22448986","20928569","6524028","3.44",,
"2022-09-15","REGN","Regeneron Pharmaceuticals, Inc","NNM","2368234","2906443","1188286","1.99",,
"2022-09-15","ROST","Ross Stores, Inc. Common Stock","NNM","7788301","7154863","2199636","3.54",,
"2022-09-15","RSG","Republic Services Inc.","NYSE","2036135","1657021","1114755","1.83",,
"2022-09-15","RTX","Raytheon Technologies Corporat","NYSE","8860950","7601702","5419708","1.63",,
"2022-09-15","SBUX","Starbucks Corporation Common S","NNM","16382403","15644729","11388371","1.44",,
"2022-09-15","SCCO","Southern Copper Corporation","NYSE","6312502","6569902","1382882","4.56",,
"2022-09-15","SCHW","The Charles Schwab Corporation","NYSE","16172968","15602147","5402701","2.99",,
"2022-09-15","SHW","The Sherwin-Williams Company","NYSE","2286660","1887159","1303275","1.75",,
"2022-09-15","SNOW","Snowflake Inc.","NYSE","12258399","13094107","6670589","1.84",,
"2022-09-15","SNPS","Synopsys, Inc. Common Stock","NNM","2411004","2028622","1139197","2.12",,
"2022-09-15","SO","The Southern Company","NYSE","11843930","12025163","3553816","3.33",,
"2022-09-15","SPCX","The SPAC and New Issue ETF","NNM","170660","160161","5566","30.66",,
"2022-09-15","SPG","Simon Property Group, Inc.","NYSE","6326967","6244007","1905109","3.32",,
"2022-09-15","SPGI","S&P Global Inc.","NYSE","8468923","9768007","1535270","5.52",,
"2022-09-15","SYK","Stryker Corporation","NYSE","6492030","5211797","1697267","3.82",,
"2022-09-15","T","AT&T Inc.","NYSE","81155124","77431033","45017081","1.80",,
"2022-09-15","TDG","TransDigm Group Incorporated","NYSE","1148278","1046947","215079","5.34",,
"2022-09-15","TFC","Truist Financial Corporation","NYSE","12214855","11520575","5334201","2.29",,
"2022-09-15","TGT","Target Corporation","NYSE","9261999","7876289","3665675","2.53",,
"2022-09-15","TJX","TJX Companies, Inc. (The)","NYSE","12037838","12406063","4507843","2.67",,
"2022-09-15","TMO","Thermo Fisher Scientific, Inc.","NYSE","3141024","2638034","1166636","2.69",,
"2022-09-15","TMUS","T-Mobile US, Inc. Common Stock","NNM","14612640","15031472","4750701","3.08",,
"2022-09-15","TRV","The Travelers Companies, Inc.","NYSE","4677864","4136159","1327258","3.52",,
"2022-09-15","TSLA","Tesla, Inc. Common Stock","NNM","63690357","60772765","57225472","1.11",,
"2022-09-15","TXN","Texas Instruments Incorporated","NNM","16546355","16142436","5501374","3.01",,
"2022-09-15","UBER","Uber Technologies, Inc.","NYSE","53742981","54756750","26599392","2.02",,
"2022-09-15","UNH","UNITEDHEALTH GROUP INCORPORATE","NYSE","5066051","4152140","2497023","2.03",,
"2022-09-15","UNP","Union Pacific Corp.","NYSE","5796296","5030193","2892593","2.00",,
"2022-09-15","UPS","United Parcel Service, Inc. Cl","NYSE","11701090","12407617","2700118","4.33",,
"2022-09-15","URI","United Rentals, Inc.","NYSE","3051825","3017436","651236","4.69",,
"2022-09-15","USB","U.S. Bancorp","NYSE","11184418","10736758","7130618","1.57",,
"2022-09-15","V","VISA Inc.","NYSE","45344195","33033745","4778934","9.49",,
"2022-09-15","VLO","Valero Energy Corporation","NYSE","10701029","10078922","3612179","2.96",,
"2022-09-15","VRT","Vertiv Holdings Co Class A Com","NYSE","10189803","9478131","3215408","3.17",,
"2022-09-15","VRTX","Vertex Pharmaceuticals Incorpo","NNM","2888701","2828494","1246997","2.32",,
"2022-09-15","VZ","Verizon Communications","NYSE","33969418","28985563","22701489","1.50",,
"2022-09-15","WBD","Warner Bros. Discovery, Inc. S","NNM","69033508","56391756","21330121","3.24",,
"2022-09-15","WDC","Western Digital Corporation Co","NNM","8238940","6946924","4874746","1.69",,
"2022-09-15","WELL","Welltower Inc.","NYSE","14899929","14530155","2339907","6.37",,
"2022-09-15","WFC","Wells Fargo & Co.","NYSE","34046119","33593632","15325473","2.22",,
"2022-09-15","WM","Waste Management, Inc.","NYSE","4064200","3438745","1765329","2.30",,
"2022-09-15","WMB","Williams Companies Inc.","NYSE","24418693","20656887","7661063","3.19",,
"2022-09-15","WMT","Walmart Inc.","NYSE","15335591","14809842","6104404","2.51",,
"2022-09-15","XOM","Exxon Mobil Corporation","NYSE","38969900","40032123","18412265","2.12",,
"2022-08-31","AAPL","Apple Inc. Common Stock","NNM","113066596","115400891","67830391","1.67",,
"2022-08-31","ABBV","ABBVIE INC.","NYSE","11384956","13012004","4118903","2.76",,
"2022-08-31","ABNB","Airbnb, Inc. Class A Common St","NNM","16537998","17867480","4614231","3.58",,
"2022-08-31","ABT","Abbott Laboratories","NYSE","12941187","14080258","4526328","2.86",,
"2022-08-31","ADBE","Adobe Inc. Common Stock","NNM","4973784","5609009","2221363","2.24",,
"2022-08-31","ADI","Analog Devices, Inc. Common St","NNM","8636588","8775907","3654533","2.36",,
"2022-08-31","ADP","Automatic Data Processing, Inc","NNM","4600832","4301132","1325249","3.47",,
"2022-08-31","AEP","American Electric Power Compan","NNM","7970071","7136707","1986800","4.01",,
"2022-08-31","AFL","Aflac Inc.","NYSE","8777219","9088435","2052227","4.28",,
"2022-08-31","AJG","Arthur J. Gallagher & Co.","NYSE","2868567","2269877","836096","3.43",,
"2022-08-31","ALL","The Allstate Corporation","NYSE","4702220","5033795","1467763","3.20",,
"2022-08-31","AMAT","Applied Materials, Inc. Common","NNM","10466892","10801619","7507391","1.39",,
"2022-08-31","AMD","Advanced Micro Devices, Inc. C","NNM","30934716","35627850","63364007","1.00",,
"2022-08-31","AMGN","Amgen Inc. Common Stock","NNM","16516589","16578892","2571216","6.42",,
"2022-08-31","AMT","American Tower Corporation","NYSE","3344349","4078132","1347680","2.48",,
"2022-08-31","AMZN","Amazon.com, Inc. Common Stock","NNM","71375116","78386488","46601218","1.53",,
"2022-08-31","ANET","Arista Networks","NYSE","4411474","4371033","1513387","2.91",,
"2022-08-31","AON","Aon plc Class A","NYSE","2074139","1980073","690183","3.01",,
"2022-08-31","APD","Air Products & Chemicals, Inc.","NYSE","2438845","2355519","842519","2.89",,
"2022-08-31","APH","Amphenol Corporation","NYSE","4937734","5541885","1319045","3.74",,
"2022-08-31","APO","Apollo Global Management, Inc.","NYSE","10851738","13063723","2044236","5.31",,
"2022-08-31","APP","Applovin Corporation Class A C","NNM","14346824","12747340","2544102","5.64",,
"2022-08-31","AVGO","Broadcom Inc. Common Stock","NNM","5672555","5472504","1856466","3.06",,
"2022-08-31","AXP","American Express Company","NYSE","9168079","7874075","2186419","4.19",,
"2022-08-31","BA","Boeing Company","NYSE","8878702","10462365","4990761","1.78",,
"2022-08-31","BAC","Bank of America Corporation","NYSE","69617654","69900820","34381659","2.02",,
"2022-08-31","BKNG","Booking Holdings Inc. Common S","NNM","605673","632071","300788","2.01",,
"2022-08-31","BLK","Blackrock, Inc.","NYSE","2546983","2662225","566526","4.50",,
"2022-08-31","BMY","Bristol-Myers Squibb Co.","NYSE","22710498","23842565","9155213","2.48",,
"2022-08-31","BNY","BlackRock New York Municipal I","NYSE","9667","9806","39655","1.00",,
"2022-08-31","BRKA","Berkshire Hathaway Inc.","NYSE","334","634","2551","1.00",,
"2022-08-31","BRKB","BERKSHIRE HATHAWAY Class B","NYSE","7835712","7665706","3697594","2.12",,
"2022-08-31","BSX","Boston Scientific Corp.","NYSE","15214559","16857546","6009579","2.53",,
"2022-08-31","BX","Blackstone Inc.","NYSE","15231379","14031950","3080813","4.94",,
"2022-08-31","C","Citigroup Inc.","NYSE","33647143","34688799","14460437","2.33",,
"2022-08-31","CAT","Caterpillar Inc.","NYSE","5083779","4878423","2170091","2.34",,
"2022-08-31","CDNS","Cadence Design Systems, Inc. C","NNM","2533302","3095285","1387229","1.83",,
"2022-08-31","CEG","Constellation Energy Corporati","NNM","3923727","3991004","1777870","2.21",,
"2022-08-31","CI","CIGNA Corporation","NYSE","4315295","4467161","1502759","2.87",,
"2022-08-31","CL","Colgate-Palmolive Company","NYSE","13318232","11593570","3077095","4.33",,
"2022-08-31","CMCSA","Comcast Corporation Class A Co","NNM","72188956","71637032","21812950","3.31",,
"2022-08-31","CME","CME Group Inc. Class A Common","NNM","3435725","3201665","1263865","2.72",,
"2022-08-31","CMI","Cummins Inc.","NYSE","2765616","2547537","759901","3.64",,
"2022-08-31","COF","Capital One Financial","NYSE","7550622","5672091","2020922","3.74",,
"2022-08-31","COP","ConocoPhillips","NYSE","19661280","15623599","6608128","2.98",,
"2022-08-31","COST","Costco Wholesale Corporation C","NNM","4098056","4232510","1729881","2.37",,
"2022-08-31","CRM","Salesforce, Inc.","NYSE","12016491","12546363","8127433","1.48",,
"2022-08-31","CRWD","CrowdStrike Holdings, Inc. Cla","NNM","13790123","13683382","4178278","3.30",,
"2022-08-31","CSCO","Cisco Systems, Inc. Common Sto","NNM","33871831","39244052","21200522","1.60",,
"2022-08-31","CSX","CSX Corporation Common Stock","NNM","19612423","22287120","13034002","1.50",,
"2022-08-31","CTAS","Cintas Corporation Common Stoc","NNM","967024","1018393","313472","3.08",,
"2022-08-31","CVNA","Carvana Co.","NYSE","26852933","26080032","7995507","3.36",,
"2022-08-31","CVS","CVS HEALTH CORPORATION","NYSE","13475818","15039002","4378760","3.08",,
"2022-08-31","CVX","Chevron Corporation","NYSE","23717096","20493467","8576423","2.77",,
"2022-08-31","D","Dominion Energy, Inc Common St","NYSE","8537908","6238532","2474218","3.45",,
"2022-08-31","DASH","DoorDash, Inc.","NYSE","15614466","14674021","4866724","3.21",,
"2022-08-31","DDOG","Datadog, Inc. Class A Common S","NNM","10948695","10547248","3215938","3.40",,
"2022-08-31","DE","Deere & Company","NYSE","3502684","3054590","1909528","1.83",,
"2022-08-31","DELL","Dell Technologies Inc.","NYSE","7230961","5757199","4182819","1.73",,
"2022-08-31","DHR","Danaher Corporation","NYSE","4132693","3936996","1791192","2.31",,
"2022-08-31","DIS","The Walt Disney Company","NYSE","19644075","20644142","8617975","2.28",,
"2022-08-31","DLR","Digital Realty Trust, Inc.","NYSE","7278466","7459725","1190422","6.11",,
"2022-08-31","DUK","Duke Energy Corporation","NYSE","7273064","8108568","2197245","3.31",,
"2022-08-31","ECL","Ecolab, Inc.","NYSE","2901996","2953415","846410","3.43",,
"2022-08-31","ELV","Elevance Health, Inc.","NYSE","2082862","2078760","719380","2.90",,
"2022-08-31","EMR","Emerson Electric Co.","NYSE","5133692","4922557","2253179","2.28",,
"2022-08-31","EOG","EOG Resources, Inc.","NYSE","6949451","5639518","3259100","2.13",,
"2022-08-31","EPD","Enterprise Products Partners L","NYSE","25686017","24813800","4243799","6.05",,
"2022-08-31","EQIX","Equinix, Inc. Common Stock REI","NNM","1095056","1052518","335940","3.26",,
"2022-08-31","FCX","Freeport-McMoran Inc.","NYSE","29463253","27179299","14927844","1.97",,
"2022-08-31","FDX","FedEx Corporation","NYSE","3284797","3169297","1390815","2.36",,
"2022-08-31","FTNT","Fortinet, Inc. Common Stock","NNM","9122814","8445228","5257183","1.74",,
"2022-08-31","GD","General Dynamics Corporation","NYSE","2816415","3388870","791993","3.56",,
"2022-08-31","GE","General Electric Company","NYSE","10063878","10572657","4850148","2.07",,
"2022-08-31","GILD","Gilead Sciences, Inc. Common S","NNM","16765934","17043979","5502486","3.05",,
"2022-08-31","GLW","Corning Incorporated","NYSE","10197684","9856233","4275712","2.39",,
"2022-08-31","GM","General Motors Company","NYSE","22656198","27103216","14934935","1.52",,
"2022-08-31","GOOG","Alphabet Inc. Class C Capital","NNM","38619611","36987998","19319705","2.00",,
"2022-08-31","GOOGL","Alphabet Inc. Class A Common S","NNM","56071047","54019534","22327654","2.51",,
"2022-08-31","GS","Goldman Sachs Group Inc.","NYSE","5013207","5559904","1720516","2.91",,
"2022-08-31","GWW","W.W. Grainger, Inc.","NYSE","1094739","1000767","232214","4.71",,
"2022-08-31","HCA","HCA Healthcare, Inc.","NYSE","3950735","3498822","1133095","3.49",,
"2022-08-31","HD","Home Depot, Inc.","NYSE","7599560","7598325","3702000","2.05",,
"2022-08-31","HLT","Hilton Worldwide Holdings Inc.","NYSE","5410629","5338834","1443313","3.75",,
"2022-08-31","HON","Honeywell International Inc. C","NNM","5671515","4984840","1978774","2.87",,
"2022-08-31","HOOD","Robinhood Markets, Inc. Class","NNM","37606481","39354942","8584556","4.38",,
"2022-08-31","HPE","Hewlett Packard Enterprise Com","NYSE","23779219","27656888","12954457","1.84",,
"2022-08-31","HWM","Howmet Aerospace Inc.","NYSE","7629227","8100464","2186328","3.49",,
"2022-08-31","IBKR","Interactive Brokers Group, Inc","NNM","1924546","1979831","673201","2.86",,
"2022-08-31","IBM","International Business Machine","NYSE","23817990","22644445","3331507","7.15",,
"2022-08-31","ICE","Intercontinental Exchange  Inc","NYSE","4889349","8463587","2486246","1.97",,
"2022-08-31","INTC","Intel Corporation Common Stock","NNM","56409605","63382337","33969670","1.66",,
"2022-08-31","INTU","Intuit Inc. Common Stock","NNM","2265504","2479357","1690621","1.34",,
"2022-08-31","ISRG","Intuitive Surgical, Inc. Commo","NNM","6154882","6213137","1762337","3.49",,
"2022-08-31","ITW","Illinois Tool Works Inc.","NYSE","5008884","5555574","921220","5.44",,
"2022-08-31","JNJ","Johnson & Johnson","NYSE","12185258","10869142","6694501","1.82",,
"2022-08-31","JPM","JPMorgan Chase & Co.","NYSE","20192388","17983035","9890210","2.04",,
"2022-08-31","KKR","KKR & Co. Inc.","NYSE","9656523","10218228","1897476","5.09",,
"2022-08-31","KLAC","KLA Corporation Common Stock","NNM","5511719","6296141","1218129","4.52",,
"2022-08-31","KMI","Kinder Morgan, Inc.","NYSE","34535628","38789301","12765557","2.71",,
"2022-08-31","KO","Coca-Cola Company","NYSE","26862720","26264631","8979401","2.99",,
"2022-08-31","LIN","Linde plc Ordinary Share","NYSE","3449588","4017034","1514915","2.28",,
"2022-08-31","LLY","Eli Lilly & Co.","NYSE","5177973","4824849","2385334","2.17",,
"2022-08-31","LMT","Lockheed Martin Corp.","NYSE","2244834","2666440","902317","2.49",,
"2022-08-31","LOW","Lowe's Companies Inc.","NYSE","16689831","11091723","4026655","4.14",,
"2022-08-31","LRCX","Lam Research Corporation Commo","NNM","1833615","2174599","1241239","1.48",,
"2022-08-31","MA","Mastercard Incorporated","NYSE","4005986","4314846","2295485","1.75",,
"2022-08-31","MAR","Marriott International Class A","NNM","4557496","4322595","1607928","2.83",,
"2022-08-31","MCD","McDonald's Corporation","NYSE","5651733","5534292","1983719","2.85",,
"2022-08-31","MCK","McKesson Corporation","NYSE","2346450","2688752","890918","2.63",,
"2022-08-31","MCO","Moody's Corporation","NYSE","2731308","2923942","505004","5.41",,
"2022-08-31","MDLZ","Mondelez International, Inc. C","NNM","13967867","13599050","5523793","2.53",,
"2022-08-31","MDT","Medtronic plc","NYSE","9427116","8741957","5543006","1.70",,
"2022-08-31","META","Meta Platforms, Inc. Class A C","NNM","26001739","28758877","22106042","1.18",,
"2022-08-31","MMM","3M Company","NYSE","103797531","9961015","22583504","4.60",,
"2022-08-31","MNST","Monster Beverage Corporation","NNM","5815529","6165210","1905449","3.05",,
"2022-08-31","MO","Altria Group, Inc.","NYSE","16982770","17139701","6217871","2.73",,
"2022-08-31","MPC","MARATHON PETROLEUM CORPORATION","NYSE","16426015","13783527","4275792","3.84",,
"2022-08-31","MPWR","Monolithic Power Systems, Inc.","NNM","1183457","1123347","433552","2.73",,
"2022-08-31","MRK","Merck & Co., Inc.","NYSE","19293573","19761346","6857357","2.81",,
"2022-08-31","MRVL","Marvell Technology, Inc. Commo","NNM","16773194","16019014","9949936","1.69",,
"2022-08-31","MS","Morgan Stanley","NYSE","26995830","21969743","6668114","4.05",,
"2022-08-31","MSFT","Microsoft Corporation Common S","NNM","40544332","38084466","20560518","1.97",,
"2022-08-31","MSI","Motorola Solutions, Inc. New","NYSE","1190445","1437481","561981","2.12",,
"2022-08-31","MU","Micron Technology, Inc. Common","NNM","31969181","32785887","12609612","2.54",,
"2022-08-31","NEE","Nextra Energy, Inc.","NYSE","29645410","24242744","5718928","5.18",,
"2022-08-31","NEM","Newmont Corporation","NYSE","11718781","11766208","7968830","1.47",,
"2022-08-31","NET","Cloudflare, Inc. Class A commo","NYSE","12802896","13138293","3322637","3.85",,
"2022-08-31","NFLX","Netflix, Inc. Common Stock","NNM","9491924","10398559","6081166","1.56",,
"2022-08-31","NKE","Nike, Inc.","NYSE","14376342","14719227","5598220","2.57",,
"2022-08-31","NOC","Northrop Grumman Corp.","NYSE","1609835","1460481","570454","2.82",,
"2022-08-31","NOW","SERVICENOW, INC.","NYSE","3527130","3865095","1007286","3.50",,
"2022-08-31","NSC","Norfolk Southern Corp.","NYSE","2202286","2586475","1097181","2.01",,
"2022-08-31","NVDA","NVIDIA Corporation Common Stoc","NNM","29418906","31324946","51604289","1.00",,
"2022-08-31","O","Realty Income Corporation","NYSE","19583075","17087217","3762887","5.20",,
"2022-08-31","ORCL","Oracle Corp","NYSE","13514025","15170725","5055999","2.67",,
"2022-08-31","ORLY","O'Reilly Automotive, Inc. Comm","NNM","878751","802868","387906","2.27",,
"2022-08-31","PANW","Palo Alto Networks, Inc. Commo","NNM","7469353","7124475","1781021","4.19",,
"2022-08-31","PCAR","PACCAR Inc. Common Stock","NNM","4153054","3732413","1524003","2.73",,
"2022-08-31","PEP","PepsiCo, Inc. Common Stock","NNM","9835120","8674833","3700735","2.66",,
"2022-08-31","PFE","Pfizer Inc.","NYSE","62199380","67935703","16106415","3.86",,
"2022-08-31","PG","Procter & Gamble Company","NYSE","13729546","13038185","5823192","2.36",,
"2022-08-31","PGR","Progressive Corporation","NYSE","4682191","4978602","1955574","2.39",,
"2022-08-31","PH","Parker-Hannifin Corporation","NYSE","1040080","1303120","716999","1.45",,
"2022-08-31","PLD","PROLOGIS, INC.","NYSE","18183316","18042931","2216965","8.20",,
"2022-08-31","PLTR","Palantir Technologies Inc. Cla","NYSE","130969855","116941493","31319445","4.18",,
"2022-08-31","PM","Philip Morris International In","NYSE","6339896","6892500","2890601","2.19",,
"2022-08-31","PNC","PNC Financial Services Group","NYSE","5316373","5509605","1401754","3.79",,
"2022-08-31","PSX","PHILLIPS 66","NYSE","10588263","10770943","3159299","3.35",,
"2022-08-31","PWR","Quanta Services, Inc.","NYSE","5461929","5200671","839729","6.50",,
"2022-08-31","QCOM","QUALCOMM Incorporated Common S","NNM","15460961","14350373","6257334","2.47",,
"2022-08-31","RCL","Royal Caribbean Group","NYSE","20928569","20625168","6053476","3.46",,
"2022-08-31","REGN","Regeneron Pharmaceuticals, Inc","NNM","2906443","2931178","465300","6.25",,
"2022-08-31","ROST","Ross Stores, Inc. Common Stock","NNM","7154863","7917359","2917676","2.45",,
"2022-08-31","RSG","Republic Services Inc.","NYSE","1657021","1523196","789234","2.10",,
"2022-08-31","RTX","Raytheon Technologies Corporat","NYSE","7601702","8881846","3945142","1.93",,
"2022-08-31","SBUX","Starbucks Corporation Common S","NNM","15644729","13015070","5039720","3.10",,
"2022-08-31","SCCO","Southern Copper Corporation","NYSE","6569902","5690209","1455744","4.51",,
"2022-08-31","SCHW","The Charles Schwab Corporation","NYSE","15602147","13576296","5861666","2.66",,
"2022-08-31","SHW","The Sherwin-Williams Company","NYSE","1887159","1835445","1259453","1.50",,
"2022-08-31","SNOW","Snowflake Inc.","NYSE","13094107","12146373","9709821","1.35",,
"2022-08-31","SNPS","Synopsys, Inc. Common Stock","NNM","2028622","1966378","1182258","1.72",,
"2022-08-31","SO","The Southern Company","NYSE","12025163","12199885","3089776","3.89",,
"2022-08-31","SPCX","The SPAC and New Issue ETF","NNM","160161","158287","9599","16.69",,
"2022-08-31","SPG","Simon Property Group, Inc.","NYSE","6244007","6283281","1532463","4.07",,
"2022-08-31","SPGI","S&P Global Inc.","NYSE","9768007","12768485","1680118","5.81",,
"2022-08-31","SYK","Stryker Corporation","NYSE","5211797","5244266","980869","5.31",,
"2022-08-31","T","AT&T Inc.","NYSE","77431033","77502567","30783468","2.52",,
"2022-08-31","TDG","TransDigm Group Incorporated","NYSE","1046947","1050904","263653","3.97",,
"2022-08-31","TFC","Truist Financial Corporation","NYSE","11520575","13356851","4144502","2.78",,
"2022-08-31","TGT","Target Corporation","NYSE","7876289","7706532","5076417","1.55",,
"2022-08-31","TJX","TJX Companies, Inc. (The)","NYSE","12406063","10790726","6193105","2.00",,
"2022-08-31","TMO","Thermo Fisher Scientific, Inc.","NYSE","2638034","2816203","876722","3.01",,
"2022-08-31","TMUS","T-Mobile US, Inc. Common Stock","NNM","15031472","14521343","3408112","4.41",,
"2022-08-31","TRV","The Travelers Companies, Inc.","NYSE","4136159","4423473","1064940","3.88",,
"2022-08-31","TSLA","Tesla, Inc. Common Stock","NNM","60772765","20109630","57928027","1.05","S",
"2022-08-31","TXN","Texas Instruments Incorporated","NNM","16142436","15667997","4935540","3.27",,
"2022-08-31","UBER","Uber Technologies, Inc.","NYSE","54756750","60822072","21352912","2.56",,
"2022-08-31","UNH","UNITEDHEALTH GROUP INCORPORATE","NYSE","4152140","4730410","1902928","2.18",,
"2022-08-31","UNP","Union Pacific Corp.","NYSE","5030193","5724523","2091387","2.41",,
"2022-08-31","UPS","United Parcel Service, Inc. Cl","NYSE","12407617","14095519","2280791","5.44",,
"2022-08-31","URI","United Rentals, Inc.","NYSE","3017436","3015436","685137","4.40",,
"2022-08-31","USB","U.S. Bancorp","NYSE","10736758","10700208","5262695","2.04",,
"2022-08-31","V","VISA Inc.","NYSE","33033745","33639667","4797255","6.89",,
"2022-08-31","VLO","Valero Energy Corporation","NYSE","10078922","8560656","3597716","2.80",,
"2022-08-31","VRT","Vertiv Holdings Co Class A Com","NYSE","9478131","9908379","2882767","3.29",,
"2022-08-31","VRTX","Vertex Pharmaceuticals Incorpo","NNM","2828494","2566414","1048279","2.70",,
"2022-08-31","VZ","Verizon Communications","NYSE","28985563","28880927","18126334","1.60",,
"2022-08-31","WBD","Warner Bros. Discovery, Inc. S","NNM","56391756","60651601","25676738","2.20",,
"2022-08-31","WDC","Western Digital Corporation Co","NNM","6946924","6440005","2658239","2.61",,
"2022-08-31","WELL","Welltower Inc.","NYSE","14530155","13332459","2516370","5.77",,
"2022-08-31","WFC","Wells Fargo & Co.","NYSE","33593632","31102697","12971289","2.59",,
"2022-08-31","WM","Waste Management, Inc.","NYSE","3438745","3596166","1358141","2.53",,
"2022-08-31","WMB","Williams Companies Inc.","NYSE","20656887","20035331","6453524","3.20",,
"2022-08-31","WMT","Walmart Inc.","NYSE","14809842","15351254","8947979","1.66",,
"2022-08-31","XOM","Exxon Mobil Corporation","NYSE","40032123","32225157","17314516","2.31",,
"2022-10-14","AAPL","Apple Inc. Common Stock","NNM","108664761","103251184","85960932","1.26",,
"2022-10-14","ABBV","ABBVIE INC.","NYSE","14003998","13290962","5299271","2.64",,
"2022-10-14","ABNB","Airbnb, Inc. Class A Common St","NNM","18256553","19160570","4794150","3.81",,
"2022-10-14","ABT","Abbott Laboratories","NYSE","13990293","16832410","5495993","2.55",,
"2022-10-14","ADBE","Adobe Inc. Common Stock","NNM","5374447","5054966","3730636","1.44",,
"2022-10-14","ADI","Analog Devices, Inc. Common St","NNM","7926822","7611542","3949836","2.01",,
"2022-10-14","ADP","Automatic Data Processing, Inc","NNM","5852632","5577889","1664242","3.52",,
"2022-10-14","AEP","American Electric Power Compan","NNM","5836409","6921850","4107901","1.42",,
"2022-10-14","AFL","Aflac Inc.","NYSE","9127252","9170787","2222929","4.11",,
"2022-10-14","AJG","Arthur J. Gallagher & Co.","NYSE","2166930","2433705","945262","2.29",,
"2022-10-14","ALL","The Allstate Corporation","NYSE","5520307","5133918","1974691","2.80",,
"2022-10-14","AMAT","Applied Materials, Inc. Common","NNM","12764054","11026799","10405248","1.23",,
"2022-10-14","AMD","Advanced Micro Devices, Inc. C","NNM","37931309","32224203","105273371","1.00",,
"2022-10-14","AMGN","Amgen Inc. Common Stock","NNM","16835371","17107713","2695404","6.25",,
"2022-10-14","AMT","American Tower Corporation","NYSE","3760637","3440127","2474087","1.52",,
"2022-10-14","AMZN","Amazon.com, Inc. Common Stock","NNM","75247366","78743103","55719510","1.35",,
"2022-10-14","ANET","Arista Networks","NYSE","4600631","4378571","2152592","2.14",,
"2022-10-14","AON","Aon plc Class A","NYSE","1814379","1981326","723519","2.51",,
"2022-10-14","APD","Air Products & Chemicals, Inc.","NYSE","2237656","2079619","934285","2.40",,
"2022-10-14","APH","Amphenol Corporation","NYSE","5534732","6031045","2068459","2.68",,
"2022-10-14","APO","Apollo Global Management, Inc.","NYSE","11032845","11951955","2618001","4.21",,
"2022-10-14","APP","Applovin Corporation Class A C","NNM","15513151","16078845","1947391","7.97",,
"2022-10-14","AVGO","Broadcom Inc. Common Stock","NNM","5463572","5286198","2383050","2.29",,
"2022-10-14","AXP","American Express Company","NYSE","6915457","7348111","2925194","2.36",,
"2022-10-14","BA","Boeing Company","NYSE","9201409","8996961","6669170","1.38",,
"2022-10-14","BAC","Bank of America Corporation","NYSE","85717420","74594929","46111295","1.86",,
"2022-10-14","BKNG","Booking Holdings Inc. Common S","NNM","629396","609595","370121","1.70",,
"2022-10-14","BLK","Blackrock, Inc.","NYSE","3307753","2998389","934115","3.54",,
"2022-10-14","BMY","Bristol-Myers Squibb Co.","NYSE","23076326","24181239","8893736","2.59",,
"2022-10-14","BNY","BlackRock New York Municipal I","NYSE","6694","13304","49963","1.00",,
"2022-10-14","BRKA","Berkshire Hathaway Inc.","NYSE","679","640","2719","1.00",,
"2022-10-14","BRKB","BERKSHIRE HATHAWAY Class B","NYSE","6251123","7020919","4023508","1.55",,
"2022-10-14","BSX","Boston Scientific Corp.","NYSE","15220939","16688257","6649085","2.29",,
"2022-10-14","BX","Blackstone Inc.","NYSE","20031360","18681822","4006826","5.00",,
"2022-10-14","C","Citigroup Inc.","NYSE","34629530","33738985","20562656","1.68",,
"2022-10-14","CAT","Caterpillar Inc.","NYSE","5538906","6179275","2970876","1.86",,
"2022-10-14","CDNS","Cadence Design Systems, Inc. C","NNM","3180214","2735667","2659928","1.20",,
"2022-10-14","CEG","Constellation Energy Corporati","NNM","4449643","4115289","1788480","2.49",,
"2022-10-14","CI","CIGNA Corporation","NYSE","4060091","3951540","2074984","1.96",,
"2022-10-14","CL","Colgate-Palmolive Company","NYSE","9906123","10973899","4004973","2.47",,
"2022-10-14","CMCSA","Comcast Corporation Class A Co","NNM","79501564","74912183","29520712","2.69",,
"2022-10-14","CME","CME Group Inc. Class A Common","NNM","4366597","4474358","1904037","2.29",,
"2022-10-14","CMI","Cummins Inc.","NYSE","3308172","3024501","977812","3.38",,
"2022-10-14","COF","Capital One Financial","NYSE","7061529","7017992","2483673","2.84",,
"2022-10-14","COP","ConocoPhillips","NYSE","17182359","19166083","7647405","2.25",,
"2022-10-14","COST","Costco Wholesale Corporation C","NNM","4633803","4175608","2260676","2.05",,
"2022-10-14","CRM","Salesforce, Inc.","NYSE","13027909","13155808","5981156","2.18",,
"2022-10-14","CRWD","CrowdStrike Holdings, Inc. Cla","NNM","9410678","9609283","3009736","3.13",,
"2022-10-14","CSCO","Cisco Systems, Inc. Common Sto","NNM","38391572","32666340","19493022","1.97",,
"2022-10-14","CSX","CSX Corporation Common Stock","NNM","18755694","19022614","15862134","1.18",,
"2022-10-14","CTAS","Cintas Corporation Common Stoc","NNM","1135771","1195556","470425","2.41",,
"2022-10-14","CVNA","Carvana Co.","NYSE","34572279","31303145","10339321","3.34",,
"2022-10-14","CVS","CVS HEALTH CORPORATION","NYSE","12518114","14671897","6742804","1.86",,
"2022-10-14","CVX","Chevron Corporation","NYSE","17618537","19594955","8515994","2.07",,
"2022-10-14","D","Dominion Energy, Inc Common St","NYSE","8284644","9050045","5464816","1.52",,
"2022-10-14","DASH","DoorDash, Inc.","NYSE","22619302","21102628","5924802","3.82",,
"2022-10-14","DDOG","Datadog, Inc. Class A Common S","NNM","12215957","11266555","3803267","3.21",,
"2022-10-14","DE","Deere & Company","NYSE","3333593","3337948","1334954","2.50",,
"2022-10-14","DELL","Dell Technologies Inc.","NYSE","7507221","7290170","3223033","2.33",,
"2022-10-14","DHR","Danaher Corporation","NYSE","4184054","4722630","2368857","1.77",,
"2022-10-14","DIS","The Walt Disney Company","NYSE","18750705","19816163","8486316","2.21",,
"2022-10-14","DLR","Digital Realty Trust, Inc.","NYSE","9277983","8564955","2494349","3.72",,
"2022-10-14","DUK","Duke Energy Corporation","NYSE","7185818","7027250","4223939","1.70",,
"2022-10-14","ECL","Ecolab, Inc.","NYSE","2598581","2647549","1238084","2.10",,
"2022-10-14","ELV","Elevance Health, Inc.","NYSE","2364162","2556307","844392","2.80",,
"2022-10-14","EMR","Emerson Electric Co.","NYSE","5280872","5017171","3734146","1.41",,
"2022-10-14","EOG","EOG Resources, Inc.","NYSE","7499039","6062129","3454118","2.17",,
"2022-10-14","EPD","Enterprise Products Partners L","NYSE","26890354","27382327","4307318","6.24",,
"2022-10-14","EQIX","Equinix, Inc. Common Stock REI","NNM","1349724","1351652","490732","2.75",,
"2022-10-14","FCX","Freeport-McMoran Inc.","NYSE","33068490","29647403","14941564","2.21",,
"2022-10-14","FDX","FedEx Corporation","NYSE","8773593","4743722","5108665","1.72",,
"2022-10-14","FTNT","Fortinet, Inc. Common Stock","NNM","9086512","11286498","5080467","1.79",,
"2022-10-14","GD","General Dynamics Corporation","NYSE","2049647","2090563","964873","2.12",,
"2022-10-14","GE","General Electric Company","NYSE","10318059","11344774","5612876","1.84",,
"2022-10-14","GILD","Gilead Sciences, Inc. Common S","NNM","16471987","16448552","7154835","2.30",,
"2022-10-14","GLW","Corning Incorporated","NYSE","12759060","11877653","4515711","2.83",,
"2022-10-14","GM","General Motors Company","NYSE","21792566","24346090","15558742","1.40",,
"2022-10-14","GOOG","Alphabet Inc. Class C Capital","NNM","26465569","30593935","21782836","1.21",,
"2022-10-14","GOOGL","Alphabet Inc. Class A Common S","NNM","52279827","51457734","25499402","2.05",,
"2022-10-14","GS","Goldman Sachs Group Inc.","NYSE","4959639","5111651","2007813","2.47",,
"2022-10-14","GWW","W.W. Grainger, Inc.","NYSE","1347545","1376017","295563","4.56",,
"2022-10-14","HCA","HCA Healthcare, Inc.","NYSE","3242463","3622859","1344636","2.41",,
"2022-10-14","HD","Home Depot, Inc.","NYSE","7882871","8685119","2880760","2.74",,
"2022-10-14","HLT","Hilton Worldwide Holdings Inc.","NYSE","4818584","5366172","1631227","2.95",,
"2022-10-14","HON","Honeywell International Inc. C","NNM","4741306","4887232","2913752","1.63",,
"2022-10-14","HOOD","Robinhood Markets, Inc. Class","NNM","34960741","37937141","7005311","4.99",,
"2022-10-14","HPE","Hewlett Packard Enterprise Com","NYSE","28792883","31727677","14174754","2.03",,
"2022-10-14","HWM","Howmet Aerospace Inc.","NYSE","7075623","7493869","2433910","2.91",,
"2022-10-14","IBKR","Interactive Brokers Group, Inc","NNM","3200518","3340827","1240470","2.58",,
"2022-10-14","IBM","International Business Machine","NYSE","26815758","25866583","4458846","6.01",,
"2022-10-14","ICE","Intercontinental Exchange  Inc","NYSE","5369181","5348856","2999270","1.79",,
"2022-10-14","INTC","Intel Corporation Common Stock","NNM","67243975","64807742","44800313","1.50",,
"2022-10-14","INTU","Intuit Inc. Common Stock","NNM","2671584","2366500","1614063","1.66",,
"2022-10-14","ISRG","Intuitive Surgical, Inc. Commo","NNM","3290116","3623001","1800279","1.83",,
"2022-10-14","ITW","Illinois Tool Works Inc.","NYSE","7027387","6650193","1070164","6.57",,
"2022-10-14","JNJ","Johnson & Johnson","NYSE","11226758","12936583","5970661","1.88",,
"2022-10-14","JPM","JPMorgan Chase & Co.","NYSE","18994510","18138781","15307896","1.24",,
"2022-10-14","KKR","KKR & Co. Inc.","NYSE","14400012","12914254","3960759","3.64",,
"2022-10-14","KLAC","KLA Corporation Common Stock","NNM","2831697","2911935","2302678","1.23",,
"2022-10-14","KMI","Kinder Morgan, Inc.","NYSE","31175415","31416194","18803691","1.66",,
"2022-10-14","KO","Coca-Cola Company","NYSE","33644684","32858192","15327915","2.19",,
"2022-10-14","LIN","Linde plc Ordinary Share","NYSE","3577897","3773561","1864040","1.92",,
"2022-10-14","LLY","Eli Lilly & Co.","NYSE","5420134","5752852","2625932","2.06",,
"2022-10-14","LMT","Lockheed Martin Corp.","NYSE","2214679","2401130","1046468","2.12",,
"2022-10-14","LOW","Lowe's Companies Inc.","NYSE","10895770","11088952","3501784","3.11",,
"2022-10-14","LRCX","Lam Research Corporation Commo","NNM","2207760","2161014","2956106","1.00",,
"2022-10-14","MA","Mastercard Incorporated","NYSE","4776662","5490898","3119996","1.53",,
"2022-10-14","MAR","Marriott International Class A","NNM","5443759","5332345","1932776","2.82",,
"2022-10-14","MCD","McDonald's Corporation","NYSE","6581364","6751909","3179219","2.07",,
"2022-10-14","MCK","McKesson Corporation","NYSE","2739146","2984729","741079","3.70",,
"2022-10-14","MCO","Moody's Corporation","NYSE","3063319","2843970","814876","3.76",,
"2022-10-14","MDLZ","Mondelez International, Inc. C","NNM","11839229","13060427","8170929","1.45",,
"2022-10-14","MDT","Medtronic plc","NYSE","8036809","9438942","5114175","1.57",,
"2022-10-14","META","Meta Platforms, Inc. Class A C","NNM","25873704","25642799","31445343","1.00",,
"2022-10-14","MMM","3M Company","NYSE","14641662","15435327","3336502","4.39",,
"2022-10-14","MNST","Monster Beverage Corporation","NNM","8623232","6986207","2814116","3.06",,
"2022-10-14","MO","Altria Group, Inc.","NYSE","19434821","18665407","10583766","1.84",,
"2022-10-14","MPC","MARATHON PETROLEUM CORPORATION","NYSE","13297826","15500741","3411062","3.90",,
"2022-10-14","MPWR","Monolithic Power Systems, Inc.","NNM","2303680","2018256","998798","2.31",,
"2022-10-14","MRK","Merck & Co., Inc.","NYSE","19236325","20401626","9149999","2.10",,
"2022-10-14","MRVL","Marvell Technology, Inc. Commo","NNM","17965177","17924427","13975628","1.29",,
"2022-10-14","MS","Morgan Stanley","NYSE","17974905","19009302","7919257","2.27",,
"2022-10-14","MSFT","Microsoft Corporation Common S","NNM","38213792","34921823","29654237","1.29",,
"2022-10-14","MSI","Motorola Solutions, Inc. New","NYSE","1342920","1304719","664164","2.02",,
"2022-10-14","MU","Micron Technology, Inc. Common","NNM","30139941","27739404","22402933","1.35",,
"2022-10-14","NEE","Nextra Energy, Inc.","NYSE","19530860","19336657","8520587","2.29",,
"2022-10-14","NEM","Newmont Corporation","NYSE","12742746","15064277","8869161","1.44",,
"2022-10-14","NET","Cloudflare, Inc. Class A commo","NYSE","12356059","12549362","4163733","2.97",,
"2022-10-14","NFLX","Netflix, Inc. Common Stock","NNM","9638375","11012443","12291337","1.00",,
"2022-10-14","NKE","Nike, Inc.","NYSE","18035580","16037460","11127843","1.62",,
"2022-10-14","NOC","Northrop Grumman Corp.","NYSE","2379736","2357557","996976","2.39",,
"2022-10-14","NOW","SERVICENOW, INC.","NYSE","3407487","3259732","2066985","1.65",,
"2022-10-14","NSC","Norfolk Southern Corp.","NYSE","2250053","2441026","987347","2.28",,
"2022-10-14","NVDA","NVIDIA Corporation Common Stoc","NNM","32874645","30153078","63698061","1.00",,
"2022-10-14","O","Realty Income Corporation","NYSE","25749267","26713689","3697986","6.96",,
"2022-10-14","ORCL","Oracle Corp","NYSE","12550711","13123252","8387093","1.50",,
"2022-10-14","ORLY","O'Reilly Automotive, Inc. Comm","NNM","843162","923806","446557","1.89",,
"2022-10-14","PANW","Palo Alto Networks, Inc. Commo","NNM","20508868","20571911","3387269","6.05",,
"2022-10-14","PCAR","PACCAR Inc. Common Stock","NNM","3047899","3859134","1773406","1.72",,
"2022-10-14","PEP","PepsiCo, Inc. Common Stock","NNM","8736162","10742666","5668915","1.54",,
"2022-10-14","PFE","Pfizer Inc.","NYSE","62511349","60372206","20666131","3.02",,
"2022-10-14","PG","Procter & Gamble Company","NYSE","12350975","12766425","6408084","1.93",,
"2022-10-14","PGR","Progressive Corporation","NYSE","4301075","3844372","3141975","1.37",,
"2022-10-14","PH","Parker-Hannifin Corporation","NYSE","1623001","1178351","883880","1.84",,
"2022-10-14","PLD","PROLOGIS, INC.","NYSE","12279646","21408598","5468485","2.25",,
"2022-10-14","PLTR","Palantir Technologies Inc. Cla","NYSE","119494217","121530961","33825776","3.53",,
"2022-10-14","PM","Philip Morris International In","NYSE","8783507","8237747","4270677","2.06",,
"2022-10-14","PNC","PNC Financial Services Group","NYSE","6281239","5541379","2194517","2.86",,
"2022-10-14","PSX","PHILLIPS 66","NYSE","12813929","12798396","3741841","3.42",,
"2022-10-14","PWR","Quanta Services, Inc.","NYSE","5022109","5476456","782057","6.42",,
"2022-10-14","QCOM","QUALCOMM Incorporated Common S","NNM","13244526","12998273","8158756","1.62",,
"2022-10-14","RCL","Royal Caribbean Group","NYSE","23292331","22522322","9314064","2.50",,
"2022-10-14","REGN","Regeneron Pharmaceuticals, Inc","NNM","2109145","2277570","760982","2.77",,
"2022-10-14","ROST","Ross Stores, Inc. Common Stock","NNM","8405635","8285857","2156071","3.90",,
"2022-10-14","RSG","Republic Services Inc.","NYSE","2042200","1953692","1246616","1.64",,
"2022-10-14","RTX","Raytheon Technologies Corporat","NYSE","7280130","6425023","4349263","1.67",,
"2022-10-14","SBUX","Starbucks Corporation Common S","NNM","17310224","15002324","6380651","2.71",,
"2022-10-14","SCCO","Southern Copper Corporation","NYSE","6469274","6442938","1585259","4.08",,
"2022-10-14","SCHW","The Charles Schwab Corporation","NYSE","18617886","17696809","8450787","2.20",,
"2022-10-14","SHW","The Sherwin-Williams Company","NYSE","1855292","1963512","1427823","1.30",,
"2022-10-14","SNOW","Snowflake Inc.","NYSE","12183409","12553796","7432017","1.64",,
"2022-10-14","SNPS","Synopsys, Inc. Common Stock","NNM","2100689","1880249","1448528","1.45",,
"2022-10-14","SO","The Southern Company","NYSE","10996334","10808423","4661519","2.36",,
"2022-10-14","SPCX","The SPAC and New Issue ETF","NNM","161698","170515","3580","45.17",,
"2022-10-14","SPG","Simon Property Group, Inc.","NYSE","6194544","6684123","1988876","3.11",,
"2022-10-14","SPGI","S&P Global Inc.","NYSE","6755204","7547758","1677899","4.03",,
"2022-10-14","SYK","Stryker Corporation","NYSE","5816467","7419581","1260477","4.61",,
"2022-10-14","T","AT&T Inc.","NYSE","90441135","85700034","49886612","1.81",,
"2022-10-14","TDG","TransDigm Group Incorporated","NYSE","1866402","1537284","262393","7.11",,
"2022-10-14","TFC","Truist Financial Corporation","NYSE","13883173","19346324","6472759","2.14",,
"2022-10-14","TGT","Target Corporation","NYSE","9386966","9385418","2863335","3.28",,
"2022-10-14","TJX","TJX Companies, Inc. (The)","NYSE","9575231","11356393","4777714","2.00",,
"2022-10-14","TMO","Thermo Fisher Scientific, Inc.","NYSE","3017024","2881467","1349318","2.24",,
"2022-10-14","TMUS","T-Mobile US, Inc. Common Stock","NNM","15946879","16321830","5165416","3.09",,
"2022-10-14","TRV","The Travelers Companies, Inc.","NYSE","4160258","4613144","1147589","3.63",,
"2022-10-14","TSLA","Tesla, Inc. Common Stock","NNM","69086836","62622333","84455676","1.00",,
"2022-10-14","TXN","Texas Instruments Incorporated","NNM","18167692","17258665","6740729","2.70",,
"2022-10-14","UBER","Uber Technologies, Inc.","NYSE","61299340","60122760","30417189","2.02",,
"2022-10-14","UNH","UNITEDHEALTH GROUP INCORPORATE","NYSE","4332873","5187520","3068241","1.41",,
"2022-10-14","UNP","Union Pacific Corp.","NYSE","5899487","5272516","2845362","2.07",,
"2022-10-14","UPS","United Parcel Service, Inc. Cl","NYSE","10504520","9693844","2763426","3.80",,
"2022-10-14","URI","United Rentals, Inc.","NYSE","3117979","2980616","663212","4.70",,
"2022-10-14","USB","U.S. Bancorp","NYSE","11671477","9529374","10858815","1.07",,
"2022-10-14","V","VISA Inc.","NYSE","41439394","44553702","6361741","6.51",,
"2022-10-14","VLO","Valero Energy Corporation","NYSE","9830462","10512362","3877405","2.54",,
"2022-10-14","VRT","Vertiv Holdings Co Class A Com","NYSE","12120989","12020841","5102603","2.38",,
"2022-10-14","VRTX","Vertex Pharmaceuticals Incorpo","NNM","2930964","3106979","1224116","2.39",,
"2022-10-14","VZ","Verizon Communications","NYSE","35272938","36851731","26552991","1.33",,
"2022-10-14","WBD","Warner Bros. Discovery, Inc. S","NNM","82556858","72311252","20220918","4.08",,
"2022-10-14","WDC","Western Digital Corporation Co","NNM","9594337","8064718","6566278","1.46",,
"2022-10-14","WELL","Welltower Inc.","NYSE","13729399","14489604","2987868","4.60",,
"2022-10-14","WFC","Wells Fargo & Co.","NYSE","29453781","29525075","18848938","1.56",,
"2022-10-14","WM","Waste Management, Inc.","NYSE","4082796","4509710","1706672","2.39",,
"2022-10-14","WMB","Williams Companies Inc.","NYSE","19111879","20325703","6932875","2.76",,
"2022-10-14","WMT","Walmart Inc.","NYSE","11766385","14612688","5545575","2.12",,
"2022-10-14","XOM","Exxon Mobil Corporation","NYSE","41541776","35247424","21897986","1.90",,
"2022-06-15","AAPL","Apple Inc. Common Stock","NNM","120066688","113283277","81613977","1.47",,
"2022-06-15","ABBV","ABBVIE INC.","NYSE","13524712","12754153","5379816","2.51",,
"2022-06-15","ABNB","Airbnb, Inc. Class A Common St","NNM","15152968","13353519","5607579","2.70",,
"2022-06-15","ABT","Abbott Laboratories","NYSE","14018238","13667032","4392286","3.19",,
"2022-06-15","ADBE","Adobe Inc. Common Stock","NNM","6224616","5869875","2950336","2.11",,
"2022-06-15","ADI","Analog Devices, Inc. Common St","NNM","7946265","7512540","3089790","2.57",,
"2022-06-15","ADP","Automatic Data Processing, Inc","NNM","3699970","3607701","1449259","2.55",,
"2022-06-15","AEP","American Electric Power Compan","NNM","7859085","7860177","2533783","3.10",,
"2022-06-15","AFL","Aflac Inc.","NYSE","9629225","10851025","2252859","4.27",,
"2022-06-15","AJG","Arthur J. Gallagher & Co.","NYSE","1457633","1637698","771159","1.89",,
"2022-06-15","ALL","The Allstate Corporation","NYSE","3314571","3954211","1428061","2.32",,
"2022-06-15","AMAT","Applied Materials, Inc. Common","NNM","11132732","11954111","6646415","1.67",,
"2022-06-15","AMD","Advanced Micro Devices, Inc. C","NNM","41235227","40384382","98143249","1.00",,
"2022-06-15","AMGN","Amgen Inc. Common Stock","NNM","18513225","20295060","2918616","6.34",,
"2022-06-15","AMT","American Tower Corporation","NYSE","4652729","4405771","2780804","1.67",,
"2022-06-15","AMZN","Amazon.com, Inc. Common Stock","NNM","112243921","4966064","92543250","1.21","S",
"2022-06-15","ANET","Arista Networks","NYSE","3950853","3569552","1843271","2.14",,
"2022-06-15","AON","Aon plc Class A","NYSE","1977160","2406871","823876","2.40",,
"2022-06-15","APD","Air Products & Chemicals, Inc.","NYSE","2717487","2109266","1253753","2.17",,
"2022-06-15","APH","Amphenol Corporation","NYSE","5251808","5544976","2066042","2.54",,
"2022-06-15","APO","Apollo Global Management, Inc.","NYSE","21612360","22192679","3248507","6.65",,
"2022-06-15","APP","Applovin Corporation Class A C","NNM","11362314","10453637","2924807","3.88",,
"2022-06-15","AVGO","Broadcom Inc. Common Stock","NNM","5546335","5063027","2171930","2.55",,
"2022-06-15","AXP","American Express Company","NYSE","9064024","9768316","2484093","3.65",,
"2022-06-15","BA","Boeing Company","NYSE","9877748","10721784","11327909","1.00",,
"2022-06-15","BAC","Bank of America Corporation","NYSE","76822231","66899497","41806238","1.84",,
"2022-06-15","BKNG","Booking Holdings Inc. Common S","NNM","824642","791883","380481","2.17",,
"2022-06-15","BLK","Blackrock, Inc.","NYSE","2154605","2229108","846800","2.54",,
"2022-06-15","BMY","Bristol-Myers Squibb Co.","NYSE","34455561","33041615","12287961","2.80",,
"2022-06-15","BNY","BlackRock New York Municipal I","NYSE","14124","23598","56654","1.00",,
"2022-06-15","BRKA","Berkshire Hathaway Inc.","NYSE","291","249","2221","1.00",,
"2022-06-15","BRKB","BERKSHIRE HATHAWAY Class B","NYSE","8839206","9282930","4165117","2.12",,
"2022-06-15","BSX","Boston Scientific Corp.","NYSE","19016862","15183919","8607730","2.21",,
"2022-06-15","BX","Blackstone Inc.","NYSE","15339740","15718627","5025945","3.05",,
"2022-06-15","C","Citigroup Inc.","NYSE","47476114","45760251","21261484","2.23",,
"2022-06-15","CAT","Caterpillar Inc.","NYSE","5679978","5741531","2524681","2.25",,
"2022-06-15","CDNS","Cadence Design Systems, Inc. C","NNM","3178427","3345696","1232626","2.58",,
"2022-06-15","CEG","Constellation Energy Corporati","NNM","5329349","4950391","2162285","2.46",,
"2022-06-15","CI","CIGNA Corporation","NYSE","3593410","2544468","1804443","1.99",,
"2022-06-15","CL","Colgate-Palmolive Company","NYSE","12629202","14845185","4386805","2.88",,
"2022-06-15","CMCSA","Comcast Corporation Class A Co","NNM","75154492","76449975","21399489","3.51",,
"2022-06-15","CME","CME Group Inc. Class A Common","NNM","3269305","2901714","1618660","2.02",,
"2022-06-15","CMI","Cummins Inc.","NYSE","2035011","1852439","746972","2.72",,
"2022-06-15","COF","Capital One Financial","NYSE","7493260","6954719","2574684","2.91",,
"2022-06-15","COP","ConocoPhillips","NYSE","17254092","17176881","7067610","2.44",,
"2022-06-15","COST","Costco Wholesale Corporation C","NNM","4139588","4124857","2688242","1.54",,
"2022-06-15","CRM","Salesforce, Inc.","NYSE","14086861","13144617","11568038","1.22",,
"2022-06-15","CRWD","CrowdStrike Holdings, Inc. Cla","NNM","12368542","11870960","5247000","2.36",,
"2022-06-15","CSCO","Cisco Systems, Inc. Common Sto","NNM","41997212","42609606","19512276","2.15",,
"2022-06-15","CSX","CSX Corporation Common Stock","NNM","26079680","22876805","14303502","1.82",,
"2022-06-15","CTAS","Cintas Corporation Common Stoc","NNM","1171681","1094839","512953","2.28",,
"2022-06-15","CVNA","Carvana Co.","NYSE","29988511","27922437","10958779","2.74",,
"2022-06-15","CVS","CVS HEALTH CORPORATION","NYSE","15026320","14641100","4347379","3.46",,
"2022-06-15","CVX","Chevron Corporation","NYSE","19218980","23393775","9597066","2.00",,
"2022-06-15","D","Dominion Energy, Inc Common St","NYSE","5752447","9884391","3204379","1.80",,
"2022-06-15","DASH","DoorDash, Inc.","NYSE","15477911","15493894","6129988","2.52",,
"2022-06-15","DDOG","Datadog, Inc. Class A Common S","NNM","12538476","11518384","6357839","1.97",,
"2022-06-15","DE","Deere & Company","NYSE","2642135","2467483","1396768","1.89",,
"2022-06-15","DELL","Dell Technologies Inc.","NYSE","8499683","8858246","2992188","2.84",,
"2022-06-15","DHR","Danaher Corporation","NYSE","3989790","4469437","2061914","1.93",,
"2022-06-15","DIS","The Walt Disney Company","NYSE","23269564","21626696","10217615","2.28",,
"2022-06-15","DLR","Digital Realty Trust, Inc.","NYSE","9142930","9191255","1638915","5.58",,
"2022-06-15","DUK","Duke Energy Corporation","NYSE","6693261","6614158","2603107","2.57",,
"2022-06-15","ECL","Ecolab, Inc.","NYSE","2014892","2102583","1125313","1.79",,
"2022-06-15","EMR","Emerson Electric Co.","NYSE","5486480","5242165","2436785","2.25",,
"2022-06-15","EOG","EOG Resources, Inc.","NYSE","9877033","7145963","3802656","2.60",,
"2022-06-15","EPD","Enterprise Products Partners L","NYSE","21366282","21503212","5769069","3.70",,
"2022-06-15","EQIX","Equinix, Inc. Common Stock REI","NNM","1245763","992618","506963","2.46",,
"2022-06-15","FCX","Freeport-McMoran Inc.","NYSE","25867661","22446810","16938163","1.53",,
"2022-06-15","FDX","FedEx Corporation","NYSE","4176412","4142412","3034936","1.38",,
"2022-06-15","FTNT","Fortinet, Inc. Common Stock","NNM","2378748","2734409","1017173","2.34",,
"2022-06-15","GD","General Dynamics Corporation","NYSE","3655886","3747283","1178363","3.10",,
"2022-06-15","GE","General Electric Company","NYSE","15486887","14630926","6062131","2.55",,
"2022-06-15","GILD","Gilead Sciences, Inc. Common S","NNM","15646550","14682763","7298496","2.14",,
"2022-06-15","GLW","Corning Incorporated","NYSE","15623023","15399432","4315600","3.62",,
"2022-06-15","GM","General Motors Company","NYSE","32106440","31635559","14159549","2.27",,
"2022-06-15","GOOG","Alphabet Inc. Class C Capital","NNM","1876210","2150420","1370679","1.37",,
"2022-06-15","GOOGL","Alphabet Inc. Class A Common S","NNM","2828853","2824417","1713872","1.65",,
"2022-06-15","GS","Goldman Sachs Group Inc.","NYSE","4508016","4112654","2434646","1.85",,
"2022-06-15","GWW","W.W. Grainger, Inc.","NYSE","1095964","1009373","255373","4.29",,
"2022-06-15","HCA","HCA Healthcare, Inc.","NYSE","5057276","5341980","1917622","2.64",,
"2022-06-15","HD","Home Depot, Inc.","NYSE","9482897","8543576","3706783","2.56",,
"2022-06-15","HLT","Hilton Worldwide Holdings Inc.","NYSE","5798523","5944057","1892702","3.06",,
"2022-06-15","HON","Honeywell International Inc. C","NNM","6157286","5668223","2558444","2.41",,
"2022-06-15","HOOD","Robinhood Markets, Inc. Class","NNM","56567496","54636073","23117485","2.45",,
"2022-06-15","HPE","Hewlett Packard Enterprise Com","NYSE","30415568","30965875","11218644","2.71",,
"2022-06-15","HWM","Howmet Aerospace Inc.","NYSE","7058500","7319123","2541482","2.78",,
"2022-06-15","IBKR","Interactive Brokers Group, Inc","NNM","2960442","2936171","784999","3.77",,
"2022-06-15","IBM","International Business Machine","NYSE","21306204","19584317","4227119","5.04",,
"2022-06-15","ICE","Intercontinental Exchange  Inc","NYSE","4954286","4791460","2870921","1.73",,
"2022-06-15","INTC","Intel Corporation Common Stock","NNM","79043921","67019185","36806070","2.15",,
"2022-06-15","INTU","Intuit Inc. Common Stock","NNM","2514843","3055796","1511821","1.66",,
"2022-06-15","ISRG","Intuitive Surgical, Inc. Commo","NNM","3574627","3231957","2003050","1.78",,
"2022-06-15","ITW","Illinois Tool Works Inc.","NYSE","6514114","6756918","878792","7.41",,
"2022-06-15","JNJ","Johnson & Johnson","NYSE","15394152","17436781","6210179","2.48",,
"2022-06-15","JPM","JPMorgan Chase & Co.","NYSE","18917969","22302332","11360985","1.67",,
"2022-06-15","KKR","KKR & Co. Inc.","NYSE","8125493","9441474","2468518","3.29",,
"2022-06-15","KLAC","KLA Corporation Common Stock","NNM","2266919","1970016","1049487","2.16",,
"2022-06-15","KMI","Kinder Morgan, Inc.","NYSE","29391577","33622122","13316756","2.21",,
"2022-06-15","KO","Coca-Cola Company","NYSE","30535339","33750189","16589001","1.84",,
"2022-06-15","LIN","Linde plc Ordinary Share","NYSE","2491071","2283516","1904937","1.31",,
"2022-06-15","LLY","Eli Lilly & Co.","NYSE","4286692","5118737","2793202","1.53",,
"2022-06-15","LMT","Lockheed Martin Corp.","NYSE","2408713","2952034","1153546","2.09",,
"2022-06-15","LOW","Lowe's Companies Inc.","NYSE","12332432","11402966","3298079","3.74",,
"2022-06-15","LRCX","Lam Research Corporation Commo","NNM","2862055","1775468","1131160","2.53",,
"2022-06-15","MA","Mastercard Incorporated","NYSE","4944842","5207396","2576391","1.92",,
"2022-06-15","MAR","Marriott International Class A","NNM","6934703","6070338","2005018","3.46",,
"2022-06-15","MCD","McDonald's Corporation","NYSE","6909804","6417719","2612426","2.64",,
"2022-06-15","MCK","McKesson Corporation","NYSE","2482248","3191106","954742","2.60",,
"2022-06-15","MCO","Moody's Corporation","NYSE","3659910","3276601","1004514","3.64",,
"2022-06-15","MDLZ","Mondelez International, Inc. C","NNM","16237242","16339788","6912701","2.35",,
"2022-06-15","MDT","Medtronic plc","NYSE","10206686","9329601","6673279","1.53",,
"2022-06-15","META","Meta Platforms, Inc. Class A C","NNM","31442644","28036679","27170855","1.16",,
"2022-06-15","MMM","3M Company","NYSE","9123534","9903490","2672382","3.41",,
"2022-06-15","MNST","Monster Beverage Corporation","NNM","5252812","5095620","2836538","1.85",,
"2022-06-15","MO","Altria Group, Inc.","NYSE","17528637","20559425","14087082","1.24",,
"2022-06-15","MPC","MARATHON PETROLEUM CORPORATION","NYSE","16652465","16635943","7475162","2.23",,
"2022-06-15","MPWR","Monolithic Power Systems, Inc.","NNM","874773","923106","391574","2.23",,
"2022-06-15","MRK","Merck & Co., Inc.","NYSE","19947796","23346249","9845496","2.03",,
"2022-06-15","MRVL","Marvell Technology, Inc. Commo","NNM","15961667","16695137","9344701","1.71",,
"2022-06-15","MS","Morgan Stanley","NYSE","17981736","21488473","7123980","2.52",,
"2022-06-15","MSFT","Microsoft Corporation Common S","NNM","48150433","46001375","29612485","1.63",,
"2022-06-15","MSI","Motorola Solutions, Inc. New","NYSE","1503619","1269018","658302","2.28",,
"2022-06-15","MU","Micron Technology, Inc. Common","NNM","29766726","28639134","18338613","1.62",,
"2022-06-15","NEE","Nextra Energy, Inc.","NYSE","20226376","27686171","9507530","2.13",,
"2022-06-15","NEM","Newmont Corporation","NYSE","11815356","10683952","5104767","2.31",,
"2022-06-15","NET","Cloudflare, Inc. Class A commo","NYSE","16486133","15303124","5754595","2.86",,
"2022-06-15","NFLX","Netflix, Inc. Common Stock","NNM","11830774","13715573","8772462","1.35",,
"2022-06-15","NKE","Nike, Inc.","NYSE","12853572","9846703","5115748","2.51",,
"2022-06-15","NOC","Northrop Grumman Corp.","NYSE","1918397","2068744","894064","2.15",,
"2022-06-15","NOW","SERVICENOW, INC.","NYSE","4312135","4338389","1352818","3.19",,
"2022-06-15","NSC","Norfolk Southern Corp.","NYSE","3672783","3324042","1062377","3.46",,
"2022-06-15","NVDA","NVIDIA Corporation Common Stoc","NNM","31732722","33604244","49626398","1.00",,
"2022-06-15","O","Realty Income Corporation","NYSE","16958474","19809817","3968215","4.27",,
"2022-06-15","ORCL","Oracle Corp","NYSE","13059096","12459279","10131148","1.29",,
"2022-06-15","ORLY","O'Reilly Automotive, Inc. Comm","NNM","1006608","1042075","476603","2.11",,
"2022-06-15","PANW","Palo Alto Networks, Inc. Commo","NNM","7453299","7660242","1097169","6.79",,
"2022-06-15","PCAR","PACCAR Inc. Common Stock","NNM","3789609","3656702","2086335","1.82",,
"2022-06-15","PEP","PepsiCo, Inc. Common Stock","NNM","11941656","9967853","4705460","2.54",,
"2022-06-15","PFE","Pfizer Inc.","NYSE","76975864","77201464","19938353","3.86",,
"2022-06-15","PG","Procter & Gamble Company","NYSE","17561811","16094432","6749331","2.60",,
"2022-06-15","PGR","Progressive Corporation","NYSE","7187100","7546501","2368067","3.04",,
"2022-06-15","PH","Parker-Hannifin Corporation","NYSE","1358948","1253330","600785","2.26",,
"2022-06-15","PLD","PROLOGIS, INC.","NYSE","12511725","13103626","5364341","2.33",,
"2022-06-15","PLTR","Palantir Technologies Inc. Cla","NYSE","104001805","107052985","34125549","3.05",,
"2022-06-15","PM","Philip Morris International In","NYSE","7829940","9340824","5323412","1.47",,
"2022-06-15","PNC","PNC Financial Services Group","NYSE","5537299","5696169","1675617","3.30",,
"2022-06-15","PSX","PHILLIPS 66","NYSE","10015374","10343082","3604810","2.78",,
"2022-06-15","PWR","Quanta Services, Inc.","NYSE","6151222","5280850","1568226","3.92",,
"2022-06-15","QCOM","QUALCOMM Incorporated Common S","NNM","19182063","15225855","8009119","2.40",,
"2022-06-15","RCL","Royal Caribbean Group","NYSE","15174650","13398045","5547334","2.74",,
"2022-06-15","REGN","Regeneron Pharmaceuticals, Inc","NNM","2576909","2094280","801599","3.21",,
"2022-06-15","ROST","Ross Stores, Inc. Common Stock","NNM","7481511","6774335","3309882","2.26",,
"2022-06-15","RSG","Republic Services Inc.","NYSE","1535551","1730046","1128522","1.36",,
"2022-06-15","RTX","Raytheon Technologies Corporat","NYSE","12914708","11082322","4513377","2.86",,
"2022-06-15","SBUX","Starbucks Corporation Common S","NNM","15103750","18594855","8405802","1.80",,
"2022-06-15","SCCO","Southern Copper Corporation","NYSE","4962623","4631375","1051215","4.72",,
"2022-06-15","SCHW","The Charles Schwab Corporation","NYSE","17049187","18182767","8993935","1.90",,
"2022-06-15","SHW","The Sherwin-Williams Company","NYSE","3098114","3115462","1490809","2.08",,
"2022-06-15","SNOW","Snowflake Inc.","NYSE","13933016","11039597","7667273","1.82",,
"2022-06-15","SNPS","Synopsys, Inc. Common Stock","NNM","1805508","1821594","765683","2.36",,
"2022-06-15","SO","The Southern Company","NYSE","12747763","13355100","4776526","2.67",,
"2022-06-15","SPCX","The SPAC and New Issue ETF","NNM","159593","171886","12579","12.69",,
"2022-06-15","SPG","Simon Property Group, Inc.","NYSE","7106589","7497023","2302712","3.09",,
"2022-06-15","SPGI","S&P Global Inc.","NYSE","9350581","10716989","2816367","3.32",,
"2022-06-15","SYK","Stryker Corporation","NYSE","4237813","3493050","1149835","3.69",,
"2022-06-15","T","AT&T Inc.","NYSE","80705921","85637054","32258724","2.50",,
"2022-06-15","TDG","TransDigm Group Incorporated","NYSE","1121763","1154501","289282","3.88",,
"2022-06-15","TFC","Truist Financial Corporation","NYSE","13183820","11723679","6890785","1.91",,
"2022-06-15","TGT","Target Corporation","NYSE","8985412","10657344","7724662","1.16",,
"2022-06-15","TJX","TJX Companies, Inc. (The)","NYSE","12530054","12900306","5110887","2.45",,
"2022-06-15","TMO","Thermo Fisher Scientific, Inc.","NYSE","2599907","3038332","1068927","2.43",,
"2022-06-15","TMUS","T-Mobile US, Inc. Common Stock","NNM","16453783","16112606","4001139","4.11",,
"2022-06-15","TRV","The Travelers Companies, Inc.","NYSE","3007035","3298039","1084731","2.77",,
"2022-06-15","TSLA","Tesla, Inc. Common Stock","NNM","26882235","27541699","31116752","1.00",,
"2022-06-15","TXN","Texas Instruments Incorporated","NNM","15782253","13690547","5494397","2.87",,
"2022-06-15","UBER","Uber Technologies, Inc.","NYSE","70523397","74258231","32193581","2.19",,
"2022-06-15","UNH","UNITEDHEALTH GROUP INCORPORATE","NYSE","5760909","5714864","2626088","2.19",,
"2022-06-15","UNP","Union Pacific Corp.","NYSE","6307264","6504728","2579898","2.44",,
"2022-06-15","UPS","United Parcel Service, Inc. Cl","NYSE","11847001","11445647","3309570","3.58",,
"2022-06-15","URI","United Rentals, Inc.","NYSE","2741060","2491575","643458","4.26",,
"2022-06-15","USB","U.S. Bancorp","NYSE","10993389","12033432","8107026","1.36",,
"2022-06-15","V","VISA Inc.","NYSE","32636801","32796679","5217752","6.25",,
"2022-06-15","VLO","Valero Energy Corporation","NYSE","9444588","8004398","5312855","1.78",,
"2022-06-15","VRT","Vertiv Holdings Co Class A Com","NYSE","7964230","9672199","7234169","1.10",,
"2022-06-15","VRTX","Vertex Pharmaceuticals Incorpo","NNM","3415234","3837632","1305217","2.62",,
"2022-06-15","VZ","Verizon Communications","NYSE","35311355","36612084","16294003","2.17",,
"2022-06-15","WBD","Warner Bros. Discovery, Inc. S","NNM","54972309","42998691","20352333","2.70",,
"2022-06-15","WDC","Western Digital Corporation Co","NNM","7095886","6451021","3677687","1.93",,
"2022-06-15","WELL","Welltower Inc.","NYSE","11888937","8905080","2198708","5.41",,
"2022-06-15","WFC","Wells Fargo & Co.","NYSE","34509669","39171749","20786478","1.66",,
"2022-06-15","WM","Waste Management, Inc.","NYSE","3565603","3742122","1250844","2.85",,
"2022-06-15","WMB","Williams Companies Inc.","NYSE","19079906","20179521","8133798","2.35",,
"2022-06-15","WMT","Walmart Inc.","NYSE","13112713","12443416","8412938","1.56",,
"2022-06-15","XOM","Exxon Mobil Corporation","NYSE","43423918","50714717","27995146","1.55",,
"2022-03-15","AAPL","Apple Inc. Common Stock","NNM","111286790","110322490","95077016","1.17",,
"2022-03-15","ABBV","ABBVIE INC.","NYSE","14892047","15993856","6790784","2.19",,
"2022-03-15","ABNB","Airbnb, Inc. Class A Common St","NNM","11970044","12606502","6334896","1.89",,
"2022-03-15","ABT","Abbott Laboratories","NYSE","13329695","10383261","5958374","2.24",,
"2022-03-15","ADBE","Adobe Inc. Common Stock","NNM","7534425","7543434","3275716","2.30",,
"2022-03-15","ADI","Analog Devices, Inc. Common St","NNM","7147730","7872500","3652977","1.96",,
"2022-03-15","ADP","Automatic Data Processing, Inc","NNM","4530919","5369818","1971137","2.30",,
"2022-03-15","AEP","American Electric Power Compan","NNM","8870624","8200090","3501174","2.53",,
"2022-03-15","AFL","Aflac Inc.","NYSE","11435865","14405784","2851296","4.01",,
"2022-03-15","AJG","Arthur J. Gallagher & Co.","NYSE","1689932","1519920","1054381","1.60",,
"2022-03-15","ALL","The Allstate Corporation","NYSE","3425945","3129238","2045896","1.67",,
"2022-03-15","AMAT","Applied Materials, Inc. Common","NNM","10001598","10763167","7370001","1.36",,
"2022-03-15","AMD","Advanced Micro Devices, Inc. C","NNM","27776129","46205560","108338758","1.00",,
"2022-03-15","AMGN","Amgen Inc. Common Stock","NNM","24467803","26615575","3381425","7.24",,
"2022-03-15","AMT","American Tower Corporation","NYSE","3691923","3939668","1911786","1.93",,
"2022-03-15","AMZN","Amazon.com, Inc. Common Stock","NNM","4229483","4292349","3758829","1.13",,
"2022-03-15","ANET","Arista Networks","NYSE","2967450","2819507","1801020","1.65",,
"2022-03-15","AON","Aon plc Class A","NYSE","3818047","3427013","1597565","2.39",,
"2022-03-15","APD","Air Products & Chemicals, Inc.","NYSE","2549038","2742523","1917786","1.33",,
"2022-03-15","APH","Amphenol Corporation","NYSE","4497002","5212643","2935399","1.53",,
"2022-03-15","APO","Apollo Global Management, Inc.","NYSE","10606418","7931850","4600468","2.31",,
"2022-03-15","APP","Applovin Corporation Class A C","NNM","8652207","9311047","2010493","4.30",,
"2022-03-15","AVGO","Broadcom Inc. Common Stock","NNM","4900600","5389985","2582806","1.90",,
"2022-03-15","AXP","American Express Company","NYSE","8900038","11248919","5109260","1.74",,
"2022-03-15","BA","Boeing Company","NYSE","8928303","7008545","10485919","1.00",,
"2022-03-15","BAC","Bank of America Corporation","NYSE","60705239","58576973","65729900","1.00",,
"2022-03-15","BKNG","Booking Holdings Inc. Common S","NNM","650617","806397","682204","1.00",,
"2022-03-15","BLK","Blackrock, Inc.","NYSE","1668827","1506413","1059564","1.58",,
"2022-03-15","BMY","Bristol-Myers Squibb Co.","NYSE","53732263","63195252","14717613","3.65",,
"2022-03-15","BNY","BlackRock New York Municipal I","NYSE","37804","13912","103816","1.00",,
"2022-03-15","BRKA","Berkshire Hathaway Inc.","NYSE","254","265","2026","1.00",,
"2022-03-15","BRKB","BERKSHIRE HATHAWAY Class B","NYSE","10347136","9522244","5637705","1.84",,
"2022-03-15","BSX","Boston Scientific Corp.","NYSE","13823149","17603017","8782510","1.57",,
"2022-03-15","BX","Blackstone Inc.","NYSE","9365117","13111142","4737449","1.98",,
"2022-03-15","C","Citigroup Inc.","NYSE","44945411","43914205","40409369","1.11",,
"2022-03-15","CAT","Caterpillar Inc.","NYSE","4913171","5345605","5234642","1.00",,
"2022-03-15","CDNS","Cadence Design Systems, Inc. C","NNM","3014010","3160254","2067298","1.46",,
"2022-03-15","CEG","Constellation Energy Corporati","NNM","4870857","4084377","2940974","1.66",,
"2022-03-15","CI","CIGNA Corporation","NYSE","4218769","3367649","1642673","2.57",,
"2022-03-15","CL","Colgate-Palmolive Company","NYSE","9951791","9366619","4646723","2.14",,
"2022-03-15","CMCSA","Comcast Corporation Class A Co","NNM","69792598","71698451","22260261","3.14",,
"2022-03-15","CME","CME Group Inc. Class A Common","NNM","3971528","4159624","1692797","2.35",,
"2022-03-15","CMI","Cummins Inc.","NYSE","2433121","2127370","1595690","1.52",,
"2022-03-15","COF","Capital One Financial","NYSE","5587116","4762177","3550885","1.57",,
"2022-03-15","COP","ConocoPhillips","NYSE","14337304","11761004","11866091","1.21",,
"2022-03-15","COST","Costco Wholesale Corporation C","NNM","4087250","4419249","2843634","1.44",,
"2022-03-15","CRM","salesforce.com, inc.","NYSE","14799584","14612183","7866397","1.88",,
"2022-03-15","CRWD","CrowdStrike Holdings, Inc. Cla","NNM","13361040","13372447","7701631","1.73",,
"2022-03-15","CSCO","Cisco Systems, Inc. Common Sto","NNM","41983356","51491431","19018691","2.21",,
"2022-03-15","CSX","CSX Corporation Common Stock","NNM","23172261","23656827","22006417","1.05",,
"2022-03-15","CTAS","Cintas Corporation Common Stoc","NNM","1103528","1208322","450863","2.45",,
"2022-03-15","CVNA","Carvana Co.","NYSE","17320915","13887609","4941596","3.51",,
"2022-03-15","CVS","CVS HEALTH CORPORATION","NYSE","12627185","10200224","5537868","2.28",,
"2022-03-15","CVX","Chevron Corporation","NYSE","32017819","21299138","33322655","1.00",,
"2022-03-15","D","Dominion Energy, Inc Common St","NYSE","8506694","8583509","3293120","2.58",,
"2022-03-15","DASH","DoorDash, Inc.","NYSE","17633308","17091285","5672558","3.11",,
"2022-03-15","DDOG","Datadog, Inc. Class A Common S","NNM","12810370","13718517","4844822","2.64",,
"2022-03-15","DE","Deere & Company","NYSE","2676590","2031738","2736690","1.00",,
"2022-03-15","DELL","Dell Technologies Inc.","NYSE","6940620","5819853","4149371","1.67",,
"2022-03-15","DHR","Danaher Corporation","NYSE","4091106","5525019","2352093","1.74",,
"2022-03-15","DIS","The Walt Disney Company","NYSE","17360326","21577702","10805049","1.61",,
"2022-03-15","DLR","Digital Realty Trust, Inc.","NYSE","8321536","8078980","1426927","5.83",,
"2022-03-15","DUK","Duke Energy Corporation","NYSE","7389832","6734651","2733253","2.70",,
"2022-03-15","ECL","Ecolab, Inc.","NYSE","2890152","2760109","1689075","1.71",,
"2022-03-15","EMR","Emerson Electric Co.","NYSE","6672238","4472762","3561000","1.87",,
"2022-03-15","EOG","EOG Resources, Inc.","NYSE","7785917","5259827","5408198","1.44",,
"2022-03-15","EPD","Enterprise Products Partners L","NYSE","23925081","23520798","8561662","2.79",,
"2022-03-15","EQIX","Equinix, Inc. Common Stock REI","NNM","1174552","1214858","452796","2.59",,
"2022-03-15","FCX","Freeport-McMoran Inc.","NYSE","29271687","22668199","21799992","1.34",,
"2022-03-15","FDX","FedEx Corporation","NYSE","2831994","3200827","2526413","1.12",,
"2022-03-15","FTNT","Fortinet, Inc. Common Stock","NNM","2358039","2255579","1626323","1.45",,
"2022-03-15","GD","General Dynamics Corporation","NYSE","2374731","2325859","2359100","1.01",,
"2022-03-15","GE","General Electric Company","NYSE","10913766","10879188","6456433","1.69",,
"2022-03-15","GILD","Gilead Sciences, Inc. Common S","NNM","14844474","18626819","12954254","1.15",,
"2022-03-15","GLW","Corning Incorporated","NYSE","10771804","11099593","4707005","2.29",,
"2022-03-15","GM","General Motors Company","NYSE","29202213","28103695","20365330","1.43",,
"2022-03-15","GOOG","Alphabet Inc. Class C Capital","NNM","1632500","1771392","1405846","1.16",,
"2022-03-15","GOOGL","Alphabet Inc. Class A Common S","NNM","2031573","2092312","1607694","1.26",,
"2022-03-15","GS","Goldman Sachs Group Inc.","NYSE","4902484","4923453","3146128","1.56",,
"2022-03-15","GWW","W.W. Grainger, Inc.","NYSE","930886","930711","304968","3.05",,
"2022-03-15","HCA","HCA Healthcare, Inc.","NYSE","3123848","3108858","1557404","2.01",,
"2022-03-15","HD","Home Depot, Inc.","NYSE","7522997","9527618","4293706","1.75",,
"2022-03-15","HLT","Hilton Worldwide Holdings Inc.","NYSE","6603288","7188914","2999563","2.20",,
"2022-03-15","HON","Honeywell International Inc. C","NNM","5321500","5866256","3983237","1.34",,
"2022-03-15","HOOD","Robinhood Markets, Inc. Class","NNM","59273788","51378204","17082804","3.47",,
"2022-03-15","HPE","Hewlett Packard Enterprise Com","NYSE","36808970","41384571","12980268","2.84",,
"2022-03-15","HWM","Howmet Aerospace Inc.","NYSE","6012198","6717732","3501903","1.72",,
"2022-03-15","IBKR","Interactive Brokers Group, Inc","NNM","1999762","2469991","1004143","1.99",,
"2022-03-15","IBM","International Business Machine","NYSE","23115012","25605702","4588171","5.04",,
"2022-03-15","ICE","Intercontinental Exchange  Inc","NYSE","3523811","3743448","3486628","1.01",,
"2022-03-15","INTC","Intel Corporation Common Stock","NNM","55882630","59279057","39330636","1.42",,
"2022-03-15","INTU","Intuit Inc. Common Stock","NNM","2055189","2164901","2050279","1.00",,
"2022-03-15","ISRG","Intuitive Surgical, Inc. Commo","NNM","3418795","4227183","2235117","1.53",,
"2022-03-15","ITW","Illinois Tool Works Inc.","NYSE","5327940","4540937","1130473","4.71",,
"2022-03-15","JNJ","Johnson & Johnson","NYSE","15556351","15021958","8074858","1.93",,
"2022-03-15","JPM","JPMorgan Chase & Co.","NYSE","14975156","15246882","20432829","1.00",,
"2022-03-15","KKR","KKR & Co. Inc.","NYSE","6045067","5920186","4186901","1.44",,
"2022-03-15","KLAC","KLA Corporation Common Stock","NNM","1481003","1653665","1409186","1.05",,
"2022-03-15","KMI","Kinder Morgan, Inc.","NYSE","32531871","30724548","21154120","1.54",,
"2022-03-15","KO","Coca-Cola Company","NYSE","25129766","25499271","21016671","1.20",,
"2022-03-15","LIN","Linde plc Ordinary Share","NYSE","2512051","3078142","3164126","1.00",,
"2022-03-15","LLY","Eli Lilly & Co.","NYSE","6593440","6504166","3079782","2.14",,
"2022-03-15","LMT","Lockheed Martin Corp.","NYSE","5146453","3320834","3765755","1.37",,
"2022-03-15","LOW","Lowe's Companies Inc.","NYSE","8669161","8517076","3538879","2.45",,
"2022-03-15","LRCX","Lam Research Corporation Commo","NNM","1771386","2034437","1447052","1.22",,
"2022-03-15","MA","Mastercard Incorporated","NYSE","5310807","5639229","4554430","1.17",,
"2022-03-15","MAR","Marriott International Class A","NNM","6104974","4945698","2855545","2.14",,
"2022-03-15","MCD","McDonald's Corporation","NYSE","6025551","5362944","4972354","1.21",,
"2022-03-15","MCK","McKesson Corporation","NYSE","5568804","5026017","1302852","4.27",,
"2022-03-15","MCO","Moody's Corporation","NYSE","3166944","2976180","1144413","2.77",,
"2022-03-15","MDLZ","Mondelez International, Inc. C","NNM","14228149","13286470","9543437","1.49",,
"2022-03-15","MDT","Medtronic plc","NYSE","7383753","10360628","5965551","1.24",,
"2022-03-15","MMM","3M Company","NYSE","10528819","11574476","3797772","2.77",,
"2022-03-15","MNST","Monster Beverage Corporation","NNM","3611854","4830395","3069898","1.18",,
"2022-03-15","MO","Altria Group, Inc.","NYSE","18788004","19538476","10343348","1.82",,
"2022-03-15","MPC","MARATHON PETROLEUM CORPORATION","NYSE","17320639","16114487","7869312","2.20",,
"2022-03-15","MPWR","Monolithic Power Systems, Inc.","NNM","889602","821874","484965","1.83",,
"2022-03-15","MRK","Merck & Co., Inc.","NYSE","16588178","19457117","10339735","1.60",,
"2022-03-15","MRVL","Marvell Technology, Inc. Commo","NNM","16232141","16542282","13581772","1.20",,
"2022-03-15","MS","Morgan Stanley","NYSE","15394875","19830864","12245232","1.26",,
"2022-03-15","MSFT","Microsoft Corporation Common S","NNM","36442967","41488998","33782479","1.08",,
"2022-03-15","MSI","Motorola Solutions, Inc. New","NYSE","2052824","1742118","992696","2.07",,
"2022-03-15","MU","Micron Technology, Inc. Common","NNM","23069786","23229207","24185719","1.00",,
"2022-03-15","NEE","Nextra Energy, Inc.","NYSE","19357027","22170416","10986683","1.76",,
"2022-03-15","NEM","Newmont Corporation","NYSE","13100425","10667764","11127395","1.18",,
"2022-03-15","NET","Cloudflare, Inc. Class A commo","NYSE","13008469","13133414","5537013","2.35",,
"2022-03-15","NFLX","Netflix, Inc. Common Stock","NNM","9674544","10803711","5380102","1.80",,
"2022-03-15","NKE","Nike, Inc.","NYSE","12728671","10539373","8420358","1.51",,
"2022-03-15","NOC","Northrop Grumman Corp.","NYSE","1390582","1839595","1643169","1.00",,
"2022-03-15","NOW","SERVICENOW, INC.","NYSE","3656503","3953146","1524550","2.40",,
"2022-03-15","NSC","Norfolk Southern Corp.","NYSE","3997310","3977894","1625420","2.46",,
"2022-03-15","NVDA","NVIDIA Corporation Common Stoc","NNM","24493956","28327484","43259435","1.00",,
"2022-03-15","O","Realty Income Corporation","NYSE","10748831","11566359","4596079","2.34",,
"2022-03-15","ORCL","Oracle Corp","NYSE","23659288","18870542","11844539","2.00",,
"2022-03-15","ORLY","O'Reilly Automotive, Inc. Comm","NNM","871892","863469","597358","1.46",,
"2022-03-15","PANW","Palo Alto Networks, Inc. Commo","NNM","8166712","7363032","1668200","4.90",,
"2022-03-15","PCAR","PACCAR Inc. Common Stock","NNM","3623542","3281506","2090659","1.73",,
"2022-03-15","PEP","PepsiCo, Inc. Common Stock","NNM","9324788","8340876","5774166","1.61",,
"2022-03-15","PFE","Pfizer Inc.","NYSE","61175144","65636348","31971031","1.91",,
"2022-03-15","PG","Procter & Gamble Company","NYSE","13800215","12557645","8144590","1.69",,
"2022-03-15","PGR","Progressive Corporation","NYSE","5787778","7002964","2375078","2.44",,
"2022-03-15","PH","Parker-Hannifin Corporation","NYSE","1424525","1158130","917958","1.55",,
"2022-03-15","PLD","PROLOGIS, INC.","NYSE","8971536","10248058","2487348","3.61",,
"2022-03-15","PLTR","Palantir Technologies Inc. Cla","NYSE","118858518","123396076","49785142","2.39",,
"2022-03-15","PM","Philip Morris International In","NYSE","8962986","9274608","8667392","1.03",,
"2022-03-15","PNC","PNC Financial Services Group","NYSE","4498229","4605722","2617969","1.72",,
"2022-03-15","PSX","PHILLIPS 66","NYSE","8723162","11511020","7594412","1.15",,
"2022-03-15","PWR","Quanta Services, Inc.","NYSE","3716713","3505056","1728684","2.15",,
"2022-03-15","QCOM","QUALCOMM Incorporated Common S","NNM","17244249","13952626","10555279","1.63",,
"2022-03-15","RCL","Royal Caribbean Group","NYSE","12110141","13001922","5364149","2.26",,
"2022-03-15","REGN","Regeneron Pharmaceuticals, Inc","NNM","2394165","2237537","634781","3.77",,
"2022-03-15","ROST","Ross Stores, Inc. Common Stock","NNM","5093589","4042691","3402157","1.50",,
"2022-03-15","RSG","Republic Services Inc.","NYSE","2320374","2498732","1595494","1.45",,
"2022-03-15","RTX","Raytheon Technologies Corporat","NYSE","11604779","14014836","8386166","1.38",,
"2022-03-15","SBUX","Starbucks Corporation Common S","NNM","10356546","10926382","10963445","1.00",,
"2022-03-15","SCCO","Southern Copper Corporation","NYSE","4038803","3530755","1501567","2.69",,
"2022-03-15","SCHW","The Charles Schwab Corporation","NYSE","12574360","14136582","7796653","1.61",,
"2022-03-15","SHW","The Sherwin-Williams Company","NYSE","2548317","3080634","1688769","1.51",,
"2022-03-15","SNOW","Snowflake Inc.","NYSE","7183903","5089982","9946947","1.00",,
"2022-03-15","SNPS","Synopsys, Inc. Common Stock","NNM","1582951","1864949","999597","1.58",,
"2022-03-15","SO","The Southern Company","NYSE","16598251","14783508","6205597","2.67",,
"2022-03-15","SPCX","The SPAC and New Issue ETF","NNM","169191","165837","8924","18.96",,
"2022-03-15","SPG","Simon Property Group, Inc.","NYSE","9635709","10144547","2341539","4.12",,
"2022-03-15","SPGI","S&P Global Inc.","NYSE","17955143","21680825","4001300","4.49",,
"2022-03-15","SYK","Stryker Corporation","NYSE","4846199","4736175","1569357","3.09",,
"2022-03-15","T","AT&T Inc.","NYSE","73266608","76810601","42203026","1.74",,
"2022-03-15","TDG","TransDigm Group Incorporated","NYSE","1068700","1050130","452283","2.36",,
"2022-03-15","TFC","Truist Financial Corporation","NYSE","12011305","11541223","6466789","1.86",,
"2022-03-15","TGT","Target Corporation","NYSE","14264878","8300584","5214413","2.74",,
"2022-03-15","TJX","TJX Companies, Inc. (The)","NYSE","8500440","8315605","7287205","1.17",,
"2022-03-15","TMO","Thermo Fisher Scientific, Inc.","NYSE","2692759","2681397","1468240","1.83",,
"2022-03-15","TMUS","T-Mobile US, Inc. Common Stock","NNM","14878180","13541305","4653226","3.20",,
"2022-03-15","TRV","The Travelers Companies, Inc.","NYSE","3892833","3708711","1475008","2.64",,
"2022-03-15","TSLA","Tesla, Inc. Common Stock","NNM","25148408","24557958","22743271","1.11",,
"2022-03-15","TXN","Texas Instruments Incorporated","NNM","14409582","15853121","5869774","2.45",,
"2022-03-15","UBER","Uber Technologies, Inc.","NYSE","68259558","84561164","39296389","1.74",,
"2022-03-15","UNH","UNITEDHEALTH GROUP INCORPORATE","NYSE","6618453","5857446","3290078","2.01",,
"2022-03-15","UNP","Union Pacific Corp.","NYSE","9882979","10176242","4850613","2.04",,
"2022-03-15","UPS","United Parcel Service, Inc. Cl","NYSE","8224226","8761378","2894442","2.84",,
"2022-03-15","URI","United Rentals, Inc.","NYSE","1999066","2090918","661841","3.02",,
"2022-03-15","USB","U.S. Bancorp","NYSE","8630446","10505996","9204030","1.00",,
"2022-03-15","V","VISA Inc.","NYSE","27484541","27815787","9037735","3.04",,
"2022-03-15","VLO","Valero Energy Corporation","NYSE","11965879","11415806","6038150","1.98",,
"2022-03-15","VRT","Vertiv Holdings Co Class A Com","NYSE","7958454","8200608","7044958","1.13",,
"2022-03-15","VRTX","Vertex Pharmaceuticals Incorpo","NNM","3359467","3591644","1379930","2.43",,
"2022-03-15","VZ","Verizon Communications","NYSE","45658138","49816880","24216621","1.89",,
"2022-03-15","WDC","Western Digital Corporation Co","NNM","6830545","5748886","3695125","1.85",,
"2022-03-15","WELL","Welltower Inc.","NYSE","12992801","13088336","2163471","6.01",,
"2022-03-15","WFC","Wells Fargo & Co.","NYSE","38740509","41340468","36648051","1.06",,
"2022-03-15","WM","Waste Management, Inc.","NYSE","4584357","5100303","2302443","1.99",,
"2022-03-15","WMB","Williams Companies Inc.","NYSE","19249538","23890078","11018033","1.75",,
"2022-03-15","WMT","Walmart Inc.","NYSE","10948400","12240549","9146895","1.20",,
"2022-03-15","XOM","Exxon Mobil Corporation","NYSE","39894813","37229516","46862709","1.00",,
"2022-09-30","AAPL","Apple Inc. Common Stock","NNM","103251184","116076947","110439712","1.00",,
"2022-09-30","ABBV","ABBVIE INC.","NYSE","13290962","12947137","7076592","1.88",,
"2022-09-30","ABNB","Airbnb, Inc. Class A Common St","NNM","19160570","18301207","6284609","3.05",,
"2022-09-30","ABT","Abbott Laboratories","NYSE","16832410","16028757","6080397","2.77",,
"2022-09-30","ADBE","Adobe Inc. Common Stock","NNM","5054966","4620508","6420399","1.00",,
"2022-09-30","ADI","Analog Devices, Inc. Common St","NNM","7611542","7649156","3512684","2.17",,
"2022-09-30","ADP","Automatic Data Processing, Inc","NNM","5577889","4610253","1961828","2.84",,
"2022-09-30","AEP","American Electric Power Compan","NNM","6921850","8189825","3244419","2.13",,
"2022-09-30","AFL","Aflac Inc.","NYSE","9170787","9619288","2979760","3.08",,
"2022-09-30","AJG","Arthur J. Gallagher & Co.","NYSE","2433705","2550987","1047128","2.32",,
"2022-09-30","ALL","The Allstate Corporation","NYSE","5133918","4961237","2082382","2.47",,
"2022-09-30","AMAT","Applied Materials, Inc. Common","NNM","11026799","9894150","7465619","1.48",,
"2022-09-30","AMD","Advanced Micro Devices, Inc. C","NNM","32224203","30951736","81481869","1.00",,
"2022-09-30","AMGN","Amgen Inc. Common Stock","NNM","17107713","16954695","2423109","7.06",,
"2022-09-30","AMT","American Tower Corporation","NYSE","3440127","3385545","2050954","1.68",,
"2022-09-30","AMZN","Amazon.com, Inc. Common Stock","NNM","78743103","77853906","62340893","1.26",,
"2022-09-30","ANET","Arista Networks","NYSE","4378571","3986711","2214808","1.98",,
"2022-09-30","AON","Aon plc Class A","NYSE","1981326","2102972","901665","2.20",,
"2022-09-30","APD","Air Products & Chemicals, Inc.","NYSE","2079619","1957240","1020013","2.04",,
"2022-09-30","APH","Amphenol Corporation","NYSE","6031045","5141972","2368784","2.55",,
"2022-09-30","APO","Apollo Global Management, Inc.","NYSE","11951955","12245142","3384111","3.53",,
"2022-09-30","APP","Applovin Corporation Class A C","NNM","16078845","14879304","2742733","5.86",,
"2022-09-30","AVGO","Broadcom Inc. Common Stock","NNM","5286198","6172894","2787841","1.90",,
"2022-09-30","AXP","American Express Company","NYSE","7348111","9122975","3410568","2.15",,
"2022-09-30","BA","Boeing Company","NYSE","8996961","9629027","7727822","1.16",,
"2022-09-30","BAC","Bank of America Corporation","NYSE","74594929","84580352","42891894","1.74",,
"2022-09-30","BKNG","Booking Holdings Inc. Common S","NNM","609595","620437","450935","1.35",,
"2022-09-30","BLK","Blackrock, Inc.","NYSE","2998389","3105729","958958","3.13",,
"2022-09-30","BMY","Bristol-Myers Squibb Co.","NYSE","24181239","23093787","10854871","2.23",,
"2022-09-30","BNY","BlackRock New York Municipal I","NYSE","13304","6055","74503","1.00",,
"2022-09-30","BRKA","Berkshire Hathaway Inc.","NYSE","640","361","2823","1.00",,
"2022-09-30","BRKB","BERKSHIRE HATHAWAY Class B","NYSE","7020919","7466987","5002550","1.40",,
"2022-09-30","BSX","Boston Scientific Corp.","NYSE","16688257","16102565","7145617","2.34",,
"2022-09-30","BX","Blackstone Inc.","NYSE","18681822","17177840","5176293","3.61",,
"2022-09-30","C","Citigroup Inc.","NYSE","33738985","34605086","20670121","1.63",,
"2022-09-30","CAT","Caterpillar Inc.","NYSE","6179275","5643831","3389557","1.82",,
"2022-09-30","CDNS","Cadence Design Systems, Inc. C","NNM","2735667","2668030","1882456","1.45",,
"2022-09-30","CEG","Constellation Energy Corporati","NNM","4115289","4294513","2927879","1.41",,
"2022-09-30","CI","CIGNA Corporation","NYSE","3951540","4596655","2119560","1.86",,
"2022-09-30","CL","Colgate-Palmolive Company","NYSE","10973899","12972973","4557694","2.41",,
"2022-09-30","CMCSA","Comcast Corporation Class A Co","NNM","74912183","76567804","31284235","2.39",,
"2022-09-30","CME","CME Group Inc. Class A Common","NNM","4474358","4381662","1391517","3.22",,
"2022-09-30","CMI","Cummins Inc.","NYSE","3024501","2854886","817622","3.70",,
"2022-09-30","COF","Capital One Financial","NYSE","7017992","7312491","2946975","2.38",,
"2022-09-30","COP","ConocoPhillips","NYSE","19166083","17627014","7965313","2.41",,
"2022-09-30","COST","Costco Wholesale Corporation C","NNM","4175608","4262094","2714580","1.54",,
"2022-09-30","CRM","Salesforce, Inc.","NYSE","13155808","13293616","7909424","1.66",,
"2022-09-30","CRWD","CrowdStrike Holdings, Inc. Cla","NNM","9609283","14183077","2828244","3.40",,
"2022-09-30","CSCO","Cisco Systems, Inc. Common Sto","NNM","32666340","38247511","20739658","1.58",,
"2022-09-30","CSX","CSX Corporation Common Stock","NNM","19022614","23803272","21075718","1.00",,
"2022-09-30","CTAS","Cintas Corporation Common Stoc","NNM","1195556","1205745","515157","2.32",,
"2022-09-30","CVNA","Carvana Co.","NYSE","31303145","28937273","9231899","3.39",,
"2022-09-30","CVS","CVS HEALTH CORPORATION","NYSE","14671897","14379029","4918385","2.98",,
"2022-09-30","CVX","Chevron Corporation","NYSE","19594955","23372393","12066678","1.62",,
"2022-09-30","D","Dominion Energy, Inc Common St","NYSE","9050045","7583113","4606077","1.96",,
"2022-09-30","DASH","DoorDash, Inc.","NYSE","21102628","18705029","4757613","4.44",,
"2022-09-30","DDOG","Datadog, Inc. Class A Common S","NNM","11266555","10968099","3976628","2.83",,
"2022-09-30","DE","Deere & Company","NYSE","3337948","3275995","1426192","2.34",,
"2022-09-30","DELL","Dell Technologies Inc.","NYSE","7290170","7329011","3350505","2.18",,
"2022-09-30","DHR","Danaher Corporation","NYSE","4722630","4437951","2629854","1.80",,
"2022-09-30","DIS","The Walt Disney Company","NYSE","19816163","20519060","11015316","1.80",,
"2022-09-30","DLR","Digital Realty Trust, Inc.","NYSE","8564955","8106329","2689112","3.19",,
"2022-09-30","DUK","Duke Energy Corporation","NYSE","7027250","7722745","2867021","2.45",,
"2022-09-30","ECL","Ecolab, Inc.","NYSE","2647549","2791675","1183288","2.24",,
"2022-09-30","ELV","Elevance Health, Inc.","NYSE","2556307","2682404","913337","2.80",,
"2022-09-30","EMR","Emerson Electric Co.","NYSE","5017171","4747047","3015723","1.66",,
"2022-09-30","EOG","EOG Resources, Inc.","NYSE","6062129","7057851","3705782","1.64",,
"2022-09-30","EPD","Enterprise Products Partners L","NYSE","27382327","27549967","6095960","4.49",,
"2022-09-30","EQIX","Equinix, Inc. Common Stock REI","NNM","1351652","1104415","654399","2.07",,
"2022-09-30","FCX","Freeport-McMoran Inc.","NYSE","29647403","30807519","18356113","1.62",,
"2022-09-30","FDX","FedEx Corporation","NYSE","4743722","3614518","8719754","1.00",,
"2022-09-30","FTNT","Fortinet, Inc. Common Stock","NNM","11286498","12160146","4537865","2.49",,
"2022-09-30","GD","General Dynamics Corporation","NYSE","2090563","2727204","1138106","1.84",,
"2022-09-30","GE","General Electric Company","NYSE","11344774","10735651","7981634","1.42",,
"2022-09-30","GILD","Gilead Sciences, Inc. Common S","NNM","16448552","16688625","7746704","2.12",,
"2022-09-30","GLW","Corning Incorporated","NYSE","11877653","10749929","4722847","2.51",,
"2022-09-30","GM","General Motors Company","NYSE","24346090","26682044","16798519","1.45",,
"2022-09-30","GOOG","Alphabet Inc. Class C Capital","NNM","30593935","39793150","27349272","1.12",,
"2022-09-30","GOOGL","Alphabet Inc. Class A Common S","NNM","51457734","62786677","31158764","1.65",,
"2022-09-30","GS","Goldman Sachs Group Inc.","NYSE","5111651","5057458","2148347","2.38",,
"2022-09-30","GWW","W.W. Grainger, Inc.","NYSE","1376017","1210955","505466","2.72",,
"2022-09-30","HCA","HCA Healthcare, Inc.","NYSE","3622859","4359417","1529471","2.37",,
"2022-09-30","HD","Home Depot, Inc.","NYSE","8685119","9493634","4431583","1.96",,
"2022-09-30","HLT","Hilton Worldwide Holdings Inc.","NYSE","5366172","4921957","2439500","2.20",,
"2022-09-30","HON","Honeywell International Inc. C","NNM","4887232","5630526","3186266","1.53",,
"2022-09-30","HOOD","Robinhood Markets, Inc. Class","NNM","37937141","37880198","13391392","2.83",,
"2022-09-30","HPE","Hewlett Packard Enterprise Com","NYSE","31727677","30197679","12899823","2.46",,
"2022-09-30","HWM","Howmet Aerospace Inc.","NYSE","7493869","7405185","2910537","2.57",,
"2022-09-30","IBKR","Interactive Brokers Group, Inc","NNM","3340827","2532019","1247729","2.68",,
"2022-09-30","IBM","International Business Machine","NYSE","25866583","25758305","4686910","5.52",,
"2022-09-30","ICE","Intercontinental Exchange  Inc","NYSE","5348856","4749723","3191166","1.68",,
"2022-09-30","INTC","Intel Corporation Common Stock","NNM","64807742","64986519","42774457","1.52",,
"2022-09-30","INTU","Intuit Inc. Common Stock","NNM","2366500","2411685","1726032","1.37",,
"2022-09-30","ISRG","Intuitive Surgical, Inc. Commo","NNM","3623001","4400867","1880342","1.93",,
"2022-09-30","ITW","Illinois Tool Works Inc.","NYSE","6650193","6098905","1212785","5.48",,
"2022-09-30","JNJ","Johnson & Johnson","NYSE","12936583","14135872","9261216","1.40",,
"2022-09-30","JPM","JPMorgan Chase & Co.","NYSE","18138781","21769677","13190083","1.38",,
"2022-09-30","KKR","KKR & Co. Inc.","NYSE","12914254","11286188","4365277","2.96",,
"2022-09-30","KLAC","KLA Corporation Common Stock","NNM","2911935","5103706","1864978","1.56",,
"2022-09-30","KMI","Kinder Morgan, Inc.","NYSE","31416194","32908374","24474550","1.28",,
"2022-09-30","KO","Coca-Cola Company","NYSE","32858192","30588458","16399658","2.00",,
"2022-09-30","LIN","Linde plc Ordinary Share","NYSE","3773561","3803952","1910568","1.98",,
"2022-09-30","LLY","Eli Lilly & Co.","NYSE","5752852","5329487","4170710","1.38",,
"2022-09-30","LMT","Lockheed Martin Corp.","NYSE","2401130","2750688","1374149","1.75",,
"2022-09-30","LOW","Lowe's Companies Inc.","NYSE","11088952","14165279","4384065","2.53",,
"2022-09-30","LRCX","Lam Research Corporation Commo","NNM","2161014","1956032","1312128","1.65",,
"2022-09-30","MA","Mastercard Incorporated","NYSE","5490898","4242151","3467573","1.58",,
"2022-09-30","MAR","Marriott International Class A","NNM","5332345","4740824","2429757","2.19",,
"2022-09-30","MCD","McDonald's Corporation","NYSE","6751909","6576822","3119075","2.16",,
"2022-09-30","MCK","McKesson Corporation","NYSE","2984729","2622169","989190","3.02",,
"2022-09-30","MCO","Moody's Corporation","NYSE","2843970","2890065","887970","3.20",,
"2022-09-30","MDLZ","Mondelez International, Inc. C","NNM","13060427","15356132","8205759","1.59",,
"2022-09-30","MDT","Medtronic plc","NYSE","9438942","7923913","6603277","1.43",,
"2022-09-30","META","Meta Platforms, Inc. Class A C","NNM","25642799","29752984","32333360","1.00",,
"2022-09-30","MMM","3M Company","NYSE","15435327","19250841","3793986","4.07",,
"2022-09-30","MNST","Monster Beverage Corporation","NNM","6986207","6793112","2528411","2.76",,
"2022-09-30","MO","Altria Group, Inc.","NYSE","18665407","18597542","10673633","1.75",,
"2022-09-30","MPC","MARATHON PETROLEUM CORPORATION","NYSE","15500741","16683553","5908402","2.62",,
"2022-09-30","MPWR","Monolithic Power Systems, Inc.","NNM","2018256","1376907","806168","2.50",,
"2022-09-30","MRK","Merck & Co., Inc.","NYSE","20401626","19448809","8586844","2.38",,
"2022-09-30","MRVL","Marvell Technology, Inc. Commo","NNM","17924427","17950115","10077340","1.78",,
"2022-09-30","MS","Morgan Stanley","NYSE","19009302","23057201","9017836","2.11",,
"2022-09-30","MSFT","Microsoft Corporation Common S","NNM","34921823","42967330","30318598","1.15",,
"2022-09-30","MSI","Motorola Solutions, Inc. New","NYSE","1304719","1532269","761992","1.71",,
"2022-09-30","MU","Micron Technology, Inc. Common","NNM","27739404","32641019","23525383","1.18",,
"2022-09-30","NEE","Nextra Energy, Inc.","NYSE","19336657","19468185","9203438","2.10",,
"2022-09-30","NEM","Newmont Corporation","NYSE","15064277","15940233","10259854","1.47",,
"2022-09-30","NET","Cloudflare, Inc. Class A commo","NYSE","12549362","12078524","5089238","2.47",,
"2022-09-30","NFLX","Netflix, Inc. Common Stock","NNM","11012443","9743379","13383411","1.00",,
"2022-09-30","NKE","Nike, Inc.","NYSE","16037460","17246533","13042269","1.23",,
"2022-09-30","NOC","Northrop Grumman Corp.","NYSE","2357557","1731883","985487","2.39",,
"2022-09-30","NOW","SERVICENOW, INC.","NYSE","3259732","3596753","1924370","1.69",,
"2022-09-30","NSC","Norfolk Southern Corp.","NYSE","2441026","2553699","1367474","1.79",,
"2022-09-30","NVDA","NVIDIA Corporation Common Stoc","NNM","30153078","30722890","61213376","1.00",,
"2022-09-30","O","Realty Income Corporation","NYSE","26713689","21428331","5868094","4.55",,
"2022-09-30","ORCL","Oracle Corp","NYSE","13123252","16698691","9731935","1.35",,
"2022-09-30","ORLY","O'Reilly Automotive, Inc. Comm","NNM","923806","940875","557679","1.66",,
"2022-09-30","PANW","Palo Alto Networks, Inc. Commo","NNM","20571911","18431058","3716105","5.54",,
"2022-09-30","PCAR","PACCAR Inc. Common Stock","NNM","3859134","4005113","1781294","2.17",,
"2022-09-30","PEP","PepsiCo, Inc. Common Stock","NNM","10742666","11722917","5527465","1.94",,
"2022-09-30","PFE","Pfizer Inc.","NYSE","60372206","63887362","19130659","3.16",,
"2022-09-30","PG","Procter & Gamble Company","NYSE","12766425","13990558","7372788","1.73",,
"2022-09-30","PGR","Progressive Corporation","NYSE","3844372","4399898","2623826","1.47",,
"2022-09-30","PH","Parker-Hannifin Corporation","NYSE","1178351","1041383","1093760","1.08",,
"2022-09-30","PLD","PROLOGIS, INC.","NYSE","21408598","20134827","7352622","2.91",,
"2022-09-30","PLTR","Palantir Technologies Inc. Cla","NYSE","121530961","126172395","39676175","3.06",,
"2022-09-30","PM","Philip Morris International In","NYSE","8237747","7710537","5798629","1.42",,
"2022-09-30","PNC","PNC Financial Services Group","NYSE","5541379","5376791","1766727","3.14",,
"2022-09-30","PSX","PHILLIPS 66","NYSE","12798396","10458209","4141807","3.09",,
"2022-09-30","PWR","Quanta Services, Inc.","NYSE","5476456","5298316","1355837","4.04",,
"2022-09-30","QCOM","QUALCOMM Incorporated Common S","NNM","12998273","14125343","8704894","1.49",,
"2022-09-30","RCL","Royal Caribbean Group","NYSE","22522322","22448986","9192615","2.45",,
"2022-09-30","REGN","Regeneron Pharmaceuticals, Inc","NNM","2277570","2368234","781499","2.91",,
"2022-09-30","ROST","Ross Stores, Inc. Common Stock","NNM","8285857","7788301","2700201","3.07",,
"2022-09-30","RSG","Republic Services Inc.","NYSE","1953692","2036135","1222817","1.60",,
"2022-09-30","RTX","Raytheon Technologies Corporat","NYSE","6425023","8860950","6073287","1.06",,
"2022-09-30","SBUX","Starbucks Corporation Common S","NNM","15002324","16382403","8102195","1.85",,
"2022-09-30","SCCO","Southern Copper Corporation","NYSE","6442938","6312502","1380454","4.67",,
"2022-09-30","SCHW","The Charles Schwab Corporation","NYSE","17696809","16172968","8349906","2.12",,
"2022-09-30","SHW","The Sherwin-Williams Company","NYSE","1963512","2286660","1572222","1.25",,
"2022-09-30","SNOW","Snowflake Inc.","NYSE","12553796","12258399","6463861","1.94",,
"2022-09-30","SNPS","Synopsys, Inc. Common Stock","NNM","1880249","2411004","1178412","1.60",,
"2022-09-30","SO","The Southern Company","NYSE","10808423","11843930","4265465","2.53",,
"2022-09-30","SPCX","The SPAC and New Issue ETF","NNM","170515","170660","24170","7.05",,
"2022-09-30","SPG","Simon Property Group, Inc.","NYSE","6684123","6326967","2579899","2.59",,
"2022-09-30","SPGI","S&P Global Inc.","NYSE","7547758","8468923","2281321","3.31",,
"2022-09-30","SYK","Stryker Corporation","NYSE","7419581","6492030","1312828","5.65",,
"2022-09-30","T","AT&T Inc.","NYSE","85700034","81155124","46236066","1.85",,
"2022-09-30","TDG","TransDigm Group Incorporated","NYSE","1537284","1148278","296718","5.18",,
"2022-09-30","TFC","Truist Financial Corporation","NYSE","19346324","12214855","7162202","2.70",,
"2022-09-30","TGT","Target Corporation","NYSE","9385418","9261999","3611201","2.60",,
"2022-09-30","TJX","TJX Companies, Inc. (The)","NYSE","11356393","12037838","5188916","2.19",,
"2022-09-30","TMO","Thermo Fisher Scientific, Inc.","NYSE","2881467","3141024","1321070","2.18",,
"2022-09-30","TMUS","T-Mobile US, Inc. Common Stock","NNM","16321830","14612640","5383707","3.03",,
"2022-09-30","TRV","The Travelers Companies, Inc.","NYSE","4613144","4677864","1400542","3.29",,
"2022-09-30","TSLA","Tesla, Inc. Common Stock","NNM","62622333","63690357","65845029","1.00",,
"2022-09-30","TXN","Texas Instruments Incorporated","NNM","17258665","16546355","6286859","2.75",,
"2022-09-30","UBER","Uber Technologies, Inc.","NYSE","60122760","53742981","26730223","2.25",,
"2022-09-30","UNH","UNITEDHEALTH GROUP INCORPORATE","NYSE","5187520","5066051","2706452","1.92",,
"2022-09-30","UNP","Union Pacific Corp.","NYSE","5272516","5796296","3432122","1.54",,
"2022-09-30","UPS","United Parcel Service, Inc. Cl","NYSE","9693844","11701090","4261184","2.27",,
"2022-09-30","URI","United Rentals, Inc.","NYSE","2980616","3051825","809202","3.68",,
"2022-09-30","USB","U.S. Bancorp","NYSE","9529374","11184418","10523892","1.00",,
"2022-09-30","V","VISA Inc.","NYSE","44553702","45344195","8630313","5.16",,
"2022-09-30","VLO","Valero Energy Corporation","NYSE","10512362","10701029","4550724","2.31",,
"2022-09-30","VRT","Vertiv Holdings Co Class A Com","NYSE","12020841","10189803","3402165","3.53",,
"2022-09-30","VRTX","Vertex Pharmaceuticals Incorpo","NNM","3106979","2888701","1513130","2.05",,
"2022-09-30","VZ","Verizon Communications","NYSE","36851731","33969418","22550081","1.63",,
"2022-09-30","WBD","Warner Bros. Discovery, Inc. S","NNM","72311252","69033508","24723839","2.92",,
"2022-09-30","WDC","Western Digital Corporation Co","NNM","8064718","8238940","5083528","1.59",,
"2022-09-30","WELL","Welltower Inc.","NYSE","14489604","14899929","2984773","4.85",,
"2022-09-30","WFC","Wells Fargo & Co.","NYSE","29525075","34046119","18279763","1.62",,
"2022-09-30","WM","Waste Management, Inc.","NYSE","4509710","4064200","2077201","2.17",,
"2022-09-30","WMB","Williams Companies Inc.","NYSE","20325703","24418693","8890766","2.29",,
"2022-09-30","WMT","Walmart Inc.","NYSE","14612688","15335591","7066881","2.07",,
"2022-09-30","XOM","Exxon Mobil Corporation","NYSE","35247424","38969900","20662500","1.71",,
"2022-04-29","AAPL","Apple Inc. Common Stock","NNM","103977276","103292182","91723750","1.13",,
"2022-04-29","ABBV","ABBVIE INC.","NYSE","13154753","12068291","9033395","1.46",,
"2022-04-29","ABNB","Airbnb, Inc. Class A Common St","NNM","9447888","10540679","4018222","2.35",,
"2022-04-29","ABT","Abbott Laboratories","NYSE","13461989","12790403","5542668","2.43",,
"2022-04-29","ADBE","Adobe Inc. Common Stock","NNM","6015809","6743863","2685899","2.24",,
"2022-04-29","ADI","Analog Devices, Inc. Common St","NNM","6879444","6862305","3423559","2.01",,
"2022-04-29","ADP","Automatic Data Processing, Inc","NNM","3537411","3760308","2004009","1.77",,
"2022-04-29","AEP","American Electric Power Compan","NNM","7220836","6775506","2801739","2.58",,
"2022-04-29","AFL","Aflac Inc.","NYSE","10381338","10253444","3149647","3.30",,
"2022-04-29","AJG","Arthur J. Gallagher & Co.","NYSE","1555340","1882180","1085071","1.43",,
"2022-04-29","ALL","The Allstate Corporation","NYSE","3435416","3561852","1614285","2.13",,
"2022-04-29","AMAT","Applied Materials, Inc. Common","NNM","12477426","7979020","7822817","1.60",,
"2022-04-29","AMD","Advanced Micro Devices, Inc. C","NNM","30359092","27423971","81138683","1.00",,
"2022-04-29","AMGN","Amgen Inc. Common Stock","NNM","19928916","20749642","3162002","6.30",,
"2022-04-29","AMT","American Tower Corporation","NYSE","3644251","5138274","1772500","2.06",,
"2022-04-29","AMZN","Amazon.com, Inc. Common Stock","NNM","3939111","3554951","4463706","1.00",,
"2022-04-29","ANET","Arista Networks","NYSE","3386300","3033999","1863460","1.82",,
"2022-04-29","AON","Aon plc Class A","NYSE","2570481","2886888","1077955","2.38",,
"2022-04-29","APD","Air Products & Chemicals, Inc.","NYSE","1931345","2353283","1330189","1.45",,
"2022-04-29","APH","Amphenol Corporation","NYSE","4985255","4845288","3142281","1.59",,
"2022-04-29","APO","Apollo Global Management, Inc.","NYSE","18536434","15930168","2603901","7.12",,
"2022-04-29","APP","Applovin Corporation Class A C","NNM","8576245","7332842","1808730","4.74",,
"2022-04-29","AVGO","Broadcom Inc. Common Stock","NNM","4366149","4433161","2221912","1.97",,
"2022-04-29","AXP","American Express Company","NYSE","8968944","8940066","3363904","2.67",,
"2022-04-29","BA","Boeing Company","NYSE","8808267","6912808","11352856","1.00",,
"2022-04-29","BAC","Bank of America Corporation","NYSE","75260062","62685649","51343854","1.47",,
"2022-04-29","BKNG","Booking Holdings Inc. Common S","NNM","768231","763852","387821","1.98",,
"2022-04-29","BLK","Blackrock, Inc.","NYSE","1809483","1635716","907802","1.99",,
"2022-04-29","BMY","Bristol-Myers Squibb Co.","NYSE","35371879","42241233","14962060","2.36",,
"2022-04-29","BNY","BlackRock New York Municipal I","NYSE","21724","49706","85921","1.00",,
"2022-04-29","BRKA","Berkshire Hathaway Inc.","NYSE","300","240","3467","1.00",,
"2022-04-29","BRKB","BERKSHIRE HATHAWAY Class B","NYSE","7816461","9312159","4247001","1.84",,
"2022-04-29","BSX","Boston Scientific Corp.","NYSE","12350482","11973409","10997505","1.12",,
"2022-04-29","BX","Blackstone Inc.","NYSE","11059139","8036346","4752030","2.33",,
"2022-04-29","C","Citigroup Inc.","NYSE","47848347","47521362","21504146","2.23",,
"2022-04-29","CAT","Caterpillar Inc.","NYSE","5020445","5432173","3904483","1.29",,
"2022-04-29","CDNS","Cadence Design Systems, Inc. C","NNM","3487415","2851232","1863319","1.87",,
"2022-04-29","CEG","Constellation Energy Corporati","NNM","4677300","4148671","2215121","2.11",,
"2022-04-29","CI","CIGNA Corporation","NYSE","3206615","3436998","1235718","2.59",,
"2022-04-29","CL","Colgate-Palmolive Company","NYSE","15030551","12251821","6471739","2.32",,
"2022-04-29","CMCSA","Comcast Corporation Class A Co","NNM","65330488","67655437","28694041","2.28",,
"2022-04-29","CME","CME Group Inc. Class A Common","NNM","3959555","3946461","1599413","2.48",,
"2022-04-29","CMI","Cummins Inc.","NYSE","2144825","2515559","952003","2.25",,
"2022-04-29","COF","Capital One Financial","NYSE","5574810","5548451","2914475","1.91",,
"2022-04-29","COP","ConocoPhillips","NYSE","12663214","12630760","7198075","1.76",,
"2022-04-29","COST","Costco Wholesale Corporation C","NNM","4532839","4154550","2356611","1.92",,
"2022-04-29","CRM","Salesforce, Inc.","NYSE","12371978","14342960","7843410","1.58",,
"2022-04-29","CRWD","CrowdStrike Holdings, Inc. Cla","NNM","13332815","13137819","3003340","4.44",,
"2022-04-29","CSCO","Cisco Systems, Inc. Common Sto","NNM","36088498","33204102","19535188","1.85",,
"2022-04-29","CSX","CSX Corporation Common Stock","NNM","22260597","21717960","13883767","1.60",,
"2022-04-29","CTAS","Cintas Corporation Common Stoc","NNM","918233","717392","451261","2.03",,
"2022-04-29","CVNA","Carvana Co.","NYSE","28954263","17932292","12633804","2.29",,
"2022-04-29","CVS","CVS HEALTH CORPORATION","NYSE","13954817","12444906","4971921","2.81",,
"2022-04-29","CVX","Chevron Corporation","NYSE","22390061","23452807","10859584","2.06",,
"2022-04-29","D","Dominion Energy, Inc Common St","NYSE","8298334","8510181","3106425","2.67",,
"2022-04-29","DASH","DoorDash, Inc.","NYSE","13005512","11925098","4849696","2.68",,
"2022-04-29","DDOG","Datadog, Inc. Class A Common S","NNM","10545587","9457743","4174808","2.53",,
"2022-04-29","DE","Deere & Company","NYSE","2656384","2776828","1893928","1.40",,
"2022-04-29","DELL","Dell Technologies Inc.","NYSE","7850977","6908336","3899544","2.01",,
"2022-04-29","DHR","Danaher Corporation","NYSE","4407113","4916210","3384069","1.30",,
"2022-04-29","DIS","The Walt Disney Company","NYSE","21253465","19749628","18622453","1.14",,
"2022-04-29","DLR","Digital Realty Trust, Inc.","NYSE","8769204","7866766","1718658","5.10",,
"2022-04-29","DUK","Duke Energy Corporation","NYSE","6439008","7139809","2950799","2.18",,
"2022-04-29","ECL","Ecolab, Inc.","NYSE","1995953","2324398","1454327","1.37",,
"2022-04-29","EMR","Emerson Electric Co.","NYSE","4146322","4372185","2363779","1.75",,
"2022-04-29","EOG","EOG Resources, Inc.","NYSE","7078208","8803316","3712558","1.91",,
"2022-04-29","EPD","Enterprise Products Partners L","NYSE","18541911","23445816","6808701","2.72",,
"2022-04-29","EQIX","Equinix, Inc. Common Stock REI","NNM","1034046","1130998","451257","2.29",,
"2022-04-29","FCX","Freeport-McMoran Inc.","NYSE","21832525","22513359","20749954","1.05",,
"2022-04-29","FDX","FedEx Corporation","NYSE","3339668","3406108","1961536","1.70",,
"2022-04-29","FTNT","Fortinet, Inc. Common Stock","NNM","1844562","1968478","1037333","1.78",,
"2022-04-29","GD","General Dynamics Corporation","NYSE","2725236","2697618","1379659","1.98",,
"2022-04-29","GE","General Electric Company","NYSE","10800633","10181068","9265102","1.17",,
"2022-04-29","GILD","Gilead Sciences, Inc. Common S","NNM","16695430","15373547","7737801","2.16",,
"2022-04-29","GLW","Corning Incorporated","NYSE","11395282","11984294","6580758","1.73",,
"2022-04-29","GM","General Motors Company","NYSE","31818494","28947332","16864799","1.89",,
"2022-04-29","GOOG","Alphabet Inc. Class C Capital","NNM","1737779","1471856","1757235","1.00",,
"2022-04-29","GOOGL","Alphabet Inc. Class A Common S","NNM","2509573","1776723","2358146","1.06",,
"2022-04-29","GS","Goldman Sachs Group Inc.","NYSE","4885300","4568138","2935404","1.66",,
"2022-04-29","GWW","W.W. Grainger, Inc.","NYSE","810737","1002335","344359","2.35",,
"2022-04-29","HCA","HCA Healthcare, Inc.","NYSE","4401376","3953811","3254617","1.35",,
"2022-04-29","HD","Home Depot, Inc.","NYSE","8569507","8255540","3864850","2.22",,
"2022-04-29","HLT","Hilton Worldwide Holdings Inc.","NYSE","6400245","6745173","2040960","3.14",,
"2022-04-29","HON","Honeywell International Inc. C","NNM","5339285","5201786","3221217","1.66",,
"2022-04-29","HOOD","Robinhood Markets, Inc. Class","NNM","59539542","56960158","17345386","3.43",,
"2022-04-29","HPE","Hewlett Packard Enterprise Com","NYSE","29705698","33728236","8989514","3.30",,
"2022-04-29","HWM","Howmet Aerospace Inc.","NYSE","5454451","4652573","2311390","2.36",,
"2022-04-29","IBKR","Interactive Brokers Group, Inc","NNM","2655764","2680098","942269","2.82",,
"2022-04-29","IBM","International Business Machine","NYSE","21646384","21228769","7177492","3.02",,
"2022-04-29","ICE","Intercontinental Exchange  Inc","NYSE","4041461","3886050","3410324","1.19",,
"2022-04-29","INTC","Intel Corporation Common Stock","NNM","51602877","55600879","34571059","1.49",,
"2022-04-29","INTU","Intuit Inc. Common Stock","NNM","2197467","2573045","1624348","1.35",,
"2022-04-29","ISRG","Intuitive Surgical, Inc. Commo","NNM","3233002","2898945","3068202","1.05",,
"2022-04-29","ITW","Illinois Tool Works Inc.","NYSE","5863307","5749098","1100591","5.33",,
"2022-04-29","JNJ","Johnson & Johnson","NYSE","17482431","14828752","9404350","1.86",,
"2022-04-29","JPM","JPMorgan Chase & Co.","NYSE","19189342","16860102","14624167","1.31",,
"2022-04-29","KKR","KKR & Co. Inc.","NYSE","9259705","8471420","3766676","2.46",,
"2022-04-29","KLAC","KLA Corporation Common Stock","NNM","1706724","1596457","1408550","1.21",,
"2022-04-29","KMI","Kinder Morgan, Inc.","NYSE","32839127","30436070","18264319","1.80",,
"2022-04-29","KO","Coca-Cola Company","NYSE","32371193","28084014","17471612","1.85",,
"2022-04-29","LIN","Linde plc Ordinary Share","NYSE","2290134","2388350","2187644","1.05",,
"2022-04-29","LLY","Eli Lilly & Co.","NYSE","5030187","6222624","2842833","1.77",,
"2022-04-29","LMT","Lockheed Martin Corp.","NYSE","3072201","3626057","1549531","1.98",,
"2022-04-29","LOW","Lowe's Companies Inc.","NYSE","10366328","10259613","3746491","2.77",,
"2022-04-29","LRCX","Lam Research Corporation Commo","NNM","1372520","1371686","1632575","1.00",,
"2022-04-29","MA","Mastercard Incorporated","NYSE","5706204","5128077","3860728","1.48",,
"2022-04-29","MAR","Marriott International Class A","NNM","5778659","5165578","2502209","2.31",,
"2022-04-29","MCD","McDonald's Corporation","NYSE","5836424","5952336","2626635","2.22",,
"2022-04-29","MCK","McKesson Corporation","NYSE","2959936","4227003","1042800","2.84",,
"2022-04-29","MCO","Moody's Corporation","NYSE","3002908","3249257","934605","3.21",,
"2022-04-29","MDLZ","Mondelez International, Inc. C","NNM","11311227","10933443","8395433","1.35",,
"2022-04-29","MDT","Medtronic plc","NYSE","9877573","9571980","5666323","1.74",,
"2022-04-29","MMM","3M Company","NYSE","9500369","9223918","2963489","3.21",,
"2022-04-29","MNST","Monster Beverage Corporation","NNM","4773417","4551161","3170777","1.51",,
"2022-04-29","MO","Altria Group, Inc.","NYSE","19315420","16468895","8296766","2.33",,
"2022-04-29","MPC","MARATHON PETROLEUM CORPORATION","NYSE","14117136","16183032","4918596","2.87",,
"2022-04-29","MPWR","Monolithic Power Systems, Inc.","NNM","972672","904887","401921","2.42",,
"2022-04-29","MRK","Merck & Co., Inc.","NYSE","16975589","19280197","10906220","1.56",,
"2022-04-29","MRVL","Marvell Technology, Inc. Commo","NNM","13013321","14277511","8916291","1.46",,
"2022-04-29","MS","Morgan Stanley","NYSE","20144137","15793825","9962293","2.02",,
"2022-04-29","MSFT","Microsoft Corporation Common S","NNM","41237238","35578015","34072372","1.21",,
"2022-04-29","MSI","Motorola Solutions, Inc. New","NYSE","1320068","1638471","758358","1.74",,
"2022-04-29","MU","Micron Technology, Inc. Common","NNM","25776206","21247176","18157595","1.42",,
"2022-04-29","NEE","Nextra Energy, Inc.","NYSE","15647077","16649693","11973651","1.31",,
"2022-04-29","NEM","Newmont Corporation","NYSE","7845318","9109693","7596913","1.03",,
"2022-04-29","NET","Cloudflare, Inc. Class A commo","NYSE","12653275","12095452","3365568","3.76",,
"2022-04-29","NFLX","Netflix, Inc. Common Stock","NNM","11982890","7049275","35752766","1.00",,
"2022-04-29","NKE","Nike, Inc.","NYSE","11052805","12405815","6475812","1.71",,
"2022-04-29","NOC","Northrop Grumman Corp.","NYSE","1363467","1320742","750982","1.82",,
"2022-04-29","NOW","SERVICENOW, INC.","NYSE","3610140","3393313","1879322","1.92",,
"2022-04-29","NSC","Norfolk Southern Corp.","NYSE","3010491","2989934","1557286","1.93",,
"2022-04-29","NVDA","NVIDIA Corporation Common Stoc","NNM","27303601","25704839","56419979","1.00",,
"2022-04-29","O","Realty Income Corporation","NYSE","11860230","12671065","3491986","3.40",,
"2022-04-29","ORCL","Oracle Corp","NYSE","11961574","12178201","7108015","1.68",,
"2022-04-29","ORLY","O'Reilly Automotive, Inc. Comm","NNM","820947","703554","701865","1.17",,
"2022-04-29","PANW","Palo Alto Networks, Inc. Commo","NNM","7675646","7610858","1119029","6.86",,
"2022-04-29","PCAR","PACCAR Inc. Common Stock","NNM","3470996","4059385","1848684","1.88",,
"2022-04-29","PEP","PepsiCo, Inc. Common Stock","NNM","10723396","9619779","5203712","2.06",,
"2022-04-29","PFE","Pfizer Inc.","NYSE","67991161","62649844","25166807","2.70",,
"2022-04-29","PG","Procter & Gamble Company","NYSE","15427285","12002142","8434463","1.83",,
"2022-04-29","PGR","Progressive Corporation","NYSE","6368567","6048235","2609436","2.44",,
"2022-04-29","PH","Parker-Hannifin Corporation","NYSE","1281058","1438944","615897","2.08",,
"2022-04-29","PLD","PROLOGIS, INC.","NYSE","8206870","9421896","3821632","2.15",,
"2022-04-29","PLTR","Palantir Technologies Inc. Cla","NYSE","111867223","110486080","34698775","3.22",,
"2022-04-29","PM","Philip Morris International In","NYSE","9557908","11105344","5256676","1.82",,
"2022-04-29","PNC","PNC Financial Services Group","NYSE","5361732","4657408","2840322","1.89",,
"2022-04-29","PSX","PHILLIPS 66","NYSE","10209723","10512083","4506732","2.27",,
"2022-04-29","PWR","Quanta Services, Inc.","NYSE","4691400","4716675","1687591","2.78",,
"2022-04-29","QCOM","QUALCOMM Incorporated Common S","NNM","17535740","17927771","11780629","1.49",,
"2022-04-29","RCL","Royal Caribbean Group","NYSE","12407829","12157709","2437256","5.09",,
"2022-04-29","REGN","Regeneron Pharmaceuticals, Inc","NNM","2156142","2148903","497323","4.34",,
"2022-04-29","ROST","Ross Stores, Inc. Common Stock","NNM","5794370","6326317","2583699","2.24",,
"2022-04-29","RSG","Republic Services Inc.","NYSE","1774668","1630113","1274517","1.39",,
"2022-04-29","RTX","Raytheon Technologies Corporat","NYSE","11484767","9803102","5503031","2.09",,
"2022-04-29","SBUX","Starbucks Corporation Common S","NNM","12843595","13614045","8862761","1.45",,
"2022-04-29","SCCO","Southern Copper Corporation","NYSE","3619752","3335682","1264458","2.86",,
"2022-04-29","SCHW","The Charles Schwab Corporation","NYSE","17256335","13751227","11800218","1.46",,
"2022-04-29","SHW","The Sherwin-Williams Company","NYSE","3176694","2161798","2337268","1.36",,
"2022-04-29","SNOW","Snowflake Inc.","NYSE","8493596","7554442","5399504","1.57",,
"2022-04-29","SNPS","Synopsys, Inc. Common Stock","NNM","1613456","1467272","817909","1.97",,
"2022-04-29","SO","The Southern Company","NYSE","14102753","15971140","5642397","2.50",,
"2022-04-29","SPCX","The SPAC and New Issue ETF","NNM","166517","157892","9529","17.47",,
"2022-04-29","SPG","Simon Property Group, Inc.","NYSE","8060310","8472042","1926036","4.18",,
"2022-04-29","SPGI","S&P Global Inc.","NYSE","11078233","11666672","1774830","6.24",,
"2022-04-29","SYK","Stryker Corporation","NYSE","4030510","4550767","1847413","2.18",,
"2022-04-29","T","AT&T Inc.","NYSE","74789229","81701560","63793264","1.17",,
"2022-04-29","TDG","TransDigm Group Incorporated","NYSE","922014","1138903","253980","3.63",,
"2022-04-29","TFC","Truist Financial Corporation","NYSE","12501433","13864955","9585437","1.30",,
"2022-04-29","TGT","Target Corporation","NYSE","9556606","10494623","3390674","2.82",,
"2022-04-29","TJX","TJX Companies, Inc. (The)","NYSE","7875843","7961939","6552134","1.20",,
"2022-04-29","TMO","Thermo Fisher Scientific, Inc.","NYSE","3392830","2434102","1847737","1.84",,
"2022-04-29","TMUS","T-Mobile US, Inc. Common Stock","NNM","16455412","20590818","5018492","3.28",,
"2022-04-29","TRV","The Travelers Companies, Inc.","NYSE","2972850","3106610","1731919","1.72",,
"2022-04-29","TSLA","Tesla, Inc. Common Stock","NNM","23732107","24552598","27907210","1.00",,
"2022-04-29","TXN","Texas Instruments Incorporated","NNM","14265706","14423113","6942801","2.05",,
"2022-04-29","UBER","Uber Technologies, Inc.","NYSE","75349432","63618575","26711090","2.82",,
"2022-04-29","UNH","UNITEDHEALTH GROUP INCORPORATE","NYSE","4885790","5505159","2801136","1.74",,
"2022-04-29","UNP","Union Pacific Corp.","NYSE","6213214","6776798","3653993","1.70",,
"2022-04-29","UPS","United Parcel Service, Inc. Cl","NYSE","8827915","8493253","3928584","2.25",,
"2022-04-29","URI","United Rentals, Inc.","NYSE","1950746","1992116","900809","2.17",,
"2022-04-29","USB","U.S. Bancorp","NYSE","10542259","11680177","7690726","1.37",,
"2022-04-29","V","VISA Inc.","NYSE","26566643","26094660","8171962","3.25",,
"2022-04-29","VLO","Valero Energy Corporation","NYSE","9952804","9320327","5230404","1.90",,
"2022-04-29","VRT","Vertiv Holdings Co Class A Com","NYSE","8638766","9664279","4274622","2.02",,
"2022-04-29","VRTX","Vertex Pharmaceuticals Incorpo","NNM","3414165","4097405","1542446","2.21",,
"2022-04-29","VZ","Verizon Communications","NYSE","45111645","44565979","30477126","1.48",,
"2022-04-29","WBD","Warner Bros. Discovery, Inc. S","NNM","38630886","61411071","32538080","1.19",,
"2022-04-29","WDC","Western Digital Corporation Co","NNM","7118015","7818680","4902397","1.45",,
"2022-04-29","WELL","Welltower Inc.","NYSE","8482176","8915620","2084605","4.07",,
"2022-04-29","WFC","Wells Fargo & Co.","NYSE","34255638","34205964","22814580","1.50",,
"2022-04-29","WM","Waste Management, Inc.","NYSE","4845077","4568617","2058639","2.35",,
"2022-04-29","WMB","Williams Companies Inc.","NYSE","18090674","17280241","7920530","2.28",,
"2022-04-29","WMT","Walmart Inc.","NYSE","12361771","13334130","6025930","2.05",,
"2022-04-29","XOM","Exxon Mobil Corporation","NYSE","36687030","32334228","28045979","1.31",,
"2022-07-15","AAPL","Apple Inc. Common Stock","NNM","104993162","112994371","71570113","1.47",,
"2022-07-15","ABBV","ABBVIE INC.","NYSE","14029156","14421130","5329101","2.63",,
"2022-07-15","ABNB","Airbnb, Inc. Class A Common St","NNM","22434099","19374041","6530058","3.44",,
"2022-07-15","ABT","Abbott Laboratories","NYSE","14216108","12981976","4378064","3.25",,
"2022-07-15","ADBE","Adobe Inc. Common Stock","NNM","5664676","5587908","2269785","2.50",,
"2022-07-15","ADI","Analog Devices, Inc. Common St","NNM","5855872","6380346","3148603","1.86",,
"2022-07-15","ADP","Automatic Data Processing, Inc","NNM","3978398","3817417","1270935","3.13",,
"2022-07-15","AEP","American Electric Power Compan","NNM","8871470","9111394","2374472","3.74",,
"2022-07-15","AFL","Aflac Inc.","NYSE","8781599","8718382","2104285","4.17",,
"2022-07-15","AJG","Arthur J. Gallagher & Co.","NYSE","1873901","1818406","633860","2.96",,
"2022-07-15","ALL","The Allstate Corporation","NYSE","3293887","3222211","2106153","1.56",,
"2022-07-15","AMAT","Applied Materials, Inc. Common","NNM","11292540","10473497","7397646","1.53",,
"2022-07-15","AMD","Advanced Micro Devices, Inc. C","NNM","34942372","32592109","82880780","1.00",,
"2022-07-15","AMGN","Amgen Inc. Common Stock","NNM","17329695","17218752","2735183","6.34",,
"2022-07-15","AMT","American Tower Corporation","NYSE","3754808","4801820","1278092","2.94",,
"2022-07-15","AMZN","Amazon.com, Inc. Common Stock","NNM","81630928","91069032","62416260","1.31",,
"2022-07-15","ANET","Arista Networks","NYSE","3383586","3382292","1617932","2.09",,
"2022-07-15","AON","Aon plc Class A","NYSE","1781576","1968203","909438","1.96",,
"2022-07-15","APD","Air Products & Chemicals, Inc.","NYSE","2084660","2904382","1305731","1.60",,
"2022-07-15","APH","Amphenol Corporation","NYSE","4983680","4975337","1890222","2.64",,
"2022-07-15","APO","Apollo Global Management, Inc.","NYSE","19279870","19034065","2246565","8.58",,
"2022-07-15","APP","Applovin Corporation Class A C","NNM","14483702","13750817","1999662","7.24",,
"2022-07-15","AVGO","Broadcom Inc. Common Stock","NNM","4955666","4904905","1961375","2.53",,
"2022-07-15","AXP","American Express Company","NYSE","8308370","7788564","3605047","2.30",,
"2022-07-15","BA","Boeing Company","NYSE","10263831","10608347","8882297","1.16",,
"2022-07-15","BAC","Bank of America Corporation","NYSE","70106394","81119702","43743658","1.60",,
"2022-07-15","BKNG","Booking Holdings Inc. Common S","NNM","731559","630440","377867","1.94",,
"2022-07-15","BLK","Blackrock, Inc.","NYSE","2128803","2281154","619451","3.44",,
"2022-07-15","BMY","Bristol-Myers Squibb Co.","NYSE","27333250","38975383","9858440","2.77",,
"2022-07-15","BNY","BlackRock New York Municipal I","NYSE","2080","11124","44462","1.00",,
"2022-07-15","BRKA","Berkshire Hathaway Inc.","NYSE","266","276","1961","1.00",,
"2022-07-15","BRKB","BERKSHIRE HATHAWAY Class B","NYSE","7598373","7907282","3585613","2.12",,
"2022-07-15","BSX","Boston Scientific Corp.","NYSE","16044061","16443258","5946949","2.70",,
"2022-07-15","BX","Blackstone Inc.","NYSE","13606543","13620327","3321018","4.10",,
"2022-07-15","C","Citigroup Inc.","NYSE","46660727","48901202","24349494","1.92",,
"2022-07-15","CAT","Caterpillar Inc.","NYSE","5748406","5808453","3020252","1.90",,
"2022-07-15","CDNS","Cadence Design Systems, Inc. C","NNM","3730441","3663942","1320061","2.83",,
"2022-07-15","CEG","Constellation Energy Corporati","NNM","5137459","5535454","2276182","2.26",,
"2022-07-15","CI","CIGNA Corporation","NYSE","7892662","3751688","2409535","3.28",,
"2022-07-15","CL","Colgate-Palmolive Company","NYSE","10056690","13177721","4339736","2.32",,
"2022-07-15","CMCSA","Comcast Corporation Class A Co","NNM","68065265","65338195","18823468","3.62",,
"2022-07-15","CME","CME Group Inc. Class A Common","NNM","2998040","3302824","1228466","2.44",,
"2022-07-15","CMI","Cummins Inc.","NYSE","2082348","2292156","1101533","1.89",,
"2022-07-15","COF","Capital One Financial","NYSE","6829440","7447838","2270415","3.01",,
"2022-07-15","COP","ConocoPhillips","NYSE","13893168","13922921","7589862","1.83",,
"2022-07-15","COST","Costco Wholesale Corporation C","NNM","3668045","3736125","2563919","1.43",,
"2022-07-15","CRM","Salesforce, Inc.","NYSE","11371285","12155072","4926429","2.31",,
"2022-07-15","CRWD","CrowdStrike Holdings, Inc. Cla","NNM","11851742","11771626","3512704","3.37",,
"2022-07-15","CSCO","Cisco Systems, Inc. Common Sto","NNM","37647684","37833170","18637803","2.02",,
"2022-07-15","CSX","CSX Corporation Common Stock","NNM","22986347","29603439","15071745","1.53",,
"2022-07-15","CTAS","Cintas Corporation Common Stoc","NNM","1182786","920258","485011","2.44",,
"2022-07-15","CVNA","Carvana Co.","NYSE","29033353","29821032","12369697","2.35",,
"2022-07-15","CVS","CVS HEALTH CORPORATION","NYSE","13908450","14189389","4085156","3.40",,
"2022-07-15","CVX","Chevron Corporation","NYSE","19903268","17945041","9461022","2.10",,
"2022-07-15","D","Dominion Energy, Inc Common St","NYSE","7255301","5746333","2983212","2.43",,
"2022-07-15","DASH","DoorDash, Inc.","NYSE","18020576","16846387","5568019","3.24",,
"2022-07-15","DDOG","Datadog, Inc. Class A Common S","NNM","9262271","12117374","4439859","2.09",,
"2022-07-15","DE","Deere & Company","NYSE","2797497","3111615","1512929","1.85",,
"2022-07-15","DELL","Dell Technologies Inc.","NYSE","5935692","5491223","3650575","1.63",,
"2022-07-15","DHR","Danaher Corporation","NYSE","4607265","4830582","2018842","2.28",,
"2022-07-15","DIS","The Walt Disney Company","NYSE","20885416","21296222","9980410","2.09",,
"2022-07-15","DLR","Digital Realty Trust, Inc.","NYSE","9289481","8784985","1186324","7.83",,
"2022-07-15","DUK","Duke Energy Corporation","NYSE","8366864","7329182","2283308","3.66",,
"2022-07-15","ECL","Ecolab, Inc.","NYSE","2709823","2371127","1194689","2.27",,
"2022-07-15","ELV","Elevance Health, Inc.","NYSE","2308017","2267885","858310","2.69",,
"2022-07-15","EMR","Emerson Electric Co.","NYSE","4581678","4877245","2622419","1.75",,
"2022-07-15","EOG","EOG Resources, Inc.","NYSE","7069947","8369716","4267845","1.66",,
"2022-07-15","EPD","Enterprise Products Partners L","NYSE","20954598","19618498","7955017","2.63",,
"2022-07-15","EQIX","Equinix, Inc. Common Stock REI","NNM","1460252","1488550","393914","3.71",,
"2022-07-15","FCX","Freeport-McMoran Inc.","NYSE","30927695","25566057","27247876","1.14",,
"2022-07-15","FDX","FedEx Corporation","NYSE","3758084","3815165","1841180","2.04",,
"2022-07-15","FTNT","Fortinet, Inc. Common Stock","NNM","11514525","10400139","4148249","2.78",,
"2022-07-15","GD","General Dynamics Corporation","NYSE","3098678","3887892","963329","3.22",,
"2022-07-15","GE","General Electric Company","NYSE","14367793","12397306","5960752","2.41",,
"2022-07-15","GILD","Gilead Sciences, Inc. Common S","NNM","16564703","14648120","5319315","3.11",,
"2022-07-15","GLW","Corning Incorporated","NYSE","20399967","18152413","3687575","5.53",,
"2022-07-15","GM","General Motors Company","NYSE","31247870","30007768","16425091","1.90",,
"2022-07-15","GOOG","Alphabet Inc. Class C Capital","NNM","1498821","1754117","1562782","1.00",,
"2022-07-15","GOOGL","Alphabet Inc. Class A Common S","NNM","2348408","2505057","1890433","1.24",,
"2022-07-15","GS","Goldman Sachs Group Inc.","NYSE","5017250","4705210","2129882","2.36",,
"2022-07-15","GWW","W.W. Grainger, Inc.","NYSE","1205199","1207439","338855","3.56",,
"2022-07-15","HCA","HCA Healthcare, Inc.","NYSE","4571403","4547423","1510057","3.03",,
"2022-07-15","HD","Home Depot, Inc.","NYSE","7841714","8433937","2685164","2.92",,
"2022-07-15","HLT","Hilton Worldwide Holdings Inc.","NYSE","5862581","5113896","2356670","2.49",,
"2022-07-15","HON","Honeywell International Inc. C","NNM","5561955","6245454","2378193","2.34",,
"2022-07-15","HOOD","Robinhood Markets, Inc. Class","NNM","45090052","50182509","10706890","4.21",,
"2022-07-15","HPE","Hewlett Packard Enterprise Com","NYSE","28042601","28015095","9813963","2.86",,
"2022-07-15","HWM","Howmet Aerospace Inc.","NYSE","8174409","6568819","2760001","2.96",,
"2022-07-15","IBKR","Interactive Brokers Group, Inc","NNM","2368569","2134993","845862","2.80",,
"2022-07-15","IBM","International Business Machine","NYSE","22411185","22211804","4133047","5.42",,
"2022-07-15","ICE","Intercontinental Exchange  Inc","NYSE","7578291","4950431","2551182","2.97",,
"2022-07-15","INTC","Intel Corporation Common Stock","NNM","70008195","75738465","30775285","2.27",,
"2022-07-15","INTU","Intuit Inc. Common Stock","NNM","2561282","2379037","1344305","1.91",,
"2022-07-15","ISRG","Intuitive Surgical, Inc. Commo","NNM","3637723","3372268","1493295","2.44",,
"2022-07-15","ITW","Illinois Tool Works Inc.","NYSE","5729978","6316092","1072736","5.34",,
"2022-07-15","JNJ","Johnson & Johnson","NYSE","13613059","14240361","5076228","2.68",,
"2022-07-15","JPM","JPMorgan Chase & Co.","NYSE","17731481","16574768","13014469","1.36",,
"2022-07-15","KKR","KKR & Co. Inc.","NYSE","8302041","8198556","2441602","3.40",,
"2022-07-15","KLAC","KLA Corporation Common Stock","NNM","7762888","8451185","1592150","4.88",,
"2022-07-15","KMI","Kinder Morgan, Inc.","NYSE","32915054","30359468","14498024","2.27",,
"2022-07-15","KO","Coca-Cola Company","NYSE","34236546","30452567","14764057","2.32",,
"2022-07-15","LIN","Linde plc Ordinary Share","NYSE","4705840","5427020","2684008","1.75",,
"2022-07-15","LLY","Eli Lilly & Co.","NYSE","5464056","4925874","2239501","2.44",,
"2022-07-15","LMT","Lockheed Martin Corp.","NYSE","2544255","2581601","1073696","2.37",,
"2022-07-15","LOW","Lowe's Companies Inc.","NYSE","12386371","11747786","2802962","4.42",,
"2022-07-15","LRCX","Lam Research Corporation Commo","NNM","1697742","1722443","1454824","1.17",,
"2022-07-15","MA","Mastercard Incorporated","NYSE","5365746","5074002","2389343","2.25",,
"2022-07-15","MAR","Marriott International Class A","NNM","6355508","6494453","2045680","3.11",,
"2022-07-15","MCD","McDonald's Corporation","NYSE","6097329","6212620","2151475","2.83",,
"2022-07-15","MCK","McKesson Corporation","NYSE","2496796","2375381","932128","2.68",,
"2022-07-15","MCO","Moody's Corporation","NYSE","3116351","3162349","755425","4.13",,
"2022-07-15","MDLZ","Mondelez International, Inc. C","NNM","12052970","12004857","7110971","1.69",,
"2022-07-15","MDT","Medtronic plc","NYSE","10224678","9718569","4843771","2.11",,
"2022-07-15","META","Meta Platforms, Inc. Class A C","NNM","26814101","28420338","22827669","1.17",,
"2022-07-15","MMM","3M Company","NYSE","7765938","8379954","2928505","2.65",,
"2022-07-15","MNST","Monster Beverage Corporation","NNM","7446223","4612938","3116337","2.39",,
"2022-07-15","MO","Altria Group, Inc.","NYSE","19950302","18166339","9367873","2.13",,
"2022-07-15","MPC","MARATHON PETROLEUM CORPORATION","NYSE","16586554","15797738","5433053","3.05",,
"2022-07-15","MPWR","Monolithic Power Systems, Inc.","NNM","863303","861370","421330","2.05",,
"2022-07-15","MRK","Merck & Co., Inc.","NYSE","20333172","20467105","8650104","2.35",,
"2022-07-15","MRVL","Marvell Technology, Inc. Commo","NNM","16613381","14423634","8223376","2.02",,
"2022-07-15","MS","Morgan Stanley","NYSE","15808744","16581885","7799633","2.03",,
"2022-07-15","MSFT","Microsoft Corporation Common S","NNM","38999356","38896339","24958625","1.56",,
"2022-07-15","MSI","Motorola Solutions, Inc. New","NYSE","1225451","1302159","618242","1.98",,
"2022-07-15","MU","Micron Technology, Inc. Common","NNM","34036112","29113898","22748260","1.50",,
"2022-07-15","NEE","Nextra Energy, Inc.","NYSE","24109053","20639357","7423482","3.25",,
"2022-07-15","NEM","Newmont Corporation","NYSE","11315330","10991053","6264039","1.81",,
"2022-07-15","NET","Cloudflare, Inc. Class A commo","NYSE","16950153","17741891","4909468","3.45",,
"2022-07-15","NFLX","Netflix, Inc. Common Stock","NNM","13213734","12546512","8112064","1.63",,
"2022-07-15","NKE","Nike, Inc.","NYSE","14864348","14852135","6895885","2.16",,
"2022-07-15","NOC","Northrop Grumman Corp.","NYSE","1721768","1920001","734170","2.35",,
"2022-07-15","NOW","SERVICENOW, INC.","NYSE","3998519","4216104","2209708","1.81",,
"2022-07-15","NSC","Norfolk Southern Corp.","NYSE","3296473","3203930","1199750","2.75",,
"2022-07-15","NVDA","NVIDIA Corporation Common Stoc","NNM","36044387","32918766","49759797","1.00",,
"2022-07-15","O","Realty Income Corporation","NYSE","20334593","15615998","3225963","6.30",,
"2022-07-15","ORCL","Oracle Corp","NYSE","15439684","13155714","6383442","2.42",,
"2022-07-15","ORLY","O'Reilly Automotive, Inc. Comm","NNM","831271","749412","419191","1.98",,
"2022-07-15","PANW","Palo Alto Networks, Inc. Commo","NNM","7261762","6985840","1171908","6.20",,
"2022-07-15","PCAR","PACCAR Inc. Common Stock","NNM","3694705","3868365","2106374","1.75",,
"2022-07-15","PEP","PepsiCo, Inc. Common Stock","NNM","10842334","10898235","4514362","2.40",,
"2022-07-15","PFE","Pfizer Inc.","NYSE","67352858","68925072","15942231","4.22",,
"2022-07-15","PG","Procter & Gamble Company","NYSE","13555712","14034586","5499613","2.46",,
"2022-07-15","PGR","Progressive Corporation","NYSE","6664770","6608533","3531910","1.89",,
"2022-07-15","PH","Parker-Hannifin Corporation","NYSE","1852771","1749257","893849","2.07",,
"2022-07-15","PLD","PROLOGIS, INC.","NYSE","15879072","14491134","2947750","5.39",,
"2022-07-15","PLTR","Palantir Technologies Inc. Cla","NYSE","108637946","104703979","38732816","2.80",,
"2022-07-15","PM","Philip Morris International In","NYSE","7320469","9507872","4799292","1.53",,
"2022-07-15","PNC","PNC Financial Services Group","NYSE","5266469","5048475","2229839","2.36",,
"2022-07-15","PSX","PHILLIPS 66","NYSE","10816017","10424064","3545298","3.05",,
"2022-07-15","PWR","Quanta Services, Inc.","NYSE","6050017","7573682","1009595","5.99",,
"2022-07-15","QCOM","QUALCOMM Incorporated Common S","NNM","16958739","18142731","8114957","2.09",,
"2022-07-15","RCL","Royal Caribbean Group","NYSE","17211490","15169152","6855318","2.51",,
"2022-07-15","REGN","Regeneron Pharmaceuticals, Inc","NNM","2857143","2769501","488815","5.85",,
"2022-07-15","ROST","Ross Stores, Inc. Common Stock","NNM","8713298","8810879","2808234","3.10",,
"2022-07-15","RSG","Republic Services Inc.","NYSE","1492997","1781068","881451","1.69",,
"2022-07-15","RTX","Raytheon Technologies Corporat","NYSE","11318306","12418290","4124886","2.74",,
"2022-07-15","SBUX","Starbucks Corporation Common S","NNM","16691828","14498557","5418948","3.08",,
"2022-07-15","SCCO","Southern Copper Corporation","NYSE","5889315","4681232","1668243","3.53",,
"2022-07-15","SCHW","The Charles Schwab Corporation","NYSE","14598833","16032923","5322328","2.74",,
"2022-07-15","SHW","The Sherwin-Williams Company","NYSE","2830046","2820224","1531808","1.85",,
"2022-07-15","SNOW","Snowflake Inc.","NYSE","12943686","13244835","6256281","2.07",,
"2022-07-15","SNPS","Synopsys, Inc. Common Stock","NNM","1657144","1601735","741752","2.23",,
"2022-07-15","SO","The Southern Company","NYSE","14854172","13531490","4095036","3.63",,
"2022-07-15","SPCX","The SPAC and New Issue ETF","NNM","160791","155811","3733","43.07",,
"2022-07-15","SPG","Simon Property Group, Inc.","NYSE","6937800","6656155","1606677","4.32",,
"2022-07-15","SPGI","S&P Global Inc.","NYSE","7580260","7890221","1785478","4.25",,
"2022-07-15","SYK","Stryker Corporation","NYSE","5141218","5026302","1370095","3.75",,
"2022-07-15","T","AT&T Inc.","NYSE","77367282","82715052","27223092","2.84",,
"2022-07-15","TDG","TransDigm Group Incorporated","NYSE","1059058","1081955","233128","4.54",,
"2022-07-15","TFC","Truist Financial Corporation","NYSE","12120188","14248433","5609916","2.16",,
"2022-07-15","TGT","Target Corporation","NYSE","7139078","7826314","3082013","2.32",,
"2022-07-15","TJX","TJX Companies, Inc. (The)","NYSE","12817060","11140476","5876919","2.18",,
"2022-07-15","TMO","Thermo Fisher Scientific, Inc.","NYSE","2745297","2952440","1235074","2.22",,
"2022-07-15","TMUS","T-Mobile US, Inc. Common Stock","NNM","14965098","15861024","3503735","4.27",,
"2022-07-15","TRV","The Travelers Companies, Inc.","NYSE","3454111","3387268","1142739","3.02",,
"2022-07-15","TSLA","Tesla, Inc. Common Stock","NNM","23491892","27101597","28230174","1.00",,
"2022-07-15","TXN","Texas Instruments Incorporated","NNM","16648144","16879363","5512488","3.02",,
"2022-07-15","UBER","Uber Technologies, Inc.","NYSE","73658618","82959292","23124760","3.19",,
"2022-07-15","UNH","UNITEDHEALTH GROUP INCORPORATE","NYSE","5678002","7029001","3086667","1.84",,
"2022-07-15","UNP","Union Pacific Corp.","NYSE","5563433","5435315","2319514","2.40",,
"2022-07-15","UPS","United Parcel Service, Inc. Cl","NYSE","11928314","11339834","2873887","4.15",,
"2022-07-15","URI","United Rentals, Inc.","NYSE","2954099","2927514","623567","4.74",,
"2022-07-15","USB","U.S. Bancorp","NYSE","12344210","11706631","5335647","2.31",,
"2022-07-15","V","VISA Inc.","NYSE","34263343","33419993","5322070","6.44",,
"2022-07-15","VLO","Valero Energy Corporation","NYSE","9608536","9650584","4031871","2.38",,
"2022-07-15","VRT","Vertiv Holdings Co Class A Com","NYSE","9248629","7630373","3958078","2.34",,
"2022-07-15","VRTX","Vertex Pharmaceuticals Incorpo","NNM","3588960","3150356","1600063","2.24",,
"2022-07-15","VZ","Verizon Communications","NYSE","42065063","39255234","14583780","2.88",,
"2022-07-15","WBD","Warner Bros. Discovery, Inc. S","NNM","61059602","62408279","18296287","3.34",,
"2022-07-15","WDC","Western Digital Corporation Co","NNM","9215636","9195242","3157106","2.92",,
"2022-07-15","WELL","Welltower Inc.","NYSE","14071657","14272567","1710680","8.23",,
"2022-07-15","WFC","Wells Fargo & Co.","NYSE","31806089","31055790","19404394","1.64",,
"2022-07-15","WM","Waste Management, Inc.","NYSE","3241917","3380777","1288874","2.52",,
"2022-07-15","WMB","Williams Companies Inc.","NYSE","22156879","19045305","8073948","2.74",,
"2022-07-15","WMT","Walmart Inc.","NYSE","13472243","12180880","5642136","2.39",,
"2022-07-15","XOM","Exxon Mobil Corporation","NYSE","37524789","39262827","23593283","1.59",,
"2022-06-30","AAPL","Apple Inc. Common Stock","NNM","112994371","120066688","86716392","1.30",,
"2022-06-30","ABBV","ABBVIE INC.","NYSE","14421130","13524712","7341632","1.96",,
"2022-06-30","ABNB","Airbnb, Inc. Class A Common St","NNM","19374041","15152968","10826579","1.79",,
"2022-06-30","ABT","Abbott Laboratories","NYSE","12981976","14018238","6388223","2.03",,
"2022-06-30","ADBE","Adobe Inc. Common Stock","NNM","5587908","6224616","3888319","1.44",,
"2022-06-30","ADI","Analog Devices, Inc. Common St","NNM","6380346","7946265","3773814","1.69",,
"2022-06-30","ADP","Automatic Data Processing, Inc","NNM","3817417","3699970","1836171","2.08",,
"2022-06-30","AEP","American Electric Power Compan","NNM","9111394","7859085","3431325","2.66",,
"2022-06-30","AFL","Aflac Inc.","NYSE","8718382","9629225","2786618","3.13",,
"2022-06-30","AJG","Arthur J. Gallagher & Co.","NYSE","1818406","1457633","1054879","1.72",,
"2022-06-30","ALL","The Allstate Corporation","NYSE","3222211","3314571","2051039","1.57",,
"2022-06-30","AMAT","Applied Materials, Inc. Common","NNM","10473497","11132732","9354561","1.12",,
"2022-06-30","AMD","Advanced Micro Devices, Inc. C","NNM","32592109","41235227","95089892","1.00",,
"2022-06-30","AMGN","Amgen Inc. Common Stock","NNM","17218752","18513225","4368353","3.94",,
"2022-06-30","AMT","American Tower Corporation","NYSE","4801820","4652729","2469982","1.94",,
"2022-06-30","AMZN","Amazon.com, Inc. Common Stock","NNM","91069032","112243921","74793379","1.22",,
"2022-06-30","ANET","Arista Networks","NYSE","3382292","3950853","1747187","1.94",,
"2022-06-30","AON","Aon plc Class A","NYSE","1968203","1977160","1043792","1.89",,
"2022-06-30","APD","Air Products & Chemicals, Inc.","NYSE","2904382","2717487","1163787","2.50",,
"2022-06-30","APH","Amphenol Corporation","NYSE","4975337","5251808","2601889","1.91",,
"2022-06-30","APO","Apollo Global Management, Inc.","NYSE","19034065","21612360","4598953","4.14",,
"2022-06-30","APP","Applovin Corporation Class A C","NNM","13750817","11362314","3984961","3.45",,
"2022-06-30","AVGO","Broadcom Inc. Common Stock","NNM","4904905","5546335","2260453","2.17",,
"2022-06-30","AXP","American Express Company","NYSE","7788564","9064024","4881990","1.60",,
"2022-06-30","BA","Boeing Company","NYSE","10608347","9877748","11474088","1.00",,
"2022-06-30","BAC","Bank of America Corporation","NYSE","81119702","76822231","53658103","1.51",,
"2022-06-30","BKNG","Booking Holdings Inc. Common S","NNM","630440","824642","502463","1.25",,
"2022-06-30","BLK","Blackrock, Inc.","NYSE","2281154","2154605","879240","2.59",,
"2022-06-30","BMY","Bristol-Myers Squibb Co.","NYSE","38975383","34455561","14247505","2.74",,
"2022-06-30","BNY","BlackRock New York Municipal I","NYSE","11124","14124","57758","1.00",,
"2022-06-30","BRKA","Berkshire Hathaway Inc.","NYSE","276","291","2192","1.00",,
"2022-06-30","BRKB","BERKSHIRE HATHAWAY Class B","NYSE","7907282","8839206","5493932","1.44",,
"2022-06-30","BSX","Boston Scientific Corp.","NYSE","16443258","19016862","9205625","1.79",,
"2022-06-30","BX","Blackstone Inc.","NYSE","13620327","15339740","5768346","2.36",,
"2022-06-30","C","Citigroup Inc.","NYSE","48901202","47476114","23680304","2.07",,
"2022-06-30","CAT","Caterpillar Inc.","NYSE","5808453","5679978","4334333","1.34",,
"2022-06-30","CDNS","Cadence Design Systems, Inc. C","NNM","3663942","3178427","1816530","2.02",,
"2022-06-30","CEG","Constellation Energy Corporati","NNM","5535454","5329349","3485934","1.59",,
"2022-06-30","CI","CIGNA Corporation","NYSE","3751688","3593410","2134000","1.76",,
"2022-06-30","CL","Colgate-Palmolive Company","NYSE","13177721","12629202","4807668","2.74",,
"2022-06-30","CMCSA","Comcast Corporation Class A Co","NNM","65338195","75154492","27031669","2.42",,
"2022-06-30","CME","CME Group Inc. Class A Common","NNM","3302824","3269305","1609719","2.05",,
"2022-06-30","CMI","Cummins Inc.","NYSE","2292156","2035011","1000356","2.29",,
"2022-06-30","COF","Capital One Financial","NYSE","7447838","7493260","3522410","2.11",,
"2022-06-30","COP","ConocoPhillips","NYSE","13922921","17254092","12251286","1.14",,
"2022-06-30","COST","Costco Wholesale Corporation C","NNM","3736125","4139588","2442283","1.53",,
"2022-06-30","CRM","Salesforce, Inc.","NYSE","12155072","14086861","8095568","1.50",,
"2022-06-30","CRWD","CrowdStrike Holdings, Inc. Cla","NNM","11771626","12368542","3829551","3.07",,
"2022-06-30","CSCO","Cisco Systems, Inc. Common Sto","NNM","37833170","41997212","27440364","1.38",,
"2022-06-30","CSX","CSX Corporation Common Stock","NNM","29603439","26079680","18343574","1.61",,
"2022-06-30","CTAS","Cintas Corporation Common Stoc","NNM","920258","1171681","535743","1.72",,
"2022-06-30","CVNA","Carvana Co.","NYSE","29821032","29988511","11645374","2.56",,
"2022-06-30","CVS","CVS HEALTH CORPORATION","NYSE","14189389","15026320","5422331","2.62",,
"2022-06-30","CVX","Chevron Corporation","NYSE","17945041","19218980","14623963","1.23",,
"2022-06-30","D","Dominion Energy, Inc Common St","NYSE","5746333","5752447","3933788","1.46",,
"2022-06-30","DASH","DoorDash, Inc.","NYSE","16846387","15477911","5341493","3.15",,
"2022-06-30","DDOG","Datadog, Inc. Class A Common S","NNM","12117374","12538476","4981830","2.43",,
"2022-06-30","DE","Deere & Company","NYSE","3111615","2642135","2113049","1.47",,
"2022-06-30","DELL","Dell Technologies Inc.","NYSE","5491223","8499683","4295614","1.28",,
"2022-06-30","DHR","Danaher Corporation","NYSE","4830582","3989790","2643521","1.83",,
"2022-06-30","DIS","The Walt Disney Company","NYSE","21296222","23269564","12906579","1.65",,
"2022-06-30","DLR","Digital Realty Trust, Inc.","NYSE","8784985","9142930","1967575","4.46",,
"2022-06-30","DUK","Duke Energy Corporation","NYSE","7329182","6693261","3141127","2.33",,
"2022-06-30","ECL","Ecolab, Inc.","NYSE","2371127","2014892","1397941","1.70",,
"2022-06-30","ELV","Elevance Health, Inc.","NYSE","2267885","2273978","1406995","1.61",,
"2022-06-30","EMR","Emerson Electric Co.","NYSE","4877245","5486480","3889527","1.25",,
"2022-06-30","EOG","EOG Resources, Inc.","NYSE","8369716","9877033","6662003","1.26",,
"2022-06-30","EPD","Enterprise Products Partners L","NYSE","19618498","21366282","8994104","2.18",,
"2022-06-30","EQIX","Equinix, Inc. Common Stock REI","NNM","1488550","1245763","749992","1.98",,
"2022-06-30","FCX","Freeport-McMoran Inc.","NYSE","25566057","25867661","24838490","1.03",,
"2022-06-30","FDX","FedEx Corporation","NYSE","3815165","4176412","3796937","1.00",,
"2022-06-30","FTNT","Fortinet, Inc. Common Stock","NNM","10400139","2378748","5515312","1.89","S",
"2022-06-30","GD","General Dynamics Corporation","NYSE","3887892","3655886","1509498","2.58",,
"2022-06-30","GE","General Electric Company","NYSE","12397306","15486887","8206465","1.51",,
"2022-06-30","GILD","Gilead Sciences, Inc. Common S","NNM","14648120","15646550","8244841","1.78",,
"2022-06-30","GLW","Corning Incorporated","NYSE","18152413","15623023","6042598","3.00",,
"2022-06-30","GM","General Motors Company","NYSE","30007768","32106440","16806315","1.79",,
"2022-06-30","GOOG","Alphabet Inc. Class C Capital","NNM","1754117","1876210","1605111","1.09",,
"2022-06-30","GOOGL","Alphabet Inc. Class A Common S","NNM","2505057","2828853","1951502","1.28",,
"2022-06-30","GS","Goldman Sachs Group Inc.","NYSE","4705210","4508016","2908025","1.62",,
"2022-06-30","GWW","W.W. Grainger, Inc.","NYSE","1207439","1095964","326183","3.70",,
"2022-06-30","HCA","HCA Healthcare, Inc.","NYSE","4547423","5057276","2969964","1.53",,
"2022-06-30","HD","Home Depot, Inc.","NYSE","8433937","9482897","5431862","1.55",,
"2022-06-30","HLT","Hilton Worldwide Holdings Inc.","NYSE","5113896","5798523","2775746","1.84",,
"2022-06-30","HON","Honeywell International Inc. C","NNM","6245454","6157286","3419949","1.83",,
"2022-06-30","HOOD","Robinhood Markets, Inc. Class","NNM","50182509","56567496","28500266","1.76",,
"2022-06-30","HPE","Hewlett Packard Enterprise Com","NYSE","28015095","30415568","10567584","2.65",,
"2022-06-30","HWM","Howmet Aerospace Inc.","NYSE","6568819","7058500","2538390","2.59",,
"2022-06-30","IBKR","Interactive Brokers Group, Inc","NNM","2134993","2960442","809538","2.64",,
"2022-06-30","IBM","International Business Machine","NYSE","22211804","21306204","5931743","3.74",,
"2022-06-30","ICE","Intercontinental Exchange  Inc","NYSE","4950431","4954286","3662727","1.35",,
"2022-06-30","INTC","Intel Corporation Common Stock","NNM","75738465","79043921","37850210","2.00",,
"2022-06-30","INTU","Intuit Inc. Common Stock","NNM","2379037","2514843","1940450","1.23",,
"2022-06-30","ISRG","Intuitive Surgical, Inc. Commo","NNM","3372268","3574627","2183014","1.54",,
"2022-06-30","ITW","Illinois Tool Works Inc.","NYSE","6316092","6514114","1230095","5.13",,
"2022-06-30","JNJ","Johnson & Johnson","NYSE","14240361","15394152","9101550","1.56",,
"2022-06-30","JPM","JPMorgan Chase & Co.","NYSE","16574768","18917969","14327346","1.16",,
"2022-06-30","KKR","KKR & Co. Inc.","NYSE","8198556","8125493","3484900","2.35",,
"2022-06-30","KLAC","KLA Corporation Common Stock","NNM","8451185","2266919","1602614","5.27",,
"2022-06-30","KMI","Kinder Morgan, Inc.","NYSE","30359468","29391577","20319964","1.49",,
"2022-06-30","KO","Coca-Cola Company","NYSE","30452567","30535339","17072192","1.78",,
"2022-06-30","LIN","Linde plc Ordinary Share","NYSE","5427020","2491071","5200037","1.04",,
"2022-06-30","LLY","Eli Lilly & Co.","NYSE","4925874","4286692","3732840","1.32",,
"2022-06-30","LMT","Lockheed Martin Corp.","NYSE","2581601","2408713","1437821","1.80",,
"2022-06-30","LOW","Lowe's Companies Inc.","NYSE","11747786","12332432","4722427","2.49",,
"2022-06-30","LRCX","Lam Research Corporation Commo","NNM","1722443","2862055","1219704","1.41",,
"2022-06-30","MA","Mastercard Incorporated","NYSE","5074002","4944842","3673229","1.38",,
"2022-06-30","MAR","Marriott International Class A","NNM","6494453","6934703","2990494","2.17",,
"2022-06-30","MCD","McDonald's Corporation","NYSE","6212620","6909804","3209306","1.94",,
"2022-06-30","MCK","McKesson Corporation","NYSE","2375381","2482248","1547328","1.54",,
"2022-06-30","MCO","Moody's Corporation","NYSE","3162349","3659910","927870","3.41",,
"2022-06-30","MDLZ","Mondelez International, Inc. C","NNM","12004857","16237242","7734638","1.55",,
"2022-06-30","MDT","Medtronic plc","NYSE","9718569","10206686","6364718","1.53",,
"2022-06-30","META","Meta Platforms, Inc. Class A C","NNM","28420338","31442644","38612513","1.00",,
"2022-06-30","MMM","3M Company","NYSE","8379954","9123534","3440206","2.44",,
"2022-06-30","MNST","Monster Beverage Corporation","NNM","4612938","5252812","3009930","1.53",,
"2022-06-30","MO","Altria Group, Inc.","NYSE","18166339","17528637","19820548","1.00",,
"2022-06-30","MPC","MARATHON PETROLEUM CORPORATION","NYSE","15797738","16652465","11379996","1.39",,
"2022-06-30","MPWR","Monolithic Power Systems, Inc.","NNM","861370","874773","498040","1.73",,
"2022-06-30","MRK","Merck & Co., Inc.","NYSE","20467105","19947796","16227909","1.26",,
"2022-06-30","MRVL","Marvell Technology, Inc. Commo","NNM","14423634","15961667","10975868","1.31",,
"2022-06-30","MS","Morgan Stanley","NYSE","16581885","17981736","9643161","1.72",,
"2022-06-30","MSFT","Microsoft Corporation Common S","NNM","38896339","48150433","29532641","1.32",,
"2022-06-30","MSI","Motorola Solutions, Inc. New","NYSE","1302159","1503619","877695","1.48",,
"2022-06-30","MU","Micron Technology, Inc. Common","NNM","29113898","29766726","18727155","1.55",,
"2022-06-30","NEE","Nextra Energy, Inc.","NYSE","20639357","20226376","10027893","2.06",,
"2022-06-30","NEM","Newmont Corporation","NYSE","10991053","11815356","7162999","1.53",,
"2022-06-30","NET","Cloudflare, Inc. Class A commo","NYSE","17741891","16486133","5810397","3.05",,
"2022-06-30","NFLX","Netflix, Inc. Common Stock","NNM","12546512","11830774","9526461","1.32",,
"2022-06-30","NKE","Nike, Inc.","NYSE","14852135","12853572","11648212","1.28",,
"2022-06-30","NOC","Northrop Grumman Corp.","NYSE","1920001","1918397","823430","2.33",,
"2022-06-30","NOW","SERVICENOW, INC.","NYSE","4216104","4312135","1578839","2.67",,
"2022-06-30","NSC","Norfolk Southern Corp.","NYSE","3203930","3672783","1230481","2.60",,
"2022-06-30","NVDA","NVIDIA Corporation Common Stoc","NNM","32918766","31732722","51015023","1.00",,
"2022-06-30","O","Realty Income Corporation","NYSE","15615998","16958474","5063673","3.08",,
"2022-06-30","ORCL","Oracle Corp","NYSE","13155714","13059096","10837124","1.21",,
"2022-06-30","ORLY","O'Reilly Automotive, Inc. Comm","NNM","749412","1006608","657301","1.14",,
"2022-06-30","PANW","Palo Alto Networks, Inc. Commo","NNM","6985840","7453299","1528920","4.57",,
"2022-06-30","PCAR","PACCAR Inc. Common Stock","NNM","3868365","3789609","1741400","2.22",,
"2022-06-30","PEP","PepsiCo, Inc. Common Stock","NNM","10898235","11941656","5699973","1.91",,
"2022-06-30","PFE","Pfizer Inc.","NYSE","68925072","76975864","22991850","3.00",,
"2022-06-30","PG","Procter & Gamble Company","NYSE","14034586","17561811","9435107","1.49",,
"2022-06-30","PGR","Progressive Corporation","NYSE","6608533","7187100","3713309","1.78",,
"2022-06-30","PH","Parker-Hannifin Corporation","NYSE","1749257","1358948","934936","1.87",,
"2022-06-30","PLD","PROLOGIS, INC.","NYSE","14491134","12511725","4349606","3.33",,
"2022-06-30","PLTR","Palantir Technologies Inc. Cla","NYSE","104703979","104001805","45162568","2.32",,
"2022-06-30","PM","Philip Morris International In","NYSE","9507872","7829940","5924270","1.60",,
"2022-06-30","PNC","PNC Financial Services Group","NYSE","5048475","5537299","2585521","1.95",,
"2022-06-30","PSX","PHILLIPS 66","NYSE","10424064","10015374","6080639","1.71",,
"2022-06-30","PWR","Quanta Services, Inc.","NYSE","7573682","6151222","1613721","4.69",,
"2022-06-30","QCOM","QUALCOMM Incorporated Common S","NNM","18142731","19182063","12393864","1.46",,
"2022-06-30","RCL","Royal Caribbean Group","NYSE","15169152","15174650","8757976","1.73",,
"2022-06-30","REGN","Regeneron Pharmaceuticals, Inc","NNM","2769501","2576909","775197","3.57",,
"2022-06-30","ROST","Ross Stores, Inc. Common Stock","NNM","8810879","7481511","4306232","2.05",,
"2022-06-30","RSG","Republic Services Inc.","NYSE","1781068","1535551","1289502","1.38",,
"2022-06-30","RTX","Raytheon Technologies Corporat","NYSE","12418290","12914708","4562849","2.72",,
"2022-06-30","SBUX","Starbucks Corporation Common S","NNM","14498557","15103750","8860870","1.64",,
"2022-06-30","SCCO","Southern Copper Corporation","NYSE","4681232","4962623","1770043","2.64",,
"2022-06-30","SCHW","The Charles Schwab Corporation","NYSE","16032923","17049187","9239947","1.74",,
"2022-06-30","SHW","The Sherwin-Williams Company","NYSE","2820224","3098114","1987893","1.42",,
"2022-06-30","SNOW","Snowflake Inc.","NYSE","13244835","13933016","8045155","1.65",,
"2022-06-30","SNPS","Synopsys, Inc. Common Stock","NNM","1601735","1805508","1073041","1.49",,
"2022-06-30","SO","The Southern Company","NYSE","13531490","12747763","5343996","2.53",,
"2022-06-30","SPCX","The SPAC and New Issue ETF","NNM","155811","159593","6963","22.38",,
"2022-06-30","SPG","Simon Property Group, Inc.","NYSE","6656155","7106589","2668123","2.49",,
"2022-06-30","SPGI","S&P Global Inc.","NYSE","7890221","9350581","2772881","2.85",,
"2022-06-30","SYK","Stryker Corporation","NYSE","5026302","4237813","1502417","3.35",,
"2022-06-30","T","AT&T Inc.","NYSE","82715052","80705921","48416052","1.71",,
"2022-06-30","TDG","TransDigm Group Incorporated","NYSE","1081955","1121763","392057","2.76",,
"2022-06-30","TFC","Truist Financial Corporation","NYSE","14248433","13183820","6945088","2.05",,
"2022-06-30","TGT","Target Corporation","NYSE","7826314","8985412","5783925","1.35",,
"2022-06-30","TJX","TJX Companies, Inc. (The)","NYSE","11140476","12530054","6616579","1.68",,
"2022-06-30","TMO","Thermo Fisher Scientific, Inc.","NYSE","2952440","2599907","1254261","2.35",,
"2022-06-30","TMUS","T-Mobile US, Inc. Common Stock","NNM","15861024","16453783","5127610","3.09",,
"2022-06-30","TRV","The Travelers Companies, Inc.","NYSE","3387268","3007035","1240731","2.73",,
"2022-06-30","TSLA","Tesla, Inc. Common Stock","NNM","27101597","26882235","32617912","1.00",,
"2022-06-30","TXN","Texas Instruments Incorporated","NNM","16879363","15782253","6086469","2.77",,
"2022-06-30","UBER","Uber Technologies, Inc.","NYSE","82959292","70523397","34790314","2.38",,
"2022-06-30","UNH","UNITEDHEALTH GROUP INCORPORATE","NYSE","7029001","5760909","5602925","1.25",,
"2022-06-30","UNP","Union Pacific Corp.","NYSE","5435315","6307264","3075719","1.77",,
"2022-06-30","UPS","United Parcel Service, Inc. Cl","NYSE","11339834","11847001","3431363","3.30",,
"2022-06-30","URI","United Rentals, Inc.","NYSE","2927514","2741060","959212","3.05",,
"2022-06-30","USB","U.S. Bancorp","NYSE","11706631","10993389","7897088","1.48",,
"2022-06-30","V","VISA Inc.","NYSE","33419993","32636801","7072826","4.73",,
"2022-06-30","VLO","Valero Energy Corporation","NYSE","9650584","9444588","9804806","1.00",,
"2022-06-30","VRT","Vertiv Holdings Co Class A Com","NYSE","7630373","7964230","4791365","1.59",,
"2022-06-30","VRTX","Vertex Pharmaceuticals Incorpo","NNM","3150356","3415234","2152215","1.46",,
"2022-06-30","VZ","Verizon Communications","NYSE","39255234","35311355","23300954","1.68",,
"2022-06-30","WBD","Warner Bros. Discovery, Inc. S","NNM","62408279","54972309","25942874","2.41",,
"2022-06-30","WDC","Western Digital Corporation Co","NNM","9195242","7095886","4105240","2.24",,
"2022-06-30","WELL","Welltower Inc.","NYSE","14272567","11888937","3018221","4.73",,
"2022-06-30","WFC","Wells Fargo & Co.","NYSE","31055790","34509669","27452026","1.13",,
"2022-06-30","WM","Waste Management, Inc.","NYSE","3380777","3565603","1972965","1.71",,
"2022-06-30","WMB","Williams Companies Inc.","NYSE","19045305","19079906","12252051","1.55",,
"2022-06-30","WMT","Walmart Inc.","NYSE","12180880","13112713","7838761","1.55",,
"2022-06-30","XOM","Exxon Mobil Corporation","NYSE","39262827","43423918","35237491","1.11",,
"2022-05-13","AAPL","Apple Inc. Common Stock","NNM","108695931","103977276","125268507","1.00",,
"2022-05-13","ABBV","ABBVIE INC.","NYSE","14233892","13154753","6709810","2.12",,
"2022-05-13","ABNB","Airbnb, Inc. Class A Common St","NNM","10618779","9447888","12328248","1.00",,
"2022-05-13","ABT","Abbott Laboratories","NYSE","13573896","13461989","5945220","2.28",,
"2022-05-13","ADBE","Adobe Inc. Common Stock","NNM","6284096","6015809","3611276","1.74",,
"2022-05-13","ADI","Analog Devices, Inc. Common St","NNM","6648856","6879444","3473165","1.91",,
"2022-05-13","ADP","Automatic Data Processing, Inc","NNM","3643534","3537411","2087136","1.75",,
"2022-05-13","AEP","American Electric Power Compan","NNM","6815980","7220836","2926475","2.33",,
"2022-05-13","AFL","Aflac Inc.","NYSE","9816940","10381338","2763769","3.55",,
"2022-05-13","AJG","Arthur J. Gallagher & Co.","NYSE","1755657","1555340","1035977","1.69",,
"2022-05-13","ALL","The Allstate Corporation","NYSE","3418166","3435416","1723835","1.98",,
"2022-05-13","AMAT","Applied Materials, Inc. Common","NNM","12677308","12477426","8028117","1.58",,
"2022-05-13","AMD","Advanced Micro Devices, Inc. C","NNM","33469783","30359092","143198331","1.00",,
"2022-05-13","AMGN","Amgen Inc. Common Stock","NNM","18854769","19928916","3523275","5.35",,
"2022-05-13","AMT","American Tower Corporation","NYSE","3368111","3644251","1917511","1.76",,
"2022-05-13","AMZN","Amazon.com, Inc. Common Stock","NNM","4723931","3939111","5847756","1.00",,
"2022-05-13","ANET","Arista Networks","NYSE","3191342","3386300","2479185","1.29",,
"2022-05-13","AON","Aon plc Class A","NYSE","2641024","2570481","1014027","2.60",,
"2022-05-13","APD","Air Products & Chemicals, Inc.","NYSE","2349021","1931345","1199085","1.96",,
"2022-05-13","APH","Amphenol Corporation","NYSE","5436787","4985255","2205968","2.46",,
"2022-05-13","APO","Apollo Global Management, Inc.","NYSE","21722254","18536434","4377152","4.96",,
"2022-05-13","APP","Applovin Corporation Class A C","NNM","10021315","8576245","4531328","2.21",,
"2022-05-13","AVGO","Broadcom Inc. Common Stock","NNM","4606782","4366149","2497220","1.84",,
"2022-05-13","AXP","American Express Company","NYSE","8791038","8968944","3516615","2.50",,
"2022-05-13","BA","Boeing Company","NYSE","11337694","8808267","12029438","1.00",,
"2022-05-13","BAC","Bank of America Corporation","NYSE","77540752","75260062","52953512","1.46",,
"2022-05-13","BKNG","Booking Holdings Inc. Common S","NNM","723590","768231","611802","1.18",,
"2022-05-13","BLK","Blackrock, Inc.","NYSE","2048398","1809483","1131015","1.81",,
"2022-05-13","BMY","Bristol-Myers Squibb Co.","NYSE","32183421","35371879","16071350","2.00",,
"2022-05-13","BNY","BlackRock New York Municipal I","NYSE","40305","21724","86883","1.00",,
"2022-05-13","BRKA","Berkshire Hathaway Inc.","NYSE","271","300","2765","1.00",,
"2022-05-13","BRKB","BERKSHIRE HATHAWAY Class B","NYSE","8660927","7816461","4781384","1.81",,
"2022-05-13","BSX","Boston Scientific Corp.","NYSE","15002791","12350482","9580895","1.57",,
"2022-05-13","BX","Blackstone Inc.","NYSE","11921576","11059139","5980332","1.99",,
"2022-05-13","C","Citigroup Inc.","NYSE","42148521","47848347","27775394","1.52",,
"2022-05-13","CAT","Caterpillar Inc.","NYSE","4966762","5020445","2718696","1.83",,
"2022-05-13","CDNS","Cadence Design Systems, Inc. C","NNM","3882395","3487415","1684030","2.31",,
"2022-05-13","CEG","Constellation Energy Corporati","NNM","3111942","4677300","2433896","1.28",,
"2022-05-13","CI","CIGNA Corporation","NYSE","2996633","3206615","1602838","1.87",,
"2022-05-13","CL","Colgate-Palmolive Company","NYSE","14218070","15030551","6001454","2.37",,
"2022-05-13","CMCSA","Comcast Corporation Class A Co","NNM","69738543","65330488","32387365","2.15",,
"2022-05-13","CME","CME Group Inc. Class A Common","NNM","3237496","3959555","1611637","2.01",,
"2022-05-13","CMI","Cummins Inc.","NYSE","1968402","2144825","1095772","1.80",,
"2022-05-13","COF","Capital One Financial","NYSE","6283571","5574810","2730753","2.30",,
"2022-05-13","COP","ConocoPhillips","NYSE","13641376","12663214","7856734","1.74",,
"2022-05-13","COST","Costco Wholesale Corporation C","NNM","3946625","4532839","2940288","1.34",,
"2022-05-13","CRM","Salesforce, Inc.","NYSE","13461210","12371978","7700512","1.75",,
"2022-05-13","CRWD","CrowdStrike Holdings, Inc. Cla","NNM","12287713","13332815","6026153","2.04",,
"2022-05-13","CSCO","Cisco Systems, Inc. Common Sto","NNM","33746382","36088498","22132892","1.52",,
"2022-05-13","CSX","CSX Corporation Common Stock","NNM","21785488","22260597","16719007","1.30",,
"2022-05-13","CTAS","Cintas Corporation Common Stoc","NNM","975114","918233","517401","1.88",,
"2022-05-13","CVNA","Carvana Co.","NYSE","31479093","28954263","17452394","1.80",,
"2022-05-13","CVS","CVS HEALTH CORPORATION","NYSE","12968824","13954817","6469079","2.00",,
"2022-05-13","CVX","Chevron Corporation","NYSE","21078090","22390061","10281370","2.05",,
"2022-05-13","D","Dominion Energy, Inc Common St","NYSE","10178818","8298334","4054294","2.51",,
"2022-05-13","DASH","DoorDash, Inc.","NYSE","15253310","13005512","10087849","1.51",,
"2022-05-13","DDOG","Datadog, Inc. Class A Common S","NNM","11787594","10545587","7229605","1.63",,
"2022-05-13","DE","Deere & Company","NYSE","2428168","2656384","1594704","1.52",,
"2022-05-13","DELL","Dell Technologies Inc.","NYSE","8899262","7850977","4346133","2.05",,
"2022-05-13","DHR","Danaher Corporation","NYSE","4532400","4407113","2865479","1.58",,
"2022-05-13","DIS","The Walt Disney Company","NYSE","20221594","21253465","17579798","1.15",,
"2022-05-13","DLR","Digital Realty Trust, Inc.","NYSE","8495189","8769204","1608294","5.28",,
"2022-05-13","DUK","Duke Energy Corporation","NYSE","6299013","6439008","3054400","2.06",,
"2022-05-13","ECL","Ecolab, Inc.","NYSE","2483270","1995953","1289213","1.93",,
"2022-05-13","EMR","Emerson Electric Co.","NYSE","5050485","4146322","3723122","1.36",,
"2022-05-13","EOG","EOG Resources, Inc.","NYSE","7062357","7078208","4582377","1.54",,
"2022-05-13","EPD","Enterprise Products Partners L","NYSE","21320107","18541911","8415624","2.53",,
"2022-05-13","EQIX","Equinix, Inc. Common Stock REI","NNM","958037","1034046","544271","1.76",,
"2022-05-13","FCX","Freeport-McMoran Inc.","NYSE","23259343","21832525","22567663","1.03",,
"2022-05-13","FDX","FedEx Corporation","NYSE","4211017","3339668","2347245","1.79",,
"2022-05-13","FTNT","Fortinet, Inc. Common Stock","NNM","2628119","1844562","2044047","1.29",,
"2022-05-13","GD","General Dynamics Corporation","NYSE","3166622","2725236","1819997","1.74",,
"2022-05-13","GE","General Electric Company","NYSE","13092190","10800633","7483135","1.75",,
"2022-05-13","GILD","Gilead Sciences, Inc. Common S","NNM","16853033","16695430","9248375","1.82",,
"2022-05-13","GLW","Corning Incorporated","NYSE","12021427","11395282","4886922","2.46",,
"2022-05-13","GM","General Motors Company","NYSE","32719762","31818494","20400393","1.60",,
"2022-05-13","GOOG","Alphabet Inc. Class C Capital","NNM","1698803","1737779","1667372","1.02",,
"2022-05-13","GOOGL","Alphabet Inc. Class A Common S","NNM","2444682","2509573","1999099","1.22",,
"2022-05-13","GS","Goldman Sachs Group Inc.","NYSE","4526456","4885300","2711503","1.67",,
"2022-05-13","GWW","W.W. Grainger, Inc.","NYSE","966473","810737","370579","2.61",,
"2022-05-13","HCA","HCA Healthcare, Inc.","NYSE","4995566","4401376","2044863","2.44",,
"2022-05-13","HD","Home Depot, Inc.","NYSE","7818743","8569507","4279058","1.83",,
"2022-05-13","HLT","Hilton Worldwide Holdings Inc.","NYSE","5761907","6400245","3443259","1.67",,
"2022-05-13","HON","Honeywell International Inc. C","NNM","5919952","5339285","4593486","1.29",,
"2022-05-13","HOOD","Robinhood Markets, Inc. Class","NNM","63413742","59539542","26181673","2.42",,
"2022-05-13","HPE","Hewlett Packard Enterprise Com","NYSE","32529490","29705698","12074141","2.69",,
"2022-05-13","HWM","Howmet Aerospace Inc.","NYSE","7159572","5454451","3257367","2.20",,
"2022-05-13","IBKR","Interactive Brokers Group, Inc","NNM","2671446","2655764","1128370","2.37",,
"2022-05-13","IBM","International Business Machine","NYSE","19094621","21646384","5826994","3.28",,
"2022-05-13","ICE","Intercontinental Exchange  Inc","NYSE","4622874","4041461","5511185","1.00",,
"2022-05-13","INTC","Intel Corporation Common Stock","NNM","61610015","51602877","42454189","1.45",,
"2022-05-13","INTU","Intuit Inc. Common Stock","NNM","2207180","2197467","2203121","1.00",,
"2022-05-13","ISRG","Intuitive Surgical, Inc. Commo","NNM","2993335","3233002","2496011","1.20",,
"2022-05-13","ITW","Illinois Tool Works Inc.","NYSE","6197707","5863307","1646413","3.76",,
"2022-05-13","JNJ","Johnson & Johnson","NYSE","15220916","17482431","6930197","2.20",,
"2022-05-13","JPM","JPMorgan Chase & Co.","NYSE","20420097","19189342","15295482","1.34",,
"2022-05-13","KKR","KKR & Co. Inc.","NYSE","12757248","9259705","6147838","2.08",,
"2022-05-13","KLAC","KLA Corporation Common Stock","NNM","1926513","1706724","1514353","1.27",,
"2022-05-13","KMI","Kinder Morgan, Inc.","NYSE","29176261","32839127","18834134","1.55",,
"2022-05-13","KO","Coca-Cola Company","NYSE","31273974","32371193","20534373","1.52",,
"2022-05-13","LIN","Linde plc Ordinary Share","NYSE","2416561","2290134","2035234","1.19",,
"2022-05-13","LLY","Eli Lilly & Co.","NYSE","5225969","5030187","2762904","1.89",,
"2022-05-13","LMT","Lockheed Martin Corp.","NYSE","3239083","3072201","1235164","2.62",,
"2022-05-13","LOW","Lowe's Companies Inc.","NYSE","11131319","10366328","3876643","2.87",,
"2022-05-13","LRCX","Lam Research Corporation Commo","NNM","1434126","1372520","1373698","1.04",,
"2022-05-13","MA","Mastercard Incorporated","NYSE","5257923","5706204","3946751","1.33",,
"2022-05-13","MAR","Marriott International Class A","NNM","6727362","5778659","3169841","2.12",,
"2022-05-13","MCD","McDonald's Corporation","NYSE","6124268","5836424","3009993","2.03",,
"2022-05-13","MCK","McKesson Corporation","NYSE","2570946","2959936","1378021","1.87",,
"2022-05-13","MCO","Moody's Corporation","NYSE","3426496","3002908","1382559","2.48",,
"2022-05-13","MDLZ","Mondelez International, Inc. C","NNM","13279800","11311227","9452268","1.40",,
"2022-05-13","MDT","Medtronic plc","NYSE","9402626","9877573","4795191","1.96",,
"2022-05-13","MMM","3M Company","NYSE","9660473","9500369","3169380","3.05",,
"2022-05-13","MNST","Monster Beverage Corporation","NNM","6460790","4773417","3786279","1.71",,
"2022-05-13","MO","Altria Group, Inc.","NYSE","17920898","19315420","12674992","1.41",,
"2022-05-13","MPC","MARATHON PETROLEUM CORPORATION","NYSE","14000581","14117136","5810363","2.41",,
"2022-05-13","MPWR","Monolithic Power Systems, Inc.","NNM","902076","972672","646973","1.39",,
"2022-05-13","MRK","Merck & Co., Inc.","NYSE","21568730","16975589","11821897","1.82",,
"2022-05-13","MRVL","Marvell Technology, Inc. Commo","NNM","13437157","13013321","10785865","1.25",,
"2022-05-13","MS","Morgan Stanley","NYSE","21595660","20144137","9129846","2.37",,
"2022-05-13","MSFT","Microsoft Corporation Common S","NNM","38428490","41237238","39681172","1.00",,
"2022-05-13","MSI","Motorola Solutions, Inc. New","NYSE","1431976","1320068","1117350","1.28",,
"2022-05-13","MU","Micron Technology, Inc. Common","NNM","21916338","25776206","18428430","1.19",,
"2022-05-13","NEE","Nextra Energy, Inc.","NYSE","18397813","15647077","11504475","1.60",,
"2022-05-13","NEM","Newmont Corporation","NYSE","9741663","7845318","6459693","1.51",,
"2022-05-13","NET","Cloudflare, Inc. Class A commo","NYSE","15970438","12653275","8922478","1.79",,
"2022-05-13","NFLX","Netflix, Inc. Common Stock","NNM","11947966","11982890","14083947","1.00",,
"2022-05-13","NKE","Nike, Inc.","NYSE","12831496","11052805","8171192","1.57",,
"2022-05-13","NOC","Northrop Grumman Corp.","NYSE","1513290","1363467","924262","1.64",,
"2022-05-13","NOW","SERVICENOW, INC.","NYSE","4013713","3610140","1988267","2.02",,
"2022-05-13","NSC","Norfolk Southern Corp.","NYSE","3298990","3010491","1322893","2.49",,
"2022-05-13","NVDA","NVIDIA Corporation Common Stoc","NNM","30257848","27303601","63955609","1.00",,
"2022-05-13","O","Realty Income Corporation","NYSE","11393371","11860230","4301296","2.65",,
"2022-05-13","ORCL","Oracle Corp","NYSE","11754221","11961574","7325121","1.60",,
"2022-05-13","ORLY","O'Reilly Automotive, Inc. Comm","NNM","989054","820947","756361","1.31",,
"2022-05-13","PANW","Palo Alto Networks, Inc. Commo","NNM","6951704","7675646","1975224","3.52",,
"2022-05-13","PCAR","PACCAR Inc. Common Stock","NNM","3437985","3470996","1653682","2.08",,
"2022-05-13","PEP","PepsiCo, Inc. Common Stock","NNM","9730475","10723396","6139071","1.59",,
"2022-05-13","PFE","Pfizer Inc.","NYSE","57670212","67991161","28472330","2.03",,
"2022-05-13","PG","Procter & Gamble Company","NYSE","15309988","15427285","8294520","1.85",,
"2022-05-13","PGR","Progressive Corporation","NYSE","6264733","6368567","3029254","2.07",,
"2022-05-13","PH","Parker-Hannifin Corporation","NYSE","1657223","1281058","961142","1.72",,
"2022-05-13","PLD","PROLOGIS, INC.","NYSE","10611625","8206870","6717942","1.58",,
"2022-05-13","PLTR","Palantir Technologies Inc. Cla","NYSE","131531994","111867223","70811037","1.86",,
"2022-05-13","PM","Philip Morris International In","NYSE","10095193","9557908","5535326","1.82",,
"2022-05-13","PNC","PNC Financial Services Group","NYSE","5468090","5361732","2106027","2.60",,
"2022-05-13","PSX","PHILLIPS 66","NYSE","10285558","10209723","4356992","2.36",,
"2022-05-13","PWR","Quanta Services, Inc.","NYSE","5369115","4691400","1809114","2.97",,
"2022-05-13","QCOM","QUALCOMM Incorporated Common S","NNM","16806521","17535740","10815996","1.55",,
"2022-05-13","RCL","Royal Caribbean Group","NYSE","12703905","12407829","4296303","2.96",,
"2022-05-13","REGN","Regeneron Pharmaceuticals, Inc","NNM","2180180","2156142","737715","2.96",,
"2022-05-13","ROST","Ross Stores, Inc. Common Stock","NNM","4459536","5794370","3182332","1.40",,
"2022-05-13","RSG","Republic Services Inc.","NYSE","1824587","1774668","1592792","1.15",,
"2022-05-13","RTX","Raytheon Technologies Corporat","NYSE","8519225","11484767","6275904","1.36",,
"2022-05-13","SBUX","Starbucks Corporation Common S","NNM","12565867","12843595","16064186","1.00",,
"2022-05-13","SCCO","Southern Copper Corporation","NYSE","4051723","3619752","1698067","2.39",,
"2022-05-13","SCHW","The Charles Schwab Corporation","NYSE","18497458","17256335","8116487","2.28",,
"2022-05-13","SHW","The Sherwin-Williams Company","NYSE","3144304","3176694","2083026","1.51",,
"2022-05-13","SNOW","Snowflake Inc.","NYSE","9685933","8493596","7865117","1.23",,
"2022-05-13","SNPS","Synopsys, Inc. Common Stock","NNM","1653041","1613456","979956","1.69",,
"2022-05-13","SO","The Southern Company","NYSE","14412497","14102753","5583063","2.58",,
"2022-05-13","SPCX","The SPAC and New Issue ETF","NNM","170701","166517","6019","28.36",,
"2022-05-13","SPG","Simon Property Group, Inc.","NYSE","7003108","8060310","2543188","2.75",,
"2022-05-13","SPGI","S&P Global Inc.","NYSE","9720890","11078233","3411080","2.85",,
"2022-05-13","SYK","Stryker Corporation","NYSE","3985677","4030510","1603581","2.49",,
"2022-05-13","T","AT&T Inc.","NYSE","82691755","74789229","52890708","1.56",,
"2022-05-13","TDG","TransDigm Group Incorporated","NYSE","1039576","922014","420615","2.47",,
"2022-05-13","TFC","Truist Financial Corporation","NYSE","10150456","12501433","9821808","1.03",,
"2022-05-13","TGT","Target Corporation","NYSE","8365223","9556606","3479139","2.40",,
"2022-05-13","TJX","TJX Companies, Inc. (The)","NYSE","10310992","7875843","7191452","1.43",,
"2022-05-13","TMO","Thermo Fisher Scientific, Inc.","NYSE","3302819","3392830","1445181","2.29",,
"2022-05-13","TMUS","T-Mobile US, Inc. Common Stock","NNM","16906831","16455412","5389009","3.14",,
"2022-05-13","TRV","The Travelers Companies, Inc.","NYSE","2913192","2972850","1393805","2.09",,
"2022-05-13","TSLA","Tesla, Inc. Common Stock","NNM","25651653","23732107","29599404","1.00",,
"2022-05-13","TXN","Texas Instruments Incorporated","NNM","13086964","14265706","6689046","1.96",,
"2022-05-13","UBER","Uber Technologies, Inc.","NYSE","90806927","75349432","60376594","1.50",,
"2022-05-13","UNH","UNITEDHEALTH GROUP INCORPORATE","NYSE","4612063","4885790","3509630","1.31",,
"2022-05-13","UNP","Union Pacific Corp.","NYSE","7212997","6213214","3041637","2.37",,
"2022-05-13","UPS","United Parcel Service, Inc. Cl","NYSE","9823204","8827915","3961005","2.48",,
"2022-05-13","URI","United Rentals, Inc.","NYSE","2328449","1950746","1013622","2.30",,
"2022-05-13","USB","U.S. Bancorp","NYSE","12227489","10542259","7688126","1.59",,
"2022-05-13","V","VISA Inc.","NYSE","28514414","26566643","8593768","3.32",,
"2022-05-13","VLO","Valero Energy Corporation","NYSE","10132370","9952804","5890772","1.72",,
"2022-05-13","VRT","Vertiv Holdings Co Class A Com","NYSE","7654368","8638766","3554769","2.15",,
"2022-05-13","VRTX","Vertex Pharmaceuticals Incorpo","NNM","3580110","3414165","2000375","1.79",,
"2022-05-13","VZ","Verizon Communications","NYSE","41391606","45111645","24635954","1.68",,
"2022-05-13","WBD","Warner Bros. Discovery, Inc. S","NNM","40073355","38630886","19953241","2.01",,
"2022-05-13","WDC","Western Digital Corporation Co","NNM","7879754","7118015","6511365","1.21",,
"2022-05-13","WELL","Welltower Inc.","NYSE","8985943","8482176","2826946","3.18",,
"2022-05-13","WFC","Wells Fargo & Co.","NYSE","36204997","34255638","26216169","1.38",,
"2022-05-13","WM","Waste Management, Inc.","NYSE","4762118","4845077","1966981","2.42",,
"2022-05-13","WMB","Williams Companies Inc.","NYSE","20113857","18090674","9433455","2.13",,
"2022-05-13","WMT","Walmart Inc.","NYSE","12958505","12361771","8054531","1.61",,
"2022-05-13","XOM","Exxon Mobil Corporation","NYSE","35000633","36687030","35570986","1.00",,
"2022-10-31","AAPL","Apple Inc. Common Stock","NNM","103178670","108664761","91546622","1.13",,
"2022-10-31","ABBV","ABBVIE INC.","NYSE","13798523","14003998","5595856","2.47",,
"2022-10-31","ABNB","Airbnb, Inc. Class A Common St","NNM","17012122","18256553","5200565","3.27",,
"2022-10-31","ABT","Abbott Laboratories","NYSE","14185094","13990293","9007507","1.57",,
"2022-10-31","ADBE","Adobe Inc. Common Stock","NNM","5317353","5374447","4048618","1.31",,
"2022-10-31","ADI","Analog Devices, Inc. Common St","NNM","7267298","7926822","3859776","1.88",,
"2022-10-31","ADP","Automatic Data Processing, Inc","NNM","5791182","5852632","1875639","3.09",,
"2022-10-31","AEP","American Electric Power Compan","NNM","5668267","5836409","2708105","2.09",,
"2022-10-31","AFL","Aflac Inc.","NYSE","9511198","9127252","2577665","3.69",,
"2022-10-31","AJG","Arthur J. Gallagher & Co.","NYSE","2024211","2166930","1028784","1.97",,
"2022-10-31","ALL","The Allstate Corporation","NYSE","4415647","5520307","2726226","1.62",,
"2022-10-31","AMAT","Applied Materials, Inc. Common","NNM","14761271","12764054","9779603","1.51",,
"2022-10-31","AMD","Advanced Micro Devices, Inc. C","NNM","32943648","37931309","82433793","1.00",,
"2022-10-31","AMGN","Amgen Inc. Common Stock","NNM","11772512","16835371","2597883","4.53",,
"2022-10-31","AMT","American Tower Corporation","NYSE","4203518","3760637","2556267","1.64",,
"2022-10-31","AMZN","Amazon.com, Inc. Common Stock","NNM","79540326","75247366","81965399","1.00",,
"2022-10-31","ANET","Arista Networks","NYSE","4011933","4600631","2813758","1.43",,
"2022-10-31","AON","Aon plc Class A","NYSE","1649901","1814379","1017315","1.62",,
"2022-10-31","APD","Air Products & Chemicals, Inc.","NYSE","2392518","2237656","1066963","2.24",,
"2022-10-31","APH","Amphenol Corporation","NYSE","5140354","5534732","2785194","1.85",,
"2022-10-31","APO","Apollo Global Management, Inc.","NYSE","10757554","11032845","2129529","5.05",,
"2022-10-31","APP","Applovin Corporation Class A C","NNM","15031017","15513151","1960214","7.67",,
"2022-10-31","AVGO","Broadcom Inc. Common Stock","NNM","4995342","5463572","2176774","2.29",,
"2022-10-31","AXP","American Express Company","NYSE","7431771","6915457","4205320","1.77",,
"2022-10-31","BA","Boeing Company","NYSE","9953830","9201409","9125834","1.09",,
"2022-10-31","BAC","Bank of America Corporation","NYSE","79277165","85717420","47262891","1.68",,
"2022-10-31","BKNG","Booking Holdings Inc. Common S","NNM","509487","629396","345858","1.47",,
"2022-10-31","BLK","Blackrock, Inc.","NYSE","3564903","3307753","906990","3.93",,
"2022-10-31","BMY","Bristol-Myers Squibb Co.","NYSE","24766439","23076326","8736769","2.83",,
"2022-10-31","BNY","BlackRock New York Municipal I","NYSE","7554","6694","84562","1.00",,
"2022-10-31","BRKA","Berkshire Hathaway Inc.","NYSE","686","679","2801","1.00",,
"2022-10-31","BRKB","BERKSHIRE HATHAWAY Class B","NYSE","6398341","6251123","4067993","1.57",,
"2022-10-31","BSX","Boston Scientific Corp.","NYSE","13905372","15220939","9919883","1.40",,
"2022-10-31","BX","Blackstone Inc.","NYSE","21291223","20031360","4786685","4.45",,
"2022-10-31","C","Citigroup Inc.","NYSE","29980897","34629530","17021087","1.76",,
"2022-10-31","CAT","Caterpillar Inc.","NYSE","6199217","5538906","3633875","1.71",,
"2022-10-31","CDNS","Cadence Design Systems, Inc. C","NNM","3405639","3180214","2148060","1.59",,
"2022-10-31","CEG","Constellation Energy Corporati","NNM","4721178","4449643","1836295","2.57",,
"2022-10-31","CI","CIGNA Corporation","NYSE","3596775","4060091","1793831","2.01",,
"2022-10-31","CL","Colgate-Palmolive Company","NYSE","9996043","9906123","5251072","1.90",,
"2022-10-31","CMCSA","Comcast Corporation Class A Co","NNM","73600479","79501564","29522607","2.49",,
"2022-10-31","CME","CME Group Inc. Class A Common","NNM","3949615","4366597","1978865","2.00",,
"2022-10-31","CMI","Cummins Inc.","NYSE","3561903","3308172","870345","4.09",,
"2022-10-31","COF","Capital One Financial","NYSE","6715479","7061529","2982275","2.25",,
"2022-10-31","COP","ConocoPhillips","NYSE","16044213","17182359","6870540","2.34",,
"2022-10-31","COST","Costco Wholesale Corporation C","NNM","4558405","4633803","1991156","2.29",,
"2022-10-31","CRM","Salesforce, Inc.","NYSE","10420177","13027909","7273651","1.43",,
"2022-10-31","CRWD","CrowdStrike Holdings, Inc. Cla","NNM","9642983","9410678","2404907","4.01",,
"2022-10-31","CSCO","Cisco Systems, Inc. Common Sto","NNM","37838456","38391572","19808083","1.91",,
"2022-10-31","CSX","CSX Corporation Common Stock","NNM","20758839","18755694","18563485","1.12",,
"2022-10-31","CTAS","Cintas Corporation Common Stoc","NNM","1164915","1135771","376586","3.09",,
"2022-10-31","CVNA","Carvana Co.","NYSE","37564063","34572279","13260499","2.83",,
"2022-10-31","CVS","CVS HEALTH CORPORATION","NYSE","13287392","12518114","6661357","1.99",,
"2022-10-31","CVX","Chevron Corporation","NYSE","20733934","17618537","8410844","2.47",,
"2022-10-31","D","Dominion Energy, Inc Common St","NYSE","7967181","8284644","3986361","2.00",,
"2022-10-31","DASH","DoorDash, Inc.","NYSE","24582540","22619302","5108560","4.81",,
"2022-10-31","DDOG","Datadog, Inc. Class A Common S","NNM","12502624","12215957","4644297","2.69",,
"2022-10-31","DE","Deere & Company","NYSE","3320303","3333593","1299976","2.55",,
"2022-10-31","DELL","Dell Technologies Inc.","NYSE","7613536","7507221","2668326","2.85",,
"2022-10-31","DHR","Danaher Corporation","NYSE","3909001","4184054","3991064","1.00",,
"2022-10-31","DIS","The Walt Disney Company","NYSE","16342777","18750705","8693286","1.88",,
"2022-10-31","DLR","Digital Realty Trust, Inc.","NYSE","10003831","9277983","2558120","3.91",,
"2022-10-31","DUK","Duke Energy Corporation","NYSE","6984101","7185818","3086848","2.26",,
"2022-10-31","ECL","Ecolab, Inc.","NYSE","2892072","2598581","1364834","2.12",,
"2022-10-31","ELV","Elevance Health, Inc.","NYSE","2221681","2364162","1282840","1.73",,
"2022-10-31","EMR","Emerson Electric Co.","NYSE","5744479","5280872","2934021","1.96",,
"2022-10-31","EOG","EOG Resources, Inc.","NYSE","5277379","7499039","3901182","1.35",,
"2022-10-31","EPD","Enterprise Products Partners L","NYSE","21028315","26890354","6255710","3.36",,
"2022-10-31","EQIX","Equinix, Inc. Common Stock REI","NNM","1351759","1349724","459833","2.94",,
"2022-10-31","FCX","Freeport-McMoran Inc.","NYSE","26776305","33068490","17300163","1.55",,
"2022-10-31","FDX","FedEx Corporation","NYSE","7883113","8773593","3207367","2.46",,
"2022-10-31","FTNT","Fortinet, Inc. Common Stock","NNM","8690621","9086512","5055782","1.72",,
"2022-10-31","GD","General Dynamics Corporation","NYSE","2191610","2049647","1252011","1.75",,
"2022-10-31","GE","General Electric Company","NYSE","11483837","10318059","6519248","1.76",,
"2022-10-31","GILD","Gilead Sciences, Inc. Common S","NNM","19071317","16471987","9743067","1.96",,
"2022-10-31","GLW","Corning Incorporated","NYSE","12507265","12759060","7090904","1.76",,
"2022-10-31","GM","General Motors Company","NYSE","23319472","21792566","14737153","1.58",,
"2022-10-31","GOOG","Alphabet Inc. Class C Capital","NNM","30147273","26465569","33259840","1.00",,
"2022-10-31","GOOGL","Alphabet Inc. Class A Common S","NNM","51989928","52279827","38697953","1.34",,
"2022-10-31","GS","Goldman Sachs Group Inc.","NYSE","5711910","4959639","2726046","2.10",,
"2022-10-31","GWW","W.W. Grainger, Inc.","NYSE","1364687","1347545","335969","4.06",,
"2022-10-31","HCA","HCA Healthcare, Inc.","NYSE","3396178","3242463","2151148","1.58",,
"2022-10-31","HD","Home Depot, Inc.","NYSE","7621441","7882871","3376803","2.26",,
"2022-10-31","HLT","Hilton Worldwide Holdings Inc.","NYSE","4967002","4818584","2240776","2.22",,
"2022-10-31","HON","Honeywell International Inc. C","NNM","5479340","4741306","3364018","1.63",,
"2022-10-31","HOOD","Robinhood Markets, Inc. Class","NNM","34616391","34960741","7785898","4.45",,
"2022-10-31","HPE","Hewlett Packard Enterprise Com","NYSE","25777209","28792883","15765457","1.64",,
"2022-10-31","HWM","Howmet Aerospace Inc.","NYSE","6438564","7075623","4345037","1.48",,
"2022-10-31","IBKR","Interactive Brokers Group, Inc","NNM","3270801","3200518","1430751","2.29",,
"2022-10-31","IBM","International Business Machine","NYSE","28957162","26815758","6262938","4.62",,
"2022-10-31","ICE","Intercontinental Exchange  Inc","NYSE","3962273","5369181","2739570","1.45",,
"2022-10-31","INTC","Intel Corporation Common Stock","NNM","71743412","67243975","48074977","1.49",,
"2022-10-31","INTU","Intuit Inc. Common Stock","NNM","2556610","2671584","1395590","1.83",,
"2022-10-31","ISRG","Intuitive Surgical, Inc. Commo","NNM","6996235","3290116","3348606","2.09",,
"2022-10-31","ITW","Illinois Tool Works Inc.","NYSE","6334442","7027387","1533743","4.13",,
"2022-10-31","JNJ","Johnson & Johnson","NYSE","12348035","11226758","7245732","1.70",,
"2022-10-31","JPM","JPMorgan Chase & Co.","NYSE","22353403","18994510","15014160","1.49",,
"2022-10-31","KKR","KKR & Co. Inc.","NYSE","14659503","14400012","3252187","4.51",,
"2022-10-31","KLAC","KLA Corporation Common Stock","NNM","2733163","2831697","1972098","1.39",,
"2022-10-31","KMI","Kinder Morgan, Inc.","NYSE","40511920","31175415","22458896","1.80",,
"2022-10-31","KO","Coca-Cola Company","NYSE","34365953","33644684","15698670","2.19",,
"2022-10-31","LIN","Linde plc Ordinary Share","NYSE","3633644","3577897","2181683","1.67",,
"2022-10-31","LLY","Eli Lilly & Co.","NYSE","6095880","5420134","2689373","2.27",,
"2022-10-31","LMT","Lockheed Martin Corp.","NYSE","2725526","2214679","2016736","1.35",,
"2022-10-31","LOW","Lowe's Companies Inc.","NYSE","10699105","10895770","3560805","3.00",,
"2022-10-31","LRCX","Lam Research Corporation Commo","NNM","3298872","2207760","2793056","1.18",,
"2022-10-31","MA","Mastercard Incorporated","NYSE","4735401","4776662","3408883","1.39",,
"2022-10-31","MAR","Marriott International Class A","NNM","5149766","5443759","1882054","2.74",,
"2022-10-31","MCD","McDonald's Corporation","NYSE","6079527","6581364","3372407","1.80",,
"2022-10-31","MCK","McKesson Corporation","NYSE","2983290","2739146","932299","3.20",,
"2022-10-31","MCO","Moody's Corporation","NYSE","3410161","3063319","1007582","3.38",,
"2022-10-31","MDLZ","Mondelez International, Inc. C","NNM","9905438","11839229","6737004","1.47",,
"2022-10-31","MDT","Medtronic plc","NYSE","9631620","8036809","5786665","1.66",,
"2022-10-31","META","Meta Platforms, Inc. Class A C","NNM","35331958","25873704","72618831","1.00",,
"2022-10-31","MMM","3M Company","NYSE","14314641","14641662","3593214","3.98",,
"2022-10-31","MNST","Monster Beverage Corporation","NNM","5284362","8623232","2364639","2.23",,
"2022-10-31","MO","Altria Group, Inc.","NYSE","18138186","19434821","8664259","2.09",,
"2022-10-31","MPC","MARATHON PETROLEUM CORPORATION","NYSE","13811721","13297826","2824486","4.89",,
"2022-10-31","MPWR","Monolithic Power Systems, Inc.","NNM","2612958","2303680","896333","2.92",,
"2022-10-31","MRK","Merck & Co., Inc.","NYSE","20358398","19236325","10288103","1.98",,
"2022-10-31","MRVL","Marvell Technology, Inc. Commo","NNM","18625174","17965177","11865211","1.57",,
"2022-10-31","MS","Morgan Stanley","NYSE","19705003","17974905","8347031","2.36",,
"2022-10-31","MSFT","Microsoft Corporation Common S","NNM","36909448","38213792","33986403","1.09",,
"2022-10-31","MSI","Motorola Solutions, Inc. New","NYSE","1195351","1342920","766867","1.56",,
"2022-10-31","MU","Micron Technology, Inc. Common","NNM","31692265","30139941","18789275","1.69",,
"2022-10-31","NEE","Nextra Energy, Inc.","NYSE","16882157","19530860","8849191","1.91",,
"2022-10-31","NEM","Newmont Corporation","NYSE","14874962","12742746","7610237","1.95",,
"2022-10-31","NET","Cloudflare, Inc. Class A commo","NYSE","12378216","12356059","4219708","2.93",,
"2022-10-31","NFLX","Netflix, Inc. Common Stock","NNM","12053104","9638375","19171232","1.00",,
"2022-10-31","NKE","Nike, Inc.","NYSE","17377903","18035580","8145181","2.13",,
"2022-10-31","NOC","Northrop Grumman Corp.","NYSE","2599420","2379736","1174373","2.21",,
"2022-10-31","NOW","SERVICENOW, INC.","NYSE","3377248","3407487","2474724","1.36",,
"2022-10-31","NSC","Norfolk Southern Corp.","NYSE","3413027","2250053","2199278","1.55",,
"2022-10-31","NVDA","NVIDIA Corporation Common Stoc","NNM","31451677","32874645","56076424","1.00",,
"2022-10-31","O","Realty Income Corporation","NYSE","28496521","25749267","4305717","6.62",,
"2022-10-31","ORCL","Oracle Corp","NYSE","16347657","12550711","10572477","1.55",,
"2022-10-31","ORLY","O'Reilly Automotive, Inc. Comm","NNM","817487","843162","546601","1.50",,
"2022-10-31","PANW","Palo Alto Networks, Inc. Commo","NNM","21967330","20508868","3366542","6.53",,
"2022-10-31","PCAR","PACCAR Inc. Common Stock","NNM","3257492","3047899","2265827","1.44",,
"2022-10-31","PEP","PepsiCo, Inc. Common Stock","NNM","9424716","8736162","5282103","1.78",,
"2022-10-31","PFE","Pfizer Inc.","NYSE","54691142","62511349","23652000","2.31",,
"2022-10-31","PG","Procter & Gamble Company","NYSE","13907989","12350975","7335467","1.90",,
"2022-10-31","PGR","Progressive Corporation","NYSE","3969799","4301075","2403843","1.65",,
"2022-10-31","PH","Parker-Hannifin Corporation","NYSE","1405187","1623001","1002845","1.40",,
"2022-10-31","PLD","PROLOGIS, INC.","NYSE","12559537","12279646","4916768","2.55",,
"2022-10-31","PLTR","Palantir Technologies Inc. Cla","NYSE","119568239","119494217","29686025","4.03",,
"2022-10-31","PM","Philip Morris International In","NYSE","10213572","8783507","5135694","1.99",,
"2022-10-31","PNC","PNC Financial Services Group","NYSE","6669475","6281239","2173234","3.07",,
"2022-10-31","PSX","PHILLIPS 66","NYSE","12627921","12813929","3126748","4.04",,
"2022-10-31","PWR","Quanta Services, Inc.","NYSE","5257057","5022109","863490","6.09",,
"2022-10-31","QCOM","QUALCOMM Incorporated Common S","NNM","13182981","13244526","7523635","1.75",,
"2022-10-31","RCL","Royal Caribbean Group","NYSE","22193770","23292331","6082534","3.65",,
"2022-10-31","REGN","Regeneron Pharmaceuticals, Inc","NNM","1766629","2109145","695251","2.54",,
"2022-10-31","ROST","Ross Stores, Inc. Common Stock","NNM","7303994","8405635","2367612","3.08",,
"2022-10-31","RSG","Republic Services Inc.","NYSE","1850245","2042200","1330475","1.39",,
"2022-10-31","RTX","Raytheon Technologies Corporat","NYSE","7084552","7280130","5777641","1.23",,
"2022-10-31","SBUX","Starbucks Corporation Common S","NNM","13092385","17310224","8552124","1.53",,
"2022-10-31","SCCO","Southern Copper Corporation","NYSE","6540288","6469274","1833128","3.57",,
"2022-10-31","SCHW","The Charles Schwab Corporation","NYSE","14611831","18617886","9753772","1.50",,
"2022-10-31","SHW","The Sherwin-Williams Company","NYSE","1780486","1855292","1746950","1.02",,
"2022-10-31","SNOW","Snowflake Inc.","NYSE","11361467","12183409","5211471","2.18",,
"2022-10-31","SNPS","Synopsys, Inc. Common Stock","NNM","1668009","2100689","890313","1.87",,
"2022-10-31","SO","The Southern Company","NYSE","9994102","10996334","4491625","2.23",,
"2022-10-31","SPCX","The SPAC and New Issue ETF","NNM","161797","161698","6616","24.46",,
"2022-10-31","SPG","Simon Property Group, Inc.","NYSE","6702158","6194544","2057936","3.26",,
"2022-10-31","SPGI","S&P Global Inc.","NYSE","3925150","6755204","1965323","2.00",,
"2022-10-31","SYK","Stryker Corporation","NYSE","5035469","5816467","1635906","3.08",,
"2022-10-31","T","AT&T Inc.","NYSE","94890966","90441135","62688403","1.51",,
"2022-10-31","TDG","TransDigm Group Incorporated","NYSE","1807801","1866402","244172","7.40",,
"2022-10-31","TFC","Truist Financial Corporation","NYSE","15171336","13883173","8579479","1.77",,
"2022-10-31","TGT","Target Corporation","NYSE","10024953","9386966","3487758","2.87",,
"2022-10-31","TJX","TJX Companies, Inc. (The)","NYSE","11260072","9575231","5172536","2.18",,
"2022-10-31","TMO","Thermo Fisher Scientific, Inc.","NYSE","2919334","3017024","2179030","1.34",,
"2022-10-31","TMUS","T-Mobile US, Inc. Common Stock","NNM","16475479","15946879","6254922","2.63",,
"2022-10-31","TRV","The Travelers Companies, Inc.","NYSE","3788355","4160258","1686909","2.25",,
"2022-10-31","TSLA","Tesla, Inc. Common Stock","NNM","76828235","69086836","80729530","1.00",,
"2022-10-31","TXN","Texas Instruments Incorporated","NNM","20713089","18167692","6986167","2.96",,
"2022-10-31","UBER","Uber Technologies, Inc.","NYSE","46811179","61299340","22068729","2.12",,
"2022-10-31","UNH","UNITEDHEALTH GROUP INCORPORATE","NYSE","5155359","4332873","2642078","1.95",,
"2022-10-31","UNP","Union Pacific Corp.","NYSE","5687477","5899487","3696132","1.54",,
"2022-10-31","UPS","United Parcel Service, Inc. Cl","NYSE","10550577","10504520","3697953","2.85",,
"2022-10-31","URI","United Rentals, Inc.","NYSE","3336324","3117979","752897","4.43",,
"2022-10-31","USB","U.S. Bancorp","NYSE","11764137","11671477","11933057","1.00",,
"2022-10-31","V","VISA Inc.","NYSE","37663220","41439394","8828511","4.27",,
"2022-10-31","VLO","Valero Energy Corporation","NYSE","9626865","9830462","4043025","2.38",,
"2022-10-31","VRT","Vertiv Holdings Co Class A Com","NYSE","12772852","12120989","7177972","1.78",,
"2022-10-31","VRTX","Vertex Pharmaceuticals Incorpo","NNM","2836024","2930964","1747789","1.62",,
"2022-10-31","VZ","Verizon Communications","NYSE","31777796","35272938","29055480","1.09",,
"2022-10-31","WBD","Warner Bros. Discovery, Inc. S","NNM","92983925","82556858","21291149","4.37",,
"2022-10-31","WDC","Western Digital Corporation Co","NNM","6830856","9594337","5030708","1.36",,
"2022-10-31","WELL","Welltower Inc.","NYSE","13790440","13729399","2818379","4.89",,
"2022-10-31","WFC","Wells Fargo & Co.","NYSE","30458088","29453781","17688684","1.72",,
"2022-10-31","WM","Waste Management, Inc.","NYSE","3919659","4082796","1941461","2.02",,
"2022-10-31","WMB","Williams Companies Inc.","NYSE","21015100","19111879","6817516","3.08",,
"2022-10-31","WMT","Walmart Inc.","NYSE","12223901","11766385","5585692","2.19",,
"2022-10-31","XOM","Exxon Mobil Corporation","NYSE","45167966","41541776","19332119","2.34",,
"2022-02-28","AAPL","Apple Inc. Common Stock","NNM","110322490","108944701","88680423","1.24",,
"2022-02-28","ABBV","ABBVIE INC.","NYSE","15993856","15392390","9178843","1.74",,
"2022-02-28","ABNB","Airbnb, Inc. Class A Common St","NNM","12606502","13071628","10190735","1.24",,
"2022-02-28","ABT","Abbott Laboratories","NYSE","10383261","10369253","6702305","1.55",,
"2022-02-28","ADBE","Adobe Inc. Common Stock","NNM","7543434","6415466","4153880","1.82",,
"2022-02-28","ADI","Analog Devices, Inc. Common St","NNM","7872500","6867739","4146124","1.90",,
"2022-02-28","ADP","Automatic Data Processing, Inc","NNM","5369818","5246542","1797138","2.99",,
"2022-02-28","AEP","American Electric Power Compan","NNM","8200090","6773855","3876387","2.12",,
"2022-02-28","AFL","Aflac Inc.","NYSE","14405784","14780929","3590808","4.01",,
"2022-02-28","AJG","Arthur J. Gallagher & Co.","NYSE","1519920","2001196","882042","1.72",,
"2022-02-28","ALL","The Allstate Corporation","NYSE","3129238","3938939","2709552","1.15",,
"2022-02-28","AMAT","Applied Materials, Inc. Common","NNM","10763167","10896936","8253118","1.30",,
"2022-02-28","AMD","Advanced Micro Devices, Inc. C","NNM","46205560","88709340","123132491","1.00",,
"2022-02-28","AMGN","Amgen Inc. Common Stock","NNM","26615575","11879097","2979837","8.93",,"R"
"2022-02-28","AMT","American Tower Corporation","NYSE","3939668","3623385","2357197","1.67",,
"2022-02-28","AMZN","Amazon.com, Inc. Common Stock","NNM","4292349","4315526","3307951","1.30",,
"2022-02-28","ANET","Arista Networks","NYSE","2819507","2811421","2297362","1.23",,
"2022-02-28","AON","Aon plc Class A","NYSE","3427013","3498047","1242955","2.76",,
"2022-02-28","APD","Air Products & Chemicals, Inc.","NYSE","2742523","2412540","1428909","1.92",,
"2022-02-28","APH","Amphenol Corporation","NYSE","5212643","5936503","3219636","1.62",,
"2022-02-28","APO","Apollo Global Management, Inc.","NYSE","7931850","9799328","3406726","2.33",,
"2022-02-28","APP","Applovin Corporation Class A C","NNM","9311047","8091411","3109322","2.99",,
"2022-02-28","AVGO","Broadcom Inc. Common Stock","NNM","5389985","4682492","2277900","2.37",,
"2022-02-28","AXP","American Express Company","NYSE","11248919","10319636","4257974","2.64",,
"2022-02-28","BA","Boeing Company","NYSE","7008545","9158799","8419343","1.00",,
"2022-02-28","BAC","Bank of America Corporation","NYSE","58576973","56496842","55068096","1.06",,
"2022-02-28","BKNG","Booking Holdings Inc. Common S","NNM","806397","827880","621841","1.30",,
"2022-02-28","BLK","Blackrock, Inc.","NYSE","1506413","1580588","721216","2.09",,
"2022-02-28","BMY","Bristol-Myers Squibb Co.","NYSE","63195252","70881353","15996653","3.95",,
"2022-02-28","BNY","BlackRock New York Municipal I","NYSE","13912","4378","64805","1.00",,
"2022-02-28","BRKA","Berkshire Hathaway Inc.","NYSE","265","274","1961","1.00",,
"2022-02-28","BRKB","BERKSHIRE HATHAWAY Class B","NYSE","9522244","10622530","5785779","1.65",,
"2022-02-28","BSX","Boston Scientific Corp.","NYSE","17603017","17652968","8902626","1.98",,
"2022-02-28","BX","Blackstone Inc.","NYSE","13111142","12557914","3953974","3.32",,
"2022-02-28","C","Citigroup Inc.","NYSE","43914205","42978040","27017258","1.63",,
"2022-02-28","CAT","Caterpillar Inc.","NYSE","5345605","6426695","4132488","1.29",,
"2022-02-28","CDNS","Cadence Design Systems, Inc. C","NNM","3160254","3008117","2540296","1.24",,
"2022-02-28","CEG","Constellation Energy Corporati","NNM","4084377","3745942","3092551","1.32",,
"2022-02-28","CI","CIGNA Corporation","NYSE","3367649","3298953","1905038","1.77",,
"2022-02-28","CL","Colgate-Palmolive Company","NYSE","9366619","9338009","4677013","2.00",,
"2022-02-28","CMCSA","Comcast Corporation Class A Co","NNM","71698451","66211890","24845900","2.89",,
"2022-02-28","CME","CME Group Inc. Class A Common","NNM","4159624","4849104","1684140","2.47",,
"2022-02-28","CMI","Cummins Inc.","NYSE","2127370","2124910","1441256","1.48",,
"2022-02-28","COF","Capital One Financial","NYSE","4762177","4567740","2660149","1.79",,
"2022-02-28","COP","ConocoPhillips","NYSE","11761004","14670988","9257828","1.27",,
"2022-02-28","COST","Costco Wholesale Corporation C","NNM","4419249","4756061","2126359","2.08",,
"2022-02-28","CRM","salesforce.com, inc.","NYSE","14612183","13956265","8044314","1.82",,
"2022-02-28","CRWD","CrowdStrike Holdings, Inc. Cla","NNM","13372447","13226720","4915211","2.72",,
"2022-02-28","CSCO","Cisco Systems, Inc. Common Sto","NNM","51491431","50249699","25052449","2.06",,
"2022-02-28","CSX","CSX Corporation Common Stock","NNM","23656827","23575373","13936992","1.70",,
"2022-02-28","CTAS","Cintas Corporation Common Stoc","NNM","1208322","787596","550699","2.19",,
"2022-02-28","CVNA","Carvana Co.","NYSE","13887609","13715632","4645628","2.99",,
"2022-02-28","CVS","CVS HEALTH CORPORATION","NYSE","10200224","11617265","5642729","1.81",,
"2022-02-28","CVX","Chevron Corporation","NYSE","21299138","23703749","17776100","1.20",,
"2022-02-28","D","Dominion Energy, Inc Common St","NYSE","8583509","7089339","3564978","2.41",,
"2022-02-28","DASH","DoorDash, Inc.","NYSE","17091285","16443919","12823301","1.33",,
"2022-02-28","DDOG","Datadog, Inc. Class A Common S","NNM","13718517","14946412","4266467","3.22",,
"2022-02-28","DE","Deere & Company","NYSE","2031738","2515125","3024006","1.00",,
"2022-02-28","DELL","Dell Technologies Inc.","NYSE","5819853","7441835","5472678","1.06",,
"2022-02-28","DHR","Danaher Corporation","NYSE","5525019","5311047","3085691","1.79",,
"2022-02-28","DIS","The Walt Disney Company","NYSE","21577702","21432411","10567472","2.04",,
"2022-02-28","DLR","Digital Realty Trust, Inc.","NYSE","8078980","8330182","2839386","2.85",,
"2022-02-28","DUK","Duke Energy Corporation","NYSE","6734651","5777290","3478539","1.94",,
"2022-02-28","ECL","Ecolab, Inc.","NYSE","2760109","2485103","1382644","2.00",,
"2022-02-28","EMR","Emerson Electric Co.","NYSE","4472762","5594095","3090637","1.45",,
"2022-02-28","EOG","EOG Resources, Inc.","NYSE","5259827","6965829","5544332","1.00",,
"2022-02-28","EPD","Enterprise Products Partners L","NYSE","23520798","23792914","6366319","3.69",,
"2022-02-28","EQIX","Equinix, Inc. Common Stock REI","NNM","1214858","958612","566081","2.15",,
"2022-02-28","FCX","Freeport-McMoran Inc.","NYSE","22668199","22540099","17696537","1.28",,
"2022-02-28","FDX","FedEx Corporation","NYSE","3200827","4383140","2217105","1.44",,
"2022-02-28","FTNT","Fortinet, Inc. Common Stock","NNM","2255579","2355047","1412689","1.60",,
"2022-02-28","GD","General Dynamics Corporation","NYSE","2325859","2345067","1834881","1.27",,
"2022-02-28","GE","General Electric Company","NYSE","10879188","11160139","8021354","1.36",,
"2022-02-28","GILD","Gilead Sciences, Inc. Common S","NNM","18626819","22235510","13331535","1.40",,
"2022-02-28","GLW","Corning Incorporated","NYSE","11099593","11339068","4562611","2.43",,
"2022-02-28","GM","General Motors Company","NYSE","28103695","26500900","16243464","1.73",,
"2022-02-28","GOOG","Alphabet Inc. Class C Capital","NNM","1771392","1677988","1542284","1.15",,
"2022-02-28","GOOGL","Alphabet Inc. Class A Common S","NNM","2092312","2276497","1950422","1.07",,
"2022-02-28","GS","Goldman Sachs Group Inc.","NYSE","4923453","4924476","3097105","1.59",,
"2022-02-28","GWW","W.W. Grainger, Inc.","NYSE","930711","867646","309644","3.01",,
"2022-02-28","HCA","HCA Healthcare, Inc.","NYSE","3108858","3162176","1422524","2.19",,
"2022-02-28","HD","Home Depot, Inc.","NYSE","9527618","10617598","8061162","1.18",,
"2022-02-28","HLT","Hilton Worldwide Holdings Inc.","NYSE","7188914","6309127","3113641","2.31",,
"2022-02-28","HON","Honeywell International Inc. C","NNM","5866256","5891101","4141821","1.42",,
"2022-02-28","HOOD","Robinhood Markets, Inc. Class","NNM","51378204","53366558","19865622","2.59",,
"2022-02-28","HPE","Hewlett Packard Enterprise Com","NYSE","41384571","38176531","11837882","3.50",,
"2022-02-28","HWM","Howmet Aerospace Inc.","NYSE","6717732","5551424","3513267","1.91",,
"2022-02-28","IBKR","Interactive Brokers Group, Inc","NNM","2469991","1879027","780462","3.16",,
"2022-02-28","IBM","International Business Machine","NYSE","25605702","27792860","5437414","4.71",,
"2022-02-28","ICE","Intercontinental Exchange  Inc","NYSE","3743448","4349264","3367070","1.11",,
"2022-02-28","INTC","Intel Corporation Common Stock","NNM","59279057","59521015","46834279","1.27",,
"2022-02-28","INTU","Intuit Inc. Common Stock","NNM","2164901","2161782","2169368","1.00",,
"2022-02-28","ISRG","Intuitive Surgical, Inc. Commo","NNM","4227183","4335228","1743770","2.42",,
"2022-02-28","ITW","Illinois Tool Works Inc.","NYSE","4540937","4780033","1280364","3.55",,
"2022-02-28","JNJ","Johnson & Johnson","NYSE","15021958","15364527","8702056","1.73",,
"2022-02-28","JPM","JPMorgan Chase & Co.","NYSE","15246882","16755466","16330991","1.00",,
"2022-02-28","KKR","KKR & Co. Inc.","NYSE","5920186","6159926","3880627","1.53",,
"2022-02-28","KLAC","KLA Corporation Common Stock","NNM","1653665","2264580","1603261","1.03",,
"2022-02-28","KMI","Kinder Morgan, Inc.","NYSE","30724548","32787712","18646151","1.65",,
"2022-02-28","KO","Coca-Cola Company","NYSE","25499271","31951263","21810328","1.17",,
"2022-02-28","LIN","Linde plc Ordinary Share","NYSE","3078142","2599083","3035290","1.01",,
"2022-02-28","LLY","Eli Lilly & Co.","NYSE","6504166","5362806","2646578","2.46",,
"2022-02-28","LMT","Lockheed Martin Corp.","NYSE","3320834","2913364","2666518","1.25",,
"2022-02-28","LOW","Lowe's Companies Inc.","NYSE","8517076","7813747","5195821","1.64",,
"2022-02-28","LRCX","Lam Research Corporation Commo","NNM","2034437","1846775","1200504","1.69",,
"2022-02-28","MA","Mastercard Incorporated","NYSE","5639229","5948185","4422101","1.28",,
"2022-02-28","MAR","Marriott International Class A","NNM","4945698","4592273","3117525","1.59",,
"2022-02-28","MCD","McDonald's Corporation","NYSE","5362944","5236178","3735160","1.44",,
"2022-02-28","MCK","McKesson Corporation","NYSE","5026017","5972575","1156199","4.35",,
"2022-02-28","MCO","Moody's Corporation","NYSE","2976180","2722827","1142020","2.61",,
"2022-02-28","MDLZ","Mondelez International, Inc. C","NNM","13286470","13904870","7507289","1.77",,
"2022-02-28","MDT","Medtronic plc","NYSE","10360628","11483886","7230896","1.43",,
"2022-02-28","MMM","3M Company","NYSE","11574476","10489769","5138421","2.25",,
"2022-02-28","MNST","Monster Beverage Corporation","NNM","4830395","4561323","3976072","1.21",,
"2022-02-28","MO","Altria Group, Inc.","NYSE","19538476","15760217","10445139","1.87",,
"2022-02-28","MPC","MARATHON PETROLEUM CORPORATION","NYSE","16114487","16878095","6132006","2.63",,
"2022-02-28","MPWR","Monolithic Power Systems, Inc.","NNM","821874","786090","424225","1.94",,
"2022-02-28","MRK","Merck & Co., Inc.","NYSE","19457117","17652072","11911308","1.63",,
"2022-02-28","MRVL","Marvell Technology, Inc. Commo","NNM","16542282","14858121","9876255","1.67",,
"2022-02-28","MS","Morgan Stanley","NYSE","19830864","18896556","13273661","1.49",,
"2022-02-28","MSFT","Microsoft Corporation Common S","NNM","41488998","35348757","36785794","1.13",,
"2022-02-28","MSI","Motorola Solutions, Inc. New","NYSE","1742118","1262178","1116730","1.56",,
"2022-02-28","MU","Micron Technology, Inc. Common","NNM","23229207","22694779","18990278","1.22",,
"2022-02-28","NEE","Nextra Energy, Inc.","NYSE","22170416","20659684","10991595","2.02",,
"2022-02-28","NEM","Newmont Corporation","NYSE","10667764","8748238","10567788","1.01",,
"2022-02-28","NET","Cloudflare, Inc. Class A commo","NYSE","13133414","13858867","5993137","2.19",,
"2022-02-28","NFLX","Netflix, Inc. Common Stock","NNM","10803711","11517802","5501236","1.96",,
"2022-02-28","NKE","Nike, Inc.","NYSE","10539373","9143774","6611703","1.59",,
"2022-02-28","NOC","Northrop Grumman Corp.","NYSE","1839595","1708840","1280477","1.44",,
"2022-02-28","NOW","SERVICENOW, INC.","NYSE","3953146","4048074","1423744","2.78",,
"2022-02-28","NSC","Norfolk Southern Corp.","NYSE","3977894","3579892","1912902","2.08",,
"2022-02-28","NVDA","NVIDIA Corporation Common Stoc","NNM","28327484","26446744","64983350","1.00",,
"2022-02-28","O","Realty Income Corporation","NYSE","11566359","9939377","4586645","2.52",,
"2022-02-28","ORCL","Oracle Corp","NYSE","18870542","18560818","8359635","2.26",,
"2022-02-28","ORLY","O'Reilly Automotive, Inc. Comm","NNM","863469","871227","614094","1.41",,
"2022-02-28","PANW","Palo Alto Networks, Inc. Commo","NNM","7363032","6002550","2940058","2.50",,
"2022-02-28","PCAR","PACCAR Inc. Common Stock","NNM","3281506","2962482","1626924","2.02",,
"2022-02-28","PEP","PepsiCo, Inc. Common Stock","NNM","8340876","9284889","6141787","1.36",,
"2022-02-28","PFE","Pfizer Inc.","NYSE","65636348","63255809","30898745","2.12",,
"2022-02-28","PG","Procter & Gamble Company","NYSE","12557645","12314699","8804757","1.43",,
"2022-02-28","PGR","Progressive Corporation","NYSE","7002964","7168882","2829954","2.47",,
"2022-02-28","PH","Parker-Hannifin Corporation","NYSE","1158130","967985","689477","1.68",,
"2022-02-28","PLD","PROLOGIS, INC.","NYSE","10248058","10295507","2953642","3.47",,
"2022-02-28","PLTR","Palantir Technologies Inc. Cla","NYSE","123396076","125867551","101987648","1.21",,
"2022-02-28","PM","Philip Morris International In","NYSE","9274608","11024480","7919022","1.17",,
"2022-02-28","PNC","PNC Financial Services Group","NYSE","4605722","4214687","2150768","2.14",,
"2022-02-28","PSX","PHILLIPS 66","NYSE","11511020","11672577","3352861","3.43",,
"2022-02-28","PWR","Quanta Services, Inc.","NYSE","3505056","3555834","1482616","2.36",,
"2022-02-28","QCOM","QUALCOMM Incorporated Common S","NNM","13952626","17296235","9406253","1.48",,
"2022-02-28","RCL","Royal Caribbean Group","NYSE","13001922","13764410","3969093","3.28",,
"2022-02-28","REGN","Regeneron Pharmaceuticals, Inc","NNM","2237537","2138019","562352","3.98",,
"2022-02-28","ROST","Ross Stores, Inc. Common Stock","NNM","4042691","4502230","3320053","1.22",,
"2022-02-28","RSG","Republic Services Inc.","NYSE","2498732","2556667","1653652","1.51",,
"2022-02-28","RTX","Raytheon Technologies Corporat","NYSE","14014836","10675111","8092694","1.73",,
"2022-02-28","SBUX","Starbucks Corporation Common S","NNM","10926382","11162791","7655556","1.43",,
"2022-02-28","SCCO","Southern Copper Corporation","NYSE","3530755","4122588","1013898","3.48",,
"2022-02-28","SCHW","The Charles Schwab Corporation","NYSE","14136582","14154576","7803431","1.81",,
"2022-02-28","SHW","The Sherwin-Williams Company","NYSE","3080634","2804659","1640841","1.88",,
"2022-02-28","SNOW","Snowflake Inc.","NYSE","5089982","5513382","3650311","1.39",,
"2022-02-28","SNPS","Synopsys, Inc. Common Stock","NNM","1864949","1744983","1143132","1.63",,
"2022-02-28","SO","The Southern Company","NYSE","14783508","14768271","7803225","1.89",,
"2022-02-28","SPCX","The SPAC and New Issue ETF","NNM","165837","171707","13824","12.00",,
"2022-02-28","SPG","Simon Property Group, Inc.","NYSE","10144547","10029731","2322146","4.37",,
"2022-02-28","SPGI","S&P Global Inc.","NYSE","21680825","18762861","2871779","7.55",,
"2022-02-28","SYK","Stryker Corporation","NYSE","4736175","4553977","1533997","3.09",,
"2022-02-28","T","AT&T Inc.","NYSE","76810601","76144598","48352829","1.59",,
"2022-02-28","TDG","TransDigm Group Incorporated","NYSE","1050130","1033456","306957","3.42",,
"2022-02-28","TFC","Truist Financial Corporation","NYSE","11541223","12083228","6283746","1.84",,
"2022-02-28","TGT","Target Corporation","NYSE","8300584","9590335","4353665","1.91",,
"2022-02-28","TJX","TJX Companies, Inc. (The)","NYSE","8315605","7797576","9523375","1.00",,
"2022-02-28","TMO","Thermo Fisher Scientific, Inc.","NYSE","2681397","2594768","1706049","1.57",,
"2022-02-28","TMUS","T-Mobile US, Inc. Common Stock","NNM","13541305","14654493","4207549","3.22",,
"2022-02-28","TRV","The Travelers Companies, Inc.","NYSE","3708711","3718640","1570374","2.36",,
"2022-02-28","TSLA","Tesla, Inc. Common Stock","NNM","24557958","24326020","27432417","1.00",,
"2022-02-28","TXN","Texas Instruments Incorporated","NNM","15853121","16029484","5979108","2.65",,
"2022-02-28","UBER","Uber Technologies, Inc.","NYSE","84561164","82758263","32164851","2.63",,
"2022-02-28","UNH","UNITEDHEALTH GROUP INCORPORATE","NYSE","5857446","5801278","3135415","1.87",,
"2022-02-28","UNP","Union Pacific Corp.","NYSE","10176242","7133352","3383453","3.01",,
"2022-02-28","UPS","United Parcel Service, Inc. Cl","NYSE","8761378","7337799","2975183","2.94",,
"2022-02-28","URI","United Rentals, Inc.","NYSE","2090918","2066745","589173","3.55",,
"2022-02-28","USB","U.S. Bancorp","NYSE","10505996","11056044","7778884","1.35",,
"2022-02-28","V","VISA Inc.","NYSE","27815787","26550766","9343590","2.98",,
"2022-02-28","VLO","Valero Energy Corporation","NYSE","11415806","12929582","4135960","2.76",,
"2022-02-28","VRT","Vertiv Holdings Co Class A Com","NYSE","8200608","11342708","11747474","1.00",,
"2022-02-28","VRTX","Vertex Pharmaceuticals Incorpo","NNM","3591644","3258579","1510299","2.38",,
"2022-02-28","VZ","Verizon Communications","NYSE","49816880","54434691","23107110","2.16",,
"2022-02-28","WDC","Western Digital Corporation Co","NNM","5748886","6751706","3458744","1.66",,
"2022-02-28","WELL","Welltower Inc.","NYSE","13088336","11962417","3288304","3.98",,
"2022-02-28","WFC","Wells Fargo & Co.","NYSE","41340468","47799303","27174473","1.52",,
"2022-02-28","WM","Waste Management, Inc.","NYSE","5100303","5159552","2149649","2.37",,
"2022-02-28","WMB","Williams Companies Inc.","NYSE","23890078","26662749","9775482","2.44",,
"2022-02-28","WMT","Walmart Inc.","NYSE","12240549","12367750","10118306","1.21",,
"2022-02-28","XOM","Exxon Mobil Corporation","NYSE","37229516","48517413","29614358","1.26",,
"2025-09-15","AAPL","Apple Inc. Common Stock","NNM","118199377","113582365","55559339","2.13",,
"2025-09-15","ABBV","ABBVIE INC.","NYSE","16559691","15397504","4667989","3.55",,
"2025-09-15","ABNB","Airbnb, Inc. Class A Common St","NNM","21689966","18742127","5104410","4.25",,
"2025-09-15","ABT","Abbott Laboratories","NYSE","18072584","17753634","5139189","3.52",,
"2025-09-15","ADBE","Adobe Inc. Common Stock","NNM","9607458","9953706","6287192","1.53",,
"2025-09-15","ADI","Analog Devices, Inc. Common St","NNM","8350588","7492367","2539348","3.29",,
"2025-09-15","ADP","Automatic Data Processing, Inc","NNM","7128044","6377916","1583044","4.50",,
"2025-09-15","AEP","American Electric Power Compan","NNM","23628018","22804062","2879491","8.21",,
"2025-09-15","AFL","Aflac Inc.","NYSE","7691915","7603439","2258827","3.41",,
"2025-09-15","AJG","Arthur J. Gallagher & Co.","NYSE","3454456","3711229","1394998","2.48",,
"2025-09-15","ALL","The Allstate Corporation","NYSE","3757378","4057571","1300312","2.89",,
"2025-09-15","AMAT","Applied Materials, Inc. Common","NNM","19925504","22434407","6645596","3.00",,
"2025-09-15","AMD","Advanced Micro Devices, Inc. C","NNM","41767201","39165658","44203062","1.00",,
"2025-09-15","AMGN","Amgen Inc. Common Stock","NNM","13202457","11796977","2259206","5.84",,
"2025-09-15","AMT","American Tower Corporation","NYSE","5577255","5760876","3443976","1.62",,
"2025-09-15","AMZN","Amazon.com, Inc. Common Stock","NNM","69908794","68648147","39175128","1.78",,
"2025-09-15","ANET","Arista Networks","NYSE","12519594","12522995","10977184","1.14",,
"2025-09-15","AON","Aon plc Class A","NYSE","2136376","1839550","1030053","2.07",,
"2025-09-15","APD","Air Products & Chemicals, Inc.","NYSE","5347995","5145925","726369","7.36",,
"2025-09-15","APH","Amphenol Corporation","NYSE","19190934","17676283","9891177","1.94",,
"2025-09-15","APO","Apollo Global Management, Inc.","NYSE","30196051","30051567","3301876","9.15",,
"2025-09-15","APP","Applovin Corporation Class A C","NNM","14856820","13314092","7501496","1.98",,
"2025-09-15","AVGO","Broadcom Inc. Common Stock","NNM","49717172","39583674","34886465","1.43",,
"2025-09-15","AXP","American Express Company","NYSE","9642094","10578666","2476182","3.89",,
"2025-09-15","BA","Boeing Company","NYSE","16579168","15871963","7105162","2.33",,
"2025-09-15","BAC","Bank of America Corporation","NYSE","104086178","97853200","37067368","2.81",,
"2025-09-15","BKNG","Booking Holdings Inc. Common S","NNM","593179","590409","194141","3.06",,
"2025-09-15","BLK","Blackrock, Inc.","NYSE","2130051","1823798","476193","4.47",,
"2025-09-15","BMY","Bristol-Myers Squibb Co.","NYSE","29470983","31193823","9460298","3.12",,
"2025-09-15","BNY","BlackRock New York Municipal I","NYSE","49139","66463","60364","1.00",,
"2025-09-15","BRKA","Berkshire Hathaway Inc.","NYSE","268","250","391","1.00",,
"2025-09-15","BRKB","BERKSHIRE HATHAWAY Class B","NYSE","12464485","13119940","4009072","3.11",,
"2025-09-15","BSX","Boston Scientific Corp.","NYSE","19015043","18992023","8063283","2.36",,
"2025-09-15","BX","Blackstone Inc.","NYSE","12462912","11163528","3458245","3.60",,
"2025-09-15","C","Citigroup Inc.","NYSE","36260537","37121462","13449690","2.70",,
"2025-09-15","CAT","Caterpillar Inc.","NYSE","6941303","6549032","2044929","3.39",,
"2025-09-15","CDNS","Cadence Design Systems, Inc. C","NNM","3826608","3689923","1966353","1.95",,
"2025-09-15","CEG","Constellation Energy Corporati","NNM","7155135","6882861","2230481","3.21",,
"2025-09-15","CI","The Cigna Group","NYSE","3261016","3040006","1327865","2.46",,
"2025-09-15","CL","Colgate-Palmolive Company","NYSE","12609331","11610911","4780991","2.64",,
"2025-09-15","CMCSA","Comcast Corporation Class A Co","NNM","55434200","49405919","21475154","2.58",,
"2025-09-15","CME","CME Group Inc. Class A Common","NNM","4629679","4516523","1954656","2.37",,
"2025-09-15","CMI","Cummins Inc.","NYSE","1639150","1493389","772462","2.12",,
"2025-09-15","COF","Capital One Financial","NYSE","8963826","7931647","2979923","3.01",,
"2025-09-15","COP","ConocoPhillips","NYSE","14362910","16402903","6387554","2.25",,
"2025-09-15","COST","Costco Wholesale Corporation C","NNM","6542302","6839849","1748092","3.74",,
"2025-09-15","CRM","Salesforce, Inc.","NYSE","13050735","13975683","12817106","1.02",,
"2025-09-15","CRWD","CrowdStrike Holdings, Inc. Cla","NNM","6421574","6978859","2659670","2.41",,
"2025-09-15","CSCO","Cisco Systems, Inc. Common Sto","NNM","44834130","47595876","15955914","2.81",,
"2025-09-15","CSX","CSX Corporation Common Stock","NNM","34208922","29137821","11062566","3.09",,
"2025-09-15","CTAS","Cintas Corporation Common Stoc","NNM","7968605","7266236","1898540","4.20",,
"2025-09-15","CVNA","Carvana Co.","NYSE","13124908","13725425","2201169","5.96",,
"2025-09-15","CVS","CVS HEALTH CORPORATION","NYSE","23623517","18801166","8520126","2.77",,
"2025-09-15","CVX","Chevron Corporation","NYSE","19596345","18117914","7842422","2.50",,
"2025-09-15","D","Dominion Energy, Inc Common St","NYSE","37529374","37421756","5228588","7.18",,
"2025-09-15","DASH","DoorDash, Inc. Class A Common","NNM","11768411","13342835","2887739","4.08",,
"2025-09-15","DDOG","Datadog, Inc. Class A Common S","NNM","13493449","13219648","4055750","3.33",,
"2025-09-15","DE","Deere & Company","NYSE","4308605","4288439","1461048","2.95",,
"2025-09-15","DELL","Dell Technologies Inc.","NYSE","11811846","12802750","6900162","1.71",,
"2025-09-15","DHR","Danaher Corporation","NYSE","9526418","9551552","3672824","2.59",,
"2025-09-15","DIS","The Walt Disney Company","NYSE","19795012","18308660","6849361","2.89",,
"2025-09-15","DLR","Digital Realty Trust, Inc.","NYSE","7984215","7720738","1769594","4.51",,
"2025-09-15","DUK","Duke Energy Corporation","NYSE","14451416","14056879","2352603","6.14",,
"2025-09-15","ECL","Ecolab, Inc.","NYSE","2098626","2352360","1270135","1.65",,
"2025-09-15","ELV","Elevance Health, Inc.","NYSE","3677507","2700482","2104185","1.75",,
"2025-09-15","EMR","Emerson Electric Co.","NYSE","15967460","15377296","2351212","6.79",,
"2025-09-15","EOG","EOG Resources, Inc.","NYSE","14613517","14065088","2375232","6.15",,
"2025-09-15","EPD","Enterprise Products Partners L","NYSE","32835652","31147119","3563500","9.21",,
"2025-09-15","EQIX","Equinix, Inc. Common Stock REI","NNM","2309033","2371782","428324","5.39",,
"2025-09-15","FCX","Freeport-McMoran Inc.","NYSE","21394508","23102550","13669005","1.57",,
"2025-09-15","FDX","FedEx Corporation","NYSE","4375871","4468089","1774480","2.47",,
"2025-09-15","FTNT","Fortinet, Inc. Common Stock","NNM","19429476","20390487","6287506","3.09",,
"2025-09-15","GD","General Dynamics Corporation","NYSE","1971584","2213196","775423","2.54",,
"2025-09-15","GE","GE Aerospace","NYSE","14247171","15130836","4001769","3.56",,
"2025-09-15","GEV","GE Vernova Inc.","NYSE","7368173","7630142","3244628","2.27",,
"2025-09-15","GILD","Gilead Sciences, Inc. Common S","NNM","18249455","17562109","6855608","2.66",,
"2025-09-15","GLW","Corning Incorporated","NYSE","17484284","11160908","11712151","1.49",,
"2025-09-15","GM","General Motors Company","NYSE","18928768","17913456","6652366","2.85",,
"2025-09-15","GOOG","Alphabet Inc. Class C Capital","NNM","39567333","31064079","28924989","1.37",,
"2025-09-15","GOOGL","Alphabet Inc. Class A Common S","NNM","67329048","55471936","46630465","1.44",,
"2025-09-15","GS","Goldman Sachs Group Inc.","NYSE","6035304","5653760","1785900","3.38",,
"2025-09-15","GWW","W.W. Grainger, Inc.","NYSE","1040529","847870","310224","3.35",,
"2025-09-15","HCA","HCA Healthcare, Inc.","NYSE","4228281","4270707","1190700","3.55",,
"2025-09-15","HD","Home Depot, Inc.","NYSE","13290337","10399813","4144507","3.21",,
"2025-09-15","HLT","Hilton Worldwide Holdings Inc.","NYSE","8091730","8186226","1332828","6.07",,
"2025-09-15","HON","Honeywell International Inc. C","NNM","9088588","7670279","3934733","2.31",,
"2025-09-15","HOOD","Robinhood Markets, Inc. Class","NNM","37475808","29113767","46593961","1.00",,
"2025-09-15","HPE","Hewlett Packard Enterprise Com","NYSE","46587551","43512255","26604156","1.75",,
"2025-09-15","HWM","Howmet Aerospace Inc.","NYSE","11083223","12179507","1876014","5.91",,
"2025-09-15","IBKR","Interactive Brokers Group, Inc","NNM","11742089","17058765","5508067","2.13",,
"2025-09-15","IBM","International Business Machine","NYSE","14626762","14280231","4263980","3.43",,
"2025-09-15","ICE","Intercontinental Exchange  Inc","NYSE","6695143","6302807","2702193","2.48",,
"2025-09-15","INTC","Intel Corporation Common Stock","NNM","101515016","107666292","56338002","1.80",,
"2025-09-15","INTU","Intuit Inc. Common Stock","NNM","4657282","4761374","1901239","2.45",,
"2025-09-15","ISRG","Intuitive Surgical, Inc. Commo","NNM","5715392","5435064","2746444","2.08",,
"2025-09-15","ITW","Illinois Tool Works Inc.","NYSE","6420519","6504452","759757","8.45",,
"2025-09-15","JNJ","Johnson & Johnson","NYSE","22053691","18836072","7281068","3.03",,
"2025-09-15","JPM","JPMorgan Chase & Co.","NYSE","26956512","26460443","7571746","3.56",,
"2025-09-15","KKR","KKR & Co. Inc.","NYSE","9027168","9022750","3033536","2.98",,
"2025-09-15","KLAC","KLA Corporation Common Stock","NNM","3727843","3374169","878337","4.24",,
"2025-09-15","KMI","Kinder Morgan, Inc.","NYSE","36981496","37333362","11286412","3.28",,
"2025-09-15","KO","Coca-Cola Company","NYSE","39226752","36843168","20072703","1.95",,
"2025-09-15","LIN","Linde plc Ordinary Shares","NNM","5505092","5305809","1682305","3.27",,
"2025-09-15","LLY","Eli Lilly & Co.","NYSE","7323001","8041246","2901226","2.52",,
"2025-09-15","LMT","Lockheed Martin Corp.","NYSE","2459639","2089408","1347858","1.82",,
"2025-09-15","LOW","Lowe's Companies Inc.","NYSE","9475136","7880394","2784589","3.40",,
"2025-09-15","LRCX","Lam Research Corporation Commo","NNM","31121222","31630878","11024054","2.82",,
"2025-09-15","MA","Mastercard Incorporated","NYSE","5883618","5938888","2195301","2.68",,
"2025-09-15","MAR","Marriott International Class A","NNM","7230671","6932251","1218769","5.93",,
"2025-09-15","MCD","McDonald's Corporation","NYSE","8234303","7557351","2894663","2.84",,
"2025-09-15","MCK","McKesson Corporation","NYSE","1845330","1878026","605575","3.05",,
"2025-09-15","MCO","Moody's Corporation","NYSE","2304042","2119531","629451","3.66",,
"2025-09-15","MDLZ","Mondelez International, Inc. C","NNM","22220360","25303529","6542958","3.40",,
"2025-09-15","MDT","Medtronic plc","NYSE","12788226","13226630","6171116","2.07",,
"2025-09-15","META","Meta Platforms, Inc. Class A C","NNM","26292755","24374357","10080565","2.61",,
"2025-09-15","MMM","3M Company","NYSE","7945844","7311555","2844974","2.79",,
"2025-09-15","MNST","Monster Beverage Corporation","NNM","19333694","19688401","4283538","4.51",,
"2025-09-15","MO","Altria Group, Inc.","NYSE","33727999","36141059","7700723","4.38",,
"2025-09-15","MPC","MARATHON PETROLEUM CORPORATION","NYSE","7861133","8111300","1783367","4.41",,
"2025-09-15","MPWR","Monolithic Power Systems, Inc.","NNM","1619039","1920230","464048","3.49",,
"2025-09-15","MRK","Merck & Co., Inc.","NYSE","27709865","23829923","11593137","2.39",,
"2025-09-15","MRVL","Marvell Technology, Inc. Commo","NNM","30947350","30451426","23253582","1.33",,
"2025-09-15","MS","Morgan Stanley","NYSE","16224917","14685837","5133280","3.16",,
"2025-09-15","MSFT","Microsoft Corporation Common S","NNM","65238937","58491994","19272786","3.39",,
"2025-09-15","MSI","Motorola Solutions, Inc. New","NYSE","2591139","2452643","861018","3.01",,
"2025-09-15","MU","Micron Technology, Inc. Common","NNM","25357200","32263302","24337510","1.04",,
"2025-09-15","NEE","Nextra Energy, Inc.","NYSE","31751525","41593724","9735658","3.26",,
"2025-09-15","NEM","Newmont Corporation","NYSE","23053364","20996959","10309816","2.24",,
"2025-09-15","NET","Cloudflare, Inc. Class A commo","NYSE","10299645","9513717","1953771","5.27",,
"2025-09-15","NFLX","Netflix, Inc. Common Stock","NNM","6955599","6611028","2909802","2.39",,
"2025-09-15","NKE","Nike, Inc.","NYSE","35698407","36473748","11405921","3.13",,
"2025-09-15","NOC","Northrop Grumman Corp.","NYSE","1568971","1745033","650617","2.41",,
"2025-09-15","NOW","SERVICENOW, INC.","NYSE","3002406","3385267","1348710","2.23",,
"2025-09-15","NSC","Norfolk Southern Corp.","NYSE","3703963","2943243","1617850","2.29",,
"2025-09-15","NVDA","NVIDIA Corporation Common Stoc","NNM","217485473","196695074","172256551","1.26",,
"2025-09-15","O","Realty Income Corporation","NYSE","38783894","34955408","4783988","8.11",,
"2025-09-15","ORCL","Oracle Corp","NYSE","23583435","21476926","39842365","1.00",,
"2025-09-15","ORLY","O'Reilly Automotive, Inc. Comm","NNM","13129812","14593988","4406130","2.98",,
"2025-09-15","PANW","Palo Alto Networks, Inc. Commo","NNM","49937430","49182826","5451190","9.16",,
"2025-09-15","PCAR","PACCAR Inc. Common Stock","NNM","12228024","11603564","2372095","5.15",,
"2025-09-15","PEP","PepsiCo, Inc. Common Stock","NNM","20097613","22413180","8334830","2.41",,
"2025-09-15","PFE","Pfizer Inc.","NYSE","112932270","103465144","43588389","2.59",,
"2025-09-15","PG","Procter & Gamble Company","NYSE","17497188","17250036","6253730","2.80",,
"2025-09-15","PGR","Progressive Corporation","NYSE","6822668","6223821","2346725","2.91",,
"2025-09-15","PH","Parker-Hannifin Corporation","NYSE","1552607","1439732","508061","3.06",,
"2025-09-15","PLD","PROLOGIS, INC.","NYSE","11720242","10052586","3435275","3.41",,
"2025-09-15","PLTR","Palantir Technologies Inc. Cla","NNM","54581338","49337540","57758364","1.00",,
"2025-09-15","PM","Philip Morris International In","NYSE","12083276","11127757","5319672","2.27",,
"2025-09-15","PNC","PNC Financial Services Group","NYSE","7738411","7149476","1462203","5.29",,
"2025-09-15","PSX","PHILLIPS 66","NYSE","8559102","9181132","2139070","4.00",,
"2025-09-15","PWR","Quanta Services, Inc.","NYSE","4693482","4462425","890485","5.27",,
"2025-09-15","QCOM","QUALCOMM Incorporated Common S","NNM","21286327","18050075","6973941","3.05",,
"2025-09-15","RCL","Royal Caribbean Group","NYSE","11843280","11628725","1768980","6.69",,
"2025-09-15","REGN","Regeneron Pharmaceuticals, Inc","NNM","2985318","2827689","960752","3.11",,
"2025-09-15","ROST","Ross Stores, Inc. Common Stock","NNM","5687225","4999754","2299939","2.47",,
"2025-09-15","RSG","Republic Services Inc.","NYSE","3219465","2470059","1015734","3.17",,
"2025-09-15","RTX","RTX Corporation","NYSE","14883335","16179338","4014524","3.71",,
"2025-09-15","SBUX","Starbucks Corporation Common S","NNM","44788978","45671282","9321867","4.80",,
"2025-09-15","SCCO","Southern Copper Corporation","NYSE","8475691","9182435","1393671","6.08",,
"2025-09-15","SCHW","The Charles Schwab Corporation","NYSE","20843310","21946713","10281999","2.03",,
"2025-09-15","SHW","The Sherwin-Williams Company","NYSE","4312867","4661502","2046827","2.11",,
"2025-09-15","SNDK","Sandisk Corporation Common Sto","NNM","6213553","8587012","6014433","1.03",,
"2025-09-15","SNOW","Snowflake Inc.","NYSE","11408077","12912458","5725692","1.99",,
"2025-09-15","SNPS","Synopsys, Inc. Common Stock","NNM","4546141","3237254","5554540","1.00",,
"2025-09-15","SO","The Southern Company","NYSE","32942556","34802311","3619596","9.10",,
"2025-09-15","SPCX","The SPAC and New Issue ETF","NNM","6404","6416","664","9.64",,
"2025-09-15","SPG","Simon Property Group, Inc.","NYSE","6049790","5496528","1973626","3.07",,
"2025-09-15","SPGI","S&P Global Inc.","NYSE","3337788","3404351","944336","3.53",,
"2025-09-15","SYK","Stryker Corporation","NYSE","4608346","4185083","967397","4.76",,
"2025-09-15","T","AT&T Inc.","NYSE","90962568","89142504","29507335","3.08",,
"2025-09-15","TDG","TransDigm Group Incorporated","NYSE","1051706","1074058","461917","2.28",,
"2025-09-15","TFC","Truist Financial Corporation","NYSE","31977521","32639727","7747827","4.13",,
"2025-09-15","TGT","Target Corporation","NYSE","16777297","16092746","7982253","2.10",,
"2025-09-15","TJX","TJX Companies, Inc. (The)","NYSE","15684755","14676598","4737679","3.31",,
"2025-09-15","TMO","Thermo Fisher Scientific, Inc.","NYSE","3829062","3944909","1525880","2.51",,
"2025-09-15","TMUS","T-Mobile US, Inc. Common Stock","NNM","12525411","13006013","3965964","3.16",,
"2025-09-15","TRV","The Travelers Companies, Inc.","NYSE","4017134","3414787","1071677","3.75",,
"2025-09-15","TSLA","Tesla, Inc. Common Stock","NNM","86213226","78272760","95091070","1.00",,
"2025-09-15","TXN","Texas Instruments Incorporated","NNM","15405670","16634615","7956312","1.94",,
"2025-09-15","UBER","Uber Technologies, Inc.","NYSE","52783148","49508507","15648279","3.37",,
"2025-09-15","UNH","UNITEDHEALTH GROUP INCORPORATE","NYSE","14238970","11912729","16911156","1.00",,
"2025-09-15","UNP","Union Pacific Corp.","NYSE","14491431","11574832","4450547","3.26",,
"2025-09-15","UPS","United Parcel Service, Inc. Cl","NYSE","21330481","20295496","8556255","2.49",,
"2025-09-15","URI","United Rentals, Inc.","NYSE","1894097","2071310","490585","3.86",,
"2025-09-15","USB","U.S. Bancorp","NYSE","22010375","22064629","8925968","2.47",,
"2025-09-15","V","VISA Inc.","NYSE","26737854","26024098","4784834","5.59",,
"2025-09-15","VLO","Valero Energy Corporation","NYSE","12587706","12023963","2838110","4.44",,
"2025-09-15","VRT","Vertiv Holdings Co Class A Com","NYSE","11346472","10456723","7383061","1.54",,
"2025-09-15","VRTX","Vertex Pharmaceuticals Incorpo","NNM","4053668","3639292","1277924","3.17",,
"2025-09-15","VZ","Verizon Communications","NYSE","92919127","89688125","17578538","5.29",,
"2025-09-15","WBD","Warner Bros. Discovery, Inc. S","NNM","92426748","93782716","109821111","1.00",,
"2025-09-15","WDC","Western Digital Corporation Co","NNM","39478138","35113585","10100196","3.91",,
"2025-09-15","WELL","Welltower Inc.","NYSE","12275382","12709577","2235448","5.49",,
"2025-09-15","WFC","Wells Fargo & Co.","NYSE","44007011","46193654","14455574","3.04",,
"2025-09-15","WM","Waste Management, Inc.","NYSE","3872931","4075105","1625812","2.38",,
"2025-09-15","WMB","Williams Companies Inc.","NYSE","13162231","12394289","5730504","2.30",,
"2025-09-15","WMT","Walmart Inc.","NYSE","40824255","38967033","14547642","2.81",,
"2025-09-15","XOM","Exxon Mobil Corporation","NYSE","44822159","47204041","14151616","3.17",,
"2025-08-15","AAPL","Apple Inc. Common Stock","NNM","127079143","104634941","74832635","1.70",,
"2025-08-15","ABBV","ABBVIE INC.","NYSE","16997471","15126296","4639882","3.66",,
"2025-08-15","ABNB","Airbnb, Inc. Class A Common St","NNM","19463823","18978470","7257343","2.68",,
"2025-08-15","ABT","Abbott Laboratories","NYSE","17110418","18325255","6118814","2.80",,
"2025-08-15","ADBE","Adobe Inc. Common Stock","NNM","10016492","10408796","4126426","2.43",,
"2025-08-15","ADI","Analog Devices, Inc. Common St","NNM","7328112","8155882","3249277","2.26",,
"2025-08-15","ADP","Automatic Data Processing, Inc","NNM","6178487","5163320","1512346","4.09",,
"2025-08-15","AEP","American Electric Power Compan","NNM","22270747","22081604","3462775","6.43",,
"2025-08-15","AFL","Aflac Inc.","NYSE","8060003","7360596","2730116","2.95",,
"2025-08-15","AJG","Arthur J. Gallagher & Co.","NYSE","3707625","2453593","1717516","2.16",,
"2025-08-15","ALL","The Allstate Corporation","NYSE","3174232","3143853","1288906","2.46",,
"2025-08-15","AMAT","Applied Materials, Inc. Common","NNM","16338333","15328085","8734892","1.87",,
"2025-08-15","AMD","Advanced Micro Devices, Inc. C","NNM","47900122","42120268","78160904","1.00",,
"2025-08-15","AMGN","Amgen Inc. Common Stock","NNM","10873563","12519619","2375847","4.58",,
"2025-08-15","AMT","American Tower Corporation","NYSE","5409719","5455005","2306411","2.35",,
"2025-08-15","AMZN","Amazon.com, Inc. Common Stock","NNM","75684758","63646074","52811070","1.43",,
"2025-08-15","ANET","Arista Networks","NYSE","12535533","17962340","10956823","1.14",,
"2025-08-15","AON","Aon plc Class A","NYSE","2216801","3004372","1446069","1.53",,
"2025-08-15","APD","Air Products & Chemicals, Inc.","NYSE","5096357","5072097","965962","5.28",,
"2025-08-15","APH","Amphenol Corporation","NYSE","15979883","13110070","7283091","2.19",,
"2025-08-15","APO","Apollo Global Management, Inc.","NYSE","30316621","28585955","3851546","7.87",,
"2025-08-15","APP","Applovin Corporation Class A C","NNM","11652100","10552161","7751028","1.50",,
"2025-08-15","AVGO","Broadcom Inc. Common Stock","NNM","43264992","43467723","17053434","2.54",,
"2025-08-15","AXP","American Express Company","NYSE","9523637","9203962","2457530","3.88",,
"2025-08-15","BA","Boeing Company","NYSE","15180577","17151858","5818221","2.61",,
"2025-08-15","BAC","Bank of America Corporation","NYSE","95518627","92234718","33060497","2.89",,
"2025-08-15","BKNG","Booking Holdings Inc. Common S","NNM","607621","594572","189174","3.21",,
"2025-08-15","BLK","Blackrock, Inc.","NYSE","1608563","1505175","516186","3.12",,
"2025-08-15","BMY","Bristol-Myers Squibb Co.","NYSE","29689692","30920136","11643022","2.55",,
"2025-08-15","BNY","BlackRock New York Municipal I","NYSE","62377","41880","69796","1.00",,
"2025-08-15","BRKA","Berkshire Hathaway Inc.","NYSE","243","408","432","1.00",,
"2025-08-15","BRKB","BERKSHIRE HATHAWAY Class B","NYSE","13111012","11656779","5283254","2.48",,
"2025-08-15","BSX","Boston Scientific Corp.","NYSE","18604681","16270253","5858844","3.18",,
"2025-08-15","BX","Blackstone Inc.","NYSE","11177408","12948924","3558392","3.14",,
"2025-08-15","C","Citigroup Inc.","NYSE","40492586","36549061","14648955","2.76",,
"2025-08-15","CAT","Caterpillar Inc.","NYSE","6081862","6586989","3603957","1.69",,
"2025-08-15","CDNS","Cadence Design Systems, Inc. C","NNM","4113278","3757445","1482194","2.78",,
"2025-08-15","CEG","Constellation Energy Corporati","NNM","8020127","6378772","2519861","3.18",,
"2025-08-15","CI","The Cigna Group","NYSE","3316471","2453026","2203943","1.50",,
"2025-08-15","CL","Colgate-Palmolive Company","NYSE","12033640","11796749","5020083","2.40",,
"2025-08-15","CMCSA","Comcast Corporation Class A Co","NNM","51034807","45254498","22243210","2.29",,
"2025-08-15","CME","CME Group Inc. Class A Common","NNM","5080621","5421541","1971095","2.58",,
"2025-08-15","CMI","Cummins Inc.","NYSE","1812906","1756343","1074169","1.69",,
"2025-08-15","COF","Capital One Financial","NYSE","9479734","8755858","3498560","2.71",,
"2025-08-15","COP","ConocoPhillips","NYSE","14906743","17369058","7955020","1.87",,
"2025-08-15","COST","Costco Wholesale Corporation C","NNM","5905078","5570606","2197705","2.69",,
"2025-08-15","CRM","Salesforce, Inc.","NYSE","14430308","13686446","8917109","1.62",,
"2025-08-15","CRWD","CrowdStrike Holdings, Inc. Cla","NNM","6641586","7082872","2872098","2.31",,
"2025-08-15","CSCO","Cisco Systems, Inc. Common Sto","NNM","48657487","47437527","27008017","1.80",,
"2025-08-15","CSX","CSX Corporation Common Stock","NNM","27496171","24952687","16155712","1.70",,
"2025-08-15","CTAS","Cintas Corporation Common Stoc","NNM","6386437","5495359","1300169","4.91",,
"2025-08-15","CVNA","Carvana Co.","NYSE","13238477","12698721","2902097","4.56",,
"2025-08-15","CVS","CVS HEALTH CORPORATION","NYSE","16664640","15649376","6801454","2.45",,
"2025-08-15","CVX","Chevron Corporation","NYSE","18181971","18661705","8042107","2.26",,
"2025-08-15","D","Dominion Energy, Inc Common St","NYSE","36029142","29792544","5577357","6.46",,
"2025-08-15","DASH","DoorDash, Inc. Class A Common","NNM","12119606","11469515","4515039","2.68",,
"2025-08-15","DDOG","Datadog, Inc. Class A Common S","NNM","10863288","11752777","7281413","1.49",,
"2025-08-15","DE","Deere & Company","NYSE","4932204","4814838","1687421","2.92",,
"2025-08-15","DELL","Dell Technologies Inc.","NYSE","13516368","12155341","4817377","2.81",,
"2025-08-15","DHR","Danaher Corporation","NYSE","9467062","8448011","3468572","2.73",,
"2025-08-15","DIS","The Walt Disney Company","NYSE","18834636","20165555","10761895","1.75",,
"2025-08-15","DLR","Digital Realty Trust, Inc.","NYSE","6674595","6220132","1294589","5.16",,
"2025-08-15","DUK","Duke Energy Corporation","NYSE","14847320","12169366","3750995","3.96",,
"2025-08-15","ECL","Ecolab, Inc.","NYSE","2573886","2522476","1013834","2.54",,
"2025-08-15","ELV","Elevance Health, Inc.","NYSE","3156964","2840716","2466106","1.28",,
"2025-08-15","EMR","Emerson Electric Co.","NYSE","14850075","13206070","4566395","3.25",,
"2025-08-15","EOG","EOG Resources, Inc.","NYSE","14891640","13915367","3048431","4.89",,
"2025-08-15","EPD","Enterprise Products Partners L","NYSE","30327635","29201262","4741796","6.40",,
"2025-08-15","EQIX","Equinix, Inc. Common Stock REI","NNM","2106148","1984886","407377","5.17",,
"2025-08-15","FCX","Freeport-McMoran Inc.","NYSE","26703202","32318086","11638878","2.29",,
"2025-08-15","FDX","FedEx Corporation","NYSE","4474933","3690058","1923956","2.33",,
"2025-08-15","FTNT","Fortinet, Inc. Common Stock","NNM","18085248","17528313","13751330","1.32",,
"2025-08-15","GD","General Dynamics Corporation","NYSE","2289533","2030163","942085","2.43",,
"2025-08-15","GE","GE Aerospace","NYSE","11763105","12660450","4321022","2.72",,
"2025-08-15","GEV","GE Vernova Inc.","NYSE","6919026","6800992","2353503","2.94",,
"2025-08-15","GILD","Gilead Sciences, Inc. Common S","NNM","18227408","19990775","7206205","2.53",,
"2025-08-15","GLW","Corning Incorporated","NYSE","11315890","11969139","5273130","2.15",,
"2025-08-15","GM","General Motors Company","NYSE","17715031","16896165","6552539","2.70",,
"2025-08-15","GOOG","Alphabet Inc. Class C Capital","NNM","40160380","34145448","19235332","2.09",,
"2025-08-15","GOOGL","Alphabet Inc. Class A Common S","NNM","59170664","57377636","29760164","1.99",,
"2025-08-15","GS","Goldman Sachs Group Inc.","NYSE","5735421","5980943","1768685","3.24",,
"2025-08-15","GWW","W.W. Grainger, Inc.","NYSE","804622","973450","384990","2.09",,
"2025-08-15","HCA","HCA Healthcare, Inc.","NYSE","4123693","4061766","1135755","3.63",,
"2025-08-15","HD","Home Depot, Inc.","NYSE","11795280","10739849","3136717","3.76",,
"2025-08-15","HLT","Hilton Worldwide Holdings Inc.","NYSE","7255626","7809903","1487321","4.88",,
"2025-08-15","HON","Honeywell International Inc. C","NNM","6755491","7042727","3138602","2.15",,
"2025-08-15","HOOD","Robinhood Markets, Inc. Class","NNM","31418616","29290191","42162955","1.00",,
"2025-08-15","HPE","Hewlett Packard Enterprise Com","NYSE","47979634","50797565","14892962","3.22",,
"2025-08-15","HWM","Howmet Aerospace Inc.","NYSE","11095465","12739044","2586565","4.29",,
"2025-08-15","IBKR","Interactive Brokers Group, Inc","NNM","9972914","9609625","4262809","2.34",,
"2025-08-15","IBM","International Business Machine","NYSE","14734621","15617770","6391450","2.31",,
"2025-08-15","ICE","Intercontinental Exchange  Inc","NYSE","6815907","6349935","3382274","2.02",,
"2025-08-15","INTC","Intel Corporation Common Stock","NNM","107682899","120279305","126389300","1.00",,
"2025-08-15","INTU","Intuit Inc. Common Stock","NNM","4707290","4684100","1662617","2.83",,
"2025-08-15","ISRG","Intuitive Surgical, Inc. Commo","NNM","4978114","4296723","1941250","2.56",,
"2025-08-15","ITW","Illinois Tool Works Inc.","NYSE","6580703","6087499","942868","6.98",,
"2025-08-15","JNJ","Johnson & Johnson","NYSE","18516906","17142363","8570372","2.16",,
"2025-08-15","JPM","JPMorgan Chase & Co.","NYSE","24216278","22697535","7547837","3.21",,
"2025-08-15","KKR","KKR & Co. Inc.","NYSE","9004895","10150225","3299392","2.73",,
"2025-08-15","KLAC","KLA Corporation Common Stock","NNM","3554507","3244666","1072311","3.31",,
"2025-08-15","KMI","Kinder Morgan, Inc.","NYSE","35535055","39450255","17556340","2.02",,
"2025-08-15","KO","Coca-Cola Company","NYSE","35274607","35369678","11822115","2.98",,
"2025-08-15","LIN","Linde plc Ordinary Shares","NNM","5270769","4897473","1500588","3.51",,
"2025-08-15","LLY","Eli Lilly & Co.","NYSE","8696819","7172654","8905155","1.00",,
"2025-08-15","LMT","Lockheed Martin Corp.","NYSE","2737007","3166167","1661860","1.65",,
"2025-08-15","LOW","Lowe's Companies Inc.","NYSE","8675374","8082469","3261693","2.66",,
"2025-08-15","LRCX","Lam Research Corporation Commo","NNM","34143124","28832070","12272771","2.78",,
"2025-08-15","MA","Mastercard Incorporated","NYSE","5821222","5160612","2662523","2.19",,
"2025-08-15","MAR","Marriott International Class A","NNM","6380087","6620185","1554548","4.10",,
"2025-08-15","MCD","McDonald's Corporation","NYSE","8136863","7917973","3836974","2.12",,
"2025-08-15","MCK","McKesson Corporation","NYSE","1877233","1876965","1091688","1.72",,
"2025-08-15","MCO","Moody's Corporation","NYSE","2047465","1636047","644692","3.18",,
"2025-08-15","MDLZ","Mondelez International, Inc. C","NNM","23348198","22841211","7895640","2.96",,
"2025-08-15","MDT","Medtronic plc","NYSE","14092518","11596349","6642085","2.12",,
"2025-08-15","META","Meta Platforms, Inc. Class A C","NNM","27725780","25056459","11317163","2.45",,
"2025-08-15","MMM","3M Company","NYSE","7746966","9225239","3478963","2.23",,
"2025-08-15","MNST","Monster Beverage Corporation","NNM","17772968","18396123","8160335","2.18",,
"2025-08-15","MO","Altria Group, Inc.","NYSE","37455556","33268054","7903802","4.74",,
"2025-08-15","MPC","MARATHON PETROLEUM CORPORATION","NYSE","7822443","7414136","1850133","4.23",,
"2025-08-15","MPWR","Monolithic Power Systems, Inc.","NNM","2319594","2401819","746549","3.11",,
"2025-08-15","MRK","Merck & Co., Inc.","NYSE","25529478","25879122","10347050","2.47",,
"2025-08-15","MRVL","Marvell Technology, Inc. Commo","NNM","28959486","30026292","13888981","2.09",,
"2025-08-15","MS","Morgan Stanley","NYSE","15274375","14600737","4832100","3.16",,
"2025-08-15","MSFT","Microsoft Corporation Common S","NNM","56182641","52644614","20769063","2.71",,
"2025-08-15","MSI","Motorola Solutions, Inc. New","NYSE","2708817","2297323","1199670","2.26",,
"2025-08-15","MU","Micron Technology, Inc. Common","NNM","31856304","30787845","20544346","1.55",,
"2025-08-15","NEE","Nextra Energy, Inc.","NYSE","35460441","35752746","8769037","4.04",,
"2025-08-15","NEM","Newmont Corporation","NYSE","21147094","19358015","8759641","2.41",,
"2025-08-15","NET","Cloudflare, Inc. Class A commo","NYSE","9929418","9614183","2878179","3.45",,
"2025-08-15","NFLX","Netflix, Inc. Common Stock","NNM","6648890","6394148","2952724","2.25",,
"2025-08-15","NKE","Nike, Inc.","NYSE","42089116","44451055","8630633","4.88",,
"2025-08-15","NOC","Northrop Grumman Corp.","NYSE","2209371","2375991","781511","2.83",,
"2025-08-15","NOW","SERVICENOW, INC.","NYSE","3256682","2950746","1959637","1.66",,
"2025-08-15","NSC","Norfolk Southern Corp.","NYSE","2354469","2738850","1958896","1.20",,
"2025-08-15","NVDA","NVIDIA Corporation Common Stoc","NNM","205241302","192121364","151192926","1.36",,
"2025-08-15","O","Realty Income Corporation","NYSE","30604663","34570445","4915638","6.23",,
"2025-08-15","ORCL","Oracle Corp","NYSE","22359262","20691587","10705769","2.09",,
"2025-08-15","ORLY","O'Reilly Automotive, Inc. Comm","NNM","14303428","11602546","4696729","3.05",,
"2025-08-15","PANW","Palo Alto Networks, Inc. Commo","NNM","45789204","34382799","11040893","4.15",,
"2025-08-15","PCAR","PACCAR Inc. Common Stock","NNM","13799100","13159469","2260237","6.11",,
"2025-08-15","PEP","PepsiCo, Inc. Common Stock","NNM","22445745","22083299","6941948","3.23",,
"2025-08-15","PFE","Pfizer Inc.","NYSE","113845935","107778211","49720243","2.29",,
"2025-08-15","PG","Procter & Gamble Company","NYSE","16718713","16835373","6945273","2.41",,
"2025-08-15","PGR","Progressive Corporation","NYSE","6675493","7027894","2953824","2.26",,
"2025-08-15","PH","Parker-Hannifin Corporation","NYSE","1458737","1528588","898654","1.62",,
"2025-08-15","PLD","PROLOGIS, INC.","NYSE","10642826","11194508","3179456","3.35",,
"2025-08-15","PLTR","Palantir Technologies Inc. Cla","NNM","53973790","54757082","70317015","1.00",,
"2025-08-15","PM","Philip Morris International In","NYSE","10955668","11584149","4880855","2.24",,
"2025-08-15","PNC","PNC Financial Services Group","NYSE","6748402","6216606","1500554","4.50",,
"2025-08-15","PSX","PHILLIPS 66","NYSE","9421602","7952099","1940658","4.85",,
"2025-08-15","PWR","Quanta Services, Inc.","NYSE","4109479","3768724","1183520","3.47",,
"2025-08-15","QCOM","QUALCOMM Incorporated Common S","NNM","20015009","23413021","7681657","2.61",,
"2025-08-15","RCL","Royal Caribbean Group","NYSE","10483115","10744627","1762649","5.95",,
"2025-08-15","REGN","Regeneron Pharmaceuticals, Inc","NNM","2349138","2291886","1061943","2.21",,
"2025-08-15","ROST","Ross Stores, Inc. Common Stock","NNM","5376529","5425204","2575029","2.09",,
"2025-08-15","RSG","Republic Services Inc.","NYSE","2493541","2409270","1300955","1.92",,
"2025-08-15","RTX","RTX Corporation","NYSE","17493966","14206486","4106497","4.26",,
"2025-08-15","SBUX","Starbucks Corporation Common S","NNM","49596608","44801419","9469773","5.24",,
"2025-08-15","SCCO","Southern Copper Corporation","NYSE","8530595","8430815","1114047","7.66","S",
"2025-08-15","SCHW","The Charles Schwab Corporation","NYSE","19064788","19942652","8301059","2.30",,
"2025-08-15","SHW","The Sherwin-Williams Company","NYSE","4108519","3300493","2312060","1.78",,
"2025-08-15","SNDK","Sandisk Corporation Common Sto","NNM","7402165","7312763","2841544","2.60",,
"2025-08-15","SNOW","Snowflake Inc.","NYSE","10477185","11154259","4745519","2.21",,
"2025-08-15","SNPS","Synopsys, Inc. Common Stock","NNM","4039979","3983216","1043855","3.87",,
"2025-08-15","SO","The Southern Company","NYSE","34461147","31173450","5453392","6.32",,
"2025-08-15","SPCX","The SPAC and New Issue ETF","NNM","6571","6435","1119","5.87",,
"2025-08-15","SPG","Simon Property Group, Inc.","NYSE","4827659","4546140","1687355","2.86",,
"2025-08-15","SPGI","S&P Global Inc.","NYSE","3218290","2971901","1194792","2.69",,
"2025-08-15","SYK","Stryker Corporation","NYSE","4242998","4906611","1395374","3.04",,
"2025-08-15","T","AT&T Inc.","NYSE","86664844","93449339","30143280","2.88",,
"2025-08-15","TDG","TransDigm Group Incorporated","NYSE","1121460","1123665","523965","2.14",,
"2025-08-15","TFC","Truist Financial Corporation","NYSE","31720956","28910017","6430496","4.93",,
"2025-08-15","TGT","Target Corporation","NYSE","17047698","15480891","5426482","3.14",,
"2025-08-15","TJX","TJX Companies, Inc. (The)","NYSE","12691738","11452325","4746244","2.67",,
"2025-08-15","TMO","Thermo Fisher Scientific, Inc.","NYSE","3821685","3709322","2076907","1.84",,
"2025-08-15","TMUS","T-Mobile US, Inc. Common Stock","NNM","11708524","12066428","3878795","3.02",,
"2025-08-15","TRV","The Travelers Companies, Inc.","NYSE","3171719","3580402","1143573","2.77",,
"2025-08-15","TSLA","Tesla, Inc. Common Stock","NNM","76710309","71986527","78466917","1.00",,
"2025-08-15","TXN","Texas Instruments Incorporated","NNM","16313486","16186135","6113070","2.67",,
"2025-08-15","UBER","Uber Technologies, Inc.","NYSE","48136823","42815380","20733228","2.32",,
"2025-08-15","UNH","UNITEDHEALTH GROUP INCORPORATE","NYSE","16603605","15232784","22944737","1.00",,
"2025-08-15","UNP","Union Pacific Corp.","NYSE","10550516","9093475","3688134","2.86",,
"2025-08-15","UPS","United Parcel Service, Inc. Cl","NYSE","19806480","18149337","9078949","2.18",,
"2025-08-15","URI","United Rentals, Inc.","NYSE","2097629","2048764","473241","4.43",,
"2025-08-15","USB","U.S. Bancorp","NYSE","20189395","21328115","7559762","2.67",,
"2025-08-15","V","VISA Inc.","NYSE","28036782","28079759","6578994","4.26",,
"2025-08-15","VLO","Valero Energy Corporation","NYSE","12870204","12654273","2210315","5.82",,
"2025-08-15","VRT","Vertiv Holdings Co Class A Com","NYSE","9751328","10133143","6419524","1.52",,
"2025-08-15","VRTX","Vertex Pharmaceuticals Incorpo","NNM","3700693","4362540","3340013","1.11",,
"2025-08-15","VZ","Verizon Communications","NYSE","86076450","81832201","15208695","5.66",,
"2025-08-15","WBD","Warner Bros. Discovery, Inc. S","NNM","94298805","100107629","52577111","1.79",,
"2025-08-15","WDC","Western Digital Corporation Co","NNM","33327626","32892936","6352000","5.25",,
"2025-08-15","WELL","Welltower Inc.","NYSE","11725710","10244889","2578698","4.55",,
"2025-08-15","WFC","Wells Fargo & Co.","NYSE","39877824","39675473","14703266","2.71",,
"2025-08-15","WM","Waste Management, Inc.","NYSE","3802540","3899314","1722678","2.21",,
"2025-08-15","WMB","Williams Companies Inc.","NYSE","14093812","14308607","7765431","1.81",,
"2025-08-15","WMT","Walmart Inc.","NYSE","39174772","37079076","16096197","2.43",,
"2025-08-15","XOM","Exxon Mobil Corporation","NYSE","42490301","36816076","16536500","2.57",,
"2022-02-15","AAPL","Apple Inc. Common Stock","NNM","108944701","91388112","82330433","1.32",,
"2022-02-15","ABBV","ABBVIE INC.","NYSE","15392390","16153434","8398936","1.83",,
"2022-02-15","ABNB","Airbnb, Inc. Class A Common St","NNM","13071628","15073663","5599778","2.33",,
"2022-02-15","ABT","Abbott Laboratories","NYSE","10369253","8988591","5238987","1.98",,
"2022-02-15","ADBE","Adobe Inc. Common Stock","NNM","6415466","5512470","3265708","1.96",,
"2022-02-15","ADI","Analog Devices, Inc. Common St","NNM","6867739","6487326","3857768","1.78",,
"2022-02-15","ADP","Automatic Data Processing, Inc","NNM","5246542","5091806","1953599","2.69",,
"2022-02-15","AEP","American Electric Power Compan","NNM","6773855","6984667","3214224","2.11",,
"2022-02-15","AFL","Aflac Inc.","NYSE","14780929","13801240","3691158","4.00",,
"2022-02-15","AJG","Arthur J. Gallagher & Co.","NYSE","2001196","1979836","973919","2.05",,
"2022-02-15","ALL","The Allstate Corporation","NYSE","3938939","3893319","3186328","1.24",,
"2022-02-15","AMAT","Applied Materials, Inc. Common","NNM","10896936","11545372","8422593","1.29",,
"2022-02-15","AMD","Advanced Micro Devices, Inc. C","NNM","88709340","68305579","118499928","1.00",,
"2022-02-15","AMGN","Amgen Inc. Common Stock","NNM","11879101","11569838","3898052","3.05",,
"2022-02-15","AMT","American Tower Corporation","NYSE","3623385","3835649","1581319","2.29",,
"2022-02-15","AMZN","Amazon.com, Inc. Common Stock","NNM","4315526","3488043","5248331","1.00",,
"2022-02-15","ANET","Arista Networks","NYSE","2811421","2852292","2467393","1.14",,
"2022-02-15","AON","Aon plc Class A","NYSE","3498047","3050986","1245613","2.81",,
"2022-02-15","APD","Air Products & Chemicals, Inc.","NYSE","2412540","2606277","1735281","1.39",,
"2022-02-15","APH","Amphenol Corporation","NYSE","5936503","5216561","2571446","2.31",,
"2022-02-15","APO","Apollo Global Management, Inc.","NYSE","9799328","8899843","3513622","2.79",,
"2022-02-15","APP","Applovin Corporation Class A C","NNM","8091411","8250510","1410193","5.74",,
"2022-02-15","AVGO","Broadcom Inc. Common Stock","NNM","4682492","4459066","2364699","1.98",,
"2022-02-15","AXP","American Express Company","NYSE","10319636","10075841","4009161","2.57",,
"2022-02-15","BA","Boeing Company","NYSE","9158799","8884002","9087186","1.01",,
"2022-02-15","BAC","Bank of America Corporation","NYSE","56496842","59650449","45564428","1.24",,
"2022-02-15","BKNG","Booking Holdings Inc. Common S","NNM","827880","663033","456263","1.81",,
"2022-02-15","BLK","Blackrock, Inc.","NYSE","1580588","1792903","955133","1.65",,
"2022-02-15","BMY","Bristol-Myers Squibb Co.","NYSE","70881353","26123982","16048204","4.42",,
"2022-02-15","BNY","BlackRock New York Municipal I","NYSE","4378","3268","73319","1.00",,
"2022-02-15","BRKA","Berkshire Hathaway Inc.","NYSE","274","298","1813","1.00",,
"2022-02-15","BRKB","BERKSHIRE HATHAWAY Class B","NYSE","10622530","9333653","5140930","2.07",,
"2022-02-15","BSX","Boston Scientific Corp.","NYSE","17652968","18335210","10764563","1.64",,
"2022-02-15","BX","Blackstone Inc.","NYSE","12557914","6910430","6121984","2.05",,
"2022-02-15","C","Citigroup Inc.","NYSE","42978040","36315789","21864492","1.97",,
"2022-02-15","CAT","Caterpillar Inc.","NYSE","6426695","6071720","3145419","2.04",,
"2022-02-15","CDNS","Cadence Design Systems, Inc. C","NNM","3008117","2640028","1474149","2.04",,
"2022-02-15","CEG","Constellation Energy Corporati","NNM","3745942","141798","6409872","1.00",,
"2022-02-15","CI","CIGNA Corporation","NYSE","3298953","3150886","1759838","1.87",,
"2022-02-15","CL","Colgate-Palmolive Company","NYSE","9338009","9901047","4741965","1.97",,
"2022-02-15","CMCSA","Comcast Corporation Class A Co","NNM","66211890","71130643","22200621","2.98",,
"2022-02-15","CME","CME Group Inc. Class A Common","NNM","4849104","4561986","2097030","2.31",,
"2022-02-15","CMI","Cummins Inc.","NYSE","2124910","3245966","1210849","1.75",,
"2022-02-15","COF","Capital One Financial","NYSE","4567740","3783253","2557800","1.79",,
"2022-02-15","COP","ConocoPhillips","NYSE","14670988","17074909","8980362","1.63",,
"2022-02-15","COST","Costco Wholesale Corporation C","NNM","4756061","4528934","2182114","2.18",,
"2022-02-15","CRM","salesforce.com, inc.","NYSE","13956265","11985405","7024329","1.99",,
"2022-02-15","CRWD","CrowdStrike Holdings, Inc. Cla","NNM","13226720","12570303","2898632","4.56",,
"2022-02-15","CSCO","Cisco Systems, Inc. Common Sto","NNM","50249699","43253410","19322474","2.60",,
"2022-02-15","CSX","CSX Corporation Common Stock","NNM","23575373","22230544","12790298","1.84",,
"2022-02-15","CTAS","Cintas Corporation Common Stoc","NNM","787596","918722","430513","1.83",,
"2022-02-15","CVNA","Carvana Co.","NYSE","13715632","13478890","2581537","5.31",,
"2022-02-15","CVS","CVS HEALTH CORPORATION","NYSE","11617265","14393756","7549705","1.54",,
"2022-02-15","CVX","Chevron Corporation","NYSE","23703749","23222428","12788607","1.85",,
"2022-02-15","D","Dominion Energy, Inc Common St","NYSE","7089339","7077479","2834349","2.50",,
"2022-02-15","DASH","DoorDash, Inc.","NYSE","16443919","12685168","4464888","3.68",,
"2022-02-15","DDOG","Datadog, Inc. Class A Common S","NNM","14946412","15924068","5902135","2.53",,
"2022-02-15","DE","Deere & Company","NYSE","2515125","2562455","1619161","1.55",,
"2022-02-15","DELL","Dell Technologies Inc.","NYSE","7441835","8325677","2990187","2.49",,
"2022-02-15","DHR","Danaher Corporation","NYSE","5311047","4758231","2438099","2.18",,
"2022-02-15","DIS","The Walt Disney Company","NYSE","21432411","19784651","15175694","1.41",,
"2022-02-15","DLR","Digital Realty Trust, Inc.","NYSE","8330182","9311804","1824114","4.57",,
"2022-02-15","DUK","Duke Energy Corporation","NYSE","5777290","5513053","3344967","1.73",,
"2022-02-15","ECL","Ecolab, Inc.","NYSE","2485103","2165032","1446603","1.72",,
"2022-02-15","EMR","Emerson Electric Co.","NYSE","5594095","7048956","4039917","1.38",,
"2022-02-15","EOG","EOG Resources, Inc.","NYSE","6965829","6645734","4067705","1.71",,
"2022-02-15","EPD","Enterprise Products Partners L","NYSE","23792914","27264930","7253065","3.28",,
"2022-02-15","EQIX","Equinix, Inc. Common Stock REI","NNM","958612","975088","483397","1.98",,
"2022-02-15","FCX","Freeport-McMoran Inc.","NYSE","22540099","29838209","19837128","1.14",,
"2022-02-15","FDX","FedEx Corporation","NYSE","4383140","3048911","2549904","1.72",,
"2022-02-15","FTNT","Fortinet, Inc. Common Stock","NNM","2355047","2790732","1358574","1.73",,
"2022-02-15","GD","General Dynamics Corporation","NYSE","2345067","2318896","1225233","1.91",,
"2022-02-15","GE","General Electric Company","NYSE","11160139","10494001","6283859","1.78",,
"2022-02-15","GILD","Gilead Sciences, Inc. Common S","NNM","22235510","24148317","12986798","1.71",,
"2022-02-15","GLW","Corning Incorporated","NYSE","11339068","14839430","4287600","2.64",,
"2022-02-15","GM","General Motors Company","NYSE","26500900","22609553","23186240","1.14",,
"2022-02-15","GOOG","Alphabet Inc. Class C Capital","NNM","1677988","1400466","2168399","1.00",,
"2022-02-15","GOOGL","Alphabet Inc. Class A Common S","NNM","2276497","2218071","2760196","1.00",,
"2022-02-15","GS","Goldman Sachs Group Inc.","NYSE","4924476","4886361","2770074","1.78",,
"2022-02-15","GWW","W.W. Grainger, Inc.","NYSE","867646","933671","358300","2.42",,
"2022-02-15","HCA","HCA Healthcare, Inc.","NYSE","3162176","2690982","1304821","2.42",,
"2022-02-15","HD","Home Depot, Inc.","NYSE","10617598","9925299","3509414","3.03",,
"2022-02-15","HLT","Hilton Worldwide Holdings Inc.","NYSE","6309127","4905757","3145224","2.01",,
"2022-02-15","HON","Honeywell International Inc. C","NNM","5891101","5445951","4023217","1.46",,
"2022-02-15","HOOD","Robinhood Markets, Inc. Class","NNM","53366558","50568815","23308009","2.29",,
"2022-02-15","HPE","Hewlett Packard Enterprise Com","NYSE","38176531","40068587","8104795","4.71",,
"2022-02-15","HWM","Howmet Aerospace Inc.","NYSE","5551424","6367514","3780960","1.47",,
"2022-02-15","IBKR","Interactive Brokers Group, Inc","NNM","1879027","2372240","723568","2.60",,
"2022-02-15","IBM","International Business Machine","NYSE","27792860","25652892","5003332","5.55",,
"2022-02-15","ICE","Intercontinental Exchange  Inc","NYSE","4349264","6261789","2745892","1.58",,
"2022-02-15","INTC","Intel Corporation Common Stock","NNM","59521015","57183394","33857067","1.76",,
"2022-02-15","INTU","Intuit Inc. Common Stock","NNM","2161782","2224587","1442258","1.50",,
"2022-02-15","ISRG","Intuitive Surgical, Inc. Commo","NNM","4335228","3573921","1986032","2.18",,
"2022-02-15","ITW","Illinois Tool Works Inc.","NYSE","4780033","5667317","1334059","3.58",,
"2022-02-15","JNJ","Johnson & Johnson","NYSE","15364527","15268315","7727360","1.99",,
"2022-02-15","JPM","JPMorgan Chase & Co.","NYSE","16755466","16718922","14371197","1.17",,
"2022-02-15","KKR","KKR & Co. Inc.","NYSE","6159926","5923628","4033601","1.53",,
"2022-02-15","KLAC","KLA Corporation Common Stock","NNM","2264580","1966829","1443763","1.57",,
"2022-02-15","KMI","Kinder Morgan, Inc.","NYSE","32787712","34314687","16613930","1.97",,
"2022-02-15","KO","Coca-Cola Company","NYSE","31951263","29191720","20138067","1.59",,
"2022-02-15","LIN","Linde plc Ordinary Share","NYSE","2599083","2242123","2192370","1.19",,
"2022-02-15","LLY","Eli Lilly & Co.","NYSE","5362806","4727944","2792888","1.92",,
"2022-02-15","LMT","Lockheed Martin Corp.","NYSE","2913364","3422673","1978137","1.47",,
"2022-02-15","LOW","Lowe's Companies Inc.","NYSE","7813747","7183903","2539259","3.08",,
"2022-02-15","LRCX","Lam Research Corporation Commo","NNM","1846775","1876385","1419211","1.30",,
"2022-02-15","MA","Mastercard Incorporated","NYSE","5948185","6340640","5101464","1.17",,
"2022-02-15","MAR","Marriott International Class A","NNM","4592273","3740178","2661042","1.73",,
"2022-02-15","MCD","McDonald's Corporation","NYSE","5236178","6128518","2563265","2.04",,
"2022-02-15","MCK","McKesson Corporation","NYSE","5972575","1761289","1294479","4.61",,
"2022-02-15","MCO","Moody's Corporation","NYSE","2722827","2834710","1197196","2.27",,
"2022-02-15","MDLZ","Mondelez International, Inc. C","NNM","13904870","10717911","7011566","1.98",,
"2022-02-15","MDT","Medtronic plc","NYSE","11483886","11590922","6628080","1.73",,
"2022-02-15","MMM","3M Company","NYSE","10489769","9859505","3184541","3.29",,
"2022-02-15","MNST","Monster Beverage Corporation","NNM","4561323","3598139","2765883","1.65",,
"2022-02-15","MO","Altria Group, Inc.","NYSE","15760217","15281350","6613412","2.38",,
"2022-02-15","MPC","MARATHON PETROLEUM CORPORATION","NYSE","16878095","18248364","7095220","2.38",,
"2022-02-15","MPWR","Monolithic Power Systems, Inc.","NNM","786090","717788","590735","1.33",,
"2022-02-15","MRK","Merck & Co., Inc.","NYSE","17652072","20091310","14005555","1.26",,
"2022-02-15","MRVL","Marvell Technology, Inc. Commo","NNM","14858121","17319696","11135337","1.33",,
"2022-02-15","MS","Morgan Stanley","NYSE","18896556","19084160","8771032","2.15",,
"2022-02-15","MSFT","Microsoft Corporation Common S","NNM","35348757","40179258","36028283","1.00",,
"2022-02-15","MSI","Motorola Solutions, Inc. New","NYSE","1262178","1191731","1190422","1.06",,
"2022-02-15","MU","Micron Technology, Inc. Common","NNM","22694779","21376754","21628442","1.05",,
"2022-02-15","NEE","Nextra Energy, Inc.","NYSE","20659684","18900276","9001058","2.30",,
"2022-02-15","NEM","Newmont Corporation","NYSE","8748238","10477693","6810533","1.28",,
"2022-02-15","NET","Cloudflare, Inc. Class A commo","NYSE","13858867","13465142","6939852","2.00",,
"2022-02-15","NFLX","Netflix, Inc. Common Stock","NNM","11517802","11088028","9617462","1.20",,
"2022-02-15","NKE","Nike, Inc.","NYSE","9143774","8133540","5683001","1.61",,
"2022-02-15","NOC","Northrop Grumman Corp.","NYSE","1708840","1372320","899837","1.90",,
"2022-02-15","NOW","SERVICENOW, INC.","NYSE","4048074","4007096","1469111","2.76",,
"2022-02-15","NSC","Norfolk Southern Corp.","NYSE","3579892","3317575","1208309","2.96",,
"2022-02-15","NVDA","NVIDIA Corporation Common Stoc","NNM","26446744","24917746","48999593","1.00",,
"2022-02-15","O","Realty Income Corporation","NYSE","9939377","12495865","3124754","3.18",,
"2022-02-15","ORCL","Oracle Corp","NYSE","18560818","17071122","7075039","2.62",,
"2022-02-15","ORLY","O'Reilly Automotive, Inc. Comm","NNM","871227","672167","639661","1.36",,
"2022-02-15","PANW","Palo Alto Networks, Inc. Commo","NNM","6002550","6226642","1126138","5.33",,
"2022-02-15","PCAR","PACCAR Inc. Common Stock","NNM","2962482","3018977","1568361","1.89",,
"2022-02-15","PEP","PepsiCo, Inc. Common Stock","NNM","9284889","10340337","5757089","1.61",,
"2022-02-15","PFE","Pfizer Inc.","NYSE","63255809","69221304","35238719","1.80",,
"2022-02-15","PG","Procter & Gamble Company","NYSE","12314699","14098853","7758207","1.59",,
"2022-02-15","PGR","Progressive Corporation","NYSE","7168882","7716909","2475346","2.90",,
"2022-02-15","PH","Parker-Hannifin Corporation","NYSE","967985","1206838","974244","1.00",,
"2022-02-15","PLD","PROLOGIS, INC.","NYSE","10295507","9015676","2949744","3.49",,
"2022-02-15","PLTR","Palantir Technologies Inc. Cla","NYSE","125867551","114121463","44166345","2.85",,
"2022-02-15","PM","Philip Morris International In","NYSE","11024480","8608512","6617956","1.67",,
"2022-02-15","PNC","PNC Financial Services Group","NYSE","4214687","4576495","2419301","1.74",,
"2022-02-15","PSX","PHILLIPS 66","NYSE","11672577","11520704","3472308","3.36",,
"2022-02-15","PWR","Quanta Services, Inc.","NYSE","3555834","2937716","1127153","3.15",,
"2022-02-15","QCOM","QUALCOMM Incorporated Common S","NNM","17296235","15817832","14929095","1.16",,
"2022-02-15","RCL","Royal Caribbean Group","NYSE","13764410","13557420","5325799","2.58",,
"2022-02-15","REGN","Regeneron Pharmaceuticals, Inc","NNM","2138019","1789932","889217","2.40",,
"2022-02-15","ROST","Ross Stores, Inc. Common Stock","NNM","4502230","3981035","2758223","1.63",,
"2022-02-15","RSG","Republic Services Inc.","NYSE","2556667","2198965","1856162","1.38",,
"2022-02-15","RTX","Raytheon Technologies Corporat","NYSE","10675111","10572574","6239457","1.71",,
"2022-02-15","SBUX","Starbucks Corporation Common S","NNM","11162791","10327071","9022111","1.24",,
"2022-02-15","SCCO","Southern Copper Corporation","NYSE","4122588","3423802","1164119","3.54",,
"2022-02-15","SCHW","The Charles Schwab Corporation","NYSE","14154576","17299075","8043262","1.76",,
"2022-02-15","SHW","The Sherwin-Williams Company","NYSE","2804659","3112395","1298089","2.16",,
"2022-02-15","SNOW","Snowflake Inc.","NYSE","5513382","6167517","3939862","1.40",,
"2022-02-15","SNPS","Synopsys, Inc. Common Stock","NNM","1744983","1692043","801669","2.18",,
"2022-02-15","SO","The Southern Company","NYSE","14768271","14425347","6411739","2.30",,
"2022-02-15","SPCX","The SPAC and New Issue ETF","NNM","171707","178536","8960","19.16",,
"2022-02-15","SPG","Simon Property Group, Inc.","NYSE","10029731","10064751","2346507","4.27",,
"2022-02-15","SPGI","S&P Global Inc.","NYSE","18762861","18201348","2013250","9.32",,
"2022-02-15","SYK","Stryker Corporation","NYSE","4553977","5326249","1409001","3.23",,
"2022-02-15","T","AT&T Inc.","NYSE","76144598","95363242","54099852","1.41",,
"2022-02-15","TDG","TransDigm Group Incorporated","NYSE","1033456","973622","308402","3.35",,
"2022-02-15","TFC","Truist Financial Corporation","NYSE","12083228","13546164","5737562","2.11",,
"2022-02-15","TGT","Target Corporation","NYSE","9590335","8965464","3946265","2.43",,
"2022-02-15","TJX","TJX Companies, Inc. (The)","NYSE","7797576","7023872","5047546","1.54",,
"2022-02-15","TMO","Thermo Fisher Scientific, Inc.","NYSE","2594768","2414250","1605440","1.62",,
"2022-02-15","TMUS","T-Mobile US, Inc. Common Stock","NNM","14654493","15188917","6782738","2.16",,
"2022-02-15","TRV","The Travelers Companies, Inc.","NYSE","3718640","4473127","1580786","2.35",,
"2022-02-15","TSLA","Tesla, Inc. Common Stock","NNM","24326020","24057278","21954067","1.11",,
"2022-02-15","TXN","Texas Instruments Incorporated","NNM","16029484","14734621","7804238","2.05",,
"2022-02-15","UBER","Uber Technologies, Inc.","NYSE","82758263","72122180","43866694","1.89",,
"2022-02-15","UNH","UNITEDHEALTH GROUP INCORPORATE","NYSE","5801278","5352750","3052124","1.90",,
"2022-02-15","UNP","Union Pacific Corp.","NYSE","7133352","7970288","2879235","2.48",,
"2022-02-15","UPS","United Parcel Service, Inc. Cl","NYSE","7337799","7005676","4900229","1.50",,
"2022-02-15","URI","United Rentals, Inc.","NYSE","2066745","2424040","703643","2.94",,
"2022-02-15","USB","U.S. Bancorp","NYSE","11056044","12569025","6624867","1.67",,
"2022-02-15","V","VISA Inc.","NYSE","26550766","24716306","8820550","3.01",,
"2022-02-15","VLO","Valero Energy Corporation","NYSE","12929582","12736194","4366138","2.96",,
"2022-02-15","VRT","Vertiv Holdings Co Class A Com","NYSE","11342708","8249234","2499748","4.54",,
"2022-02-15","VRTX","Vertex Pharmaceuticals Incorpo","NNM","3258579","3002407","1866257","1.75",,
"2022-02-15","VZ","Verizon Communications","NYSE","54434691","60214773","18801139","2.90",,
"2022-02-15","WDC","Western Digital Corporation Co","NNM","6751706","5935669","3971627","1.70",,
"2022-02-15","WELL","Welltower Inc.","NYSE","11962417","11486085","2109267","5.67",,
"2022-02-15","WFC","Wells Fargo & Co.","NYSE","47799303","36331081","31988455","1.49",,
"2022-02-15","WM","Waste Management, Inc.","NYSE","5159552","4897529","2223573","2.32",,
"2022-02-15","WMB","Williams Companies Inc.","NYSE","26662749","25482689","8862876","3.01",,
"2022-02-15","WMT","Walmart Inc.","NYSE","12367750","12738380","7422717","1.67",,
"2022-02-15","XOM","Exxon Mobil Corporation","NYSE","48517413","45709427","35612998","1.36",,
"2025-08-29","AAPL","Apple Inc. Common Stock","NNM","113582365","127079143","38304785","2.97",,
"2025-08-29","ABBV","ABBVIE INC.","NYSE","15397504","16997471","4542870","3.39",,
"2025-08-29","ABNB","Airbnb, Inc. Class A Common St","NNM","18742127","19463823","3810180","4.92",,
"2025-08-29","ABT","Abbott Laboratories","NYSE","17753634","17110418","4507472","3.94",,
"2025-08-29","ADBE","Adobe Inc. Common Stock","NNM","9953706","10016492","2971533","3.35",,
"2025-08-29","ADI","Analog Devices, Inc. Common St","NNM","7492367","7328112","4590719","1.63",,
"2025-08-29","ADP","Automatic Data Processing, Inc","NNM","6377916","6178487","1369912","4.66",,
"2025-08-29","AEP","American Electric Power Compan","NNM","22804062","22270747","3051456","7.47",,
"2025-08-29","AFL","Aflac Inc.","NYSE","7603439","8060003","2709608","2.81",,
"2025-08-29","AJG","Arthur J. Gallagher & Co.","NYSE","3711229","3707625","1348495","2.75",,
"2025-08-29","ALL","The Allstate Corporation","NYSE","4057571","3174232","1267306","3.20",,
"2025-08-29","AMAT","Applied Materials, Inc. Common","NNM","22434407","16339217","7407575","3.03",,"R"
"2025-08-29","AMD","Advanced Micro Devices, Inc. C","NNM","39165658","47900122","43968417","1.00",,
"2025-08-29","AMGN","Amgen Inc. Common Stock","NNM","11796977","10873563","1678064","7.03",,
"2025-08-29","AMT","American Tower Corporation","NYSE","5760876","5409719","2439916","2.36",,
"2025-08-29","AMZN","Amazon.com, Inc. Common Stock","NNM","68648147","75684758","28917124","2.37",,
"2025-08-29","ANET","Arista Networks","NYSE","12522995","12535533","7260111","1.72",,
"2025-08-29","AON","Aon plc Class A","NYSE","1839550","2216801","1074999","1.71",,
"2025-08-29","APD","Air Products & Chemicals, Inc.","NYSE","5145925","5096357","630667","8.16",,
"2025-08-29","APH","Amphenol Corporation","NYSE","17676283","15979883","6780286","2.61",,
"2025-08-29","APO","Apollo Global Management, Inc.","NYSE","30051567","30316621","3114436","9.65",,
"2025-08-29","APP","Applovin Corporation Class A C","NNM","13314092","11652100","4913908","2.71",,
"2025-08-29","AVGO","Broadcom Inc. Common Stock","NNM","39583674","43264992","18292200","2.16",,
"2025-08-29","AXP","American Express Company","NYSE","10578666","9523637","2204184","4.80",,
"2025-08-29","BA","Boeing Company","NYSE","15871963","15180577","6325598","2.51",,
"2025-08-29","BAC","Bank of America Corporation","NYSE","97853200","95518627","36472197","2.68",,
"2025-08-29","BKNG","Booking Holdings Inc. Common S","NNM","590409","607621","163127","3.62",,
"2025-08-29","BLK","Blackrock, Inc.","NYSE","1823798","1608563","443660","4.11",,
"2025-08-29","BMY","Bristol-Myers Squibb Co.","NYSE","31193823","29689692","9732383","3.21",,
"2025-08-29","BNY","BlackRock New York Municipal I","NYSE","66463","62377","49118","1.35",,
"2025-08-29","BRKA","Berkshire Hathaway Inc.","NYSE","250","243","314","1.00",,
"2025-08-29","BRKB","BERKSHIRE HATHAWAY Class B","NYSE","13119940","13111012","4643726","2.83",,
"2025-08-29","BSX","Boston Scientific Corp.","NYSE","18992023","18604681","5896500","3.22",,
"2025-08-29","BX","Blackstone Inc.","NYSE","11163528","11177408","3609463","3.09",,
"2025-08-29","C","Citigroup Inc.","NYSE","37121462","40492586","12172746","3.05",,
"2025-08-29","CAT","Caterpillar Inc.","NYSE","6549032","6081862","2902550","2.26",,
"2025-08-29","CDNS","Cadence Design Systems, Inc. C","NNM","3689923","4113278","1339216","2.76",,
"2025-08-29","CEG","Constellation Energy Corporati","NNM","6882861","8020127","1847484","3.73",,
"2025-08-29","CI","The Cigna Group","NYSE","3040006","3316471","1523030","2.00",,
"2025-08-29","CL","Colgate-Palmolive Company","NYSE","11610911","12033640","4751037","2.44",,
"2025-08-29","CMCSA","Comcast Corporation Class A Co","NNM","49405919","51034807","19666498","2.51",,
"2025-08-29","CME","CME Group Inc. Class A Common","NNM","4516523","5080621","1816485","2.49",,
"2025-08-29","CMI","Cummins Inc.","NYSE","1493389","1812906","651329","2.29",,
"2025-08-29","COF","Capital One Financial","NYSE","7931647","9479734","2940178","2.70",,
"2025-08-29","COP","ConocoPhillips","NYSE","16402903","14906743","5657385","2.90",,
"2025-08-29","COST","Costco Wholesale Corporation C","NNM","6839849","5905078","2335747","2.93",,
"2025-08-29","CRM","Salesforce, Inc.","NYSE","13975683","14430308","7413888","1.89",,
"2025-08-29","CRWD","CrowdStrike Holdings, Inc. Cla","NNM","6978859","6641586","4015171","1.74",,
"2025-08-29","CSCO","Cisco Systems, Inc. Common Sto","NNM","47595876","48657487","16620304","2.86",,
"2025-08-29","CSX","CSX Corporation Common Stock","NNM","29137821","27496171","32064686","1.00",,
"2025-08-29","CTAS","Cintas Corporation Common Stoc","NNM","7266236","6386437","2103632","3.45",,
"2025-08-29","CVNA","Carvana Co.","NYSE","13725425","13238477","2602552","5.27",,
"2025-08-29","CVS","CVS HEALTH CORPORATION","NYSE","18801166","16664640","5871678","3.20",,
"2025-08-29","CVX","Chevron Corporation","NYSE","18117914","18181971","7965624","2.27",,
"2025-08-29","D","Dominion Energy, Inc Common St","NYSE","37421756","36029142","4332530","8.64",,
"2025-08-29","DASH","DoorDash, Inc. Class A Common","NNM","13342835","12119606","2928861","4.56",,
"2025-08-29","DDOG","Datadog, Inc. Class A Common S","NNM","13219648","10863288","4545103","2.91",,
"2025-08-29","DE","Deere & Company","NYSE","4288439","4932204","1210357","3.54",,
"2025-08-29","DELL","Dell Technologies Inc.","NYSE","12802750","13516368","6808412","1.88",,
"2025-08-29","DHR","Danaher Corporation","NYSE","9551552","9467062","3021139","3.16",,
"2025-08-29","DIS","The Walt Disney Company","NYSE","18308660","18834636","5874840","3.12",,
"2025-08-29","DLR","Digital Realty Trust, Inc.","NYSE","7720738","6674595","1553176","4.97",,
"2025-08-29","DUK","Duke Energy Corporation","NYSE","14056879","14847320","2662172","5.28",,
"2025-08-29","ECL","Ecolab, Inc.","NYSE","2352360","2573886","1140971","2.06",,
"2025-08-29","ELV","Elevance Health, Inc.","NYSE","2700482","3156964","2069890","1.30",,
"2025-08-29","EMR","Emerson Electric Co.","NYSE","15377296","14850075","2709663","5.67",,
"2025-08-29","EOG","EOG Resources, Inc.","NYSE","14065088","14891640","2295096","6.13",,
"2025-08-29","EPD","Enterprise Products Partners L","NYSE","31147119","30327635","3235505","9.63",,
"2025-08-29","EQIX","Equinix, Inc. Common Stock REI","NNM","2371782","2106148","375304","6.32",,
"2025-08-29","FCX","Freeport-McMoran Inc.","NYSE","23102550","26703202","9073313","2.55",,
"2025-08-29","FDX","FedEx Corporation","NYSE","4468089","4474933","1437926","3.11",,
"2025-08-29","FTNT","Fortinet, Inc. Common Stock","NNM","20390487","18085248","8325460","2.45",,
"2025-08-29","GD","General Dynamics Corporation","NYSE","2213196","2289533","807567","2.74",,
"2025-08-29","GE","GE Aerospace","NYSE","15130836","11763105","3857858","3.92",,
"2025-08-29","GEV","GE Vernova Inc.","NYSE","7630142","6919026","2503222","3.05",,
"2025-08-29","GILD","Gilead Sciences, Inc. Common S","NNM","17562109","18227408","5089106","3.45",,
"2025-08-29","GLW","Corning Incorporated","NYSE","11160908","11315890","5014768","2.23",,
"2025-08-29","GM","General Motors Company","NYSE","17913456","17715031","6764262","2.65",,
"2025-08-29","GOOG","Alphabet Inc. Class C Capital","NNM","31064079","40160380","18354989","1.69",,
"2025-08-29","GOOGL","Alphabet Inc. Class A Common S","NNM","55471936","59170664","28584547","1.94",,
"2025-08-29","GS","Goldman Sachs Group Inc.","NYSE","5653760","5735421","1530486","3.69",,
"2025-08-29","GWW","W.W. Grainger, Inc.","NYSE","847870","804622","320691","2.64",,
"2025-08-29","HCA","HCA Healthcare, Inc.","NYSE","4270707","4123693","1108755","3.85",,
"2025-08-29","HD","Home Depot, Inc.","NYSE","10399813","11795280","3996991","2.60",,
"2025-08-29","HLT","Hilton Worldwide Holdings Inc.","NYSE","8186226","7255626","1407404","5.82",,
"2025-08-29","HON","Honeywell International Inc. C","NNM","7670279","6755491","2934691","2.61",,
"2025-08-29","HOOD","Robinhood Markets, Inc. Class","NNM","29113767","31418616","35610855","1.00",,
"2025-08-29","HPE","Hewlett Packard Enterprise Com","NYSE","43512255","47979634","18236327","2.39",,
"2025-08-29","HWM","Howmet Aerospace Inc.","NYSE","12179507","11095465","2444821","4.98",,
"2025-08-29","IBKR","Interactive Brokers Group, Inc","NNM","17058765","9972914","14970144","1.14",,
"2025-08-29","IBM","International Business Machine","NYSE","14280231","14734621","3465140","4.12",,
"2025-08-29","ICE","Intercontinental Exchange  Inc","NYSE","6302807","6815907","2489686","2.53",,
"2025-08-29","INTC","Intel Corporation Common Stock","NNM","107666292","107682899","140989550","1.00",,
"2025-08-29","INTU","Intuit Inc. Common Stock","NNM","4761374","4707290","2634166","1.81",,
"2025-08-29","ISRG","Intuitive Surgical, Inc. Commo","NNM","5435064","4978114","1868221","2.91",,
"2025-08-29","ITW","Illinois Tool Works Inc.","NYSE","6504452","6580703","911682","7.13",,
"2025-08-29","JNJ","Johnson & Johnson","NYSE","18836072","18516906","8066488","2.34",,
"2025-08-29","JPM","JPMorgan Chase & Co.","NYSE","26460443","24217878","6580406","4.02",,"R"
"2025-08-29","KKR","KKR & Co. Inc.","NYSE","9022750","9004895","2971989","3.04",,
"2025-08-29","KLAC","KLA Corporation Common Stock","NNM","3374169","3554507","816215","4.13",,
"2025-08-29","KMI","Kinder Morgan, Inc.","NYSE","37333362","35535055","12870578","2.90",,
"2025-08-29","KO","Coca-Cola Company","NYSE","36843168","35274607","14130047","2.61",,
"2025-08-29","LIN","Linde plc Ordinary Shares","NNM","5305809","5270769","1661647","3.19",,
"2025-08-29","LLY","Eli Lilly & Co.","NYSE","8041246","8696819","4250575","1.89",,
"2025-08-29","LMT","Lockheed Martin Corp.","NYSE","2089408","2737007","1369205","1.53",,
"2025-08-29","LOW","Lowe's Companies Inc.","NYSE","7880394","8675374","3070772","2.57",,
"2025-08-29","LRCX","Lam Research Corporation Commo","NNM","31630878","34143124","10423702","3.03",,
"2025-08-29","MA","Mastercard Incorporated","NYSE","5938888","5821222","2428101","2.45",,
"2025-08-29","MAR","Marriott International Class A","NNM","6932251","6380087","1102158","6.29",,
"2025-08-29","MCD","McDonald's Corporation","NYSE","7557351","8136863","3007721","2.51",,
"2025-08-29","MCK","McKesson Corporation","NYSE","1878026","1877233","855658","2.19",,
"2025-08-29","MCO","Moody's Corporation","NYSE","2119531","2047465","567652","3.73",,
"2025-08-29","MDLZ","Mondelez International, Inc. C","NNM","25303529","23348198","6314629","4.01",,
"2025-08-29","MDT","Medtronic plc","NYSE","13226630","14092518","8246029","1.60",,
"2025-08-29","META","Meta Platforms, Inc. Class A C","NNM","24374357","27725780","9893682","2.46",,
"2025-08-29","MMM","3M Company","NYSE","7311555","7746966","2516941","2.90",,
"2025-08-29","MNST","Monster Beverage Corporation","NNM","19688401","17772968","4824702","4.08",,
"2025-08-29","MO","Altria Group, Inc.","NYSE","36141059","37455556","6926828","5.22",,
"2025-08-29","MPC","MARATHON PETROLEUM CORPORATION","NYSE","8111300","7822443","1826666","4.44",,
"2025-08-29","MPWR","Monolithic Power Systems, Inc.","NNM","1920230","2319594","483397","3.97",,
"2025-08-29","MRK","Merck & Co., Inc.","NYSE","23829923","25529478","11677912","2.04",,
"2025-08-29","MRVL","Marvell Technology, Inc. Commo","NNM","30451426","28959486","23588201","1.29",,
"2025-08-29","MS","Morgan Stanley","NYSE","14685837","15274375","4036322","3.64",,
"2025-08-29","MSFT","Microsoft Corporation Common S","NNM","58491994","56182641","22262516","2.63",,
"2025-08-29","MSI","Motorola Solutions, Inc. New","NYSE","2452643","2708817","941710","2.60",,
"2025-08-29","MU","Micron Technology, Inc. Common","NNM","32263302","31856304","14898084","2.17",,
"2025-08-29","NEE","Nextra Energy, Inc.","NYSE","41593724","35460441","9921161","4.19",,
"2025-08-29","NEM","Newmont Corporation","NYSE","20996959","21147094","8074451","2.60",,
"2025-08-29","NET","Cloudflare, Inc. Class A commo","NYSE","9513717","9929418","2192879","4.34",,
"2025-08-29","NFLX","Netflix, Inc. Common Stock","NNM","6611028","6648890","2482068","2.66",,
"2025-08-29","NKE","Nike, Inc.","NYSE","36473748","42089116","9406522","3.88",,
"2025-08-29","NOC","Northrop Grumman Corp.","NYSE","1745033","2209371","639847","2.73",,
"2025-08-29","NOW","SERVICENOW, INC.","NYSE","3385267","3256682","1861770","1.82",,
"2025-08-29","NSC","Norfolk Southern Corp.","NYSE","2943243","2354469","2376216","1.24",,
"2025-08-29","NVDA","NVIDIA Corporation Common Stoc","NNM","196695074","205241302","192556087","1.02",,
"2025-08-29","O","Realty Income Corporation","NYSE","34955408","30604663","5780139","6.05",,
"2025-08-29","ORCL","Oracle Corp","NYSE","21476926","22359262","10064395","2.13",,
"2025-08-29","ORLY","O'Reilly Automotive, Inc. Comm","NNM","14593988","14303428","3796411","3.84",,
"2025-08-29","PANW","Palo Alto Networks, Inc. Commo","NNM","49182826","45789204","10475119","4.70",,
"2025-08-29","PCAR","PACCAR Inc. Common Stock","NNM","11603564","13799100","2083901","5.57",,
"2025-08-29","PEP","PepsiCo, Inc. Common Stock","NNM","22413180","22445745","8419068","2.66",,
"2025-08-29","PFE","Pfizer Inc.","NYSE","103465144","113845935","36433348","2.84",,
"2025-08-29","PG","Procter & Gamble Company","NYSE","17250036","16718713","6295584","2.74",,
"2025-08-29","PGR","Progressive Corporation","NYSE","6223821","6675493","2683034","2.32",,
"2025-08-29","PH","Parker-Hannifin Corporation","NYSE","1439732","1458737","685521","2.10",,
"2025-08-29","PLD","PROLOGIS, INC.","NYSE","10052586","10642826","3154857","3.19",,
"2025-08-29","PLTR","Palantir Technologies Inc. Cla","NNM","49337540","53973790","96678850","1.00",,
"2025-08-29","PM","Philip Morris International In","NYSE","11127757","10955668","5068047","2.20",,
"2025-08-29","PNC","PNC Financial Services Group","NYSE","7149476","6748402","1703949","4.20",,
"2025-08-29","PSX","PHILLIPS 66","NYSE","9181132","9421602","2040155","4.50",,
"2025-08-29","PWR","Quanta Services, Inc.","NYSE","4462425","4109479","801447","5.57",,
"2025-08-29","QCOM","QUALCOMM Incorporated Common S","NNM","18050075","20015009","6682983","2.70",,
"2025-08-29","RCL","Royal Caribbean Group","NYSE","11628725","10483115","2257980","5.15",,
"2025-08-29","REGN","Regeneron Pharmaceuticals, Inc","NNM","2827689","2349138","959124","2.95",,
"2025-08-29","ROST","Ross Stores, Inc. Common Stock","NNM","4999754","5376529","3950302","1.27",,
"2025-08-29","RSG","Republic Services Inc.","NYSE","2470059","2493541","974178","2.54",,
"2025-08-29","RTX","RTX Corporation","NYSE","16179338","17493966","3529913","4.58",,
"2025-08-29","SBUX","Starbucks Corporation Common S","NNM","45671282","49596608","7476859","6.11",,
"2025-08-29","SCCO","Southern Copper Corporation","NYSE","9182435","8530595","926848","9.91",,
"2025-08-29","SCHW","The Charles Schwab Corporation","NYSE","21946713","19064788","7523778","2.92",,
"2025-08-29","SHW","The Sherwin-Williams Company","NYSE","4661502","4108519","1625107","2.87",,
"2025-08-29","SNDK","Sandisk Corporation Common Sto","NNM","8587012","7402165","2343601","3.66",,
"2025-08-29","SNOW","Snowflake Inc.","NYSE","12912458","10477185","9705186","1.33",,
"2025-08-29","SNPS","Synopsys, Inc. Common Stock","NNM","3237254","4039979","1031341","3.14",,
"2025-08-29","SO","The Southern Company","NYSE","34802311","34461147","3729223","9.33",,
"2025-08-29","SPCX","The SPAC and New Issue ETF","NNM","6416","6571","801","8.01",,
"2025-08-29","SPG","Simon Property Group, Inc.","NYSE","5496528","4827659","1457652","3.77",,
"2025-08-29","SPGI","S&P Global Inc.","NYSE","3404351","3218290","1142913","2.98",,
"2025-08-29","SYK","Stryker Corporation","NYSE","4185083","4242998","1066321","3.92",,
"2025-08-29","T","AT&T Inc.","NYSE","89142504","86664844","28921684","3.08",,
"2025-08-29","TDG","TransDigm Group Incorporated","NYSE","1074058","1121460","327842","3.28",,
"2025-08-29","TFC","Truist Financial Corporation","NYSE","32639727","31720956","7326402","4.46",,
"2025-08-29","TGT","Target Corporation","NYSE","16092746","17047698","10501415","1.53",,
"2025-08-29","TJX","TJX Companies, Inc. (The)","NYSE","14676598","12691738","6405305","2.29",,
"2025-08-29","TMO","Thermo Fisher Scientific, Inc.","NYSE","3944909","3821685","1659725","2.38",,
"2025-08-29","TMUS","T-Mobile US, Inc. Common Stock","NNM","13006013","11708524","3870012","3.36",,
"2025-08-29","TRV","The Travelers Companies, Inc.","NYSE","3414787","3171719","1180078","2.89",,
"2025-08-29","TSLA","Tesla, Inc. Common Stock","NNM","78272760","76710309","73523676","1.06",,
"2025-08-29","TXN","Texas Instruments Incorporated","NNM","16634615","16313486","5117164","3.25",,
"2025-08-29","UBER","Uber Technologies, Inc.","NYSE","49508507","48136823","15209240","3.26",,
"2025-08-29","UNH","UNITEDHEALTH GROUP INCORPORATE","NYSE","11912729","16603605","16542042","1.00",,
"2025-08-29","UNP","Union Pacific Corp.","NYSE","11574832","10550516","4589064","2.52",,
"2025-08-29","UPS","United Parcel Service, Inc. Cl","NYSE","20295496","19806480","7256060","2.80",,
"2025-08-29","URI","United Rentals, Inc.","NYSE","2071310","2097629","501284","4.13",,
"2025-08-29","USB","U.S. Bancorp","NYSE","22064629","20189395","8569535","2.57",,
"2025-08-29","V","VISA Inc.","NYSE","26024098","28036782","5342506","4.87",,
"2025-08-29","VLO","Valero Energy Corporation","NYSE","12023963","12870204","2111086","5.70",,
"2025-08-29","VRT","Vertiv Holdings Co Class A Com","NYSE","10456723","9751328","5836404","1.79",,
"2025-08-29","VRTX","Vertex Pharmaceuticals Incorpo","NNM","3639292","3700693","1570284","2.32",,
"2025-08-29","VZ","Verizon Communications","NYSE","89688125","86076450","15864050","5.65",,
"2025-08-29","WBD","Warner Bros. Discovery, Inc. S","NNM","93782716","94298805","41323715","2.27",,
"2025-08-29","WDC","Western Digital Corporation Co","NNM","35113585","33327626","5520442","6.36",,
"2025-08-29","WELL","Welltower Inc.","NYSE","12709577","11725710","2113882","6.01",,
"2025-08-29","WFC","Wells Fargo & Co.","NYSE","46193654","39877824","12279279","3.76",,
"2025-08-29","WM","Waste Management, Inc.","NYSE","4075105","3802540","1525746","2.67",,
"2025-08-29","WMB","Williams Companies Inc.","NYSE","12394289","14093812","5546988","2.23",,
"2025-08-29","WMT","Walmart Inc.","NYSE","38967033","39174772","22082445","1.76",,
"2025-08-29","XOM","Exxon Mobil Corporation","NYSE","47204041","42490301","14583402","3.24",,
"2025-07-15","AAPL","Apple Inc. Common Stock","NNM","93946599","110101153","48526568","1.94",,
"2025-07-15","ABBV","ABBVIE INC.","NYSE","15608381","15951832","5989573","2.61",,
"2025-07-15","ABNB","Airbnb, Inc. Class A Common St","NNM","19770761","20100990","3571861","5.54",,
"2025-07-15","ABT","Abbott Laboratories","NYSE","19057306","19425728","5058116","3.77",,
"2025-07-15","ADBE","Adobe Inc. Common Stock","NNM","10384111","9936307","3890254","2.67",,
"2025-07-15","ADI","Analog Devices, Inc. Common St","NNM","8329921","8439936","2808873","2.97",,
"2025-07-15","ADP","Automatic Data Processing, Inc","NNM","5082638","4651222","1367151","3.72",,
"2025-07-15","AEP","American Electric Power Compan","NNM","21676945","21204081","2612672","8.30",,
"2025-07-15","AFL","Aflac Inc.","NYSE","8181423","8334416","1849021","4.42",,
"2025-07-15","AJG","Arthur J. Gallagher & Co.","NYSE","2890322","2836821","1150249","2.51",,
"2025-07-15","ALL","The Allstate Corporation","NYSE","4331461","4719125","1449157","2.99",,
"2025-07-15","AMAT","Applied Materials, Inc. Common","NNM","15212681","15435340","6215669","2.45",,
"2025-07-15","AMD","Advanced Micro Devices, Inc. C","NNM","44717085","48818299","48014470","1.00",,
"2025-07-15","AMGN","Amgen Inc. Common Stock","NNM","14702181","14747690","1928690","7.62",,
"2025-07-15","AMT","American Tower Corporation","NYSE","5990512","6472858","1755321","3.41",,
"2025-07-15","AMZN","Amazon.com, Inc. Common Stock","NNM","62798046","70664960","36822642","1.71",,
"2025-07-15","ANET","Arista Networks","NYSE","15969563","19774433","8902280","1.79",,
"2025-07-15","AON","Aon plc Class A","NYSE","4612309","5177046","1120544","4.12",,
"2025-07-15","APD","Air Products & Chemicals, Inc.","NYSE","5253969","5858559","956840","5.49",,
"2025-07-15","APH","Amphenol Corporation","NYSE","12734123","15944056","6713100","1.90",,
"2025-07-15","APO","Apollo Global Management, Inc.","NYSE","28484131","27949640","2164012","13.16",,
"2025-07-15","APP","Applovin Corporation Class A C","NNM","10250074","10411683","4205683","2.44",,
"2025-07-15","AVGO","Broadcom Inc. Common Stock","NNM","47504830","56102370","16925496","2.81",,
"2025-07-15","AXP","American Express Company","NYSE","9375519","10403873","2548139","3.68",,
"2025-07-15","BA","Boeing Company","NYSE","16318942","14259833","7602077","2.15",,
"2025-07-15","BAC","Bank of America Corporation","NYSE","87830147","87611123","45545116","1.93",,
"2025-07-15","BKNG","Booking Holdings Inc. Common S","NNM","677594","636403","176185","3.85",,
"2025-07-15","BLK","Blackrock, Inc.","NYSE","1637112","1941265","632778","2.59",,
"2025-07-15","BMY","Bristol-Myers Squibb Co.","NYSE","38384745","39446776","12710342","3.02",,
"2025-07-15","BNY","BlackRock New York Municipal I","NYSE","51002","36996","47717","1.07",,
"2025-07-15","BRKA","Berkshire Hathaway Inc.","NYSE","160","187","426","1.00",,
"2025-07-15","BRKB","BERKSHIRE HATHAWAY Class B","NYSE","12257934","13597884","4485475","2.73",,
"2025-07-15","BSX","Boston Scientific Corp.","NYSE","19569890","19047389","6815925","2.87",,
"2025-07-15","BX","Blackstone Inc.","NYSE","14186904","12676750","3768391","3.76",,
"2025-07-15","C","Citigroup Inc.","NYSE","35362145","31684491","15671735","2.26",,
"2025-07-15","CAT","Caterpillar Inc.","NYSE","5781078","6298659","2508460","2.30",,
"2025-07-15","CDNS","Cadence Design Systems, Inc. C","NNM","3051410","3370996","1550483","1.97",,
"2025-07-15","CEG","Constellation Energy Corporati","NNM","6855409","6590161","2089768","3.28",,
"2025-07-15","CI","The Cigna Group","NYSE","2882831","2923086","1508941","1.91",,
"2025-07-15","CL","Colgate-Palmolive Company","NYSE","13539394","12074487","4893596","2.77",,
"2025-07-15","CMCSA","Comcast Corporation Class A Co","NNM","49236404","52626838","16576105","2.97",,
"2025-07-15","CME","CME Group Inc. Class A Common","NNM","4728942","5235546","2022705","2.34",,
"2025-07-15","CMI","Cummins Inc.","NYSE","1781037","1877694","829305","2.15",,
"2025-07-15","COF","Capital One Financial","NYSE","8422149","7829092","3068386","2.74",,
"2025-07-15","COP","ConocoPhillips","NYSE","15612657","13754630","6886301","2.27",,
"2025-07-15","COST","Costco Wholesale Corporation C","NNM","4863899","5679064","1966880","2.47",,
"2025-07-15","CRM","Salesforce, Inc.","NYSE","15467878","15446463","6272113","2.47",,
"2025-07-15","CRWD","CrowdStrike Holdings, Inc. Cla","NNM","7756316","8163444","2939845","2.64",,
"2025-07-15","CSCO","Cisco Systems, Inc. Common Sto","NNM","49341591","50144123","18428847","2.68",,
"2025-07-15","CSX","CSX Corporation Common Stock","NNM","23536640","25018612","12628426","1.86",,
"2025-07-15","CTAS","Cintas Corporation Common Stoc","NNM","5447234","5025668","1291445","4.22",,
"2025-07-15","CVNA","Carvana Co.","NYSE","12638806","12155621","2360577","5.35",,
"2025-07-15","CVS","CVS HEALTH CORPORATION","NYSE","13670187","16022739","6346428","2.15",,
"2025-07-15","CVX","Chevron Corporation","NYSE","58145891","60731702","8973373","6.48",,
"2025-07-15","D","Dominion Energy, Inc Common St","NYSE","30959702","30532768","4268261","7.25",,
"2025-07-15","DASH","DoorDash, Inc. Class A Common","NNM","12237647","14334639","3461412","3.54",,
"2025-07-15","DDOG","Datadog, Inc. Class A Common S","NNM","12670662","10435000","17634505","1.00",,
"2025-07-15","DE","Deere & Company","NYSE","4751523","5010070","1097359","4.33",,
"2025-07-15","DELL","Dell Technologies Inc.","NYSE","12815441","17409997","3972228","3.23",,
"2025-07-15","DHR","Danaher Corporation","NYSE","7844813","7904309","3244089","2.42",,
"2025-07-15","DIS","The Walt Disney Company","NYSE","21704796","20203395","6955910","3.12",,
"2025-07-15","DLR","Digital Realty Trust, Inc.","NYSE","6351896","7293873","1345817","4.72",,
"2025-07-15","DUK","Duke Energy Corporation","NYSE","11982529","12079575","2486359","4.82",,
"2025-07-15","ECL","Ecolab, Inc.","NYSE","2210884","2440742","984760","2.25",,
"2025-07-15","ELV","Elevance Health, Inc.","NYSE","2719541","2539048","2152272","1.26",,
"2025-07-15","EMR","Emerson Electric Co.","NYSE","11939878","12182104","2642190","4.52",,
"2025-07-15","EOG","EOG Resources, Inc.","NYSE","18958684","19197640","2925758","6.48",,
"2025-07-15","EPD","Enterprise Products Partners L","NYSE","24279030","25580032","3577777","6.79",,
"2025-07-15","EQIX","Equinix, Inc. Common Stock REI","NNM","1910976","2031530","633513","3.02",,
"2025-07-15","FCX","Freeport-McMoran Inc.","NYSE","24458977","19647287","19691320","1.24",,
"2025-07-15","FDX","FedEx Corporation","NYSE","3564191","3681149","2089703","1.71",,
"2025-07-15","FTNT","Fortinet, Inc. Common Stock","NNM","18546224","19790346","4709720","3.94",,
"2025-07-15","GD","General Dynamics Corporation","NYSE","2301810","2154987","1135309","2.03",,
"2025-07-15","GE","GE Aerospace","NYSE","15611692","15470920","6364213","2.45",,
"2025-07-15","GEV","GE Vernova Inc.","NYSE","6428914","6195361","2926576","2.20",,
"2025-07-15","GILD","Gilead Sciences, Inc. Common S","NNM","22539960","20991552","5764110","3.91",,
"2025-07-15","GLW","Corning Incorporated","NYSE","12707145","13264893","3878594","3.28",,
"2025-07-15","GM","General Motors Company","NYSE","18568899","21172472","8243410","2.25",,
"2025-07-15","GOOG","Alphabet Inc. Class C Capital","NNM","33794587","40022682","22600404","1.50",,
"2025-07-15","GOOGL","Alphabet Inc. Class A Common S","NNM","58227546","76515659","33078297","1.76",,
"2025-07-15","GS","Goldman Sachs Group Inc.","NYSE","6118065","5601010","2274394","2.69",,
"2025-07-15","GWW","W.W. Grainger, Inc.","NYSE","1208997","1152989","293410","4.12",,
"2025-07-15","HCA","HCA Healthcare, Inc.","NYSE","3888909","3736998","1192802","3.26",,
"2025-07-15","HD","Home Depot, Inc.","NYSE","10708602","11511436","3320934","3.22",,
"2025-07-15","HLT","Hilton Worldwide Holdings Inc.","NYSE","8556502","8922749","1533799","5.58",,
"2025-07-15","HON","Honeywell International Inc. C","NNM","6643728","7968167","2731401","2.43",,
"2025-07-15","HOOD","Robinhood Markets, Inc. Class","NNM","33029140","31359055","64306778","1.00",,
"2025-07-15","HPE","Hewlett Packard Enterprise Com","NYSE","51192026","46657801","21470906","2.38",,
"2025-07-15","HWM","Howmet Aerospace Inc.","NYSE","13637096","16077790","2811559","4.85",,
"2025-07-15","IBKR","Interactive Brokers Group, Inc","NNM","9578896","9569605","5259692","1.82",,
"2025-07-15","IBM","International Business Machine","NYSE","18084576","19277789","3176956","5.69",,
"2025-07-15","ICE","Intercontinental Exchange  Inc","NYSE","6017220","5983105","1706979","3.53",,
"2025-07-15","INTC","Intel Corporation Common Stock","NNM","121707181","128334650","76064835","1.60",,
"2025-07-15","INTU","Intuit Inc. Common Stock","NNM","4608637","4718326","1374176","3.35",,
"2025-07-15","ISRG","Intuitive Surgical, Inc. Commo","NNM","3873887","4066050","1601594","2.42",,
"2025-07-15","ITW","Illinois Tool Works Inc.","NYSE","6118884","7503886","983889","6.22",,
"2025-07-15","JNJ","Johnson & Johnson","NYSE","18272250","15824423","7044415","2.59",,
"2025-07-15","JPM","JPMorgan Chase & Co.","NYSE","23276116","25036078","9698356","2.40",,
"2025-07-15","KKR","KKR & Co. Inc.","NYSE","10734992","11071067","3259994","3.29",,
"2025-07-15","KLAC","KLA Corporation Common Stock","NNM","3127974","3598591","759720","4.12",,
"2025-07-15","KMI","Kinder Morgan, Inc.","NYSE","37364365","39651922","13021134","2.87",,
"2025-07-15","KO","Coca-Cola Company","NYSE","33429245","35288473","16617906","2.01",,
"2025-07-15","LIN","Linde plc Ordinary Shares","NNM","5138435","5117027","1531363","3.36",,
"2025-07-15","LLY","Eli Lilly & Co.","NYSE","7643653","7714191","2730406","2.80",,
"2025-07-15","LMT","Lockheed Martin Corp.","NYSE","2828242","2728111","1142999","2.47",,
"2025-07-15","LOW","Lowe's Companies Inc.","NYSE","7635221","7225285","2565136","2.98",,
"2025-07-15","LRCX","Lam Research Corporation Commo","NNM","30176318","30705854","8415981","3.59",,
"2025-07-15","MA","Mastercard Incorporated","NYSE","5151936","4989415","2662461","1.94",,
"2025-07-15","MAR","Marriott International Class A","NNM","5873313","6341800","1196162","4.91",,
"2025-07-15","MCD","McDonald's Corporation","NYSE","8833050","8451722","3915327","2.26",,
"2025-07-15","MCK","McKesson Corporation","NYSE","1868735","2131217","612544","3.05",,
"2025-07-15","MCO","Moody's Corporation","NYSE","2013142","2142836","568833","3.54",,
"2025-07-15","MDLZ","Mondelez International, Inc. C","NNM","23895445","31799429","7315020","3.27",,
"2025-07-15","MDT","Medtronic plc","NYSE","13065415","12059795","7678832","1.70",,
"2025-07-15","META","Meta Platforms, Inc. Class A C","NNM","25609977","31593706","10054110","2.55",,
"2025-07-15","MMM","3M Company","NYSE","9931711","10564827","3228056","3.08",,
"2025-07-15","MNST","Monster Beverage Corporation","NNM","20817735","18466386","5792998","3.59",,
"2025-07-15","MO","Altria Group, Inc.","NYSE","33559011","35013784","9907249","3.39",,
"2025-07-15","MPC","MARATHON PETROLEUM CORPORATION","NYSE","9780237","11355093","2340865","4.18",,
"2025-07-15","MPWR","Monolithic Power Systems, Inc.","NNM","2434201","2300158","496748","4.90",,
"2025-07-15","MRK","Merck & Co., Inc.","NYSE","28773023","35092687","13815461","2.08",,
"2025-07-15","MRVL","Marvell Technology, Inc. Commo","NNM","29781187","25104933","17119047","1.74",,
"2025-07-15","MS","Morgan Stanley","NYSE","14935199","14767471","5512444","2.71",,
"2025-07-15","MSFT","Microsoft Corporation Common S","NNM","53792695","56857827","15338949","3.51",,
"2025-07-15","MSI","Motorola Solutions, Inc. New","NYSE","2289190","2104994","762575","3.00",,
"2025-07-15","MU","Micron Technology, Inc. Common","NNM","33170922","27965733","21976420","1.51",,
"2025-07-15","NEE","Nextra Energy, Inc.","NYSE","35848052","35172306","11773180","3.04",,
"2025-07-15","NEM","Newmont Corporation","NYSE","18949861","20440379","11432083","1.66",,
"2025-07-15","NET","Cloudflare, Inc. Class A commo","NYSE","9092014","10795644","2966308","3.07",,
"2025-07-15","NFLX","Netflix, Inc. Common Stock","NNM","6195865","6811562","3144114","1.97",,
"2025-07-15","NKE","Nike, Inc.","NYSE","44488550","44807666","17226545","2.58",,
"2025-07-15","NOC","Northrop Grumman Corp.","NYSE","2667592","2596846","648613","4.11",,
"2025-07-15","NOW","SERVICENOW, INC.","NYSE","3211552","3361056","1430596","2.24",,
"2025-07-15","NSC","Norfolk Southern Corp.","NYSE","2673791","3006200","1257002","2.13",,
"2025-07-15","NVDA","NVIDIA Corporation Common Stoc","NNM","201664565","243029014","170825226","1.18",,
"2025-07-15","O","Realty Income Corporation","NYSE","31852453","30183763","5827652","5.47",,
"2025-07-15","ORCL","Oracle Corp","NYSE","20684639","18560332","14934843","1.38",,
"2025-07-15","ORLY","O'Reilly Automotive, Inc. Comm","NNM","14403550","16762964","4085496","3.53",,
"2025-07-15","PANW","Palo Alto Networks, Inc. Commo","NNM","26658314","26587163","4811820","5.54",,
"2025-07-15","PCAR","PACCAR Inc. Common Stock","NNM","13074398","12736110","2599782","5.03",,
"2025-07-15","PEP","PepsiCo, Inc. Common Stock","NNM","21841524","21329008","8377688","2.61",,
"2025-07-15","PFE","Pfizer Inc.","NYSE","99269883","111909372","40242015","2.47",,
"2025-07-15","PG","Procter & Gamble Company","NYSE","14717987","15615582","10043444","1.47",,
"2025-07-15","PGR","Progressive Corporation","NYSE","6258168","6064299","3918234","1.60",,
"2025-07-15","PH","Parker-Hannifin Corporation","NYSE","1889104","2012686","468841","4.03",,
"2025-07-15","PLD","PROLOGIS, INC.","NYSE","10734493","10675446","3973974","2.70",,
"2025-07-15","PLTR","Palantir Technologies Inc. Cla","NNM","53728604","51517225","65007702","1.00",,
"2025-07-15","PM","Philip Morris International In","NYSE","11596719","11447973","4470150","2.59",,
"2025-07-15","PNC","PNC Financial Services Group","NYSE","6312326","4657198","3225960","1.96",,
"2025-07-15","PSX","PHILLIPS 66","NYSE","8552956","8039386","2354430","3.63",,
"2025-07-15","PWR","Quanta Services, Inc.","NYSE","5055089","5797068","928754","5.44",,
"2025-07-15","QCOM","QUALCOMM Incorporated Common S","NNM","23552371","21015439","6504599","3.62",,
"2025-07-15","RCL","Royal Caribbean Group","NYSE","12260904","13738664","2239950","5.47",,
"2025-07-15","REGN","Regeneron Pharmaceuticals, Inc","NNM","2074491","2252720","843455","2.46",,
"2025-07-15","ROST","Ross Stores, Inc. Common Stock","NNM","6119090","5855355","2596993","2.36",,
"2025-07-15","RSG","Republic Services Inc.","NYSE","2488617","2417357","1490473","1.67",,
"2025-07-15","RTX","RTX Corporation","NYSE","11448729","14994143","3808350","3.01",,
"2025-07-15","SBUX","Starbucks Corporation Common S","NNM","45577377","42481862","6925534","6.58",,
"2025-07-15","SCCO","Southern Copper Corporation","NYSE","8124491","8244027","1923883","4.22",,
"2025-07-15","SCHW","The Charles Schwab Corporation","NYSE","19111224","18329182","6754903","2.83",,
"2025-07-15","SHW","The Sherwin-Williams Company","NYSE","4356992","4970565","1496578","2.91",,
"2025-07-15","SNDK","Sandisk Corporation Common Sto","NNM","7366034","7409065","2480651","2.97",,
"2025-07-15","SNOW","Snowflake Inc.","NYSE","10473826","11766066","3546567","2.95",,
"2025-07-15","SNPS","Synopsys, Inc. Common Stock","NNM","6535892","4935294","1927770","3.39",,
"2025-07-15","SO","The Southern Company","NYSE","30511125","30215617","5318955","5.74",,
"2025-07-15","SPCX","The SPAC and New Issue ETF","NNM","6550","6336","1559","4.20",,
"2025-07-15","SPG","Simon Property Group, Inc.","NYSE","4272756","4636228","1392257","3.07",,
"2025-07-15","SPGI","S&P Global Inc.","NYSE","2940271","2853848","818827","3.59",,
"2025-07-15","SYK","Stryker Corporation","NYSE","4772030","5740352","1094032","4.36",,
"2025-07-15","T","AT&T Inc.","NYSE","80732763","89351482","30671724","2.63",,
"2025-07-15","TDG","TransDigm Group Incorporated","NYSE","1233132","1200134","234502","5.26",,
"2025-07-15","TFC","Truist Financial Corporation","NYSE","27524729","27598767","7867871","3.50",,
"2025-07-15","TGT","Target Corporation","NYSE","17213463","17091857","5466160","3.15",,
"2025-07-15","TJX","TJX Companies, Inc. (The)","NYSE","12371200","12794662","4491922","2.75",,
"2025-07-15","TMO","Thermo Fisher Scientific, Inc.","NYSE","3830421","4413729","2483998","1.54",,
"2025-07-15","TMUS","T-Mobile US, Inc. Common Stock","NNM","13747570","16254551","3480803","3.95",,
"2025-07-15","TRV","The Travelers Companies, Inc.","NYSE","3285443","3748414","1192662","2.75",,
"2025-07-15","TSLA","Tesla, Inc. Common Stock","NNM","69962139","80074233","96775833","1.00",,
"2025-07-15","TXN","Texas Instruments Incorporated","NNM","16989892","17766871","4937561","3.44",,
"2025-07-15","UBER","Uber Technologies, Inc.","NYSE","44153849","45334998","16499646","2.68",,
"2025-07-15","UNH","UNITEDHEALTH GROUP INCORPORATE","NYSE","12707260","13075586","12152986","1.05",,
"2025-07-15","UNP","Union Pacific Corp.","NYSE","5880348","6013993","2359023","2.49",,
"2025-07-15","UPS","United Parcel Service, Inc. Cl","NYSE","15402735","15908529","4745435","3.25",,
"2025-07-15","URI","United Rentals, Inc.","NYSE","2261984","1933489","573131","3.95",,
"2025-07-15","USB","U.S. Bancorp","NYSE","20290403","25295410","12550586","1.62",,
"2025-07-15","V","VISA Inc.","NYSE","27299727","26519471","5908231","4.62",,
"2025-07-15","VLO","Valero Energy Corporation","NYSE","12230939","13878482","3477991","3.52",,
"2025-07-15","VRT","Vertiv Holdings Co Class A Com","NYSE","9622986","11596196","8029240","1.20",,
"2025-07-15","VRTX","Vertex Pharmaceuticals Incorpo","NNM","4188160","4389791","1007188","4.16",,
"2025-07-15","VZ","Verizon Communications","NYSE","83986796","86313769","18108784","4.64",,
"2025-07-15","WBD","Warner Bros. Discovery, Inc. S","NNM","111741371","137333874","58992294","1.89",,
"2025-07-15","WDC","Western Digital Corporation Co","NNM","33013561","33598539","6071707","5.44",,
"2025-07-15","WELL","Welltower Inc.","NYSE","10039594","9796393","2584020","3.89",,
"2025-07-15","WFC","Wells Fargo & Co.","NYSE","34390484","36769589","20105875","1.71",,
"2025-07-15","WM","Waste Management, Inc.","NYSE","4110721","3757086","1716014","2.40",,
"2025-07-15","WMB","Williams Companies Inc.","NYSE","14759654","14224373","8052224","1.83",,
"2025-07-15","WMT","Walmart Inc.","NYSE","33119904","36610711","13705218","2.42",,
"2025-07-15","XOM","Exxon Mobil Corporation","NYSE","37520693","40600231","13340141","2.81",,
"2022-07-29","AAPL","Apple Inc. Common Stock","NNM","107535584","104993162","73127045","1.47",,
"2022-07-29","ABBV","ABBVIE INC.","NYSE","13851007","14029156","6322863","2.19",,
"2022-07-29","ABNB","Airbnb, Inc. Class A Common St","NNM","19261921","22434099","4980489","3.87",,
"2022-07-29","ABT","Abbott Laboratories","NYSE","13844969","14216108","4971273","2.78",,
"2022-07-29","ADBE","Adobe Inc. Common Stock","NNM","5334071","5664676","2326434","2.29",,
"2022-07-29","ADI","Analog Devices, Inc. Common St","NNM","7500949","5855872","3496810","2.15",,
"2022-07-29","ADP","Automatic Data Processing, Inc","NNM","4293001","3978398","1797812","2.39",,
"2022-07-29","AEP","American Electric Power Compan","NNM","8510981","8871470","2763543","3.08",,
"2022-07-29","AFL","Aflac Inc.","NYSE","9347359","8781599","2253437","4.15",,
"2022-07-29","AJG","Arthur J. Gallagher & Co.","NYSE","2226715","1873901","749342","2.97",,
"2022-07-29","ALL","The Allstate Corporation","NYSE","4363389","3293887","1898172","2.30",,
"2022-07-29","AMAT","Applied Materials, Inc. Common","NNM","11533762","11292540","6128740","1.88",,
"2022-07-29","AMD","Advanced Micro Devices, Inc. C","NNM","35275192","34942372","80398189","1.00",,
"2022-07-29","AMGN","Amgen Inc. Common Stock","NNM","17278533","17329695","2397062","7.21",,
"2022-07-29","AMT","American Tower Corporation","NYSE","3706402","3754808","1665524","2.23",,
"2022-07-29","AMZN","Amazon.com, Inc. Common Stock","NNM","67798677","81630928","71226178","1.00",,
"2022-07-29","ANET","Arista Networks","NYSE","4081069","3383586","2166454","1.88",,
"2022-07-29","AON","Aon plc Class A","NYSE","1868193","1781576","870524","2.15",,
"2022-07-29","APD","Air Products & Chemicals, Inc.","NYSE","1820270","2084660","848208","2.15",,
"2022-07-29","APH","Amphenol Corporation","NYSE","4695311","4983680","2073602","2.26",,
"2022-07-29","APO","Apollo Global Management, Inc.","NYSE","19147588","19279870","1608890","11.90",,
"2022-07-29","APP","Applovin Corporation Class A C","NNM","14495275","14483702","1904973","7.61",,
"2022-07-29","AVGO","Broadcom Inc. Common Stock","NNM","5205640","4955666","1950519","2.67",,
"2022-07-29","AXP","American Express Company","NYSE","8040079","8308370","4232795","1.90",,
"2022-07-29","BA","Boeing Company","NYSE","10417101","10263831","9508602","1.10",,
"2022-07-29","BAC","Bank of America Corporation","NYSE","71088529","70106394","37683249","1.89",,
"2022-07-29","BKNG","Booking Holdings Inc. Common S","NNM","625313","731559","375138","1.67",,
"2022-07-29","BLK","Blackrock, Inc.","NYSE","2291003","2128803","654426","3.50",,
"2022-07-29","BMY","Bristol-Myers Squibb Co.","NYSE","27825589","27333250","9399703","2.96",,
"2022-07-29","BNY","BlackRock New York Municipal I","NYSE","11386","2080","36442","1.00",,
"2022-07-29","BRKA","Berkshire Hathaway Inc.","NYSE","284","266","2288","1.00",,
"2022-07-29","BRKB","BERKSHIRE HATHAWAY Class B","NYSE","7360837","7598373","3756667","1.96",,
"2022-07-29","BSX","Boston Scientific Corp.","NYSE","13750558","16044061","9672261","1.42",,
"2022-07-29","BX","Blackstone Inc.","NYSE","16214699","13606543","5200895","3.12",,
"2022-07-29","C","Citigroup Inc.","NYSE","38926677","46660727","19422342","2.00",,
"2022-07-29","CAT","Caterpillar Inc.","NYSE","5336623","5748406","2438717","2.19",,
"2022-07-29","CDNS","Cadence Design Systems, Inc. C","NNM","3747558","3730441","1690412","2.22",,
"2022-07-29","CEG","Constellation Energy Corporati","NNM","4294423","5137459","2864992","1.50",,
"2022-07-29","CI","CIGNA Corporation","NYSE","6870789","7892662","1650685","4.16",,
"2022-07-29","CL","Colgate-Palmolive Company","NYSE","13812501","10056690","3748690","3.68",,
"2022-07-29","CMCSA","Comcast Corporation Class A Co","NNM","70442681","68065265","26145537","2.69",,
"2022-07-29","CME","CME Group Inc. Class A Common","NNM","3075906","2998040","1359828","2.26",,
"2022-07-29","CMI","Cummins Inc.","NYSE","2490035","2082348","922558","2.70",,
"2022-07-29","COF","Capital One Financial","NYSE","6157181","6829440","2883535","2.14",,
"2022-07-29","COP","ConocoPhillips","NYSE","15958970","13893168","6694405","2.38",,
"2022-07-29","COST","Costco Wholesale Corporation C","NNM","3792961","3668045","2101928","1.80",,
"2022-07-29","CRM","Salesforce, Inc.","NYSE","12869799","11371285","4410498","2.92",,
"2022-07-29","CRWD","CrowdStrike Holdings, Inc. Cla","NNM","12899675","11851742","2682217","4.81",,
"2022-07-29","CSCO","Cisco Systems, Inc. Common Sto","NNM","37079470","37647684","18081701","2.05",,
"2022-07-29","CSX","CSX Corporation Common Stock","NNM","25393268","22986347","15968024","1.59",,
"2022-07-29","CTAS","Cintas Corporation Common Stoc","NNM","1165984","1182786","436741","2.67",,
"2022-07-29","CVNA","Carvana Co.","NYSE","27477026","29033353","10342602","2.66",,
"2022-07-29","CVS","CVS HEALTH CORPORATION","NYSE","15757097","13908450","5010748","3.14",,
"2022-07-29","CVX","Chevron Corporation","NYSE","18802877","19903268","7983100","2.36",,
"2022-07-29","D","Dominion Energy, Inc Common St","NYSE","5705527","7255301","2926152","1.95",,
"2022-07-29","DASH","DoorDash, Inc.","NYSE","17165653","18020576","4340933","3.95",,
"2022-07-29","DDOG","Datadog, Inc. Class A Common S","NNM","9337448","9262271","5033515","1.86",,
"2022-07-29","DE","Deere & Company","NYSE","2972502","2797497","1270504","2.34",,
"2022-07-29","DELL","Dell Technologies Inc.","NYSE","5344883","5935692","2281410","2.34",,
"2022-07-29","DHR","Danaher Corporation","NYSE","3892513","4607265","2553330","1.52",,
"2022-07-29","DIS","The Walt Disney Company","NYSE","20739705","20885416","9645008","2.15",,
"2022-07-29","DLR","Digital Realty Trust, Inc.","NYSE","7601076","9289481","1800778","4.22",,
"2022-07-29","DUK","Duke Energy Corporation","NYSE","7449849","8366864","2196713","3.39",,
"2022-07-29","ECL","Ecolab, Inc.","NYSE","2288853","2709823","1150473","1.99",,
"2022-07-29","ELV","Elevance Health, Inc.","NYSE","2177566","2308017","1135371","1.92",,
"2022-07-29","EMR","Emerson Electric Co.","NYSE","4510808","4581678","2308534","1.95",,
"2022-07-29","EOG","EOG Resources, Inc.","NYSE","5709718","7069947","3558642","1.60",,
"2022-07-29","EPD","Enterprise Products Partners L","NYSE","17284378","20954598","5600037","3.09",,
"2022-07-29","EQIX","Equinix, Inc. Common Stock REI","NNM","1428148","1460252","436452","3.27",,
"2022-07-29","FCX","Freeport-McMoran Inc.","NYSE","27781647","30927695","21934087","1.27",,
"2022-07-29","FDX","FedEx Corporation","NYSE","3536977","3758084","1386341","2.55",,
"2022-07-29","FTNT","Fortinet, Inc. Common Stock","NNM","10127184","11514525","4605730","2.20",,
"2022-07-29","GD","General Dynamics Corporation","NYSE","2910229","3098678","962394","3.02",,
"2022-07-29","GE","General Electric Company","NYSE","14299576","14367793","8163574","1.75",,
"2022-07-29","GILD","Gilead Sciences, Inc. Common S","NNM","14155841","16564703","6291230","2.25",,
"2022-07-29","GLW","Corning Incorporated","NYSE","12630203","20399967","5381387","2.35",,
"2022-07-29","GM","General Motors Company","NYSE","25891810","31247870","12823688","2.02",,
"2022-07-29","GOOG","Alphabet Inc. Class C Capital","NNM","34674376","1498821","32338902","1.07","S",
"2022-07-29","GOOGL","Alphabet Inc. Class A Common S","NNM","47636874","2348408","40849858","1.17","S",
"2022-07-29","GS","Goldman Sachs Group Inc.","NYSE","5245849","5017250","3228872","1.62",,
"2022-07-29","GWW","W.W. Grainger, Inc.","NYSE","1132732","1205199","347348","3.26",,
"2022-07-29","HCA","HCA Healthcare, Inc.","NYSE","3563795","4571403","2077794","1.72",,
"2022-07-29","HD","Home Depot, Inc.","NYSE","7968575","7841714","2721735","2.93",,
"2022-07-29","HLT","Hilton Worldwide Holdings Inc.","NYSE","4969086","5862581","2202527","2.26",,
"2022-07-29","HON","Honeywell International Inc. C","NNM","5149942","5561955","2413321","2.13",,
"2022-07-29","HOOD","Robinhood Markets, Inc. Class","NNM","41749026","45090052","7971242","5.24",,
"2022-07-29","HPE","Hewlett Packard Enterprise Com","NYSE","28919048","28042601","8053705","3.59",,
"2022-07-29","HWM","Howmet Aerospace Inc.","NYSE","7852113","8174409","2712545","2.89",,
"2022-07-29","IBKR","Interactive Brokers Group, Inc","NNM","2491537","2368569","872760","2.85",,
"2022-07-29","IBM","International Business Machine","NYSE","23111989","22411185","8847060","2.61",,
"2022-07-29","ICE","Intercontinental Exchange  Inc","NYSE","7468204","7578291","2513934","2.97",,
"2022-07-29","INTC","Intel Corporation Common Stock","NNM","66959836","70008195","48246234","1.39",,
"2022-07-29","INTU","Intuit Inc. Common Stock","NNM","2568091","2561282","1584737","1.62",,
"2022-07-29","ISRG","Intuitive Surgical, Inc. Commo","NNM","3849117","3637723","2688754","1.43",,
"2022-07-29","ITW","Illinois Tool Works Inc.","NYSE","5603386","5729978","878237","6.38",,
"2022-07-29","JNJ","Johnson & Johnson","NYSE","11879849","13613059","6387991","1.86",,
"2022-07-29","JPM","JPMorgan Chase & Co.","NYSE","16582866","17731481","10942203","1.52",,
"2022-07-29","KKR","KKR & Co. Inc.","NYSE","8792857","8302041","2646172","3.32",,
"2022-07-29","KLAC","KLA Corporation Common Stock","NNM","7488618","7762888","1426919","5.25",,
"2022-07-29","KMI","Kinder Morgan, Inc.","NYSE","34888644","32915054","14887969","2.34",,
"2022-07-29","KO","Coca-Cola Company","NYSE","26732776","34236546","12816756","2.09",,
"2022-07-29","LIN","Linde plc Ordinary Share","NYSE","3857365","4705840","1882829","2.05",,
"2022-07-29","LLY","Eli Lilly & Co.","NYSE","4964746","5464056","2028679","2.45",,
"2022-07-29","LMT","Lockheed Martin Corp.","NYSE","2652169","2544255","1443221","1.84",,
"2022-07-29","LOW","Lowe's Companies Inc.","NYSE","12900429","12386371","3506797","3.68",,
"2022-07-29","LRCX","Lam Research Corporation Commo","NNM","1738445","1697742","1563433","1.11",,
"2022-07-29","MA","Mastercard Incorporated","NYSE","4764535","5365746","2803275","1.70",,
"2022-07-29","MAR","Marriott International Class A","NNM","4968305","6355508","2025590","2.45",,
"2022-07-29","MCD","McDonald's Corporation","NYSE","6071707","6097329","2716673","2.23",,
"2022-07-29","MCK","McKesson Corporation","NYSE","2093792","2496796","795848","2.63",,
"2022-07-29","MCO","Moody's Corporation","NYSE","3222750","3116351","965712","3.34",,
"2022-07-29","MDLZ","Mondelez International, Inc. C","NNM","13358769","12052970","6458686","2.07",,
"2022-07-29","MDT","Medtronic plc","NYSE","9770783","10224678","4967399","1.97",,
"2022-07-29","META","Meta Platforms, Inc. Class A C","NNM","24416114","26814101","35714280","1.00",,
"2022-07-29","MMM","3M Company","NYSE","8027775","7765938","3781542","2.12",,
"2022-07-29","MNST","Monster Beverage Corporation","NNM","6018442","7446223","2223287","2.71",,
"2022-07-29","MO","Altria Group, Inc.","NYSE","16897591","19950302","7819325","2.16",,
"2022-07-29","MPC","MARATHON PETROLEUM CORPORATION","NYSE","16081257","16586554","4026942","3.99",,
"2022-07-29","MPWR","Monolithic Power Systems, Inc.","NNM","1070694","863303","428761","2.50",,
"2022-07-29","MRK","Merck & Co., Inc.","NYSE","16789912","20333172","9187655","1.83",,
"2022-07-29","MRVL","Marvell Technology, Inc. Commo","NNM","16877073","16613381","9977160","1.69",,
"2022-07-29","MS","Morgan Stanley","NYSE","19607003","15808744","8063605","2.43",,
"2022-07-29","MSFT","Microsoft Corporation Common S","NNM","38192351","38999356","28458827","1.34",,
"2022-07-29","MSI","Motorola Solutions, Inc. New","NYSE","1324149","1225451","599456","2.21",,
"2022-07-29","MU","Micron Technology, Inc. Common","NNM","35051183","34036112","14684560","2.39",,
"2022-07-29","NEE","Nextra Energy, Inc.","NYSE","23522756","24109053","8157249","2.88",,
"2022-07-29","NEM","Newmont Corporation","NYSE","11635096","11315330","15629416","1.00",,
"2022-07-29","NET","Cloudflare, Inc. Class A commo","NYSE","15456043","16950153","4594777","3.36",,
"2022-07-29","NFLX","Netflix, Inc. Common Stock","NNM","10851930","13213734","18810981","1.00",,
"2022-07-29","NKE","Nike, Inc.","NYSE","14638380","14864348","6733334","2.17",,
"2022-07-29","NOC","Northrop Grumman Corp.","NYSE","1737962","1721768","793450","2.19",,
"2022-07-29","NOW","SERVICENOW, INC.","NYSE","3193549","3998519","1905180","1.68",,
"2022-07-29","NSC","Norfolk Southern Corp.","NYSE","3046987","3296473","1254473","2.43",,
"2022-07-29","NVDA","NVIDIA Corporation Common Stoc","NNM","33395681","36044387","55812290","1.00",,
"2022-07-29","O","Realty Income Corporation","NYSE","17382905","20334593","2548120","6.82",,
"2022-07-29","ORCL","Oracle Corp","NYSE","16645554","15439684","6242139","2.67",,
"2022-07-29","ORLY","O'Reilly Automotive, Inc. Comm","NNM","729466","831271","488181","1.49",,
"2022-07-29","PANW","Palo Alto Networks, Inc. Commo","NNM","6954194","7261762","1215562","5.72",,
"2022-07-29","PCAR","PACCAR Inc. Common Stock","NNM","3428014","3694705","1808220","1.90",,
"2022-07-29","PEP","PepsiCo, Inc. Common Stock","NNM","9720623","10842334","3679938","2.64",,
"2022-07-29","PFE","Pfizer Inc.","NYSE","59897992","67352858","18080995","3.31",,
"2022-07-29","PG","Procter & Gamble Company","NYSE","13206271","13555712","7617776","1.73",,
"2022-07-29","PGR","Progressive Corporation","NYSE","5472177","6664770","2517109","2.17",,
"2022-07-29","PH","Parker-Hannifin Corporation","NYSE","1426707","1852771","718133","1.99",,
"2022-07-29","PLD","PROLOGIS, INC.","NYSE","17041095","15879072","3158966","5.39",,
"2022-07-29","PLTR","Palantir Technologies Inc. Cla","NYSE","113592513","108637946","32448716","3.50",,
"2022-07-29","PM","Philip Morris International In","NYSE","8922579","7320469","5254511","1.70",,
"2022-07-29","PNC","PNC Financial Services Group","NYSE","5595759","5266469","1780228","3.14",,
"2022-07-29","PSX","PHILLIPS 66","NYSE","10883660","10816017","3031425","3.59",,
"2022-07-29","PWR","Quanta Services, Inc.","NYSE","6292898","6050017","1211058","5.20",,
"2022-07-29","QCOM","QUALCOMM Incorporated Common S","NNM","15580576","16958739","9361710","1.66",,
"2022-07-29","RCL","Royal Caribbean Group","NYSE","16187258","17211490","7398063","2.19",,
"2022-07-29","REGN","Regeneron Pharmaceuticals, Inc","NNM","3068454","2857143","529102","5.80",,
"2022-07-29","ROST","Ross Stores, Inc. Common Stock","NNM","9156810","8713298","2170620","4.22",,
"2022-07-29","RSG","Republic Services Inc.","NYSE","1525186","1492997","878017","1.74",,
"2022-07-29","RTX","Raytheon Technologies Corporat","NYSE","9908970","11318306","4854080","2.04",,
"2022-07-29","SBUX","Starbucks Corporation Common S","NNM","13794952","16691828","6359984","2.17",,
"2022-07-29","SCCO","Southern Copper Corporation","NYSE","6476318","5889315","1590535","4.07",,
"2022-07-29","SCHW","The Charles Schwab Corporation","NYSE","13209054","14598833","8050448","1.64",,
"2022-07-29","SHW","The Sherwin-Williams Company","NYSE","2616861","2830046","2023837","1.29",,
"2022-07-29","SNOW","Snowflake Inc.","NYSE","12649065","12943686","6010441","2.10",,
"2022-07-29","SNPS","Synopsys, Inc. Common Stock","NNM","1909304","1657144","872745","2.19",,
"2022-07-29","SO","The Southern Company","NYSE","13105967","14854172","4637377","2.83",,
"2022-07-29","SPCX","The SPAC and New Issue ETF","NNM","176533","160791","10907","16.19",,
"2022-07-29","SPG","Simon Property Group, Inc.","NYSE","6418381","6937800","1695692","3.79",,
"2022-07-29","SPGI","S&P Global Inc.","NYSE","7745137","7580260","1790442","4.33",,
"2022-07-29","SYK","Stryker Corporation","NYSE","5082009","5141218","2298709","2.21",,
"2022-07-29","T","AT&T Inc.","NYSE","80102492","77367282","47169828","1.70",,
"2022-07-29","TDG","TransDigm Group Incorporated","NYSE","990150","1059058","273640","3.62",,
"2022-07-29","TFC","Truist Financial Corporation","NYSE","12077539","12120188","5437681","2.22",,
"2022-07-29","TGT","Target Corporation","NYSE","6726711","7139078","3584615","1.88",,
"2022-07-29","TJX","TJX Companies, Inc. (The)","NYSE","14389792","12817060","5645612","2.55",,
"2022-07-29","TMO","Thermo Fisher Scientific, Inc.","NYSE","2663159","2745297","1577292","1.69",,
"2022-07-29","TMUS","T-Mobile US, Inc. Common Stock","NNM","13762186","14965098","5588692","2.46",,
"2022-07-29","TRV","The Travelers Companies, Inc.","NYSE","3991274","3454111","1317996","3.03",,
"2022-07-29","TSLA","Tesla, Inc. Common Stock","NNM","25022667","23491892","29776705","1.00",,
"2022-07-29","TXN","Texas Instruments Incorporated","NNM","16430770","16648144","6092514","2.70",,
"2022-07-29","UBER","Uber Technologies, Inc.","NYSE","61660594","73658618","23856714","2.58",,
"2022-07-29","UNH","UNITEDHEALTH GROUP INCORPORATE","NYSE","5228061","5678002","2753046","1.90",,
"2022-07-29","UNP","Union Pacific Corp.","NYSE","5677072","5563433","2545143","2.23",,
"2022-07-29","UPS","United Parcel Service, Inc. Cl","NYSE","12027163","11928314","2839262","4.24",,
"2022-07-29","URI","United Rentals, Inc.","NYSE","3170417","2954099","947183","3.35",,
"2022-07-29","USB","U.S. Bancorp","NYSE","11208058","12344210","6635749","1.69",,
"2022-07-29","V","VISA Inc.","NYSE","33543157","34263343","6537625","5.13",,
"2022-07-29","VLO","Valero Energy Corporation","NYSE","7923334","9608536","4138947","1.91",,
"2022-07-29","VRT","Vertiv Holdings Co Class A Com","NYSE","9212476","9248629","2481732","3.71",,
"2022-07-29","VRTX","Vertex Pharmaceuticals Incorpo","NNM","3416380","3588960","1299123","2.63",,
"2022-07-29","VZ","Verizon Communications","NYSE","39000834","42065063","26550361","1.47",,
"2022-07-29","WBD","Warner Bros. Discovery, Inc. S","NNM","59649981","61059602","17749653","3.36",,
"2022-07-29","WDC","Western Digital Corporation Co","NNM","6709431","9215636","2998899","2.24",,
"2022-07-29","WELL","Welltower Inc.","NYSE","13423330","14071657","1951279","6.88",,
"2022-07-29","WFC","Wells Fargo & Co.","NYSE","31896107","31806089","18388406","1.73",,
"2022-07-29","WM","Waste Management, Inc.","NYSE","3285098","3241917","1471533","2.23",,
"2022-07-29","WMB","Williams Companies Inc.","NYSE","21602134","22156879","6147451","3.51",,
"2022-07-29","WMT","Walmart Inc.","NYSE","15150828","13472243","10122511","1.50",,
"2022-07-29","XOM","Exxon Mobil Corporation","NYSE","36375774","37524789","19198771","1.89",,
"2025-07-31","AAPL","Apple Inc. Common Stock","NNM","104634941","93946599","48911215","2.14",,
"2025-07-31","ABBV","ABBVIE INC.","NYSE","15126296","15608381","5268153","2.87",,
"2025-07-31","ABNB","Airbnb, Inc. Class A Common St","NNM","18978470","19770761","3137881","6.05",,
"2025-07-31","ABT","Abbott Laboratories","NYSE","18325255","19057306","9700489","1.89",,
"2025-07-31","ADBE","Adobe Inc. Common Stock","NNM","10408796","10384111","2996226","3.47",,
"2025-07-31","ADI","Analog Devices, Inc. Common St","NNM","8155882","8329921","3777672","2.16",,
"2025-07-31","ADP","Automatic Data Processing, Inc","NNM","5163320","5082638","1504645","3.43",,
"2025-07-31","AEP","American Electric Power Compan","NNM","22081604","21676945","3575721","6.18",,
"2025-07-31","AFL","Aflac Inc.","NYSE","7360596","8181423","2318986","3.17",,
"2025-07-31","AJG","Arthur J. Gallagher & Co.","NYSE","2453593","2890322","1543032","1.59",,
"2025-07-31","ALL","The Allstate Corporation","NYSE","3143853","4331461","1826708","1.72",,
"2025-07-31","AMAT","Applied Materials, Inc. Common","NNM","15328085","15212681","6080616","2.52",,
"2025-07-31","AMD","Advanced Micro Devices, Inc. C","NNM","42120268","44717085","58308936","1.00",,
"2025-07-31","AMGN","Amgen Inc. Common Stock","NNM","12519619","14702181","1821401","6.87",,
"2025-07-31","AMT","American Tower Corporation","NYSE","5455005","5990512","2182474","2.50",,
"2025-07-31","AMZN","Amazon.com, Inc. Common Stock","NNM","63646074","62798046","40047728","1.59",,
"2025-07-31","ANET","Arista Networks","NYSE","17962340","15969563","8196924","2.19",,
"2025-07-31","AON","Aon plc Class A","NYSE","3004372","4612309","1547193","1.94",,
"2025-07-31","APD","Air Products & Chemicals, Inc.","NYSE","5072097","5253969","1019412","4.98",,
"2025-07-31","APH","Amphenol Corporation","NYSE","13110070","12734123","10549370","1.24",,
"2025-07-31","APO","Apollo Global Management, Inc.","NYSE","28585955","28484131","2623795","10.89",,
"2025-07-31","APP","Applovin Corporation Class A C","NNM","10552161","10250074","3968927","2.66",,
"2025-07-31","AVGO","Broadcom Inc. Common Stock","NNM","43467723","47504830","17050768","2.55",,
"2025-07-31","AXP","American Express Company","NYSE","9203962","9375519","2705636","3.40",,
"2025-07-31","BA","Boeing Company","NYSE","17151858","16318942","7801745","2.20",,
"2025-07-31","BAC","Bank of America Corporation","NYSE","92234718","87830147","37578214","2.45",,
"2025-07-31","BKNG","Booking Holdings Inc. Common S","NNM","594572","677594","203228","2.93",,
"2025-07-31","BLK","Blackrock, Inc.","NYSE","1505175","1637112","658623","2.29",,
"2025-07-31","BMY","Bristol-Myers Squibb Co.","NYSE","30920136","38384745","13934190","2.22",,
"2025-07-31","BNY","BlackRock New York Municipal I","NYSE","41880","51002","82443","1.00",,
"2025-07-31","BRKA","Berkshire Hathaway Inc.","NYSE","408","160","424","1.00",,
"2025-07-31","BRKB","BERKSHIRE HATHAWAY Class B","NYSE","11656779","12257934","4312836","2.70",,
"2025-07-31","BSX","Boston Scientific Corp.","NYSE","16270253","19569890","8240283","1.97",,
"2025-07-31","BX","Blackstone Inc.","NYSE","12948924","14186904","4145864","3.12",,
"2025-07-31","C","Citigroup Inc.","NYSE","36549061","35362145","16979667","2.15",,
"2025-07-31","CAT","Caterpillar Inc.","NYSE","6586989","5781078","2703426","2.44",,
"2025-07-31","CDNS","Cadence Design Systems, Inc. C","NNM","3757445","3051410","2195959","1.71",,
"2025-07-31","CEG","Constellation Energy Corporati","NNM","6378772","6855409","2492712","2.56",,
"2025-07-31","CI","The Cigna Group","NYSE","2453026","2882831","2008940","1.22",,
"2025-07-31","CL","Colgate-Palmolive Company","NYSE","11796749","13539394","4512284","2.61",,
"2025-07-31","CMCSA","Comcast Corporation Class A Co","NNM","45254498","49236404","22893940","1.98",,
"2025-07-31","CME","CME Group Inc. Class A Common","NNM","5421541","4728942","2177198","2.49",,
"2025-07-31","CMI","Cummins Inc.","NYSE","1756343","1781037","999866","1.76",,
"2025-07-31","COF","Capital One Financial","NYSE","8755858","8422149","4671407","1.87",,
"2025-07-31","COP","ConocoPhillips","NYSE","17369058","15612657","5428451","3.20",,
"2025-07-31","COST","Costco Wholesale Corporation C","NNM","5570606","4863899","2116877","2.63",,
"2025-07-31","CRM","Salesforce, Inc.","NYSE","13686446","15467878","5503059","2.49",,
"2025-07-31","CRWD","CrowdStrike Holdings, Inc. Cla","NNM","7082872","7756316","2438443","2.90",,
"2025-07-31","CSCO","Cisco Systems, Inc. Common Sto","NNM","47437527","49341591","15597064","3.04",,
"2025-07-31","CSX","CSX Corporation Common Stock","NNM","24952687","23536640","24655776","1.01",,
"2025-07-31","CTAS","Cintas Corporation Common Stoc","NNM","5495359","5447234","1604783","3.42",,
"2025-07-31","CVNA","Carvana Co.","NYSE","12698721","12638806","3541399","3.59",,
"2025-07-31","CVS","CVS HEALTH CORPORATION","NYSE","15649376","13670187","10584478","1.48",,
"2025-07-31","CVX","Chevron Corporation","NYSE","18661705","58145891","14801160","1.26",,
"2025-07-31","D","Dominion Energy, Inc Common St","NYSE","29792544","30959702","4436300","6.72",,
"2025-07-31","DASH","DoorDash, Inc. Class A Common","NNM","11469515","12237647","2509330","4.57",,
"2025-07-31","DDOG","Datadog, Inc. Class A Common S","NNM","11752777","12670662","4271892","2.75",,
"2025-07-31","DE","Deere & Company","NYSE","4814838","4751523","1118316","4.31",,
"2025-07-31","DELL","Dell Technologies Inc.","NYSE","12155341","12815441","5112208","2.38",,
"2025-07-31","DHR","Danaher Corporation","NYSE","8448011","7844813","5329086","1.59",,
"2025-07-31","DIS","The Walt Disney Company","NYSE","20165555","21704796","6969588","2.89",,
"2025-07-31","DLR","Digital Realty Trust, Inc.","NYSE","6220132","6351896","1655801","3.76",,
"2025-07-31","DUK","Duke Energy Corporation","NYSE","12169366","11982529","2913030","4.18",,
"2025-07-31","ECL","Ecolab, Inc.","NYSE","2522476","2210884","1286322","1.96",,
"2025-07-31","ELV","Elevance Health, Inc.","NYSE","2840716","2719541","3961129","1.00",,
"2025-07-31","EMR","Emerson Electric Co.","NYSE","13206070","11939878","3015532","4.38",,
"2025-07-31","EOG","EOG Resources, Inc.","NYSE","13915367","18958684","2993663","4.65",,
"2025-07-31","EPD","Enterprise Products Partners L","NYSE","29201262","24279030","4588810","6.36",,
"2025-07-31","EQIX","Equinix, Inc. Common Stock REI","NNM","1984886","1910976","582788","3.41",,
"2025-07-31","FCX","Freeport-McMoran Inc.","NYSE","32318086","24458977","20744844","1.56",,
"2025-07-31","FDX","FedEx Corporation","NYSE","3690058","3564191","1979227","1.86",,
"2025-07-31","FTNT","Fortinet, Inc. Common Stock","NNM","17528313","18546224","3234700","5.42",,
"2025-07-31","GD","General Dynamics Corporation","NYSE","2030163","2301810","1450489","1.40",,
"2025-07-31","GE","GE Aerospace","NYSE","12660450","15611692","6633342","1.91",,
"2025-07-31","GEV","GE Vernova Inc.","NYSE","6800992","6428914","3248342","2.09",,
"2025-07-31","GILD","Gilead Sciences, Inc. Common S","NNM","19990775","22539960","5369876","3.72",,
"2025-07-31","GLW","Corning Incorporated","NYSE","11969139","12707145","6136665","1.95",,
"2025-07-31","GM","General Motors Company","NYSE","16896165","18568899","12374175","1.37",,
"2025-07-31","GOOG","Alphabet Inc. Class C Capital","NNM","34145448","33794587","27431321","1.24",,
"2025-07-31","GOOGL","Alphabet Inc. Class A Common S","NNM","57377636","58227546","43485807","1.32",,
"2025-07-31","GS","Goldman Sachs Group Inc.","NYSE","5980943","6118065","2106483","2.84",,
"2025-07-31","GWW","W.W. Grainger, Inc.","NYSE","973450","1208997","349506","2.79",,
"2025-07-31","HCA","HCA Healthcare, Inc.","NYSE","4061766","3888909","1900984","2.14",,
"2025-07-31","HD","Home Depot, Inc.","NYSE","10739849","10708602","3257862","3.30",,
"2025-07-31","HLT","Hilton Worldwide Holdings Inc.","NYSE","7809903","8556502","2142848","3.64",,
"2025-07-31","HON","Honeywell International Inc. C","NNM","7042727","6643728","4348954","1.62",,
"2025-07-31","HOOD","Robinhood Markets, Inc. Class","NNM","29290191","33029140","42639403","1.00",,
"2025-07-31","HPE","Hewlett Packard Enterprise Com","NYSE","50797565","51192026","14993407","3.39",,
"2025-07-31","HWM","Howmet Aerospace Inc.","NYSE","12739044","13637096","3019095","4.22",,
"2025-07-31","IBKR","Interactive Brokers Group, Inc","NNM","9609625","9578896","6319316","1.52",,
"2025-07-31","IBM","International Business Machine","NYSE","15617770","18084576","6440468","2.42",,
"2025-07-31","ICE","Intercontinental Exchange  Inc","NYSE","6349935","6017220","2543368","2.50",,
"2025-07-31","INTC","Intel Corporation Common Stock","NNM","120279305","121707181","88729638","1.36",,
"2025-07-31","INTU","Intuit Inc. Common Stock","NNM","4684100","4608637","1488866","3.15",,
"2025-07-31","ISRG","Intuitive Surgical, Inc. Commo","NNM","4296723","3873887","2280898","1.88",,
"2025-07-31","ITW","Illinois Tool Works Inc.","NYSE","6087499","6118884","1100910","5.53",,
"2025-07-31","JNJ","Johnson & Johnson","NYSE","17142363","18272250","9764890","1.76",,
"2025-07-31","JPM","JPMorgan Chase & Co.","NYSE","22697535","23276116","8467754","2.68",,
"2025-07-31","KKR","KKR & Co. Inc.","NYSE","10150225","10734992","3486955","2.91",,
"2025-07-31","KLAC","KLA Corporation Common Stock","NNM","3244666","3127974","1081434","3.00",,
"2025-07-31","KMI","Kinder Morgan, Inc.","NYSE","39450255","37364365","17604479","2.24",,
"2025-07-31","KO","Coca-Cola Company","NYSE","35369678","33429245","16031038","2.21",,
"2025-07-31","LIN","Linde plc Ordinary Shares","NNM","4897473","5138435","1523259","3.22",,
"2025-07-31","LLY","Eli Lilly & Co.","NYSE","7172654","7643653","3713304","1.93",,
"2025-07-31","LMT","Lockheed Martin Corp.","NYSE","3166167","2828242","2746486","1.15",,
"2025-07-31","LOW","Lowe's Companies Inc.","NYSE","8082469","7635221","2559911","3.16",,
"2025-07-31","LRCX","Lam Research Corporation Commo","NNM","28832070","30176318","11548981","2.50",,
"2025-07-31","MA","Mastercard Incorporated","NYSE","5160612","5151936","2482405","2.08",,
"2025-07-31","MAR","Marriott International Class A","NNM","6620185","5873313","1391413","4.76",,
"2025-07-31","MCD","McDonald's Corporation","NYSE","7917973","8833050","3174075","2.49",,
"2025-07-31","MCK","McKesson Corporation","NYSE","1876965","1868735","593260","3.16",,
"2025-07-31","MCO","Moody's Corporation","NYSE","1636047","2013142","983269","1.66",,
"2025-07-31","MDLZ","Mondelez International, Inc. C","NNM","22841211","23895445","8540975","2.67",,
"2025-07-31","MDT","Medtronic plc","NYSE","11596349","13065415","6217953","1.86",,
"2025-07-31","META","Meta Platforms, Inc. Class A C","NNM","25056459","25609977","14215180","1.76",,
"2025-07-31","MMM","3M Company","NYSE","9225239","9931711","4875633","1.89",,
"2025-07-31","MNST","Monster Beverage Corporation","NNM","18396123","20817735","4725886","3.89",,
"2025-07-31","MO","Altria Group, Inc.","NYSE","33268054","33559011","9389309","3.54",,
"2025-07-31","MPC","MARATHON PETROLEUM CORPORATION","NYSE","7414136","9780237","1720285","4.31",,
"2025-07-31","MPWR","Monolithic Power Systems, Inc.","NNM","2401819","2434201","548037","4.38",,
"2025-07-31","MRK","Merck & Co., Inc.","NYSE","25879122","28773023","13142729","1.97",,
"2025-07-31","MRVL","Marvell Technology, Inc. Commo","NNM","30026292","29781187","17976833","1.67",,
"2025-07-31","MS","Morgan Stanley","NYSE","14600737","14935199","5711067","2.56",,
"2025-07-31","MSFT","Microsoft Corporation Common S","NNM","52644614","53792695","20009152","2.63",,
"2025-07-31","MSI","Motorola Solutions, Inc. New","NYSE","2297323","2289190","820214","2.80",,
"2025-07-31","MU","Micron Technology, Inc. Common","NNM","30787845","33170922","21849761","1.41",,
"2025-07-31","NEE","Nextra Energy, Inc.","NYSE","35752746","35848052","9453461","3.78",,
"2025-07-31","NEM","Newmont Corporation","NYSE","19358015","18949861","13411668","1.44",,
"2025-07-31","NET","Cloudflare, Inc. Class A commo","NYSE","9614183","9092014","3546333","2.71",,
"2025-07-31","NFLX","Netflix, Inc. Common Stock","NNM","6394148","6195865","4530046","1.41",,
"2025-07-31","NKE","Nike, Inc.","NYSE","44451055","44488550","12627001","3.52",,
"2025-07-31","NOC","Northrop Grumman Corp.","NYSE","2375991","2667592","911957","2.61",,
"2025-07-31","NOW","SERVICENOW, INC.","NYSE","2950746","3211552","1638946","1.80",,
"2025-07-31","NSC","Norfolk Southern Corp.","NYSE","2738850","2673791","4059708","1.00",,
"2025-07-31","NVDA","NVIDIA Corporation Common Stoc","NNM","192121364","201664565","156238095","1.23",,
"2025-07-31","O","Realty Income Corporation","NYSE","34570445","31852453","4568653","7.57",,
"2025-07-31","ORCL","Oracle Corp","NYSE","20691587","20684639","10036792","2.06",,
"2025-07-31","ORLY","O'Reilly Automotive, Inc. Comm","NNM","11602546","14403550","4983098","2.33",,
"2025-07-31","PANW","Palo Alto Networks, Inc. Commo","NNM","34382799","26658314","9795035","3.51",,
"2025-07-31","PCAR","PACCAR Inc. Common Stock","NNM","13159469","13074398","4209132","3.13",,
"2025-07-31","PEP","PepsiCo, Inc. Common Stock","NNM","22083299","21841524","10717832","2.06",,
"2025-07-31","PFE","Pfizer Inc.","NYSE","107778211","99269883","40089991","2.69",,
"2025-07-31","PG","Procter & Gamble Company","NYSE","16835373","14717987","7970286","2.11",,
"2025-07-31","PGR","Progressive Corporation","NYSE","7027894","6258168","3762332","1.87",,
"2025-07-31","PH","Parker-Hannifin Corporation","NYSE","1528588","1889104","534698","2.86",,
"2025-07-31","PLD","PROLOGIS, INC.","NYSE","11194508","10734493","4958016","2.26",,
"2025-07-31","PLTR","Palantir Technologies Inc. Cla","NNM","54757082","53728604","49439624","1.11",,
"2025-07-31","PM","Philip Morris International In","NYSE","11584149","11596719","8341973","1.39",,
"2025-07-31","PNC","PNC Financial Services Group","NYSE","6216606","6312326","2107799","2.95",,
"2025-07-31","PSX","PHILLIPS 66","NYSE","7952099","8552956","2974776","2.67",,
"2025-07-31","PWR","Quanta Services, Inc.","NYSE","3768724","5055089","1376277","2.74",,
"2025-07-31","QCOM","QUALCOMM Incorporated Common S","NNM","23413021","23552371","9175251","2.55",,
"2025-07-31","RCL","Royal Caribbean Group","NYSE","10744627","12260904","2342786","4.59",,
"2025-07-31","REGN","Regeneron Pharmaceuticals, Inc","NNM","2291886","2074491","920278","2.49",,
"2025-07-31","ROST","Ross Stores, Inc. Common Stock","NNM","5425204","6119090","2404274","2.26",,
"2025-07-31","RSG","Republic Services Inc.","NYSE","2409270","2488617","1472301","1.64",,
"2025-07-31","RTX","RTX Corporation","NYSE","14206486","11448729","5572953","2.55",,
"2025-07-31","SBUX","Starbucks Corporation Common S","NNM","44801419","45577377","12932402","3.46",,
"2025-07-31","SCCO","Southern Copper Corporation","NYSE","8430815","8124491","1712527","4.92",,
"2025-07-31","SCHW","The Charles Schwab Corporation","NYSE","19942652","19111224","10459963","1.91",,
"2025-07-31","SHW","The Sherwin-Williams Company","NYSE","3300493","4356992","2001702","1.65",,
"2025-07-31","SNDK","Sandisk Corporation Common Sto","NNM","7312763","7366034","1647706","4.44",,
"2025-07-31","SNOW","Snowflake Inc.","NYSE","11154259","10473826","3068904","3.63",,
"2025-07-31","SNPS","Synopsys, Inc. Common Stock","NNM","3983216","6535892","2797593","1.42",,
"2025-07-31","SO","The Southern Company","NYSE","31173450","30511125","5233278","5.96",,
"2025-07-31","SPCX","The SPAC and New Issue ETF","NNM","6435","6550","812","7.92",,
"2025-07-31","SPG","Simon Property Group, Inc.","NYSE","4546140","4272756","1283015","3.54",,
"2025-07-31","SPGI","S&P Global Inc.","NYSE","2971901","2940271","1153027","2.58",,
"2025-07-31","SYK","Stryker Corporation","NYSE","4906611","4772030","1254363","3.91",,
"2025-07-31","T","AT&T Inc.","NYSE","93449339","80732763","34992803","2.67",,
"2025-07-31","TDG","TransDigm Group Incorporated","NYSE","1123665","1233132","192210","5.85",,
"2025-07-31","TFC","Truist Financial Corporation","NYSE","28910017","27524729","8437257","3.43",,
"2025-07-31","TGT","Target Corporation","NYSE","15480891","17213463","4917655","3.15",,
"2025-07-31","TJX","TJX Companies, Inc. (The)","NYSE","11452325","12371200","4682525","2.45",,
"2025-07-31","TMO","Thermo Fisher Scientific, Inc.","NYSE","3709322","3830421","3854983","1.00",,
"2025-07-31","TMUS","T-Mobile US, Inc. Common Stock","NNM","12066428","13747570","4681433","2.58",,
"2025-07-31","TRV","The Travelers Companies, Inc.","NYSE","3580402","3285443","1481951","2.42",,
"2025-07-31","TSLA","Tesla, Inc. Common Stock","NNM","71986527","69962139","98402157","1.00",,
"2025-07-31","TXN","Texas Instruments Incorporated","NNM","16186135","16989892","9521491","1.70",,
"2025-07-31","UBER","Uber Technologies, Inc.","NYSE","42815380","44153849","16564312","2.58",,
"2025-07-31","UNH","UNITEDHEALTH GROUP INCORPORATE","NYSE","15232784","12707260","18837742","1.00",,
"2025-07-31","UNP","Union Pacific Corp.","NYSE","9093475","5880348","6801708","1.34",,
"2025-07-31","UPS","United Parcel Service, Inc. Cl","NYSE","18149337","15402735","8912819","2.04",,
"2025-07-31","URI","United Rentals, Inc.","NYSE","2048764","2261984","753455","2.72",,
"2025-07-31","USB","U.S. Bancorp","NYSE","21328115","20290403","12509216","1.70",,
"2025-07-31","V","VISA Inc.","NYSE","28079759","27299727","5944461","4.72",,
"2025-07-31","VLO","Valero Energy Corporation","NYSE","12654273","12230939","3363307","3.76",,
"2025-07-31","VRT","Vertiv Holdings Co Class A Com","NYSE","10133143","9622986","8771520","1.16",,
"2025-07-31","VRTX","Vertex Pharmaceuticals Incorpo","NNM","4362540","4188160","1119318","3.90",,
"2025-07-31","VZ","Verizon Communications","NYSE","81832201","83986796","21592592","3.79",,
"2025-07-31","WBD","Warner Bros. Discovery, Inc. S","NNM","100107629","111741371","89342140","1.12",,
"2025-07-31","WDC","Western Digital Corporation Co","NNM","32892936","33013561","8147828","4.04",,
"2025-07-31","WELL","Welltower Inc.","NYSE","10244889","10039594","2209358","4.64",,
"2025-07-31","WFC","Wells Fargo & Co.","NYSE","39675473","34390484","18047143","2.20",,
"2025-07-31","WM","Waste Management, Inc.","NYSE","3899314","4110721","1688466","2.31",,
"2025-07-31","WMB","Williams Companies Inc.","NYSE","14308607","14759654","6306934","2.27",,
"2025-07-31","WMT","Walmart Inc.","NYSE","37079076","33119904","12742907","2.91",,
"2025-07-31","XOM","Exxon Mobil Corporation","NYSE","36816076","37520693","15364052","2.40",,
"2022-01-31","AAPL","Apple Inc. Common Stock","NNM","91388112","90492581","120320268","1.00",,
"2022-01-31","ABBV","ABBVIE INC.","NYSE","16153434","14327652","9199324","1.76",,
"2022-01-31","ABNB","Airbnb, Inc. Class A Common St","NNM","15073663","12958161","6562601","2.30",,
"2022-01-31","ABT","Abbott Laboratories","NYSE","8988591","9009897","8805766","1.02",,
"2022-01-31","ADBE","Adobe Inc. Common Stock","NNM","5512470","5424922","4390449","1.26",,
"2022-01-31","ADI","Analog Devices, Inc. Common St","NNM","6487326","6582666","4672309","1.39",,
"2022-01-31","ADP","Automatic Data Processing, Inc","NNM","5091806","4554240","2757969","1.85",,
"2022-01-31","AEP","American Electric Power Compan","NNM","6984667","6286949","3612810","1.93",,
"2022-01-31","AFL","Aflac Inc.","NYSE","13801240","13973636","3900595","3.54",,
"2022-01-31","AJG","Arthur J. Gallagher & Co.","NYSE","1979836","1888058","1412993","1.40",,
"2022-01-31","ALL","The Allstate Corporation","NYSE","3893319","4279131","2584359","1.51",,
"2022-01-31","AMAT","Applied Materials, Inc. Common","NNM","11545372","11122408","12013740","1.00",,
"2022-01-31","AMD","Advanced Micro Devices, Inc. C","NNM","68305579","63839188","93076315","1.00",,
"2022-01-31","AMGN","Amgen Inc. Common Stock","NNM","11569838","11765849","3103203","3.73",,
"2022-01-31","AMT","American Tower Corporation","NYSE","3835649","3842399","2494326","1.54",,
"2022-01-31","AMZN","Amazon.com, Inc. Common Stock","NNM","3488043","3494045","4607306","1.00",,
"2022-01-31","ANET","Arista Networks","NYSE","2852292","3237128","2327294","1.23",,
"2022-01-31","AON","Aon plc Class A","NYSE","3050986","3523892","1337338","2.28",,
"2022-01-31","APD","Air Products & Chemicals, Inc.","NYSE","2606277","2283442","1111128","2.35",,
"2022-01-31","APH","Amphenol Corporation","NYSE","5216561","5054396","3480175","1.50",,
"2022-01-31","APO","Apollo Global Management, Inc.","NYSE","8899843","8739465","5094307","1.75",,
"2022-01-31","APP","Applovin Corporation Class A C","NNM","8250510","5613316","1801835","4.58",,
"2022-01-31","AVGO","Broadcom Inc. Common Stock","NNM","4459066","4611270","3655526","1.22",,
"2022-01-31","AXP","American Express Company","NYSE","10075841","9316644","5634504","1.79",,
"2022-01-31","BA","Boeing Company","NYSE","8884002","9131363","11926599","1.00",,
"2022-01-31","BAC","Bank of America Corporation","NYSE","59650449","75651261","65527332","1.00",,
"2022-01-31","BKNG","Booking Holdings Inc. Common S","NNM","663033","552938","421498","1.57",,
"2022-01-31","BLK","Blackrock, Inc.","NYSE","1792903","1426160","977001","1.84",,
"2022-01-31","BMY","Bristol-Myers Squibb Co.","NYSE","26123982","23709305","13521291","1.93",,
"2022-01-31","BNY","BlackRock New York Municipal I","NYSE","3268","15425","101618","1.00",,
"2022-01-31","BRKA","Berkshire Hathaway Inc.","NYSE","298","396","2288","1.00",,
"2022-01-31","BRKB","BERKSHIRE HATHAWAY Class B","NYSE","9333653","8830798","5944282","1.57",,
"2022-01-31","BSX","Boston Scientific Corp.","NYSE","18335210","15404548","11495292","1.60",,
"2022-01-31","BX","Blackstone Inc.","NYSE","6910430","8285772","6352418","1.09",,
"2022-01-31","C","Citigroup Inc.","NYSE","36315789","38772683","27409222","1.32",,
"2022-01-31","CAT","Caterpillar Inc.","NYSE","6071720","5300204","5153637","1.18",,
"2022-01-31","CDNS","Cadence Design Systems, Inc. C","NNM","2640028","2716876","1958094","1.35",,
"2022-01-31","CI","CIGNA Corporation","NYSE","3150886","4047926","1905335","1.65",,
"2022-01-31","CL","Colgate-Palmolive Company","NYSE","9901047","9684290","6547024","1.51",,
"2022-01-31","CMCSA","Comcast Corporation Class A Co","NNM","71130643","67045062","30951597","2.30",,
"2022-01-31","CME","CME Group Inc. Class A Common","NNM","4561986","3926398","2179503","2.09",,
"2022-01-31","CMI","Cummins Inc.","NYSE","3245966","2400071","1205117","2.69",,
"2022-01-31","COF","Capital One Financial","NYSE","3783253","4447076","3776566","1.00",,
"2022-01-31","COP","ConocoPhillips","NYSE","17074909","16478939","9265517","1.84",,
"2022-01-31","COST","Costco Wholesale Corporation C","NNM","4528934","4331117","2986811","1.52",,
"2022-01-31","CRM","salesforce.com, inc.","NYSE","11985405","12739437","8176344","1.47",,
"2022-01-31","CRWD","CrowdStrike Holdings, Inc. Cla","NNM","12570303","12120784","5079337","2.47",,
"2022-01-31","CSCO","Cisco Systems, Inc. Common Sto","NNM","43253410","39424338","26857547","1.61",,
"2022-01-31","CSX","CSX Corporation Common Stock","NNM","22230544","22718209","20573243","1.08",,
"2022-01-31","CTAS","Cintas Corporation Common Stoc","NNM","918722","1004594","688553","1.33",,
"2022-01-31","CVNA","Carvana Co.","NYSE","13478890","13661316","4713174","2.86",,
"2022-01-31","CVS","CVS HEALTH CORPORATION","NYSE","14393756","16970635","9325052","1.54",,
"2022-01-31","CVX","Chevron Corporation","NYSE","23222428","22629781","16805593","1.38",,
"2022-01-31","D","Dominion Energy, Inc Common St","NYSE","7077479","7314934","3633592","1.95",,
"2022-01-31","DASH","DoorDash, Inc.","NYSE","12685168","11074545","5123605","2.48",,
"2022-01-31","DDOG","Datadog, Inc. Class A Common S","NNM","15924068","14057381","4761338","3.34",,
"2022-01-31","DE","Deere & Company","NYSE","2562455","2099593","2149475","1.19",,
"2022-01-31","DELL","Dell Technologies Inc.","NYSE","8325677","8331462","4078937","2.04",,
"2022-01-31","DHR","Danaher Corporation","NYSE","4758231","4313818","4337574","1.10",,
"2022-01-31","DIS","The Walt Disney Company","NYSE","19784651","20079317","15999048","1.24",,
"2022-01-31","DLR","Digital Realty Trust, Inc.","NYSE","9311804","9643879","1710483","5.44",,
"2022-01-31","DUK","Duke Energy Corporation","NYSE","5513053","5572524","3409185","1.62",,
"2022-01-31","ECL","Ecolab, Inc.","NYSE","2165032","2534609","2169808","1.00",,
"2022-01-31","EMR","Emerson Electric Co.","NYSE","7048956","6905960","3187468","2.21",,
"2022-01-31","EOG","EOG Resources, Inc.","NYSE","6645734","6220468","5134863","1.29",,
"2022-01-31","EPD","Enterprise Products Partners L","NYSE","27264930","30694378","8575203","3.18",,
"2022-01-31","EQIX","Equinix, Inc. Common Stock REI","NNM","975088","1231692","512346","1.90",,
"2022-01-31","FCX","Freeport-McMoran Inc.","NYSE","29838209","36137330","24421806","1.22",,
"2022-01-31","FDX","FedEx Corporation","NYSE","3048911","4549695","2260358","1.35",,
"2022-01-31","FTNT","Fortinet, Inc. Common Stock","NNM","2790732","2702248","1684065","1.66",,
"2022-01-31","GD","General Dynamics Corporation","NYSE","2318896","1799367","1479062","1.57",,
"2022-01-31","GE","General Electric Company","NYSE","10494001","9929656","9057826","1.16",,
"2022-01-31","GILD","Gilead Sciences, Inc. Common S","NNM","24148317","21881841","10393908","2.32",,
"2022-01-31","GLW","Corning Incorporated","NYSE","14839430","12325483","7647500","1.94",,
"2022-01-31","GM","General Motors Company","NYSE","22609553","29267829","23282160","1.00",,
"2022-01-31","GOOG","Alphabet Inc. Class C Capital","NNM","1400466","1413374","1674418","1.00",,
"2022-01-31","GOOGL","Alphabet Inc. Class A Common S","NNM","2218071","2095620","2124857","1.04",,
"2022-01-31","GS","Goldman Sachs Group Inc.","NYSE","4886361","4217466","5395378","1.00",,
"2022-01-31","GWW","W.W. Grainger, Inc.","NYSE","933671","862781","338231","2.76",,
"2022-01-31","HCA","HCA Healthcare, Inc.","NYSE","2690982","3076830","2010684","1.34",,
"2022-01-31","HD","Home Depot, Inc.","NYSE","9925299","8447463","5758709","1.72",,
"2022-01-31","HLT","Hilton Worldwide Holdings Inc.","NYSE","4905757","7223947","3154337","1.56",,
"2022-01-31","HON","Honeywell International Inc. C","NNM","5445951","5561126","3599606","1.51",,
"2022-01-31","HOOD","Robinhood Markets, Inc. Class","NNM","50568815","38843364","31376484","1.61",,
"2022-01-31","HPE","Hewlett Packard Enterprise Com","NYSE","40068587","39449948","12612626","3.18",,
"2022-01-31","HWM","Howmet Aerospace Inc.","NYSE","6367514","10293868","3273577","1.95",,
"2022-01-31","IBKR","Interactive Brokers Group, Inc","NNM","2372240","2769524","1260107","1.88",,
"2022-01-31","IBM","International Business Machine","NYSE","25652892","24202500","7919579","3.24",,
"2022-01-31","ICE","Intercontinental Exchange  Inc","NYSE","6261789","4612706","3320745","1.89",,
"2022-01-31","INTC","Intel Corporation Common Stock","NNM","57183394","61792438","50806305","1.13",,
"2022-01-31","INTU","Intuit Inc. Common Stock","NNM","2224587","2409962","2231413","1.00",,
"2022-01-31","ISRG","Intuitive Surgical, Inc. Commo","NNM","3573921","3041393","3161151","1.13",,
"2022-01-31","ITW","Illinois Tool Works Inc.","NYSE","5667317","5241903","1209418","4.69",,
"2022-01-31","JNJ","Johnson & Johnson","NYSE","15268315","14406499","9534292","1.60",,
"2022-01-31","JPM","JPMorgan Chase & Co.","NYSE","16718922","17547325","20407003","1.00",,
"2022-01-31","KKR","KKR & Co. Inc.","NYSE","5923628","6059023","3173938","1.87",,
"2022-01-31","KLAC","KLA Corporation Common Stock","NNM","1966829","1982174","2138408","1.00",,
"2022-01-31","KMI","Kinder Morgan, Inc.","NYSE","34314687","29948672","20316963","1.69",,
"2022-01-31","KO","Coca-Cola Company","NYSE","29191720","36466587","21874816","1.33",,
"2022-01-31","LIN","Linde plc Ordinary Share","NYSE","2242123","2052987","2052748","1.09",,
"2022-01-31","LLY","Eli Lilly & Co.","NYSE","4727944","4378970","2882498","1.64",,
"2022-01-31","LMT","Lockheed Martin Corp.","NYSE","3422673","2852041","2763499","1.24",,
"2022-01-31","LOW","Lowe's Companies Inc.","NYSE","7183903","6864855","4491886","1.60",,
"2022-01-31","LRCX","Lam Research Corporation Commo","NNM","1876385","1722219","2158440","1.00",,
"2022-01-31","MA","Mastercard Incorporated","NYSE","6340640","6341166","6479277","1.00",,
"2022-01-31","MAR","Marriott International Class A","NNM","3740178","4817639","2550234","1.47",,
"2022-01-31","MCD","McDonald's Corporation","NYSE","6128518","5485829","3683302","1.66",,
"2022-01-31","MCK","McKesson Corporation","NYSE","1761289","2218263","1106428","1.59",,
"2022-01-31","MCO","Moody's Corporation","NYSE","2834710","2263463","957610","2.96",,
"2022-01-31","MDLZ","Mondelez International, Inc. C","NNM","10717911","10013428","11709907","1.00",,
"2022-01-31","MDT","Medtronic plc","NYSE","11590922","11968495","7701642","1.50",,
"2022-01-31","MMM","3M Company","NYSE","9859505","9028967","3894596","2.53",,
"2022-01-31","MNST","Monster Beverage Corporation","NNM","3598139","3455971","2696358","1.33",,
"2022-01-31","MO","Altria Group, Inc.","NYSE","15281350","12680417","9575669","1.60",,
"2022-01-31","MPC","MARATHON PETROLEUM CORPORATION","NYSE","18248364","17673422","8373808","2.18",,
"2022-01-31","MPWR","Monolithic Power Systems, Inc.","NNM","717788","948213","562441","1.28",,
"2022-01-31","MRK","Merck & Co., Inc.","NYSE","20091310","23489441","14761616","1.36",,
"2022-01-31","MRVL","Marvell Technology, Inc. Commo","NNM","17319696","17924065","14636720","1.18",,
"2022-01-31","MS","Morgan Stanley","NYSE","19084160","13033069","17603009","1.08",,
"2022-01-31","MSFT","Microsoft Corporation Common S","NNM","40179258","39031383","57933381","1.00",,
"2022-01-31","MSI","Motorola Solutions, Inc. New","NYSE","1191731","1242677","1117123","1.07",,
"2022-01-31","MU","Micron Technology, Inc. Common","NNM","21376754","21508707","23499532","1.00",,
"2022-01-31","NEE","Nextra Energy, Inc.","NYSE","18900276","17088141","17627927","1.07",,
"2022-01-31","NEM","Newmont Corporation","NYSE","10477693","8899500","8732012","1.20",,
"2022-01-31","NET","Cloudflare, Inc. Class A commo","NYSE","13465142","12589447","6534552","2.06",,
"2022-01-31","NFLX","Netflix, Inc. Common Stock","NNM","11088028","8447270","19659407","1.00",,
"2022-01-31","NKE","Nike, Inc.","NYSE","8133540","8847433","6953234","1.17",,
"2022-01-31","NOC","Northrop Grumman Corp.","NYSE","1372320","1589959","1038025","1.32",,
"2022-01-31","NOW","SERVICENOW, INC.","NYSE","4007096","3550592","3119304","1.28",,
"2022-01-31","NSC","Norfolk Southern Corp.","NYSE","3317575","3454544","1496650","2.22",,
"2022-01-31","NVDA","NVIDIA Corporation Common Stoc","NNM","24917746","25524396","60663910","1.00",,
"2022-01-31","O","Realty Income Corporation","NYSE","12495865","11991355","4214641","2.96",,
"2022-01-31","ORCL","Oracle Corp","NYSE","17071122","18973054","11277144","1.51",,
"2022-01-31","ORLY","O'Reilly Automotive, Inc. Comm","NNM","672167","618636","619188","1.09",,
"2022-01-31","PANW","Palo Alto Networks, Inc. Commo","NNM","6226642","6887275","1922893","3.24",,
"2022-01-31","PCAR","PACCAR Inc. Common Stock","NNM","3018977","3208599","2305319","1.31",,
"2022-01-31","PEP","PepsiCo, Inc. Common Stock","NNM","10340337","11102497","6594420","1.57",,
"2022-01-31","PFE","Pfizer Inc.","NYSE","69221304","64075070","38597261","1.79",,
"2022-01-31","PG","Procter & Gamble Company","NYSE","14098853","13398550","10923138","1.29",,
"2022-01-31","PGR","Progressive Corporation","NYSE","7716909","7946449","3500610","2.20",,
"2022-01-31","PH","Parker-Hannifin Corporation","NYSE","1206838","1029446","862940","1.40",,
"2022-01-31","PLD","PROLOGIS, INC.","NYSE","9015676","8634349","4049297","2.23",,
"2022-01-31","PLTR","Palantir Technologies Inc. Cla","NYSE","114121463","97411683","60164201","1.90",,
"2022-01-31","PM","Philip Morris International In","NYSE","8608512","9826716","6687180","1.29",,
"2022-01-31","PNC","PNC Financial Services Group","NYSE","4576495","5772947","2374149","1.93",,
"2022-01-31","PSX","PHILLIPS 66","NYSE","11520704","11749714","3876542","2.97",,
"2022-01-31","PWR","Quanta Services, Inc.","NYSE","2937716","2611923","1438956","2.04",,
"2022-01-31","QCOM","QUALCOMM Incorporated Common S","NNM","15817832","15872913","11241109","1.41",,
"2022-01-31","RCL","Royal Caribbean Group","NYSE","13557420","13641315","4317073","3.14",,
"2022-01-31","REGN","Regeneron Pharmaceuticals, Inc","NNM","1789932","1815041","890149","2.01",,
"2022-01-31","ROST","Ross Stores, Inc. Common Stock","NNM","3981035","3495770","3162569","1.26",,
"2022-01-31","RSG","Republic Services Inc.","NYSE","2198965","1841347","1401726","1.57",,
"2022-01-31","RTX","Raytheon Technologies Corporat","NYSE","10572574","12234109","7045281","1.50",,
"2022-01-31","SBUX","Starbucks Corporation Common S","NNM","10327071","10533973","12166919","1.00",,
"2022-01-31","SCCO","Southern Copper Corporation","NYSE","3423802","3901966","1249418","2.74",,
"2022-01-31","SCHW","The Charles Schwab Corporation","NYSE","17299075","19207328","11161918","1.55",,
"2022-01-31","SHW","The Sherwin-Williams Company","NYSE","3112395","2650717","2583380","1.20",,
"2022-01-31","SNOW","Snowflake Inc.","NYSE","6167517","4906584","4463165","1.38",,
"2022-01-31","SNPS","Synopsys, Inc. Common Stock","NNM","1692043","1232399","988931","1.71",,
"2022-01-31","SO","The Southern Company","NYSE","14425347","11372204","6801108","2.12",,
"2022-01-31","SPCX","The SPAC and New Issue ETF","NNM","178536","173672","23624","7.56",,
"2022-01-31","SPG","Simon Property Group, Inc.","NYSE","10064751","10446064","2439533","4.13",,
"2022-01-31","SPGI","S&P Global Inc.","NYSE","18201348","18274073","1762252","10.33",,
"2022-01-31","SYK","Stryker Corporation","NYSE","5326249","5065233","1800239","2.96",,
"2022-01-31","T","AT&T Inc.","NYSE","95363242","81082994","78421108","1.22",,
"2022-01-31","TDG","TransDigm Group Incorporated","NYSE","973622","935786","277552","3.51",,
"2022-01-31","TFC","Truist Financial Corporation","NYSE","13546164","12280093","7764416","1.74",,
"2022-01-31","TGT","Target Corporation","NYSE","8965464","8304564","4673096","1.92",,
"2022-01-31","TJX","TJX Companies, Inc. (The)","NYSE","7023872","8950281","7598172","1.00",,
"2022-01-31","TMO","Thermo Fisher Scientific, Inc.","NYSE","2414250","2717875","1910075","1.26",,
"2022-01-31","TMUS","T-Mobile US, Inc. Common Stock","NNM","15188917","13617110","5855063","2.59",,
"2022-01-31","TRV","The Travelers Companies, Inc.","NYSE","4473127","4297070","2073336","2.16",,
"2022-01-31","TSLA","Tesla, Inc. Common Stock","NNM","24057278","22461226","34699686","1.00",,
"2022-01-31","TXN","Texas Instruments Incorporated","NNM","14734621","18859966","8359280","1.76",,
"2022-01-31","UBER","Uber Technologies, Inc.","NYSE","72122180","72439908","32135853","2.24",,
"2022-01-31","UNH","UNITEDHEALTH GROUP INCORPORATE","NYSE","5352750","5332156","3849331","1.39",,
"2022-01-31","UNP","Union Pacific Corp.","NYSE","7970288","8017885","4102962","1.94",,
"2022-01-31","UPS","United Parcel Service, Inc. Cl","NYSE","7005676","7440642","2993788","2.34",,
"2022-01-31","URI","United Rentals, Inc.","NYSE","2424040","2201439","1042689","2.32",,
"2022-01-31","USB","U.S. Bancorp","NYSE","12569025","12368299","10293563","1.22",,
"2022-01-31","V","VISA Inc.","NYSE","24716306","24468458","13306267","1.86",,
"2022-01-31","VLO","Valero Energy Corporation","NYSE","12736194","12086008","4544112","2.80",,
"2022-01-31","VRT","Vertiv Holdings Co Class A Com","NYSE","8249234","6624135","2325300","3.55",,
"2022-01-31","VRTX","Vertex Pharmaceuticals Incorpo","NNM","3002407","3035549","2272878","1.32",,
"2022-01-31","VZ","Verizon Communications","NYSE","60214773","54430896","28567386","2.11",,
"2022-01-31","WDC","Western Digital Corporation Co","NNM","5935669","6941750","6695317","1.00",,
"2022-01-31","WELL","Welltower Inc.","NYSE","11486085","11313301","2926828","3.92",,
"2022-01-31","WFC","Wells Fargo & Co.","NYSE","36331081","47578771","37549781","1.00",,
"2022-01-31","WM","Waste Management, Inc.","NYSE","4897529","5508387","2667045","1.84",,
"2022-01-31","WMB","Williams Companies Inc.","NYSE","25482689","25323354","11589599","2.20",,
"2022-01-31","WMT","Walmart Inc.","NYSE","12738380","14201711","8372988","1.52",,
"2022-01-31","XOM","Exxon Mobil Corporation","NYSE","45709427","43236139","33315223","1.37",,
"2022-11-30","AAPL","Apple Inc. Common Stock","NNM","125719918","114431895","68776114","1.83",,
"2022-11-30","ABBV","ABBVIE INC.","NYSE","13661840","12907317","5478038","2.49",,
"2022-11-30","ABNB","Airbnb, Inc. Class A Common St","NNM","19114911","16760488","4942898","3.87",,
"2022-11-30","ABT","Abbott Laboratories","NYSE","15744197","15649357","4811656","3.27",,
"2022-11-30","ADBE","Adobe Inc. Common Stock","NNM","3753959","4591048","2703886","1.39",,
"2022-11-30","ADI","Analog Devices, Inc. Common St","NNM","6351640","8279300","4001466","1.59",,
"2022-11-30","ADP","Automatic Data Processing, Inc","NNM","6297628","6504822","1549446","4.06",,
"2022-11-30","AEP","American Electric Power Compan","NNM","6733447","6611705","3204652","2.10",,
"2022-11-30","AFL","Aflac Inc.","NYSE","9348631","9320706","2760424","3.39",,
"2022-11-30","AJG","Arthur J. Gallagher & Co.","NYSE","1415348","2088643","924974","1.53",,
"2022-11-30","ALL","The Allstate Corporation","NYSE","3904621","3563029","1411766","2.77",,
"2022-11-30","AMAT","Applied Materials, Inc. Common","NNM","13732799","17072568","7934914","1.73",,
"2022-11-30","AMD","Advanced Micro Devices, Inc. C","NNM","30653701","38796438","63554456","1.00",,
"2022-11-30","AMGN","Amgen Inc. Common Stock","NNM","9932850","10427893","2759624","3.60",,
"2022-11-30","AMT","American Tower Corporation","NYSE","3611667","3698096","1903265","1.90",,
"2022-11-30","AMZN","Amazon.com, Inc. Common Stock","NNM","67678658","81177291","72675068","1.00",,
"2022-11-30","ANET","Arista Networks","NYSE","3210681","3236567","1571683","2.04",,
"2022-11-30","AON","Aon plc Class A","NYSE","1778830","1638914","734072","2.42",,
"2022-11-30","APD","Air Products & Chemicals, Inc.","NYSE","2833517","2645909","1024304","2.77",,
"2022-11-30","APH","Amphenol Corporation","NYSE","5242787","5620250","1943922","2.70",,
"2022-11-30","APO","Apollo Global Management, Inc.","NYSE","8560041","9408909","2124681","4.03",,
"2022-11-30","APP","Applovin Corporation Class A C","NNM","19098092","17821023","3002463","6.36",,
"2022-11-30","AVGO","Broadcom Inc. Common Stock","NNM","4871579","5897222","2014250","2.42",,
"2022-11-30","AXP","American Express Company","NYSE","6057592","6914187","2258892","2.68",,
"2022-11-30","BA","Boeing Company","NYSE","8738707","10433989","4610203","1.90",,
"2022-11-30","BAC","Bank of America Corporation","NYSE","48460851","73606657","28027965","1.73",,
"2022-11-30","BKNG","Booking Holdings Inc. Common S","NNM","563113","574089","314482","1.79",,
"2022-11-30","BLK","Blackrock, Inc.","NYSE","3186847","3215519","820365","3.88",,
"2022-11-30","BMY","Bristol-Myers Squibb Co.","NYSE","25221503","24362467","8527823","2.96",,
"2022-11-30","BNY","BlackRock New York Municipal I","NYSE","14434","7222","108777","1.00",,
"2022-11-30","BRKA","Berkshire Hathaway Inc.","NYSE","659","810","3001","1.00",,
"2022-11-30","BRKB","BERKSHIRE HATHAWAY Class B","NYSE","5185763","6045906","3589813","1.44",,
"2022-11-30","BSX","Boston Scientific Corp.","NYSE","13193486","13165568","4690444","2.81",,
"2022-11-30","BX","Blackstone Inc.","NYSE","17636428","19514007","4260700","4.14",,
"2022-11-30","C","Citigroup Inc.","NYSE","27392706","29199317","15081952","1.82",,
"2022-11-30","CAT","Caterpillar Inc.","NYSE","8211211","7999147","2657089","3.09",,
"2022-11-30","CDNS","Cadence Design Systems, Inc. C","NNM","3384283","3512801","1236704","2.74",,
"2022-11-30","CEG","Constellation Energy Corporati","NNM","5123153","5345473","1697056","3.02",,
"2022-11-30","CI","CIGNA Corporation","NYSE","2934962","3082076","1977083","1.48",,
"2022-11-30","CL","Colgate-Palmolive Company","NYSE","7721565","8675641","3607392","2.14",,
"2022-11-30","CMCSA","Comcast Corporation Class A Co","NNM","71212688","74357068","21204824","3.36",,
"2022-11-30","CME","CME Group Inc. Class A Common","NNM","3698104","3700280","2256599","1.64",,
"2022-11-30","CMI","Cummins Inc.","NYSE","3342604","3291828","938289","3.56",,
"2022-11-30","COF","Capital One Financial","NYSE","6115143","5512053","2148153","2.85",,
"2022-11-30","COP","ConocoPhillips","NYSE","11281026","17183497","6008122","1.88",,
"2022-11-30","COST","Costco Wholesale Corporation C","NNM","4846457","4615392","1726090","2.81",,
"2022-11-30","CRM","Salesforce, Inc.","NYSE","9722804","9404711","7391012","1.32",,
"2022-11-30","CRWD","CrowdStrike Holdings, Inc. Cla","NNM","6610346","9606798","7443294","1.00",,
"2022-11-30","CSCO","Cisco Systems, Inc. Common Sto","NNM","38684395","38699272","20616950","1.88",,
"2022-11-30","CSX","CSX Corporation Common Stock","NNM","22165741","21429271","14244133","1.56",,
"2022-11-30","CTAS","Cintas Corporation Common Stoc","NNM","1142054","1263709","315438","3.62",,
"2022-11-30","CVNA","Carvana Co.","NYSE","43083337","41318257","15486896","2.78",,
"2022-11-30","CVS","CVS HEALTH CORPORATION","NYSE","13915688","13248308","5211090","2.67",,
"2022-11-30","CVX","Chevron Corporation","NYSE","21147255","18871228","7552348","2.80",,
"2022-11-30","D","Dominion Energy, Inc Common St","NYSE","6071640","6847830","4881352","1.24",,
"2022-11-30","DASH","DoorDash, Inc.","NYSE","19429096","21057431","4232221","4.59",,
"2022-11-30","DDOG","Datadog, Inc. Class A Common S","NNM","11947634","10468200","3841906","3.11",,
"2022-11-30","DE","Deere & Company","NYSE","3132240","3311368","1973397","1.59",,
"2022-11-30","DELL","Dell Technologies Inc.","NYSE","10438387","7753057","4912578","2.12",,
"2022-11-30","DHR","Danaher Corporation","NYSE","3561956","3608445","2312921","1.54",,
"2022-11-30","DIS","The Walt Disney Company","NYSE","18020502","20233137","19389264","1.00",,
"2022-11-30","DLR","Digital Realty Trust, Inc.","NYSE","8645570","8591989","1577675","5.48",,
"2022-11-30","DUK","Duke Energy Corporation","NYSE","7111240","8158961","3019560","2.36",,
"2022-11-30","ECL","Ecolab, Inc.","NYSE","1936534","2385235","1560182","1.24",,
"2022-11-30","ELV","Elevance Health, Inc.","NYSE","1952511","1937192","1305618","1.50",,
"2022-11-30","EMR","Emerson Electric Co.","NYSE","5683906","5995647","3111099","1.83",,
"2022-11-30","EOG","EOG Resources, Inc.","NYSE","6342734","7375334","3288555","1.93",,
"2022-11-30","EPD","Enterprise Products Partners L","NYSE","22934703","23699270","5820451","3.94",,
"2022-11-30","EQIX","Equinix, Inc. Common Stock REI","NNM","1743148","1504385","419756","4.15",,
"2022-11-30","FCX","Freeport-McMoran Inc.","NYSE","24404313","26207358","11417184","2.14",,
"2022-11-30","FDX","FedEx Corporation","NYSE","5220551","5565137","2025655","2.58",,
"2022-11-30","FTNT","Fortinet, Inc. Common Stock","NNM","11662579","10362280","5075441","2.30",,
"2022-11-30","GD","General Dynamics Corporation","NYSE","2140398","2246588","840260","2.55",,
"2022-11-30","GE","General Electric Company","NYSE","12360211","12362257","4257912","2.90",,
"2022-11-30","GILD","Gilead Sciences, Inc. Common S","NNM","17564336","20726261","7160167","2.45",,
"2022-11-30","GLW","Corning Incorporated","NYSE","11007543","10445012","3850102","2.86",,
"2022-11-30","GM","General Motors Company","NYSE","18690575","25944717","14006337","1.33",,
"2022-11-30","GOOG","Alphabet Inc. Class C Capital","NNM","30054717","33662766","21482227","1.40",,
"2022-11-30","GOOGL","Alphabet Inc. Class A Common S","NNM","48883523","53117948","24663203","1.98",,
"2022-11-30","GS","Goldman Sachs Group Inc.","NYSE","6300681","7100483","2082402","3.03",,
"2022-11-30","GWW","W.W. Grainger, Inc.","NYSE","1156641","1263472","239523","4.83",,
"2022-11-30","HCA","HCA Healthcare, Inc.","NYSE","3427816","3199447","1298543","2.64",,
"2022-11-30","HD","Home Depot, Inc.","NYSE","12038413","9863619","5356036","2.25",,
"2022-11-30","HLT","Hilton Worldwide Holdings Inc.","NYSE","4514575","4938989","1435372","3.15",,
"2022-11-30","HON","Honeywell International Inc. C","NNM","6052439","6534952","2605664","2.32",,
"2022-11-30","HOOD","Robinhood Markets, Inc. Class","NNM","40713837","41726762","8136537","5.00",,
"2022-11-30","HPE","Hewlett Packard Enterprise Com","NYSE","25151268","23515568","15549997","1.62",,
"2022-11-30","HWM","Howmet Aerospace Inc.","NYSE","5425884","6544690","2356284","2.30",,
"2022-11-30","IBKR","Interactive Brokers Group, Inc","NNM","1959551","2010501","866373","2.26",,
"2022-11-30","IBM","International Business Machine","NYSE","29924653","30466418","4100510","7.30",,
"2022-11-30","ICE","Intercontinental Exchange  Inc","NYSE","4171828","3978069","1906457","2.19",,
"2022-11-30","INTC","Intel Corporation Common Stock","NNM","67221371","68755874","31391595","2.14",,
"2022-11-30","INTU","Intuit Inc. Common Stock","NNM","1852411","2106162","1954593","1.00",,
"2022-11-30","ISRG","Intuitive Surgical, Inc. Commo","NNM","4867778","6263392","1685988","2.89",,
"2022-11-30","ITW","Illinois Tool Works Inc.","NYSE","5963896","6280463","1047926","5.69",,
"2022-11-30","JNJ","Johnson & Johnson","NYSE","12871010","12663666","6155691","2.09",,
"2022-11-30","JPM","JPMorgan Chase & Co.","NYSE","20973162","24333614","8630346","2.43",,
"2022-11-30","KKR","KKR & Co. Inc.","NYSE","13205005","19070692","2291905","5.76",,
"2022-11-30","KLAC","KLA Corporation Common Stock","NNM","3072584","3523413","1393095","2.21",,
"2022-11-30","KMI","Kinder Morgan, Inc.","NYSE","39461753","39269716","16173590","2.44",,
"2022-11-30","KO","Coca-Cola Company","NYSE","30224002","31716908","13138181","2.30",,
"2022-11-30","LIN","Linde plc Ordinary Share","NYSE","2920392","3459216","1557036","1.88",,
"2022-11-30","LLY","Eli Lilly & Co.","NYSE","6605963","5611848","2665378","2.48",,
"2022-11-30","LMT","Lockheed Martin Corp.","NYSE","3207778","3528893","1170906","2.74",,
"2022-11-30","LOW","Lowe's Companies Inc.","NYSE","13511844","11467157","3222272","4.19",,
"2022-11-30","LRCX","Lam Research Corporation Commo","NNM","2514837","3513929","1398456","1.80",,
"2022-11-30","MA","Mastercard Incorporated","NYSE","4685944","4666018","2288297","2.05",,
"2022-11-30","MAR","Marriott International Class A","NNM","4946445","4644248","1695869","2.92",,
"2022-11-30","MCD","McDonald's Corporation","NYSE","6032460","6525770","3038740","1.99",,
"2022-11-30","MCK","McKesson Corporation","NYSE","2349766","2487442","989883","2.37",,
"2022-11-30","MCO","Moody's Corporation","NYSE","3435200","3657151","676707","5.08",,
"2022-11-30","MDLZ","Mondelez International, Inc. C","NNM","10799182","12447873","4575173","2.36",,
"2022-11-30","MDT","Medtronic plc","NYSE","9152020","9590646","9626392","1.00",,
"2022-11-30","META","Meta Platforms, Inc. Class A C","NNM","34602597","41523267","27982931","1.24",,
"2022-11-30","MMM","3M Company","NYSE","13054280","13765627","2624526","4.97",,
"2022-11-30","MNST","Monster Beverage Corporation","NNM","4784195","4329724","2338696","2.05",,
"2022-11-30","MO","Altria Group, Inc.","NYSE","16576844","14899941","7397695","2.24",,
"2022-11-30","MPC","MARATHON PETROLEUM CORPORATION","NYSE","15234801","12815165","3860038","3.95",,
"2022-11-30","MPWR","Monolithic Power Systems, Inc.","NNM","2876903","2740033","472704","6.09",,
"2022-11-30","MRK","Merck & Co., Inc.","NYSE","19633252","19467627","9417835","2.08",,
"2022-11-30","MRVL","Marvell Technology, Inc. Commo","NNM","16069378","18569903","9606021","1.67",,
"2022-11-30","MS","Morgan Stanley","NYSE","15338082","17700023","5264557","2.91",,
"2022-11-30","MSFT","Microsoft Corporation Common S","NNM","40445360","34590231","23953571","1.69",,
"2022-11-30","MSI","Motorola Solutions, Inc. New","NYSE","1164249","1309705","683257","1.70",,
"2022-11-30","MU","Micron Technology, Inc. Common","NNM","29868154","32724559","14150904","2.11",,
"2022-11-30","NEE","Nextra Energy, Inc.","NYSE","17908185","18273563","6362756","2.81",,
"2022-11-30","NEM","Newmont Corporation","NYSE","11147287","14798569","6612939","1.69",,
"2022-11-30","NET","Cloudflare, Inc. Class A commo","NYSE","15545513","14487519","4599810","3.38",,
"2022-11-30","NFLX","Netflix, Inc. Common Stock","NNM","10477203","10887930","7514389","1.39",,
"2022-11-30","NKE","Nike, Inc.","NYSE","16188464","16075136","6585811","2.46",,
"2022-11-30","NOC","Northrop Grumman Corp.","NYSE","1787541","1877676","684946","2.61",,
"2022-11-30","NOW","SERVICENOW, INC.","NYSE","3203360","3121855","1220698","2.62",,
"2022-11-30","NSC","Norfolk Southern Corp.","NYSE","2548173","2786120","1020325","2.50",,
"2022-11-30","NVDA","NVIDIA Corporation Common Stoc","NNM","34939996","35679525","44873331","1.00",,
"2022-11-30","O","Realty Income Corporation","NYSE","19904078","29340935","4065090","4.90",,
"2022-11-30","ORCL","Oracle Corp","NYSE","15313765","16921721","6062247","2.53",,
"2022-11-30","ORLY","O'Reilly Automotive, Inc. Comm","NNM","970379","978097","416640","2.33",,
"2022-11-30","PANW","Palo Alto Networks, Inc. Commo","NNM","21007255","20573923","5443724","3.86",,
"2022-11-30","PCAR","PACCAR Inc. Common Stock","NNM","3646380","4077818","1979538","1.84",,
"2022-11-30","PEP","PepsiCo, Inc. Common Stock","NNM","10789838","10092831","4565109","2.36",,
"2022-11-30","PFE","Pfizer Inc.","NYSE","62827686","70044794","17173005","3.66",,
"2022-11-30","PG","Procter & Gamble Company","NYSE","13454694","14378327","6017131","2.24",,
"2022-11-30","PGR","Progressive Corporation","NYSE","3109949","3521983","2334446","1.33",,
"2022-11-30","PH","Parker-Hannifin Corporation","NYSE","1188094","1446589","872178","1.36",,
"2022-11-30","PLD","PROLOGIS, INC.","NYSE","11588651","13016799","3384450","3.42",,
"2022-11-30","PLTR","Palantir Technologies Inc. Cla","NYSE","127461104","121489083","26273198","4.85",,
"2022-11-30","PM","Philip Morris International In","NYSE","9030245","10516967","3223168","2.80",,
"2022-11-30","PNC","PNC Financial Services Group","NYSE","5376829","5333866","1647767","3.26",,
"2022-11-30","PSX","PHILLIPS 66","NYSE","12513308","10788460","3121997","4.01",,
"2022-11-30","PWR","Quanta Services, Inc.","NYSE","4447569","4665934","798150","5.57",,
"2022-11-30","QCOM","QUALCOMM Incorporated Common S","NNM","12609885","15084687","7323160","1.72",,
"2022-11-30","RCL","Royal Caribbean Group","NYSE","21245501","23222483","3348132","6.35",,
"2022-11-30","REGN","Regeneron Pharmaceuticals, Inc","NNM","1551167","1759975","588984","2.63",,
"2022-11-30","ROST","Ross Stores, Inc. Common Stock","NNM","6011594","6135453","3986988","1.51",,
"2022-11-30","RSG","Republic Services Inc.","NYSE","1690356","1939759","1345235","1.26",,
"2022-11-30","RTX","Raytheon Technologies Corporat","NYSE","8401158","8347296","3570208","2.35",,
"2022-11-30","SBUX","Starbucks Corporation Common S","NNM","14021713","15131344","5922935","2.37",,
"2022-11-30","SCCO","Southern Copper Corporation","NYSE","6553491","7246910","1116009","5.87",,
"2022-11-30","SCHW","The Charles Schwab Corporation","NYSE","16032098","16052381","6155168","2.60",,
"2022-11-30","SHW","The Sherwin-Williams Company","NYSE","1719545","1685268","1479996","1.16",,
"2022-11-30","SNOW","Snowflake Inc.","NYSE","11487781","11399710","4507334","2.55",,
"2022-11-30","SNPS","Synopsys, Inc. Common Stock","NNM","1675801","1950713","657984","2.55",,
"2022-11-30","SO","The Southern Company","NYSE","9027809","8576041","4651958","1.94",,
"2022-11-30","SPCX","The SPAC and New Issue ETF","NNM","161352","160893","13086","12.33",,
"2022-11-30","SPG","Simon Property Group, Inc.","NYSE","7461549","6524633","1568387","4.76",,
"2022-11-30","SPGI","S&P Global Inc.","NYSE","4875741","4519918","2087062","2.34",,
"2022-11-30","SYK","Stryker Corporation","NYSE","4277419","3921823","1139938","3.75",,
"2022-11-30","T","AT&T Inc.","NYSE","87173466","94202700","31449492","2.77",,
"2022-11-30","TDG","TransDigm Group Incorporated","NYSE","1495956","1653273","245995","6.08",,
"2022-11-30","TFC","Truist Financial Corporation","NYSE","12904119","16150965","5340861","2.42",,
"2022-11-30","TGT","Target Corporation","NYSE","11911097","13307381","9559321","1.25",,
"2022-11-30","TJX","TJX Companies, Inc. (The)","NYSE","11981445","10962629","7334306","1.63",,
"2022-11-30","TMO","Thermo Fisher Scientific, Inc.","NYSE","2865598","2975064","1400055","2.05",,
"2022-11-30","TMUS","T-Mobile US, Inc. Common Stock","NNM","15056524","16963140","4512410","3.34",,
"2022-11-30","TRV","The Travelers Companies, Inc.","NYSE","3330704","3490601","1453598","2.29",,
"2022-11-30","TSLA","Tesla, Inc. Common Stock","NNM","77644542","78270643","82302107","1.00",,
"2022-11-30","TXN","Texas Instruments Incorporated","NNM","21611719","19541578","5144315","4.20",,
"2022-11-30","UBER","Uber Technologies, Inc.","NYSE","39547153","46378722","16390567","2.41",,
"2022-11-30","UNH","UNITEDHEALTH GROUP INCORPORATE","NYSE","4522222","4921234","3696180","1.22",,
"2022-11-30","UNP","Union Pacific Corp.","NYSE","5535466","5958439","2997023","1.85",,
"2022-11-30","UPS","United Parcel Service, Inc. Cl","NYSE","12647130","11480113","2827238","4.47",,
"2022-11-30","URI","United Rentals, Inc.","NYSE","3109338","3109344","661068","4.70",,
"2022-11-30","USB","U.S. Bancorp","NYSE","10902279","11595382","7388744","1.48",,
"2022-11-30","V","VISA Inc.","NYSE","37415733","39821649","7419966","5.04",,
"2022-11-30","VLO","Valero Energy Corporation","NYSE","10437658","8992910","3762033","2.77",,
"2022-11-30","VRT","Vertiv Holdings Co Class A Com","NYSE","11806112","8208261","2532867","4.66",,
"2022-11-30","VRTX","Vertex Pharmaceuticals Incorpo","NNM","2814627","3032365","1640867","1.72",,
"2022-11-30","VZ","Verizon Communications","NYSE","30525197","34011795","18339312","1.66",,
"2022-11-30","WBD","Warner Bros. Discovery, Inc. S","NNM","101606722","94565838","17556273","5.79",,
"2022-11-30","WDC","Western Digital Corporation Co","NNM","8667512","8502353","3528096","2.46",,
"2022-11-30","WELL","Welltower Inc.","NYSE","9689419","10190930","3080045","3.15",,
"2022-11-30","WFC","Wells Fargo & Co.","NYSE","29410179","30485946","12797526","2.30",,
"2022-11-30","WM","Waste Management, Inc.","NYSE","4010124","4295247","1736930","2.31",,
"2022-11-30","WMB","Williams Companies Inc.","NYSE","18349857","19525702","6458209","2.84",,
"2022-11-30","WMT","Walmart Inc.","NYSE","12820396","11807965","6766389","1.89",,
"2022-11-30","XOM","Exxon Mobil Corporation","NYSE","46241417","41236390","15944541","2.90",,
"2025-06-30","AAPL","Apple Inc. Common Stock","NNM","110101153","100226522","58315896","1.89",,
"2025-06-30","ABBV","ABBVIE INC.","NYSE","15951832","14700538","7985434","2.00",,
"2025-06-30","ABNB","Airbnb, Inc. Class A Common St","NNM","20100990","18653951","4625637","4.35",,
"2025-06-30","ABT","Abbott Laboratories","NYSE","19425728","20799869","7138972","2.72",,
"2025-06-30","ADBE","Adobe Inc. Common Stock","NNM","9936307","7489322","5124238","1.94",,
"2025-06-30","ADI","Analog Devices, Inc. Common St","NNM","8439936","7518788","3426776","2.46",,
"2025-06-30","ADP","Automatic Data Processing, Inc","NNM","4651222","4927366","2096328","2.22",,
"2025-06-30","AEP","American Electric Power Compan","NNM","21204081","20985768","2847613","7.45",,
"2025-06-30","AFL","Aflac Inc.","NYSE","8334416","9530823","3545680","2.35",,
"2025-06-30","AJG","Arthur J. Gallagher & Co.","NYSE","2836821","3258053","1815940","1.56",,
"2025-06-30","ALL","The Allstate Corporation","NYSE","4719125","4192604","2121401","2.22",,
"2025-06-30","AMAT","Applied Materials, Inc. Common","NNM","15435340","16586448","7917008","1.95",,
"2025-06-30","AMD","Advanced Micro Devices, Inc. C","NNM","48818299","41007282","69449339","1.00",,
"2025-06-30","AMGN","Amgen Inc. Common Stock","NNM","14747690","13271690","3416411","4.32",,
"2025-06-30","AMT","American Tower Corporation","NYSE","6472858","6480364","2253122","2.87",,
"2025-06-30","AMZN","Amazon.com, Inc. Common Stock","NNM","70664960","61836013","51517767","1.37",,
"2025-06-30","ANET","Arista Networks","NYSE","19774433","19726300","12082455","1.64",,
"2025-06-30","AON","Aon plc Class A","NYSE","5177046","4952075","1577088","3.28",,
"2025-06-30","APD","Air Products & Chemicals, Inc.","NYSE","5858559","4535015","1432648","4.09",,
"2025-06-30","APH","Amphenol Corporation","NYSE","15944056","17383587","11596039","1.37",,
"2025-06-30","APO","Apollo Global Management, Inc.","NYSE","27949640","27817846","3290601","8.49",,
"2025-06-30","APP","Applovin Corporation Class A C","NNM","10411683","10811281","6741451","1.54",,
"2025-06-30","AVGO","Broadcom Inc. Common Stock","NNM","56102370","43555386","25947845","2.16",,
"2025-06-30","AXP","American Express Company","NYSE","10403873","8301600","3396520","3.06",,
"2025-06-30","BA","Boeing Company","NYSE","14259833","15988319","8190159","1.74",,
"2025-06-30","BAC","Bank of America Corporation","NYSE","87611123","85992611","43027640","2.04",,
"2025-06-30","BKNG","Booking Holdings Inc. Common S","NNM","636403","646709","240593","2.65",,
"2025-06-30","BLK","Blackrock, Inc.","NYSE","1941265","1888696","663599","2.93",,
"2025-06-30","BMY","Bristol-Myers Squibb Co.","NYSE","39446776","33614196","17038846","2.32",,
"2025-06-30","BNY","BlackRock New York Municipal I","NYSE","36996","31367","43464","1.00",,
"2025-06-30","BRKA","Berkshire Hathaway Inc.","NYSE","187","284","394","1.00",,
"2025-06-30","BRKB","BERKSHIRE HATHAWAY Class B","NYSE","13597884","13695920","5064778","2.68",,
"2025-06-30","BSX","Boston Scientific Corp.","NYSE","19047389","17494239","7945648","2.40",,
"2025-06-30","BX","Blackstone Inc.","NYSE","12676750","12317454","3722436","3.41",,
"2025-06-30","C","Citigroup Inc.","NYSE","31684491","32211795","15280825","2.07",,
"2025-06-30","CAT","Caterpillar Inc.","NYSE","6298659","6120612","2973777","2.12",,
"2025-06-30","CDNS","Cadence Design Systems, Inc. C","NNM","3370996","3684321","1823465","1.85",,
"2025-06-30","CEG","Constellation Energy Corporati","NNM","6590161","7444800","2478546","2.66",,
"2025-06-30","CI","The Cigna Group","NYSE","2923086","2953657","2095668","1.39",,
"2025-06-30","CL","Colgate-Palmolive Company","NYSE","12074487","11817587","5930262","2.04",,
"2025-06-30","CMCSA","Comcast Corporation Class A Co","NNM","52626838","43267330","22909327","2.30",,
"2025-06-30","CME","CME Group Inc. Class A Common","NNM","5235546","5674828","3181372","1.65",,
"2025-06-30","CMI","Cummins Inc.","NYSE","1877694","1717460","788420","2.38",,
"2025-06-30","COF","Capital One Financial","NYSE","7829092","8572308","4041297","1.94",,
"2025-06-30","COP","ConocoPhillips","NYSE","13754630","16950034","9470750","1.45",,
"2025-06-30","COST","Costco Wholesale Corporation C","NNM","5679064","5131365","2125089","2.67",,
"2025-06-30","CRM","Salesforce, Inc.","NYSE","15446463","14138167","9883759","1.56",,
"2025-06-30","CRWD","CrowdStrike Holdings, Inc. Cla","NNM","8163444","8680786","3432092","2.38",,
"2025-06-30","CSCO","Cisco Systems, Inc. Common Sto","NNM","50144123","41424109","26480684","1.89",,
"2025-06-30","CSX","CSX Corporation Common Stock","NNM","25018612","29454662","14813884","1.69",,
"2025-06-30","CTAS","Cintas Corporation Common Stoc","NNM","5025668","4032653","1459546","3.44",,
"2025-06-30","CVNA","Carvana Co.","NYSE","12155621","10792344","4070603","2.99",,
"2025-06-30","CVS","CVS HEALTH CORPORATION","NYSE","16022739","18713654","7548670","2.12",,
"2025-06-30","CVX","Chevron Corporation","NYSE","60731702","62646786","10729775","5.66",,
"2025-06-30","D","Dominion Energy, Inc Common St","NYSE","30532768","25407424","7898149","3.87",,
"2025-06-30","DASH","DoorDash, Inc. Class A Common","NNM","14334639","16299436","5091158","2.82",,
"2025-06-30","DDOG","Datadog, Inc. Class A Common S","NNM","10435000","7653947","4446135","2.35",,
"2025-06-30","DE","Deere & Company","NYSE","5010070","3790120","1260065","3.98",,
"2025-06-30","DELL","Dell Technologies Inc.","NYSE","17409997","20414583","6272343","2.78",,
"2025-06-30","DHR","Danaher Corporation","NYSE","7904309","7748873","4284495","1.84",,
"2025-06-30","DIS","The Walt Disney Company","NYSE","20203395","19440467","10520076","1.92",,
"2025-06-30","DLR","Digital Realty Trust, Inc.","NYSE","7293873","7448043","2229682","3.27",,
"2025-06-30","DUK","Duke Energy Corporation","NYSE","12079575","11401892","3285547","3.68",,
"2025-06-30","ECL","Ecolab, Inc.","NYSE","2440742","2195524","1589822","1.54",,
"2025-06-30","ELV","Elevance Health, Inc.","NYSE","2539048","2503358","1568159","1.62",,
"2025-06-30","EMR","Emerson Electric Co.","NYSE","12182104","13361598","3064936","3.97",,
"2025-06-30","EOG","EOG Resources, Inc.","NYSE","19197640","17488890","4773375","4.02",,
"2025-06-30","EPD","Enterprise Products Partners L","NYSE","25580032","26007368","3835769","6.67",,
"2025-06-30","EQIX","Equinix, Inc. Common Stock REI","NNM","2031530","1792023","1212236","1.68",,
"2025-06-30","FCX","Freeport-McMoran Inc.","NYSE","19647287","23975006","11499802","1.71",,
"2025-06-30","FDX","FedEx Corporation","NYSE","3681149","3885939","3370756","1.09",,
"2025-06-30","FTNT","Fortinet, Inc. Common Stock","NNM","19790346","17638755","4206643","4.70",,
"2025-06-30","GD","General Dynamics Corporation","NYSE","2154987","2482538","1401217","1.54",,
"2025-06-30","GE","GE Aerospace","NYSE","15470920","12752850","8744337","1.77",,
"2025-06-30","GEV","GE Vernova Inc.","NYSE","6195361","6008326","3219070","1.92",,
"2025-06-30","GILD","Gilead Sciences, Inc. Common S","NNM","20991552","22993007","10217328","2.05",,
"2025-06-30","GLW","Corning Incorporated","NYSE","13264893","13073036","4238626","3.13",,
"2025-06-30","GM","General Motors Company","NYSE","21172472","20027154","10643190","1.99",,
"2025-06-30","GOOG","Alphabet Inc. Class C Capital","NNM","40022682","33031167","35204763","1.14",,
"2025-06-30","GOOGL","Alphabet Inc. Class A Common S","NNM","76515659","67944799","48893018","1.56",,
"2025-06-30","GS","Goldman Sachs Group Inc.","NYSE","5601010","5682524","2625991","2.13",,
"2025-06-30","GWW","W.W. Grainger, Inc.","NYSE","1152989","1157900","285114","4.04",,
"2025-06-30","HCA","HCA Healthcare, Inc.","NYSE","3736998","4638449","1714952","2.18",,
"2025-06-30","HD","Home Depot, Inc.","NYSE","11511436","8780769","4583412","2.51",,
"2025-06-30","HLT","Hilton Worldwide Holdings Inc.","NYSE","8922749","6854461","2742709","3.25",,
"2025-06-30","HON","Honeywell International Inc. C","NNM","7968167","6367454","3555015","2.24",,
"2025-06-30","HOOD","Robinhood Markets, Inc. Class","NNM","31359055","30078029","40563813","1.00",,
"2025-06-30","HPE","Hewlett Packard Enterprise Com","NYSE","46657801","38402131","22115593","2.11",,
"2025-06-30","HWM","Howmet Aerospace Inc.","NYSE","16077790","12140589","5165997","3.11",,
"2025-06-30","IBKR","Interactive Brokers Group, Inc","NNM","9569605","3178742","5493131","1.74","S",
"2025-06-30","IBM","International Business Machine","NYSE","19277789","18926450","4051253","4.76",,
"2025-06-30","ICE","Intercontinental Exchange  Inc","NYSE","5983105","6559334","2388234","2.51",,
"2025-06-30","INTC","Intel Corporation Common Stock","NNM","128334650","113828878","90748858","1.41",,
"2025-06-30","INTU","Intuit Inc. Common Stock","NNM","4718326","4206850","1765186","2.67",,
"2025-06-30","ISRG","Intuitive Surgical, Inc. Commo","NNM","4066050","3979218","1644419","2.47",,
"2025-06-30","ITW","Illinois Tool Works Inc.","NYSE","7503886","6423515","916324","8.19",,
"2025-06-30","JNJ","Johnson & Johnson","NYSE","15824423","16330615","9466482","1.67",,
"2025-06-30","JPM","JPMorgan Chase & Co.","NYSE","25036078","26490566","10255065","2.44",,
"2025-06-30","KKR","KKR & Co. Inc.","NYSE","11071067","9994213","3561408","3.11",,
"2025-06-30","KLAC","KLA Corporation Common Stock","NNM","3598591","3709167","1279140","2.81",,
"2025-06-30","KMI","Kinder Morgan, Inc.","NYSE","39651922","39776089","13579757","2.92",,
"2025-06-30","KO","Coca-Cola Company","NYSE","35288473","36838157","19050290","1.85",,
"2025-06-30","LIN","Linde plc Ordinary Shares","NNM","5117027","5238833","1949517","2.62",,
"2025-06-30","LLY","Eli Lilly & Co.","NYSE","7714191","8016527","3438896","2.24",,
"2025-06-30","LMT","Lockheed Martin Corp.","NYSE","2728111","2149291","1994253","1.37",,
"2025-06-30","LOW","Lowe's Companies Inc.","NYSE","7225285","8842479","2876708","2.51",,
"2025-06-30","LRCX","Lam Research Corporation Commo","NNM","30705854","24908632","11581449","2.65",,
"2025-06-30","MA","Mastercard Incorporated","NYSE","4989415","4993110","4425495","1.13",,
"2025-06-30","MAR","Marriott International Class A","NNM","6341800","6675886","1820525","3.48",,
"2025-06-30","MCD","McDonald's Corporation","NYSE","8451722","7789172","5024360","1.68",,
"2025-06-30","MCK","McKesson Corporation","NYSE","2131217","2006977","826136","2.58",,
"2025-06-30","MCO","Moody's Corporation","NYSE","2142836","2633328","713906","3.00",,
"2025-06-30","MDLZ","Mondelez International, Inc. C","NNM","31799429","20351729","7415406","4.29",,
"2025-06-30","MDT","Medtronic plc","NYSE","12059795","8472735","9276859","1.30",,
"2025-06-30","META","Meta Platforms, Inc. Class A C","NNM","31593706","30138882","13821703","2.29",,
"2025-06-30","MMM","3M Company","NYSE","10564827","10313603","2858235","3.70",,
"2025-06-30","MNST","Monster Beverage Corporation","NNM","18466386","16212367","6990177","2.64",,
"2025-06-30","MO","Altria Group, Inc.","NYSE","35013784","38113665","9901656","3.54",,
"2025-06-30","MPC","MARATHON PETROLEUM CORPORATION","NYSE","11355093","9221738","3613555","3.14",,
"2025-06-30","MPWR","Monolithic Power Systems, Inc.","NNM","2300158","1893692","551162","4.17",,
"2025-06-30","MRK","Merck & Co., Inc.","NYSE","35092687","35799415","21953694","1.60",,
"2025-06-30","MRVL","Marvell Technology, Inc. Commo","NNM","25104933","23387275","29825075","1.00",,
"2025-06-30","MS","Morgan Stanley","NYSE","14767471","14931448","6394930","2.31",,
"2025-06-30","MSFT","Microsoft Corporation Common S","NNM","56857827","51170267","23339673","2.44",,
"2025-06-30","MSI","Motorola Solutions, Inc. New","NYSE","2104994","2330061","1032793","2.04",,
"2025-06-30","MU","Micron Technology, Inc. Common","NNM","27965733","28169560","30052110","1.00",,
"2025-06-30","NEE","Nextra Energy, Inc.","NYSE","35172306","34904687","12359639","2.85",,
"2025-06-30","NEM","Newmont Corporation","NYSE","20440379","24443049","13417130","1.52",,
"2025-06-30","NET","Cloudflare, Inc. Class A commo","NYSE","10795644","9558149","3173284","3.40",,
"2025-06-30","NFLX","Netflix, Inc. Common Stock","NNM","6811562","7115106","2892974","2.35",,
"2025-06-30","NKE","Nike, Inc.","NYSE","44807666","36198351","28956155","1.55",,
"2025-06-30","NOC","Northrop Grumman Corp.","NYSE","2596846","2396499","867123","2.99",,
"2025-06-30","NOW","SERVICENOW, INC.","NYSE","3361056","3223678","1280378","2.63",,
"2025-06-30","NSC","Norfolk Southern Corp.","NYSE","3006200","3130394","1356872","2.22",,
"2025-06-30","NVDA","NVIDIA Corporation Common Stoc","NNM","243029014","206798022","198579947","1.22",,
"2025-06-30","O","Realty Income Corporation","NYSE","30183763","23702307","6852523","4.40",,
"2025-06-30","ORCL","Oracle Corp","NYSE","18560332","20483165","17717541","1.05",,
"2025-06-30","ORLY","O'Reilly Automotive, Inc. Comm","NNM","16762964","13621268","5471626","3.06",,
"2025-06-30","PANW","Palo Alto Networks, Inc. Commo","NNM","26587163","23731906","4717876","5.64",,
"2025-06-30","PCAR","PACCAR Inc. Common Stock","NNM","12736110","12038765","3005527","4.24",,
"2025-06-30","PEP","PepsiCo, Inc. Common Stock","NNM","21329008","16396899","13497272","1.58",,
"2025-06-30","PFE","Pfizer Inc.","NYSE","111909372","106732210","38374682","2.92",,
"2025-06-30","PG","Procter & Gamble Company","NYSE","15615582","14678262","9442390","1.65",,
"2025-06-30","PGR","Progressive Corporation","NYSE","6064299","6325164","4965813","1.22",,
"2025-06-30","PH","Parker-Hannifin Corporation","NYSE","2012686","1801622","714027","2.82",,
"2025-06-30","PLD","PROLOGIS, INC.","NYSE","10675446","10511862","4564431","2.34",,
"2025-06-30","PLTR","Palantir Technologies Inc. Cla","NNM","51517225","53178660","85197319","1.00",,
"2025-06-30","PM","Philip Morris International In","NYSE","11447973","11862098","6020567","1.90",,
"2025-06-30","PNC","PNC Financial Services Group","NYSE","4657198","4587729","2383543","1.95",,
"2025-06-30","PSX","PHILLIPS 66","NYSE","8039386","6726844","5076214","1.58",,
"2025-06-30","PWR","Quanta Services, Inc.","NYSE","5797068","4478222","1335243","4.34",,
"2025-06-30","QCOM","QUALCOMM Incorporated Common S","NNM","21015439","23215264","9359634","2.25",,
"2025-06-30","RCL","Royal Caribbean Group","NYSE","13738664","11397921","3600450","3.82",,
"2025-06-30","REGN","Regeneron Pharmaceuticals, Inc","NNM","2252720","2031432","1145697","1.97",,
"2025-06-30","ROST","Ross Stores, Inc. Common Stock","NNM","5855355","4922775","4051042","1.45",,
"2025-06-30","RSG","Republic Services Inc.","NYSE","2417357","2439184","1350748","1.79",,
"2025-06-30","RTX","RTX Corporation","NYSE","14994143","11493042","7728234","1.94",,
"2025-06-30","SBUX","Starbucks Corporation Common S","NNM","42481862","41444832","9179609","4.63",,
"2025-06-30","SCCO","Southern Copper Corporation","NYSE","8244027","8748492","1990340","4.14",,
"2025-06-30","SCHW","The Charles Schwab Corporation","NYSE","18329182","17346152","9257342","1.98",,
"2025-06-30","SHW","The Sherwin-Williams Company","NYSE","4970565","4251077","1716075","2.90",,
"2025-06-30","SNDK","Sandisk Corporation Common Sto","NNM","7409065","6465259","2955344","2.51",,
"2025-06-30","SNOW","Snowflake Inc.","NYSE","11766066","10843874","4066826","2.89",,
"2025-06-30","SNPS","Synopsys, Inc. Common Stock","NNM","4935294","4904062","1177139","4.19",,
"2025-06-30","SO","The Southern Company","NYSE","30215617","21238248","5789422","5.22",,
"2025-06-30","SPCX","The SPAC and New Issue ETF","NNM","6336","7307","3412","1.86",,
"2025-06-30","SPG","Simon Property Group, Inc.","NYSE","4636228","3535403","1758226","2.64",,
"2025-06-30","SPGI","S&P Global Inc.","NYSE","2853848","2600532","1466047","1.95",,
"2025-06-30","SYK","Stryker Corporation","NYSE","5740352","5112561","1495769","3.84",,
"2025-06-30","T","AT&T Inc.","NYSE","89351482","83831499","33770092","2.65",,
"2025-06-30","TDG","TransDigm Group Incorporated","NYSE","1200134","1116180","293003","4.10",,
"2025-06-30","TFC","Truist Financial Corporation","NYSE","27598767","27781747","7592274","3.64",,
"2025-06-30","TGT","Target Corporation","NYSE","17091857","16349087","6497209","2.63",,
"2025-06-30","TJX","TJX Companies, Inc. (The)","NYSE","12794662","13827235","5856774","2.18",,
"2025-06-30","TMO","Thermo Fisher Scientific, Inc.","NYSE","4413729","4909976","3015059","1.46",,
"2025-06-30","TMUS","T-Mobile US, Inc. Common Stock","NNM","16254551","14487610","6380142","2.55",,
"2025-06-30","TRV","The Travelers Companies, Inc.","NYSE","3748414","3415297","1368615","2.74",,
"2025-06-30","TSLA","Tesla, Inc. Common Stock","NNM","80074233","77096746","104302063","1.00",,
"2025-06-30","TXN","Texas Instruments Incorporated","NNM","17766871","16828558","6217949","2.86",,
"2025-06-30","UBER","Uber Technologies, Inc.","NYSE","45334998","38721554","21865843","2.07",,
"2025-06-30","UNH","UNITEDHEALTH GROUP INCORPORATE","NYSE","13075586","11746598","11590683","1.13",,
"2025-06-30","UNP","Union Pacific Corp.","NYSE","6013993","6649482","3353396","1.79",,
"2025-06-30","UPS","United Parcel Service, Inc. Cl","NYSE","15908529","16440168","5385429","2.95",,
"2025-06-30","URI","United Rentals, Inc.","NYSE","1933489","2054611","570900","3.39",,
"2025-06-30","USB","U.S. Bancorp","NYSE","25295410","18734078","13501309","1.87",,
"2025-06-30","V","VISA Inc.","NYSE","26519471","29936225","9420809","2.81",,
"2025-06-30","VLO","Valero Energy Corporation","NYSE","13878482","13029823","3776905","3.67",,
"2025-06-30","VRT","Vertiv Holdings Co Class A Com","NYSE","11596196","12280120","6875403","1.69",,
"2025-06-30","VRTX","Vertex Pharmaceuticals Incorpo","NNM","4389791","4034849","1480514","2.97",,
"2025-06-30","VZ","Verizon Communications","NYSE","86313769","86269073","20763555","4.16",,
"2025-06-30","WBD","Warner Bros. Discovery, Inc. S","NNM","137333874","116970812","59424113","2.31",,
"2025-06-30","WDC","Western Digital Corporation Co","NNM","33598539","34607980","6484953","5.18",,
"2025-06-30","WELL","Welltower Inc.","NYSE","9796393","11258572","4623677","2.12",,
"2025-06-30","WFC","Wells Fargo & Co.","NYSE","36769589","37956667","19046128","1.93",,
"2025-06-30","WM","Waste Management, Inc.","NYSE","3757086","3609391","1766646","2.13",,
"2025-06-30","WMB","Williams Companies Inc.","NYSE","14224373","15275146","10845661","1.31",,
"2025-06-30","WMT","Walmart Inc.","NYSE","36610711","38729614","18434294","1.99",,
"2025-06-30","XOM","Exxon Mobil Corporation","NYSE","40600231","38898913","22512853","1.80",,
"2022-01-14","AAPL","Apple Inc. Common Stock","NNM","90492581","95908325","90514428","1.00",,
"2022-01-14","ABBV","ABBVIE INC.","NYSE","14327652","16611434","7657695","1.87",,
"2022-01-14","ABNB","Airbnb, Inc. Class A Common St","NNM","12958161","11285746","4829367","2.68",,
"2022-01-14","ABT","Abbott Laboratories","NYSE","9009897","8385688","6749221","1.33",,
"2022-01-14","ADBE","Adobe Inc. Common Stock","NNM","5424922","6361987","3960071","1.37",,
"2022-01-14","ADI","Analog Devices, Inc. Common St","NNM","6582666","6625400","3888362","1.69",,
"2022-01-14","ADP","Automatic Data Processing, Inc","NNM","4554240","4921101","1608048","2.83",,
"2022-01-14","AEP","American Electric Power Compan","NNM","6286949","5749204","2939203","2.14",,
"2022-01-14","AFL","Aflac Inc.","NYSE","13973636","12864486","3656020","3.82",,
"2022-01-14","AJG","Arthur J. Gallagher & Co.","NYSE","1888058","1743539","887525","2.13",,
"2022-01-14","ALL","The Allstate Corporation","NYSE","4279131","3078767","1946786","2.20",,
"2022-01-14","AMAT","Applied Materials, Inc. Common","NNM","11122408","11710010","8263835","1.35",,
"2022-01-14","AMD","Advanced Micro Devices, Inc. C","NNM","63839188","63109423","70711414","1.00",,
"2022-01-14","AMGN","Amgen Inc. Common Stock","NNM","11765849","12067973","2498883","4.71",,
"2022-01-14","AMT","American Tower Corporation","NYSE","3842399","4609752","2276796","1.69",,
"2022-01-14","AMZN","Amazon.com, Inc. Common Stock","NNM","3494045","3567450","2956381","1.18",,
"2022-01-14","ANET","Arista Networks","NYSE","3237128","3987629","1885087","1.72",,
"2022-01-14","AON","Aon plc Class A","NYSE","3523892","3842398","1252593","2.81",,
"2022-01-14","APD","Air Products & Chemicals, Inc.","NYSE","2283442","2143915","1026505","2.22",,
"2022-01-14","APH","Amphenol Corporation","NYSE","5054396","5352412","2122869","2.38",,
"2022-01-14","APO","Apollo Global Management, Inc.","NYSE","8739465","22964892","5314076","1.64",,
"2022-01-14","APP","Applovin Corporation Class A C","NNM","5613316","5966736","998071","5.62",,
"2022-01-14","AVGO","Broadcom Inc. Common Stock","NNM","4611270","5500361","2553365","1.81",,
"2022-01-14","AXP","American Express Company","NYSE","9316644","8647382","3868467","2.41",,
"2022-01-14","BA","Boeing Company","NYSE","9131363","8871190","9986583","1.00",,
"2022-01-14","BAC","Bank of America Corporation","NYSE","75651261","73295731","57011441","1.33",,
"2022-01-14","BKNG","Booking Holdings Inc. Common S","NNM","552938","510012","290381","1.90",,
"2022-01-14","BLK","Blackrock, Inc.","NYSE","1426160","1493445","704011","2.03",,
"2022-01-14","BMY","Bristol-Myers Squibb Co.","NYSE","23709305","20339078","12875478","1.84",,
"2022-01-14","BNY","BlackRock New York Municipal I","NYSE","15425","7351","44877","1.00",,
"2022-01-14","BRKA","Berkshire Hathaway Inc.","NYSE","396","328","2143","1.00",,
"2022-01-14","BRKB","BERKSHIRE HATHAWAY Class B","NYSE","8830798","7991371","5007495","1.76",,
"2022-01-14","BSX","Boston Scientific Corp.","NYSE","15404548","15123627","7844709","1.96",,
"2022-01-14","BX","Blackstone Inc.","NYSE","8285772","6775520","4654681","1.78",,
"2022-01-14","C","Citigroup Inc.","NYSE","38772683","37824113","29120081","1.33",,
"2022-01-14","CAT","Caterpillar Inc.","NYSE","5300204","4764235","3842275","1.38",,
"2022-01-14","CDNS","Cadence Design Systems, Inc. C","NNM","2716876","2324876","1477690","1.84",,
"2022-01-14","CI","CIGNA Corporation","NYSE","4047926","4174375","1633690","2.48",,
"2022-01-14","CL","Colgate-Palmolive Company","NYSE","9684290","8663497","4509491","2.15",,
"2022-01-14","CMCSA","Comcast Corporation Class A Co","NNM","67045062","66451516","19530707","3.43",,
"2022-01-14","CME","CME Group Inc. Class A Common","NNM","3926398","4121662","1264264","3.11",,
"2022-01-14","CMI","Cummins Inc.","NYSE","2400071","2347628","1036406","2.32",,
"2022-01-14","COF","Capital One Financial","NYSE","4447076","4744645","2810403","1.58",,
"2022-01-14","COP","ConocoPhillips","NYSE","16478939","14934915","8364838","1.97",,
"2022-01-14","COST","Costco Wholesale Corporation C","NNM","4331117","4883639","2771997","1.56",,
"2022-01-14","CRM","salesforce.com, inc.","NYSE","12739437","13514963","8074795","1.58",,
"2022-01-14","CRWD","CrowdStrike Holdings, Inc. Cla","NNM","12120784","11076837","5526063","2.19",,
"2022-01-14","CSCO","Cisco Systems, Inc. Common Sto","NNM","39424338","49231393","21090208","1.87",,
"2022-01-14","CSX","CSX Corporation Common Stock","NNM","22718209","22635287","11141323","2.04",,
"2022-01-14","CTAS","Cintas Corporation Common Stoc","NNM","1004594","1092845","631431","1.59",,
"2022-01-14","CVNA","Carvana Co.","NYSE","13661316","10776057","3670896","3.72",,
"2022-01-14","CVS","CVS HEALTH CORPORATION","NYSE","16970635","16311156","6766028","2.51",,
"2022-01-14","CVX","Chevron Corporation","NYSE","22629781","20093294","13278146","1.70",,
"2022-01-14","D","Dominion Energy, Inc Common St","NYSE","7314934","6389365","2938850","2.49",,
"2022-01-14","DASH","DoorDash, Inc.","NYSE","11074545","10656736","4625862","2.39",,
"2022-01-14","DDOG","Datadog, Inc. Class A Common S","NNM","14057381","15486332","4468409","3.15",,
"2022-01-14","DE","Deere & Company","NYSE","2099593","1765344","1877116","1.12",,
"2022-01-14","DELL","Dell Technologies Inc.","NYSE","8331462","5951827","5281578","1.58",,
"2022-01-14","DHR","Danaher Corporation","NYSE","4313818","4262487","3386290","1.27",,
"2022-01-14","DIS","The Walt Disney Company","NYSE","20079317","23175599","10995594","1.83",,
"2022-01-14","DLR","Digital Realty Trust, Inc.","NYSE","9643879","9957626","1242748","7.76",,
"2022-01-14","DUK","Duke Energy Corporation","NYSE","5572524","5134508","2906609","1.92",,
"2022-01-14","ECL","Ecolab, Inc.","NYSE","2534609","2302120","959593","2.64",,
"2022-01-14","EMR","Emerson Electric Co.","NYSE","6905960","6134518","2835631","2.44",,
"2022-01-14","EOG","EOG Resources, Inc.","NYSE","6220468","5078447","4953219","1.26",,
"2022-01-14","EPD","Enterprise Products Partners L","NYSE","30694378","25770222","7316679","4.20",,
"2022-01-14","EQIX","Equinix, Inc. Common Stock REI","NNM","1231692","1247748","384623","3.20",,
"2022-01-14","FCX","Freeport-McMoran Inc.","NYSE","36137330","31443325","18264441","1.98",,
"2022-01-14","FDX","FedEx Corporation","NYSE","4549695","7425882","2131937","2.13",,
"2022-01-14","FTNT","Fortinet, Inc. Common Stock","NNM","2702248","2591349","1801912","1.50",,
"2022-01-14","GD","General Dynamics Corporation","NYSE","1799367","1994066","1010436","1.78",,
"2022-01-14","GE","General Electric Company","NYSE","9929656","10341886","5342919","1.86",,
"2022-01-14","GILD","Gilead Sciences, Inc. Common S","NNM","21881841","21304729","7709846","2.84",,
"2022-01-14","GLW","Corning Incorporated","NYSE","12325483","11446975","4646564","2.65",,
"2022-01-14","GM","General Motors Company","NYSE","29267829","26721126","23818153","1.23",,
"2022-01-14","GOOG","Alphabet Inc. Class C Capital","NNM","1413374","1523097","1378955","1.02",,
"2022-01-14","GOOGL","Alphabet Inc. Class A Common S","NNM","2095620","2034635","1684303","1.24",,
"2022-01-14","GS","Goldman Sachs Group Inc.","NYSE","4217466","4106540","3214554","1.31",,
"2022-01-14","GWW","W.W. Grainger, Inc.","NYSE","862781","905575","220201","3.92",,
"2022-01-14","HCA","HCA Healthcare, Inc.","NYSE","3076830","3503149","1494816","2.06",,
"2022-01-14","HD","Home Depot, Inc.","NYSE","8447463","10010445","4351800","1.94",,
"2022-01-14","HLT","Hilton Worldwide Holdings Inc.","NYSE","7223947","7466010","2202174","3.28",,
"2022-01-14","HON","Honeywell International Inc. C","NNM","5561126","5029709","3264363","1.70",,
"2022-01-14","HOOD","Robinhood Markets, Inc. Class","NNM","38843364","31498876","23951775","1.62",,
"2022-01-14","HPE","Hewlett Packard Enterprise Com","NYSE","39449948","38420403","11332557","3.48",,
"2022-01-14","HWM","Howmet Aerospace Inc.","NYSE","10293868","9251972","2947000","3.49",,
"2022-01-14","IBKR","Interactive Brokers Group, Inc","NNM","2769524","3063485","852276","3.25",,
"2022-01-14","IBM","International Business Machine","NYSE","24202500","23989040","6808257","3.55",,
"2022-01-14","ICE","Intercontinental Exchange  Inc","NYSE","4612706","4650742","2233288","2.07",,
"2022-01-14","INTC","Intel Corporation Common Stock","NNM","61792438","68630757","38309241","1.61",,
"2022-01-14","INTU","Intuit Inc. Common Stock","NNM","2409962","2021295","1897402","1.27",,
"2022-01-14","ISRG","Intuitive Surgical, Inc. Commo","NNM","3041393","2795747","1802011","1.69",,
"2022-01-14","ITW","Illinois Tool Works Inc.","NYSE","5241903","6389032","826263","6.34",,
"2022-01-14","JNJ","Johnson & Johnson","NYSE","14406499","15365879","7022788","2.05",,
"2022-01-14","JPM","JPMorgan Chase & Co.","NYSE","17547325","14705396","16995053","1.03",,
"2022-01-14","KKR","KKR & Co. Inc.","NYSE","6059023","5271357","3696993","1.64",,
"2022-01-14","KLAC","KLA Corporation Common Stock","NNM","1982174","1972000","1276308","1.55",,
"2022-01-14","KMI","Kinder Morgan, Inc.","NYSE","29948672","29677495","16339117","1.83",,
"2022-01-14","KO","Coca-Cola Company","NYSE","36466587","31874471","18917283","1.93",,
"2022-01-14","LIN","Linde plc Ordinary Share","NYSE","2052987","2298117","1573900","1.30",,
"2022-01-14","LLY","Eli Lilly & Co.","NYSE","4378970","4786119","3112899","1.41",,
"2022-01-14","LMT","Lockheed Martin Corp.","NYSE","2852041","2677911","1565723","1.82",,
"2022-01-14","LOW","Lowe's Companies Inc.","NYSE","6864855","7270397","3934952","1.74",,
"2022-01-14","LRCX","Lam Research Corporation Commo","NNM","1722219","1860907","1484796","1.16",,
"2022-01-14","MA","Mastercard Incorporated","NYSE","6341166","5399431","5072440","1.25",,
"2022-01-14","MAR","Marriott International Class A","NNM","4817639","5437166","1792313","2.69",,
"2022-01-14","MCD","McDonald's Corporation","NYSE","5485829","6312077","2805158","1.96",,
"2022-01-14","MCK","McKesson Corporation","NYSE","2218263","1668288","839958","2.64",,
"2022-01-14","MCO","Moody's Corporation","NYSE","2263463","2130435","697699","3.24",,
"2022-01-14","MDLZ","Mondelez International, Inc. C","NNM","10013428","9802196","7368172","1.36",,
"2022-01-14","MDT","Medtronic plc","NYSE","11968495","11663580","6663044","1.80",,
"2022-01-14","META","Roundhill Ball Metaverse ETF","ARCA","599939","1170115","2296927","1.00",,
"2022-01-14","MMM","3M Company","NYSE","9028967","9312476","2340277","3.86",,
"2022-01-14","MNST","Monster Beverage Corporation","NNM","3455971","3375443","2385646","1.45",,
"2022-01-14","MO","Altria Group, Inc.","NYSE","12680417","12095412","11288636","1.12",,
"2022-01-14","MPC","MARATHON PETROLEUM CORPORATION","NYSE","17673422","16688968","6983160","2.53",,
"2022-01-14","MPWR","Monolithic Power Systems, Inc.","NNM","948213","967749","388231","2.44",,
"2022-01-14","MRK","Merck & Co., Inc.","NYSE","23489441","23155050","12887925","1.82",,
"2022-01-14","MRVL","Marvell Technology, Inc. Commo","NNM","17924065","14891492","11942389","1.50",,
"2022-01-14","MS","Morgan Stanley","NYSE","13033069","13761573","9400745","1.39",,
"2022-01-14","MSFT","Microsoft Corporation Common S","NNM","39031383","39382126","36669466","1.06",,
"2022-01-14","MSI","Motorola Solutions, Inc. New","NYSE","1242677","1324530","655924","1.89",,
"2022-01-14","MU","Micron Technology, Inc. Common","NNM","21508707","24893381","19457083","1.11",,
"2022-01-14","NEE","Nextra Energy, Inc.","NYSE","17088141","18091032","9353111","1.83",,
"2022-01-14","NEM","Newmont Corporation","NYSE","8899500","9961866","5989995","1.49",,
"2022-01-14","NET","Cloudflare, Inc. Class A commo","NYSE","12589447","11154621","6115859","2.06",,
"2022-01-14","NFLX","Netflix, Inc. Common Stock","NNM","8447270","8306331","4406336","1.92",,
"2022-01-14","NKE","Nike, Inc.","NYSE","8847433","9314584","6199679","1.43",,
"2022-01-14","NOC","Northrop Grumman Corp.","NYSE","1589959","1673844","808794","1.97",,
"2022-01-14","NOW","SERVICENOW, INC.","NYSE","3550592","3299079","2115343","1.68",,
"2022-01-14","NSC","Norfolk Southern Corp.","NYSE","3454544","3505242","1051236","3.29",,
"2022-01-14","NVDA","NVIDIA Corporation Common Stoc","NNM","25524396","21941250","45940176","1.00",,
"2022-01-14","O","Realty Income Corporation","NYSE","11991355","10938717","3214358","3.73",,
"2022-01-14","ORCL","Oracle Corp","NYSE","18973054","21104742","8781907","2.16",,
"2022-01-14","ORLY","O'Reilly Automotive, Inc. Comm","NNM","618636","656207","403715","1.53",,
"2022-01-14","PANW","Palo Alto Networks, Inc. Commo","NNM","6887275","7280932","1670261","4.12",,
"2022-01-14","PCAR","PACCAR Inc. Common Stock","NNM","3208599","3499801","1834179","1.75",,
"2022-01-14","PEP","PepsiCo, Inc. Common Stock","NNM","11102497","12243810","5144883","2.16",,
"2022-01-14","PFE","Pfizer Inc.","NYSE","64075070","58635375","39232672","1.63",,
"2022-01-14","PG","Procter & Gamble Company","NYSE","13398550","15126209","8595514","1.56",,
"2022-01-14","PGR","Progressive Corporation","NYSE","7946449","8223580","3441999","2.31",,
"2022-01-14","PH","Parker-Hannifin Corporation","NYSE","1029446","1095914","674938","1.53",,
"2022-01-14","PLD","PROLOGIS, INC.","NYSE","8634349","9471446","3190561","2.71",,
"2022-01-14","PLTR","Palantir Technologies Inc. Cla","NYSE","97411683","102092813","45619534","2.14",,
"2022-01-14","PM","Philip Morris International In","NYSE","9826716","9252062","5901359","1.67",,
"2022-01-14","PNC","PNC Financial Services Group","NYSE","5772947","5434383","2458489","2.35",,
"2022-01-14","PSX","PHILLIPS 66","NYSE","11749714","9986938","4137935","2.84",,
"2022-01-14","PWR","Quanta Services, Inc.","NYSE","2611923","2325254","991563","2.63",,
"2022-01-14","QCOM","QUALCOMM Incorporated Common S","NNM","15872913","14546279","9558570","1.66",,
"2022-01-14","RCL","Royal Caribbean Group","NYSE","13641315","12882540","3997954","3.41",,
"2022-01-14","REGN","Regeneron Pharmaceuticals, Inc","NNM","1815041","1636972","699587","2.59",,
"2022-01-14","ROST","Ross Stores, Inc. Common Stock","NNM","3495770","4683173","2563577","1.36",,
"2022-01-14","RSG","Republic Services Inc.","NYSE","1841347","1666889","1088256","1.69",,
"2022-01-14","RTX","Raytheon Technologies Corporat","NYSE","12234109","9978109","5248311","2.33",,
"2022-01-14","SBUX","Starbucks Corporation Common S","NNM","10533973","11829251","9661216","1.09",,
"2022-01-14","SCCO","Southern Copper Corporation","NYSE","3901966","3798084","1098927","3.55",,
"2022-01-14","SCHW","The Charles Schwab Corporation","NYSE","19207328","15899942","8811474","2.18",,
"2022-01-14","SHW","The Sherwin-Williams Company","NYSE","2650717","2614078","1419298","1.87",,
"2022-01-14","SNOW","Snowflake Inc.","NYSE","4906584","4905480","3750989","1.31",,
"2022-01-14","SNPS","Synopsys, Inc. Common Stock","NNM","1232399","1167379","861489","1.43",,
"2022-01-14","SO","The Southern Company","NYSE","11372204","11383462","4384859","2.59",,
"2022-01-14","SPCX","The SPAC and New Issue ETF","NNM","173672","184546","13576","12.79",,
"2022-01-14","SPG","Simon Property Group, Inc.","NYSE","10446064","11500899","1719939","6.07",,
"2022-01-14","SPGI","S&P Global Inc.","NYSE","18274073","19897108","1467648","12.45",,
"2022-01-14","SYK","Stryker Corporation","NYSE","5065233","4801725","1388886","3.65",,
"2022-01-14","T","AT&T Inc.","NYSE","81082994","83156961","59700074","1.36",,
"2022-01-14","TDG","TransDigm Group Incorporated","NYSE","935786","824392","292192","3.20",,
"2022-01-14","TFC","Truist Financial Corporation","NYSE","12280093","11858974","6343980","1.94",,
"2022-01-14","TGT","Target Corporation","NYSE","8304564","9532950","3835974","2.16",,
"2022-01-14","TJX","TJX Companies, Inc. (The)","NYSE","8950281","9791716","5746189","1.56",,
"2022-01-14","TMO","Thermo Fisher Scientific, Inc.","NYSE","2717875","2515545","2040034","1.33",,
"2022-01-14","TMUS","T-Mobile US, Inc. Common Stock","NNM","13617110","13342075","6920107","1.97",,
"2022-01-14","TRV","The Travelers Companies, Inc.","NYSE","4297070","4157305","1324166","3.25",,
"2022-01-14","TSLA","Tesla, Inc. Common Stock","NNM","22461226","22471754","28916727","1.00",,
"2022-01-14","TXN","Texas Instruments Incorporated","NNM","18859966","18531802","5152605","3.66",,
"2022-01-14","UBER","Uber Technologies, Inc.","NYSE","72439908","73142676","25696551","2.82",,
"2022-01-14","UNH","UNITEDHEALTH GROUP INCORPORATE","NYSE","5332156","5308337","4225045","1.26",,
"2022-01-14","UNP","Union Pacific Corp.","NYSE","8017885","8638639","2748867","2.92",,
"2022-01-14","UPS","United Parcel Service, Inc. Cl","NYSE","7440642","7153565","2312940","3.22",,
"2022-01-14","URI","United Rentals, Inc.","NYSE","2201439","2016976","738990","2.98",,
"2022-01-14","USB","U.S. Bancorp","NYSE","12368299","11146597","6578581","1.88",,
"2022-01-14","V","VISA Inc.","NYSE","24468458","24036097","9191070","2.66",,
"2022-01-14","VLO","Valero Energy Corporation","NYSE","12086008","11701762","3720835","3.25",,
"2022-01-14","VRT","Vertiv Holdings Co Class A Com","NYSE","6624135","8090420","2881263","2.30",,
"2022-01-14","VRTX","Vertex Pharmaceuticals Incorpo","NNM","3035549","2910346","1639687","1.85",,
"2022-01-14","VZ","Verizon Communications","NYSE","54430896","56738727","21457388","2.54",,
"2022-01-14","WDC","Western Digital Corporation Co","NNM","6941750","7851087","3752119","1.85",,
"2022-01-14","WELL","Welltower Inc.","NYSE","11313301","11825910","2123523","5.33",,
"2022-01-14","WFC","Wells Fargo & Co.","NYSE","47578771","43141371","36752908","1.29",,
"2022-01-14","WM","Waste Management, Inc.","NYSE","5508387","5727135","1881989","2.93",,
"2022-01-14","WMB","Williams Companies Inc.","NYSE","25323354","21630793","10299056","2.46",,
"2022-01-14","WMT","Walmart Inc.","NYSE","14201711","11787713","8202573","1.73",,
"2022-01-14","XOM","Exxon Mobil Corporation","NYSE","43236139","36054505","27435897","1.58",,
"2025-06-13","AAPL","Apple Inc. Common Stock","NNM","100226522","94828443","50596046","1.98",,
"2025-06-13","ABBV","ABBVIE INC.","NYSE","14700538","15889428","4558435","3.22",,
"2025-06-13","ABNB","Airbnb, Inc. Class A Common St","NNM","18653951","16086757","5057706","3.69",,
"2025-06-13","ABT","Abbott Laboratories","NYSE","20799869","20092245","4722010","4.40",,
"2025-06-13","ADBE","Adobe Inc. Common Stock","NNM","7489322","7264464","3887109","1.93",,
"2025-06-13","ADI","Analog Devices, Inc. Common St","NNM","7518788","7235720","3337916","2.25",,
"2025-06-13","ADP","Automatic Data Processing, Inc","NNM","4927366","5120779","1580603","3.12",,
"2025-06-13","AEP","American Electric Power Compan","NNM","20985768","20894475","2247354","9.34",,
"2025-06-13","AFL","Aflac Inc.","NYSE","9530823","9622442","2021883","4.71",,
"2025-06-13","AJG","Arthur J. Gallagher & Co.","NYSE","3258053","3684070","1288285","2.53",,
"2025-06-13","ALL","The Allstate Corporation","NYSE","4192604","4231169","1440582","2.91",,
"2025-06-13","AMAT","Applied Materials, Inc. Common","NNM","16586448","16645458","5871747","2.82",,
"2025-06-13","AMD","Advanced Micro Devices, Inc. C","NNM","41007282","39672775","37488845","1.09",,
"2025-06-13","AMGN","Amgen Inc. Common Stock","NNM","13271690","12938502","2197130","6.04",,
"2025-06-13","AMT","American Tower Corporation","NYSE","6480364","5192225","1997467","3.24",,
"2025-06-13","AMZN","Amazon.com, Inc. Common Stock","NNM","61836013","61355415","34743467","1.78",,
"2025-06-13","ANET","Arista Networks","NYSE","19726300","21388036","8670860","2.28",,
"2025-06-13","AON","Aon plc Class A","NYSE","4952075","4983593","1216139","4.07",,
"2025-06-13","APD","Air Products & Chemicals, Inc.","NYSE","4535015","4220690","1149668","3.94",,
"2025-06-13","APH","Amphenol Corporation","NYSE","17383587","17475285","6864257","2.53",,
"2025-06-13","APO","Apollo Global Management, Inc.","NYSE","27817846","27279834","2606215","10.67",,
"2025-06-13","APP","Applovin Corporation Class A C","NNM","10811281","10541246","5403628","2.00",,
"2025-06-13","AVGO","Broadcom Inc. Common Stock","NNM","43555386","48422628","27638044","1.58",,
"2025-06-13","AXP","American Express Company","NYSE","8301600","8805798","2076098","4.00",,
"2025-06-13","BA","Boeing Company","NYSE","15988319","15998258","10190543","1.57",,
"2025-06-13","BAC","Bank of America Corporation","NYSE","85992611","87914136","34550734","2.49",,
"2025-06-13","BKNG","Booking Holdings Inc. Common S","NNM","646709","605486","198040","3.27",,
"2025-06-13","BLK","Blackrock, Inc.","NYSE","1888696","1690462","529795","3.56",,
"2025-06-13","BMY","Bristol-Myers Squibb Co.","NYSE","33614196","32544288","11062716","3.04",,
"2025-06-13","BNY","BlackRock New York Municipal I","NYSE","31367","9706","68319","1.00",,
"2025-06-13","BRKA","Berkshire Hathaway Inc.","NYSE","284","315","408","1.00",,
"2025-06-13","BRKB","BERKSHIRE HATHAWAY Class B","NYSE","13695920","15532117","4531966","3.02",,
"2025-06-13","BSX","Boston Scientific Corp.","NYSE","17494239","17022220","8163319","2.14",,
"2025-06-13","BX","Blackstone Inc.","NYSE","12317454","11847977","3087597","3.99",,
"2025-06-13","C","Citigroup Inc.","NYSE","32211795","31209558","10326159","3.12",,
"2025-06-13","CAT","Caterpillar Inc.","NYSE","6120612","6403017","1992049","3.07",,
"2025-06-13","CDNS","Cadence Design Systems, Inc. C","NNM","3684321","3655462","1567492","2.35",,
"2025-06-13","CEG","Constellation Energy Corporati","NNM","7444800","7355715","3842958","1.94",,
"2025-06-13","CI","The Cigna Group","NYSE","2953657","2734528","1798367","1.64",,
"2025-06-13","CL","Colgate-Palmolive Company","NYSE","11817587","11506715","4753094","2.49",,
"2025-06-13","CMCSA","Comcast Corporation Class A Co","NNM","43267330","47815825","18405358","2.35",,
"2025-06-13","CME","CME Group Inc. Class A Common","NNM","5674828","4997774","2226487","2.55",,
"2025-06-13","CMI","Cummins Inc.","NYSE","1717460","2071339","580843","2.96",,
"2025-06-13","COF","Capital One Financial","NYSE","8572308","8660522","3636668","2.36",,
"2025-06-13","COP","ConocoPhillips","NYSE","16950034","18336049","8204919","2.07",,
"2025-06-13","COST","Costco Wholesale Corporation C","NNM","5131365","5463586","2045161","2.51",,
"2025-06-13","CRM","Salesforce, Inc.","NYSE","14138167","14349292","7489812","1.89",,
"2025-06-13","CRWD","CrowdStrike Holdings, Inc. Cla","NNM","8680786","8770623","5082667","1.71",,
"2025-06-13","CSCO","Cisco Systems, Inc. Common Sto","NNM","41424109","40965605","16357354","2.53",,
"2025-06-13","CSX","CSX Corporation Common Stock","NNM","29454662","26119863","15158401","1.94",,
"2025-06-13","CTAS","Cintas Corporation Common Stoc","NNM","4032653","4496614","1351683","2.98",,
"2025-06-13","CVNA","Carvana Co.","NYSE","10792344","9545347","3692655","2.92",,
"2025-06-13","CVS","CVS HEALTH CORPORATION","NYSE","18713654","15454361","5961036","3.14",,
"2025-06-13","CVX","Chevron Corporation","NYSE","62646786","63694522","8713268","7.19",,
"2025-06-13","D","Dominion Energy, Inc Common St","NYSE","25407424","27533294","5000768","5.08",,
"2025-06-13","DASH","DoorDash, Inc. Class A Common","NNM","16299436","15957181","3496311","4.66",,
"2025-06-13","DDOG","Datadog, Inc. Class A Common S","NNM","7653947","7225539","4631441","1.65",,
"2025-06-13","DE","Deere & Company","NYSE","3790120","4036843","1074869","3.53",,
"2025-06-13","DELL","Dell Technologies Inc.","NYSE","20414583","19559794","5965690","3.42",,
"2025-06-13","DHR","Danaher Corporation","NYSE","7748873","7440835","3533919","2.19",,
"2025-06-13","DIS","The Walt Disney Company","NYSE","19440467","17750072","9577461","2.03",,
"2025-06-13","DLR","Digital Realty Trust, Inc.","NYSE","7448043","7587123","1656138","4.50",,
"2025-06-13","DUK","Duke Energy Corporation","NYSE","11401892","9677337","2491088","4.58",,
"2025-06-13","ECL","Ecolab, Inc.","NYSE","2195524","2482315","1154653","1.90",,
"2025-06-13","ELV","Elevance Health, Inc.","NYSE","2503358","2199507","1602999","1.56",,
"2025-06-13","EMR","Emerson Electric Co.","NYSE","13361598","12046578","2978343","4.49",,
"2025-06-13","EOG","EOG Resources, Inc.","NYSE","17488890","15418450","4024480","4.35",,
"2025-06-13","EPD","Enterprise Products Partners L","NYSE","26007368","25126850","3989560","6.52",,
"2025-06-13","EQIX","Equinix, Inc. Common Stock REI","NNM","1792023","1732021","462543","3.87",,
"2025-06-13","FCX","Freeport-McMoran Inc.","NYSE","23975006","20915737","11521289","2.08",,
"2025-06-13","FDX","FedEx Corporation","NYSE","3885939","4110004","1866634","2.08",,
"2025-06-13","FTNT","Fortinet, Inc. Common Stock","NNM","17638755","14889124","3711289","4.75",,
"2025-06-13","GD","General Dynamics Corporation","NYSE","2482538","2564238","951458","2.61",,
"2025-06-13","GE","GE Aerospace","NYSE","12752850","13246014","6801647","1.87",,
"2025-06-13","GEV","GE Vernova Inc.","NYSE","6008326","6368886","2699191","2.23",,
"2025-06-13","GILD","Gilead Sciences, Inc. Common S","NNM","22993007","20937020","7973032","2.88",,
"2025-06-13","GLW","Corning Incorporated","NYSE","13073036","14966677","3962879","3.30",,
"2025-06-13","GM","General Motors Company","NYSE","20027154","21017869","9367882","2.14",,
"2025-06-13","GOOG","Alphabet Inc. Class C Capital","NNM","33031167","31955063","22376579","1.48",,
"2025-06-13","GOOGL","Alphabet Inc. Class A Common S","NNM","67944799","66272281","35106675","1.94",,
"2025-06-13","GS","Goldman Sachs Group Inc.","NYSE","5682524","5401046","1637193","3.47",,
"2025-06-13","GWW","W.W. Grainger, Inc.","NYSE","1157900","1150267","165444","7.00",,
"2025-06-13","HCA","HCA Healthcare, Inc.","NYSE","4638449","4458002","1152578","4.02",,
"2025-06-13","HD","Home Depot, Inc.","NYSE","8780769","8293033","2868509","3.06",,
"2025-06-13","HLT","Hilton Worldwide Holdings Inc.","NYSE","6854461","6055678","1561638","4.39",,
"2025-06-13","HON","Honeywell International Inc. C","NNM","6367454","7011284","2428486","2.62",,
"2025-06-13","HOOD","Robinhood Markets, Inc. Class","NNM","30078029","26664946","42351627","1.00",,
"2025-06-13","HPE","Hewlett Packard Enterprise Com","NYSE","38402131","44552103","19118760","2.01",,
"2025-06-13","HWM","Howmet Aerospace Inc.","NYSE","12140589","13203673","2585087","4.70",,
"2025-06-13","IBKR","Interactive Brokers Group, Inc","NNM","3178742","2816162","1213406","2.62",,
"2025-06-13","IBM","International Business Machine","NYSE","18926450","19775134","3388340","5.59",,
"2025-06-13","ICE","Intercontinental Exchange  Inc","NYSE","6559334","6848707","2248912","2.92",,
"2025-06-13","INTC","Intel Corporation Common Stock","NNM","113828878","103167891","93294725","1.22",,
"2025-06-13","INTU","Intuit Inc. Common Stock","NNM","4206850","4014477","1372792","3.06",,
"2025-06-13","ISRG","Intuitive Surgical, Inc. Commo","NNM","3979218","3906867","1921679","2.07",,
"2025-06-13","ITW","Illinois Tool Works Inc.","NYSE","6423515","6508263","799635","8.03",,
"2025-06-13","JNJ","Johnson & Johnson","NYSE","16330615","19221151","6434190","2.54",,
"2025-06-13","JPM","JPMorgan Chase & Co.","NYSE","26490566","27009989","7181650","3.69",,
"2025-06-13","KKR","KKR & Co. Inc.","NYSE","9994213","9535535","3442760","2.90",,
"2025-06-13","KLAC","KLA Corporation Common Stock","NNM","3709167","3586170","1279035","2.90",,
"2025-06-13","KMI","Kinder Morgan, Inc.","NYSE","39776089","40414615","12529523","3.17",,
"2025-06-13","KO","Coca-Cola Company","NYSE","36838157","31924024","13450694","2.74",,
"2025-06-13","LIN","Linde plc Ordinary Shares","NNM","5238833","5094759","1860113","2.82",,
"2025-06-13","LLY","Eli Lilly & Co.","NYSE","8016527","8028911","3000543","2.67",,
"2025-06-13","LMT","Lockheed Martin Corp.","NYSE","2149291","1958279","1550235","1.39",,
"2025-06-13","LOW","Lowe's Companies Inc.","NYSE","8842479","8439291","2483855","3.56",,
"2025-06-13","LRCX","Lam Research Corporation Commo","NNM","24908632","24945948","9625971","2.59",,
"2025-06-13","MA","Mastercard Incorporated","NYSE","4993110","6120880","2294301","2.18",,
"2025-06-13","MAR","Marriott International Class A","NNM","6675886","5682786","1238665","5.39",,
"2025-06-13","MCD","McDonald's Corporation","NYSE","7789172","9155753","3120606","2.50",,
"2025-06-13","MCK","McKesson Corporation","NYSE","2006977","2233402","688753","2.91",,
"2025-06-13","MCO","Moody's Corporation","NYSE","2633328","2580820","514915","5.11",,
"2025-06-13","MDLZ","Mondelez International, Inc. C","NNM","20351729","21835710","5670744","3.59",,
"2025-06-13","MDT","Medtronic plc","NYSE","8472735","7884485","7865805","1.08",,
"2025-06-13","META","Meta Platforms, Inc. Class A C","NNM","30138882","30936920","11514539","2.62",,
"2025-06-13","MMM","3M Company","NYSE","10313603","9862608","2733837","3.77",,
"2025-06-13","MNST","Monster Beverage Corporation","NNM","16212367","14558309","5003407","3.24",,
"2025-06-13","MO","Altria Group, Inc.","NYSE","38113665","37020849","7948720","4.79",,
"2025-06-13","MPC","MARATHON PETROLEUM CORPORATION","NYSE","9221738","8995618","2075557","4.44",,
"2025-06-13","MPWR","Monolithic Power Systems, Inc.","NNM","1893692","1955312","564942","3.35",,
"2025-06-13","MRK","Merck & Co., Inc.","NYSE","35799415","34564617","13736295","2.61",,
"2025-06-13","MRVL","Marvell Technology, Inc. Commo","NNM","23387275","23297352","18329471","1.28",,
"2025-06-13","MS","Morgan Stanley","NYSE","14931448","14295818","4516814","3.31",,
"2025-06-13","MSFT","Microsoft Corporation Common S","NNM","51170267","58182215","16464878","3.11",,
"2025-06-13","MSI","Motorola Solutions, Inc. New","NYSE","2330061","1908009","811600","2.87",,
"2025-06-13","MU","Micron Technology, Inc. Common","NNM","28169560","32102958","20149717","1.40",,
"2025-06-13","NEE","Nextra Energy, Inc.","NYSE","34904687","32522072","10471759","3.33",,
"2025-06-13","NEM","Newmont Corporation","NYSE","24443049","21344785","12346899","1.98",,
"2025-06-13","NET","Cloudflare, Inc. Class A commo","NYSE","9558149","8615582","3762684","2.54",,
"2025-06-13","NFLX","Netflix, Inc. Common Stock","NNM","7115106","7824689","2568792","2.77",,
"2025-06-13","NKE","Nike, Inc.","NYSE","36198351","39378361","12377420","2.92",,
"2025-06-13","NOC","Northrop Grumman Corp.","NYSE","2396499","2898172","764550","3.13",,
"2025-06-13","NOW","SERVICENOW, INC.","NYSE","3223678","3625432","962920","3.35",,
"2025-06-13","NSC","Norfolk Southern Corp.","NYSE","3130394","3123934","1191337","2.63",,
"2025-06-13","NVDA","NVIDIA Corporation Common Stoc","NNM","206798022","229342403","182114203","1.14",,
"2025-06-13","O","Realty Income Corporation","NYSE","23702307","28811482","4792140","4.95",,
"2025-06-13","ORCL","Oracle Corp","NYSE","20483165","15760080","18228689","1.12",,
"2025-06-13","ORLY","O'Reilly Automotive, Inc. Comm","NNM","13621268","989391","5392703","2.53","S",
"2025-06-13","PANW","Palo Alto Networks, Inc. Commo","NNM","23731906","26907307","3614274","6.57",,
"2025-06-13","PCAR","PACCAR Inc. Common Stock","NNM","12038765","11802274","1860346","6.47",,
"2025-06-13","PEP","PepsiCo, Inc. Common Stock","NNM","16396899","18767331","8752361","1.87",,
"2025-06-13","PFE","Pfizer Inc.","NYSE","106732210","104993610","36683156","2.91",,
"2025-06-13","PG","Procter & Gamble Company","NYSE","14678262","17629278","6858608","2.14",,
"2025-06-13","PGR","Progressive Corporation","NYSE","6325164","6848687","3148503","2.01",,
"2025-06-13","PH","Parker-Hannifin Corporation","NYSE","1801622","1834993","541832","3.33",,
"2025-06-13","PLD","PROLOGIS, INC.","NYSE","10511862","11709644","3324093","3.16",,
"2025-06-13","PLTR","Palantir Technologies Inc. Cla","NNM","53178660","44644575","89202135","1.00",,
"2025-06-13","PM","Philip Morris International In","NYSE","11862098","11228966","4288607","2.77",,
"2025-06-13","PNC","PNC Financial Services Group","NYSE","4587729","4977758","1679700","2.73",,
"2025-06-13","PSX","PHILLIPS 66","NYSE","6726844","6760455","2730132","2.46",,
"2025-06-13","PWR","Quanta Services, Inc.","NYSE","4478222","4723578","949064","4.72",,
"2025-06-13","QCOM","QUALCOMM Incorporated Common S","NNM","23215264","21054706","7304351","3.18",,
"2025-06-13","RCL","Royal Caribbean Group","NYSE","11397921","11133003","1971438","5.78",,
"2025-06-13","REGN","Regeneron Pharmaceuticals, Inc","NNM","2031432","2697824","1604736","1.27",,
"2025-06-13","ROST","Ross Stores, Inc. Common Stock","NNM","4922775","5304959","2993730","1.64",,
"2025-06-13","RSG","Republic Services Inc.","NYSE","2439184","2968836","1222893","1.99",,
"2025-06-13","RTX","RTX Corporation","NYSE","11493042","10897330","5487229","2.09",,
"2025-06-13","SBUX","Starbucks Corporation Common S","NNM","41444832","38344981","8588303","4.83",,
"2025-06-13","SCCO","Southern Copper Corporation","NYSE","8748492","8121499","1161710","7.53",,
"2025-06-13","SCHW","The Charles Schwab Corporation","NYSE","17346152","17135013","5934825","2.92",,
"2025-06-13","SHW","The Sherwin-Williams Company","NYSE","4251077","4542506","1469474","2.89",,
"2025-06-13","SNDK","Sandisk Corporation Common Sto","NNM","6465259","6430583","4391651","1.47",,
"2025-06-13","SNOW","Snowflake Inc.","NYSE","10843874","9997207","4528357","2.39",,
"2025-06-13","SNPS","Synopsys, Inc. Common Stock","NNM","4904062","4699723","1187346","4.13",,
"2025-06-13","SO","The Southern Company","NYSE","21238248","20561381","5143971","4.13",,
"2025-06-13","SPCX","The SPAC and New Issue ETF","NNM","7307","14198","2928","2.50",,
"2025-06-13","SPG","Simon Property Group, Inc.","NYSE","3535403","5033593","1378277","2.57",,
"2025-06-13","SPGI","S&P Global Inc.","NYSE","2600532","2376155","970171","2.68",,
"2025-06-13","SYK","Stryker Corporation","NYSE","5112561","4984849","884711","5.78",,
"2025-06-13","T","AT&T Inc.","NYSE","83831499","86323759","27974480","3.00",,
"2025-06-13","TDG","TransDigm Group Incorporated","NYSE","1116180","1138772","249364","4.48",,
"2025-06-13","TFC","Truist Financial Corporation","NYSE","27781747","26610710","6787034","4.09",,
"2025-06-13","TGT","Target Corporation","NYSE","16349087","16151680","6447969","2.54",,
"2025-06-13","TJX","TJX Companies, Inc. (The)","NYSE","13827235","12974546","4660843","2.97",,
"2025-06-13","TMO","Thermo Fisher Scientific, Inc.","NYSE","4909976","4738620","2545753","1.93",,
"2025-06-13","TMUS","T-Mobile US, Inc. Common Stock","NNM","14487610","14746278","3885097","3.73",,
"2025-06-13","TRV","The Travelers Companies, Inc.","NYSE","3415297","3329550","1067072","3.20",,
"2025-06-13","TSLA","Tesla, Inc. Common Stock","NNM","77096746","76998079","138002054","1.00",,
"2025-06-13","TXN","Texas Instruments Incorporated","NNM","16828558","19261833","5481242","3.07",,
"2025-06-13","UBER","Uber Technologies, Inc.","NYSE","38721554","56332838","22373073","1.73",,
"2025-06-13","UNH","UNITEDHEALTH GROUP INCORPORATE","NYSE","11746598","10840729","13733782","1.00",,
"2025-06-13","UNP","Union Pacific Corp.","NYSE","6649482","5987427","3334708","1.99",,
"2025-06-13","UPS","United Parcel Service, Inc. Cl","NYSE","16440168","16624746","4313920","3.81",,
"2025-06-13","URI","United Rentals, Inc.","NYSE","2054611","1923621","380842","5.39",,
"2025-06-13","USB","U.S. Bancorp","NYSE","18734078","16906696","8041022","2.33",,
"2025-06-13","V","VISA Inc.","NYSE","29936225","29181487","5889097","5.08",,
"2025-06-13","VLO","Valero Energy Corporation","NYSE","13029823","13085703","2709750","4.81",,
"2025-06-13","VRT","Vertiv Holdings Co Class A Com","NYSE","12280120","10653340","5928283","2.07",,
"2025-06-13","VRTX","Vertex Pharmaceuticals Incorpo","NNM","4034849","4408560","1124521","3.59",,
"2025-06-13","VZ","Verizon Communications","NYSE","86269073","84791513","13925133","6.20",,
"2025-06-13","WBD","Warner Bros. Discovery, Inc. S","NNM","116970812","102394318","55680687","2.10",,
"2025-06-13","WDC","Western Digital Corporation Co","NNM","34607980","31355996","6320741","5.48",,
"2025-06-13","WELL","Welltower Inc.","NYSE","11258572","10053277","2439612","4.61",,
"2025-06-13","WFC","Wells Fargo & Co.","NYSE","37956667","38814966","16562494","2.29",,
"2025-06-13","WM","Waste Management, Inc.","NYSE","3609391","3348158","1349343","2.67",,
"2025-06-13","WMB","Williams Companies Inc.","NYSE","15275146","16983240","7383825","2.07",,
"2025-06-13","WMT","Walmart Inc.","NYSE","38729614","41506755","15888630","2.44",,
"2025-06-13","XOM","Exxon Mobil Corporation","NYSE","38898913","43639864","18494326","2.10",,
"2021-11-30","AAPL","Apple Inc. Common Stock","NNM","112598907","99688619","102461927","1.10",,
"2021-11-30","ABBV","ABBVIE INC.","NYSE","14123270","14088098","5316359","2.66",,
"2021-11-30","ABNB","Airbnb, Inc. Class A Common St","NNM","11759877","15091670","6895028","1.71",,
"2021-11-30","ABT","Abbott Laboratories","NYSE","8705447","10136654","5063471","1.72",,
"2021-11-30","ADBE","Adobe Inc. Common Stock","NNM","4151575","4143342","2383747","1.74",,
"2021-11-30","ADI","Analog Devices, Inc. Common St","NNM","7408278","7884010","3415955","2.17",,
"2021-11-30","ADP","Automatic Data Processing, Inc","NNM","4031983","4226756","1676744","2.40",,
"2021-11-30","AEP","American Electric Power Compan","NNM","5761897","5982115","2496003","2.31",,
"2021-11-30","AFL","Aflac Inc.","NYSE","13357969","13931653","3402101","3.93",,
"2021-11-30","AJG","Arthur J. Gallagher & Co.","NYSE","1776962","1759142","1008081","1.76",,
"2021-11-30","ALL","The Allstate Corporation","NYSE","4193422","4326161","3161913","1.33",,
"2021-11-30","AMAT","Applied Materials, Inc. Common","NNM","12048228","12227767","9087941","1.33",,
"2021-11-30","AMD","Advanced Micro Devices, Inc. C","NNM","71637148","75487134","56058651","1.28",,
"2021-11-30","AMGN","Amgen Inc. Common Stock","NNM","12936104","11624960","3142764","4.12",,
"2021-11-30","AMT","American Tower Corporation","NYSE","3731880","4089596","2170028","1.72",,
"2021-11-30","AMZN","Amazon.com, Inc. Common Stock","NNM","4680878","4226657","3629100","1.29",,
"2021-11-30","ANET","Arista Networks","NYSE","3859985","958418","2005475","1.92","S",
"2021-11-30","AON","Aon plc Class A","NYSE","5498670","5611889","1610120","3.42",,
"2021-11-30","APD","Air Products & Chemicals, Inc.","NYSE","2057335","2652071","1159687","1.77",,
"2021-11-30","APH","Amphenol Corporation","NYSE","6233953","6499615","2225712","2.80",,
"2021-11-30","APO","Apollo Global Management, Inc.","NYSE","21332856","22568713","2301993","9.27",,
"2021-11-30","APP","Applovin Corporation Class A C","NNM","5611977","4984824","1628137","3.45",,
"2021-11-30","AVGO","Broadcom Inc. Common Stock","NNM","4606996","5112042","1672178","2.76",,
"2021-11-30","AXP","American Express Company","NYSE","10436493","11690189","4995729","2.09",,
"2021-11-30","BA","Boeing Company","NYSE","10267242","7844347","12033547","1.00",,
"2021-11-30","BAC","Bank of America Corporation","NYSE","91806404","99074120","47281309","1.94",,
"2021-11-30","BKNG","Booking Holdings Inc. Common S","NNM","497548","531179","442736","1.12",,
"2021-11-30","BLK","Blackrock, Inc.","NYSE","1419134","1554308","642725","2.21",,
"2021-11-30","BMY","Bristol-Myers Squibb Co.","NYSE","23258465","20256733","15494520","1.50",,
"2021-11-30","BNY","BlackRock New York Municipal I","NYSE","24889","27133","26204","1.00",,
"2021-11-30","BRKA","Berkshire Hathaway Inc.","NYSE","450","455","1777","1.00",,
"2021-11-30","BRKB","BERKSHIRE HATHAWAY Class B","NYSE","8697822","9100315","5009573","1.74",,
"2021-11-30","BSX","Boston Scientific Corp.","NYSE","14704259","15712494","9099402","1.62",,
"2021-11-30","BX","Blackstone Inc.","NYSE","8417612","6258125","4130400","2.04",,
"2021-11-30","C","Citigroup Inc.","NYSE","37921464","37063691","21188101","1.79",,
"2021-11-30","CAT","Caterpillar Inc.","NYSE","6315394","6341495","3439515","1.84",,
"2021-11-30","CDNS","Cadence Design Systems, Inc. C","NNM","2642637","2668234","1364539","1.94",,
"2021-11-30","CI","CIGNA Corporation","NYSE","5033943","3896980","2316034","2.17",,
"2021-11-30","CL","Colgate-Palmolive Company","NYSE","8396172","9356405","3763882","2.23",,
"2021-11-30","CMCSA","Comcast Corporation Class A Co","NNM","65867190","68061013","17150333","3.84",,
"2021-11-30","CME","CME Group Inc. Class A Common","NNM","4391127","4575662","1334657","3.29",,
"2021-11-30","CMI","Cummins Inc.","NYSE","2875780","2315872","1249353","2.30",,
"2021-11-30","COF","Capital One Financial","NYSE","5298684","5549181","3197960","1.66",,
"2021-11-30","COP","ConocoPhillips","NYSE","15142070","16159909","8939235","1.69",,
"2021-11-30","COST","Costco Wholesale Corporation C","NNM","3667397","4264800","2240716","1.64",,
"2021-11-30","CRM","salesforce.com, inc.","NYSE","12297478","14778035","5806579","2.12",,
"2021-11-30","CRWD","CrowdStrike Holdings, Inc. Cla","NNM","11338436","11225885","4247616","2.67",,
"2021-11-30","CSCO","Cisco Systems, Inc. Common Sto","NNM","44962654","39643903","32485403","1.38",,
"2021-11-30","CSX","CSX Corporation Common Stock","NNM","21065460","23209767","14019917","1.50",,
"2021-11-30","CTAS","Cintas Corporation Common Stoc","NNM","970591","1034447","357388","2.72",,
"2021-11-30","CVNA","Carvana Co.","NYSE","13734229","13053025","1143201","12.01",,
"2021-11-30","CVS","CVS HEALTH CORPORATION","NYSE","11231649","14734202","5856505","1.92",,
"2021-11-30","CVX","Chevron Corporation","NYSE","19210755","17725399","12072427","1.59",,
"2021-11-30","D","Dominion Energy, Inc Common St","NYSE","6509055","6054836","3750290","1.74",,
"2021-11-30","DASH","DoorDash, Inc.","NYSE","10980269","14040641","4180539","2.63",,
"2021-11-30","DDOG","Datadog, Inc. Class A Common S","NNM","11816348","10998309","3387319","3.49",,
"2021-11-30","DE","Deere & Company","NYSE","2592085","2075316","2354803","1.10",,
"2021-11-30","DELL","Dell Technologies Inc.","NYSE","6865960","8245553","6159723","1.11",,
"2021-11-30","DHR","Danaher Corporation","NYSE","5255811","5208185","2456199","2.14",,
"2021-11-30","DIS","The Walt Disney Company","NYSE","24474760","22380668","16504307","1.48",,
"2021-11-30","DLR","Digital Realty Trust, Inc.","NYSE","9486072","9458240","1392002","6.81",,
"2021-11-30","DUK","Duke Energy Corporation","NYSE","5891055","6479823","2905658","2.03",,
"2021-11-30","ECL","Ecolab, Inc.","NYSE","2366910","2254632","851542","2.78",,
"2021-11-30","EMR","Emerson Electric Co.","NYSE","4497870","4544127","3875764","1.16",,
"2021-11-30","EOG","EOG Resources, Inc.","NYSE","5720705","7890267","5219801","1.10",,
"2021-11-30","EPD","Enterprise Products Partners L","NYSE","34936606","36076669","6905092","5.06",,
"2021-11-30","EQIX","Equinix, Inc. Common Stock REI","NNM","1319913","1406007","553164","2.39",,
"2021-11-30","FCX","Freeport-McMoran Inc.","NYSE","29465430","31937674","18868597","1.56",,
"2021-11-30","FDX","FedEx Corporation","NYSE","2784899","3486956","2017433","1.38",,
"2021-11-30","FTNT","Fortinet, Inc. Common Stock","NNM","1782861","1849235","885329","2.01",,
"2021-11-30","GD","General Dynamics Corporation","NYSE","1830661","1914951","864877","2.12",,
"2021-11-30","GE","General Electric Company","NYSE","9558239","10394766","8303298","1.15",,
"2021-11-30","GILD","Gilead Sciences, Inc. Common S","NNM","21894119","23118075","8438707","2.59",,
"2021-11-30","GLW","Corning Incorporated","NYSE","12154576","12432141","4160259","2.92",,
"2021-11-30","GM","General Motors Company","NYSE","29201016","26621739","18727547","1.56",,
"2021-11-30","GOOG","Alphabet Inc. Class C Capital","NNM","1657820","2042544","1109221","1.49",,
"2021-11-30","GOOGL","Alphabet Inc. Class A Common S","NNM","2190730","2555428","1434156","1.53",,
"2021-11-30","GS","Goldman Sachs Group Inc.","NYSE","4116718","3964231","2649217","1.55",,
"2021-11-30","GWW","W.W. Grainger, Inc.","NYSE","879919","903191","223125","3.94",,
"2021-11-30","HCA","HCA Healthcare, Inc.","NYSE","2824043","2795636","1390148","2.03",,
"2021-11-30","HD","Home Depot, Inc.","NYSE","11223282","9339915","4609144","2.44",,
"2021-11-30","HLT","Hilton Worldwide Holdings Inc.","NYSE","5725669","7098351","2274770","2.52",,
"2021-11-30","HON","Honeywell International Inc. C","NNM","5420260","6391653","2904785","1.87",,
"2021-11-30","HOOD","Robinhood Markets, Inc. Class","NNM","26415463","19251633","11281367","2.34",,
"2021-11-30","HPE","Hewlett Packard Enterprise Com","NYSE","38231242","39520658","10236608","3.73",,
"2021-11-30","HWM","Howmet Aerospace Inc.","NYSE","8997073","9909639","2725935","3.30",,
"2021-11-30","IBKR","Interactive Brokers Group, Inc","NNM","2896952","2582184","813550","3.56",,
"2021-11-30","IBM","International Business Machine","NYSE","22800642","24176357","5530400","4.12",,
"2021-11-30","ICE","Intercontinental Exchange  Inc","NYSE","3788547","3998372","2196575","1.72",,
"2021-11-30","INTC","Intel Corporation Common Stock","NNM","75848846","68862872","32195686","2.36",,
"2021-11-30","INTU","Intuit Inc. Common Stock","NNM","1766288","1805918","2088735","1.00",,
"2021-11-30","ISRG","Intuitive Surgical, Inc. Commo","NNM","2577342","2757792","1575309","1.64",,
"2021-11-30","ITW","Illinois Tool Works Inc.","NYSE","4980294","4662061","1098151","4.54",,
"2021-11-30","JNJ","Johnson & Johnson","NYSE","16638994","15042128","8030004","2.07",,
"2021-11-30","JPM","JPMorgan Chase & Co.","NYSE","14473691","17524555","12112299","1.19",,
"2021-11-30","KKR","KKR & Co. Inc.","NYSE","3982490","5566679","2131878","1.87",,
"2021-11-30","KLAC","KLA Corporation Common Stock","NNM","2794771","2971547","1102588","2.53",,
"2021-11-30","KMI","Kinder Morgan, Inc.","NYSE","30122028","29451703","17033998","1.77",,
"2021-11-30","KO","Coca-Cola Company","NYSE","24026403","30746708","16953261","1.42",,
"2021-11-30","LIN","Linde plc Ordinary Share","NYSE","2568455","2962490","1642875","1.56",,
"2021-11-30","LLY","Eli Lilly & Co.","NYSE","5949649","7144850","3022292","1.97",,
"2021-11-30","LMT","Lockheed Martin Corp.","NYSE","2570339","2524319","1482913","1.73",,
"2021-11-30","LOW","Lowe's Companies Inc.","NYSE","7489343","7343445","3950189","1.90",,
"2021-11-30","LRCX","Lam Research Corporation Commo","NNM","2058060","2047546","1484565","1.39",,
"2021-11-30","MA","Mastercard Incorporated","NYSE","4308974","3755617","7831640","1.00",,
"2021-11-30","MAR","Marriott International Class A","NNM","4915595","5412627","2358438","2.08",,
"2021-11-30","MCD","McDonald's Corporation","NYSE","5973848","5777990","2444821","2.44",,
"2021-11-30","MCK","McKesson Corporation","NYSE","2273174","2034983","1048025","2.17",,
"2021-11-30","MCO","Moody's Corporation","NYSE","2072829","2202319","722807","2.87",,
"2021-11-30","MDLZ","Mondelez International, Inc. C","NNM","10874154","11738947","7584754","1.43",,
"2021-11-30","MDT","Medtronic plc","NYSE","9826225","9840281","7447728","1.32",,
"2021-11-30","META","Roundhill Ball Metaverse ETF","ARCA","612416","262666","5510445","1.00",,
"2021-11-30","MMM","3M Company","NYSE","8826373","8872717","2462537","3.58",,
"2021-11-30","MNST","Monster Beverage Corporation","NNM","3868729","4448692","2288180","1.69",,
"2021-11-30","MO","Altria Group, Inc.","NYSE","10465997","11084010","7563958","1.38",,
"2021-11-30","MPC","MARATHON PETROLEUM CORPORATION","NYSE","19497523","18993179","7027410","2.77",,
"2021-11-30","MPWR","Monolithic Power Systems, Inc.","NNM","806848","842639","262265","3.08",,
"2021-11-30","MRK","Merck & Co., Inc.","NYSE","18726201","22177006","16221862","1.15",,
"2021-11-30","MRVL","Marvell Technology, Inc. Commo","NNM","16799669","16960294","6654667","2.52",,
"2021-11-30","MS","Morgan Stanley","NYSE","13756266","12977083","10516039","1.31",,
"2021-11-30","MSFT","Microsoft Corporation Common S","NNM","40876626","41195079","26282164","1.56",,
"2021-11-30","MSI","Motorola Solutions, Inc. New","NYSE","1107136","1157050","802446","1.38",,
"2021-11-30","MU","Micron Technology, Inc. Common","NNM","24081889","21765816","23789615","1.01",,
"2021-11-30","NEE","Nextra Energy, Inc.","NYSE","20004208","20174738","7056152","2.84",,
"2021-11-30","NEM","Newmont Corporation","NYSE","6904694","7625571","5370757","1.29",,
"2021-11-30","NET","Cloudflare, Inc. Class A commo","NYSE","12274005","12333694","3660524","3.35",,
"2021-11-30","NFLX","Netflix, Inc. Common Stock","NNM","8810098","9291615","2717418","3.24",,
"2021-11-30","NKE","Nike, Inc.","NYSE","10178462","7919652","5561387","1.83",,
"2021-11-30","NOC","Northrop Grumman Corp.","NYSE","1563465","2101717","847302","1.85",,
"2021-11-30","NOW","SERVICENOW, INC.","NYSE","2995673","2931197","1125525","2.66",,
"2021-11-30","NSC","Norfolk Southern Corp.","NYSE","3486673","3342199","1075728","3.24",,
"2021-11-30","NVDA","NVIDIA Corporation Common Stoc","NNM","22553817","24148034","50778384","1.00",,
"2021-11-30","O","Realty Income Corporation","NYSE","11958779","14082847","5222153","2.29",,
"2021-11-30","ORCL","Oracle Corp","NYSE","27704560","28627279","9196249","3.01",,
"2021-11-30","ORLY","O'Reilly Automotive, Inc. Comm","NNM","700326","630340","373839","1.87",,
"2021-11-30","PANW","Palo Alto Networks, Inc. Commo","NNM","7118782","6675459","1770741","4.02",,
"2021-11-30","PCAR","PACCAR Inc. Common Stock","NNM","3547431","3816478","1687608","2.10",,
"2021-11-30","PEP","PepsiCo, Inc. Common Stock","NNM","10530750","11839552","4264207","2.47",,
"2021-11-30","PFE","Pfizer Inc.","NYSE","63564249","63538349","42364348","1.50",,
"2021-11-30","PG","Procter & Gamble Company","NYSE","14833891","15019257","6960121","2.13",,
"2021-11-30","PGR","Progressive Corporation","NYSE","9742993","9916118","3082653","3.16",,
"2021-11-30","PH","Parker-Hannifin Corporation","NYSE","846991","935234","740706","1.14",,
"2021-11-30","PLD","PROLOGIS, INC.","NYSE","9190531","9597214","2159388","4.26",,
"2021-11-30","PLTR","Palantir Technologies Inc. Cla","NYSE","85916072","81704043","36834457","2.33",,
"2021-11-30","PM","Philip Morris International In","NYSE","7151277","8076762","5711491","1.25",,
"2021-11-30","PNC","PNC Financial Services Group","NYSE","5204603","6147903","1828004","2.85",,
"2021-11-30","PSX","PHILLIPS 66","NYSE","9281717","9580053","3629840","2.56",,
"2021-11-30","PWR","Quanta Services, Inc.","NYSE","2801528","2871034","955953","2.93",,
"2021-11-30","QCOM","QUALCOMM Incorporated Common S","NNM","14518401","15935506","15413675","1.00",,
"2021-11-30","RCL","Royal Caribbean Group","NYSE","15695270","14370159","4734803","3.31",,
"2021-11-30","REGN","Regeneron Pharmaceuticals, Inc","NNM","1475720","1605135","654122","2.26",,
"2021-11-30","ROST","Ross Stores, Inc. Common Stock","NNM","3578726","4434848","3207521","1.12",,
"2021-11-30","RSG","Republic Services Inc.","NYSE","1434356","1381868","946546","1.52",,
"2021-11-30","RTX","Raytheon Technologies Corporat","NYSE","11921117","10101369","5566218","2.14",,
"2021-11-30","SBUX","Starbucks Corporation Common S","NNM","11327934","13434449","6778599","1.67",,
"2021-11-30","SCCO","Southern Copper Corporation","NYSE","3439269","3728669","934702","3.68",,
"2021-11-30","SCHW","The Charles Schwab Corporation","NYSE","12563790","12068293","5613558","2.24",,
"2021-11-30","SHW","The Sherwin-Williams Company","NYSE","2980806","3342032","1315694","2.27",,
"2021-11-30","SNOW","Snowflake Inc.","NYSE","6476171","7524997","3480583","1.86",,
"2021-11-30","SNPS","Synopsys, Inc. Common Stock","NNM","1425358","1541583","617523","2.31",,
"2021-11-30","SO","The Southern Company","NYSE","10406537","10368132","4250459","2.45",,
"2021-11-30","SPCX","The SPAC and New Issue ETF","ARCA","238786","237395","33617","7.10",,
"2021-11-30","SPG","Simon Property Group, Inc.","NYSE","11693591","12234824","2182300","5.36",,
"2021-11-30","SPGI","S&P Global Inc.","NYSE","19412566","19022544","1514435","12.82",,
"2021-11-30","SYK","Stryker Corporation","NYSE","3853673","3142599","1560899","2.47",,
"2021-11-30","T","AT&T Inc.","NYSE","95404745","94702922","51001725","1.87",,
"2021-11-30","TDG","TransDigm Group Incorporated","NYSE","2565355","2586064","576282","4.45",,
"2021-11-30","TFC","Truist Financial Corporation","NYSE","12328448","13743726","4412908","2.79",,
"2021-11-30","TGT","Target Corporation","NYSE","9583836","8277566","5276123","1.82",,
"2021-11-30","TJX","TJX Companies, Inc. (The)","NYSE","8310685","7201176","8847425","1.00",,
"2021-11-30","TMO","Thermo Fisher Scientific, Inc.","NYSE","2794456","2634346","1466685","1.91",,
"2021-11-30","TMUS","T-Mobile US, Inc. Common Stock","NNM","15205309","11914319","5250162","2.90",,
"2021-11-30","TRV","The Travelers Companies, Inc.","NYSE","4570886","4088386","1762609","2.59",,
"2021-11-30","TSLA","Tesla, Inc. Common Stock","NNM","26570674","25702669","24911984","1.07",,
"2021-11-30","TXN","Texas Instruments Incorporated","NNM","16906750","14638360","4977500","3.40",,
"2021-11-30","UBER","Uber Technologies, Inc.","NYSE","78684770","81706667","30558078","2.57",,
"2021-11-30","UNH","UNITEDHEALTH GROUP INCORPORATE","NYSE","5737570","5919469","3297628","1.74",,
"2021-11-30","UNP","Union Pacific Corp.","NYSE","8306014","7666502","2868875","2.90",,
"2021-11-30","UPS","United Parcel Service, Inc. Cl","NYSE","7742800","9034608","3017521","2.57",,
"2021-11-30","URI","United Rentals, Inc.","NYSE","2199900","2379512","624085","3.53",,
"2021-11-30","USB","U.S. Bancorp","NYSE","10026907","10591410","4907186","2.04",,
"2021-11-30","V","VISA Inc.","NYSE","22846428","25298832","17304193","1.32",,
"2021-11-30","VLO","Valero Energy Corporation","NYSE","11249981","12705125","4837631","2.33",,
"2021-11-30","VRT","Vertiv Holdings Co Class A Com","NYSE","11576867","11897181","2662610","4.35",,
"2021-11-30","VRTX","Vertex Pharmaceuticals Incorpo","NNM","2845161","2899452","2140401","1.33",,
"2021-11-30","VZ","Verizon Communications","NYSE","52170129","48279355","21735651","2.40",,
"2021-11-30","WDC","Western Digital Corporation Co","NNM","7856393","7044771","4138093","1.90",,
"2021-11-30","WELL","Welltower Inc.","NYSE","10622011","10599974","2137663","4.97",,
"2021-11-30","WFC","Wells Fargo & Co.","NYSE","43231109","42470758","26054881","1.66",,
"2021-11-30","WM","Waste Management, Inc.","NYSE","5799458","5719763","1830370","3.17",,
"2021-11-30","WMB","Williams Companies Inc.","NYSE","24654278","25856666","7224809","3.41",,
"2021-11-30","WMT","Walmart Inc.","NYSE","15277723","13792741","11856930","1.29",,
"2021-11-30","XOM","Exxon Mobil Corporation","NYSE","35913550","39206638","21946946","1.64",,
"2022-12-15","AAPL","Apple Inc. Common Stock","NNM","121757434","125719918","74824553","1.63",,
"2022-12-15","ABBV","ABBVIE INC.","NYSE","13583074","13661840","4813080","2.82",,
"2022-12-15","ABNB","Airbnb, Inc. Class A Common St","NNM","21391266","19114911","6190562","3.46",,
"2022-12-15","ABT","Abbott Laboratories","NYSE","18087014","15744197","4908277","3.69",,
"2022-12-15","ADBE","Adobe Inc. Common Stock","NNM","4387328","3753959","2881182","1.52",,
"2022-12-15","ADI","Analog Devices, Inc. Common St","NNM","6944179","6351640","3122107","2.22",,
"2022-12-15","ADP","Automatic Data Processing, Inc","NNM","6259567","6297628","1570884","3.98",,
"2022-12-15","AEP","American Electric Power Compan","NNM","8309286","6733447","3773551","2.20",,
"2022-12-15","AFL","Aflac Inc.","NYSE","10454532","9348631","2365965","4.42",,
"2022-12-15","AJG","Arthur J. Gallagher & Co.","NYSE","1290837","1415348","772662","1.67",,
"2022-12-15","ALL","The Allstate Corporation","NYSE","3284589","3904621","1580198","2.08",,
"2022-12-15","AMAT","Applied Materials, Inc. Common","NNM","14681281","13732799","5821102","2.52",,
"2022-12-15","AMD","Advanced Micro Devices, Inc. C","NNM","33179654","30653701","60895486","1.00",,
"2022-12-15","AMGN","Amgen Inc. Common Stock","NNM","9458532","9932850","2858964","3.31",,
"2022-12-15","AMT","American Tower Corporation","NYSE","3567787","3611667","1777268","2.01",,
"2022-12-15","AMZN","Amazon.com, Inc. Common Stock","NNM","74583417","67678658","73880361","1.01",,
"2022-12-15","ANET","Arista Networks","NYSE","3335041","3210681","2172924","1.53",,
"2022-12-15","AON","Aon plc Class A","NYSE","1434760","1778830","922924","1.55",,
"2022-12-15","APD","Air Products & Chemicals, Inc.","NYSE","3009682","2833517","1143865","2.63",,
"2022-12-15","APH","Amphenol Corporation","NYSE","5431603","5242787","2088745","2.60",,
"2022-12-15","APO","Apollo Global Management, Inc.","NYSE","9082608","8560041","2558668","3.55",,
"2022-12-15","APP","Applovin Corporation Class A C","NNM","19368388","19098092","4851626","3.99",,
"2022-12-15","AVGO","Broadcom Inc. Common Stock","NNM","5581417","4871579","2679452","2.08",,
"2022-12-15","AXP","American Express Company","NYSE","6260643","6057592","2841204","2.20",,
"2022-12-15","BA","Boeing Company","NYSE","8632932","8738707","7540789","1.14",,
"2022-12-15","BAC","Bank of America Corporation","NYSE","51950965","48460851","51764004","1.00",,
"2022-12-15","BKNG","Booking Holdings Inc. Common S","NNM","644493","563113","320247","2.01",,
"2022-12-15","BLK","Blackrock, Inc.","NYSE","3001677","3186847","818934","3.67",,
"2022-12-15","BMY","Bristol-Myers Squibb Co.","NYSE","24882432","25221503","8834163","2.82",,
"2022-12-15","BNY","BlackRock New York Municipal I","NYSE","11122","14434","98070","1.00",,
"2022-12-15","BRKA","Berkshire Hathaway Inc.","NYSE","658","659","3101","1.00",,
"2022-12-15","BRKB","BERKSHIRE HATHAWAY Class B","NYSE","5385833","5185763","3953140","1.36",,
"2022-12-15","BSX","Boston Scientific Corp.","NYSE","14347497","13193486","6615130","2.17",,
"2022-12-15","BX","Blackstone Inc.","NYSE","19943174","17636428","9382201","2.13",,
"2022-12-15","C","Citigroup Inc.","NYSE","30073461","27392706","18770719","1.60",,
"2022-12-15","CAT","Caterpillar Inc.","NYSE","8715945","8211211","2730343","3.19",,
"2022-12-15","CDNS","Cadence Design Systems, Inc. C","NNM","3299346","3384283","1467065","2.25",,
"2022-12-15","CEG","Constellation Energy Corporati","NNM","5263582","5123153","1698361","3.10",,
"2022-12-15","CI","CIGNA Corporation","NYSE","3252388","2934962","1579724","2.06",,
"2022-12-15","CL","Colgate-Palmolive Company","NYSE","6051879","7721565","3450548","1.75",,
"2022-12-15","CMCSA","Comcast Corporation Class A Co","NNM","74366418","71212688","25376213","2.93",,
"2022-12-15","CME","CME Group Inc. Class A Common","NNM","3180084","3698104","2422743","1.31",,
"2022-12-15","CMI","Cummins Inc.","NYSE","3538376","3342604","803469","4.40",,
"2022-12-15","COF","Capital One Financial","NYSE","6009705","6115143","2980701","2.02",,
"2022-12-15","COP","ConocoPhillips","NYSE","9384265","11281026","6054260","1.55",,
"2022-12-15","COST","Costco Wholesale Corporation C","NNM","4211294","4846457","3221786","1.31",,
"2022-12-15","CRM","Salesforce, Inc.","NYSE","9772792","9722804","15390834","1.00",,
"2022-12-15","CRWD","CrowdStrike Holdings, Inc. Cla","NNM","8045648","6610346","5460616","1.47",,
"2022-12-15","CSCO","Cisco Systems, Inc. Common Sto","NNM","39601750","38684395","16473512","2.40",,
"2022-12-15","CSX","CSX Corporation Common Stock","NNM","21717333","22165741","13422974","1.62",,
"2022-12-15","CTAS","Cintas Corporation Common Stoc","NNM","1441746","1142054","359515","4.01",,
"2022-12-15","CVNA","Carvana Co.","NYSE","50131350","43083337","36483999","1.37",,
"2022-12-15","CVS","CVS HEALTH CORPORATION","NYSE","14077120","13915688","4863042","2.89",,
"2022-12-15","CVX","Chevron Corporation","NYSE","18539322","21147255","7844233","2.36",,
"2022-12-15","D","Dominion Energy, Inc Common St","NYSE","7494065","6071640","6776971","1.11",,
"2022-12-15","DASH","DoorDash, Inc.","NYSE","22176529","19429096","4543327","4.88",,
"2022-12-15","DDOG","Datadog, Inc. Class A Common S","NNM","13645265","11947634","4954176","2.75",,
"2022-12-15","DE","Deere & Company","NYSE","3110033","3132240","1479483","2.10",,
"2022-12-15","DELL","Dell Technologies Inc.","NYSE","11074624","10438387","2922331","3.79",,
"2022-12-15","DHR","Danaher Corporation","NYSE","3310675","3561956","2128233","1.56",,
"2022-12-15","DIS","The Walt Disney Company","NYSE","23378825","18020502","13002099","1.80",,
"2022-12-15","DLR","Digital Realty Trust, Inc.","NYSE","9716689","8645570","2012872","4.83",,
"2022-12-15","DUK","Duke Energy Corporation","NYSE","7927501","7111240","3053192","2.60",,
"2022-12-15","ECL","Ecolab, Inc.","NYSE","1896678","1936534","1300930","1.46",,
"2022-12-15","ELV","Elevance Health, Inc.","NYSE","2315398","1952511","971938","2.38",,
"2022-12-15","EMR","Emerson Electric Co.","NYSE","6250454","5683906","3461350","1.81",,
"2022-12-15","EOG","EOG Resources, Inc.","NYSE","5646841","6342734","4103661","1.38",,
"2022-12-15","EPD","Enterprise Products Partners L","NYSE","20265928","22934703","5756194","3.52",,
"2022-12-15","EQIX","Equinix, Inc. Common Stock REI","NNM","1883652","1743148","442215","4.26",,
"2022-12-15","FCX","Freeport-McMoran Inc.","NYSE","27748314","24404313","12192202","2.28",,
"2022-12-15","FDX","FedEx Corporation","NYSE","4354260","5220551","1916632","2.27",,
"2022-12-15","FTNT","Fortinet, Inc. Common Stock","NNM","13071746","11662579","4003929","3.26",,
"2022-12-15","GD","General Dynamics Corporation","NYSE","2219877","2140398","869647","2.55",,
"2022-12-15","GE","General Electric Company","NYSE","13506766","12360211","5991746","2.25",,
"2022-12-15","GILD","Gilead Sciences, Inc. Common S","NNM","14760481","17564336","7696144","1.92",,
"2022-12-15","GLW","Corning Incorporated","NYSE","9560352","11007543","3441802","2.78",,
"2022-12-15","GM","General Motors Company","NYSE","20713808","18690575","10941560","1.89",,
"2022-12-15","GOOG","Alphabet Inc. Class C Capital","NNM","32986658","30054717","24721099","1.33",,
"2022-12-15","GOOGL","Alphabet Inc. Class A Common S","NNM","48673804","48883523","29911322","1.63",,
"2022-12-15","GS","Goldman Sachs Group Inc.","NYSE","4820872","6300681","2293817","2.10",,
"2022-12-15","GWW","W.W. Grainger, Inc.","NYSE","1243513","1156641","315632","3.94",,
"2022-12-15","HCA","HCA Healthcare, Inc.","NYSE","3683352","3427816","1071922","3.44",,
"2022-12-15","HD","Home Depot, Inc.","NYSE","12390541","12038413","4311372","2.87",,
"2022-12-15","HLT","Hilton Worldwide Holdings Inc.","NYSE","4169275","4514575","1535944","2.71",,
"2022-12-15","HON","Honeywell International Inc. C","NNM","6643576","6052439","2878625","2.31",,
"2022-12-15","HOOD","Robinhood Markets, Inc. Class","NNM","40938322","40713837","7488720","5.47",,
"2022-12-15","HPE","Hewlett Packard Enterprise Com","NYSE","30157902","25151268","13775880","2.19",,
"2022-12-15","HWM","Howmet Aerospace Inc.","NYSE","5014526","5425884","2583027","1.94",,
"2022-12-15","IBKR","Interactive Brokers Group, Inc","NNM","2219821","1959551","943600","2.35",,
"2022-12-15","IBM","International Business Machine","NYSE","30724687","29924653","4222800","7.28",,
"2022-12-15","ICE","Intercontinental Exchange  Inc","NYSE","3956508","4171828","2067785","1.91",,
"2022-12-15","INTC","Intel Corporation Common Stock","NNM","73237351","67221371","35342998","2.07",,
"2022-12-15","INTU","Intuit Inc. Common Stock","NNM","2800450","1852411","1659357","1.69",,
"2022-12-15","ISRG","Intuitive Surgical, Inc. Commo","NNM","4495790","4867778","1940879","2.32",,
"2022-12-15","ITW","Illinois Tool Works Inc.","NYSE","5697260","5963896","1064999","5.35",,
"2022-12-15","JNJ","Johnson & Johnson","NYSE","12288753","12871010","6493542","1.89",,
"2022-12-15","JPM","JPMorgan Chase & Co.","NYSE","19660765","20973162","10130879","1.94",,
"2022-12-15","KKR","KKR & Co. Inc.","NYSE","12979426","13205005","3361611","3.86",,
"2022-12-15","KLAC","KLA Corporation Common Stock","NNM","4644720","3072584","1434386","3.24",,
"2022-12-15","KMI","Kinder Morgan, Inc.","NYSE","33685044","39461753","13992703","2.41",,
"2022-12-15","KO","Coca-Cola Company","NYSE","32954144","30224002","12300678","2.68",,
"2022-12-15","LIN","Linde plc Ordinary Share","NYSE","3293734","2920392","1546453","2.13",,
"2022-12-15","LLY","Eli Lilly & Co.","NYSE","5615784","6605963","2856515","1.97",,
"2022-12-15","LMT","Lockheed Martin Corp.","NYSE","3356147","3207778","1155490","2.90",,
"2022-12-15","LOW","Lowe's Companies Inc.","NYSE","13736424","13511844","3389137","4.05",,
"2022-12-15","LRCX","Lam Research Corporation Commo","NNM","2566720","2514837","1197259","2.14",,
"2022-12-15","MA","Mastercard Incorporated","NYSE","4734494","4685944","2505662","1.89",,
"2022-12-15","MAR","Marriott International Class A","NNM","5324382","4946445","1927012","2.76",,
"2022-12-15","MCD","McDonald's Corporation","NYSE","6562185","6032460","2822818","2.32",,
"2022-12-15","MCK","McKesson Corporation","NYSE","2750029","2349766","1112759","2.47",,
"2022-12-15","MCO","Moody's Corporation","NYSE","3560864","3435200","765220","4.65",,
"2022-12-15","MDLZ","Mondelez International, Inc. C","NNM","10324685","10799182","5931200","1.74",,
"2022-12-15","MDT","Medtronic plc","NYSE","11011713","9152020","7721504","1.43",,
"2022-12-15","META","Meta Platforms, Inc. Class A C","NNM","33746688","34602597","34779222","1.00",,
"2022-12-15","MMM","3M Company","NYSE","13355570","13054280","2810230","4.75",,
"2022-12-15","MNST","Monster Beverage Corporation","NNM","4226889","4784195","1687629","2.50",,
"2022-12-15","MO","Altria Group, Inc.","NYSE","16839252","16576844","7857670","2.14",,
"2022-12-15","MPC","MARATHON PETROLEUM CORPORATION","NYSE","14631333","15234801","4621093","3.17",,
"2022-12-15","MPWR","Monolithic Power Systems, Inc.","NNM","3180917","2876903","580262","5.48",,
"2022-12-15","MRK","Merck & Co., Inc.","NYSE","20510464","19633252","9474657","2.16",,
"2022-12-15","MRVL","Marvell Technology, Inc. Commo","NNM","16860029","16069378","12023825","1.40",,
"2022-12-15","MS","Morgan Stanley","NYSE","18396378","15338082","7748140","2.37",,
"2022-12-15","MSFT","Microsoft Corporation Common S","NNM","41572793","40445360","27314469","1.52",,
"2022-12-15","MSI","Motorola Solutions, Inc. New","NYSE","1347430","1164249","647338","2.08",,
"2022-12-15","MU","Micron Technology, Inc. Common","NNM","31313761","29868154","14582758","2.15",,
"2022-12-15","NEE","Nextra Energy, Inc.","NYSE","19118779","17908185","5604320","3.41",,
"2022-12-15","NEM","Newmont Corporation","NYSE","11690973","11147287","7516795","1.56",,
"2022-12-15","NET","Cloudflare, Inc. Class A commo","NYSE","18196591","15545513","5272914","3.45",,
"2022-12-15","NFLX","Netflix, Inc. Common Stock","NNM","11516162","10477203","10719523","1.07",,
"2022-12-15","NKE","Nike, Inc.","NYSE","15049003","16188464","6795933","2.21",,
"2022-12-15","NOC","Northrop Grumman Corp.","NYSE","1775674","1787541","605866","2.93",,
"2022-12-15","NOW","SERVICENOW, INC.","NYSE","3530477","3203360","1379775","2.56",,
"2022-12-15","NSC","Norfolk Southern Corp.","NYSE","2530908","2548173","1322749","1.91",,
"2022-12-15","NVDA","NVIDIA Corporation Common Stoc","NNM","33799709","34939996","45361931","1.00",,
"2022-12-15","O","Realty Income Corporation","NYSE","18927909","19904078","4537224","4.17",,
"2022-12-15","ORCL","Oracle Corp","NYSE","16151697","15313765","9414742","1.72",,
"2022-12-15","ORLY","O'Reilly Automotive, Inc. Comm","NNM","976055","970379","429955","2.27",,
"2022-12-15","PANW","Palo Alto Networks, Inc. Commo","NNM","20000431","21007255","3372778","5.93",,
"2022-12-15","PCAR","PACCAR Inc. Common Stock","NNM","4552119","3646380","2197231","2.07",,
"2022-12-15","PEP","PepsiCo, Inc. Common Stock","NNM","11517141","10789838","4638100","2.48",,
"2022-12-15","PFE","Pfizer Inc.","NYSE","58020158","62827686","22553269","2.57",,
"2022-12-15","PG","Procter & Gamble Company","NYSE","14916708","13454694","6335657","2.35",,
"2022-12-15","PGR","Progressive Corporation","NYSE","2714472","3109949","2029534","1.34",,
"2022-12-15","PH","Parker-Hannifin Corporation","NYSE","1506205","1188094","750091","2.01",,
"2022-12-15","PLD","PROLOGIS, INC.","NYSE","10513978","11588651","3411837","3.08",,
"2022-12-15","PLTR","Palantir Technologies Inc. Cla","NYSE","122900553","127461104","27713490","4.43",,
"2022-12-15","PM","Philip Morris International In","NYSE","8926043","9030245","7814568","1.14",,
"2022-12-15","PNC","PNC Financial Services Group","NYSE","5442611","5376829","2484964","2.19",,
"2022-12-15","PSX","PHILLIPS 66","NYSE","10515240","12513308","3020733","3.48",,
"2022-12-15","PWR","Quanta Services, Inc.","NYSE","4479509","4447569","885756","5.06",,
"2022-12-15","QCOM","QUALCOMM Incorporated Common S","NNM","13353786","12609885","7547653","1.77",,
"2022-12-15","RCL","Royal Caribbean Group","NYSE","21181696","21245501","3508577","6.04",,
"2022-12-15","REGN","Regeneron Pharmaceuticals, Inc","NNM","1439926","1551167","584183","2.46",,
"2022-12-15","ROST","Ross Stores, Inc. Common Stock","NNM","5777857","6011594","2234691","2.59",,
"2022-12-15","RSG","Republic Services Inc.","NYSE","1491137","1690356","850015","1.75",,
"2022-12-15","RTX","Raytheon Technologies Corporat","NYSE","10191617","8401158","4323162","2.36",,
"2022-12-15","SBUX","Starbucks Corporation Common S","NNM","17808279","14021713","6929555","2.57",,
"2022-12-15","SCCO","Southern Copper Corporation","NYSE","6037320","6553491","1104819","5.46",,
"2022-12-15","SCHW","The Charles Schwab Corporation","NYSE","17205027","16032098","6277368","2.74",,
"2022-12-15","SHW","The Sherwin-Williams Company","NYSE","2062886","1719545","1327988","1.55",,
"2022-12-15","SNOW","Snowflake Inc.","NYSE","13092876","11487781","7233484","1.81",,
"2022-12-15","SNPS","Synopsys, Inc. Common Stock","NNM","2021657","1675801","1090045","1.85",,
"2022-12-15","SO","The Southern Company","NYSE","10435608","9027809","4813760","2.17",,
"2022-12-15","SPCX","The SPAC and New Issue ETF","NNM","28631","161352","46222","1.00",,
"2022-12-15","SPG","Simon Property Group, Inc.","NYSE","7223660","7461549","1864673","3.87",,
"2022-12-15","SPGI","S&P Global Inc.","NYSE","5167359","4875741","1846772","2.80",,
"2022-12-15","SYK","Stryker Corporation","NYSE","4980000","4277419","1364437","3.65",,
"2022-12-15","T","AT&T Inc.","NYSE","86114404","87173466","39763135","2.17",,
"2022-12-15","TDG","TransDigm Group Incorporated","NYSE","1405773","1495956","302296","4.65",,
"2022-12-15","TFC","Truist Financial Corporation","NYSE","13788204","12904119","9982782","1.38",,
"2022-12-15","TGT","Target Corporation","NYSE","11628062","11911097","4260396","2.73",,
"2022-12-15","TJX","TJX Companies, Inc. (The)","NYSE","9437278","11981445","5552518","1.70",,
"2022-12-15","TMO","Thermo Fisher Scientific, Inc.","NYSE","3040640","2865598","1452634","2.09",,
