"settlementDate","symbolCode","issueName","marketClassCode","currentShortPositionQuantity","previousShortPositionQuantity","averageDailyVolumeQuantity","daysToCoverQuantity","stockSplitFlag","revisionFlag"
"2024-07-31","CSX","CSX Corporation Common Stock","NNM","25121939","29487669","11134722","2.26",,
"2024-07-31","CTAS","Cintas Corporation Common Stoc","NNM","1351783","1457669","476619","2.84",,
"2024-07-31","CVNA","Carvana Co.","NYSE","15059972","18845763","4343967","3.47",,
"2024-07-31","CVS","CVS HEALTH CORPORATION","NYSE","19988081","17816744","9756844","2.05",,
"2024-07-31","CVX","Chevron Corporation","NYSE","50141460","49188935","6058388","8.28",,
"2024-07-31","D","Dominion Energy, Inc Common St","NYSE","15438150","15406394","3385248","4.56",,
"2024-07-31","DASH","DoorDash, Inc. Class A Common","NNM","11850345","13921192","4514803","2.62",,
"2024-07-31","DDOG","Datadog, Inc. Class A Common S","NNM","8303950","9852980","3478609","2.39",,
"2024-07-31","DE","Deere & Company","NYSE","3745803","3223692","1487781","2.52",,
"2024-07-31","DELL","Dell Technologies Inc.","NYSE","8949780","9941943","10845603","1.00",,
"2024-07-31","DHR","Danaher Corporation","NYSE","6161401","6547380","3559757","1.73",,
"2024-07-31","DIS","The Walt Disney Company","NYSE","22027274","22357111","11662677","1.89",,
"2024-07-31","DLR","Digital Realty Trust, Inc.","NYSE","8576401","9741524","1850026","4.64",,
"2024-07-31","DUK","Duke Energy Corporation","NYSE","8796645","9402570","2812649","3.13",,
"2024-07-31","ECL","Ecolab, Inc.","NYSE","1832595","1692831","1111472","1.65",,
"2024-07-31","ELV","Elevance Health, Inc.","NYSE","1999697","1760245","1625813","1.23",,
"2024-07-31","EMR","Emerson Electric Co.","NYSE","7045302","6909554","2474669","2.85",,
"2024-07-31","EOG","EOG Resources, Inc.","NYSE","10158214","10133360","2583758","3.93",,
"2024-07-31","EPD","Enterprise Products Partners L","NYSE","10880028","13319486","5501910","1.98",,
"2024-07-31","EQIX","Equinix, Inc. Common Stock REI","NNM","1451974","1611652","404071","3.59",,
"2024-07-31","FCX","Freeport-McMoran Inc.","NYSE","21513784","19814503","13426469","1.60",,
"2024-07-31","FDX","FedEx Corporation","NYSE","2738946","4009077","1486411","1.84",,
"2024-07-31","FTNT","Fortinet, Inc. Common Stock","NNM","17112888","17003384","5224814","3.28",,
"2024-07-31","GD","General Dynamics Corporation","NYSE","1798945","1709782","1315839","1.37",,
"2024-07-31","GE","GE Aerospace","NYSE","9948390","11114365","7105368","1.40",,
"2024-07-31","GEV","GE Vernova Inc.","NYSE","4049411","4392773","3590770","1.13",,
"2024-07-31","GILD","Gilead Sciences, Inc. Common S","NNM","17844574","21250019","6636494","2.69",,
"2024-07-31","GLW","Corning Incorporated","NYSE","14490268","18602979","9616792","1.51",,
"2024-07-31","GM","General Motors Company","NYSE","35134681","42540322","17697869","1.99",,
"2024-07-31","GOOG","Alphabet Inc. Class C Capital","NNM","40721420","45714908","19061773","2.14",,
"2024-07-31","GOOGL","Alphabet Inc. Class A Common S","NNM","65675575","71534234","28406022","2.31",,
"2024-07-31","GS","Goldman Sachs Group Inc.","NYSE","5610953","5534484","2441317","2.30",,
"2024-07-31","GWW","W.W. Grainger, Inc.","NYSE","1444342","1442757","245331","5.89",,
"2024-07-31","HCA","HCA Healthcare, Inc.","NYSE","2555281","2365090","1649172","1.55",,
"2024-07-31","HD","Home Depot, Inc.","NYSE","9124106","8632911","3029826","3.01",,
"2024-07-31","HLT","Hilton Worldwide Holdings Inc.","NYSE","3812398","3639690","1579436","2.41",,
"2024-07-31","HON","Honeywell International Inc. C","NNM","5812906","7114311","3418866","1.70",,
"2024-07-31","HOOD","Robinhood Markets, Inc. Class","NNM","33959193","30364513","12097173","2.81",,
"2024-07-31","HPE","Hewlett Packard Enterprise Com","NYSE","24797996","24179637","9779531","2.54",,
"2024-07-31","HWM","Howmet Aerospace Inc.","NYSE","6939127","10072541","3844182","1.81",,
"2024-07-31","IBKR","Interactive Brokers Group, Inc","NNM","2252816","2450331","1230137","1.83",,
"2024-07-31","IBM","International Business Machine","NYSE","20649542","21506626","4360197","4.74",,
"2024-07-31","ICE","Intercontinental Exchange  Inc","NYSE","5765305","6042002","2868906","2.01",,
"2024-07-31","INTC","Intel Corporation Common Stock","NNM","91160118","94940855","54463548","1.67",,
"2024-07-31","INTU","Intuit Inc. Common Stock","NNM","3398112","3741427","1219701","2.79",,
"2024-07-31","ISRG","Intuitive Surgical, Inc. Commo","NNM","3386475","4304015","2132842","1.59",,
"2024-07-31","ITW","Illinois Tool Works Inc.","NYSE","5342279","5285757","1219747","4.38",,
"2024-07-31","JNJ","Johnson & Johnson","NYSE","18848671","17985418","8078881","2.33",,
"2024-07-31","JPM","JPMorgan Chase & Co.","NYSE","25030221","22577873","8572291","2.92",,
"2024-07-31","KKR","KKR & Co. Inc.","NYSE","12859473","16979340","4022932","3.20",,
"2024-07-31","KLAC","KLA Corporation Common Stock","NNM","2013157","2549745","1226870","1.64",,
"2024-07-31","KMI","Kinder Morgan, Inc.","NYSE","42962245","43808821","20292785","2.12",,
"2024-07-31","KO","Coca-Cola Company","NYSE","33076238","31179764","12843318","2.58",,
"2024-07-31","LIN","Linde plc Ordinary Shares","NNM","4920717","4654595","1452809","3.39",,
"2024-07-31","LLY","Eli Lilly & Co.","NYSE","5409020","6314668","3699038","1.46",,
"2024-07-31","LMT","Lockheed Martin Corp.","NYSE","2513479","1711501","1376092","1.83",,
"2024-07-31","LOW","Lowe's Companies Inc.","NYSE","9638926","9037886","2495277","3.86",,
"2024-07-31","LRCX","Lam Research Corporation Commo","NNM","2097865","2542744","1335769","1.57",,
"2024-07-31","MA","Mastercard Incorporated","NYSE","5175939","4408893","2729058","1.90",,
"2024-07-31","MAR","Marriott International Class A","NNM","5831751","5641116","1599048","3.65",,
"2024-07-31","MCD","McDonald's Corporation","NYSE","10363067","9817294","4372367","2.37",,
"2024-07-31","MCK","McKesson Corporation","NYSE","1889263","1850913","665458","2.84",,
"2024-07-31","MCO","Moody's Corporation","NYSE","1395076","1746629","1020752","1.37",,
"2024-07-31","MDLZ","Mondelez International, Inc. C","NNM","12542029","14586549","6306238","1.99",,
"2024-07-31","MDT","Medtronic plc","NYSE","13416612","13680567","6882561","1.95",,
"2024-07-31","META","Meta Platforms, Inc. Class A C","NNM","27863566","29858953","16077829","1.73",,
"2024-07-31","MMM","3M Company","NYSE","8204395","7667107","6916455","1.19",,
"2024-07-31","MNST","Monster Beverage Corporation","NNM","23169119","23380962","5420619","4.27",,
"2024-07-31","MO","Altria Group, Inc.","NYSE","25045991","25613516","8420704","2.97",,
"2024-07-31","MPC","MARATHON PETROLEUM CORPORATION","NYSE","7985675","7911279","2402288","3.32",,
"2024-07-31","MPWR","Monolithic Power Systems, Inc.","NNM","1320614","1748418","655293","2.02",,
"2024-07-31","MRK","Merck & Co., Inc.","NYSE","26717858","24568947","10695372","2.50",,
"2024-07-31","MRVL","Marvell Technology, Inc. Commo","NNM","35532335","37388842","10686385","3.33",,
"2024-07-31","MS","Morgan Stanley","NYSE","16393758","12991484","8595863","1.91",,
"2024-07-31","MSFT","Microsoft Corporation Common S","NNM","57774674","61931266","23153933","2.50",,
"2024-07-31","MSI","Motorola Solutions, Inc. New","NYSE","1624263","1791019","553101","2.94",,
"2024-07-31","MU","Micron Technology, Inc. Common","NNM","23169385","24054703","22761041","1.02",,
"2024-07-31","NEE","Nextra Energy, Inc.","NYSE","32387845","33661098","10448543","3.10",,
"2024-07-31","NEM","Newmont Corporation","NYSE","17073998","17307183","8160423","2.09",,
"2024-07-31","NET","Cloudflare, Inc. Class A commo","NYSE","9460520","8764963","2442215","3.87",,
"2024-07-31","NFLX","Netflix, Inc. Common Stock","NNM","6488690","7387665","4391026","1.48",,
"2024-07-31","NKE","Nike, Inc.","NYSE","23022782","23735867","13654512","1.69",,
"2024-07-31","NOC","Northrop Grumman Corp.","NYSE","1409881","1256797","1038198","1.36",,
"2024-07-31","NOW","SERVICENOW, INC.","NYSE","3056446","3270712","1896102","1.61",,
"2024-07-31","NSC","Norfolk Southern Corp.","NYSE","1933980","2755581","1436999","1.35",,
"2024-07-31","NVDA","NVIDIA Corporation Common Stoc","NNM","275196949","280295880","319735898","1.00",,
"2024-07-31","ORCL","Oracle Corp","NYSE","15545412","14416859","6591244","2.36",,
"2024-07-31","ORLY","O'Reilly Automotive, Inc. Comm","NNM","1381935","1187797","438163","3.15",,
"2024-07-31","PANW","Palo Alto Networks, Inc. Commo","NNM","11139431","11171902","2329920","4.78",,
"2024-07-31","PCAR","PACCAR Inc. Common Stock","NNM","13185118","13620182","4009974","3.29",,
"2024-07-31","PEP","PepsiCo, Inc. Common Stock","NNM","16714731","18699383","5429887","3.08",,
"2024-07-31","PFE","Pfizer Inc.","NYSE","65334514","55701935","41808499","1.56",,
"2024-07-31","PG","Procter & Gamble Company","NYSE","19921249","19060802","7430214","2.68",,
"2024-07-31","PGR","Progressive Corporation","NYSE","5032068","4663221","2767045","1.82",,
"2024-07-31","PH","Parker-Hannifin Corporation","NYSE","1025402","1341210","709116","1.45",,
"2024-07-31","PLD","PROLOGIS, INC.","NYSE","11564805","11788172","4283396","2.70",,
"2024-07-31","PLTR","Palantir Technologies Inc. Cla","NYSE","63446106","81122898","42387892","1.50",,
"2024-07-31","PM","Philip Morris International In","NYSE","9124673","8448399","5486350","1.66",,
"2024-07-31","PNC","PNC Financial Services Group","NYSE","4958415","6318991","2235013","2.22",,
"2024-07-31","PSX","PHILLIPS 66","NYSE","8118428","8790408","2111246","3.85",,
"2024-07-31","PWR","Quanta Services, Inc.","NYSE","4240157","4304742","1149617","3.69",,
"2024-07-31","QCOM","QUALCOMM Incorporated Common S","NNM","30223007","28566603","10503862","2.88",,
"2024-07-31","RCL","Royal Caribbean Group","NYSE","16244081","16501919","2772639","5.86",,
"2024-07-31","REGN","Regeneron Pharmaceuticals, Inc","NNM","2010425","1892424","389373","5.16",,
"2024-07-31","ROST","Ross Stores, Inc. Common Stock","NNM","3051261","3799365","1958700","1.56",,
"2024-07-31","RSG","Republic Services Inc.","NYSE","2515617","2689865","1385128","1.82",,
"2024-07-31","RTX","RTX Corporation","NYSE","17673959","16391825","6830148","2.59",,
"2024-07-31","SBUX","Starbucks Corporation Common S","NNM","22142622","23138502","15378035","1.44",,
"2024-07-31","SCCO","Southern Copper Corporation","NYSE","6499748","6652094","1312842","4.95",,
"2024-07-31","SCHW","The Charles Schwab Corporation","NYSE","17488116","16952968","17098893","1.02",,
"2024-07-31","SHW","The Sherwin-Williams Company","NYSE","4159283","3645706","2081746","2.00",,
"2024-07-31","SNOW","Snowflake Inc.","NYSE","11502896","12654297","4571259","2.52",,
"2024-07-31","SNPS","Synopsys, Inc. Common Stock","NNM","3231785","3811281","960310","3.37",,
"2024-07-31","SO","The Southern Company","NYSE","18422017","18642715","3848480","4.79",,
"2024-07-31","SPCX","The SPAC and New Issue ETF","NNM","8448","8247","1227","6.89",,
"2024-07-31","SPG","Simon Property Group, Inc.","NYSE","4885335","4558911","1387405","3.52",,
"2024-07-31","SPGI","S&P Global Inc.","NYSE","2094047","2199014","1163135","1.80",,
"2024-07-31","SYK","Stryker Corporation","NYSE","3177201","3857627","1737788","1.83",,
"2024-07-31","T","AT&T Inc.","NYSE","101037466","101541061","40917410","2.47",,
"2024-07-31","TDG","TransDigm Group Incorporated","NYSE","788201","737745","213396","3.69",,
"2024-07-31","TFC","Truist Financial Corporation","NYSE","13954831","14806570","8756416","1.59",,
"2024-07-31","TGT","Target Corporation","NYSE","12088965","10897021","3105117","3.89",,
"2024-07-31","TJX","TJX Companies, Inc. (The)","NYSE","11316493","12557557","4414812","2.56",,
"2024-07-31","TMO","Thermo Fisher Scientific, Inc.","NYSE","3580161","3044705","1915333","1.87",,
"2024-07-31","TMUS","T-Mobile US, Inc. Common Stock","NNM","15927509","19147195","4315701","3.69",,
"2024-07-31","TRV","The Travelers Companies, Inc.","NYSE","3860759","4039106","1387622","2.78",,
"2024-07-31","TSLA","Tesla, Inc. Common Stock","NNM","86969962","104460574","108900383","1.00",,
"2024-07-31","TXN","Texas Instruments Incorporated","NNM","20321450","19713611","6280477","3.24",,
"2024-07-31","UBER","Uber Technologies, Inc.","NYSE","43795610","49300126","17495505","2.50",,
"2024-07-31","UNH","UNITEDHEALTH GROUP INCORPORATE","NYSE","8246807","7027843","4996631","1.65",,
"2024-07-31","UNP","Union Pacific Corp.","NYSE","4364340","4885384","2732115","1.60",,
"2024-07-31","UPS","United Parcel Service, Inc. Cl","NYSE","13733986","13313450","7166917","1.92",,
"2024-07-31","URI","United Rentals, Inc.","NYSE","2571944","2862520","756971","3.40",,
"2024-07-31","USB","U.S. Bancorp","NYSE","17687059","15565123","10750801","1.65",,
"2024-07-31","V","VISA Inc.","NYSE","22117990","21242591","7280163","3.04",,
"2024-07-31","VLO","Valero Energy Corporation","NYSE","13509407","14740628","2859361","4.72",,
"2024-07-31","VRT","Vertiv Holdings Co Class A Com","NYSE","18748247","14974600","11921381","1.57",,
"2024-07-31","VRTX","Vertex Pharmaceuticals Incorpo","NNM","5080317","4124520","1089764","4.66",,
"2024-07-31","VZ","Verizon Communications","NYSE","47992126","49682312","21766297","2.20",,
"2024-07-31","WBD","Warner Bros. Discovery, Inc. S","NNM","114978826","133019773","32253260","3.56",,
"2024-07-31","WDC","Western Digital Corporation Co","NNM","17945498","21457356","7338459","2.45",,
"2024-07-31","WELL","Welltower Inc.","NYSE","9725858","10741581","2480064","3.92",,
"2024-07-31","WFC","Wells Fargo & Co.","NYSE","30554098","33703539","13923182","2.19",,
"2024-07-31","WM","Waste Management, Inc.","NYSE","3569602","3718010","1781976","2.00",,
"2024-07-31","WMB","Williams Companies Inc.","NYSE","23851741","19922330","7476781","3.19",,
"2024-07-31","WMT","Walmart Inc.","NYSE","37358146","36798392","14291366","2.61",,
"2024-07-31","XOM","Exxon Mobil Corporation","NYSE","38338504","35426781","13284036","2.89",,
"2024-08-30","AAPL","Apple Inc. Common Stock","NNM","135042504","121598771","39938413","3.38",,
"2024-08-30","ABBV","ABBVIE INC.","NYSE","19493508","20188371","3929100","4.96",,
"2024-08-30","ABNB","Airbnb, Inc. Class A Common St","NNM","13237015","13287208","4132755","3.20",,
"2024-08-30","ABT","Abbott Laboratories","NYSE","12752770","12681454","3972357","3.21",,
"2024-08-30","ADBE","Adobe Inc. Common Stock","NNM","5340401","5228232","1554399","3.44",,
"2024-08-30","ADI","Analog Devices, Inc. Common St","NNM","8640527","8480403","3308036","2.61",,
"2024-08-30","ADP","Automatic Data Processing, Inc","NNM","5516224","4890991","1114591","4.95",,
"2024-08-30","AEP","American Electric Power Compan","NNM","7841220","7246234","2472583","3.17",,
"2024-08-30","AFL","Aflac Inc.","NYSE","14033013","14125634","2137829","6.56",,
"2024-08-30","AJG","Arthur J. Gallagher & Co.","NYSE","2686372","2328308","621454","4.32",,
"2024-08-30","ALL","The Allstate Corporation","NYSE","2082681","2128666","1540934","1.35",,
"2024-08-30","AMAT","Applied Materials, Inc. Common","NNM","15185584","12912326","6519804","2.33",,
"2024-08-30","AMD","Advanced Micro Devices, Inc. C","NNM","50212398","48226352","43691253","1.15",,
"2024-08-30","AMGN","Amgen Inc. Common Stock","NNM","8477354","9238213","1549595","5.47",,
"2024-08-30","AMT","American Tower Corporation","NYSE","4061812","4043079","1621997","2.50",,
"2024-08-30","AMZN","Amazon.com, Inc. Common Stock","NNM","81267520","80798431","30395445","2.67",,
"2024-08-30","ANET","Arista Networks","NYSE","2471607","2616422","1268364","1.95",,
"2024-08-30","AON","Aon plc Class A","NYSE","4398045","4176522","721820","6.09",,
"2024-08-30","APD","Air Products & Chemicals, Inc.","NYSE","3287236","3141761","753249","4.36",,
"2024-08-30","APH","Amphenol Corporation","NYSE","10008978","10487176","4771446","2.10",,
"2024-08-30","APO","Apollo Global Management, Inc.","NYSE","20240390","20600363","1914358","10.57",,
"2024-08-30","APP","Applovin Corporation Class A C","NNM","15246226","14622295","2848858","5.35",,
"2024-08-30","AVGO","Broadcom Inc. Common Stock","NNM","54738162","50861543","20318666","2.69",,
"2024-08-30","AXP","American Express Company","NYSE","9292241","9421681","2335158","3.98",,
"2024-08-30","BA","Boeing Company","NYSE","12335865","13557806","4728043","2.61",,
"2024-08-30","BAC","Bank of America Corporation","NYSE","69661204","62670171","37725331","1.85",,
"2024-08-30","BKNG","Booking Holdings Inc. Common S","NNM","629539","609579","213409","2.95",,
"2024-08-30","BLK","Blackrock, Inc.","NYSE","1860787","1520080","404478","4.60",,
"2024-08-30","BMY","Bristol-Myers Squibb Co.","NYSE","22257179","28009757","8678528","2.56",,
"2024-08-30","BNY","BlackRock New York Municipal I","NYSE","10650","13619","43985","1.00",,
"2024-08-30","BRKA","Berkshire Hathaway Inc.","NYSE","257","208","1653","1.00",,
"2024-08-30","BRKB","BERKSHIRE HATHAWAY Class B","NYSE","14529031","12278961","3916344","3.71",,
"2024-08-30","BSX","Boston Scientific Corp.","NYSE","11024151","10743082","4213422","2.62",,
"2024-08-30","BX","Blackstone Inc.","NYSE","16963663","16990728","2972183","5.71",,
"2024-08-30","C","Citigroup Inc.","NYSE","37846882","37753899","9690301","3.91",,
"2024-08-30","CAT","Caterpillar Inc.","NYSE","10101973","10842620","1903363","5.31",,
"2024-08-30","CCZ","Comcast Holdings Corp. 2.0% Ex","NYSE","105","105","43","2.44",,
"2024-08-30","CDNS","Cadence Design Systems, Inc. C","NNM","3339698","3279921","1508313","2.21",,
"2024-08-30","CEG","Constellation Energy Corporati","NNM","5971220","5136392","2196253","2.72",,
"2024-08-30","CI","The Cigna Group","NYSE","3343251","3462863","1039528","3.22",,
"2024-08-30","CL","Colgate-Palmolive Company","NYSE","8701345","8170688","3117057","2.79",,
"2024-08-30","CMCSA","Comcast Corporation Class A Co","NNM","51780668","53368557","14293362","3.62",,
"2024-08-30","CME","CME Group Inc. Class A Common","NNM","3885704","3841734","1412167","2.75",,
"2024-08-30","CMI","Cummins Inc.","NYSE","2135823","2067875","580555","3.68",,
"2024-08-30","COF","Capital One Financial","NYSE","9148138","8668427","1729540","5.29",,
"2024-08-30","COP","ConocoPhillips","NYSE","20754742","19983012","4702842","4.41",,
"2024-08-30","COST","Costco Wholesale Corporation C","NNM","7332130","6845690","1560314","4.70",,
"2024-08-30","CRM","Salesforce, Inc.","NYSE","11967742","13970349","6644032","1.80",,
"2024-08-30","CRWD","CrowdStrike Holdings, Inc. Cla","NNM","8354186","8473443","5377587","1.55",,
"2024-08-30","CSCO","Cisco Systems, Inc. Common Sto","NNM","60191550","52036345","16888071","3.56",,
"2024-08-30","CSX","CSX Corporation Common Stock","NNM","24645473","25658187","8666639","2.84",,
"2024-08-30","CTAS","Cintas Corporation Common Stoc","NNM","1431636","1511900","332228","4.31",,
"2024-08-30","CVNA","Carvana Co.","NYSE","13858863","15415357","2391660","5.79",,
"2024-08-30","CVS","CVS HEALTH CORPORATION","NYSE","18495652","17418674","7247666","2.55",,
"2024-08-30","CVX","Chevron Corporation","NYSE","52134181","50613403","5686510","9.17",,
"2024-08-30","D","Dominion Energy, Inc Common St","NYSE","16355781","15829381","3033557","5.39",,
"2024-08-30","DASH","DoorDash, Inc. Class A Common","NNM","11727375","10844033","2751369","4.26",,
"2024-08-30","DDOG","Datadog, Inc. Class A Common S","NNM","8537016","8503237","1948261","4.38",,
"2024-08-30","DE","Deere & Company","NYSE","5036328","4033594","1275647","3.95",,
"2024-08-30","DELL","Dell Technologies Inc.","NYSE","11051487","8704781","11484568","1.00",,
"2024-08-30","DHR","Danaher Corporation","NYSE","6600284","6388609","1849352","3.57",,
"2024-08-30","DIS","The Walt Disney Company","NYSE","22959235","21113655","8174617","2.81",,
"2024-08-30","DLR","Digital Realty Trust, Inc.","NYSE","8086845","8122825","1359693","5.95",,
"2024-08-30","DUK","Duke Energy Corporation","NYSE","10626847","10849176","2802027","3.79",,
"2024-08-30","ECL","Ecolab, Inc.","NYSE","1821794","1728699","785989","2.32",,
"2024-08-30","ELV","Elevance Health, Inc.","NYSE","1776654","1668367","618425","2.87",,
"2024-08-30","EMR","Emerson Electric Co.","NYSE","7145624","6774995","2485422","2.88",,
"2024-08-30","EOG","EOG Resources, Inc.","NYSE","11904784","9558405","2381202","5.00",,
"2024-08-30","EPD","Enterprise Products Partners L","NYSE","15734495","13953934","3169854","4.96",,
"2024-08-30","EQIX","Equinix, Inc. Common Stock REI","NNM","1553503","1405384","347768","4.47",,
"2024-08-30","FCX","Freeport-McMoran Inc.","NYSE","20942725","20777980","8958941","2.34",,
"2024-08-30","FDX","FedEx Corporation","NYSE","3049266","2875025","862442","3.54",,
"2024-08-30","FTNT","Fortinet, Inc. Common Stock","NNM","13719373","12979465","3733800","3.67",,
"2024-08-30","GD","General Dynamics Corporation","NYSE","2318597","1914140","976750","2.37",,
"2024-08-30","GE","GE Aerospace","NYSE","13471486","10541412","3872133","3.48",,
"2024-08-30","GEV","GE Vernova Inc.","NYSE","4666157","3865298","2398815","1.95",,
"2024-08-30","GILD","Gilead Sciences, Inc. Common S","NNM","19797475","16765272","4843642","4.09",,
"2024-08-30","GLW","Corning Incorporated","NYSE","11866374","11844671","3830150","3.10",,
"2024-08-30","GM","General Motors Company","NYSE","40368887","37077328","10133080","3.98",,
"2024-08-30","GOOG","Alphabet Inc. Class C Capital","NNM","41106251","42046936","15110119","2.72",,
"2024-08-30","GOOGL","Alphabet Inc. Class A Common S","NNM","72054342","69353838","18853339","3.82",,
"2024-08-30","GS","Goldman Sachs Group Inc.","NYSE","5867313","5320389","1398772","4.19",,
"2024-08-30","GWW","W.W. Grainger, Inc.","NYSE","1620216","1433932","197162","8.22",,
"2024-08-30","HCA","HCA Healthcare, Inc.","NYSE","3049102","2657703","776241","3.93",,
"2024-08-30","HD","Home Depot, Inc.","NYSE","10437339","9554971","3170876","3.29",,
"2024-08-30","HLT","Hilton Worldwide Holdings Inc.","NYSE","4198694","4049432","1306778","3.21",,
"2024-08-30","HON","Honeywell International Inc. C","NNM","6796628","5529246","2286912","2.97",,
"2024-08-30","HOOD","Robinhood Markets, Inc. Class","NNM","21338911","33690269","10324057","2.07",,
"2024-08-30","HPE","Hewlett Packard Enterprise Com","NYSE","20756217","24399895","9226264","2.25",,
"2024-08-30","HWM","Howmet Aerospace Inc.","NYSE","8497262","7984901","1757598","4.83",,
"2024-08-30","IBKR","Interactive Brokers Group, Inc","NNM","2550835","2472891","704046","3.62",,
"2024-08-30","IBM","International Business Machine","NYSE","20613667","20441840","2644300","7.80",,
"2024-08-30","ICE","Intercontinental Exchange  Inc","NYSE","6249238","5892100","2030579","3.08",,
"2024-08-30","INTC","Intel Corporation Common Stock","NNM","108162831","119658050","72515023","1.49",,
"2024-08-30","INTU","Intuit Inc. Common Stock","NNM","3161274","3446497","1565897","2.02",,
"2024-08-30","ISRG","Intuitive Surgical, Inc. Commo","NNM","3944802","3740195","983643","4.01",,
"2024-08-30","ITW","Illinois Tool Works Inc.","NYSE","5842227","5650761","664780","8.79",,
"2024-08-30","JNJ","Johnson & Johnson","NYSE","21126116","19814375","6106278","3.46",,
"2024-08-30","JPM","JPMorgan Chase & Co.","NYSE","27675352","25294448","6282997","4.40",,
"2024-08-30","KKR","KKR & Co. Inc.","NYSE","12998006","12767949","2101152","6.19",,
"2024-08-30","KLAC","KLA Corporation Common Stock","NNM","2697689","2245827","769639","3.51",,
"2024-08-30","KMI","Kinder Morgan, Inc.","NYSE","43450730","40470677","11223889","3.87",,
"2024-08-30","KO","Coca-Cola Company","NYSE","39141866","36349453","13326177","2.94",,
"2024-08-30","LIN","Linde plc Ordinary Shares","NNM","5227913","4920709","1148391","4.55",,
"2024-08-30","LLY","Eli Lilly & Co.","NYSE","6271825","6302720","2605777","2.41",,
"2024-08-30","LMT","Lockheed Martin Corp.","NYSE","2638976","2548711","840162","3.14",,
"2024-08-30","LOW","Lowe's Companies Inc.","NYSE","7009320","9180699","2347453","2.99",,
"2024-08-30","LRCX","Lam Research Corporation Commo","NNM","2566131","2395631","1086607","2.36",,
"2024-08-30","MA","Mastercard Incorporated","NYSE","5913355","5346766","1854389","3.19",,
"2024-08-30","MAR","Marriott International Class A","NNM","4217757","4782098","1180564","3.57",,
"2024-08-30","MCD","McDonald's Corporation","NYSE","10033251","9848381","2788825","3.60",,
"2024-08-30","MCK","McKesson Corporation","NYSE","1897162","2056552","673775","2.82",,
"2024-08-30","MCO","Moody's Corporation","NYSE","1552212","1561826","595509","2.61",,
"2024-08-30","MDLZ","Mondelez International, Inc. C","NNM","13980304","13372901","4284876","3.26",,
"2024-08-30","MDT","Medtronic plc","NYSE","16497538","14837648","6900854","2.39",,
"2024-08-30","META","Meta Platforms, Inc. Class A C","NNM","33250771","31595221","10425471","3.19",,
"2024-08-30","MMM","3M Company","NYSE","7899555","8720710","3326131","2.37",,
"2024-08-30","MNST","Monster Beverage Corporation","NNM","27920108","21580592","4874297","5.73",,
"2024-08-30","MO","Altria Group, Inc.","NYSE","26158428","24190318","6970399","3.75",,
"2024-08-30","MPC","MARATHON PETROLEUM CORPORATION","NYSE","8113821","7404953","2272408","3.57",,
"2024-08-30","MPWR","Monolithic Power Systems, Inc.","NNM","1543351","1462942","457025","3.38",,
"2024-08-30","MRK","Merck & Co., Inc.","NYSE","25914739","24811334","7262655","3.57",,
"2024-08-30","MRVL","Marvell Technology, Inc. Commo","NNM","21008483","36512625","12344914","1.70",,
"2024-08-30","MS","Morgan Stanley","NYSE","14856333","14439916","3465928","4.29",,
"2024-08-30","MSFT","Microsoft Corporation Common S","NNM","65801156","54789102","17260258","3.81",,
"2024-08-30","MSI","Motorola Solutions, Inc. New","NYSE","1672440","1547986","561809","2.98",,
"2024-08-30","MU","Micron Technology, Inc. Common","NNM","35979258","31423825","19363283","1.86",,
"2024-08-30","NEE","Nextra Energy, Inc.","NYSE","37196544","35196777","5820726","6.39",,
"2024-08-30","NEM","Newmont Corporation","NYSE","17042431","18091644","6104113","2.79",,
"2024-08-30","NET","Cloudflare, Inc. Class A commo","NYSE","9448690","9729877","1520637","6.21",,
"2024-08-30","NFLX","Netflix, Inc. Common Stock","NNM","8068710","7395297","2789862","2.89",,
"2024-08-30","NKE","Nike, Inc.","NYSE","19143833","22384620","10093995","1.90",,
"2024-08-30","NOC","Northrop Grumman Corp.","NYSE","1412908","1636734","524644","2.69",,
"2024-08-30","NOW","SERVICENOW, INC.","NYSE","3088614","2944396","848122","3.64",,
"2024-08-30","NSC","Norfolk Southern Corp.","NYSE","1946010","1937071","961644","2.02",,
"2024-08-30","NVDA","NVIDIA Corporation Common Stoc","NNM","260873913","293539007","340544070","1.00",,
"2024-08-30","ORCL","Oracle Corp","NYSE","17583119","18670917","4359162","4.03",,
"2024-08-30","ORLY","O'Reilly Automotive, Inc. Comm","NNM","1354791","1125907","266523","5.08",,
"2024-08-30","PANW","Palo Alto Networks, Inc. Commo","NNM","10786321","11734793","4459571","2.42",,
"2024-08-30","PCAR","PACCAR Inc. Common Stock","NNM","13915297","14776889","2103349","6.62",,
"2024-08-30","PEP","PepsiCo, Inc. Common Stock","NNM","18716749","16117676","4769737","3.92",,
"2024-08-30","PFE","Pfizer Inc.","NYSE","65379732","61731098","24164134","2.71",,
"2024-08-30","PG","Procter & Gamble Company","NYSE","20814862","21840552","5025399","4.14",,
"2024-08-30","PGR","Progressive Corporation","NYSE","5355358","4612270","2052602","2.61",,
"2024-08-30","PH","Parker-Hannifin Corporation","NYSE","1071444","1010514","514607","2.08",,
"2024-08-30","PLD","PROLOGIS, INC.","NYSE","12737159","10514656","2484357","5.13",,
"2024-08-30","PLTR","Palantir Technologies Inc. Cla","NYSE","54064393","60156736","40791410","1.33",,
"2024-08-30","PM","Philip Morris International In","NYSE","10207543","9550592","3880488","2.63",,
"2024-08-30","PNC","PNC Financial Services Group","NYSE","5231723","4710825","1360325","3.85",,
"2024-08-30","PSX","PHILLIPS 66","NYSE","7140651","7511798","2239837","3.19",,
"2024-08-30","PWR","Quanta Services, Inc.","NYSE","3923812","4198960","565487","6.94",,
"2024-08-30","QCOM","QUALCOMM Incorporated Common S","NNM","22397859","30129609","7415011","3.02",,
"2024-08-30","RCL","Royal Caribbean Group","NYSE","11097902","15480513","1722045","6.44",,
"2024-08-30","REGN","Regeneron Pharmaceuticals, Inc","NNM","2099594","2110709","374450","5.61",,
"2024-08-30","ROST","Ross Stores, Inc. Common Stock","NNM","3599569","3378861","2622708","1.37",,
"2024-08-30","RSG","Republic Services Inc.","NYSE","2270787","2471492","649589","3.50",,
"2024-08-30","RTX","RTX Corporation","NYSE","13850283","18225555","4687393","2.95",,
"2024-08-30","SBUX","Starbucks Corporation Common S","NNM","31167242","33402027","11932041","2.61",,
"2024-08-30","SCCO","Southern Copper Corporation","NYSE","6347373","6233374","897337","7.07",,
"2024-08-30","SCHW","The Charles Schwab Corporation","NYSE","15963921","18419747","8319178","1.92",,
"2024-08-30","SHW","The Sherwin-Williams Company","NYSE","3097047","3443808","1320157","2.35",,
"2024-08-30","SNOW","Snowflake Inc.","NYSE","12575733","11193647","11452788","1.10",,
"2024-08-30","SNPS","Synopsys, Inc. Common Stock","NNM","2932110","2607179","980203","2.99",,
"2024-08-30","SO","The Southern Company","NYSE","17637247","19784197","4076071","4.33",,
"2024-08-30","SPCX","The SPAC and New Issue ETF","NNM","7985","7256","1047","7.63",,
"2024-08-30","SPG","Simon Property Group, Inc.","NYSE","4982775","4879690","1174762","4.24",,
"2024-08-30","SPGI","S&P Global Inc.","NYSE","4242105","3971274","1145597","3.70",,
"2024-08-30","SYK","Stryker Corporation","NYSE","4447858","3747604","1035086","4.30",,
"2024-08-30","T","AT&T Inc.","NYSE","122339050","102833714","21650803","5.65",,
"2024-08-30","TDG","TransDigm Group Incorporated","NYSE","755100","875532","214416","3.52",,
"2024-08-30","TFC","Truist Financial Corporation","NYSE","17582218","14533445","7347833","2.39",,
"2024-08-30","TGT","Target Corporation","NYSE","14487877","13079887","6210489","2.33",,
"2024-08-30","TJX","TJX Companies, Inc. (The)","NYSE","12190171","12264304","6021085","2.02",,
"2024-08-30","TMO","Thermo Fisher Scientific, Inc.","NYSE","3544030","3317185","892832","3.97",,
"2024-08-30","TMUS","T-Mobile US, Inc. Common Stock","NNM","17425468","16651677","3163465","5.51",,
"2024-08-30","TRV","The Travelers Companies, Inc.","NYSE","3195921","3105248","922650","3.46",,
"2024-08-30","TSLA","Tesla, Inc. Common Stock","NNM","78698016","81972363","70877174","1.11",,
"2024-08-30","TXN","Texas Instruments Incorporated","NNM","21362313","18658182","5533061","3.86",,
"2024-08-30","UBER","Uber Technologies, Inc.","NYSE","51851539","50267561","10667715","4.86",,
"2024-08-30","UNH","UNITEDHEALTH GROUP INCORPORATE","NYSE","7821716","8319020","2154056","3.63",,
"2024-08-30","UNP","Union Pacific Corp.","NYSE","4849916","4320419","1911386","2.54",,
"2024-08-30","UPS","United Parcel Service, Inc. Cl","NYSE","13340973","14529389","3974178","3.36",,
"2024-08-30","URI","United Rentals, Inc.","NYSE","2799955","2862629","282199","9.92",,
"2024-08-30","USB","U.S. Bancorp","NYSE","17424691","16501717","6325003","2.75",,
"2024-08-30","V","VISA Inc.","NYSE","22158345","18266792","5614160","3.95",,
"2024-08-30","VLO","Valero Energy Corporation","NYSE","12969353","13825420","2425617","5.35",,
"2024-08-30","VRT","Vertiv Holdings Co Class A Com","NYSE","18798302","19855604","6000215","3.13",,
"2024-08-30","VRTX","Vertex Pharmaceuticals Incorpo","NNM","4380989","4423702","1017142","4.31",,
"2024-08-30","VZ","Verizon Communications","NYSE","45950335","47446003","12791055","3.59",,
"2024-08-30","WBD","Warner Bros. Discovery, Inc. S","NNM","114384330","138803385","29436261","3.89",,
"2024-08-30","WDC","Western Digital Corporation Co","NNM","17364233","17461867","4261551","4.07",,
"2024-08-30","WELL","Welltower Inc.","NYSE","11003888","9712214","2695349","4.08",,
"2024-08-30","WFC","Wells Fargo & Co.","NYSE","36584953","29565807","13602971","2.69",,
"2024-08-30","WM","Waste Management, Inc.","NYSE","3103395","2977926","1118360","2.77",,
"2024-08-30","WMB","Williams Companies Inc.","NYSE","21364038","21717275","4465796","4.78",,
"2024-08-30","WMT","Walmart Inc.","NYSE","42742494","40136802","14329511","2.98",,
"2024-08-30","XOM","Exxon Mobil Corporation","NYSE","44138745","39285644","11753895","3.76",,
"2021-02-26","AAPL","Apple Inc. Common Stock","NNM","100799312","88329668","98253327","1.03",,
"2021-02-26","ABBV","ABBVIE INC.","NYSE","15429290","14278312","6206853","2.49",,
"2021-02-26","ABNB","Airbnb, Inc. Class A Common St","NNM","13503361","11623667","4440071","3.04",,
"2021-02-26","ABT","Abbott Laboratories","NYSE","9794067","10492690","4219994","2.32",,
"2021-02-26","ADBE","Adobe Inc. Common Stock","NNM","4781814","4908064","2411732","1.98",,
"2021-02-26","ADI","Analog Devices, Inc. Common St","NNM","35250974","31914370","2908079","12.12",,
"2021-02-26","ADP","Automatic Data Processing, Inc","NNM","4687010","4197179","1696531","2.76",,
"2021-02-26","AEP","American Electric Power Compan","NNM","7436641","6355315","2947300","2.52",,
"2021-02-26","AFL","Aflac Inc.","NYSE","9565420","7057676","3818896","2.50",,
"2021-02-26","AJG","Arthur J. Gallagher & Co.","NYSE","1908249","1876547","776807","2.46",,
"2021-02-26","ALL","The Allstate Corporation","NYSE","3765225","3557237","1870409","2.01",,
"2021-02-26","AMAT","Applied Materials, Inc. Common","NNM","11497018","9624197","9355787","1.23",,
"2021-02-26","AMD","Advanced Micro Devices, Inc. C","NNM","79247010","80452201","34915695","2.27",,
"2021-02-26","AMGN","Amgen Inc. Common Stock","NNM","8101042","8712290","2070616","3.91",,
"2021-02-26","AMT","American Tower Corporation","NYSE","3800621","3662369","1551403","2.45",,
"2021-02-26","AMZN","Amazon.com, Inc. Common Stock","NNM","4317030","3796019","3204623","1.35",,
"2021-02-26","ANET","Arista Networks","NYSE","1821354","1639386","762817","2.39",,
"2021-02-26","AON","Aon plc Class A","NYSE","24779890","24506537","1750689","14.15",,
"2021-02-26","APD","Air Products & Chemicals, Inc.","NYSE","1780365","1579046","916728","1.94",,
"2021-02-26","APH","Amphenol Corporation","NYSE","2059667","2272404","1519647","1.36",,
"2021-02-26","APO","Apollo Global Management, Inc.","NYSE","6377984","5105808","1052576","6.06",,
"2021-02-26","AVGO","Broadcom Inc. Common Stock","NNM","4236054","4475179","1554857","2.72",,
"2021-02-26","AXP","American Express Company","NYSE","8786627","9260667","3118251","2.82",,
"2021-02-26","BA","Boeing Company","NYSE","9284018","9842034","14267338","1.00",,
"2021-02-26","BAC","Bank of America Corporation","NYSE","72256646","71110326","49787191","1.45",,
"2021-02-26","BKNG","Booking Holdings Inc. Common S","NNM","772452","809925","396193","1.95",,
"2021-02-26","BLK","Blackrock, Inc.","NYSE","1467870","1697633","661413","2.22",,
"2021-02-26","BMY","Bristol-Myers Squibb Co.","NYSE","28190063","20788673","12488232","2.26",,
"2021-02-26","BNY","BlackRock New York Municipal I","NYSE","40104","40926","41209","1.00",,
"2021-02-26","BRKA","Berkshire Hathaway Inc.","NYSE","652","590","1490","1.00",,
"2021-02-26","BRKB","BERKSHIRE HATHAWAY Class B","NYSE","10068438","11037221","4265458","2.36",,
"2021-02-26","BSX","Boston Scientific Corp.","NYSE","17808102","18230320","8086586","2.20",,
"2021-02-26","BX","The Blackstone Group Inc. Clas","NYSE","6590393","7274088","1904640","3.46",,
"2021-02-26","C","Citigroup Inc.","NYSE","26363976","22739783","18937111","1.39",,
"2021-02-26","CAT","Caterpillar Inc.","NYSE","6111931","5290300","3484359","1.75",,
"2021-02-26","CCZ","Comcast Holdings Corp. 2.0% Ex","NYSE","123","77","199","1.00",,
"2021-02-26","CDNS","Cadence Design Systems, Inc. C","NNM","3546841","2511238","1879274","1.89",,
"2021-02-26","CI","CIGNA Corporation","NYSE","4886305","4422087","1621134","3.01",,
"2021-02-26","CL","Colgate-Palmolive Company","NYSE","7661393","6981909","3393434","2.26",,
"2021-02-26","CMCSA","Comcast Corporation Class A Co","NNM","76227990","76698055","13851645","5.50",,
"2021-02-26","CME","CME Group Inc. Class A Common","NNM","5274037","5705209","1842693","2.86",,
"2021-02-26","CMI","Cummins Inc.","NYSE","3058605","2756227","867434","3.53",,
"2021-02-26","COF","Capital One Financial","NYSE","4932635","4628964","2857304","1.73",,
"2021-02-26","COP","ConocoPhillips","NYSE","16087481","15622100","9490488","1.70",,
"2021-02-26","COST","Costco Wholesale Corporation C","NNM","4212513","4330528","2270052","1.86",,
"2021-02-26","CRM","salesforce.com, inc.","NYSE","19739173","23671388","6022894","3.28",,
"2021-02-26","CRWD","CrowdStrike Holdings, Inc. Cla","NNM","8816292","8598323","3096818","2.85",,
"2021-02-26","CSCO","Cisco Systems, Inc. Common Sto","NNM","43841227","49414027","17161604","2.55",,
"2021-02-26","CSX","CSX Corporation Common Stock","NNM","7313915","6867662","3390872","2.16",,
"2021-02-26","CTAS","Cintas Corporation Common Stoc","NNM","917309","1033928","360335","2.55",,
"2021-02-26","CVNA","Carvana Co.","NYSE","17251583","17346635","1119518","15.41",,
"2021-02-26","CVS","CVS HEALTH CORPORATION","NYSE","18603852","16999630","7929201","2.35",,
"2021-02-26","CVX","Chevron Corporation","NYSE","18168902","14780223","11522772","1.58",,
"2021-02-26","D","Dominion Energy, Inc Common St","NYSE","7055534","6676431","3583851","1.97",,
"2021-02-26","DASH","DoorDash, Inc.","NYSE","9763367","8764315","2269899","4.30",,
"2021-02-26","DDOG","Datadog, Inc. Class A Common S","NNM","13879333","13850163","3370529","4.12",,
"2021-02-26","DE","Deere & Company","NYSE","2745216","2590550","2494861","1.10",,
"2021-02-26","DELL","Dell Technologies Inc.","NYSE","5053951","4956609","2050822","2.46",,"R"
"2021-02-26","DHR","Danaher Corporation","NYSE","5025552","4859189","2183970","2.30",,
"2021-02-26","DIS","The Walt Disney Company","NYSE","23243654","18570626","12796821","1.82",,
"2021-02-26","DLR","Digital Realty Trust, Inc.","NYSE","6446344","6741864","1360639","4.74",,
"2021-02-26","DUK","Duke Energy Corporation","NYSE","6445380","7951862","2872302","2.24",,
"2021-02-26","ECL","Ecolab, Inc.","NYSE","2159067","2055808","861512","2.51",,
"2021-02-26","EMR","Emerson Electric Co.","NYSE","8248585","6393871","2078097","3.97",,
"2021-02-26","EOG","EOG Resources, Inc.","NYSE","12792653","12290183","3991577","3.20",,
"2021-02-26","EPD","Enterprise Products Partners L","NYSE","35938981","33653443","6300908","5.70",,
"2021-02-26","EQIX","Equinix, Inc. Common Stock REI","NNM","788823","781773","772665","1.02",,
"2021-02-26","FCX","Freeport-McMoran Inc.","NYSE","23178485","22345392","25048853","1.00",,
"2021-02-26","FDX","FedEx Corporation","NYSE","3106928","3417405","1486439","2.09",,
"2021-02-26","FTNT","Fortinet, Inc. Common Stock","NNM","3839400","2853448","1339230","2.87",,
"2021-02-26","GD","General Dynamics Corporation","NYSE","4178456","4602480","963898","4.33",,
"2021-02-26","GE","General Electric Company","NYSE","77331673","77536795","64607287","1.20",,
"2021-02-26","GILD","Gilead Sciences, Inc. Common S","NNM","23826782","23109254","6561751","3.63",,
"2021-02-26","GLW","Corning Incorporated","NYSE","8321025","9493580","4435909","1.88",,
"2021-02-26","GM","General Motors Company","NYSE","16172832","20044256","15614633","1.04",,
"2021-02-26","GOOG","Alphabet Inc. Class C Capital","NNM","2901383","2754828","1206139","2.41",,
"2021-02-26","GOOGL","Alphabet Inc. Class A Common S","NNM","3075148","3287500","1328147","2.32",,
"2021-02-26","GS","Goldman Sachs Group Inc.","NYSE","4546139","4242126","2697520","1.69",,
"2021-02-26","GWW","W.W. Grainger, Inc.","NYSE","793347","657987","210152","3.78",,
"2021-02-26","HCA","HCA Healthcare, Inc.","NYSE","2790014","3109109","1313139","2.12",,
"2021-02-26","HD","Home Depot, Inc.","NYSE","7873276","7231266","5687540","1.38",,
"2021-02-26","HLT","Hilton Worldwide Holdings Inc.","NYSE","9551343","8409135","3414480","2.80",,
"2021-02-26","HON","Honeywell International, Inc.","NYSE","6301818","6442693","2240603","2.81",,
"2021-02-26","HPE","Hewlett Packard Enterprise Com","NYSE","32184620","29440220","10354223","3.11",,
"2021-02-26","HWM","Howmet Aerospace Inc.","NYSE","5123353","5451804","2128907","2.41",,
"2021-02-26","IBKR","Interactive Brokers Group, Inc","NNM","3093780","3173089","568048","5.45",,
"2021-02-26","IBM","International Business Machine","NYSE","30005072","29057711","4946234","6.07",,
"2021-02-26","ICE","Intercontinental Exchange  Inc","NYSE","5979067","4969841","2514603","2.38",,
"2021-02-26","INTC","Intel Corporation Common Stock","NNM","60924461","56002813","23748421","2.57",,
"2021-02-26","INTU","Intuit Inc. Common Stock","NNM","2857511","2137416","1541903","1.85",,
"2021-02-26","ISRG","Intuitive Surgical, Inc. Commo","NNM","1278854","1224657","515076","2.48",,
"2021-02-26","ITW","Illinois Tool Works Inc.","NYSE","3483667","3528408","844009","4.13",,
"2021-02-26","JNJ","Johnson & Johnson","NYSE","15223637","15260613","6579470","2.31",,
"2021-02-26","JPM","JPMorgan Chase & Co.","NYSE","23256676","20996558","11826314","1.97",,
"2021-02-26","KKR","KKR & Co. Inc.","NYSE","9204601","8559423","3233592","2.85",,
"2021-02-26","KLAC","KLA Corporation Common Stock","NNM","2691359","1881725","1164780","2.31",,
"2021-02-26","KMI","Kinder Morgan, Inc.","NYSE","38059650","39006146","13383964","2.84",,
"2021-02-26","KO","Coca-Cola Company","NYSE","21894339","23097701","12874305","1.70",,
"2021-02-26","LIN","Linde plc Ordinary Share","NYSE","3590399","3137710","1926993","1.86",,
"2021-02-26","LLY","Eli Lilly & Co.","NYSE","5643182","6555509","2691421","2.10",,
"2021-02-26","LMT","Lockheed Martin Corp.","NYSE","3096776","3813074","1614418","1.92",,
"2021-02-26","LOW","Lowe's Companies Inc.","NYSE","8276560","8986844","4039590","2.05",,
"2021-02-26","LRCX","Lam Research Corporation Commo","NNM","2771625","2722099","1469229","1.89",,
"2021-02-26","MA","Mastercard Incorporated","NYSE","6414858","6228181","3957449","1.62",,
"2021-02-26","MAR","Marriott International Class A","NNM","7483839","7998989","3624951","2.06",,
"2021-02-26","MCD","McDonald's Corporation","NYSE","5069245","5131064","2638122","1.92",,
"2021-02-26","MCK","McKesson Corporation","NYSE","1721344","2204414","868314","1.98",,
"2021-02-26","MCO","Moody's Corporation","NYSE","2192299","1919545","741328","2.96",,
"2021-02-26","MDLZ","Mondelez International, Inc. C","NNM","13733405","10336232","7178454","1.91",,
"2021-02-26","MDT","Medtronic plc","NYSE","7476252","7195383","5281470","1.42",,
"2021-02-26","MMM","3M Company","NYSE","9256221","9155080","2054279","4.51",,
"2021-02-26","MNST","Monster Beverage Corporation","NNM","4752553","4996075","1849878","2.57",,
"2021-02-26","MO","Altria Group, Inc.","NYSE","15979526","14052185","6872395","2.33",,
"2021-02-26","MPC","MARATHON PETROLEUM CORPORATION","NYSE","34038891","29371657","6534663","5.21",,
"2021-02-26","MPWR","Monolithic Power Systems, Inc.","NNM","644466","867994","387053","1.67",,
"2021-02-26","MRK","Merck & Co., Inc.","NYSE","20384636","18470508","9147416","2.23",,
"2021-02-26","MRVL","Marvell Technology Group Ltd.","NNM","35319592","36515191","10028889","3.52",,
"2021-02-26","MS","Morgan Stanley","NYSE","25454189","24003179","8769463","2.90",,
"2021-02-26","MSFT","Microsoft Corporation Common S","NNM","41632106","40597300","24751802","1.68",,
"2021-02-26","MSI","Motorola Solutions, Inc. New","NYSE","1741941","1713107","543198","3.21",,
"2021-02-26","MU","Micron Technology, Inc. Common","NNM","18716010","19148817","16029231","1.17",,
"2021-02-26","NEE","Nextra Energy, Inc.","NYSE","21360634","23937515","9108753","2.35",,
"2021-02-26","NEM","Newmont Corporation","NYSE","7976844","8039950","7022786","1.14",,
"2021-02-26","NET","Cloudflare, Inc. Class A commo","NYSE","9990983","11091281","4862120","2.05",,
"2021-02-26","NFLX","Netflix, Inc. Common Stock","NNM","7898882","7683688","2730705","2.89",,
"2021-02-26","NKE","Nike, Inc.","NYSE","10279399","11504942","6074459","1.69",,
"2021-02-26","NOC","Northrop Grumman Corp.","NYSE","5377167","6884535","1003681","5.36",,
"2021-02-26","NOW","SERVICENOW, INC.","NYSE","2713793","2918183","1132850","2.40",,
"2021-02-26","NSC","Norfolk Southern Corp.","NYSE","2398176","2101470","1121387","2.14",,
"2021-02-26","NVDA","NVIDIA Corporation Common Stoc","NNM","5676397","6520338","8579164","1.00",,
"2021-02-26","ORCL","Oracle Corp","NYSE","32071334","28395211","10668932","3.01",,
"2021-02-26","ORLY","O'Reilly Automotive, Inc. Comm","NNM","1195404","1024842","613444","1.95",,
"2021-02-26","PANW","PALO ALTO NETWORKS, INC","NYSE","5249007","5281343","1415287","3.71",,
"2021-02-26","PCAR","PACCAR Inc. Common Stock","NNM","4162392","3828148","1416983","2.94",,
"2021-02-26","PEP","PepsiCo, Inc. Common Stock","NNM","10029505","9389105","4496122","2.23",,
"2021-02-26","PFE","Pfizer Inc.","NYSE","67646027","63124600","27507564","2.46",,
"2021-02-26","PG","Procter & Gamble Company","NYSE","16370478","14843903","7202611","2.27",,
"2021-02-26","PGR","Progressive Corporation","NYSE","5201243","5328561","3122103","1.67",,
"2021-02-26","PH","Parker-Hannifin Corporation","NYSE","1594822","1364838","1024161","1.56",,
"2021-02-26","PLD","PROLOGIS, INC.","NYSE","7428942","8234489","2274100","3.27",,
"2021-02-26","PLTR","Palantir Technologies Inc. Cla","NYSE","56425604","76970280","171639025","1.00",,
"2021-02-26","PM","Philip Morris International In","NYSE","9377689","10004732","4047978","2.32",,
"2021-02-26","PNC","PNC Financial Services Group","NYSE","6216719","5723437","1775419","3.50",,
"2021-02-26","PSX","PHILLIPS 66","NYSE","11564886","11727279","2495008","4.64",,
"2021-02-26","PWR","Quanta Services, Inc.","NYSE","2010952","1998195","990280","2.03",,
"2021-02-26","QCOM","QUALCOMM Incorporated Common S","NNM","17240878","17227031","10383992","1.66",,
"2021-02-26","RCL","Royal Caribbean Group","NYSE","12106861","11253068","7786806","1.55",,
"2021-02-26","REGN","Regeneron Pharmaceuticals, Inc","NNM","2320909","2111138","1096023","2.12",,
"2021-02-26","ROST","Ross Stores, Inc. Common Stock","NNM","5871980","4572565","1611468","3.64",,
"2021-02-26","RSG","Republic Services Inc.","NYSE","3310615","2223153","1624094","2.04",,
"2021-02-26","RTX","Raytheon Technologies Corporat","NYSE","13523306","12943246","7257364","1.86",,
"2021-02-26","SBUX","Starbucks Corporation Common S","NNM","11581691","10023882","5308836","2.18",,
"2021-02-26","SCCO","Southern Copper Corporation","NYSE","5172514","5321636","1307893","3.95",,
"2021-02-26","SCHW","The Charles Schwab Corporation","NYSE","18202595","14911037","8208622","2.22",,
"2021-02-26","SHW","The Sherwin-Williams Company","NYSE","1215198","1087660","544950","2.23",,
"2021-02-26","SNOW","Snowflake Inc.","NYSE","8701262","7979623","2344768","3.71",,
"2021-02-26","SNPS","Synopsys, Inc. Common Stock","NNM","1786432","1697309","1122376","1.59",,
"2021-02-26","SO","The Southern Company","NYSE","8428930","8736007","3434130","2.45",,
"2021-02-26","SPCX","The SPAC and New Issue ETF","ARCA","622144","217806","440628","1.41",,
"2021-02-26","SPG","Simon Property Group, Inc.","NYSE","16141367","15769149","3436321","4.70",,
"2021-02-26","SPGI","S&P Global Inc.","NYSE","8623125","9060038","1564736","5.51",,
"2021-02-26","SYK","Stryker Corporation","NYSE","3162761","2720822","1383368","2.29",,
"2021-02-26","T","AT&T Inc.","NYSE","115573551","123905420","35743951","3.23",,
"2021-02-26","TDG","TransDigm Group Incorporated","NYSE","1871571","1905063","233683","8.01",,
"2021-02-26","TFC","Truist Financial Corporation","NYSE","13175236","13013667","5793450","2.27",,
"2021-02-26","TGT","Target Corporation","NYSE","6559940","5261980","2822231","2.32",,
"2021-02-26","TJX","TJX Companies, Inc. (The)","NYSE","14188081","10998978","8231877","1.72",,
"2021-02-26","TMO","Thermo Fisher Scientific, Inc.","NYSE","2752423","2848636","1624238","1.69",,
"2021-02-26","TMUS","T-Mobile US, Inc. Common Stock","NNM","13218022","14018546","5383769","2.46",,
"2021-02-26","TRV","The Travelers Companies, Inc.","NYSE","5158423","5304856","1002989","5.14",,
"2021-02-26","TSLA","Tesla, Inc. Common Stock","NNM","44000524","47692184","29153754","1.51",,
"2021-02-26","TXN","Texas Instruments Incorporated","NNM","14419325","13337344","4293403","3.36",,
"2021-02-26","UBER","Uber Technologies, Inc.","NYSE","57782840","57663661","19167191","3.01",,
"2021-02-26","UNH","UNITEDHEALTH GROUP INCORPORATE","NYSE","5350877","6099148","2636728","2.03",,
"2021-02-26","UNP","Union Pacific Corp.","NYSE","4998746","5309237","2763448","1.81",,
"2021-02-26","UPS","United Parcel Service, Inc. Cl","NYSE","7460407","7401249","2929012","2.55",,
"2021-02-26","URI","United Rentals, Inc.","NYSE","3489866","3451834","901092","3.87",,
"2021-02-26","USB","U.S. Bancorp","NYSE","14827928","14776497","6168457","2.40",,
"2021-02-26","V","VISA Inc.","NYSE","24282158","24916366","9191251","2.64",,
"2021-02-26","VLO","Valero Energy Corporation","NYSE","11381097","9510862","4175776","2.73",,
"2021-02-26","VRT","Vertiv Holdings Co Class A Com","NYSE","11133986","11274388","4168620","2.67",,
"2021-02-26","VRTX","Vertex Pharmaceuticals Incorpo","NNM","4352495","3991947","2081017","2.09",,
"2021-02-26","VZ","Verizon Communications","NYSE","47261144","44193836","20264600","2.33",,
"2021-02-26","WDC","Western Digital Corporation Co","NNM","6371925","6225929","4553909","1.40",,
"2021-02-26","WELL","Welltower Inc.","NYSE","8409459","5693090","2578410","3.26",,
"2021-02-26","WFC","Wells Fargo & Co.","NYSE","52296133","45896921","38959168","1.34",,
"2021-02-26","WM","Waste Management, Inc.","NYSE","3787700","3599765","2506277","1.51",,
"2021-02-26","WMB","Williams Companies Inc.","NYSE","21720044","22835206","7906941","2.75",,
"2021-02-26","WMT","Walmart Inc.","NYSE","15334987","12127671","12249940","1.25",,
"2021-02-26","XOM","Exxon Mobil Corporation","NYSE","54383952","47517238","25023306","2.17",,
"2024-05-31","AAPL","Apple Inc. Common Stock","NNM","113523602","99287450","47817535","2.37",,
"2024-05-31","ABBV","ABBVIE INC.","NYSE","16492118","15927790","5684692","2.90",,
"2024-05-31","ABNB","Airbnb, Inc. Class A Common St","NNM","12827471","13379727","3821335","3.36",,
"2024-05-31","ABT","Abbott Laboratories","NYSE","14502584","14768830","6026985","2.41",,
"2024-05-31","ADBE","Adobe Inc. Common Stock","NNM","7075772","8007830","3024272","2.34",,
"2024-05-31","ADI","Analog Devices, Inc. Common St","NNM","9053114","11423508","4104714","2.21",,
"2024-05-31","ADP","Automatic Data Processing, Inc","NNM","4048591","4142715","1323251","3.06",,
"2024-05-31","AEP","American Electric Power Compan","NNM","7752199","11592364","2666428","2.91",,
"2024-05-31","AFL","Aflac Inc.","NYSE","15010431","14820924","2009809","7.47",,
"2024-05-31","AJG","Arthur J. Gallagher & Co.","NYSE","2681160","2131237","720916","3.72",,
"2024-05-31","ALL","The Allstate Corporation","NYSE","2500694","2517701","1367524","1.83",,
"2024-05-31","AMAT","Applied Materials, Inc. Common","NNM","15589540","11791659","6150396","2.53",,
"2024-05-31","AMD","Advanced Micro Devices, Inc. C","NNM","38854704","34802025","58482211","1.00",,
"2024-05-31","AMGN","Amgen Inc. Common Stock","NNM","9048349","10248044","2437043","3.71",,
"2024-05-31","AMT","American Tower Corporation","NYSE","4808482","4724808","2430133","1.98",,
"2024-05-31","AMZN","Amazon.com, Inc. Common Stock","NNM","74192425","70812929","35361537","2.10",,
"2024-05-31","ANET","Arista Networks","NYSE","3639333","3416143","2419323","1.50",,
"2024-05-31","AON","Aon plc Class A","NYSE","3028235","3400717","1502927","2.01",,
"2024-05-31","APD","Air Products & Chemicals, Inc.","NYSE","3328790","3411482","1767165","1.88",,
"2024-05-31","APH","Amphenol Corporation","NYSE","9218102","8252748","4375012","2.11",,
"2024-05-31","APO","Apollo Global Management, Inc.","NYSE","17947299","18542012","2041985","8.79",,
"2024-05-31","APP","Applovin Corporation Class A C","NNM","16420361","26452543","4577624","3.59",,
"2024-05-31","AVGO","Broadcom Inc. Common Stock","NNM","5647817","5244791","2713530","2.08",,
"2024-05-31","AXP","American Express Company","NYSE","8079901","8591448","2542707","3.18",,
"2024-05-31","BA","Boeing Company","NYSE","11815954","10810446","6560658","1.80",,
"2024-05-31","BAC","Bank of America Corporation","NYSE","72308642","69567231","35399157","2.04",,
"2024-05-31","BKNG","Booking Holdings Inc. Common S","NNM","741890","721056","213986","3.47",,
"2024-05-31","BLK","Blackrock, Inc.","NYSE","1872293","1697481","595007","3.15",,
"2024-05-31","BMY","Bristol-Myers Squibb Co.","NYSE","28729419","28265554","16621282","1.73",,
"2024-05-31","BNY","BlackRock New York Municipal I","NYSE","65655","97433","26648","2.46",,
"2024-05-31","BRKA","Berkshire Hathaway Inc.","NYSE","281","291","13379","1.00",,
"2024-05-31","BRKB","BERKSHIRE HATHAWAY Class B","NYSE","11056327","10699761","3233637","3.42",,
"2024-05-31","BSX","Boston Scientific Corp.","NYSE","13382721","12326651","6067919","2.21",,
"2024-05-31","BX","Blackstone Inc.","NYSE","17410152","18138156","3281273","5.31",,
"2024-05-31","C","Citigroup Inc.","NYSE","29091392","28421884","10541649","2.76",,
"2024-05-31","CAT","Caterpillar Inc.","NYSE","11480292","11250779","2988567","3.84",,
"2024-05-31","CCZ","Comcast Holdings Corp. 2.0% Ex","NYSE","602","602","2","301.00",,
"2024-05-31","CDNS","Cadence Design Systems, Inc. C","NNM","3507337","3169907","1539997","2.28",,
"2024-05-31","CEG","Constellation Energy Corporati","NNM","6515085","3909172","2847212","2.29",,
"2024-05-31","CI","The Cigna Group","NYSE","3281034","3430550","2048946","1.60",,
"2024-05-31","CL","Colgate-Palmolive Company","NYSE","7429019","10232328","3983269","1.87",,
"2024-05-31","CMCSA","Comcast Corporation Class A Co","NNM","52790479","55361723","17212292","3.07",,
"2024-05-31","CME","CME Group Inc. Class A Common","NNM","5075339","3920926","1891541","2.68",,
"2024-05-31","CMI","Cummins Inc.","NYSE","2657904","1831492","894208","2.97",,
"2024-05-31","COF","Capital One Financial","NYSE","10363717","11537335","2115622","4.90",,
"2024-05-31","COP","ConocoPhillips","NYSE","16289528","12154678","6179139","2.64",,
"2024-05-31","COST","Costco Wholesale Corporation C","NNM","6363586","6603415","1911215","3.33",,
"2024-05-31","CRM","Salesforce, Inc.","NYSE","11825711","9672121","14252789","1.00",,
"2024-05-31","CRWD","CrowdStrike Holdings, Inc. Cla","NNM","6745309","6686504","2885729","2.34",,
"2024-05-31","CSCO","Cisco Systems, Inc. Common Sto","NNM","53240139","52497860","23448295","2.27",,
"2024-05-31","CSX","CSX Corporation Common Stock","NNM","30805272","31220839","12095682","2.55",,
"2024-05-31","CTAS","Cintas Corporation Common Stoc","NNM","1607711","1449949","381694","4.21",,
"2024-05-31","CVNA","Carvana Co.","NYSE","22716330","23954237","2929365","7.75",,
"2024-05-31","CVS","CVS HEALTH CORPORATION","NYSE","17712428","11374710","14618985","1.21",,
"2024-05-31","CVX","Chevron Corporation","NYSE","52140339","51080270","6236768","8.36",,
"2024-05-31","D","Dominion Energy, Inc Common St","NYSE","18611206","15767040","4142397","4.49",,
"2024-05-31","DASH","DoorDash, Inc. Class A Common","NNM","13390625","14618412","4012167","3.34",,
"2024-05-31","DDOG","Datadog, Inc. Class A Common S","NNM","9526503","9997000","3203156","2.97",,
"2024-05-31","DE","Deere & Company","NYSE","3821592","3579199","1738858","2.20",,
"2024-05-31","DELL","Dell Technologies Inc.","NYSE","13545272","8257341","20840009","1.00",,
"2024-05-31","DHR","Danaher Corporation","NYSE","7120284","6010283","2958511","2.41",,
"2024-05-31","DIS","The Walt Disney Company","NYSE","17750551","20333395","8473472","2.09",,
"2024-05-31","DLR","Digital Realty Trust, Inc.","NYSE","9607999","10389131","1614074","5.95",,
"2024-05-31","DUK","Duke Energy Corporation","NYSE","10624892","11122584","2874975","3.70",,
"2024-05-31","ECL","Ecolab, Inc.","NYSE","2607503","2519725","909647","2.87",,
"2024-05-31","ELV","Elevance Health, Inc.","NYSE","1830004","1790952","1264933","1.45",,
"2024-05-31","EMR","Emerson Electric Co.","NYSE","6413800","5352070","2194103","2.92",,
"2024-05-31","EOG","EOG Resources, Inc.","NYSE","8615370","9406244","3292423","2.62",,
"2024-05-31","EPD","Enterprise Products Partners L","NYSE","16473589","15250657","3500764","4.71",,
"2024-05-31","EQIX","Equinix, Inc. Common Stock REI","NNM","1890480","1780767","507910","3.72",,
"2024-05-31","FCX","Freeport-McMoran Inc.","NYSE","25570024","22924951","16137829","1.58",,
"2024-05-31","FDX","FedEx Corporation","NYSE","3384969","4258149","1269245","2.67",,
"2024-05-31","FTNT","Fortinet, Inc. Common Stock","NNM","16612882","12759936","5021587","3.31",,
"2024-05-31","GD","General Dynamics Corporation","NYSE","1945067","2015039","867505","2.24",,
"2024-05-31","GE","GE Aerospace","NYSE","13384298","11116028","5899275","2.27",,
"2024-05-31","GEV","GE Vernova Inc.","NYSE","6809636","7184324","2576687","2.64",,
"2024-05-31","GILD","Gilead Sciences, Inc. Common S","NNM","25433180","21700643","6258774","4.06",,
"2024-05-31","GLW","Corning Incorporated","NYSE","12926410","13830869","5830287","2.22",,
"2024-05-31","GM","General Motors Company","NYSE","58298195","62468344","12779667","4.56",,
"2024-05-31","GOOG","Alphabet Inc. Class C Capital","NNM","36721194","39027365","16728953","2.20",,
"2024-05-31","GOOGL","Alphabet Inc. Class A Common S","NNM","53916704","54895314","22705612","2.37",,
"2024-05-31","GS","Goldman Sachs Group Inc.","NYSE","5613891","6179666","2274302","2.47",,
"2024-05-31","GWW","W.W. Grainger, Inc.","NYSE","1278936","1325917","258792","4.94",,
"2024-05-31","HCA","HCA Healthcare, Inc.","NYSE","3015911","2699694","1060482","2.84",,
"2024-05-31","HD","Home Depot, Inc.","NYSE","8702987","8475714","3629926","2.40",,
"2024-05-31","HLT","Hilton Worldwide Holdings Inc.","NYSE","3831428","3262127","1795012","2.13",,
"2024-05-31","HON","Honeywell International Inc. C","NNM","7592747","6461598","2362637","3.21",,
"2024-05-31","HOOD","Robinhood Markets, Inc. Class","NNM","29985009","29043653","26126687","1.15",,
"2024-05-31","HPE","Hewlett Packard Enterprise Com","NYSE","27613003","28860848","16034549","1.72",,
"2024-05-31","HWM","Howmet Aerospace Inc.","NYSE","9215283","8438145","2194415","4.20",,
"2024-05-31","IBKR","Interactive Brokers Group, Inc","NNM","3420761","2612670","754265","4.54",,
"2024-05-31","IBM","International Business Machine","NYSE","19646388","20179434","3677542","5.34",,
"2024-05-31","ICE","Intercontinental Exchange  Inc","NYSE","4304941","4309563","1843710","2.33",,
"2024-05-31","INTC","Intel Corporation Common Stock","NNM","93316906","83239691","45645143","2.04",,
"2024-05-31","INTU","Intuit Inc. Common Stock","NNM","3599335","3233391","1961296","1.84",,
"2024-05-31","ISRG","Intuitive Surgical, Inc. Commo","NNM","3854822","3653825","1183712","3.26",,
"2024-05-31","ITW","Illinois Tool Works Inc.","NYSE","6335037","7107430","1193335","5.31",,
"2024-05-31","JNJ","Johnson & Johnson","NYSE","19934592","17428317","8486739","2.35",,
"2024-05-31","JPM","JPMorgan Chase & Co.","NYSE","20762674","20211078","9880122","2.10",,
"2024-05-31","KKR","KKR & Co. Inc.","NYSE","6995994","7540747","3335958","2.10",,
"2024-05-31","KLAC","KLA Corporation Common Stock","NNM","2969798","2390398","790583","3.76",,
"2024-05-31","KMI","Kinder Morgan, Inc.","NYSE","43077598","47126271","11562360","3.73",,
"2024-05-31","KO","Coca-Cola Company","NYSE","29394687","31915734","11043928","2.66",,
"2024-05-31","LIN","Linde plc Ordinary Shares","NNM","5134216","5625891","1649589","3.11",,
"2024-05-31","LLY","Eli Lilly & Co.","NYSE","6163270","5400466","2580601","2.39",,
"2024-05-31","LMT","Lockheed Martin Corp.","NYSE","1892987","1850962","934166","2.03",,
"2024-05-31","LOW","Lowe's Companies Inc.","NYSE","8754366","7431629","2976950","2.94",,
"2024-05-31","LRCX","Lam Research Corporation Commo","NNM","2537376","2358295","980281","2.59",,
"2024-05-31","MA","Mastercard Incorporated","NYSE","3988640","4385998","2234289","1.79",,
"2024-05-31","MAR","Marriott International Class A","NNM","5934420","5846374","1138498","5.21",,
"2024-05-31","MCD","McDonald's Corporation","NYSE","8081198","7884193","3528404","2.29",,
"2024-05-31","MCK","McKesson Corporation","NYSE","1984846","2286982","789650","2.51",,
"2024-05-31","MCO","Moody's Corporation","NYSE","1850158","1550327","772725","2.39",,
"2024-05-31","MDLZ","Mondelez International, Inc. C","NNM","12712033","13892375","5307429","2.40",,
"2024-05-31","MDT","Medtronic plc","NYSE","13323566","15331635","7911578","1.68",,
"2024-05-31","META","Meta Platforms, Inc. Class A C","NNM","27901905","29721686","11829641","2.36",,
"2024-05-31","MMM","3M Company","NYSE","9346323","9278900","6187718","1.51",,
"2024-05-31","MNST","Monster Beverage Corporation","NNM","26006974","15622509","9260724","2.81",,
"2024-05-31","MO","Altria Group, Inc.","NYSE","30928070","35042610","9073076","3.41",,
"2024-05-31","MPC","MARATHON PETROLEUM CORPORATION","NYSE","9084148","7269438","2640056","3.44",,
"2024-05-31","MPWR","Monolithic Power Systems, Inc.","NNM","1401820","979067","451529","3.10",,
"2024-05-31","MRK","Merck & Co., Inc.","NYSE","20407404","20265716","8371146","2.44",,
"2024-05-31","MRVL","Marvell Technology, Inc. Commo","NNM","39347768","34463888","13445251","2.93",,
"2024-05-31","MS","Morgan Stanley","NYSE","13239946","15603686","5392971","2.46",,
"2024-05-31","MSFT","Microsoft Corporation Common S","NNM","56416253","43764126","20259161","2.78",,
"2024-05-31","MSI","Motorola Solutions, Inc. New","NYSE","1696399","1647265","577174","2.94",,
"2024-05-31","MU","Micron Technology, Inc. Common","NNM","26494707","25669017","15532664","1.71",,
"2024-05-31","NEE","Nextra Energy, Inc.","NYSE","46722566","33404659","10529165","4.44",,
"2024-05-31","NEM","Newmont Corporation","NYSE","17923413","23751666","8550139","2.10",,
"2024-05-31","NET","Cloudflare, Inc. Class A commo","NYSE","8444753","8639646","3149082","2.68",,
"2024-05-31","NFLX","Netflix, Inc. Common Stock","NNM","7267182","8250632","3009518","2.41",,
"2024-05-31","NKE","Nike, Inc.","NYSE","21822332","18335123","9497125","2.30",,
"2024-05-31","NOC","Northrop Grumman Corp.","NYSE","1606711","1666463","1028720","1.56",,
"2024-05-31","NOW","SERVICENOW, INC.","NYSE","3028942","2803803","1671865","1.81",,
"2024-05-31","NSC","Norfolk Southern Corp.","NYSE","1622067","1705980","1170834","1.39",,
"2024-05-31","NVDA","NVIDIA Corporation Common Stoc","NNM","29202972","27890572","49227322","1.00",,
"2024-05-31","ORCL","Oracle Corp","NYSE","15200300","15371086","7010713","2.17",,
"2024-05-31","ORLY","O'Reilly Automotive, Inc. Comm","NNM","994384","955654","417002","2.38",,
"2024-05-31","PANW","Palo Alto Networks, Inc. Commo","NNM","11882859","11746274","5493508","2.16",,
"2024-05-31","PCAR","PACCAR Inc. Common Stock","NNM","10361871","9209478","2443723","4.24",,
"2024-05-31","PEP","PepsiCo, Inc. Common Stock","NNM","16736954","16301239","4693951","3.57",,
"2024-05-31","PFE","Pfizer Inc.","NYSE","75974487","70223845","35142642","2.16",,
"2024-05-31","PG","Procter & Gamble Company","NYSE","19732811","19177180","5405243","3.65",,
"2024-05-31","PGR","Progressive Corporation","NYSE","5710361","4775939","2654750","2.15",,
"2024-05-31","PH","Parker-Hannifin Corporation","NYSE","1333209","952062","779994","1.71",,
"2024-05-31","PLD","PROLOGIS, INC.","NYSE","10404425","10101469","4699726","2.21",,
"2024-05-31","PLTR","Palantir Technologies Inc. Cla","NYSE","75097598","77780738","31638599","2.37",,
"2024-05-31","PM","Philip Morris International In","NYSE","11567472","10504499","4884547","2.37",,
"2024-05-31","PNC","PNC Financial Services Group","NYSE","4763843","4361123","1667519","2.86",,
"2024-05-31","PSX","PHILLIPS 66","NYSE","8513399","8526834","2010188","4.24",,
"2024-05-31","PWR","Quanta Services, Inc.","NYSE","4110384","3923182","1033944","3.98",,
"2024-05-31","QCOM","QUALCOMM Incorporated Common S","NNM","20100369","21754610","11334539","1.77",,
"2024-05-31","RCL","Royal Caribbean Group","NYSE","15845620","15802739","2225247","7.12",,
"2024-05-31","REGN","Regeneron Pharmaceuticals, Inc","NNM","1746529","1628214","383269","4.56",,
"2024-05-31","ROST","Ross Stores, Inc. Common Stock","NNM","4540520","5696201","3518645","1.29",,
"2024-05-31","RSG","Republic Services Inc.","NYSE","2339928","2619740","966471","2.42",,
"2024-05-31","RTX","RTX Corporation","NYSE","25389786","33244746","5816549","4.37",,
"2024-05-31","SBUX","Starbucks Corporation Common S","NNM","21791925","19471451","12065509","1.81",,
"2024-05-31","SCCO","Southern Copper Corporation","NYSE","6104930","5848928","1350128","4.52",,
"2024-05-31","SCHW","The Charles Schwab Corporation","NYSE","15498552","14376589","8229416","1.88",,
"2024-05-31","SHW","The Sherwin-Williams Company","NYSE","4261609","3263570","1841861","2.31",,
"2024-05-31","SNOW","Snowflake Inc.","NYSE","8923442","7836601","7668612","1.16",,
"2024-05-31","SNPS","Synopsys, Inc. Common Stock","NNM","3786680","3415398","955806","3.96",,
"2024-05-31","SO","The Southern Company","NYSE","20577309","21808821","4151224","4.96",,
"2024-05-31","SPCX","The SPAC and New Issue ETF","NNM","8512","8513","1614","5.27",,
"2024-05-31","SPG","Simon Property Group, Inc.","NYSE","4359983","4423546","1275798","3.42",,
"2024-05-31","SPGI","S&P Global Inc.","NYSE","1982551","2216185","1151998","1.72",,
"2024-05-31","SYK","Stryker Corporation","NYSE","4190889","4110634","1425701","2.94",,
"2024-05-31","T","AT&T Inc.","NYSE","93269962","91556841","31635127","2.95",,
"2024-05-31","TDG","TransDigm Group Incorporated","NYSE","860679","1048394","205878","4.18",,
"2024-05-31","TFC","Truist Financial Corporation","NYSE","12605151","13264379","6069225","2.08",,
"2024-05-31","TGT","Target Corporation","NYSE","7919925","6759571","6183375","1.28",,
"2024-05-31","TJX","TJX Companies, Inc. (The)","NYSE","15517468","12580300","9020447","1.72",,
"2024-05-31","TMO","Thermo Fisher Scientific, Inc.","NYSE","3242459","2800765","1362392","2.38",,
"2024-05-31","TMUS","T-Mobile US, Inc. Common Stock","NNM","25311461","23432783","4539502","5.58",,
"2024-05-31","TRV","The Travelers Companies, Inc.","NYSE","3266862","3389412","1164856","2.80",,
"2024-05-31","TSLA","Tesla, Inc. Common Stock","NNM","101325315","104790820","72407060","1.40",,
"2024-05-31","TXN","Texas Instruments Incorporated","NNM","19671921","20971506","6282363","3.13",,
"2024-05-31","UBER","Uber Technologies, Inc.","NYSE","46389648","50490740","16578449","2.80",,
"2024-05-31","UNH","UNITEDHEALTH GROUP INCORPORATE","NYSE","7513575","8114406","3772243","1.99",,
"2024-05-31","UNP","Union Pacific Corp.","NYSE","4228813","4308545","2691818","1.57",,
"2024-05-31","UPS","United Parcel Service, Inc. Cl","NYSE","12457929","11600174","3374415","3.69",,
"2024-05-31","URI","United Rentals, Inc.","NYSE","3121930","2722750","431998","7.23",,
"2024-05-31","USB","U.S. Bancorp","NYSE","14365461","19708737","7798201","1.84",,
"2024-05-31","V","VISA Inc.","NYSE","28198912","36954822","6246564","4.51",,
"2024-05-31","VLO","Valero Energy Corporation","NYSE","11257321","12262990","3009784","3.74",,
"2024-05-31","VRT","Vertiv Holdings Co Class A Com","NYSE","13406839","11793641","8484321","1.58",,
"2024-05-31","VRTX","Vertex Pharmaceuticals Incorpo","NNM","4348066","3769903","1229301","3.54",,
"2024-05-31","VZ","Verizon Communications","NYSE","46415668","45813424","16613800","2.79",,
"2024-05-31","WBD","Warner Bros. Discovery, Inc. S","NNM","118522180","112961540","31536931","3.76",,
"2024-05-31","WDC","Western Digital Corporation Co","NNM","24688374","21805777","5328122","4.63",,
"2024-05-31","WELL","Welltower Inc.","NYSE","10100363","8300221","2491740","4.05",,
"2024-05-31","WFC","Wells Fargo & Co.","NYSE","36350988","38130739","15158541","2.40",,
"2024-05-31","WM","Waste Management, Inc.","NYSE","3058498","2447161","1945971","1.57",,
"2024-05-31","WMB","Williams Companies Inc.","NYSE","19391811","23037627","5682158","3.41",,
"2024-05-31","WMT","Walmart Inc.","NYSE","39974438","43289108","20952760","1.91",,
"2024-05-31","XOM","Exxon Mobil Corporation","NYSE","40197379","38017881","15870691","2.53",,
"2024-05-15","AAPL","Apple Inc. Common Stock","NNM","99287450","94308265","71758998","1.38",,
"2024-05-15","ABBV","ABBVIE INC.","NYSE","15927790","14477382","4895274","3.25",,
"2024-05-15","ABNB","Airbnb, Inc. Class A Common St","NNM","13379727","15386624","5567494","2.40",,
"2024-05-15","ABT","Abbott Laboratories","NYSE","14768830","14478910","5380583","2.74",,
"2024-05-15","ADBE","Adobe Inc. Common Stock","NNM","8007830","6866382","2671557","3.00",,
"2024-05-15","ADI","Analog Devices, Inc. Common St","NNM","11423508","10204460","2773635","4.12",,
"2024-05-15","ADP","Automatic Data Processing, Inc","NNM","4142715","4001952","1304644","3.18",,
"2024-05-15","AEP","American Electric Power Compan","NNM","11592364","9127992","2848296","4.07",,
"2024-05-15","AFL","Aflac Inc.","NYSE","14820924","12782645","2167604","6.84",,
"2024-05-15","AJG","Arthur J. Gallagher & Co.","NYSE","2131237","1793756","724506","2.94",,
"2024-05-15","ALL","The Allstate Corporation","NYSE","2517701","2038696","1487967","1.69",,
"2024-05-15","AMAT","Applied Materials, Inc. Common","NNM","11791659","12329747","3772573","3.13",,
"2024-05-15","AMD","Advanced Micro Devices, Inc. C","NNM","34802025","32540263","42761091","1.00",,
"2024-05-15","AMGN","Amgen Inc. Common Stock","NNM","10248044","9715670","3342953","3.07",,
"2024-05-15","AMT","American Tower Corporation","NYSE","4724808","4707356","2691437","1.76",,
"2024-05-15","AMZN","Amazon.com, Inc. Common Stock","NNM","70812929","64485447","44919975","1.58",,
"2024-05-15","ANET","Arista Networks","NYSE","3416143","2528159","3241268","1.05",,
"2024-05-15","AON","Aon plc Class A","NYSE","3400717","2377278","1709138","1.99",,
"2024-05-15","APD","Air Products & Chemicals, Inc.","NYSE","3411482","2891395","1410025","2.42",,
"2024-05-15","APH","Amphenol Corporation","NYSE","8252748","7868894","2924732","2.82",,
"2024-05-15","APO","Apollo Global Management, Inc.","NYSE","18542012","17600563","2456176","7.55",,
"2024-05-15","APP","Applovin Corporation Class A C","NNM","26452543","19688245","5198975","5.09",,
"2024-05-15","AVGO","Broadcom Inc. Common Stock","NNM","5244791","5480071","2032093","2.58",,
"2024-05-15","AXP","American Express Company","NYSE","8591448","7322029","2717017","3.16",,
"2024-05-15","BA","Boeing Company","NYSE","10810446","12262851","6026102","1.79",,
"2024-05-15","BAC","Bank of America Corporation","NYSE","69567231","72033296","30138172","2.31",,
"2024-05-15","BKNG","Booking Holdings Inc. Common S","NNM","721056","700425","307844","2.34",,
"2024-05-15","BLK","Blackrock, Inc.","NYSE","1697481","1630139","594295","2.86",,
"2024-05-15","BMY","Bristol-Myers Squibb Co.","NYSE","28265554","28024749","12202859","2.32",,
"2024-05-15","BNY","BlackRock New York Municipal I","NYSE","97433","65026","26911","3.62",,
"2024-05-15","BRKA","Berkshire Hathaway Inc.","NYSE","291","329","14175","1.00",,
"2024-05-15","BRKB","BERKSHIRE HATHAWAY Class B","NYSE","10699761","10598570","2955730","3.62",,
"2024-05-15","BSX","Boston Scientific Corp.","NYSE","12326651","13941133","5605520","2.20",,
"2024-05-15","BX","Blackstone Inc.","NYSE","18138156","21839740","3581872","5.06",,
"2024-05-15","C","Citigroup Inc.","NYSE","28421884","27007224","10477788","2.71",,
"2024-05-15","CAT","Caterpillar Inc.","NYSE","11250779","10818408","2256217","4.99",,
"2024-05-15","CCZ","Comcast Holdings Corp. 2.0% Ex","NYSE","602","623","27","22.30",,
"2024-05-15","CDNS","Cadence Design Systems, Inc. C","NNM","3169907","2803556","1305115","2.43",,
"2024-05-15","CEG","Constellation Energy Corporati","NNM","3909172","4148313","2895660","1.35",,
"2024-05-15","CI","The Cigna Group","NYSE","3430550","3385975","1837458","1.87",,
"2024-05-15","CL","Colgate-Palmolive Company","NYSE","10232328","10645899","4725956","2.17",,
"2024-05-15","CMCSA","Comcast Corporation Class A Co","NNM","55361723","54877548","20968872","2.64",,
"2024-05-15","CME","CME Group Inc. Class A Common","NNM","3920926","3353620","1811546","2.16",,
"2024-05-15","CMI","Cummins Inc.","NYSE","1831492","1923494","916939","2.00",,
"2024-05-15","COF","Capital One Financial","NYSE","11537335","12396075","1644668","7.01",,
"2024-05-15","COP","ConocoPhillips","NYSE","12154678","12519381","5612928","2.17",,
"2024-05-15","COST","Costco Wholesale Corporation C","NNM","6603415","6140853","1695752","3.89",,
"2024-05-15","CRM","Salesforce, Inc.","NYSE","9672121","8297992","3791364","2.55",,
"2024-05-15","CRWD","CrowdStrike Holdings, Inc. Cla","NNM","6686504","7076153","2777374","2.41",,
"2024-05-15","CSCO","Cisco Systems, Inc. Common Sto","NNM","52497860","51874073","17020639","3.08",,
"2024-05-15","CSX","CSX Corporation Common Stock","NNM","31220839","31913485","9872828","3.16",,
"2024-05-15","CTAS","Cintas Corporation Common Stoc","NNM","1449949","1326731","331914","4.37",,
"2024-05-15","CVNA","Carvana Co.","NYSE","23954237","27521869","7388621","3.24",,
"2024-05-15","CVS","CVS HEALTH CORPORATION","NYSE","11374710","13706456","21684814","1.00",,
"2024-05-15","CVX","Chevron Corporation","NYSE","51080270","53206020","7412070","6.89",,
"2024-05-15","D","Dominion Energy, Inc Common St","NYSE","15767040","13113628","4275912","3.69",,
"2024-05-15","DASH","DoorDash, Inc. Class A Common","NNM","14618412","12379095","6291346","2.32",,
"2024-05-15","DDOG","Datadog, Inc. Class A Common S","NNM","9997000","10039861","5934715","1.68",,
"2024-05-15","DE","Deere & Company","NYSE","3579199","3299585","1410198","2.54",,
"2024-05-15","DELL","Dell Technologies Inc.","NYSE","8257341","6930853","5970397","1.38",,
"2024-05-15","DHR","Danaher Corporation","NYSE","6010283","5538597","2034136","2.95",,
"2024-05-15","DIS","The Walt Disney Company","NYSE","20333395","20079974","16350362","1.24",,
"2024-05-15","DLR","Digital Realty Trust, Inc.","NYSE","10389131","10096719","3303323","3.15",,
"2024-05-15","DUK","Duke Energy Corporation","NYSE","11122584","9960312","3325695","3.34",,
"2024-05-15","ECL","Ecolab, Inc.","NYSE","2519725","1869005","1000136","2.52",,
"2024-05-15","ELV","Elevance Health, Inc.","NYSE","1790952","2092486","830219","2.16",,
"2024-05-15","EMR","Emerson Electric Co.","NYSE","5352070","5616415","4241354","1.26",,
"2024-05-15","EOG","EOG Resources, Inc.","NYSE","9406244","9563920","3400410","2.77",,
"2024-05-15","EPD","Enterprise Products Partners L","NYSE","15250657","17586811","4300750","3.55",,
"2024-05-15","EQIX","Equinix, Inc. Common Stock REI","NNM","1780767","1923779","968736","1.84",,
"2024-05-15","FCX","Freeport-McMoran Inc.","NYSE","22924951","24219509","15035349","1.52",,
"2024-05-15","FDX","FedEx Corporation","NYSE","4258149","3936565","1342721","3.17",,
"2024-05-15","FTNT","Fortinet, Inc. Common Stock","NNM","12759936","16135215","8636389","1.48",,
"2024-05-15","GD","General Dynamics Corporation","NYSE","2015039","2030191","921424","2.19",,
"2024-05-15","GE","GE Aerospace","NYSE","11116028","10425627","5450226","2.04",,
"2024-05-15","GEV","GE Vernova Inc.","NYSE","7184324","4587894","3587059","2.00",,
"2024-05-15","GILD","Gilead Sciences, Inc. Common S","NNM","21700643","21159970","6619927","3.28",,
"2024-05-15","GLW","Corning Incorporated","NYSE","13830869","11936974","4854481","2.85",,
"2024-05-15","GM","General Motors Company","NYSE","62468344","64627042","10663401","5.86",,
"2024-05-15","GOOG","Alphabet Inc. Class C Capital","NNM","39027365","38043235","18495868","2.11",,
"2024-05-15","GOOGL","Alphabet Inc. Class A Common S","NNM","54895314","54378434","26230174","2.09",,
"2024-05-15","GS","Goldman Sachs Group Inc.","NYSE","6179666","5863582","2139221","2.89",,
"2024-05-15","GWW","W.W. Grainger, Inc.","NYSE","1325917","1298822","212910","6.23",,
"2024-05-15","HCA","HCA Healthcare, Inc.","NYSE","2699694","2477164","993867","2.72",,
"2024-05-15","HD","Home Depot, Inc.","NYSE","8475714","8625503","3758451","2.26",,
"2024-05-15","HLT","Hilton Worldwide Holdings Inc.","NYSE","3262127","3046323","1621812","2.01",,
"2024-05-15","HON","Honeywell International Inc. C","NNM","6461598","6568326","2718590","2.38",,
"2024-05-15","HOOD","Robinhood Markets, Inc. Class","NNM","29043653","30878256","20952587","1.39",,
"2024-05-15","HPE","Hewlett Packard Enterprise Com","NYSE","28860848","31525071","9438531","3.06",,
"2024-05-15","HWM","Howmet Aerospace Inc.","NYSE","8438145","8949262","4004583","2.11",,
"2024-05-15","IBKR","Interactive Brokers Group, Inc","NNM","2612670","2948083","883003","2.96",,
"2024-05-15","IBM","International Business Machine","NYSE","20179434","20459339","3469763","5.82",,
"2024-05-15","ICE","Intercontinental Exchange  Inc","NYSE","4309563","4211903","2347260","1.84",,
"2024-05-15","INTC","Intel Corporation Common Stock","NNM","83239691","70346311","46590456","1.79",,
"2024-05-15","INTU","Intuit Inc. Common Stock","NNM","3233391","3380517","978315","3.31",,
"2024-05-15","ISRG","Intuitive Surgical, Inc. Commo","NNM","3653825","3469495","988000","3.70",,
"2024-05-15","ITW","Illinois Tool Works Inc.","NYSE","7107430","6936429","843989","8.42",,
"2024-05-15","JNJ","Johnson & Johnson","NYSE","17428317","17674435","7387743","2.36",,
"2024-05-15","JPM","JPMorgan Chase & Co.","NYSE","20211078","21150812","7929188","2.55",,
"2024-05-15","KKR","KKR & Co. Inc.","NYSE","7540747","7595763","4565630","1.65",,
"2024-05-15","KLAC","KLA Corporation Common Stock","NNM","2390398","2285720","788301","3.03",,
"2024-05-15","KMI","Kinder Morgan, Inc.","NYSE","47126271","43880499","12502336","3.77",,
"2024-05-15","KO","Coca-Cola Company","NYSE","31915734","29362124","10660640","2.99",,
"2024-05-15","LIN","Linde plc Ordinary Shares","NNM","5625891","5759950","1902750","2.96",,
"2024-05-15","LLY","Eli Lilly & Co.","NYSE","5400466","5108914","2765550","1.95",,
"2024-05-15","LMT","Lockheed Martin Corp.","NYSE","1850962","1940400","737984","2.51",,
"2024-05-15","LOW","Lowe's Companies Inc.","NYSE","7431629","6958581","1852492","4.01",,
"2024-05-15","LRCX","Lam Research Corporation Commo","NNM","2358295","2486565","703869","3.35",,
"2024-05-15","MA","Mastercard Incorporated","NYSE","4385998","4305859","2815449","1.56",,
"2024-05-15","MAR","Marriott International Class A","NNM","5846374","5106999","1407037","4.16",,
"2024-05-15","MCD","McDonald's Corporation","NYSE","7884193","8097925","3414640","2.31",,
"2024-05-15","MCK","McKesson Corporation","NYSE","2286982","2049931","848186","2.70",,
"2024-05-15","MCO","Moody's Corporation","NYSE","1550327","1272865","755458","2.05",,
"2024-05-15","MDLZ","Mondelez International, Inc. C","NNM","13892375","17307431","6292921","2.21",,
"2024-05-15","MDT","Medtronic plc","NYSE","15331635","14027583","4952654","3.10",,
"2024-05-15","META","Meta Platforms, Inc. Class A C","NNM","29721686","28273581","13492114","2.20",,
"2024-05-15","MMM","3M Company","NYSE","9278900","9091474","4902331","1.89",,
"2024-05-15","MNST","Monster Beverage Corporation","NNM","15622509","13273296","7345329","2.13",,
"2024-05-15","MO","Altria Group, Inc.","NYSE","35042610","41538632","9644267","3.63",,
"2024-05-15","MPC","MARATHON PETROLEUM CORPORATION","NYSE","7269438","6714534","2330421","3.12",,
"2024-05-15","MPWR","Monolithic Power Systems, Inc.","NNM","979067","869257","542383","1.81",,
"2024-05-15","MRK","Merck & Co., Inc.","NYSE","20265716","18754018","6806765","2.98",,
"2024-05-15","MRVL","Marvell Technology, Inc. Commo","NNM","34463888","31014768","9000618","3.83",,
"2024-05-15","MS","Morgan Stanley","NYSE","15603686","12349232","5710245","2.73",,
"2024-05-15","MSFT","Microsoft Corporation Common S","NNM","43764126","49773013","16976351","2.58",,
"2024-05-15","MSI","Motorola Solutions, Inc. New","NYSE","1647265","1696907","913205","1.80",,
"2024-05-15","MU","Micron Technology, Inc. Common","NNM","25669017","26570254","14778809","1.74",,
"2024-05-15","NEE","Nextra Energy, Inc.","NYSE","33404659","26551808","12007448","2.78",,
"2024-05-15","NEM","Newmont Corporation","NYSE","23751666","18768076","8135046","2.92",,
"2024-05-15","NET","Cloudflare, Inc. Class A commo","NYSE","8639646","9948693","5052260","1.71",,
"2024-05-15","NFLX","Netflix, Inc. Common Stock","NNM","8250632","7469628","3183663","2.59",,
"2024-05-15","NKE","Nike, Inc.","NYSE","18335123","17044013","8293916","2.21",,
"2024-05-15","NOC","Northrop Grumman Corp.","NYSE","1666463","2050636","870924","1.91",,
"2024-05-15","NOW","SERVICENOW, INC.","NYSE","2803803","2358257","1197051","2.34",,
"2024-05-15","NSC","Norfolk Southern Corp.","NYSE","1705980","1429922","1875405","1.00",,
"2024-05-15","NVDA","NVIDIA Corporation Common Stoc","NNM","27890572","26745995","37894878","1.00",,
"2024-05-15","ORCL","Oracle Corp","NYSE","15371086","15666777","6191856","2.48",,
"2024-05-15","ORLY","O'Reilly Automotive, Inc. Comm","NNM","955654","943107","396006","2.41",,
"2024-05-15","PANW","Palo Alto Networks, Inc. Commo","NNM","11746274","11293504","3032948","3.87",,
"2024-05-15","PCAR","PACCAR Inc. Common Stock","NNM","9209478","9608841","2644851","3.48",,
"2024-05-15","PEP","PepsiCo, Inc. Common Stock","NNM","16301239","15576924","3774888","4.32",,
"2024-05-15","PFE","Pfizer Inc.","NYSE","70223845","62509317","51593731","1.36",,
"2024-05-15","PG","Procter & Gamble Company","NYSE","19177180","18279413","5604205","3.42",,
"2024-05-15","PGR","Progressive Corporation","NYSE","4775939","4372790","2249633","2.12",,
"2024-05-15","PH","Parker-Hannifin Corporation","NYSE","952062","811717","714715","1.33",,
"2024-05-15","PLD","PROLOGIS, INC.","NYSE","10101469","10542723","4034158","2.50",,
"2024-05-15","PLTR","Palantir Technologies Inc. Cla","NYSE","77780738","78695395","70414273","1.10",,
"2024-05-15","PM","Philip Morris International In","NYSE","10504499","9244383","4573784","2.30",,
"2024-05-15","PNC","PNC Financial Services Group","NYSE","4361123","4450755","1239216","3.52",,
"2024-05-15","PSX","PHILLIPS 66","NYSE","8526834","7987610","2134048","4.00",,
"2024-05-15","PWR","Quanta Services, Inc.","NYSE","3923182","3981687","1056938","3.71",,
"2024-05-15","QCOM","QUALCOMM Incorporated Common S","NNM","21754610","20474934","9523227","2.28",,
"2024-05-15","RCL","Royal Caribbean Group","NYSE","15802739","15891099","2268723","6.97",,
"2024-05-15","REGN","Regeneron Pharmaceuticals, Inc","NNM","1628214","1573831","459472","3.54",,
"2024-05-15","ROST","Ross Stores, Inc. Common Stock","NNM","5696201","4963467","2472572","2.30",,
"2024-05-15","RSG","Republic Services Inc.","NYSE","2619740","2790798","1296474","2.02",,
"2024-05-15","RTX","RTX Corporation","NYSE","33244746","33923307","6655351","5.00",,
"2024-05-15","SBUX","Starbucks Corporation Common S","NNM","19471451","17534800","21797807","1.00",,
"2024-05-15","SCCO","Southern Copper Corporation","NYSE","5848928","6119040","1244318","4.70","S",
"2024-05-15","SCHW","The Charles Schwab Corporation","NYSE","14376589","15958343","6205171","2.32",,
"2024-05-15","SHW","The Sherwin-Williams Company","NYSE","3263570","3802125","1546672","2.11",,
"2024-05-15","SNOW","Snowflake Inc.","NYSE","7836601","9737834","3210761","2.44",,
"2024-05-15","SNPS","Synopsys, Inc. Common Stock","NNM","3415398","3522881","685769","4.98",,
"2024-05-15","SO","The Southern Company","NYSE","21808821","18104179","5747494","3.79",,
"2024-05-15","SPCX","The SPAC and New Issue ETF","NNM","8513","8714","1025","8.31",,
"2024-05-15","SPG","Simon Property Group, Inc.","NYSE","4423546","4571879","1487298","2.97",,
"2024-05-15","SPGI","S&P Global Inc.","NYSE","2216185","2443043","1212015","1.83",,
"2024-05-15","SYK","Stryker Corporation","NYSE","4110634","4259231","1642783","2.50",,
"2024-05-15","T","AT&T Inc.","NYSE","91556841","88587051","27032749","3.39",,
"2024-05-15","TDG","TransDigm Group Incorporated","NYSE","1048394","1046669","261794","4.00",,
"2024-05-15","TFC","Truist Financial Corporation","NYSE","13264379","13353290","6992173","1.90",,
"2024-05-15","TGT","Target Corporation","NYSE","6759571","6344808","3127331","2.16",,
"2024-05-15","TJX","TJX Companies, Inc. (The)","NYSE","12580300","9344934","5216006","2.41",,
"2024-05-15","TMO","Thermo Fisher Scientific, Inc.","NYSE","2800765","2768516","1356819","2.06",,
"2024-05-15","TMUS","T-Mobile US, Inc. Common Stock","NNM","23432783","24272422","4546047","5.15",,
"2024-05-15","TRV","The Travelers Companies, Inc.","NYSE","3389412","3763592","909862","3.73",,
"2024-05-15","TSLA","Tesla, Inc. Common Stock","NNM","104790820","107440586","78621564","1.33",,
"2024-05-15","TXN","Texas Instruments Incorporated","NNM","20971506","18589677","5050661","4.15",,
"2024-05-15","UBER","Uber Technologies, Inc.","NYSE","50490740","50919162","26396030","1.91",,
"2024-05-15","UNH","UNITEDHEALTH GROUP INCORPORATE","NYSE","8114406","7467490","2832055","2.87",,
"2024-05-15","UNP","Union Pacific Corp.","NYSE","4308545","4157255","1693454","2.54",,
"2024-05-15","UPS","United Parcel Service, Inc. Cl","NYSE","11600174","12261741","2790206","4.16",,
"2024-05-15","URI","United Rentals, Inc.","NYSE","2722750","2497323","410918","6.63",,
"2024-05-15","USB","U.S. Bancorp","NYSE","19708737","19774020","6526275","3.02",,
"2024-05-15","V","VISA Inc.","NYSE","36954822","28915877","9335711","3.96",,
"2024-05-15","VLO","Valero Energy Corporation","NYSE","12262990","11690538","2398621","5.11",,
"2024-05-15","VRT","Vertiv Holdings Co Class A Com","NYSE","11793641","12981029","6602316","1.79",,
"2024-05-15","VRTX","Vertex Pharmaceuticals Incorpo","NNM","3769903","3871329","1134597","3.32",,
"2024-05-15","VZ","Verizon Communications","NYSE","45813424","45337268","15254393","3.00",,
"2024-05-15","WBD","Warner Bros. Discovery, Inc. S","NNM","112961540","106228140","34072765","3.32",,
"2024-05-15","WDC","Western Digital Corporation Co","NNM","21805777","22249594","5648583","3.86",,
"2024-05-15","WELL","Welltower Inc.","NYSE","8300221","8844643","2287995","3.63",,
"2024-05-15","WFC","Wells Fargo & Co.","NYSE","38130739","38537548","16006077","2.38",,
"2024-05-15","WM","Waste Management, Inc.","NYSE","2447161","3534314","1521598","1.61",,
"2024-05-15","WMB","Williams Companies Inc.","NYSE","23037627","21325279","6441064","3.58",,
"2024-05-15","WMT","Walmart Inc.","NYSE","43289108","33934650","15554193","2.78",,
"2024-05-15","XOM","Exxon Mobil Corporation","NYSE","38017881","109240010","21945752","1.73",,
"2024-04-30","AAPL","Apple Inc. Common Stock","NNM","94308265","101973393","54686777","1.72",,"R"
"2024-04-30","ABBV","ABBVIE INC.","NYSE","14477382","13536080","5578418","2.60",,
"2024-04-30","ABNB","Airbnb, Inc. Class A Common St","NNM","15386624","16673190","3149838","4.88",,
"2024-04-30","ABT","Abbott Laboratories","NYSE","14478910","12937099","6004224","2.41",,
"2024-04-30","ADBE","Adobe Inc. Common Stock","NNM","6866382","7193429","2549707","2.69",,"R"
"2024-04-30","ADI","Analog Devices, Inc. Common St","NNM","10204460","8536624","3377859","3.02",,
"2024-04-30","ADP","Automatic Data Processing, Inc","NNM","4001952","4395224","1439557","2.78",,
"2024-04-30","AEP","American Electric Power Compan","NNM","9127992","8401916","3508396","2.60",,
"2024-04-30","AFL","Aflac Inc.","NYSE","12782645","12761555","2439596","5.24",,
"2024-04-30","AJG","Arthur J. Gallagher & Co.","NYSE","1793756","2110285","840725","2.13",,
"2024-04-30","ALL","The Allstate Corporation","NYSE","2038696","2061601","1516162","1.34",,
"2024-04-30","AMAT","Applied Materials, Inc. Common","NNM","12329747","12490455","4831854","2.55",,"R"
"2024-04-30","AMD","Advanced Micro Devices, Inc. C","NNM","32540263","32324929","52680707","1.00",,"R"
"2024-04-30","AMGN","Amgen Inc. Common Stock","NNM","9715670","10110522","2348538","4.14",,"R"
"2024-04-30","AMT","American Tower Corporation","NYSE","4707356","4644661","2673380","1.76",,
"2024-04-30","AMZN","Amazon.com, Inc. Common Stock","NNM","64485447","75807873","45233886","1.43",,"R"
"2024-04-30","ANET","Arista Networks","NYSE","2528159","2786767","2502943","1.01",,
"2024-04-30","AON","Aon plc Class A","NYSE","2377278","1962233","1783209","1.33",,
"2024-04-30","APD","Air Products & Chemicals, Inc.","NYSE","2891395","2660605","1698146","1.70",,
"2024-04-30","APH","Amphenol Corporation","NYSE","7868894","8523406","4000583","1.97",,
"2024-04-30","APO","Apollo Global Management, Inc.","NYSE","17600563","17133309","1939425","9.08",,
"2024-04-30","APP","Applovin Corporation Class A C","NNM","19688245","21846727","3362662","5.85",,
"2024-04-30","AVGO","Broadcom Inc. Common Stock","NNM","5480071","5827927","2421491","2.26",,"R"
"2024-04-30","AXP","American Express Company","NYSE","7322029","6380655","4159722","1.76",,
"2024-04-30","BA","Boeing Company","NYSE","12262851","9696127","8634503","1.42",,
"2024-04-30","BAC","Bank of America Corporation","NYSE","72033296","64802751","45513429","1.58",,
"2024-04-30","BKNG","Booking Holdings Inc. Common S","NNM","700425","757655","173734","4.03",,
"2024-04-30","BLK","Blackrock, Inc.","NYSE","1630139","1691027","584847","2.79",,
"2024-04-30","BMY","Bristol-Myers Squibb Co.","NYSE","28024749","34364180","16231996","1.73",,
"2024-04-30","BNY","BlackRock New York Municipal I","NYSE","65026","15605","20183","3.22",,
"2024-04-30","BRKA","Berkshire Hathaway Inc.","NYSE","329","403","13686","1.00",,
"2024-04-30","BRKB","BERKSHIRE HATHAWAY Class B","NYSE","10598570","10689573","2863373","3.70",,
"2024-04-30","BSX","Boston Scientific Corp.","NYSE","13941133","13159314","8442034","1.65",,
"2024-04-30","BX","Blackstone Inc.","NYSE","21839740","20162879","3677541","5.94",,
"2024-04-30","C","Citigroup Inc.","NYSE","27007224","25959581","14462978","1.87",,
"2024-04-30","CAT","Caterpillar Inc.","NYSE","10818408","12781140","3024219","3.58",,
"2024-04-30","CCZ","Comcast Holdings Corp. 2.0% Ex","NYSE","623","623","30","20.77",,
"2024-04-30","CDNS","Cadence Design Systems, Inc. C","NNM","2803556","2460351","2186813","1.28",,
"2024-04-30","CEG","Constellation Energy Corporati","NNM","4148313","4168675","2451615","1.69",,
"2024-04-30","CI","The Cigna Group","NYSE","3385975","3945506","1270874","2.66",,
"2024-04-30","CL","Colgate-Palmolive Company","NYSE","10645899","9423776","4892324","2.18",,
"2024-04-30","CMCSA","Comcast Corporation Class A Co","NNM","54877548","53514621","21416519","2.56",,
"2024-04-30","CME","CME Group Inc. Class A Common","NNM","3353620","3545696","1732531","1.94",,
"2024-04-30","CMI","Cummins Inc.","NYSE","1923494","2304395","935696","2.06",,
"2024-04-30","COF","Capital One Financial","NYSE","12396075","12715950","2830496","4.38",,
"2024-04-30","COP","ConocoPhillips","NYSE","12519381","14076547","4167121","3.00",,
"2024-04-30","COST","Costco Wholesale Corporation C","NNM","6140853","6297238","1530912","4.01",,
"2024-04-30","CRM","Salesforce, Inc.","NYSE","8297992","10104457","5183641","1.60",,"R"
"2024-04-30","CRWD","CrowdStrike Holdings, Inc. Cla","NNM","7076153","6065231","2145510","3.30",,"R"
"2024-04-30","CSCO","Cisco Systems, Inc. Common Sto","NNM","51874073","51751856","15909567","3.26",,
"2024-04-30","CSX","CSX Corporation Common Stock","NNM","31913485","30489476","16580205","1.92",,
"2024-04-30","CTAS","Cintas Corporation Common Stoc","NNM","1326731","1373715","375246","3.54",,
"2024-04-30","CVNA","Carvana Co.","NYSE","27521869","28567180","4047593","6.80",,
"2024-04-30","CVS","CVS HEALTH CORPORATION","NYSE","13706456","17995667","8524365","1.61",,
"2024-04-30","CVX","Chevron Corporation","NYSE","53206020","52153731","7203620","7.39",,
"2024-04-30","D","Dominion Energy, Inc Common St","NYSE","13113628","12124191","3756650","3.49",,
"2024-04-30","DASH","DoorDash, Inc. Class A Common","NNM","12379095","11418718","3477085","3.56",,
"2024-04-30","DDOG","Datadog, Inc. Class A Common S","NNM","10039861","10286447","3408821","2.95",,
"2024-04-30","DE","Deere & Company","NYSE","3299585","3426811","1222342","2.70",,
"2024-04-30","DELL","Dell Technologies Inc.","NYSE","6930853","7264219","6013043","1.15",,
"2024-04-30","DHR","Danaher Corporation","NYSE","5538597","6202117","3370900","1.64",,
"2024-04-30","DIS","The Walt Disney Company","NYSE","20079974","20058422","7628804","2.63",,
"2024-04-30","DLR","Digital Realty Trust, Inc.","NYSE","10096719","9965903","1747988","5.78",,
"2024-04-30","DUK","Duke Energy Corporation","NYSE","9960312","8499721","2566996","3.88",,
"2024-04-30","ECL","Ecolab, Inc.","NYSE","1869005","2082811","1309219","1.43",,
"2024-04-30","ELV","Elevance Health, Inc.","NYSE","2092486","1939822","1230040","1.70",,
"2024-04-30","EMR","Emerson Electric Co.","NYSE","5616415","6411119","2196297","2.56",,
"2024-04-30","EOG","EOG Resources, Inc.","NYSE","9563920","10560667","2627765","3.64",,
"2024-04-30","EPD","Enterprise Products Partners L","NYSE","17586811","15272228","5419403","3.25",,
"2024-04-30","EQIX","Equinix, Inc. Common Stock REI","NNM","1923779","1902321","709151","2.71",,
"2024-04-30","FCX","Freeport-McMoran Inc.","NYSE","24219509","22880540","17891363","1.35",,
"2024-04-30","FDX","FedEx Corporation","NYSE","3936565","4136131","1214361","3.24",,
"2024-04-30","FTNT","Fortinet, Inc. Common Stock","NNM","16135215","13966069","3790340","4.26",,
"2024-04-30","GD","General Dynamics Corporation","NYSE","2030191","1786715","1416862","1.43",,
"2024-04-30","GE","GE Aerospace","NYSE","10425627","10930473","8123823","1.28",,
"2024-04-30","GEV","GE Vernova Inc.","NYSE","4587894","3860581","4826920","1.00",,
"2024-04-30","GILD","Gilead Sciences, Inc. Common S","NNM","21159970","21182130","8067882","2.62",,
"2024-04-30","GLW","Corning Incorporated","NYSE","11936974","12098198","5099221","2.34",,
"2024-04-30","GM","General Motors Company","NYSE","64627042","62755868","15584940","4.15",,
"2024-04-30","GOOG","Alphabet Inc. Class C Capital","NNM","38043235","36944758","24984830","1.52",,"R"
"2024-04-30","GOOGL","Alphabet Inc. Class A Common S","NNM","54378434","58728654","32951896","1.65",,"R"
"2024-04-30","GS","Goldman Sachs Group Inc.","NYSE","5863582","5024679","2763557","2.12",,
"2024-04-30","GWW","W.W. Grainger, Inc.","NYSE","1298822","1300852","293655","4.42",,
"2024-04-30","HCA","HCA Healthcare, Inc.","NYSE","2477164","2636075","1514970","1.64",,
"2024-04-30","HD","Home Depot, Inc.","NYSE","8625503","9305438","3489054","2.47",,
"2024-04-30","HLT","Hilton Worldwide Holdings Inc.","NYSE","3046323","2748923","1876793","1.62",,
"2024-04-30","HON","Honeywell International Inc. C","NNM","6568326","6926188","2883608","2.28",,
"2024-04-30","HOOD","Robinhood Markets, Inc. Class","NNM","30878256","31489205","8248794","3.74",,
"2024-04-30","HPE","Hewlett Packard Enterprise Com","NYSE","31525071","29788118","10164175","3.10",,
"2024-04-30","HWM","Howmet Aerospace Inc.","NYSE","8949262","7902480","3179336","2.81",,
"2024-04-30","IBKR","Interactive Brokers Group, Inc","NNM","2948083","2736501","1131590","2.61",,
"2024-04-30","IBM","International Business Machine","NYSE","20459339","22452416","6091423","3.36",,
"2024-04-30","ICE","Intercontinental Exchange  Inc","NYSE","4211903","4821234","2202077","1.91",,
"2024-04-30","INTC","Intel Corporation Common Stock","NNM","70346311","76281751","56610451","1.24",,
"2024-04-30","INTU","Intuit Inc. Common Stock","NNM","3380517","3134691","1190119","2.84",,
"2024-04-30","ISRG","Intuitive Surgical, Inc. Commo","NNM","3469495","3218204","1674299","2.07",,
"2024-04-30","ITW","Illinois Tool Works Inc.","NYSE","6936429","6465625","1282413","5.41",,
"2024-04-30","JNJ","Johnson & Johnson","NYSE","17674435","16563652","9171072","1.93",,
"2024-04-30","JPM","JPMorgan Chase & Co.","NYSE","21150812","19887829","9622600","2.20",,
"2024-04-30","KKR","KKR & Co. Inc.","NYSE","7595763","7743168","3611797","2.10",,
"2024-04-30","KLAC","KLA Corporation Common Stock","NNM","2285720","1907735","955718","2.39",,
"2024-04-30","KMI","Kinder Morgan, Inc.","NYSE","43880499","43108016","15990662","2.74",,
"2024-04-30","KO","Coca-Cola Company","NYSE","29362124","23633021","15368210","1.91",,
"2024-04-30","LIN","Linde plc Ordinary Shares","NNM","5759950","5803633","1525546","3.78",,
"2024-04-30","LLY","Eli Lilly & Co.","NYSE","5108914","5535965","2925389","1.75",,"R"
"2024-04-30","LMT","Lockheed Martin Corp.","NYSE","1940400","2269053","1134719","1.71",,
"2024-04-30","LOW","Lowe's Companies Inc.","NYSE","6958581","7331329","1982792","3.51",,
"2024-04-30","LRCX","Lam Research Corporation Commo","NNM","2486565","2548549","1356942","1.83",,
"2024-04-30","MA","Mastercard Incorporated","NYSE","4305859","5120546","2280900","1.89",,
"2024-04-30","MAR","Marriott International Class A","NNM","5106999","5281395","1549455","3.30",,
"2024-04-30","MCD","McDonald's Corporation","NYSE","8097925","8492722","3735527","2.17",,
"2024-04-30","MCK","McKesson Corporation","NYSE","2049931","1375635","676354","3.03",,
"2024-04-30","MCO","Moody's Corporation","NYSE","1272865","1271343","769479","1.65",,
"2024-04-30","MDLZ","Mondelez International, Inc. C","NNM","17307431","11326694","10353635","1.67",,
"2024-04-30","MDT","Medtronic plc","NYSE","14027583","12394416","5883231","2.38",,
"2024-04-30","META","Meta Platforms, Inc. Class A C","NNM","28273581","27027387","25856799","1.09",,"R"
"2024-04-30","MMM","3M Company","NYSE","9091474","8177324","4801586","1.89",,
"2024-04-30","MNST","Monster Beverage Corporation","NNM","13273296","12203693","5912513","2.24",,
"2024-04-30","MO","Altria Group, Inc.","NYSE","41538632","48022125","13719616","3.03",,
"2024-04-30","MPC","MARATHON PETROLEUM CORPORATION","NYSE","6714534","7797791","2143278","3.13",,
"2024-04-30","MPWR","Monolithic Power Systems, Inc.","NNM","869257","929256","519312","1.67",,
"2024-04-30","MRK","Merck & Co., Inc.","NYSE","18754018","20429972","7551651","2.48",,
"2024-04-30","MRVL","Marvell Technology, Inc. Commo","NNM","31014768","24176918","10691577","2.90",,
"2024-04-30","MS","Morgan Stanley","NYSE","12349232","15931002","7561600","1.63",,"R"
"2024-04-30","MSFT","Microsoft Corporation Common S","NNM","49773013","56353741","22819795","2.18",,"R"
"2024-04-30","MSI","Motorola Solutions, Inc. New","NYSE","1696907","1584709","784414","2.16",,
"2024-04-30","MU","Micron Technology, Inc. Common","NNM","26570254","24298021","21172291","1.25",,"R"
"2024-04-30","NEE","Nextra Energy, Inc.","NYSE","26551808","23760270","12127559","2.19",,
"2024-04-30","NEM","Newmont Corporation","NYSE","18768076","20228789","14156000","1.33",,"R"
"2024-04-30","NET","Cloudflare, Inc. Class A commo","NYSE","9948693","11108459","2825060","3.52",,
"2024-04-30","NFLX","Netflix, Inc. Common Stock","NNM","7469628","6454315","5788409","1.29",,
"2024-04-30","NKE","Nike, Inc.","NYSE","17044013","19012146","7868490","2.17",,"R"
"2024-04-30","NOC","Northrop Grumman Corp.","NYSE","2050636","1855344","1066155","1.92",,
"2024-04-30","NOW","SERVICENOW, INC.","NYSE","2358257","2592052","1463859","1.61",,
"2024-04-30","NSC","Norfolk Southern Corp.","NYSE","1429922","1510242","1517544","1.00",,
"2024-04-30","NVDA","NVIDIA Corporation Common Stoc","NNM","26745995","29081302","49338031","1.00",,"R"
"2024-04-30","ORCL","Oracle Corp","NYSE","15666777","13081226","6569958","2.38",,"R"
"2024-04-30","ORLY","O'Reilly Automotive, Inc. Comm","NNM","943107","748607","416286","2.27",,
"2024-04-30","PANW","Palo Alto Networks, Inc. Commo","NNM","11293504","11535644","3257311","3.47",,
"2024-04-30","PCAR","PACCAR Inc. Common Stock","NNM","9608841","7485170","3195058","3.01",,
"2024-04-30","PEP","PepsiCo, Inc. Common Stock","NNM","15576924","15668125","6021995","2.59",,
"2024-04-30","PFE","Pfizer Inc.","NYSE","62509317","68062599","36843602","1.70",,
"2024-04-30","PG","Procter & Gamble Company","NYSE","18279413","14995824","7446587","2.45",,"R"
"2024-04-30","PGR","Progressive Corporation","NYSE","4372790","4241680","2863883","1.53",,
"2024-04-30","PH","Parker-Hannifin Corporation","NYSE","811717","1004522","537030","1.51",,
"2024-04-30","PLD","PROLOGIS, INC.","NYSE","10542723","11234528","5362335","1.97",,
"2024-04-30","PLTR","Palantir Technologies Inc. Cla","NYSE","78695395","77915836","32818801","2.40",,
"2024-04-30","PM","Philip Morris International In","NYSE","9244383","7435031","7307228","1.27",,
"2024-04-30","PNC","PNC Financial Services Group","NYSE","4450755","5297413","1806727","2.46",,
"2024-04-30","PSX","PHILLIPS 66","NYSE","7987610","8056980","2514339","3.18",,
"2024-04-30","PWR","Quanta Services, Inc.","NYSE","3981687","3842671","930703","4.28",,
"2024-04-30","QCOM","QUALCOMM Incorporated Common S","NNM","20474934","19032649","7330869","2.79",,"R"
"2024-04-30","RCL","Royal Caribbean Group","NYSE","15891099","15054905","3032017","5.24",,
"2024-04-30","REGN","Regeneron Pharmaceuticals, Inc","NNM","1573831","1387154","463702","3.39",,
"2024-04-30","ROST","Ross Stores, Inc. Common Stock","NNM","4963467","3718469","2398501","2.07",,
"2024-04-30","RSG","Republic Services Inc.","NYSE","2790798","2855605","1484647","1.88",,
"2024-04-30","RTX","RTX Corporation","NYSE","33923307","36946503","6493120","5.22",,
"2024-04-30","SBUX","Starbucks Corporation Common S","NNM","17534800","17787463","8805416","1.99",,
"2024-04-30","SCCO","Southern Copper Corporation","NYSE","6119040","5867898","1661244","3.68",,
"2024-04-30","SCHW","The Charles Schwab Corporation","NYSE","15958343","14610791","7922117","2.01",,
"2024-04-30","SHW","The Sherwin-Williams Company","NYSE","3802125","2857297","1952875","1.95",,
"2024-04-30","SNOW","Snowflake Inc.","NYSE","9737834","10057036","4496519","2.17",,
"2024-04-30","SNPS","Synopsys, Inc. Common Stock","NNM","3522881","3299973","1031337","3.42",,
"2024-04-30","SO","The Southern Company","NYSE","18104179","15561429","5468616","3.31",,
"2024-04-30","SPCX","The SPAC and New Issue ETF","NNM","8714","8714","1334","6.53",,
"2024-04-30","SPG","Simon Property Group, Inc.","NYSE","4571879","4781416","1197250","3.82",,
"2024-04-30","SPGI","S&P Global Inc.","NYSE","2443043","1642555","1708013","1.43",,
"2024-04-30","SYK","Stryker Corporation","NYSE","4259231","4324815","1605098","2.65",,
"2024-04-30","T","AT&T Inc.","NYSE","88587051","82717850","45005754","1.97",,
"2024-04-30","TDG","TransDigm Group Incorporated","NYSE","1046669","1031347","189860","5.51",,
"2024-04-30","TFC","Truist Financial Corporation","NYSE","13353290","13973265","8723838","1.53",,
"2024-04-30","TGT","Target Corporation","NYSE","6344808","7631516","2897596","2.19",,
"2024-04-30","TJX","TJX Companies, Inc. (The)","NYSE","9344934","9403524","4983554","1.88",,
"2024-04-30","TMO","Thermo Fisher Scientific, Inc.","NYSE","2768516","2587236","1603295","1.73",,
"2024-04-30","TMUS","T-Mobile US, Inc. Common Stock","NNM","24272422","23164460","4491932","5.40",,
"2024-04-30","TRV","The Travelers Companies, Inc.","NYSE","3763592","3328852","1877960","2.00",,
"2024-04-30","TSLA","Tesla, Inc. Common Stock","NNM","107440586","106659131","124941427","1.00",,"R"
"2024-04-30","TXN","Texas Instruments Incorporated","NNM","18589677","17755672","6798379","2.73",,
"2024-04-30","UBER","Uber Technologies, Inc.","NYSE","50919162","52250341","20473303","2.49",,
"2024-04-30","UNH","UNITEDHEALTH GROUP INCORPORATE","NYSE","7467490","7893592","5523739","1.35",,
"2024-04-30","UNP","Union Pacific Corp.","NYSE","4157255","4726624","2301549","1.81",,
"2024-04-30","UPS","United Parcel Service, Inc. Cl","NYSE","12261741","10590019","4033160","3.04",,
"2024-04-30","URI","United Rentals, Inc.","NYSE","2497323","2518191","714733","3.49",,
"2024-04-30","USB","U.S. Bancorp","NYSE","19774020","18844416","8414150","2.35",,
"2024-04-30","V","VISA Inc.","NYSE","28915877","32633506","7045271","4.10",,"R"
"2024-04-30","VLO","Valero Energy Corporation","NYSE","11690538","11612140","2562772","4.56",,
"2024-04-30","VRT","Vertiv Holdings Co Class A Com","NYSE","12981029","10845843","13117553","1.00",,
"2024-04-30","VRTX","Vertex Pharmaceuticals Incorpo","NNM","3871329","4029234","976621","3.96",,
"2024-04-30","VZ","Verizon Communications","NYSE","45337268","41245176","22565092","2.01",,
"2024-04-30","WBD","Warner Bros. Discovery, Inc. S","NNM","106228140","113727228","27699124","3.84",,
"2024-04-30","WDC","Western Digital Corporation Co","NNM","22249594","18937852","7474878","2.98",,
"2024-04-30","WELL","Welltower Inc.","NYSE","8844643","8468565","2427428","3.64",,
"2024-04-30","WFC","Wells Fargo & Co.","NYSE","38537548","32497656","22058779","1.75",,
"2024-04-30","WM","Waste Management, Inc.","NYSE","3534314","3760312","1629303","2.17",,
"2024-04-30","WMB","Williams Companies Inc.","NYSE","21325279","25814019","6165323","3.46",,
"2024-04-30","WMT","Walmart Inc.","NYSE","33934650","35692740","14726569","2.30",,
"2024-04-30","XOM","Exxon Mobil Corporation","NYSE","109240010","106529489","17467613","6.25",,
"2023-06-30","AAPL","Apple Inc. Common Stock","NNM","117870227","121254451","58589395","2.01",,
"2023-06-30","ABBV","ABBVIE INC.","NYSE","10355023","11306241","7241531","1.43",,
"2023-06-30","ABNB","Airbnb, Inc. Class A Common St","NNM","25683242","25402604","4962927","5.18",,
"2023-06-30","ABT","Abbott Laboratories","NYSE","13218221","11817214","5490166","2.41",,
"2023-06-30","ADBE","Adobe Inc. Common Stock","NNM","4262271","5700222","4585817","1.00",,
"2023-06-30","ADI","Analog Devices, Inc. Common St","NNM","6996405","7476053","3718878","1.88",,
"2023-06-30","ADP","Automatic Data Processing, Inc","NNM","4969329","5152514","1760746","2.82",,
"2023-06-30","AEP","American Electric Power Compan","NNM","6636605","6284562","3959291","1.68",,
"2023-06-30","AFL","Aflac Inc.","NYSE","11458872","11677700","2486125","4.61",,
"2023-06-30","AJG","Arthur J. Gallagher & Co.","NYSE","1648309","1644159","1141836","1.44",,
"2023-06-30","ALL","The Allstate Corporation","NYSE","4390630","3092499","2471284","1.78",,
"2023-06-30","AMAT","Applied Materials, Inc. Common","NNM","13147167","14336449","5927006","2.22",,
"2023-06-30","AMD","Advanced Micro Devices, Inc. C","NNM","34627459","39525360","67455445","1.00",,
"2023-06-30","AMGN","Amgen Inc. Common Stock","NNM","6951679","7199362","2935800","2.37",,
"2023-06-30","AMT","American Tower Corporation","NYSE","4545460","2982313","2675804","1.70",,
"2023-06-30","AMZN","Amazon.com, Inc. Common Stock","NNM","76658844","81213619","60887285","1.26",,
"2023-06-30","ANET","Arista Networks","NYSE","4427384","5550980","3743809","1.18",,
"2023-06-30","AON","Aon plc Class A","NYSE","1913763","2079626","1093922","1.75",,
"2023-06-30","APD","Air Products & Chemicals, Inc.","NYSE","1571358","1828821","798301","1.97",,
"2023-06-30","APH","Amphenol Corporation","NYSE","5282599","5445796","2582906","2.05",,
"2023-06-30","APO","Apollo Global Management, Inc.","NYSE","11383389","10743728","2910836","3.91",,
"2023-06-30","APP","Applovin Corporation Class A C","NNM","15017213","16315307","2743617","5.47",,
"2023-06-30","AVGO","Broadcom Inc. Common Stock","NNM","4852880","5788122","2905498","1.67",,
"2023-06-30","AXP","American Express Company","NYSE","6837631","7095717","3076756","2.22",,
"2023-06-30","BA","Boeing Company","NYSE","7988435","8681635","5590990","1.43",,
"2023-06-30","BAC","Bank of America Corporation","NYSE","69937736","72834085","48082875","1.45",,
"2023-06-30","BKNG","Booking Holdings Inc. Common S","NNM","938184","867886","326993","2.87",,
"2023-06-30","BLK","Blackrock, Inc.","NYSE","1844932","2104193","626406","2.95",,
"2023-06-30","BMY","Bristol-Myers Squibb Co.","NYSE","17996452","18339025","9493976","1.90",,
"2023-06-30","BNY","BlackRock New York Municipal I","NYSE","14258","9704","36459","1.00",,
"2023-06-30","BRKA","Berkshire Hathaway Inc.","NYSE","692","778","6739","1.00",,
"2023-06-30","BRKB","BERKSHIRE HATHAWAY Class B","NYSE","5634960","6503307","4059234","1.39",,
"2023-06-30","BSX","Boston Scientific Corp.","NYSE","8477724","8722993","7159492","1.18",,
"2023-06-30","BX","Blackstone Inc.","NYSE","19080366","19256556","2947051","6.47",,
"2023-06-30","C","Citigroup Inc.","NYSE","27324810","27450246","13922602","1.96",,
"2023-06-30","CAT","Caterpillar Inc.","NYSE","6773991","7797542","2759153","2.46",,
"2023-06-30","CCZ","Comcast Holdings Corp. 2.0% Ex","NYSE","61","169","292","1.00",,
"2023-06-30","CDNS","Cadence Design Systems, Inc. C","NNM","2083014","4388384","2754989","1.00",,
"2023-06-30","CEG","Constellation Energy Corporati","NNM","7422383","7800446","2482675","2.99",,
"2023-06-30","CI","The Cigna Group","NYSE","3282261","3051787","1548765","2.12",,
"2023-06-30","CL","Colgate-Palmolive Company","NYSE","9502486","10101628","5714933","1.66",,
"2023-06-30","CMCSA","Comcast Corporation Class A Co","NNM","34269088","38838357","16926388","2.02",,
"2023-06-30","CME","CME Group Inc. Class A Common","NNM","3995440","4149284","1759613","2.27",,
"2023-06-30","CMI","Cummins Inc.","NYSE","2695643","2215216","1116418","2.41",,
"2023-06-30","COF","Capital One Financial","NYSE","7974208","9348736","2304982","3.46",,
"2023-06-30","COP","ConocoPhillips","NYSE","8722918","9925104","6201495","1.41",,
"2023-06-30","COST","Costco Wholesale Corporation C","NNM","3854161","4105424","1609594","2.39",,
"2023-06-30","CRM","Salesforce, Inc.","NYSE","8719043","10931494","7428806","1.17",,
"2023-06-30","CRWD","CrowdStrike Holdings, Inc. Cla","NNM","6398059","7457909","3493515","1.83",,
"2023-06-30","CSCO","Cisco Systems, Inc. Common Sto","NNM","53194604","57935915","17460114","3.05",,
"2023-06-30","CSX","CSX Corporation Common Stock","NNM","17160489","20416895","10982860","1.56",,
"2023-06-30","CTAS","Cintas Corporation Common Stoc","NNM","1171747","1159297","384304","3.05",,
"2023-06-30","CVNA","Carvana Co.","NYSE","41509946","47640684","24160223","1.72",,
"2023-06-30","CVS","CVS HEALTH CORPORATION","NYSE","17744256","15339620","9548644","1.86",,
"2023-06-30","CVX","Chevron Corporation","NYSE","18915562","18834613","9461642","2.00",,
"2023-06-30","D","Dominion Energy, Inc Common St","NYSE","4769136","5124544","4804671","1.00",,
"2023-06-30","DASH","DoorDash, Inc.","NYSE","16808187","15954444","3133690","5.36",,
"2023-06-30","DDOG","Datadog, Inc. Class A Common S","NNM","11534767","10216008","3704362","3.11",,
"2023-06-30","DE","Deere & Company","NYSE","2734762","2927797","1740294","1.57",,
"2023-06-30","DELL","Dell Technologies Inc.","NYSE","8032983","9340077","6320194","1.27",,
"2023-06-30","DHR","Danaher Corporation","NYSE","3965627","4122065","3372968","1.18",,
"2023-06-30","DIS","The Walt Disney Company","NYSE","20844198","20196336","14147262","1.47",,
"2023-06-30","DLR","Digital Realty Trust, Inc.","NYSE","18023879","17221945","3872853","4.65",,
"2023-06-30","DUK","Duke Energy Corporation","NYSE","8049824","7155154","3251396","2.48",,
"2023-06-30","ECL","Ecolab, Inc.","NYSE","1806522","1829613","1157693","1.56",,
"2023-06-30","ELV","Elevance Health, Inc.","NYSE","1615680","1818112","1576997","1.02",,
"2023-06-30","EMR","Emerson Electric Co.","NYSE","5763805","6643296","3210762","1.80",,
"2023-06-30","EOG","EOG Resources, Inc.","NYSE","6922432","7506887","4092077","1.69",,
"2023-06-30","EPD","Enterprise Products Partners L","NYSE","12284377","12782113","3890791","3.16",,
"2023-06-30","EQIX","Equinix, Inc. Common Stock REI","NNM","1520377","1670700","635342","2.39",,
"2023-06-30","FCX","Freeport-McMoran Inc.","NYSE","17155720","19163464","12123852","1.42",,
"2023-06-30","FDX","FedEx Corporation","NYSE","5170075","3038017","3652631","1.42",,
"2023-06-30","FTNT","Fortinet, Inc. Common Stock","NNM","10686759","13882173","6483074","1.65",,
"2023-06-30","GD","General Dynamics Corporation","NYSE","2589258","2858212","944935","2.74",,
"2023-06-30","GE","General Electric Company","NYSE","13360711","13911164","5685591","2.35",,
"2023-06-30","GILD","Gilead Sciences, Inc. Common S","NNM","17339929","16323915","5979590","2.90",,
"2023-06-30","GLW","Corning Incorporated","NYSE","10605646","6313559","6364472","1.67",,
"2023-06-30","GM","General Motors Company","NYSE","33372244","32839725","11279739","2.96",,
"2023-06-30","GOOG","Alphabet Inc. Class C Capital","NNM","30364881","31178685","26462960","1.15",,
"2023-06-30","GOOGL","Alphabet Inc. Class A Common S","NNM","51689602","53559852","31749136","1.63",,
"2023-06-30","GS","Goldman Sachs Group Inc.","NYSE","2958860","3632708","2791355","1.06",,
"2023-06-30","GWW","W.W. Grainger, Inc.","NYSE","1102345","1200551","274038","4.02",,
"2023-06-30","HCA","HCA Healthcare, Inc.","NYSE","2077715","3168589","1405452","1.48",,
"2023-06-30","HD","Home Depot, Inc.","NYSE","9984330","10248681","4879058","2.05",,
"2023-06-30","HLT","Hilton Worldwide Holdings Inc.","NYSE","4505965","4207528","2083376","2.16",,
"2023-06-30","HON","Honeywell International Inc. C","NNM","5665661","5961604","2650443","2.14",,
"2023-06-30","HOOD","Robinhood Markets, Inc. Class","NNM","25810590","27434204","10491516","2.46",,
"2023-06-30","HPE","Hewlett Packard Enterprise Com","NYSE","29357753","29973548","13086940","2.24",,
"2023-06-30","HWM","Howmet Aerospace Inc.","NYSE","3879233","3934417","2847051","1.36",,
"2023-06-30","IBKR","Interactive Brokers Group, Inc","NNM","1349071","1170484","821728","1.64",,
"2023-06-30","IBM","International Business Machine","NYSE","26845508","26986528","5328104","5.04",,
"2023-06-30","ICE","Intercontinental Exchange  Inc","NYSE","4953904","4942383","2431019","2.04",,
"2023-06-30","INTC","Intel Corporation Common Stock","NNM","64099398","67404002","51558790","1.24",,
"2023-06-30","INTU","Intuit Inc. Common Stock","NNM","3251467","3372630","1480543","2.20",,
"2023-06-30","ISRG","Intuitive Surgical, Inc. Commo","NNM","2929298","2964581","1549517","1.89",,
"2023-06-30","ITW","Illinois Tool Works Inc.","NYSE","6275529","6285592","1093232","5.74",,
"2023-06-30","JNJ","Johnson & Johnson","NYSE","12985336","14350190","7435179","1.75",,
"2023-06-30","JPM","JPMorgan Chase & Co.","NYSE","16536682","18448113","10594528","1.56",,
"2023-06-30","KKR","KKR & Co. Inc.","NYSE","10684561","10295594","4362847","2.45",,
"2023-06-30","KLAC","KLA Corporation Common Stock","NNM","2203376","2326535","891963","2.47",,
"2023-06-30","KMI","Kinder Morgan, Inc.","NYSE","38332762","39925022","15210199","2.52",,
"2023-06-30","KO","Coca-Cola Company","NYSE","19343707","17642864","16494561","1.17",,
"2023-06-30","LIN","Linde plc Ordinary Share","NYSE","2831864","3242372","1740181","1.63",,
"2023-06-30","LLY","Eli Lilly & Co.","NYSE","5236145","5675557","3239034","1.62",,
"2023-06-30","LMT","Lockheed Martin Corp.","NYSE","1738325","1930220","954638","1.82",,
"2023-06-30","LOW","Lowe's Companies Inc.","NYSE","10332712","11457745","3686315","2.80",,
"2023-06-30","LRCX","Lam Research Corporation Commo","NNM","3078037","3276696","1305655","2.36",,
"2023-06-30","MA","Mastercard Incorporated","NYSE","3797051","4725124","3228926","1.18",,
"2023-06-30","MAR","Marriott International Class A","NNM","4743252","5746006","1890829","2.51",,
"2023-06-30","MCD","McDonald's Corporation","NYSE","6518918","6361626","2570207","2.54",,
"2023-06-30","MCK","McKesson Corporation","NYSE","1534275","1739584","760471","2.02",,
"2023-06-30","MCO","Moody's Corporation","NYSE","1679020","2071670","740612","2.27",,
"2023-06-30","MDLZ","Mondelez International, Inc. C","NNM","11939743","12966972","7001383","1.71",,
"2023-06-30","MDT","Medtronic plc","NYSE","7126612","6774362","5387196","1.32",,
"2023-06-30","META","Meta Platforms, Inc. Class A C","NNM","26267461","27888767","25447540","1.03",,
"2023-06-30","MMM","3M Company","NYSE","11197459","11541226","4333292","2.58",,
"2023-06-30","MNST","Monster Beverage Corporation","NNM","11280048","9897107","4431943","2.55",,
"2023-06-30","MO","Altria Group, Inc.","NYSE","13644903","16153721","8051017","1.69",,
"2023-06-30","MPC","MARATHON PETROLEUM CORPORATION","NYSE","10717659","12187949","3616691","2.96",,
"2023-06-30","MPWR","Monolithic Power Systems, Inc.","NNM","2069342","2266790","500063","4.14",,
"2023-06-30","MRK","Merck & Co., Inc.","NYSE","16857440","14958159","9206210","1.83",,
"2023-06-30","MRVL","Marvell Technology, Inc. Commo","NNM","19345583","22434516","12824527","1.51",,
"2023-06-30","MS","Morgan Stanley","NYSE","20139429","21718082","7617969","2.64",,
"2023-06-30","MSFT","Microsoft Corporation Common S","NNM","38002864","44270818","25424440","1.49",,
"2023-06-30","MSI","Motorola Solutions, Inc. New","NYSE","1202265","1088810","1135569","1.06",,
"2023-06-30","MU","Micron Technology, Inc. Common","NNM","18736559","21708735","21908133","1.00",,
"2023-06-30","NEE","Nextra Energy, Inc.","NYSE","17590906","16670184","9092592","1.93",,
"2023-06-30","NEM","Newmont Corporation","NYSE","23309480","22613916","8297585","2.81",,
"2023-06-30","NET","Cloudflare, Inc. Class A commo","NYSE","18141740","18379952","3235640","5.61",,
"2023-06-30","NFLX","Netflix, Inc. Common Stock","NNM","8800368","10121517","6205358","1.42",,
"2023-06-30","NKE","Nike, Inc.","NYSE","17043555","19386032","10664966","1.60",,
"2023-06-30","NOC","Northrop Grumman Corp.","NYSE","1229085","1367800","639064","1.92",,
"2023-06-30","NOW","SERVICENOW, INC.","NYSE","3767491","4160907","1176126","3.20",,
"2023-06-30","NSC","Norfolk Southern Corp.","NYSE","2138426","2107499","1081821","1.98",,
"2023-06-30","NVDA","NVIDIA Corporation Common Stoc","NNM","26057849","27508937","49434661","1.00",,
"2023-06-30","ORCL","Oracle Corp","NYSE","16359782","16974333","13345220","1.23",,
"2023-06-30","ORLY","O'Reilly Automotive, Inc. Comm","NNM","715696","963981","522960","1.37",,
"2023-06-30","PANW","Palo Alto Networks, Inc. Commo","NNM","22576906","20639809","10145919","2.23",,
"2023-06-30","PCAR","PACCAR Inc. Common Stock","NNM","9262517","9264052","2330619","3.97",,
"2023-06-30","PEP","PepsiCo, Inc. Common Stock","NNM","10388940","10976989","5565975","1.87",,
"2023-06-30","PFE","Pfizer Inc.","NYSE","59505667","55119826","32250715","1.85",,
"2023-06-30","PG","Procter & Gamble Company","NYSE","13168291","13314865","7267939","1.81",,
"2023-06-30","PGR","Progressive Corporation","NYSE","3077976","2665007","2159202","1.43",,
"2023-06-30","PH","Parker-Hannifin Corporation","NYSE","1247525","1435734","775115","1.61",,
"2023-06-30","PLD","PROLOGIS, INC.","NYSE","9783022","9621315","3882906","2.52",,
"2023-06-30","PLTR","Palantir Technologies Inc. Cla","NYSE","132542851","138141520","70881592","1.87",,
"2023-06-30","PM","Philip Morris International In","NYSE","6238309","5190242","5114008","1.22",,
"2023-06-30","PNC","PNC Financial Services Group","NYSE","6738466","7298085","2145952","3.14",,
"2023-06-30","PSX","PHILLIPS 66","NYSE","8989262","9549213","3286356","2.74",,
"2023-06-30","PWR","Quanta Services, Inc.","NYSE","4956370","4185109","989226","5.01",,
"2023-06-30","QCOM","QUALCOMM Incorporated Common S","NNM","10243530","12647267","8355667","1.23",,
"2023-06-30","RCL","Royal Caribbean Group","NYSE","20908074","21009007","4218417","4.96",,
"2023-06-30","REGN","Regeneron Pharmaceuticals, Inc","NNM","1084044","1229750","921153","1.18",,
"2023-06-30","ROST","Ross Stores, Inc. Common Stock","NNM","3196440","2684908","2706732","1.18",,
"2023-06-30","RSG","Republic Services Inc.","NYSE","1987067","2421050","1146687","1.73",,
"2023-06-30","RTX","Raytheon Technologies Corporat","NYSE","9676345","10732972","5202589","1.86",,
"2023-06-30","SBUX","Starbucks Corporation Common S","NNM","14599955","15273474","7638841","1.91",,
"2023-06-30","SCCO","Southern Copper Corporation","NYSE","5211675","6495264","1112223","4.69",,
"2023-06-30","SCHW","The Charles Schwab Corporation","NYSE","24477688","25824643","13930743","1.76",,
"2023-06-30","SHW","The Sherwin-Williams Company","NYSE","2736341","2878886","1477719","1.85",,
"2023-06-30","SNOW","Snowflake Inc.","NYSE","11634229","13753148","7548191","1.54",,
"2023-06-30","SNPS","Synopsys, Inc. Common Stock","NNM","990833","1725278","1277736","1.00",,
"2023-06-30","SO","The Southern Company","NYSE","11044021","12445915","4501158","2.45",,
"2023-06-30","SPCX","The SPAC and New Issue ETF","NNM","17417","26279","1783","9.77",,
"2023-06-30","SPG","Simon Property Group, Inc.","NYSE","5120403","5706326","1959865","2.61",,
"2023-06-30","SPGI","S&P Global Inc.","NYSE","3393075","4007195","1189907","2.85",,
"2023-06-30","SYK","Stryker Corporation","NYSE","3757264","3107564","1367629","2.75",,
"2023-06-30","T","AT&T Inc.","NYSE","89661661","90350836","36186973","2.48",,
"2023-06-30","TDG","TransDigm Group Incorporated","NYSE","1181639","1073362","284831","4.15",,
"2023-06-30","TFC","Truist Financial Corporation","NYSE","36500027","36432536","11218834","3.25",,
"2023-06-30","TGT","Target Corporation","NYSE","10014497","10261493","5955637","1.68",,
"2023-06-30","TJX","TJX Companies, Inc. (The)","NYSE","7607398","7232137","4916532","1.55",,
"2023-06-30","TMO","Thermo Fisher Scientific, Inc.","NYSE","2804414","2757697","1858989","1.51",,
"2023-06-30","TMUS","T-Mobile US, Inc. Common Stock","NNM","24310443","28611331","5628820","4.32",,
"2023-06-30","TRV","The Travelers Companies, Inc.","NYSE","3164450","2648175","1311476","2.41",,
"2023-06-30","TSLA","Tesla, Inc. Common Stock","NNM","95631311","96484129","163731698","1.00",,
"2023-06-30","TXN","Texas Instruments Incorporated","NNM","14505224","16874081","5419241","2.68",,
"2023-06-30","UBER","Uber Technologies, Inc.","NYSE","44590723","51106838","25028471","1.78",,
"2023-06-30","UNH","UNITEDHEALTH GROUP INCORPORATE","NYSE","6030256","4701176","4250756","1.42",,
"2023-06-30","UNP","Union Pacific Corp.","NYSE","3965322","4503317","2892049","1.37",,
"2023-06-30","UPS","United Parcel Service, Inc. Cl","NYSE","8891424","10174705","4838018","1.84",,
"2023-06-30","URI","United Rentals, Inc.","NYSE","2450639","2691097","894715","2.74",,
"2023-06-30","USB","U.S. Bancorp","NYSE","40298946","37556258","15708534","2.57",,
"2023-06-30","V","VISA Inc.","NYSE","29479105","30647269","7379054","3.99",,
"2023-06-30","VLO","Valero Energy Corporation","NYSE","9300748","10673794","4126601","2.25",,
"2023-06-30","VRT","Vertiv Holdings Co Class A Com","NYSE","8603629","9235944","5878132","1.46",,
"2023-06-30","VRTX","Vertex Pharmaceuticals Incorpo","NNM","2726924","2732362","1400893","1.95",,
"2023-06-30","VZ","Verizon Communications","NYSE","47588539","44047700","18853522","2.52",,
"2023-06-30","WBD","Warner Bros. Discovery, Inc. S","NNM","93589971","83573790","28604754","3.27",,
"2023-06-30","WDC","Western Digital Corporation Co","NNM","6095585","8013305","3663222","1.66",,
"2023-06-30","WELL","Welltower Inc.","NYSE","13813535","14402550","3403278","4.06",,
"2023-06-30","WFC","Wells Fargo & Co.","NYSE","28495481","32024194","17859456","1.60",,
"2023-06-30","WM","Waste Management, Inc.","NYSE","4137849","4321694","1382695","2.99",,
"2023-06-30","WMB","Williams Companies Inc.","NYSE","24392275","21727372","9310454","2.62",,
"2023-06-30","WMT","Walmart Inc.","NYSE","14401394","16192301","6397029","2.25",,
"2023-06-30","XOM","Exxon Mobil Corporation","NYSE","26405475","34463391","16983045","1.55",,
"2024-04-15","AAPL","Apple Inc. Common Stock","NNM","101912593","108782648","56912498","1.79",,
"2024-04-15","ABBV","ABBVIE INC.","NYSE","13536080","13120924","5560822","2.43",,
"2024-04-15","ABNB","Airbnb, Inc. Class A Common St","NNM","16673190","17995228","2925578","5.70",,
"2024-04-15","ABT","Abbott Laboratories","NYSE","12937099","14481157","4572377","2.83",,
"2024-04-15","ADBE","Adobe Inc. Common Stock","NNM","7193329","5690991","3272741","2.20",,
"2024-04-15","ADI","Analog Devices, Inc. Common St","NNM","8536624","8471009","2903747","2.94",,
"2024-04-15","ADP","Automatic Data Processing, Inc","NNM","4395224","4557723","1471926","2.99",,
"2024-04-15","AEP","American Electric Power Compan","NNM","8401916","9352961","2306863","3.64",,
"2024-04-15","AFL","Aflac Inc.","NYSE","12761555","12701786","2070639","6.16",,
"2024-04-15","AJG","Arthur J. Gallagher & Co.","NYSE","2110285","1992678","796794","2.65",,
"2024-04-15","ALL","The Allstate Corporation","NYSE","2061601","2788278","1244759","1.66",,
"2024-04-15","AMAT","Applied Materials, Inc. Common","NNM","12489055","12454784","4303501","2.90",,
"2024-04-15","AMD","Advanced Micro Devices, Inc. C","NNM","32304929","32846511","59762708","1.00",,
"2024-04-15","AMGN","Amgen Inc. Common Stock","NNM","10110322","10472474","1989256","5.08",,
"2024-04-15","AMT","American Tower Corporation","NYSE","4644661","5101325","2734454","1.70",,
"2024-04-15","AMZN","Amazon.com, Inc. Common Stock","NNM","75734073","70546891","37434030","2.02",,
"2024-04-15","ANET","Arista Networks","NYSE","2786767","2865957","2257466","1.23",,
"2024-04-15","AON","Aon plc Class A","NYSE","1962233","1854605","941418","2.08",,
"2024-04-15","APD","Air Products & Chemicals, Inc.","NYSE","2660605","2299106","1216657","2.19",,
"2024-04-15","APH","Amphenol Corporation","NYSE","8523406","7598924","3332001","2.56",,
"2024-04-15","APO","Apollo Global Management, Inc.","NYSE","17133309","16349077","1925600","8.90",,
"2024-04-15","APP","Applovin Corporation Class A C","NNM","21846727","24651325","3709711","5.89",,
"2024-04-15","AVGO","Broadcom Inc. Common Stock","NNM","5827827","5483692","2277283","2.56",,
"2024-04-15","AXP","American Express Company","NYSE","6380655","6661478","2508570","2.54",,
"2024-04-15","BA","Boeing Company","NYSE","9696127","9294893","6896970","1.41",,
"2024-04-15","BAC","Bank of America Corporation","NYSE","64802751","72084831","36722339","1.76",,
"2024-04-15","BKNG","Booking Holdings Inc. Common S","NNM","757655","744715","218561","3.47",,
"2024-04-15","BLK","Blackrock, Inc.","NYSE","1691027","1823435","780971","2.17",,
"2024-04-15","BMY","Bristol-Myers Squibb Co.","NYSE","34364180","35116032","10881947","3.16",,
"2024-04-15","BNY","BlackRock New York Municipal I","NYSE","15605","20562","39619","1.00",,
"2024-04-15","BRKA","Berkshire Hathaway Inc.","NYSE","403","404","14657","1.00",,
"2024-04-15","BRKB","BERKSHIRE HATHAWAY Class B","NYSE","10689573","10315251","2944629","3.63",,
"2024-04-15","BSX","Boston Scientific Corp.","NYSE","13159314","12426912","5329492","2.47",,
"2024-04-15","BX","Blackstone Inc.","NYSE","20162879","19239071","2941524","6.85",,
"2024-04-15","C","Citigroup Inc.","NYSE","25959581","29791538","16321687","1.59",,
"2024-04-15","CAT","Caterpillar Inc.","NYSE","12781140","13057733","2251653","5.68",,
"2024-04-15","CCZ","Comcast Holdings Corp. 2.0% Ex","NYSE","623","523","86","7.24",,
"2024-04-15","CDNS","Cadence Design Systems, Inc. C","NNM","2460351","2749066","1088487","2.26",,
"2024-04-15","CEG","Constellation Energy Corporati","NNM","4168675","4620128","2552159","1.63",,
"2024-04-15","CI","The Cigna Group","NYSE","3945506","5574721","1311560","3.01",,
"2024-04-15","CL","Colgate-Palmolive Company","NYSE","9423776","11750721","3907952","2.41",,
"2024-04-15","CMCSA","Comcast Corporation Class A Co","NNM","53514621","46788230","22554113","2.37",,
"2024-04-15","CME","CME Group Inc. Class A Common","NNM","3545696","4420407","1716265","2.07",,
"2024-04-15","CMI","Cummins Inc.","NYSE","2304395","2751324","931698","2.47",,
"2024-04-15","COF","Capital One Financial","NYSE","12715950","11298013","2105427","6.04",,
"2024-04-15","COP","ConocoPhillips","NYSE","14076547","12879365","4123729","3.41",,
"2024-04-15","COST","Costco Wholesale Corporation C","NNM","6297238","6359750","1885852","3.34",,
"2024-04-15","CRM","Salesforce, Inc.","NYSE","10101957","9645300","5346533","1.89",,
"2024-04-15","CRWD","CrowdStrike Holdings, Inc. Cla","NNM","6042531","5850552","2000364","3.02",,
"2024-04-15","CSCO","Cisco Systems, Inc. Common Sto","NNM","51751856","46707038","18307114","2.83",,
"2024-04-15","CSX","CSX Corporation Common Stock","NNM","30489476","25090847","11912317","2.56",,
"2024-04-15","CTAS","Cintas Corporation Common Stoc","NNM","1373715","1453819","370279","3.71",,
"2024-04-15","CVNA","Carvana Co.","NYSE","28567180","29160716","3314514","8.62",,
"2024-04-15","CVS","CVS HEALTH CORPORATION","NYSE","17995667","22722983","9109962","1.98",,
"2024-04-15","CVX","Chevron Corporation","NYSE","52153731","49670617","7906383","6.60",,
"2024-04-15","D","Dominion Energy, Inc Common St","NYSE","12124191","14939860","4288911","2.83",,
"2024-04-15","DASH","DoorDash, Inc. Class A Common","NNM","11418718","11315931","2449984","4.66",,
"2024-04-15","DDOG","Datadog, Inc. Class A Common S","NNM","10286447","9745526","2875428","3.58",,
"2024-04-15","DE","Deere & Company","NYSE","3426811","3004849","1298085","2.64",,
"2024-04-15","DELL","Dell Technologies Inc.","NYSE","7264219","6416725","10043722","1.00",,
"2024-04-15","DHR","Danaher Corporation","NYSE","6202117","6352743","2309629","2.69",,
"2024-04-15","DIS","The Walt Disney Company","NYSE","20058422","19655753","10791443","1.86",,
"2024-04-15","DLR","Digital Realty Trust, Inc.","NYSE","9965903","10011348","1337373","7.45",,
"2024-04-15","DUK","Duke Energy Corporation","NYSE","8499721","8396996","2360654","3.60",,
"2024-04-15","ECL","Ecolab, Inc.","NYSE","2082811","2029348","1060983","1.96",,
"2024-04-15","ELV","Elevance Health, Inc.","NYSE","1939822","2092968","1042607","1.86",,
"2024-04-15","EMR","Emerson Electric Co.","NYSE","6411119","6030593","1874068","3.42",,
"2024-04-15","EOG","EOG Resources, Inc.","NYSE","10560667","9660441","3255202","3.24",,
"2024-04-15","EPD","Enterprise Products Partners L","NYSE","15272228","18528407","4999851","3.05",,
"2024-04-15","EQIX","Equinix, Inc. Common Stock REI","NNM","1902321","2042711","545180","3.49",,
"2024-04-15","FCX","Freeport-McMoran Inc.","NYSE","22880540","18085711","16899073","1.35",,
"2024-04-15","FDX","FedEx Corporation","NYSE","4136131","3437905","1781358","2.32",,
"2024-04-15","FTNT","Fortinet, Inc. Common Stock","NNM","13966069","13187419","4882868","2.86",,
"2024-04-15","GD","General Dynamics Corporation","NYSE","1786715","1499315","1182484","1.51",,
"2024-04-15","GE","GE Aerospace","NYSE","10930473","11360195","10461237","1.04",,
"2024-04-15","GEV","GE Vernova Inc.","NYSE","3860581","0","9176133","1.00",,
"2024-04-15","GILD","Gilead Sciences, Inc. Common S","NNM","21182130","22572691","6035807","3.51",,
"2024-04-15","GLW","Corning Incorporated","NYSE","12098198","11520811","4135227","2.93",,
"2024-04-15","GM","General Motors Company","NYSE","62755868","73569744","12754033","4.92",,
"2024-04-15","GOOG","Alphabet Inc. Class C Capital","NNM","36944458","34184161","18904223","1.95",,
"2024-04-15","GOOGL","Alphabet Inc. Class A Common S","NNM","58724354","56577141","26457043","2.22",,
"2024-04-15","GS","Goldman Sachs Group Inc.","NYSE","5024679","5086487","2208250","2.28",,
"2024-04-15","GWW","W.W. Grainger, Inc.","NYSE","1300852","1250615","200195","6.50",,
"2024-04-15","HCA","HCA Healthcare, Inc.","NYSE","2636075","2600088","794262","3.32",,
"2024-04-15","HD","Home Depot, Inc.","NYSE","9305438","9886447","4124015","2.26",,
"2024-04-15","HLT","Hilton Worldwide Holdings Inc.","NYSE","2748923","3169405","1229933","2.24",,
"2024-04-15","HON","Honeywell International Inc. C","NNM","6926188","7591241","2703972","2.56",,
"2024-04-15","HOOD","Robinhood Markets, Inc. Class","NNM","31489205","30051684","11687408","2.69",,
"2024-04-15","HPE","Hewlett Packard Enterprise Com","NYSE","29788118","27772474","14260335","2.09",,
"2024-04-15","HWM","Howmet Aerospace Inc.","NYSE","7902480","7452762","3462176","2.28",,
"2024-04-15","IBKR","Interactive Brokers Group, Inc","NNM","2736501","2692576","821877","3.33",,
"2024-04-15","IBM","International Business Machine","NYSE","22452416","23288842","2852174","7.87",,
"2024-04-15","ICE","Intercontinental Exchange  Inc","NYSE","4821234","4969360","2274934","2.12",,
"2024-04-15","INTC","Intel Corporation Common Stock","NNM","76281751","72399239","56815834","1.34",,
"2024-04-15","INTU","Intuit Inc. Common Stock","NNM","3134691","3392627","1272829","2.46",,
"2024-04-15","ISRG","Intuitive Surgical, Inc. Commo","NNM","3218204","3408802","1407199","2.29",,
"2024-04-15","ITW","Illinois Tool Works Inc.","NYSE","6465625","7123908","1034525","6.25",,
"2024-04-15","JNJ","Johnson & Johnson","NYSE","16563652","15943156","6832114","2.42",,
"2024-04-15","JPM","JPMorgan Chase & Co.","NYSE","19887829","21780337","10811887","1.84",,
"2024-04-15","KKR","KKR & Co. Inc.","NYSE","7743168","6859347","2846796","2.72",,
"2024-04-15","KLAC","KLA Corporation Common Stock","NNM","1907735","1977625","783303","2.44",,
"2024-04-15","KMI","Kinder Morgan, Inc.","NYSE","43108016","44293459","10899770","3.95",,
"2024-04-15","KO","Coca-Cola Company","NYSE","23633021","26683333","11960080","1.98",,
"2024-04-15","LIN","Linde plc Ordinary Shares","NNM","5803633","6298060","1629979","3.56",,
"2024-04-15","LLY","Eli Lilly & Co.","NYSE","5535865","5420666","2300744","2.41",,
"2024-04-15","LMT","Lockheed Martin Corp.","NYSE","2269053","2175332","1098399","2.07",,
"2024-04-15","LOW","Lowe's Companies Inc.","NYSE","7331329","7900535","2397078","3.06",,
"2024-04-15","LRCX","Lam Research Corporation Commo","NNM","2548549","2571706","735758","3.46",,
"2024-04-15","MA","Mastercard Incorporated","NYSE","5120546","4445194","2358341","2.17",,
"2024-04-15","MAR","Marriott International Class A","NNM","5281395","5610972","1340855","3.94",,
"2024-04-15","MCD","McDonald's Corporation","NYSE","8492722","8081310","3581486","2.37",,
"2024-04-15","MCK","McKesson Corporation","NYSE","1375635","1460908","463164","2.97",,
"2024-04-15","MCO","Moody's Corporation","NYSE","1271343","1434882","705667","1.80",,
"2024-04-15","MDLZ","Mondelez International, Inc. C","NNM","11326694","15322557","9063743","1.25",,
"2024-04-15","MDT","Medtronic plc","NYSE","12394416","12434732","6234124","1.99",,
"2024-04-15","META","Meta Platforms, Inc. Class A C","NNM","27026387","26846472","13483271","2.00",,
"2024-04-15","MMM","3M Company","NYSE","8177324","7121829","5368537","1.52",,
"2024-04-15","MNST","Monster Beverage Corporation","NNM","12203693","14178399","5358790","2.28",,
"2024-04-15","MO","Altria Group, Inc.","NYSE","48022125","60344258","11157745","4.30",,
"2024-04-15","MPC","MARATHON PETROLEUM CORPORATION","NYSE","7797791","7677600","2779841","2.81",,
"2024-04-15","MPWR","Monolithic Power Systems, Inc.","NNM","929256","1068598","454363","2.05",,
"2024-04-15","MRK","Merck & Co., Inc.","NYSE","20429972","19592222","6246795","3.27",,
"2024-04-15","MRVL","Marvell Technology, Inc. Commo","NNM","24176918","17809840","12607920","1.92",,
"2024-04-15","MS","Morgan Stanley","NYSE","15927402","15128214","7829802","2.03",,
"2024-04-15","MSFT","Microsoft Corporation Common S","NNM","56321541","55771473","16824621","3.35",,
"2024-04-15","MSI","Motorola Solutions, Inc. New","NYSE","1584709","1626403","531002","2.98",,
"2024-04-15","MU","Micron Technology, Inc. Common","NNM","24295021","22817319","27345715","1.00",,
"2024-04-15","NEE","Nextra Energy, Inc.","NYSE","23760270","24947966","10450830","2.27",,
"2024-04-15","NEM","Newmont Corporation","NYSE","20223789","16579621","15610677","1.30",,
"2024-04-15","NET","Cloudflare, Inc. Class A commo","NYSE","11108459","11404894","2294493","4.84",,
"2024-04-15","NFLX","Netflix, Inc. Common Stock","NNM","6454315","6866367","2625480","2.46",,
"2024-04-15","NKE","Nike, Inc.","NYSE","19011146","17919587","10325852","1.84",,
"2024-04-15","NOC","Northrop Grumman Corp.","NYSE","1855344","1814985","1246906","1.49",,
"2024-04-15","NOW","SERVICENOW, INC.","NYSE","2592052","2954922","898992","2.88",,
"2024-04-15","NSC","Norfolk Southern Corp.","NYSE","1510242","1678492","843418","1.79",,
"2024-04-15","NVDA","NVIDIA Corporation Common Stoc","NNM","29075362","28356794","41621084","1.00",,
"2024-04-15","ORCL","Oracle Corp","NYSE","13080826","12956034","5792848","2.26",,
"2024-04-15","ORLY","O'Reilly Automotive, Inc. Comm","NNM","748607","707336","274270","2.73",,
"2024-04-15","PANW","Palo Alto Networks, Inc. Commo","NNM","11535644","12359239","3748720","3.08",,
"2024-04-15","PCAR","PACCAR Inc. Common Stock","NNM","7485170","7908966","2047226","3.66",,
"2024-04-15","PEP","PepsiCo, Inc. Common Stock","NNM","15668125","16516527","4753133","3.30",,
"2024-04-15","PFE","Pfizer Inc.","NYSE","68062599","64997268","36668663","1.86",,
"2024-04-15","PG","Procter & Gamble Company","NYSE","14994824","16907414","6625266","2.26",,
"2024-04-15","PGR","Progressive Corporation","NYSE","4241680","4386045","3028888","1.40",,
"2024-04-15","PH","Parker-Hannifin Corporation","NYSE","1004522","1023024","514457","1.95",,
"2024-04-15","PLD","PROLOGIS, INC.","NYSE","11234528","10132579","3667174","3.06",,
"2024-04-15","PLTR","Palantir Technologies Inc. Cla","NYSE","77915836","82366928","36143292","2.16",,
"2024-04-15","PM","Philip Morris International In","NYSE","7435031","7331792","5995150","1.24",,
"2024-04-15","PNC","PNC Financial Services Group","NYSE","5297413","4282393","1619123","3.27",,
"2024-04-15","PSX","PHILLIPS 66","NYSE","8056980","8040810","2342035","3.44",,
"2024-04-15","PWR","Quanta Services, Inc.","NYSE","3842671","3307963","778818","4.93",,
"2024-04-15","QCOM","QUALCOMM Incorporated Common S","NNM","19028649","19406325","6570626","2.90",,
"2024-04-15","RCL","Royal Caribbean Group","NYSE","15054905","15358297","3062530","4.92",,
"2024-04-15","REGN","Regeneron Pharmaceuticals, Inc","NNM","1387154","1421410","442170","3.14",,
"2024-04-15","ROST","Ross Stores, Inc. Common Stock","NNM","3718469","3516252","1852767","2.01",,
"2024-04-15","RSG","Republic Services Inc.","NYSE","2855605","2256298","1188626","2.40",,
"2024-04-15","RTX","RTX Corporation","NYSE","36946503","34633837","9635661","3.83",,
"2024-04-15","SBUX","Starbucks Corporation Common S","NNM","17787463","15717935","7206407","2.47",,
"2024-04-15","SCCO","Southern Copper Corporation","NYSE","5867898","5681439","1258336","4.66",,
"2024-04-15","SCHW","The Charles Schwab Corporation","NYSE","14610791","15005246","6763305","2.16",,
"2024-04-15","SHW","The Sherwin-Williams Company","NYSE","2857297","2557667","1243833","2.30",,
"2024-04-15","SNOW","Snowflake Inc.","NYSE","10057036","9604926","4826228","2.08",,
"2024-04-15","SNPS","Synopsys, Inc. Common Stock","NNM","3299973","3439195","799952","4.13",,
"2024-04-15","SO","The Southern Company","NYSE","15561429","15962728","4640568","3.35",,
"2024-04-15","SPCX","The SPAC and New Issue ETF","NNM","8714","8717","1495","5.83",,
"2024-04-15","SPG","Simon Property Group, Inc.","NYSE","4781416","4626363","1186410","4.03",,
"2024-04-15","SPGI","S&P Global Inc.","NYSE","1642555","1708947","1179452","1.39",,
"2024-04-15","SYK","Stryker Corporation","NYSE","4324815","4243998","871377","4.96",,
"2024-04-15","T","AT&T Inc.","NYSE","82717850","105154809","36546594","2.26",,
"2024-04-15","TDG","TransDigm Group Incorporated","NYSE","1031347","1017775","175308","5.88",,
"2024-04-15","TFC","Truist Financial Corporation","NYSE","13973265","12284013","8557047","1.63",,
"2024-04-15","TGT","Target Corporation","NYSE","7631516","7060535","2992342","2.55",,
"2024-04-15","TJX","TJX Companies, Inc. (The)","NYSE","9403524","12369323","5084521","1.85",,
"2024-04-15","TMO","Thermo Fisher Scientific, Inc.","NYSE","2587236","2581175","1147315","2.26",,
"2024-04-15","TMUS","T-Mobile US, Inc. Common Stock","NNM","23164460","24123218","3756935","6.17",,
"2024-04-15","TRV","The Travelers Companies, Inc.","NYSE","3328852","3354721","1062506","3.13",,
"2024-04-15","TSLA","Tesla, Inc. Common Stock","NNM","106654831","107481521","99414803","1.07",,
"2024-04-15","TXN","Texas Instruments Incorporated","NNM","17755672","18743034","4458437","3.98",,
"2024-04-15","UBER","Uber Technologies, Inc.","NYSE","52250341","54104382","16108458","3.24",,
"2024-04-15","UNH","UNITEDHEALTH GROUP INCORPORATE","NYSE","7893592","7770055","5454507","1.45",,
"2024-04-15","UNP","Union Pacific Corp.","NYSE","4726624","4493393","2074481","2.28",,
"2024-04-15","UPS","United Parcel Service, Inc. Cl","NYSE","10590019","10427022","3749722","2.82",,
"2024-04-15","URI","United Rentals, Inc.","NYSE","2518191","2411742","471144","5.34",,
"2024-04-15","USB","U.S. Bancorp","NYSE","18844416","23454795","6497869","2.90",,
"2024-04-15","V","VISA Inc.","NYSE","32633006","30871209","6407698","5.09",,
"2024-04-15","VLO","Valero Energy Corporation","NYSE","11612140","10954027","2952852","3.93",,
"2024-04-15","VRT","Vertiv Holdings Co Class A Com","NYSE","10845843","9987184","8074825","1.34",,
"2024-04-15","VRTX","Vertex Pharmaceuticals Incorpo","NNM","4029234","3975531","918144","4.39",,
"2024-04-15","VZ","Verizon Communications","NYSE","41245176","47963330","16697214","2.47",,
"2024-04-15","WBD","Warner Bros. Discovery, Inc. S","NNM","113727228","110631005","28861787","3.94",,
"2024-04-15","WDC","Western Digital Corporation Co","NNM","18937852","16031538","7902537","2.40",,
"2024-04-15","WELL","Welltower Inc.","NYSE","8468565","7086497","2211414","3.83",,
"2024-04-15","WFC","Wells Fargo & Co.","NYSE","32497656","39576747","15550142","2.09",,
"2024-04-15","WM","Waste Management, Inc.","NYSE","3760312","4415894","1801923","2.09",,
"2024-04-15","WMB","Williams Companies Inc.","NYSE","25814019","22698861","6908269","3.74",,
"2024-04-15","WMT","Walmart Inc.","NYSE","35692740","37138652","12976710","2.75",,
"2024-04-15","XOM","Exxon Mobil Corporation","NYSE","106529489","104820559","17602669","6.05",,
"2024-06-14","AAPL","Apple Inc. Common Stock","NNM","153405579","113523602","86800712","1.77",,
"2024-06-14","ABBV","ABBVIE INC.","NYSE","15245483","16492118","4358431","3.50",,
"2024-06-14","ABNB","Airbnb, Inc. Class A Common St","NNM","12603209","12827471","3273890","3.85",,
"2024-06-14","ABT","Abbott Laboratories","NYSE","11615688","14502584","5966444","1.95",,
"2024-06-14","ADBE","Adobe Inc. Common Stock","NNM","6689081","7075772","4854177","1.38",,
"2024-06-14","ADI","Analog Devices, Inc. Common St","NNM","8828085","9053114","2760900","3.20",,
"2024-06-14","ADP","Automatic Data Processing, Inc","NNM","4506913","4048591","1445070","3.12",,
"2024-06-14","AEP","American Electric Power Compan","NNM","7661188","7752199","2158088","3.55",,
"2024-06-14","AFL","Aflac Inc.","NYSE","14791313","15010431","1945010","7.60",,
"2024-06-14","AJG","Arthur J. Gallagher & Co.","NYSE","2805307","2681160","919296","3.05",,
"2024-06-14","ALL","The Allstate Corporation","NYSE","2569283","2500694","1304545","1.97",,
"2024-06-14","AMAT","Applied Materials, Inc. Common","NNM","15813639","15589540","4519385","3.50",,
"2024-06-14","AMD","Advanced Micro Devices, Inc. C","NNM","41761386","38854704","49195332","1.00",,
"2024-06-14","AMGN","Amgen Inc. Common Stock","NNM","9124139","9048349","1839827","4.96",,
"2024-06-14","AMT","American Tower Corporation","NYSE","5560355","4808482","2376854","2.34",,
"2024-06-14","AMZN","Amazon.com, Inc. Common Stock","NNM","85134086","74192425","30900401","2.76",,
"2024-06-14","ANET","Arista Networks","NYSE","4423798","3639333","2081822","2.12",,
"2024-06-14","AON","Aon plc Class A","NYSE","3182015","3028235","1625177","1.96",,
"2024-06-14","APD","Air Products & Chemicals, Inc.","NYSE","3465044","3328790","1652210","2.10",,
"2024-06-14","APH","Amphenol Corporation","NYSE","14271115","9218102","6126044","2.33","S",
"2024-06-14","APO","Apollo Global Management, Inc.","NYSE","18471482","17947299","2702807","6.83",,
"2024-06-14","APP","Applovin Corporation Class A C","NNM","15154493","16420361","4430260","3.42",,
"2024-06-14","AVGO","Broadcom Inc. Common Stock","NNM","5787349","5647817","3961606","1.46",,
"2024-06-14","AXP","American Express Company","NYSE","8435626","8079901","2761477","3.05",,
"2024-06-14","BA","Boeing Company","NYSE","13126800","11815954","5533950","2.37",,
"2024-06-14","BAC","Bank of America Corporation","NYSE","81479769","72308642","35076120","2.32",,
"2024-06-14","BKNG","Booking Holdings Inc. Common S","NNM","849410","741890","184278","4.61",,
"2024-06-14","BLK","Blackrock, Inc.","NYSE","1660152","1872293","541223","3.07",,
"2024-06-14","BMY","Bristol-Myers Squibb Co.","NYSE","30293592","28729419","12908493","2.35",,
"2024-06-14","BNY","BlackRock New York Municipal I","NYSE","18928","65655","55105","1.00",,
"2024-06-14","BRKA","Berkshire Hathaway Inc.","NYSE","478","281","7015","1.00",,
"2024-06-14","BRKB","BERKSHIRE HATHAWAY Class B","NYSE","11076445","11056327","3527031","3.14",,
"2024-06-14","BSX","Boston Scientific Corp.","NYSE","11539004","13382721","4259634","2.71",,
"2024-06-14","BX","Blackstone Inc.","NYSE","18195800","17410152","2791570","6.52",,
"2024-06-14","C","Citigroup Inc.","NYSE","31282001","29091392","10891446","2.87",,
"2024-06-14","CAT","Caterpillar Inc.","NYSE","11699002","11480292","3323740","3.52",,
"2024-06-14","CCZ","Comcast Holdings Corp. 2.0% Ex","NYSE","102","602","2346","1.00",,
"2024-06-14","CDNS","Cadence Design Systems, Inc. C","NNM","3819030","3507337","1396868","2.73",,
"2024-06-14","CEG","Constellation Energy Corporati","NNM","5188433","6515085","3984487","1.30",,
"2024-06-14","CI","The Cigna Group","NYSE","3819395","3281034","1278171","2.99",,
"2024-06-14","CL","Colgate-Palmolive Company","NYSE","9896785","7429019","3293203","3.01",,
"2024-06-14","CMCSA","Comcast Corporation Class A Co","NNM","52894640","52790479","15618703","3.39",,
"2024-06-14","CME","CME Group Inc. Class A Common","NNM","5962611","5075339","1883423","3.17",,
"2024-06-14","CMI","Cummins Inc.","NYSE","2445401","2657904","795906","3.07",,
"2024-06-14","COF","Capital One Financial","NYSE","9621552","10363717","2312188","4.16",,
"2024-06-14","COP","ConocoPhillips","NYSE","17940644","16289528","5943242","3.02",,
"2024-06-14","COST","Costco Wholesale Corporation C","NNM","6555905","6363586","1662096","3.94",,
"2024-06-14","CRM","Salesforce, Inc.","NYSE","10027037","11825711","10809493","1.00",,
"2024-06-14","CRWD","CrowdStrike Holdings, Inc. Cla","NNM","8186560","6745309","7353719","1.11",,
"2024-06-14","CSCO","Cisco Systems, Inc. Common Sto","NNM","55560079","53240139","18269573","3.04",,
"2024-06-14","CSX","CSX Corporation Common Stock","NNM","33082108","30805272","8533430","3.88",,
"2024-06-14","CTAS","Cintas Corporation Common Stoc","NNM","1621129","1607711","275754","5.88",,
"2024-06-14","CVNA","Carvana Co.","NYSE","21910552","22716330","4248466","5.16",,
"2024-06-14","CVS","CVS HEALTH CORPORATION","NYSE","20644808","17712428","11804421","1.75",,
"2024-06-14","CVX","Chevron Corporation","NYSE","52546299","52140339","6807930","7.72",,
"2024-06-14","D","Dominion Energy, Inc Common St","NYSE","17379900","18611206","3868334","4.49",,
"2024-06-14","DASH","DoorDash, Inc. Class A Common","NNM","14464775","13390625","3107263","4.66",,
"2024-06-14","DDOG","Datadog, Inc. Class A Common S","NNM","9768834","9526503","4209634","2.32",,
"2024-06-14","DE","Deere & Company","NYSE","3621135","3821592","1250082","2.90",,
"2024-06-14","DELL","Dell Technologies Inc.","NYSE","11761968","13545272","17912119","1.00",,
"2024-06-14","DHR","Danaher Corporation","NYSE","7703278","7120284","3262189","2.36",,
"2024-06-14","DIS","The Walt Disney Company","NYSE","19552012","17750551","8437833","2.32",,
"2024-06-14","DLR","Digital Realty Trust, Inc.","NYSE","10006533","9607999","1261428","7.93",,
"2024-06-14","DUK","Duke Energy Corporation","NYSE","9912759","10624892","2553946","3.88",,
"2024-06-14","ECL","Ecolab, Inc.","NYSE","2028404","2607503","1029378","1.97",,
"2024-06-14","ELV","Elevance Health, Inc.","NYSE","2284992","1830004","908653","2.51",,
"2024-06-14","EMR","Emerson Electric Co.","NYSE","6497338","6413800","2271519","2.86",,
"2024-06-14","EOG","EOG Resources, Inc.","NYSE","10360781","8615370","2805440","3.69",,
"2024-06-14","EPD","Enterprise Products Partners L","NYSE","16653594","16473589","2791891","5.96",,
"2024-06-14","EQIX","Equinix, Inc. Common Stock REI","NNM","1732787","1890480","405327","4.28",,
"2024-06-14","FCX","Freeport-McMoran Inc.","NYSE","25925576","25570024","12737205","2.04",,
"2024-06-14","FDX","FedEx Corporation","NYSE","2868084","3384969","1251672","2.29",,
"2024-06-14","FTNT","Fortinet, Inc. Common Stock","NNM","14264504","16612882","3718187","3.84",,
"2024-06-14","GD","General Dynamics Corporation","NYSE","1789338","1945067","776462","2.30",,
"2024-06-14","GE","GE Aerospace","NYSE","14361047","13384298","5191931","2.77",,
"2024-06-14","GEV","GE Vernova Inc.","NYSE","6414755","6809636","4368683","1.47",,
"2024-06-14","GILD","Gilead Sciences, Inc. Common S","NNM","18806316","25433180","7256579","2.59",,
"2024-06-14","GLW","Corning Incorporated","NYSE","19292009","12926410","5550831","3.48",,
"2024-06-14","GM","General Motors Company","NYSE","62120761","58298195","15906654","3.91",,
"2024-06-14","GOOG","Alphabet Inc. Class C Capital","NNM","44008587","36721194","15576781","2.83",,
"2024-06-14","GOOGL","Alphabet Inc. Class A Common S","NNM","69725356","53916704","23039692","3.03",,
"2024-06-14","GS","Goldman Sachs Group Inc.","NYSE","5325070","5613891","1755680","3.03",,
"2024-06-14","GWW","W.W. Grainger, Inc.","NYSE","1614208","1278936","250983","6.43",,
"2024-06-14","HCA","HCA Healthcare, Inc.","NYSE","3520199","3015911","847769","4.15",,
"2024-06-14","HD","Home Depot, Inc.","NYSE","8562983","8702987","3270022","2.62",,
"2024-06-14","HLT","Hilton Worldwide Holdings Inc.","NYSE","3839254","3831428","1519389","2.53",,
"2024-06-14","HON","Honeywell International Inc. C","NNM","7719583","7592747","2566313","3.01",,
"2024-06-14","HOOD","Robinhood Markets, Inc. Class","NNM","34071580","29985009","20082984","1.70",,
"2024-06-14","HPE","Hewlett Packard Enterprise Com","NYSE","24133420","27613003","29455802","1.00",,
"2024-06-14","HWM","Howmet Aerospace Inc.","NYSE","9488590","9215283","2308812","4.11",,
"2024-06-14","IBKR","Interactive Brokers Group, Inc","NNM","2949212","3420761","804525","3.67",,
"2024-06-14","IBM","International Business Machine","NYSE","20460151","19646388","3032446","6.75",,
"2024-06-14","ICE","Intercontinental Exchange  Inc","NYSE","4678261","4304941","2237796","2.09",,
"2024-06-14","INTC","Intel Corporation Common Stock","NNM","99947906","93316906","37077722","2.70",,
"2024-06-14","INTU","Intuit Inc. Common Stock","NNM","3385162","3599335","1548412","2.19",,
"2024-06-14","ISRG","Intuitive Surgical, Inc. Commo","NNM","4031919","3854822","1180235","3.42",,
"2024-06-14","ITW","Illinois Tool Works Inc.","NYSE","5026595","6335037","841658","5.97",,
"2024-06-14","JNJ","Johnson & Johnson","NYSE","19555843","19934592","6073366","3.22",,
"2024-06-14","JPM","JPMorgan Chase & Co.","NYSE","21623492","20762674","7976868","2.71",,
"2024-06-14","KKR","KKR & Co. Inc.","NYSE","7887831","6995994","6697844","1.18",,
"2024-06-14","KLAC","KLA Corporation Common Stock","NNM","2943154","2969798","637099","4.62",,
"2024-06-14","KMI","Kinder Morgan, Inc.","NYSE","42613832","43077598","11097552","3.84",,
"2024-06-14","KO","Coca-Cola Company","NYSE","31253561","29394687","10057950","3.11",,
"2024-06-14","LIN","Linde plc Ordinary Shares","NNM","5166144","5134216","1656128","3.12",,
"2024-06-14","LLY","Eli Lilly & Co.","NYSE","6482755","6163270","2544719","2.55",,
"2024-06-14","LMT","Lockheed Martin Corp.","NYSE","2153146","1892987","884281","2.43",,
"2024-06-14","LOW","Lowe's Companies Inc.","NYSE","9262628","8754366","2156073","4.30",,
"2024-06-14","LRCX","Lam Research Corporation Commo","NNM","2323746","2537376","860363","2.70",,
"2024-06-14","MA","Mastercard Incorporated","NYSE","4054712","3988640","2147823","1.89",,
"2024-06-14","MAR","Marriott International Class A","NNM","6955611","5934420","1397870","4.98",,
"2024-06-14","MCD","McDonald's Corporation","NYSE","9168787","8081198","3344236","2.74",,
"2024-06-14","MCK","McKesson Corporation","NYSE","2066772","1984846","589362","3.51",,
"2024-06-14","MCO","Moody's Corporation","NYSE","1951943","1850158","569871","3.43",,
"2024-06-14","MDLZ","Mondelez International, Inc. C","NNM","13000407","12712033","5312760","2.45",,
"2024-06-14","MDT","Medtronic plc","NYSE","16359975","13323566","5942603","2.75",,
"2024-06-14","META","Meta Platforms, Inc. Class A C","NNM","29174171","27901905","10654175","2.74",,
"2024-06-14","MMM","3M Company","NYSE","8981734","9346323","3852213","2.33",,
"2024-06-14","MNST","Monster Beverage Corporation","NNM","32315254","26006974","23055337","1.40",,
"2024-06-14","MO","Altria Group, Inc.","NYSE","31190253","30928070","8430950","3.70",,
"2024-06-14","MPC","MARATHON PETROLEUM CORPORATION","NYSE","9736331","9084148","2504187","3.89",,
"2024-06-14","MPWR","Monolithic Power Systems, Inc.","NNM","1531436","1401820","404113","3.79",,
"2024-06-14","MRK","Merck & Co., Inc.","NYSE","19473077","20407404","6783824","2.87",,
"2024-06-14","MRVL","Marvell Technology, Inc. Commo","NNM","38957368","39347768","10563425","3.69",,
"2024-06-14","MS","Morgan Stanley","NYSE","12245675","13239946","4703436","2.60",,
"2024-06-14","MSFT","Microsoft Corporation Common S","NNM","62396959","56416253","15677435","3.98",,
"2024-06-14","MSI","Motorola Solutions, Inc. New","NYSE","1426963","1696399","582101","2.45",,
"2024-06-14","MU","Micron Technology, Inc. Common","NNM","28997594","26494707","15402966","1.88",,
"2024-06-14","NEE","Nextra Energy, Inc.","NYSE","34996641","46722566","11429223","3.06",,
"2024-06-14","NEM","Newmont Corporation","NYSE","17366927","17923413","7182215","2.42",,
"2024-06-14","NET","Cloudflare, Inc. Class A commo","NYSE","8008905","8444753","3120188","2.57",,
"2024-06-14","NFLX","Netflix, Inc. Common Stock","NNM","7652213","7267182","2472027","3.10",,
"2024-06-14","NKE","Nike, Inc.","NYSE","20138949","21822332","8410069","2.39",,
"2024-06-14","NOC","Northrop Grumman Corp.","NYSE","2288214","1606711","1020520","2.24",,
"2024-06-14","NOW","SERVICENOW, INC.","NYSE","2938555","3028942","1509560","1.95",,
"2024-06-14","NSC","Norfolk Southern Corp.","NYSE","1759992","1622067","859989","2.05",,
"2024-06-14","NVDA","NVIDIA Corporation Common Stoc","NNM","315033985","29202972","382568606","1.00","S",
"2024-06-14","ORCL","Oracle Corp","NYSE","19378519","15200300","13398993","1.45",,
"2024-06-14","ORLY","O'Reilly Automotive, Inc. Comm","NNM","995004","994384","467416","2.13",,
"2024-06-14","PANW","Palo Alto Networks, Inc. Commo","NNM","11552616","11882859","2708066","4.27",,
"2024-06-14","PCAR","PACCAR Inc. Common Stock","NNM","11694562","10361871","2501142","4.68",,
"2024-06-14","PEP","PepsiCo, Inc. Common Stock","NNM","19696514","16736954","5676916","3.47",,
"2024-06-14","PFE","Pfizer Inc.","NYSE","62071446","75974487","33721196","1.84",,
"2024-06-14","PG","Procter & Gamble Company","NYSE","18810225","19732811","5033921","3.74",,
"2024-06-14","PGR","Progressive Corporation","NYSE","5223407","5710361","2395506","2.18",,
"2024-06-14","PH","Parker-Hannifin Corporation","NYSE","1481671","1333209","816390","1.81",,
"2024-06-14","PLD","PROLOGIS, INC.","NYSE","9943599","10404425","4384385","2.27",,
"2024-06-14","PLTR","Palantir Technologies Inc. Cla","NYSE","71534078","75097598","36653294","1.95",,
"2024-06-14","PM","Philip Morris International In","NYSE","9214011","11567472","4559956","2.02",,
"2024-06-14","PNC","PNC Financial Services Group","NYSE","5156532","4763843","1474992","3.50",,
"2024-06-14","PSX","PHILLIPS 66","NYSE","8838195","8513399","2230412","3.96",,
"2024-06-14","PWR","Quanta Services, Inc.","NYSE","4030115","4110384","757868","5.32",,
"2024-06-14","QCOM","QUALCOMM Incorporated Common S","NNM","23279614","20100369","8360758","2.78",,
"2024-06-14","RCL","Royal Caribbean Group","NYSE","15927693","15845620","1735595","9.18",,
"2024-06-14","REGN","Regeneron Pharmaceuticals, Inc","NNM","1854083","1746529","369787","5.01",,
"2024-06-14","ROST","Ross Stores, Inc. Common Stock","NNM","4459786","4540520","2417113","1.85",,
"2024-06-14","RSG","Republic Services Inc.","NYSE","2476111","2339928","951827","2.60",,
"2024-06-14","RTX","RTX Corporation","NYSE","19272530","25389786","5159786","3.74",,
"2024-06-14","SBUX","Starbucks Corporation Common S","NNM","22770629","21791925","10266596","2.22",,
"2024-06-14","SCCO","Southern Copper Corporation","NYSE","6569089","6104930","1473824","4.46",,
"2024-06-14","SCHW","The Charles Schwab Corporation","NYSE","17888077","15498552","5218048","3.43",,
"2024-06-14","SHW","The Sherwin-Williams Company","NYSE","4258182","4261609","1884704","2.26",,
"2024-06-14","SNOW","Snowflake Inc.","NYSE","11098046","8923442","8968500","1.24",,
"2024-06-14","SNPS","Synopsys, Inc. Common Stock","NNM","3983949","3786680","743761","5.36",,
"2024-06-14","SO","The Southern Company","NYSE","23884717","20577309","3924140","6.09",,
"2024-06-14","SPCX","The SPAC and New Issue ETF","NNM","8512","8512","803","10.60",,
"2024-06-14","SPG","Simon Property Group, Inc.","NYSE","4917803","4359983","1636934","3.00",,
"2024-06-14","SPGI","S&P Global Inc.","NYSE","2082528","1982551","873168","2.39",,
"2024-06-14","SYK","Stryker Corporation","NYSE","3851839","4190889","1051561","3.66",,
"2024-06-14","T","AT&T Inc.","NYSE","97589964","93269962","30684258","3.18",,
"2024-06-14","TDG","TransDigm Group Incorporated","NYSE","822502","860679","211985","3.88",,
"2024-06-14","TFC","Truist Financial Corporation","NYSE","13944239","12605151","6682441","2.09",,
"2024-06-14","TGT","Target Corporation","NYSE","8204130","7919925","4058581","2.02",,
"2024-06-14","TJX","TJX Companies, Inc. (The)","NYSE","15046385","15517468","5702536","2.64",,
"2024-06-14","TMO","Thermo Fisher Scientific, Inc.","NYSE","3191930","3242459","1228521","2.60",,
"2024-06-14","TMUS","T-Mobile US, Inc. Common Stock","NNM","25513276","25311461","7065014","3.61",,
"2024-06-14","TRV","The Travelers Companies, Inc.","NYSE","3801547","3266862","1247042","3.05",,
"2024-06-14","TSLA","Tesla, Inc. Common Stock","NNM","105382772","101325315","71592597","1.47",,
"2024-06-14","TXN","Texas Instruments Incorporated","NNM","20741959","19671921","4398317","4.72",,
"2024-06-14","UBER","Uber Technologies, Inc.","NYSE","49211483","46389648","17198514","2.86",,
"2024-06-14","UNH","UNITEDHEALTH GROUP INCORPORATE","NYSE","7808904","7513575","3439492","2.27",,
"2024-06-14","UNP","Union Pacific Corp.","NYSE","5346886","4228813","2276542","2.35",,
"2024-06-14","UPS","United Parcel Service, Inc. Cl","NYSE","12895052","12457929","3429655","3.76",,
"2024-06-14","URI","United Rentals, Inc.","NYSE","3225330","3121930","670856","4.81",,
"2024-06-14","USB","U.S. Bancorp","NYSE","15138206","14365461","8784484","1.72",,
"2024-06-14","V","VISA Inc.","NYSE","28577187","28198912","5866779","4.87",,
"2024-06-14","VLO","Valero Energy Corporation","NYSE","11979485","11257321","2525783","4.74",,
"2024-06-14","VRT","Vertiv Holdings Co Class A Com","NYSE","14577373","13406839","10899566","1.34",,
"2024-06-14","VRTX","Vertex Pharmaceuticals Incorpo","NNM","4466815","4348066","1110240","4.02",,
"2024-06-14","VZ","Verizon Communications","NYSE","52268254","46415668","13450223","3.89",,
"2024-06-14","WBD","Warner Bros. Discovery, Inc. S","NNM","119692446","118522180","24460243","4.89",,
"2024-06-14","WDC","Western Digital Corporation Co","NNM","25551027","24688374","4798563","5.32",,
"2024-06-14","WELL","Welltower Inc.","NYSE","10047104","10100363","2144525","4.69",,
"2024-06-14","WFC","Wells Fargo & Co.","NYSE","38788902","36350988","15024109","2.58",,
"2024-06-14","WM","Waste Management, Inc.","NYSE","3851516","3058498","2027090","1.90",,
"2024-06-14","WMB","Williams Companies Inc.","NYSE","22503824","19391811","5561628","4.05",,
"2024-06-14","WMT","Walmart Inc.","NYSE","40800421","39974438","14533773","2.81",,
"2024-06-14","XOM","Exxon Mobil Corporation","NYSE","43435767","40197379","14940310","2.91",,
"2023-07-31","AAPL","Apple Inc. Common Stock","NNM","105460144","126626604","52323234","2.02",,
"2023-07-31","ABBV","ABBVIE INC.","NYSE","11436751","9506806","6536674","1.75",,
"2023-07-31","ABNB","Airbnb, Inc. Class A Common St","NNM","23913262","25478670","5201259","4.60",,
"2023-07-31","ABT","Abbott Laboratories","NYSE","12045972","11021024","5157882","2.34",,
"2023-07-31","ADBE","Adobe Inc. Common Stock","NNM","4259521","4501104","3470835","1.23",,
"2023-07-31","ADI","Analog Devices, Inc. Common St","NNM","5558075","5875709","3429317","1.62",,
"2023-07-31","ADP","Automatic Data Processing, Inc","NNM","4505496","5086358","2234441","2.02",,
"2023-07-31","AEP","American Electric Power Compan","NNM","7443475","6635481","3838877","1.94",,"R"
"2023-07-31","AFL","Aflac Inc.","NYSE","11582535","11747167","1952305","5.93",,
"2023-07-31","AJG","Arthur J. Gallagher & Co.","NYSE","1417928","1673092","773845","1.83",,
"2023-07-31","ALL","The Allstate Corporation","NYSE","3104370","3399262","1616459","1.92",,
"2023-07-31","AMAT","Applied Materials, Inc. Common","NNM","20645674","16606657","7157827","2.88",,
"2023-07-31","AMD","Advanced Micro Devices, Inc. C","NNM","25040006","29535487","61109877","1.00",,
"2023-07-31","AMGN","Amgen Inc. Common Stock","NNM","6511830","7176546","2863378","2.27",,"R"
"2023-07-31","AMT","American Tower Corporation","NYSE","4426479","4483387","3172702","1.40",,
"2023-07-31","AMZN","Amazon.com, Inc. Common Stock","NNM","70673174","78540027","57257891","1.23",,
"2023-07-31","ANET","Arista Networks","NYSE","3950759","4262343","3483555","1.13",,
"2023-07-31","AON","Aon plc Class A","NYSE","1807049","1835049","1001443","1.80",,
"2023-07-31","APD","Air Products & Chemicals, Inc.","NYSE","1956498","2108158","786658","2.49",,
"2023-07-31","APH","Amphenol Corporation","NYSE","5719891","5247265","2930871","1.95",,
"2023-07-31","APO","Apollo Global Management, Inc.","NYSE","11075433","11686932","1875749","5.90",,
"2023-07-31","APP","Applovin Corporation Class A C","NNM","14268911","15476045","1652079","8.64",,
"2023-07-31","AVGO","Broadcom Inc. Common Stock","NNM","5758234","5009316","2653735","2.17",,
"2023-07-31","AXP","American Express Company","NYSE","6159416","6493978","3768998","1.63",,
"2023-07-31","BA","Boeing Company","NYSE","7021019","7448581","7680118","1.00",,
"2023-07-31","BAC","Bank of America Corporation","NYSE","71882694","70849310","54258490","1.32",,
"2023-07-31","BKNG","Booking Holdings Inc. Common S","NNM","878184","899294","293198","3.00",,
"2023-07-31","BLK","Blackrock, Inc.","NYSE","2192599","2111396","571476","3.84",,
"2023-07-31","BMY","Bristol-Myers Squibb Co.","NYSE","16635116","18210623","10236216","1.63",,
"2023-07-31","BNY","BlackRock New York Municipal I","NYSE","13972","9892","36062","1.00",,
"2023-07-31","BRKA","Berkshire Hathaway Inc.","NYSE","712","692","7443","1.00",,
"2023-07-31","BRKB","BERKSHIRE HATHAWAY Class B","NYSE","6272656","5881549","2836037","2.21",,
"2023-07-31","BSX","Boston Scientific Corp.","NYSE","8325786","7359069","7658607","1.09",,
"2023-07-31","BX","Blackstone Inc.","NYSE","18572074","20609257","4442993","4.18",,
"2023-07-31","C","Citigroup Inc.","NYSE","22287951","33632069","18302278","1.22",,
"2023-07-31","CAT","Caterpillar Inc.","NYSE","6701559","6990312","2584861","2.59",,
"2023-07-31","CDNS","Cadence Design Systems, Inc. C","NNM","2183238","2256023","2154544","1.01",,
"2023-07-31","CEG","Constellation Energy Corporati","NNM","6595560","7121634","1694824","3.89",,
"2023-07-31","CI","The Cigna Group","NYSE","2622161","3086410","1449078","1.81",,
"2023-07-31","CL","Colgate-Palmolive Company","NYSE","9529781","9083631","6188189","1.54",,
"2023-07-31","CMCSA","Comcast Corporation Class A Co","NNM","35545761","35715318","21760921","1.63",,
"2023-07-31","CME","CME Group Inc. Class A Common","NNM","4275137","4253052","1515254","2.82",,
"2023-07-31","CMI","Cummins Inc.","NYSE","1966165","2731945","893541","2.20",,
"2023-07-31","COF","Capital One Financial","NYSE","7573151","7885316","3249014","2.33",,
"2023-07-31","COP","ConocoPhillips","NYSE","11951330","9363606","4459461","2.68",,"R"
"2023-07-31","COST","Costco Wholesale Corporation C","NNM","4150710","4277367","1912247","2.17",,
"2023-07-31","CRM","Salesforce, Inc.","NYSE","7488907","9640665","4867005","1.54",,
"2023-07-31","CRWD","CrowdStrike Holdings, Inc. Cla","NNM","6337290","6691424","3437880","1.84",,
"2023-07-31","CSCO","Cisco Systems, Inc. Common Sto","NNM","61951051","52615066","21131820","2.93",,
"2023-07-31","CSX","CSX Corporation Common Stock","NNM","16560307","16667160","17295908","1.00",,
"2023-07-31","CTAS","Cintas Corporation Common Stoc","NNM","1188863","1201276","591024","2.01",,
"2023-07-31","CVNA","Carvana Co.","NYSE","35682512","39808013","33753425","1.06",,
"2023-07-31","CVS","CVS HEALTH CORPORATION","NYSE","19048488","18897825","9144490","2.08",,
"2023-07-31","CVX","Chevron Corporation","NYSE","19653117","19741863","7277900","2.70",,
"2023-07-31","D","Dominion Energy, Inc Common St","NYSE","5595675","5677943","2862574","1.95",,"R"
"2023-07-31","DASH","DoorDash, Inc.","NYSE","14938894","16643872","2897676","5.16",,
"2023-07-31","DDOG","Datadog, Inc. Class A Common S","NNM","9991059","10502941","4247163","2.35",,
"2023-07-31","DE","Deere & Company","NYSE","2188676","2785878","1435873","1.52",,
"2023-07-31","DELL","Dell Technologies Inc.","NYSE","8487649","6329278","3476686","2.44",,
"2023-07-31","DHR","Danaher Corporation","NYSE","5069494","4080614","4460117","1.14",,
"2023-07-31","DIS","The Walt Disney Company","NYSE","22335351","23452146","18561179","1.20",,
"2023-07-31","DLR","Digital Realty Trust, Inc.","NYSE","17675220","17510886","3296782","5.36",,
"2023-07-31","DUK","Duke Energy Corporation","NYSE","8217470","7919974","2427529","3.39",,
"2023-07-31","ECL","Ecolab, Inc.","NYSE","2175260","2200994","972516","2.24",,
"2023-07-31","ELV","Elevance Health, Inc.","NYSE","1614072","1666050","1500112","1.08",,
"2023-07-31","EMR","Emerson Electric Co.","NYSE","5990585","5686708","2151236","2.78",,
"2023-07-31","EOG","EOG Resources, Inc.","NYSE","8450479","7961320","2658143","3.18",,
"2023-07-31","EPD","Enterprise Products Partners L","NYSE","16673021","13680277","4623432","3.61",,
"2023-07-31","EQIX","Equinix, Inc. Common Stock REI","NNM","1444343","1513268","357879","4.04",,
"2023-07-31","FCX","Freeport-McMoran Inc.","NYSE","15667763","17446951","12986946","1.21",,
"2023-07-31","FDX","FedEx Corporation","NYSE","3489620","4793936","2002475","1.74",,
"2023-07-31","FTNT","Fortinet, Inc. Common Stock","NNM","9558185","10131827","4757660","2.01",,
"2023-07-31","GD","General Dynamics Corporation","NYSE","2982651","3027356","1591648","1.87",,"R"
"2023-07-31","GE","General Electric Company","NYSE","13260410","13888614","6244582","2.12",,
"2023-07-31","GILD","Gilead Sciences, Inc. Common S","NNM","18841286","17568860","6753267","2.79",,
"2023-07-31","GLW","Corning Incorporated","NYSE","9693460","8814058","5564777","1.74",,
"2023-07-31","GM","General Motors Company","NYSE","26837441","30233577","16197283","1.66",,
"2023-07-31","GOOG","Alphabet Inc. Class C Capital","NNM","25471470","31659735","29962914","1.00",,
"2023-07-31","GOOGL","Alphabet Inc. Class A Common S","NNM","45223272","56817772","41486637","1.09",,
"2023-07-31","GS","Goldman Sachs Group Inc.","NYSE","3265014","2953154","2978496","1.10",,
"2023-07-31","GWW","W.W. Grainger, Inc.","NYSE","1007630","1171998","334589","3.01",,
"2023-07-31","HCA","HCA Healthcare, Inc.","NYSE","2025817","2366417","1947678","1.04",,
"2023-07-31","HD","Home Depot, Inc.","NYSE","8853630","9572877","2635099","3.36",,
"2023-07-31","HLT","Hilton Worldwide Holdings Inc.","NYSE","3968097","4506474","2197089","1.81",,
"2023-07-31","HON","Honeywell International Inc. C","NNM","6132213","5913084","3574076","1.72",,
"2023-07-31","HOOD","Robinhood Markets, Inc. Class","NNM","20944406","23644524","10845123","1.93",,
"2023-07-31","HPE","Hewlett Packard Enterprise Com","NYSE","29164449","28349863","10777655","2.71",,
"2023-07-31","HWM","Howmet Aerospace Inc.","NYSE","2429309","2978421","2109128","1.15",,
"2023-07-31","IBKR","Interactive Brokers Group, Inc","NNM","2287072","1440072","1555808","1.47",,
"2023-07-31","IBM","International Business Machine","NYSE","26334897","25605024","5431393","4.85",,
"2023-07-31","ICE","Intercontinental Exchange  Inc","NYSE","3515244","4916268","2240509","1.57",,
"2023-07-31","INTC","Intel Corporation Common Stock","NNM","62222663","63736856","45571791","1.37",,
"2023-07-31","INTU","Intuit Inc. Common Stock","NNM","3531586","4054692","1764141","2.00",,
"2023-07-31","ISRG","Intuitive Surgical, Inc. Commo","NNM","3042713","3151410","2712515","1.12",,
"2023-07-31","ITW","Illinois Tool Works Inc.","NYSE","6507511","6625410","1182585","5.50",,
"2023-07-31","JNJ","Johnson & Johnson","NYSE","25728797","12079091","13251599","1.94",,"R"
"2023-07-31","JPM","JPMorgan Chase & Co.","NYSE","19402547","18766194","11424530","1.70",,
"2023-07-31","KKR","KKR & Co. Inc.","NYSE","10862450","11369099","2536725","4.28",,
"2023-07-31","KLAC","KLA Corporation Common Stock","NNM","2227188","2302324","1321488","1.69",,
"2023-07-31","KMI","Kinder Morgan, Inc.","NYSE","37217088","40207493","13649666","2.73",,
"2023-07-31","KO","Coca-Cola Company","NYSE","19832021","23058756","12375152","1.60",,
"2023-07-31","LIN","Linde plc Ordinary Share","NYSE","3462995","3312437","1469094","2.36",,
"2023-07-31","LLY","Eli Lilly & Co.","NYSE","4781769","5139181","2088321","2.29",,
"2023-07-31","LMT","Lockheed Martin Corp.","NYSE","1525108","1724744","1585341","1.00",,
"2023-07-31","LOW","Lowe's Companies Inc.","NYSE","7623539","9561447","2037235","3.74",,
"2023-07-31","LRCX","Lam Research Corporation Commo","NNM","3133850","3079734","1563728","2.00",,
"2023-07-31","MA","Mastercard Incorporated","NYSE","4630547","4848497","2818620","1.64",,
"2023-07-31","MAR","Marriott International Class A","NNM","5434251","5888299","2462036","2.21",,
"2023-07-31","MCD","McDonald's Corporation","NYSE","5573153","6343183","2647404","2.11",,
"2023-07-31","MCK","McKesson Corporation","NYSE","1594286","1610382","729387","2.19",,
"2023-07-31","MCO","Moody's Corporation","NYSE","1587654","1460911","971879","1.63",,
"2023-07-31","MDLZ","Mondelez International, Inc. C","NNM","14242438","13998678","8035854","1.77",,
"2023-07-31","MDT","Medtronic plc","NYSE","6340022","6616297","4729665","1.34",,"R"
"2023-07-31","META","Meta Platforms, Inc. Class A C","NNM","25479274","28987517","32142349","1.00",,
"2023-07-31","MMM","3M Company","NYSE","10500010","11382546","4156748","2.53",,
"2023-07-31","MNST","Monster Beverage Corporation","NNM","12082524","11436555","4814766","2.51",,
"2023-07-31","MO","Altria Group, Inc.","NYSE","14007635","15684636","5860815","2.39",,"R"
"2023-07-31","MPC","MARATHON PETROLEUM CORPORATION","NYSE","10676111","11052015","2876035","3.71",,
"2023-07-31","MPWR","Monolithic Power Systems, Inc.","NNM","1621092","2015933","644933","2.51",,
"2023-07-31","MRK","Merck & Co., Inc.","NYSE","14136825","17923981","7405172","1.91",,
"2023-07-31","MRVL","Marvell Technology, Inc. Commo","NNM","18618366","18069700","9780239","1.90",,
"2023-07-31","MS","Morgan Stanley","NYSE","18344968","16385860","9007634","2.04",,
"2023-07-31","MSFT","Microsoft Corporation Common S","NNM","35852374","42497800","40686332","1.00",,
"2023-07-31","MSI","Motorola Solutions, Inc. New","NYSE","1131054","1191372","668658","1.69",,
"2023-07-31","MU","Micron Technology, Inc. Common","NNM","19482849","20044107","13654230","1.43",,
"2023-07-31","NEE","Nextra Energy, Inc.","NYSE","17506066","17325880","8449999","2.07",,"R"
"2023-07-31","NEM","Newmont Corporation","NYSE","26468629","24020957","6684678","3.96",,
"2023-07-31","NET","Cloudflare, Inc. Class A commo","NYSE","17084640","17969766","3704430","4.61",,
"2023-07-31","NFLX","Netflix, Inc. Common Stock","NNM","8965630","9055028","10963266","1.00",,
"2023-07-31","NKE","Nike, Inc.","NYSE","15727004","16907912","6281056","2.50",,
"2023-07-31","NOC","Northrop Grumman Corp.","NYSE","1286900","1424159","981987","1.31",,
"2023-07-31","NOW","SERVICENOW, INC.","NYSE","2694310","3123602","1552133","1.74",,
"2023-07-31","NSC","Norfolk Southern Corp.","NYSE","2358394","2436234","1332445","1.77",,
"2023-07-31","NVDA","NVIDIA Corporation Common Stoc","NNM","26400064","31386008","46627069","1.00",,
"2023-07-31","ORCL","Oracle Corp","NYSE","15049787","13941151","7946847","1.89",,
"2023-07-31","ORLY","O'Reilly Automotive, Inc. Comm","NNM","611600","654124","447668","1.37",,
"2023-07-31","PANW","Palo Alto Networks, Inc. Commo","NNM","18730909","19616312","3503862","5.35",,
"2023-07-31","PCAR","PACCAR Inc. Common Stock","NNM","7919212","8513604","3817330","2.07",,
"2023-07-31","PEP","PepsiCo, Inc. Common Stock","NNM","11170955","10694444","5678597","1.97",,
"2023-07-31","PFE","Pfizer Inc.","NYSE","45860472","52675910","23664304","1.94",,
"2023-07-31","PG","Procter & Gamble Company","NYSE","14956447","13213972","6869159","2.18",,
"2023-07-31","PGR","Progressive Corporation","NYSE","4163784","3456958","3356999","1.24",,
"2023-07-31","PH","Parker-Hannifin Corporation","NYSE","1226409","1454413","663838","1.85",,
"2023-07-31","PLD","PROLOGIS, INC.","NYSE","10506322","9444113","3121889","3.37",,
"2023-07-31","PLTR","Palantir Technologies Inc. Cla","NYSE","119438357","124356873","70321699","1.70",,
"2023-07-31","PM","Philip Morris International In","NYSE","6955326","7160798","4969695","1.40",,
"2023-07-31","PNC","PNC Financial Services Group","NYSE","8356670","6978704","3107446","2.69",,"R"
"2023-07-31","PSX","PHILLIPS 66","NYSE","9827753","11134447","2883910","3.41",,
"2023-07-31","PWR","Quanta Services, Inc.","NYSE","3992623","4190397","684149","5.84",,
"2023-07-31","QCOM","QUALCOMM Incorporated Common S","NNM","13355715","13204164","9326021","1.43",,
"2023-07-31","RCL","Royal Caribbean Group","NYSE","21345981","20964584","3984961","5.36",,
"2023-07-31","REGN","Regeneron Pharmaceuticals, Inc","NNM","1343387","1268810","675688","1.99",,
"2023-07-31","ROST","Ross Stores, Inc. Common Stock","NNM","3360118","3301215","2101621","1.60",,
"2023-07-31","RSG","Republic Services Inc.","NYSE","1914857","1866800","1167526","1.64",,
"2023-07-31","RTX","RTX Corporation","NYSE","11404296","8299012","11894641","1.00",,
"2023-07-31","SBUX","Starbucks Corporation Common S","NNM","15739851","16545935","6955141","2.26",,
"2023-07-31","SCCO","Southern Copper Corporation","NYSE","5167764","5449288","1169239","4.42",,
"2023-07-31","SCHW","The Charles Schwab Corporation","NYSE","28848671","27086029","14162689","2.04",,
"2023-07-31","SHW","The Sherwin-Williams Company","NYSE","2728016","3023307","1907878","1.43",,
"2023-07-31","SNOW","Snowflake Inc.","NYSE","11480408","11797733","4483192","2.56",,"R"
"2023-07-31","SNPS","Synopsys, Inc. Common Stock","NNM","1027873","1094379","883630","1.16",,
"2023-07-31","SO","The Southern Company","NYSE","11134838","11615775","4485136","2.48",,
"2023-07-31","SPCX","The SPAC and New Issue ETF","NNM","9825","13452","2225","4.42",,
"2023-07-31","SPG","Simon Property Group, Inc.","NYSE","5191806","5308687","1201474","4.32",,
"2023-07-31","SPGI","S&P Global Inc.","NYSE","3584178","3559002","1634937","2.19",,
"2023-07-31","SYK","Stryker Corporation","NYSE","2959406","3417493","1598786","1.85",,
"2023-07-31","T","AT&T Inc.","NYSE","114073003","97739589","81686305","1.40",,
"2023-07-31","TDG","TransDigm Group Incorporated","NYSE","1042563","1055242","208597","5.00",,
"2023-07-31","TFC","Truist Financial Corporation","NYSE","28287188","35032209","11692997","2.42",,"R"
"2023-07-31","TGT","Target Corporation","NYSE","9287941","9702502","4196868","2.21",,
"2023-07-31","TJX","TJX Companies, Inc. (The)","NYSE","6970070","6923511","3441876","2.03",,
"2023-07-31","TMO","Thermo Fisher Scientific, Inc.","NYSE","3039933","2727458","2204499","1.38",,
"2023-07-31","TMUS","T-Mobile US, Inc. Common Stock","NNM","22493176","23949474","5952980","3.78",,
"2023-07-31","TRV","The Travelers Companies, Inc.","NYSE","2841988","3276136","1476951","1.92",,
"2023-07-31","TSLA","Tesla, Inc. Common Stock","NNM","78209234","92996256","124390883","1.00",,
"2023-07-31","TXN","Texas Instruments Incorporated","NNM","18459070","15854332","7008749","2.63",,
"2023-07-31","UBER","Uber Technologies, Inc.","NYSE","44414427","42661167","22838469","1.94",,
"2023-07-31","UNH","UNITEDHEALTH GROUP INCORPORATE","NYSE","6231331","6577576","3755928","1.66",,
"2023-07-31","UNP","Union Pacific Corp.","NYSE","5672864","4469814","4222118","1.34",,
"2023-07-31","UPS","United Parcel Service, Inc. Cl","NYSE","9567589","10577806","3661410","2.61",,"R"
"2023-07-31","URI","United Rentals, Inc.","NYSE","2396635","2543870","716810","3.34",,
"2023-07-31","USB","U.S. Bancorp","NYSE","40247530","41231864","16109323","2.50",,"R"
"2023-07-31","V","VISA Inc.","NYSE","29961726","29981185","5934097","5.05",,
"2023-07-31","VLO","Valero Energy Corporation","NYSE","9418662","9742949","3592377","2.62",,
"2023-07-31","VRT","Vertiv Holdings Co Class A Com","NYSE","7213557","8170984","4790140","1.51",,
"2023-07-31","VRTX","Vertex Pharmaceuticals Incorpo","NNM","2855153","2513112","1356007","2.11",,
"2023-07-31","VZ","Verizon Communications","NYSE","45355034","55777692","43164662","1.05",,"R"
"2023-07-31","WBD","Warner Bros. Discovery, Inc. S","NNM","91248066","84992307","18530429","4.92",,
"2023-07-31","WDC","Western Digital Corporation Co","NNM","6059193","5582482","3747078","1.62",,
"2023-07-31","WELL","Welltower Inc.","NYSE","12902841","13494848","1553615","8.31",,
"2023-07-31","WFC","Wells Fargo & Co.","NYSE","30263493","27768976","17488816","1.73",,
"2023-07-31","WM","Waste Management, Inc.","NYSE","3929878","4769286","1754977","2.24",,
"2023-07-31","WMB","Williams Companies Inc.","NYSE","26690385","30700569","5385517","4.96",,
"2023-07-31","WMT","Walmart Inc.","NYSE","11771636","13424765","4500943","2.62",,
"2023-07-31","XOM","Exxon Mobil Corporation","NYSE","33533826","28794558","17718936","1.89",,
"2024-06-28","AAPL","Apple Inc. Common Stock","NNM","132235437","153405579","92150178","1.43",,
"2024-06-28","ABBV","ABBVIE INC.","NYSE","16220658","15245483","8207403","1.98",,
"2024-06-28","ABNB","Airbnb, Inc. Class A Common St","NNM","12354991","12603209","4363677","2.83",,
"2024-06-28","ABT","Abbott Laboratories","NYSE","13000568","11615688","6185922","2.10",,
"2024-06-28","ADBE","Adobe Inc. Common Stock","NNM","6953603","6689081","4684769","1.48",,
"2024-06-28","ADI","Analog Devices, Inc. Common St","NNM","9138680","8828085","3232920","2.83",,
"2024-06-28","ADP","Automatic Data Processing, Inc","NNM","4783354","4506913","1971736","2.43",,
"2024-06-28","AEP","American Electric Power Compan","NNM","7691098","7661188","2975110","2.59",,
"2024-06-28","AFL","Aflac Inc.","NYSE","14902942","14791313","2789043","5.34",,
"2024-06-28","AJG","Arthur J. Gallagher & Co.","NYSE","3349978","2805307","1137753","2.94",,
"2024-06-28","ALL","The Allstate Corporation","NYSE","2517211","2569283","1762958","1.43",,
"2024-06-28","AMAT","Applied Materials, Inc. Common","NNM","15621126","15813639","6457345","2.42",,
"2024-06-28","AMD","Advanced Micro Devices, Inc. C","NNM","41616896","41761386","51334018","1.00",,
"2024-06-28","AMGN","Amgen Inc. Common Stock","NNM","8984675","9124139","3187680","2.82",,
"2024-06-28","AMT","American Tower Corporation","NYSE","6017191","5560355","2026635","2.97",,
"2024-06-28","AMZN","Amazon.com, Inc. Common Stock","NNM","78354688","85134086","55513331","1.41",,
"2024-06-28","ANET","Arista Networks","NYSE","3358092","4423798","2802298","1.20",,
"2024-06-28","AON","Aon plc Class A","NYSE","3647143","3182015","2167091","1.68",,
"2024-06-28","APD","Air Products & Chemicals, Inc.","NYSE","3245333","3465044","2713689","1.20",,
"2024-06-28","APH","Amphenol Corporation","NYSE","14855729","14271115","9489206","1.57",,
"2024-06-28","APO","Apollo Global Management, Inc.","NYSE","20452323","18471482","3642881","5.61",,
"2024-06-28","APP","Applovin Corporation Class A C","NNM","15676675","15154493","4519208","3.47",,
"2024-06-28","AVGO","Broadcom Inc. Common Stock","NNM","5373935","5787349","6646107","1.00",,
"2024-06-28","AXP","American Express Company","NYSE","7564457","8435626","3065099","2.47",,
"2024-06-28","BA","Boeing Company","NYSE","14311628","13126800","6757806","2.12",,
"2024-06-28","BAC","Bank of America Corporation","NYSE","67402548","81479769","38485637","1.75",,
"2024-06-28","BKNG","Booking Holdings Inc. Common S","NNM","790591","849410","223249","3.54",,
"2024-06-28","BLK","Blackrock, Inc.","NYSE","1697369","1660152","560110","3.03",,
"2024-06-28","BMY","Bristol-Myers Squibb Co.","NYSE","31622026","30293592","20083790","1.57",,
"2024-06-28","BNY","BlackRock New York Municipal I","NYSE","13500","18928","44705","1.00",,
"2024-06-28","BRKA","Berkshire Hathaway Inc.","NYSE","255","478","2115","1.00",,
"2024-06-28","BRKB","BERKSHIRE HATHAWAY Class B","NYSE","10101903","11076445","4829948","2.09",,
"2024-06-28","BSX","Boston Scientific Corp.","NYSE","11251869","11539004","6692260","1.68",,
"2024-06-28","BX","Blackstone Inc.","NYSE","19407608","18195800","2695086","7.20",,
"2024-06-28","C","Citigroup Inc.","NYSE","29051138","31282001","14284304","2.03",,
"2024-06-28","CAT","Caterpillar Inc.","NYSE","10376681","11699002","4192383","2.48",,
"2024-06-28","CCZ","Comcast Holdings Corp. 2.0% Ex","NYSE","106","102","1450","1.00",,
"2024-06-28","CDNS","Cadence Design Systems, Inc. C","NNM","3714784","3819030","1830040","2.03",,
"2024-06-28","CEG","Constellation Energy Corporati","NNM","4457557","5188433","4267976","1.04",,
"2024-06-28","CI","The Cigna Group","NYSE","3775766","3819395","1790421","2.11",,
"2024-06-28","CL","Colgate-Palmolive Company","NYSE","10352953","9896785","5205062","1.99",,
"2024-06-28","CMCSA","Comcast Corporation Class A Co","NNM","51034405","52894640","26719822","1.91",,
"2024-06-28","CME","CME Group Inc. Class A Common","NNM","4506882","5962611","3049050","1.48",,
"2024-06-28","CMI","Cummins Inc.","NYSE","2135899","2445401","1363282","1.57",,
"2024-06-28","COF","Capital One Financial","NYSE","9367340","9621552","2582338","3.63",,
"2024-06-28","COP","ConocoPhillips","NYSE","15893418","17940644","8239266","1.93",,
"2024-06-28","COST","Costco Wholesale Corporation C","NNM","7151276","6555905","1948326","3.67",,
"2024-06-28","CRM","Salesforce, Inc.","NYSE","13245381","10027037","10244136","1.29",,
"2024-06-28","CRWD","CrowdStrike Holdings, Inc. Cla","NNM","12614368","8186560","10190061","1.24",,
"2024-06-28","CSCO","Cisco Systems, Inc. Common Sto","NNM","47754809","55560079","23791905","2.01",,
"2024-06-28","CSX","CSX Corporation Common Stock","NNM","32810389","33082108","13530562","2.42",,
"2024-06-28","CTAS","Cintas Corporation Common Stoc","NNM","1731241","1621129","648382","2.67",,
"2024-06-28","CVNA","Carvana Co.","NYSE","21891762","21910552","6094118","3.59",,
"2024-06-28","CVS","CVS HEALTH CORPORATION","NYSE","18428931","20644808","11154293","1.65",,
"2024-06-28","CVX","Chevron Corporation","NYSE","49763884","52546299","9156733","5.43",,
"2024-06-28","D","Dominion Energy, Inc Common St","NYSE","15839025","17379900","4360366","3.63",,
"2024-06-28","DASH","DoorDash, Inc. Class A Common","NNM","16588758","14464775","4763030","3.48",,
"2024-06-28","DDOG","Datadog, Inc. Class A Common S","NNM","10869868","9768834","3878675","2.80",,
"2024-06-28","DE","Deere & Company","NYSE","4127718","3621135","2228496","1.85",,
"2024-06-28","DELL","Dell Technologies Inc.","NYSE","11125898","11761968","20269869","1.00",,
"2024-06-28","DHR","Danaher Corporation","NYSE","8613615","7703278","3848741","2.24",,
"2024-06-28","DIS","The Walt Disney Company","NYSE","18614277","19552012","10792191","1.72",,
"2024-06-28","DLR","Digital Realty Trust, Inc.","NYSE","10170360","10006533","1858844","5.47",,
"2024-06-28","DUK","Duke Energy Corporation","NYSE","9684762","9912759","2875667","3.37",,
"2024-06-28","ECL","Ecolab, Inc.","NYSE","2004999","2028404","1483449","1.35",,
"2024-06-28","ELV","Elevance Health, Inc.","NYSE","2191078","2284992","893945","2.45",,
"2024-06-28","EMR","Emerson Electric Co.","NYSE","7010228","6497338","2655307","2.64",,
"2024-06-28","EOG","EOG Resources, Inc.","NYSE","10210811","10360781","3064217","3.33",,
"2024-06-28","EPD","Enterprise Products Partners L","NYSE","14862559","16653594","3128916","4.75",,
"2024-06-28","EQIX","Equinix, Inc. Common Stock REI","NNM","1746627","1732787","594071","2.94",,
"2024-06-28","FCX","Freeport-McMoran Inc.","NYSE","21644171","25925576","11493915","1.88",,
"2024-06-28","FDX","FedEx Corporation","NYSE","3730809","2868084","3888580","1.00",,
"2024-06-28","FTNT","Fortinet, Inc. Common Stock","NNM","16057460","14264504","7310699","2.20",,
"2024-06-28","GD","General Dynamics Corporation","NYSE","1986016","1789338","1155314","1.72",,
"2024-06-28","GE","GE Aerospace","NYSE","13733743","14361047","7240478","1.90",,
"2024-06-28","GEV","GE Vernova Inc.","NYSE","6843787","6414755","3085230","2.22",,
"2024-06-28","GILD","Gilead Sciences, Inc. Common S","NNM","22995005","18806316","12267524","1.87",,
"2024-06-28","GLW","Corning Incorporated","NYSE","19143947","19292009","11590099","1.65",,
"2024-06-28","GM","General Motors Company","NYSE","50389004","62120761","16613099","3.03",,
"2024-06-28","GOOG","Alphabet Inc. Class C Capital","NNM","42854852","44008587","21313959","2.01",,
"2024-06-28","GOOGL","Alphabet Inc. Class A Common S","NNM","70084395","69725356","25317405","2.77",,
"2024-06-28","GS","Goldman Sachs Group Inc.","NYSE","4735938","5325070","2405780","1.97",,
"2024-06-28","GWW","W.W. Grainger, Inc.","NYSE","1365633","1614208","277553","4.92",,
"2024-06-28","HCA","HCA Healthcare, Inc.","NYSE","2540860","3520199","1348902","1.88",,
"2024-06-28","HD","Home Depot, Inc.","NYSE","7729849","8562983","4274952","1.81",,
"2024-06-28","HLT","Hilton Worldwide Holdings Inc.","NYSE","3334813","3839254","1978460","1.69",,
"2024-06-28","HON","Honeywell International Inc. C","NNM","7663375","7719583","3547750","2.16",,
"2024-06-28","HOOD","Robinhood Markets, Inc. Class","NNM","34316578","34071580","14071235","2.44",,
"2024-06-28","HPE","Hewlett Packard Enterprise Com","NYSE","27055736","24133420","26112609","1.04",,
"2024-06-28","HWM","Howmet Aerospace Inc.","NYSE","11038575","9488590","3771469","2.93",,
"2024-06-28","IBKR","Interactive Brokers Group, Inc","NNM","2886051","2949212","695311","4.15",,
"2024-06-28","IBM","International Business Machine","NYSE","21239223","20460151","4486871","4.73",,
"2024-06-28","ICE","Intercontinental Exchange  Inc","NYSE","5120142","4678261","2842781","1.80",,
"2024-06-28","INTC","Intel Corporation Common Stock","NNM","96013687","99947906","41747517","2.30",,
"2024-06-28","INTU","Intuit Inc. Common Stock","NNM","3740394","3385162","1691620","2.21",,
"2024-06-28","ISRG","Intuitive Surgical, Inc. Commo","NNM","4872732","4031919","1802389","2.70",,
"2024-06-28","ITW","Illinois Tool Works Inc.","NYSE","5731811","5026595","1389776","4.12",,
"2024-06-28","JNJ","Johnson & Johnson","NYSE","21174103","19555843","7976389","2.65",,
"2024-06-28","JPM","JPMorgan Chase & Co.","NYSE","23084908","21623492","10570385","2.18",,
"2024-06-28","KKR","KKR & Co. Inc.","NYSE","23145197","7887831","22529202","1.03",,
"2024-06-28","KLAC","KLA Corporation Common Stock","NNM","2721145","2943154","966137","2.82",,
"2024-06-28","KMI","Kinder Morgan, Inc.","NYSE","46222187","42613832","16568561","2.79",,
"2024-06-28","KO","Coca-Cola Company","NYSE","31822619","31253561","13531949","2.35",,
"2024-06-28","LIN","Linde plc Ordinary Shares","NNM","4979891","5166144","1903538","2.62",,
"2024-06-28","LLY","Eli Lilly & Co.","NYSE","5994960","6482755","2783509","2.15",,
"2024-06-28","LMT","Lockheed Martin Corp.","NYSE","2153981","2153146","1417530","1.52",,
"2024-06-28","LOW","Lowe's Companies Inc.","NYSE","9436822","9262628","3892778","2.42",,
"2024-06-28","LRCX","Lam Research Corporation Commo","NNM","2494582","2323746","1138823","2.19",,
"2024-06-28","MA","Mastercard Incorporated","NYSE","4402612","4054712","3117193","1.41",,
"2024-06-28","MAR","Marriott International Class A","NNM","6358976","6955611","2094441","3.04",,
"2024-06-28","MCD","McDonald's Corporation","NYSE","8767571","9168787","4502408","1.95",,
"2024-06-28","MCK","McKesson Corporation","NYSE","1853134","2066772","745459","2.49",,
"2024-06-28","MCO","Moody's Corporation","NYSE","1875567","1951943","721247","2.60",,
"2024-06-28","MDLZ","Mondelez International, Inc. C","NNM","12410923","13000407","7167088","1.73",,
"2024-06-28","MDT","Medtronic plc","NYSE","15223477","16359975","7278779","2.09",,
"2024-06-28","META","Meta Platforms, Inc. Class A C","NNM","30432951","29174171","13235554","2.30",,
"2024-06-28","MMM","3M Company","NYSE","8072130","8981734","4364691","1.85",,
"2024-06-28","MNST","Monster Beverage Corporation","NNM","22830628","32315254","8970476","2.55",,
"2024-06-28","MO","Altria Group, Inc.","NYSE","26469121","31190253","12396037","2.14",,
"2024-06-28","MPC","MARATHON PETROLEUM CORPORATION","NYSE","8360966","9736331","3063805","2.73",,
"2024-06-28","MPWR","Monolithic Power Systems, Inc.","NNM","1778439","1531436","575057","3.09",,
"2024-06-28","MRK","Merck & Co., Inc.","NYSE","23350136","19473077","15041684","1.55",,
"2024-06-28","MRVL","Marvell Technology, Inc. Commo","NNM","43895608","38957368","12136557","3.62",,
"2024-06-28","MS","Morgan Stanley","NYSE","10065749","12245675","6807848","1.48",,
"2024-06-28","MSFT","Microsoft Corporation Common S","NNM","64474720","62396959","20336074","3.17",,
"2024-06-28","MSI","Motorola Solutions, Inc. New","NYSE","1944650","1426963","847518","2.29",,
"2024-06-28","MU","Micron Technology, Inc. Common","NNM","27598173","28997594","42310775","1.00",,
"2024-06-28","NEE","Nextra Energy, Inc.","NYSE","38155210","34996641","15583952","2.45",,
"2024-06-28","NEM","Newmont Corporation","NYSE","17029788","17366927","8314955","2.05",,
"2024-06-28","NET","Cloudflare, Inc. Class A commo","NYSE","9481957","8008905","3827730","2.48",,
"2024-06-28","NFLX","Netflix, Inc. Common Stock","NNM","7937926","7652213","3216410","2.47",,
"2024-06-28","NKE","Nike, Inc.","NYSE","22660783","20138949","24716030","1.00",,
"2024-06-28","NOC","Northrop Grumman Corp.","NYSE","1670697","2288214","1046171","1.60",,
"2024-06-28","NOW","SERVICENOW, INC.","NYSE","3293340","2938555","1261066","2.61",,
"2024-06-28","NSC","Norfolk Southern Corp.","NYSE","2300338","1759992","1515673","1.52",,
"2024-06-28","NVDA","NVIDIA Corporation Common Stoc","NNM","300415949","315033985","396651136","1.00",,
"2024-06-28","ORCL","Oracle Corp","NYSE","13293530","19378519","11596144","1.15",,
"2024-06-28","ORLY","O'Reilly Automotive, Inc. Comm","NNM","1168616","995004","492734","2.37",,
"2024-06-28","PANW","Palo Alto Networks, Inc. Commo","NNM","11796099","11552616","3582974","3.29",,
"2024-06-28","PCAR","PACCAR Inc. Common Stock","NNM","12574648","11694562","3607112","3.49",,
"2024-06-28","PEP","PepsiCo, Inc. Common Stock","NNM","19651095","19696514","5658622","3.47",,
"2024-06-28","PFE","Pfizer Inc.","NYSE","59890401","62071446","33146306","1.81",,
"2024-06-28","PG","Procter & Gamble Company","NYSE","20104125","18810225","7816809","2.57",,
"2024-06-28","PGR","Progressive Corporation","NYSE","4614418","5223407","2915049","1.58",,
"2024-06-28","PH","Parker-Hannifin Corporation","NYSE","1433364","1481671","929040","1.54",,
"2024-06-28","PLD","PROLOGIS, INC.","NYSE","11204056","9943599","4052523","2.76",,
"2024-06-28","PLTR","Palantir Technologies Inc. Cla","NYSE","79876062","71534078","45834661","1.74",,
"2024-06-28","PM","Philip Morris International In","NYSE","9922002","9214011","6114506","1.62",,
"2024-06-28","PNC","PNC Financial Services Group","NYSE","5705066","5156532","1635118","3.49",,
"2024-06-28","PSX","PHILLIPS 66","NYSE","8998381","8838195","3446055","2.61",,
"2024-06-28","PWR","Quanta Services, Inc.","NYSE","4541802","4030115","1001372","4.54",,
"2024-06-28","QCOM","QUALCOMM Incorporated Common S","NNM","27851029","23279614","15429820","1.81",,
"2024-06-28","RCL","Royal Caribbean Group","NYSE","15863453","15927693","2183960","7.26",,
"2024-06-28","REGN","Regeneron Pharmaceuticals, Inc","NNM","2037891","1854083","606512","3.36",,
"2024-06-28","ROST","Ross Stores, Inc. Common Stock","NNM","4546868","4459786","3081695","1.48",,
"2024-06-28","RSG","Republic Services Inc.","NYSE","2423292","2476111","1395610","1.74",,
"2024-06-28","RTX","RTX Corporation","NYSE","17282499","19272530","8890830","1.94",,
"2024-06-28","SBUX","Starbucks Corporation Common S","NNM","25614615","22770629","12479804","2.05",,
"2024-06-28","SCCO","Southern Copper Corporation","NYSE","6671856","6569089","1040499","6.41",,
"2024-06-28","SCHW","The Charles Schwab Corporation","NYSE","15438232","17888077","7007333","2.20",,
"2024-06-28","SHW","The Sherwin-Williams Company","NYSE","4153279","4258182","1938385","2.14",,
"2024-06-28","SNOW","Snowflake Inc.","NYSE","13173597","11098046","8414501","1.57",,
"2024-06-28","SNPS","Synopsys, Inc. Common Stock","NNM","3995488","3983949","976411","4.09",,
"2024-06-28","SO","The Southern Company","NYSE","18600654","23884717","4142768","4.49",,
"2024-06-28","SPCX","The SPAC and New Issue ETF","NNM","9476","8512","2836","3.34",,
"2024-06-28","SPG","Simon Property Group, Inc.","NYSE","4590494","4917803","1955792","2.35",,
"2024-06-28","SPGI","S&P Global Inc.","NYSE","2252139","2082528","1315679","1.71",,
"2024-06-28","SYK","Stryker Corporation","NYSE","4110123","3851839","1206137","3.41",,
"2024-06-28","T","AT&T Inc.","NYSE","112271917","97589964","39539384","2.84",,
"2024-06-28","TDG","TransDigm Group Incorporated","NYSE","884115","822502","352539","2.51",,
"2024-06-28","TFC","Truist Financial Corporation","NYSE","15546617","13944239","8067184","1.93",,
"2024-06-28","TGT","Target Corporation","NYSE","8818265","8204130","4561164","1.93",,
"2024-06-28","TJX","TJX Companies, Inc. (The)","NYSE","14045394","15046385","6447495","2.18",,
"2024-06-28","TMO","Thermo Fisher Scientific, Inc.","NYSE","3386849","3191930","2359676","1.44",,
"2024-06-28","TMUS","T-Mobile US, Inc. Common Stock","NNM","19519439","25513276","6349322","3.07",,
"2024-06-28","TRV","The Travelers Companies, Inc.","NYSE","3538311","3801547","1511285","2.34",,
"2024-06-28","TSLA","Tesla, Inc. Common Stock","NNM","105201302","105382772","76021373","1.38",,
"2024-06-28","TXN","Texas Instruments Incorporated","NNM","19673189","20741959","5294717","3.72",,
"2024-06-28","UBER","Uber Technologies, Inc.","NYSE","51946351","49211483","14277505","3.64",,
"2024-06-28","UNH","UNITEDHEALTH GROUP INCORPORATE","NYSE","7689132","7808904","6151455","1.25",,
"2024-06-28","UNP","Union Pacific Corp.","NYSE","5043510","5346886","2624315","1.92",,
"2024-06-28","UPS","United Parcel Service, Inc. Cl","NYSE","14487454","12895052","5184587","2.79",,
"2024-06-28","URI","United Rentals, Inc.","NYSE","2749621","3225330","667542","4.12",,
"2024-06-28","USB","U.S. Bancorp","NYSE","17113946","15138206","8717001","1.96",,
"2024-06-28","V","VISA Inc.","NYSE","22901105","28577187","13513978","1.69",,
"2024-06-28","VLO","Valero Energy Corporation","NYSE","14895874","11979485","3631653","4.10",,
"2024-06-28","VRT","Vertiv Holdings Co Class A Com","NYSE","13468977","14577373","10869031","1.24",,
"2024-06-28","VRTX","Vertex Pharmaceuticals Incorpo","NNM","4102631","4466815","1590794","2.58",,
"2024-06-28","VZ","Verizon Communications","NYSE","46457794","52268254","21124884","2.20",,
"2024-06-28","WBD","Warner Bros. Discovery, Inc. S","NNM","128733503","119692446","27115799","4.75",,
"2024-06-28","WDC","Western Digital Corporation Co","NNM","24078011","25551027","5300183","4.54",,
"2024-06-28","WELL","Welltower Inc.","NYSE","11654078","10047104","5377569","2.17",,
"2024-06-28","WFC","Wells Fargo & Co.","NYSE","30702592","38788902","25294309","1.21",,
"2024-06-28","WM","Waste Management, Inc.","NYSE","3761214","3851516","1842695","2.04",,
"2024-06-28","WMB","Williams Companies Inc.","NYSE","20211009","22503824","7199389","2.81",,
"2024-06-28","WMT","Walmart Inc.","NYSE","36555504","40800421","15912977","2.30",,
"2024-06-28","XOM","Exxon Mobil Corporation","NYSE","42099757","43435767","22021710","1.91",,
"2024-03-15","AAPL","Apple Inc. Common Stock","NNM","110863064","111927679","74683362","1.48",,
"2024-03-15","ABBV","ABBVIE INC.","NYSE","14691308","14266864","6991072","2.10",,
"2024-03-15","ABNB","Airbnb, Inc. Class A Common St","NNM","19641157","19666508","4863610","4.04",,
"2024-03-15","ABT","Abbott Laboratories","NYSE","15715789","14918947","5388030","2.92",,
"2024-03-15","ADBE","Adobe Inc. Common Stock","NNM","5125128","5400730","4820766","1.06",,
"2024-03-15","ADI","Analog Devices, Inc. Common St","NNM","7377178","6342232","4190146","1.76",,
"2024-03-15","ADP","Automatic Data Processing, Inc","NNM","5190050","4603589","2995533","1.73",,
"2024-03-15","AEP","American Electric Power Compan","NNM","11696752","9950284","4600155","2.54",,
"2024-03-15","AFL","Aflac Inc.","NYSE","11396133","9766635","2419832","4.71",,
"2024-03-15","AJG","Arthur J. Gallagher & Co.","NYSE","2235015","2385100","754362","2.96",,
"2024-03-15","ALL","The Allstate Corporation","NYSE","4286637","2765616","2354369","1.82",,
"2024-03-15","AMAT","Applied Materials, Inc. Common","NNM","12931754","13249661","6593286","1.96",,
"2024-03-15","AMD","Advanced Micro Devices, Inc. C","NNM","38544178","34379955","83216832","1.00",,
"2024-03-15","AMGN","Amgen Inc. Common Stock","NNM","11113890","11018150","3076976","3.61",,
"2024-03-15","AMT","American Tower Corporation","NYSE","4886593","5122101","2336602","2.09",,
"2024-03-15","AMZN","Amazon.com, Inc. Common Stock","NNM","72820962","66872027","38135486","1.91",,
"2024-03-15","ANET","Arista Networks","NYSE","3217271","3696303","2630508","1.22",,
"2024-03-15","AON","Aon plc Class A","NYSE","1766687","1788773","721365","2.45",,
"2024-03-15","APD","Air Products & Chemicals, Inc.","NYSE","2792024","2363688","1792645","1.56",,
"2024-03-15","APH","Amphenol Corporation","NYSE","7176546","7260770","2341958","3.06",,
"2024-03-15","APO","Apollo Global Management, Inc.","NYSE","15786423","15649875","2368921","6.66",,
"2024-03-15","APP","Applovin Corporation Class A C","NNM","22116524","18110331","4228982","5.23",,
"2024-03-15","AVGO","Broadcom Inc. Common Stock","NNM","5534189","5252275","4789592","1.16",,
"2024-03-15","AXP","American Express Company","NYSE","7598792","8321630","2803680","2.71",,
"2024-03-15","BA","Boeing Company","NYSE","10809718","8829548","9768958","1.11",,
"2024-03-15","BAC","Bank of America Corporation","NYSE","67794390","62995041","43135140","1.57",,
"2024-03-15","BKNG","Booking Holdings Inc. Common S","NNM","742347","783813","311540","2.38",,
"2024-03-15","BLK","Blackrock, Inc.","NYSE","1776141","1577356","629197","2.82",,
"2024-03-15","BMY","Bristol-Myers Squibb Co.","NYSE","37254166","32647574","26929779","1.38",,
"2024-03-15","BNY","BlackRock New York Municipal I","NYSE","9900","46830","40813","1.00",,
"2024-03-15","BRKA","Berkshire Hathaway Inc.","NYSE","278","272","13737","1.00",,
"2024-03-15","BRKB","BERKSHIRE HATHAWAY Class B","NYSE","9866897","8687671","3961227","2.49",,
"2024-03-15","BSX","Boston Scientific Corp.","NYSE","11481707","9441573","7124746","1.61",,
"2024-03-15","BX","Blackstone Inc.","NYSE","23644865","23676724","5536066","4.27",,
"2024-03-15","C","Citigroup Inc.","NYSE","28362319","24544761","15508721","1.83",,
"2024-03-15","CAT","Caterpillar Inc.","NYSE","14443332","13914349","2075311","6.96",,
"2024-03-15","CCZ","Comcast Holdings Corp. 2.0% Ex","NYSE","518","18","51","10.16",,
"2024-03-15","CDNS","Cadence Design Systems, Inc. C","NNM","2647494","2435908","1459466","1.81",,
"2024-03-15","CEG","Constellation Energy Corporati","NNM","5612446","5548875","3067216","1.83",,
"2024-03-15","CI","The Cigna Group","NYSE","5775975","6450910","1801313","3.21",,
"2024-03-15","CL","Colgate-Palmolive Company","NYSE","11662323","11905277","3832058","3.04",,
"2024-03-15","CMCSA","Comcast Corporation Class A Co","NNM","48240702","48088483","21865040","2.21",,
"2024-03-15","CME","CME Group Inc. Class A Common","NNM","3743428","3316211","1530589","2.45",,
"2024-03-15","CMI","Cummins Inc.","NYSE","32498522","5837707","8439370","3.85",,
"2024-03-15","COF","Capital One Financial","NYSE","11944617","10612935","2421915","4.93",,
"2024-03-15","COP","ConocoPhillips","NYSE","13661983","13438533","7001828","1.95",,
"2024-03-15","COST","Costco Wholesale Corporation C","NNM","6761975","6729180","3270144","2.07",,
"2024-03-15","CRM","Salesforce, Inc.","NYSE","10640932","9228485","7239331","1.47",,
"2024-03-15","CRWD","CrowdStrike Holdings, Inc. Cla","NNM","5991156","5769151","7193127","1.00",,
"2024-03-15","CSCO","Cisco Systems, Inc. Common Sto","NNM","44282507","42278867","22438195","1.97",,
"2024-03-15","CSX","CSX Corporation Common Stock","NNM","23391436","21952769","10001738","2.34",,
"2024-03-15","CTAS","Cintas Corporation Common Stoc","NNM","1602324","1407419","331478","4.83",,
"2024-03-15","CVNA","Carvana Co.","NYSE","29431037","33503918","5891603","5.00",,
"2024-03-15","CVS","CVS HEALTH CORPORATION","NYSE","18644394","24171195","9083392","2.05",,
"2024-03-15","CVX","Chevron Corporation","NYSE","51811542","51737331","9947054","5.21",,
"2024-03-15","D","Dominion Energy, Inc Common St","NYSE","14285594","11394532","8147320","1.75",,
"2024-03-15","DASH","DoorDash, Inc. Class A Common","NNM","11300143","11434016","3848179","2.94",,
"2024-03-15","DDOG","Datadog, Inc. Class A Common S","NNM","8538173","10231035","3951179","2.16",,
"2024-03-15","DE","Deere & Company","NYSE","2712944","3023293","1556640","1.74",,
"2024-03-15","DELL","Dell Technologies Inc.","NYSE","7754240","8086723","15377359","1.00",,
"2024-03-15","DHR","Danaher Corporation","NYSE","5663101","6073002","2701176","2.10",,
"2024-03-15","DIS","The Walt Disney Company","NYSE","18653771","17746357","10647727","1.75",,
"2024-03-15","DLR","Digital Realty Trust, Inc.","NYSE","10487907","10562436","2080857","5.04",,
"2024-03-15","DUK","Duke Energy Corporation","NYSE","9399011","9172015","3452825","2.72",,
"2024-03-15","ECL","Ecolab, Inc.","NYSE","1963346","1928337","1287742","1.52",,
"2024-03-15","ELV","Elevance Health, Inc.","NYSE","2341504","1714896","1058697","2.21",,
"2024-03-15","EMR","Emerson Electric Co.","NYSE","6861671","6601554","2877012","2.38",,
"2024-03-15","EOG","EOG Resources, Inc.","NYSE","9457401","7633587","4845881","1.95",,
"2024-03-15","EPD","Enterprise Products Partners L","NYSE","17469204","18553809","4552164","3.84",,
"2024-03-15","EQIX","Equinix, Inc. Common Stock REI","NNM","1388286","1058556","524617","2.65",,
"2024-03-15","FCX","Freeport-McMoran Inc.","NYSE","17751399","15211250","14591801","1.22",,
"2024-03-15","FDX","FedEx Corporation","NYSE","3355537","3168090","1679339","2.00",,
"2024-03-15","FTNT","Fortinet, Inc. Common Stock","NNM","13300818","12860400","5619008","2.37",,
"2024-03-15","GD","General Dynamics Corporation","NYSE","1834685","1628143","820850","2.24",,
"2024-03-15","GE","General Electric Company","NYSE","12745194","8957224","8444728","1.51",,
"2024-03-15","GILD","Gilead Sciences, Inc. Common S","NNM","19247863","19674265","7736417","2.49",,
"2024-03-15","GLW","Corning Incorporated","NYSE","12405406","10320717","4877113","2.54",,
"2024-03-15","GM","General Motors Company","NYSE","82523436","94658288","21955116","3.76",,
"2024-03-15","GOOG","Alphabet Inc. Class C Capital","NNM","35224194","30660527","28030073","1.26",,
"2024-03-15","GOOGL","Alphabet Inc. Class A Common S","NNM","58010335","52600096","37449503","1.55",,
"2024-03-15","GS","Goldman Sachs Group Inc.","NYSE","4667796","4881962","2284686","2.04",,
"2024-03-15","GWW","W.W. Grainger, Inc.","NYSE","1278974","1266890","223277","5.73",,
"2024-03-15","HCA","HCA Healthcare, Inc.","NYSE","2986873","2653890","1080998","2.76",,
"2024-03-15","HD","Home Depot, Inc.","NYSE","10407390","10616257","3450980","3.02",,
"2024-03-15","HLT","Hilton Worldwide Holdings Inc.","NYSE","3301758","3242070","1365742","2.42",,
"2024-03-15","HON","Honeywell International Inc. C","NNM","7726239","8019166","2956158","2.61",,
"2024-03-15","HOOD","Robinhood Markets, Inc. Class","NNM","32202238","33559114","18116886","1.78",,
"2024-03-15","HPE","Hewlett Packard Enterprise Com","NYSE","23741350","32747246","31791443","1.00",,
"2024-03-15","HWM","Howmet Aerospace Inc.","NYSE","6819053","4992634","4067567","1.68",,
"2024-03-15","IBKR","Interactive Brokers Group, Inc","NNM","2883566","3592137","951574","3.03",,
"2024-03-15","IBM","International Business Machine","NYSE","23331344","22001263","5512715","4.23",,
"2024-03-15","ICE","Intercontinental Exchange  Inc","NYSE","5896584","5113955","2467869","2.39",,
"2024-03-15","INTC","Intel Corporation Common Stock","NNM","72366191","68802783","48780573","1.48",,
"2024-03-15","INTU","Intuit Inc. Common Stock","NNM","3769966","3717626","1225050","3.08",,
"2024-03-15","ISRG","Intuitive Surgical, Inc. Commo","NNM","3566544","3297595","1816517","1.96",,
"2024-03-15","ITW","Illinois Tool Works Inc.","NYSE","7554841","7842134","2286776","3.30",,
"2024-03-15","JNJ","Johnson & Johnson","NYSE","15839005","14850157","7072826","2.24",,
"2024-03-15","JPM","JPMorgan Chase & Co.","NYSE","21379754","18812563","8013497","2.67",,
"2024-03-15","KKR","KKR & Co. Inc.","NYSE","7763359","6943764","3589433","2.16",,
"2024-03-15","KLAC","KLA Corporation Common Stock","NNM","2002617","2057244","1066262","1.88",,
"2024-03-15","KMI","Kinder Morgan, Inc.","NYSE","34203952","29027358","14102004","2.43",,
"2024-03-15","KO","Coca-Cola Company","NYSE","23861590","22131811","14931578","1.60",,
"2024-03-15","LIN","Linde plc Ordinary Shares","NNM","4158196","3610562","5675876","1.00",,
"2024-03-15","LLY","Eli Lilly & Co.","NYSE","5536638","5423381","3384401","1.64",,
"2024-03-15","LMT","Lockheed Martin Corp.","NYSE","2482896","1742708","1369252","1.81",,
"2024-03-15","LOW","Lowe's Companies Inc.","NYSE","8414220","7315489","2526404","3.33",,
"2024-03-15","LRCX","Lam Research Corporation Commo","NNM","2420333","2296926","1240952","1.95",,
"2024-03-15","MA","Mastercard Incorporated","NYSE","4710565","4496650","2303438","2.05",,
"2024-03-15","MAR","Marriott International Class A","NNM","5877124","5445653","1507875","3.90",,
"2024-03-15","MCD","McDonald's Corporation","NYSE","8707234","7590077","3290652","2.65",,
"2024-03-15","MCK","McKesson Corporation","NYSE","1621668","1495497","816507","1.99",,
"2024-03-15","MCO","Moody's Corporation","NYSE","1259637","1092788","626307","2.01",,
"2024-03-15","MDLZ","Mondelez International, Inc. C","NNM","14691572","16820511","7615467","1.93",,
"2024-03-15","MDT","Medtronic plc","NYSE","11526981","8450711","6782613","1.70",,
"2024-03-15","META","Meta Platforms, Inc. Class A C","NNM","29919225","27730326","16395606","1.82",,
"2024-03-15","MMM","3M Company","NYSE","12646047","7345867","7792955","1.62",,
"2024-03-15","MNST","Monster Beverage Corporation","NNM","12467310","13688769","5342923","2.33",,
"2024-03-15","MO","Altria Group, Inc.","NYSE","14530929","13827514","17693328","1.00",,
"2024-03-15","MPC","MARATHON PETROLEUM CORPORATION","NYSE","8722793","7773073","3380988","2.58",,
"2024-03-15","MPWR","Monolithic Power Systems, Inc.","NNM","965676","941563","592596","1.63",,
"2024-03-15","MRK","Merck & Co., Inc.","NYSE","23155920","16604734","12659181","1.83",,
"2024-03-15","MRVL","Marvell Technology, Inc. Commo","NNM","20799505","20955629","21809422","1.00",,
"2024-03-15","MS","Morgan Stanley","NYSE","16388527","14243395","12138658","1.35",,
"2024-03-15","MSFT","Microsoft Corporation Common S","NNM","54210656","48235867","23130386","2.34",,
"2024-03-15","MSI","Motorola Solutions, Inc. New","NYSE","1197284","1220429","682932","1.75",,
"2024-03-15","MU","Micron Technology, Inc. Common","NNM","20754544","22108138","19116115","1.09",,
"2024-03-15","NEE","Nextra Energy, Inc.","NYSE","24981716","22325489","14851689","1.68",,
"2024-03-15","NEM","Newmont Corporation","NYSE","22312451","19542922","20238308","1.10",,
"2024-03-15","NET","Cloudflare, Inc. Class A commo","NYSE","11282768","11757276","3555008","3.17",,
"2024-03-15","NFLX","Netflix, Inc. Common Stock","NNM","7936822","7889385","3266593","2.43",,
"2024-03-15","NKE","Nike, Inc.","NYSE","17258389","15178684","9159781","1.88",,
"2024-03-15","NOC","Northrop Grumman Corp.","NYSE","1928184","2068827","833525","2.31",,
"2024-03-15","NOW","SERVICENOW, INC.","NYSE","3243607","3025258","1355504","2.39",,
"2024-03-15","NSC","Norfolk Southern Corp.","NYSE","2089649","1938263","1151110","1.82",,
"2024-03-15","NVDA","NVIDIA Corporation Common Stoc","NNM","30321554","26972659","64718029","1.00",,
"2024-03-15","ORCL","Oracle Corp","NYSE","16813124","14373431","14434562","1.16",,
"2024-03-15","ORLY","O'Reilly Automotive, Inc. Comm","NNM","811515","825390","310617","2.61",,
"2024-03-15","PANW","Palo Alto Networks, Inc. Commo","NNM","13427197","14106383","6917220","1.94",,
"2024-03-15","PCAR","PACCAR Inc. Common Stock","NNM","6945272","5955746","2652629","2.62",,
"2024-03-15","PEP","PepsiCo, Inc. Common Stock","NNM","17270938","16267757","6992185","2.47",,
"2024-03-15","PFE","Pfizer Inc.","NYSE","71654031","66119938","57895726","1.24",,
"2024-03-15","PG","Procter & Gamble Company","NYSE","19359882","17900043","5457173","3.55",,
"2024-03-15","PGR","Progressive Corporation","NYSE","4588713","4203565","3029784","1.51",,
"2024-03-15","PH","Parker-Hannifin Corporation","NYSE","1049895","1030113","590026","1.78",,
"2024-03-15","PLD","PROLOGIS, INC.","NYSE","9410526","9129321","2939477","3.20",,
"2024-03-15","PLTR","Palantir Technologies Inc. Cla","NYSE","82722421","97083544","81290887","1.02",,
"2024-03-15","PM","Philip Morris International In","NYSE","6696200","7073496","5711416","1.17",,
"2024-03-15","PNC","PNC Financial Services Group","NYSE","4503019","4569431","2989342","1.51",,
"2024-03-15","PSX","PHILLIPS 66","NYSE","8706520","8015378","3816024","2.28",,
"2024-03-15","PWR","Quanta Services, Inc.","NYSE","3299585","3413551","813175","4.06",,
"2024-03-15","QCOM","QUALCOMM Incorporated Common S","NNM","20218469","17222603","10641591","1.90",,
"2024-03-15","RCL","Royal Caribbean Group","NYSE","15675166","15130007","2419288","6.48",,
"2024-03-15","REGN","Regeneron Pharmaceuticals, Inc","NNM","1392439","1357070","449651","3.10",,
"2024-03-15","ROST","Ross Stores, Inc. Common Stock","NNM","3251442","3908159","2771873","1.17",,
"2024-03-15","RSG","Republic Services Inc.","NYSE","2443656","2631025","1043930","2.34",,
"2024-03-15","RTX","RTX Corporation","NYSE","40438281","44504702","10781173","3.75",,
"2024-03-15","SBUX","Starbucks Corporation Common S","NNM","15426813","14989212","8547869","1.80",,
"2024-03-15","SCCO","Southern Copper Corporation","NYSE","5800676","4472526","1573739","3.69",,
"2024-03-15","SCHW","The Charles Schwab Corporation","NYSE","15048313","14917482","8226175","1.83",,
"2024-03-15","SHW","The Sherwin-Williams Company","NYSE","2842079","2583019","1379168","2.06",,
"2024-03-15","SNOW","Snowflake Inc.","NYSE","8690545","9404751","10276038","1.00",,
"2024-03-15","SNPS","Synopsys, Inc. Common Stock","NNM","3181529","3206447","853898","3.73",,
"2024-03-15","SO","The Southern Company","NYSE","16030749","14633057","4682423","3.42",,
"2024-03-15","SPCX","The SPAC and New Issue ETF","NNM","8454","8316","2457","3.44",,
"2024-03-15","SPG","Simon Property Group, Inc.","NYSE","4047423","3738331","1648823","2.45",,
"2024-03-15","SPGI","S&P Global Inc.","NYSE","2420654","2275729","1396470","1.73",,
"2024-03-15","SYK","Stryker Corporation","NYSE","3800762","3748225","1047366","3.63",,
"2024-03-15","T","AT&T Inc.","NYSE","88885378","95929286","38909100","2.28",,
"2024-03-15","TDG","TransDigm Group Incorporated","NYSE","1118704","1168853","221332","5.05",,
"2024-03-15","TFC","Truist Financial Corporation","NYSE","13655779","12859773","10831331","1.26",,
"2024-03-15","TGT","Target Corporation","NYSE","7998515","7372468","6522958","1.23",,
"2024-03-15","TJX","TJX Companies, Inc. (The)","NYSE","13236971","13554625","5697304","2.32",,
"2024-03-15","TMO","Thermo Fisher Scientific, Inc.","NYSE","3432572","2939560","1591626","2.16",,
"2024-03-15","TMUS","T-Mobile US, Inc. Common Stock","NNM","24698777","26879428","5238969","4.71",,
"2024-03-15","TRV","The Travelers Companies, Inc.","NYSE","3658358","3439544","1251256","2.92",,
"2024-03-15","TSLA","Tesla, Inc. Common Stock","NNM","102298924","95932821","102737330","1.00",,
"2024-03-15","TXN","Texas Instruments Incorporated","NNM","17866106","15007995","6586686","2.71",,
"2024-03-15","UBER","Uber Technologies, Inc.","NYSE","57823232","59156203","15704079","3.68",,
"2024-03-15","UNH","UNITEDHEALTH GROUP INCORPORATE","NYSE","7290842","6738651","4957195","1.47",,
"2024-03-15","UNP","Union Pacific Corp.","NYSE","4742736","4103690","2164735","2.19",,
"2024-03-15","UPS","United Parcel Service, Inc. Cl","NYSE","12411188","10956191","4169269","2.98",,
"2024-03-15","URI","United Rentals, Inc.","NYSE","2551859","2688401","571262","4.47",,
"2024-03-15","USB","U.S. Bancorp","NYSE","21902200","18606637","10331905","2.12",,
"2024-03-15","V","VISA Inc.","NYSE","33937568","32383838","5813930","5.84",,
"2024-03-15","VLO","Valero Energy Corporation","NYSE","11576767","10521771","3709427","3.12",,
"2024-03-15","VRT","Vertiv Holdings Co Class A Com","NYSE","8632337","8246379","8008959","1.08",,
"2024-03-15","VRTX","Vertex Pharmaceuticals Incorpo","NNM","4125172","4054715","1089177","3.79",,
"2024-03-15","VZ","Verizon Communications","NYSE","54269505","51597330","19425713","2.79",,
"2024-03-15","WBD","Warner Bros. Discovery, Inc. S","NNM","101446855","94608265","32348263","3.14",,
"2024-03-15","WDC","Western Digital Corporation Co","NNM","15583737","18736291","7086712","2.20",,
"2024-03-15","WELL","Welltower Inc.","NYSE","6697662","6102873","2693682","2.49",,
"2024-03-15","WFC","Wells Fargo & Co.","NYSE","45593369","35231771","22160158","2.06",,
"2024-03-15","WM","Waste Management, Inc.","NYSE","5204283","5528034","1387939","3.75",,
"2024-03-15","WMB","Williams Companies Inc.","NYSE","22305854","19220430","7330075","3.04",,
"2024-03-15","WMT","Walmart Inc.","NYSE","33587940","38961882","19091997","1.76",,
"2024-03-15","XOM","Exxon Mobil Corporation","NYSE","109062538","106454233","19867516","5.49",,
"2024-03-28","AAPL","Apple Inc. Common Stock","NNM","108782648","110863064","65336234","1.66",,
"2024-03-28","ABBV","ABBVIE INC.","NYSE","13120924","14691308","5844495","2.25",,
"2024-03-28","ABNB","Airbnb, Inc. Class A Common St","NNM","17995228","19641157","3792081","4.75",,
"2024-03-28","ABT","Abbott Laboratories","NYSE","14481157","15715789","7991421","1.81",,
"2024-03-28","ADBE","Adobe Inc. Common Stock","NNM","5690991","5125128","4843179","1.18",,
"2024-03-28","ADI","Analog Devices, Inc. Common St","NNM","8471009","7377178","2514160","3.37",,
"2024-03-28","ADP","Automatic Data Processing, Inc","NNM","4557723","5190050","1537359","2.96",,
"2024-03-28","AEP","American Electric Power Compan","NNM","9352961","11696752","3282993","2.85",,
"2024-03-28","AFL","Aflac Inc.","NYSE","12701786","11396133","2102591","6.04",,
"2024-03-28","AJG","Arthur J. Gallagher & Co.","NYSE","1992678","2235015","964876","2.07",,
"2024-03-28","ALL","The Allstate Corporation","NYSE","2788278","4286637","1774005","1.57",,
"2024-03-28","AMAT","Applied Materials, Inc. Common","NNM","12454784","12931754","4345481","2.87",,
"2024-03-28","AMD","Advanced Micro Devices, Inc. C","NNM","32846511","38544178","67294199","1.00",,
"2024-03-28","AMGN","Amgen Inc. Common Stock","NNM","10472474","11113890","2731387","3.83",,
"2024-03-28","AMT","American Tower Corporation","NYSE","5101325","4886593","2147222","2.38",,
"2024-03-28","AMZN","Amazon.com, Inc. Common Stock","NNM","70546891","72820962","30877346","2.28",,
"2024-03-28","ANET","Arista Networks","NYSE","2865957","3217271","3029807","1.00",,
"2024-03-28","AON","Aon plc Class A","NYSE","1854605","1766687","853604","2.17",,
"2024-03-28","APD","Air Products & Chemicals, Inc.","NYSE","2299106","2792024","1452012","1.58",,
"2024-03-28","APH","Amphenol Corporation","NYSE","7598924","7176546","3209732","2.37",,
"2024-03-28","APO","Apollo Global Management, Inc.","NYSE","16349077","15786423","2159808","7.57",,
"2024-03-28","APP","Applovin Corporation Class A C","NNM","24651325","22116524","4573560","5.39",,
"2024-03-28","AVGO","Broadcom Inc. Common Stock","NNM","5483692","5534189","3217358","1.70",,
"2024-03-28","AXP","American Express Company","NYSE","6661478","7598792","2271549","2.93",,
"2024-03-28","BA","Boeing Company","NYSE","9294893","10809718","8772093","1.06",,
"2024-03-28","BAC","Bank of America Corporation","NYSE","72084831","67794390","39137509","1.84",,
"2024-03-28","BKNG","Booking Holdings Inc. Common S","NNM","744715","742347","248699","2.99",,
"2024-03-28","BLK","Blackrock, Inc.","NYSE","1823435","1776141","521115","3.50",,
"2024-03-28","BMY","Bristol-Myers Squibb Co.","NYSE","35116032","37254166","13205206","2.66",,
"2024-03-28","BNY","BlackRock New York Municipal I","NYSE","20562","9900","32384","1.00",,
"2024-03-28","BRKA","Berkshire Hathaway Inc.","NYSE","404","278","13695","1.00",,
"2024-03-28","BRKB","BERKSHIRE HATHAWAY Class B","NYSE","10315251","9866897","3219420","3.20",,
"2024-03-28","BSX","Boston Scientific Corp.","NYSE","12426912","11481707","4777377","2.60",,
"2024-03-28","BX","Blackstone Inc.","NYSE","19239071","23644865","2768257","6.95",,
"2024-03-28","C","Citigroup Inc.","NYSE","29791538","28362319","16389201","1.82",,
"2024-03-28","CAT","Caterpillar Inc.","NYSE","13057733","14443332","2185744","5.97",,
"2024-03-28","CCZ","Comcast Holdings Corp. 2.0% Ex","NYSE","523","518","45","11.62",,
"2024-03-28","CDNS","Cadence Design Systems, Inc. C","NNM","2749066","2647494","1444805","1.90",,
"2024-03-28","CEG","Constellation Energy Corporati","NNM","4620128","5612446","2396790","1.93",,
"2024-03-28","CI","The Cigna Group","NYSE","5574721","5775975","1216187","4.58",,
"2024-03-28","CL","Colgate-Palmolive Company","NYSE","11750721","11662323","3449608","3.41",,
"2024-03-28","CMCSA","Comcast Corporation Class A Co","NNM","46788230","48240702","19644563","2.38",,
"2024-03-28","CME","CME Group Inc. Class A Common","NNM","4420407","3743428","1434306","3.08",,
"2024-03-28","CMI","Cummins Inc.","NYSE","2751324","32498522","5413959","1.00",,
"2024-03-28","COF","Capital One Financial","NYSE","11298013","11944617","2490076","4.54",,
"2024-03-28","COP","ConocoPhillips","NYSE","12879365","13661983","4838712","2.66",,
"2024-03-28","COST","Costco Wholesale Corporation C","NNM","6359750","6761975","1552128","4.10",,
"2024-03-28","CRM","Salesforce, Inc.","NYSE","9645300","10640932","4463020","2.16",,
"2024-03-28","CRWD","CrowdStrike Holdings, Inc. Cla","NNM","5850552","5991156","2581541","2.27",,
"2024-03-28","CSCO","Cisco Systems, Inc. Common Sto","NNM","46707038","44282507","17855255","2.62",,
"2024-03-28","CSX","CSX Corporation Common Stock","NNM","25090847","23391436","11070103","2.27",,
"2024-03-28","CTAS","Cintas Corporation Common Stoc","NNM","1453819","1602324","429018","3.39",,
"2024-03-28","CVNA","Carvana Co.","NYSE","29160716","29431037","4388308","6.65",,
"2024-03-28","CVS","CVS HEALTH CORPORATION","NYSE","22722983","18644394","8668102","2.62",,
"2024-03-28","CVX","Chevron Corporation","NYSE","49670617","51811542","7309732","6.80",,
"2024-03-28","D","Dominion Energy, Inc Common St","NYSE","14939860","14285594","6026277","2.48",,
"2024-03-28","DASH","DoorDash, Inc. Class A Common","NNM","11315931","11300143","2786394","4.06",,
"2024-03-28","DDOG","Datadog, Inc. Class A Common S","NNM","9745526","8538173","2053361","4.75",,
"2024-03-28","DE","Deere & Company","NYSE","3004849","2712944","1384055","2.17",,
"2024-03-28","DELL","Dell Technologies Inc.","NYSE","6416725","7754240","7048444","1.00",,
"2024-03-28","DHR","Danaher Corporation","NYSE","6352743","5663101","2657298","2.39",,
"2024-03-28","DIS","The Walt Disney Company","NYSE","19655753","18653771","11349148","1.73",,
"2024-03-28","DLR","Digital Realty Trust, Inc.","NYSE","10011348","10487907","1976693","5.06",,
"2024-03-28","DUK","Duke Energy Corporation","NYSE","8396996","9399011","2623116","3.20",,
"2024-03-28","ECL","Ecolab, Inc.","NYSE","2029348","1963346","1126113","1.80",,
"2024-03-28","ELV","Elevance Health, Inc.","NYSE","2092968","2341504","704074","2.97",,
"2024-03-28","EMR","Emerson Electric Co.","NYSE","6030593","6861671","2134421","2.83",,
"2024-03-28","EOG","EOG Resources, Inc.","NYSE","9660441","9457401","2916888","3.31",,
"2024-03-28","EPD","Enterprise Products Partners L","NYSE","18528407","17469204","4128633","4.49",,
"2024-03-28","EQIX","Equinix, Inc. Common Stock REI","NNM","2042711","1388286","1090737","1.87",,
"2024-03-28","FCX","Freeport-McMoran Inc.","NYSE","18085711","17751399","14311578","1.26",,
"2024-03-28","FDX","FedEx Corporation","NYSE","3437905","3355537","3216986","1.07",,
"2024-03-28","FTNT","Fortinet, Inc. Common Stock","NNM","13187419","13300818","3499043","3.77",,
"2024-03-28","GD","General Dynamics Corporation","NYSE","1499315","1834685","795759","1.88",,
"2024-03-28","GE","General Electric Company","NYSE","11360195","12745194","6528856","1.74",,
"2024-03-28","GILD","Gilead Sciences, Inc. Common S","NNM","22572691","19247863","6993147","3.23",,
"2024-03-28","GLW","Corning Incorporated","NYSE","11520811","12405406","4654955","2.47",,
"2024-03-28","GM","General Motors Company","NYSE","73569744","82523436","15686544","4.69",,
"2024-03-28","GOOG","Alphabet Inc. Class C Capital","NNM","34184161","35224194","21315490","1.60",,
"2024-03-28","GOOGL","Alphabet Inc. Class A Common S","NNM","56577141","58010335","28408583","1.99",,
"2024-03-28","GS","Goldman Sachs Group Inc.","NYSE","5086487","4667796","2304781","2.21",,
"2024-03-28","GWW","W.W. Grainger, Inc.","NYSE","1250615","1278974","188625","6.63",,
"2024-03-28","HCA","HCA Healthcare, Inc.","NYSE","2600088","2986873","868620","2.99",,
"2024-03-28","HD","Home Depot, Inc.","NYSE","9886447","10407390","3208059","3.08",,
"2024-03-28","HLT","Hilton Worldwide Holdings Inc.","NYSE","3169405","3301758","1374265","2.31",,
"2024-03-28","HON","Honeywell International Inc. C","NNM","7591241","7726239","2823263","2.69",,
"2024-03-28","HOOD","Robinhood Markets, Inc. Class","NNM","30051684","32202238","16041405","1.87",,
"2024-03-28","HPE","Hewlett Packard Enterprise Com","NYSE","27772474","23741350","13705929","2.03",,
"2024-03-28","HWM","Howmet Aerospace Inc.","NYSE","7452762","6819053","3177566","2.35",,
"2024-03-28","IBKR","Interactive Brokers Group, Inc","NNM","2692576","2883566","735549","3.66",,
"2024-03-28","IBM","International Business Machine","NYSE","23288842","23331344","4372423","5.33",,
"2024-03-28","ICE","Intercontinental Exchange  Inc","NYSE","4969360","5896584","2683210","1.85",,
"2024-03-28","INTC","Intel Corporation Common Stock","NNM","72399239","72366191","44901679","1.61",,
"2024-03-28","INTU","Intuit Inc. Common Stock","NNM","3392627","3769966","1241476","2.73",,
"2024-03-28","ISRG","Intuitive Surgical, Inc. Commo","NNM","3408802","3566544","1294862","2.63",,
"2024-03-28","ITW","Illinois Tool Works Inc.","NYSE","7123908","7554841","1009471","7.06",,
"2024-03-28","JNJ","Johnson & Johnson","NYSE","15943156","15839005","6954987","2.29",,
"2024-03-28","JPM","JPMorgan Chase & Co.","NYSE","21780337","21379754","8678645","2.51",,
"2024-03-28","KKR","KKR & Co. Inc.","NYSE","6859347","7763359","2991639","2.29",,
"2024-03-28","KLAC","KLA Corporation Common Stock","NNM","1977625","2002617","783967","2.52",,
"2024-03-28","KMI","Kinder Morgan, Inc.","NYSE","44293459","34203952","13383437","3.31",,
"2024-03-28","KO","Coca-Cola Company","NYSE","26683333","23861590","13708087","1.95",,
"2024-03-28","LIN","Linde plc Ordinary Shares","NNM","6298060","4158196","1914329","3.29",,
"2024-03-28","LLY","Eli Lilly & Co.","NYSE","5420666","5536638","2391486","2.27",,
"2024-03-28","LMT","Lockheed Martin Corp.","NYSE","2175332","2482896","952099","2.28",,
"2024-03-28","LOW","Lowe's Companies Inc.","NYSE","7900535","8414220","2526712","3.13",,
"2024-03-28","LRCX","Lam Research Corporation Commo","NNM","2571706","2420333","794518","3.24",,
"2024-03-28","MA","Mastercard Incorporated","NYSE","4445194","4710565","2256743","1.97",,
"2024-03-28","MAR","Marriott International Class A","NNM","5610972","5877124","1321095","4.25",,
"2024-03-28","MCD","McDonald's Corporation","NYSE","8081310","8707234","3118707","2.59",,
"2024-03-28","MCK","McKesson Corporation","NYSE","1460908","1621668","487244","3.00",,
"2024-03-28","MCO","Moody's Corporation","NYSE","1434882","1259637","642724","2.23",,
"2024-03-28","MDLZ","Mondelez International, Inc. C","NNM","15322557","14691572","7931548","1.93",,
"2024-03-28","MDT","Medtronic plc","NYSE","12434732","11526981","5709075","2.18",,
"2024-03-28","META","Meta Platforms, Inc. Class A C","NNM","26846472","29919225","10660531","2.52",,
"2024-03-28","MMM","3M Company","NYSE","7121829","12646047","5486416","1.30",,
"2024-03-28","MNST","Monster Beverage Corporation","NNM","14178399","12467310","3481141","4.07",,
"2024-03-28","MO","Altria Group, Inc.","NYSE","60344258","14530929","18478014","3.27",,
"2024-03-28","MPC","MARATHON PETROLEUM CORPORATION","NYSE","7677600","8722793","2439792","3.15",,
"2024-03-28","MPWR","Monolithic Power Systems, Inc.","NNM","1068598","965676","526306","2.03",,
"2024-03-28","MRK","Merck & Co., Inc.","NYSE","19592222","23155920","9744704","2.01",,
"2024-03-28","MRVL","Marvell Technology, Inc. Commo","NNM","17809840","20799505","14482669","1.23",,
"2024-03-28","MS","Morgan Stanley","NYSE","15128214","16388527","7319144","2.07",,
"2024-03-28","MSFT","Microsoft Corporation Common S","NNM","55771473","54210656","18804896","2.97",,
"2024-03-28","MSI","Motorola Solutions, Inc. New","NYSE","1626403","1197284","570032","2.85",,
"2024-03-28","MU","Micron Technology, Inc. Common","NNM","22817319","20754544","39784496","1.00",,
"2024-03-28","NEE","Nextra Energy, Inc.","NYSE","24947966","24981716","13633505","1.83",,
"2024-03-28","NEM","Newmont Corporation","NYSE","16579621","22312451","11921163","1.39",,
"2024-03-28","NET","Cloudflare, Inc. Class A commo","NYSE","11404894","11282768","2513498","4.54",,
"2024-03-28","NFLX","Netflix, Inc. Common Stock","NNM","6866367","7936822","2610044","2.63",,
"2024-03-28","NKE","Nike, Inc.","NYSE","17919587","17258389","14217110","1.26",,
"2024-03-28","NOC","Northrop Grumman Corp.","NYSE","1814985","1928184","633881","2.86",,
"2024-03-28","NOW","SERVICENOW, INC.","NYSE","2954922","3243607","1015202","2.91",,
"2024-03-28","NSC","Norfolk Southern Corp.","NYSE","1678492","2089649","1172978","1.43",,
"2024-03-28","NVDA","NVIDIA Corporation Common Stoc","NNM","28356794","30321554","54871262","1.00",,
"2024-03-28","ORCL","Oracle Corp","NYSE","12956034","16813124","9393480","1.38",,
"2024-03-28","ORLY","O'Reilly Automotive, Inc. Comm","NNM","707336","811515","320626","2.21",,
"2024-03-28","PANW","Palo Alto Networks, Inc. Commo","NNM","12359239","13427197","3576955","3.46",,
"2024-03-28","PCAR","PACCAR Inc. Common Stock","NNM","7908966","6945272","2051168","3.86",,
"2024-03-28","PEP","PepsiCo, Inc. Common Stock","NNM","16516527","17270938","5590770","2.95",,
"2024-03-28","PFE","Pfizer Inc.","NYSE","64997268","71654031","33581116","1.94",,
"2024-03-28","PG","Procter & Gamble Company","NYSE","16907414","19359882","6165525","2.74",,
"2024-03-28","PGR","Progressive Corporation","NYSE","4386045","4588713","2859138","1.53",,
"2024-03-28","PH","Parker-Hannifin Corporation","NYSE","1023024","1049895","489097","2.09",,
"2024-03-28","PLD","PROLOGIS, INC.","NYSE","10132579","9410526","2906469","3.49",,
"2024-03-28","PLTR","Palantir Technologies Inc. Cla","NYSE","82366928","82722421","41292369","1.99",,
"2024-03-28","PM","Philip Morris International In","NYSE","7331792","6696200","7081450","1.04",,
"2024-03-28","PNC","PNC Financial Services Group","NYSE","4282393","4503019","1642679","2.61",,
"2024-03-28","PSX","PHILLIPS 66","NYSE","8040810","8706520","2594421","3.10",,
"2024-03-28","PWR","Quanta Services, Inc.","NYSE","3307963","3299585","775170","4.27",,
"2024-03-28","QCOM","QUALCOMM Incorporated Common S","NNM","19406325","20218469","6254201","3.10",,
"2024-03-28","RCL","Royal Caribbean Group","NYSE","15358297","15675166","2420539","6.34",,
"2024-03-28","REGN","Regeneron Pharmaceuticals, Inc","NNM","1421410","1392439","380656","3.73",,
"2024-03-28","ROST","Ross Stores, Inc. Common Stock","NNM","3516252","3251442","1983632","1.77",,
"2024-03-28","RSG","Republic Services Inc.","NYSE","2256298","2443656","1241412","1.82",,
"2024-03-28","RTX","RTX Corporation","NYSE","34633837","40438281","7208952","4.80",,
"2024-03-28","SBUX","Starbucks Corporation Common S","NNM","15717935","15426813","6319002","2.49",,
"2024-03-28","SCCO","Southern Copper Corporation","NYSE","5681439","5800676","1287031","4.41",,
"2024-03-28","SCHW","The Charles Schwab Corporation","NYSE","15005246","15048313","7282414","2.06",,
"2024-03-28","SHW","The Sherwin-Williams Company","NYSE","2557667","2842079","1070319","2.39",,
"2024-03-28","SNOW","Snowflake Inc.","NYSE","9604926","8690545","6536670","1.47",,
"2024-03-28","SNPS","Synopsys, Inc. Common Stock","NNM","3439195","3181529","1205889","2.85",,
"2024-03-28","SO","The Southern Company","NYSE","15962728","16030749","3586319","4.45",,
"2024-03-28","SPCX","The SPAC and New Issue ETF","NNM","8717","8454","2387","3.65",,
"2024-03-28","SPG","Simon Property Group, Inc.","NYSE","4626363","4047423","1477613","3.13",,
"2024-03-28","SPGI","S&P Global Inc.","NYSE","1708947","2420654","1393078","1.23",,
"2024-03-28","SYK","Stryker Corporation","NYSE","4243998","3800762","1098433","3.86",,
"2024-03-28","T","AT&T Inc.","NYSE","105154809","88885378","31760326","3.31",,
"2024-03-28","TDG","TransDigm Group Incorporated","NYSE","1017775","1118704","157709","6.45",,
"2024-03-28","TFC","Truist Financial Corporation","NYSE","12284013","13655779","8435736","1.46",,
"2024-03-28","TGT","Target Corporation","NYSE","7060535","7998515","3306369","2.14",,
"2024-03-28","TJX","TJX Companies, Inc. (The)","NYSE","12369323","13236971","5410319","2.29",,
"2024-03-28","TMO","Thermo Fisher Scientific, Inc.","NYSE","2581175","3432572","1249747","2.07",,
"2024-03-28","TMUS","T-Mobile US, Inc. Common Stock","NNM","24123218","24698777","3894040","6.19",,
"2024-03-28","TRV","The Travelers Companies, Inc.","NYSE","3354721","3658358","1073301","3.13",,
"2024-03-28","TSLA","Tesla, Inc. Common Stock","NNM","107481521","102298924","84630557","1.27",,
"2024-03-28","TXN","Texas Instruments Incorporated","NNM","18743034","17866106","4590148","4.08",,
"2024-03-28","UBER","Uber Technologies, Inc.","NYSE","54104382","57823232","13088578","4.13",,
"2024-03-28","UNH","UNITEDHEALTH GROUP INCORPORATE","NYSE","7770055","7290842","3104874","2.50",,
"2024-03-28","UNP","Union Pacific Corp.","NYSE","4493393","4742736","2463957","1.82",,
"2024-03-28","UPS","United Parcel Service, Inc. Cl","NYSE","10427022","12411188","6058052","1.72",,
"2024-03-28","URI","United Rentals, Inc.","NYSE","2411742","2551859","498571","4.84",,
"2024-03-28","USB","U.S. Bancorp","NYSE","23454795","21902200","6997132","3.35",,
"2024-03-28","V","VISA Inc.","NYSE","30871209","33937568","6544920","4.72",,
"2024-03-28","VLO","Valero Energy Corporation","NYSE","10954027","11576767","3528365","3.10",,
"2024-03-28","VRT","Vertiv Holdings Co Class A Com","NYSE","9987184","8632337","8557138","1.17",,
"2024-03-28","VRTX","Vertex Pharmaceuticals Incorpo","NNM","3975531","4125172","874716","4.54",,
"2024-03-28","VZ","Verizon Communications","NYSE","47963330","54269505","17531554","2.74",,
"2024-03-28","WBD","Warner Bros. Discovery, Inc. S","NNM","110631005","101446855","26972080","4.10",,
"2024-03-28","WDC","Western Digital Corporation Co","NNM","16031538","15583737","6735897","2.38",,
"2024-03-28","WELL","Welltower Inc.","NYSE","7086497","6697662","2508666","2.82",,
"2024-03-28","WFC","Wells Fargo & Co.","NYSE","39576747","45593369","15606327","2.54",,
"2024-03-28","WM","Waste Management, Inc.","NYSE","4415894","5204283","1547808","2.85",,
"2024-03-28","WMB","Williams Companies Inc.","NYSE","22698861","22305854","6670351","3.40",,
"2024-03-28","WMT","Walmart Inc.","NYSE","37138652","33587940","14364630","2.59",,
"2024-03-28","XOM","Exxon Mobil Corporation","NYSE","104820559","109062538","15045625","6.97",,
"2023-10-13","AAPL","Apple Inc. Common Stock","NNM","93026130","94725628","50198437","1.85",,
"2023-10-13","ABBV","ABBVIE INC.","NYSE","11469203","12311421","3921976","2.92",,
"2023-10-13","ABNB","Airbnb, Inc. Class A Common St","NNM","30111901","34801619","5348334","5.63",,
"2023-10-13","ABT","Abbott Laboratories","NYSE","9701019","10180964","5437306","1.78",,
"2023-10-13","ADBE","Adobe Inc. Common Stock","NNM","4914063","4227560","2514688","1.95",,
"2023-10-13","ADI","Analog Devices, Inc. Common St","NNM","7244856","7565148","2876828","2.52",,
"2023-10-13","ADP","Automatic Data Processing, Inc","NNM","4436763","4239543","1287381","3.45",,
"2023-10-13","AEP","American Electric Power Compan","NNM","6549525","4375389","4616284","1.42",,
"2023-10-13","AFL","Aflac Inc.","NYSE","11740413","12548848","2402255","4.89",,
"2023-10-13","AJG","Arthur J. Gallagher & Co.","NYSE","2101109","2020240","647003","3.25",,
"2023-10-13","ALL","The Allstate Corporation","NYSE","3898900","3931912","1278500","3.05",,
"2023-10-13","AMAT","Applied Materials, Inc. Common","NNM","22388754","22343929","5247066","4.27",,
"2023-10-13","AMD","Advanced Micro Devices, Inc. C","NNM","31516655","28964119","52228206","1.00",,
"2023-10-13","AMGN","Amgen Inc. Common Stock","NNM","6359368","6409080","2793814","2.28",,
"2023-10-13","AMT","American Tower Corporation","NYSE","4472256","4883260","2068963","2.16",,
"2023-10-13","AMZN","Amazon.com, Inc. Common Stock","NNM","79796989","76818818","45276848","1.76",,
"2023-10-13","ANET","Arista Networks","NYSE","2921871","2768199","1793437","1.63",,
"2023-10-13","AON","Aon plc Class A","NYSE","1706665","1593728","655201","2.60",,
"2023-10-13","APD","Air Products & Chemicals, Inc.","NYSE","1657968","1668113","924163","1.79",,
"2023-10-13","APH","Amphenol Corporation","NYSE","5041099","5502696","2561514","1.97",,
"2023-10-13","APO","Apollo Global Management, Inc.","NYSE","13020849","13312870","2322772","5.61",,
"2023-10-13","APP","Applovin Corporation Class A C","NNM","17477550","16748286","1948710","8.97",,
"2023-10-13","AVGO","Broadcom Inc. Common Stock","NNM","6631004","6254827","1979854","3.35",,
"2023-10-13","AXP","American Express Company","NYSE","6513337","6282419","2847445","2.29",,
"2023-10-13","BA","Boeing Company","NYSE","7418042","7392010","6356922","1.17",,
"2023-10-13","BAC","Bank of America Corporation","NYSE","63534711","61268519","50524110","1.26",,
"2023-10-13","BKNG","Booking Holdings Inc. Common S","NNM","581491","612738","198349","2.93",,
"2023-10-13","BLK","Blackrock, Inc.","NYSE","1760747","2205398","658539","2.67",,
"2023-10-13","BMY","Bristol-Myers Squibb Co.","NYSE","26745650","31592942","10218156","2.62",,
"2023-10-13","BNY","BlackRock New York Municipal I","NYSE","8354","21560","55448","1.00",,
"2023-10-13","BRKA","Berkshire Hathaway Inc.","NYSE","403","534","8052","1.00",,
"2023-10-13","BRKB","BERKSHIRE HATHAWAY Class B","NYSE","8695903","8966569","2986180","2.91",,
"2023-10-13","BSX","Boston Scientific Corp.","NYSE","13493743","14575595","9929276","1.36",,
"2023-10-13","BX","Blackstone Inc.","NYSE","32647841","34568788","3102645","10.52",,
"2023-10-13","C","Citigroup Inc.","NYSE","27008141","25009659","19120020","1.41",,
"2023-10-13","CAT","Caterpillar Inc.","NYSE","6151098","6090908","2088650","2.95",,
"2023-10-13","CCZ","Comcast Holdings Corp. 2.0% Ex","NYSE","63","88","75","1.00",,
"2023-10-13","CDNS","Cadence Design Systems, Inc. C","NNM","2628489","2679867","1124414","2.34",,
"2023-10-13","CEG","Constellation Energy Corporati","NNM","6844488","7512472","1805259","3.79",,
"2023-10-13","CI","The Cigna Group","NYSE","3285113","2839809","1207649","2.72",,
"2023-10-13","CL","Colgate-Palmolive Company","NYSE","7434041","8755920","4171563","1.78",,
"2023-10-13","CMCSA","Comcast Corporation Class A Co","NNM","60593156","38971404","17649209","3.43",,
"2023-10-13","CME","CME Group Inc. Class A Common","NNM","4077004","3657179","1625365","2.51",,
"2023-10-13","CMI","Cummins Inc.","NYSE","1850156","2062135","610173","3.03",,
"2023-10-13","COF","Capital One Financial","NYSE","8831552","9631204","2259083","3.91",,
"2023-10-13","COP","ConocoPhillips","NYSE","12501190","13128844","5349054","2.34",,
"2023-10-13","COST","Costco Wholesale Corporation C","NNM","4698415","4334278","1945256","2.42",,
"2023-10-13","CRM","Salesforce, Inc.","NYSE","6536279","7818568","3908903","1.67",,
"2023-10-13","CRWD","CrowdStrike Holdings, Inc. Cla","NNM","6439210","5975230","3667310","1.76",,
"2023-10-13","CSCO","Cisco Systems, Inc. Common Sto","NNM","44600993","47865726","13846348","3.22",,
"2023-10-13","CSX","CSX Corporation Common Stock","NNM","16009257","18520766","12737155","1.26",,
"2023-10-13","CTAS","Cintas Corporation Common Stoc","NNM","1262813","1212105","420342","3.00",,
"2023-10-13","CVNA","Carvana Co.","NYSE","32287098","31834127","7294622","4.43",,
"2023-10-13","CVS","CVS HEALTH CORPORATION","NYSE","13824226","14668932","5474297","2.53",,
"2023-10-13","CVX","Chevron Corporation","NYSE","15646383","15846290","8364512","1.87",,
"2023-10-13","D","Dominion Energy, Inc Common St","NYSE","10906903","8984091","6659000","1.64",,
"2023-10-13","DASH","DoorDash, Inc. Class A Common","NNM","17724047","16734343","3687117","4.81",,
"2023-10-13","DDOG","Datadog, Inc. Class A Common S","NNM","10056659","14315571","3800551","2.65",,
"2023-10-13","DE","Deere & Company","NYSE","2745752","2863624","1216272","2.26",,
"2023-10-13","DELL","Dell Technologies Inc.","NYSE","7915786","9529693","5776959","1.37",,
"2023-10-13","DHR","Danaher Corporation","NYSE","5824909","5720197","3467744","1.68",,
"2023-10-13","DIS","The Walt Disney Company","NYSE","21600058","21757532","11750462","1.84",,
"2023-10-13","DLR","Digital Realty Trust, Inc.","NYSE","15284165","15639849","1918958","7.96",,
"2023-10-13","DUK","Duke Energy Corporation","NYSE","8344009","9114108","3739285","2.23",,
"2023-10-13","ECL","Ecolab, Inc.","NYSE","2043611","2208270","838158","2.44",,
"2023-10-13","ELV","Elevance Health, Inc.","NYSE","1989721","2237895","1006178","1.98",,
"2023-10-13","EMR","Emerson Electric Co.","NYSE","5635043","6527910","2512124","2.24",,
"2023-10-13","EOG","EOG Resources, Inc.","NYSE","7020475","7037796","2897810","2.42",,
"2023-10-13","EPD","Enterprise Products Partners L","NYSE","19747013","19282763","4746404","4.16",,
"2023-10-13","EQIX","Equinix, Inc. Common Stock REI","NNM","1492172","1544914","298881","4.99",,
"2023-10-13","FCX","Freeport-McMoran Inc.","NYSE","17495579","16008280","10608781","1.65",,
"2023-10-13","FDX","FedEx Corporation","NYSE","3580164","3978300","2000778","1.79",,
"2023-10-13","FTNT","Fortinet, Inc. Common Stock","NNM","13232292","11638269","6728037","1.97",,
"2023-10-13","GD","General Dynamics Corporation","NYSE","2642679","2109605","1503496","1.76",,
"2023-10-13","GE","General Electric Company","NYSE","8643542","11628812","4161436","2.08",,
"2023-10-13","GILD","Gilead Sciences, Inc. Common S","NNM","20345374","20235060","4717253","4.31",,
"2023-10-13","GLW","Corning Incorporated","NYSE","6593710","6199278","3277080","2.01",,
"2023-10-13","GM","General Motors Company","NYSE","32301218","33240644","14496366","2.23",,
"2023-10-13","GOOG","Alphabet Inc. Class C Capital","NNM","30483435","30330232","19213414","1.59",,
"2023-10-13","GOOGL","Alphabet Inc. Class A Common S","NNM","48050647","42503885","24015941","2.00",,
"2023-10-13","GS","Goldman Sachs Group Inc.","NYSE","3424758","3198171","1694907","2.02",,
"2023-10-13","GWW","W.W. Grainger, Inc.","NYSE","962455","978866","297867","3.23",,
"2023-10-13","HCA","HCA Healthcare, Inc.","NYSE","2289434","2397537","1227922","1.86",,
"2023-10-13","HD","Home Depot, Inc.","NYSE","9152365","9014161","2674290","3.42",,
"2023-10-13","HLT","Hilton Worldwide Holdings Inc.","NYSE","5049875","4969918","1526082","3.31",,
"2023-10-13","HON","Honeywell International Inc. C","NNM","5801121","5482599","2585874","2.24",,
"2023-10-13","HOOD","Robinhood Markets, Inc. Class","NNM","23991123","22563330","5200428","4.61",,
"2023-10-13","HPE","Hewlett Packard Enterprise Com","NYSE","33642762","32929458","7929919","4.24",,
"2023-10-13","HWM","Howmet Aerospace Inc.","NYSE","3704813","4187503","2296521","1.61",,
"2023-10-13","IBKR","Interactive Brokers Group, Inc","NNM","2027273","2202467","782647","2.59",,
"2023-10-13","IBM","International Business Machine","NYSE","28992806","28775392","3231925","8.97",,
"2023-10-13","ICE","Intercontinental Exchange  Inc","NYSE","3705912","3004359","1978133","1.87",,
"2023-10-13","INTC","Intel Corporation Common Stock","NNM","63181894","56325495","28358534","2.23",,
"2023-10-13","INTU","Intuit Inc. Common Stock","NNM","4183719","3266231","1409364","2.97",,
"2023-10-13","ISRG","Intuitive Surgical, Inc. Commo","NNM","2926935","2963576","1941384","1.51",,
"2023-10-13","ITW","Illinois Tool Works Inc.","NYSE","7455429","7741437","1030545","7.23",,
"2023-10-13","JNJ","Johnson & Johnson","NYSE","15678630","17728409","5751557","2.73",,
"2023-10-13","JPM","JPMorgan Chase & Co.","NYSE","16114613","17414414","11250085","1.43",,
"2023-10-13","KKR","KKR & Co. Inc.","NYSE","7686000","8283931","3298959","2.33",,
"2023-10-13","KLAC","KLA Corporation Common Stock","NNM","2537745","2210056","897875","2.83",,
"2023-10-13","KMI","Kinder Morgan, Inc.","NYSE","31868476","29529276","15104323","2.11",,
"2023-10-13","KO","Coca-Cola Company","NYSE","23812367","23040297","18928487","1.26",,
"2023-10-13","LIN","Linde plc Ordinary Share","NYSE","2871336","2846695","1355285","2.12",,
"2023-10-13","LLY","Eli Lilly & Co.","NYSE","6391809","5654300","3761381","1.70",,
"2023-10-13","LMT","Lockheed Martin Corp.","NYSE","1896203","1906481","1720675","1.10",,
"2023-10-13","LOW","Lowe's Companies Inc.","NYSE","12751133","11906021","2359952","5.40",,
"2023-10-13","LRCX","Lam Research Corporation Commo","NNM","2839577","2845511","929714","3.05",,
"2023-10-13","MA","Mastercard Incorporated","NYSE","4549239","4734231","2305850","1.97",,
"2023-10-13","MAR","Marriott International Class A","NNM","6066782","5904360","1638122","3.70",,
"2023-10-13","MCD","McDonald's Corporation","NYSE","7072555","6597055","3459027","2.04",,
"2023-10-13","MCK","McKesson Corporation","NYSE","1852727","2068193","709097","2.61",,
"2023-10-13","MCO","Moody's Corporation","NYSE","1675891","1522129","618413","2.71",,
"2023-10-13","MDLZ","Mondelez International, Inc. C","NNM","13926942","12396843","8374323","1.66",,
"2023-10-13","MDT","Medtronic plc","NYSE","9503933","9521955","7307031","1.30",,
"2023-10-13","META","Meta Platforms, Inc. Class A C","NNM","32314109","30647383","19640295","1.65",,
"2023-10-13","MMM","3M Company","NYSE","11329033","11116303","4230590","2.68",,
"2023-10-13","MNST","Monster Beverage Corporation","NNM","12807822","12492242","6383698","2.01",,
"2023-10-13","MO","Altria Group, Inc.","NYSE","15632495","14912615","7829970","2.00",,
"2023-10-13","MPC","MARATHON PETROLEUM CORPORATION","NYSE","10199216","10855139","3534281","2.89",,
"2023-10-13","MPWR","Monolithic Power Systems, Inc.","NNM","1345153","1685591","430001","3.13",,
"2023-10-13","MRK","Merck & Co., Inc.","NYSE","15792145","14830810","6155375","2.57",,
"2023-10-13","MRVL","Marvell Technology, Inc. Commo","NNM","13119660","13562100","7262779","1.81",,
"2023-10-13","MS","Morgan Stanley","NYSE","20129185","20974350","7139300","2.82",,
"2023-10-13","MSFT","Microsoft Corporation Common S","NNM","42992748","39514918","20552896","2.09",,
"2023-10-13","MSI","Motorola Solutions, Inc. New","NYSE","855145","848704","509276","1.68",,
"2023-10-13","MU","Micron Technology, Inc. Common","NNM","20980481","19725285","11961800","1.75",,
"2023-10-13","NEE","Nextra Energy, Inc.","NYSE","19416584","19476110","28988197","1.00",,
"2023-10-13","NEM","Newmont Corporation","NYSE","33462427","31808803","11343863","2.95",,
"2023-10-13","NET","Cloudflare, Inc. Class A commo","NYSE","18890296","19751472","3416956","5.53",,
"2023-10-13","NFLX","Netflix, Inc. Common Stock","NNM","8282966","8530217","5924176","1.40",,
"2023-10-13","NKE","Nike, Inc.","NYSE","18602014","17658157","8934498","2.08",,
"2023-10-13","NOC","Northrop Grumman Corp.","NYSE","1383758","1353418","1203752","1.15",,
"2023-10-13","NOW","SERVICENOW, INC.","NYSE","2470289","2372014","961326","2.57",,
"2023-10-13","NSC","Norfolk Southern Corp.","NYSE","2877252","3005630","1157629","2.49",,
"2023-10-13","NVDA","NVIDIA Corporation Common Stoc","NNM","26086160","26982263","41979595","1.00",,
"2023-10-13","ORCL","Oracle Corp","NYSE","14950706","16797291","7053306","2.12",,
"2023-10-13","ORLY","O'Reilly Automotive, Inc. Comm","NNM","1380542","1134187","349796","3.95",,
"2023-10-13","PANW","Palo Alto Networks, Inc. Commo","NNM","20253660","21025309","2987579","6.78",,
"2023-10-13","PCAR","PACCAR Inc. Common Stock","NNM","6441043","6412714","2481870","2.60",,
"2023-10-13","PEP","PepsiCo, Inc. Common Stock","NNM","15250948","13497024","7784408","1.96",,
"2023-10-13","PFE","Pfizer Inc.","NYSE","54565516","51075743","25982905","2.10",,
"2023-10-13","PG","Procter & Gamble Company","NYSE","12951535","14028852","5672978","2.28",,
"2023-10-13","PGR","Progressive Corporation","NYSE","4000709","3843101","2595082","1.54",,
"2023-10-13","PH","Parker-Hannifin Corporation","NYSE","1142527","1110451","641462","1.78",,
"2023-10-13","PLD","PROLOGIS, INC.","NYSE","11946063","11333528","2703526","4.42",,
"2023-10-13","PLTR","Palantir Technologies Inc. Cla","NYSE","159039676","167494036","63570387","2.50",,
"2023-10-13","PM","Philip Morris International In","NYSE","6855198","6128602","4384592","1.56",,
"2023-10-13","PNC","PNC Financial Services Group","NYSE","5748926","5950313","2591182","2.22",,
"2023-10-13","PSX","PHILLIPS 66","NYSE","7678549","8605808","2856803","2.69",,
"2023-10-13","PWR","Quanta Services, Inc.","NYSE","3881840","4259856","1653671","2.35",,
"2023-10-13","QCOM","QUALCOMM Incorporated Common S","NNM","13590227","14958965","6239431","2.18",,
"2023-10-13","RCL","Royal Caribbean Group","NYSE","19151292","19098174","2909024","6.58",,
"2023-10-13","REGN","Regeneron Pharmaceuticals, Inc","NNM","1369032","1175309","365107","3.75",,
"2023-10-13","ROST","Ross Stores, Inc. Common Stock","NNM","3746110","3484397","1979986","1.89",,
"2023-10-13","RSG","Republic Services Inc.","NYSE","2055283","1869282","1177448","1.75",,
"2023-10-13","RTX","RTX Corporation","NYSE","7776823","7672736","8847137","1.00",,
"2023-10-13","SBUX","Starbucks Corporation Common S","NNM","11975051","13591447","5748060","2.08",,
"2023-10-13","SCCO","Southern Copper Corporation","NYSE","4835453","5042707","881328","5.49",,
"2023-10-13","SCHW","The Charles Schwab Corporation","NYSE","22227342","23776506","10131705","2.19",,
"2023-10-13","SHW","The Sherwin-Williams Company","NYSE","3110525","3040492","1305483","2.38",,
"2023-10-13","SNOW","Snowflake Inc.","NYSE","10145419","10316480","3414571","2.97",,
"2023-10-13","SNPS","Synopsys, Inc. Common Stock","NNM","1728155","1463157","815584","2.12",,
"2023-10-13","SO","The Southern Company","NYSE","11739794","10904062","5150501","2.28",,
"2023-10-13","SPCX","The SPAC and New Issue ETF","NNM","6740","7020","859","7.85",,
"2023-10-13","SPG","Simon Property Group, Inc.","NYSE","4790684","5284375","1426777","3.36",,
"2023-10-13","SPGI","S&P Global Inc.","NYSE","2329496","2668031","892303","2.61",,
"2023-10-13","SYK","Stryker Corporation","NYSE","3713921","4057600","1601832","2.32",,
"2023-10-13","T","AT&T Inc.","NYSE","107502783","115582706","36687600","2.93",,
"2023-10-13","TDG","TransDigm Group Incorporated","NYSE","1219581","973679","272485","4.48",,
"2023-10-13","TFC","Truist Financial Corporation","NYSE","14744214","13253850","10126675","1.46",,
"2023-10-13","TGT","Target Corporation","NYSE","7104892","7824392","5606154","1.27",,
"2023-10-13","TJX","TJX Companies, Inc. (The)","NYSE","9431775","9046342","4057004","2.32",,
"2023-10-13","TMO","Thermo Fisher Scientific, Inc.","NYSE","2738183","2407337","1398463","1.96",,
"2023-10-13","TMUS","T-Mobile US, Inc. Common Stock","NNM","26084646","25406676","3796794","6.87",,
"2023-10-13","TRV","The Travelers Companies, Inc.","NYSE","3364326","3270192","1172108","2.87",,
"2023-10-13","TSLA","Tesla, Inc. Common Stock","NNM","84687963","82428956","113407985","1.00",,
"2023-10-13","TXN","Texas Instruments Incorporated","NNM","16495798","16232668","4066423","4.06",,
"2023-10-13","UBER","Uber Technologies, Inc.","NYSE","47896659","50819052","15053126","3.18",,
"2023-10-13","UNH","UNITEDHEALTH GROUP INCORPORATE","NYSE","6162035","5860745","3117358","1.98",,
"2023-10-13","UNP","Union Pacific Corp.","NYSE","6557774","6521734","1979276","3.31",,
"2023-10-13","UPS","United Parcel Service, Inc. Cl","NYSE","9329670","8385054","2599762","3.59",,
"2023-10-13","URI","United Rentals, Inc.","NYSE","2683779","2687661","568706","4.72",,
"2023-10-13","USB","U.S. Bancorp","NYSE","33147512","38074358","10030173","3.30",,
"2023-10-13","V","VISA Inc.","NYSE","30696855","31052794","5293702","5.80",,
"2023-10-13","VLO","Valero Energy Corporation","NYSE","11337029","10380317","3879577","2.92",,
"2023-10-13","VRT","Vertiv Holdings Co Class A Com","NYSE","7601097","7680371","6566913","1.16",,
"2023-10-13","VRTX","Vertex Pharmaceuticals Incorpo","NNM","2856077","2851924","1039627","2.75",,
"2023-10-13","VZ","Verizon Communications","NYSE","39855786","37285702","22532227","1.77",,
"2023-10-13","WBD","Warner Bros. Discovery, Inc. S","NNM","91415578","95898344","19037277","4.80",,
"2023-10-13","WDC","Western Digital Corporation Co","NNM","7851944","7538122","2718360","2.89",,
"2023-10-13","WELL","Welltower Inc.","NYSE","9755508","10304618","3202214","3.05",,
"2023-10-13","WFC","Wells Fargo & Co.","NYSE","25608128","27662775","15882824","1.61",,
"2023-10-13","WM","Waste Management, Inc.","NYSE","3780402","3376538","1387644","2.72",,
"2023-10-13","WMB","Williams Companies Inc.","NYSE","23550884","24517865","5919676","3.98",,
"2023-10-13","WMT","Walmart Inc.","NYSE","15463654","16266555","5775898","2.68",,
"2023-10-13","XOM","Exxon Mobil Corporation","NYSE","57568579","44433891","24848468","2.32",,
"2023-08-15","AAPL","Apple Inc. Common Stock","NNM","88852352","105460144","62061606","1.43",,
"2023-08-15","ABBV","ABBVIE INC.","NYSE","13259308","11436751","3960199","3.35",,
"2023-08-15","ABNB","Airbnb, Inc. Class A Common St","NNM","20690596","23913262","5331957","3.88",,
"2023-08-15","ABT","Abbott Laboratories","NYSE","12765176","12045972","4303671","2.97",,
"2023-08-15","ADBE","Adobe Inc. Common Stock","NNM","3999039","4259521","2151891","1.86",,
"2023-08-15","ADI","Analog Devices, Inc. Common St","NNM","5176756","5558075","2601876","1.99",,
"2023-08-15","ADP","Automatic Data Processing, Inc","NNM","4429134","4505496","1193630","3.71",,
"2023-08-15","AEP","American Electric Power Compan","NNM","9779529","7443475","3260508","3.00",,
"2023-08-15","AFL","Aflac Inc.","NYSE","12315808","11582535","2591369","4.75",,
"2023-08-15","AJG","Arthur J. Gallagher & Co.","NYSE","1592975","1417928","640079","2.49",,
"2023-08-15","ALL","The Allstate Corporation","NYSE","3088594","3104370","1573378","1.96",,
"2023-08-15","AMAT","Applied Materials, Inc. Common","NNM","19271509","20645674","4202627","4.59",,
"2023-08-15","AMD","Advanced Micro Devices, Inc. C","NNM","28845067","25040006","76910574","1.00",,
"2023-08-15","AMGN","Amgen Inc. Common Stock","NNM","7027270","6511830","2888727","2.43",,
"2023-08-15","AMT","American Tower Corporation","NYSE","4943227","4426479","1751336","2.82",,
"2023-08-15","AMZN","Amazon.com, Inc. Common Stock","NNM","76429632","70673174","63847104","1.20",,
"2023-08-15","ANET","Arista Networks","NYSE","3093866","3950759","3411670","1.00",,
"2023-08-15","AON","Aon plc Class A","NYSE","1807336","1807049","833000","2.17",,
"2023-08-15","APD","Air Products & Chemicals, Inc.","NYSE","1938747","1956498","949863","2.04",,
"2023-08-15","APH","Amphenol Corporation","NYSE","5473771","5719891","2137704","2.56",,
"2023-08-15","APO","Apollo Global Management, Inc.","NYSE","12690060","11075433","3074672","4.13",,
"2023-08-15","APP","Applovin Corporation Class A C","NNM","16767724","14268911","4529702","3.70",,
"2023-08-15","AVGO","Broadcom Inc. Common Stock","NNM","4776592","5758234","1875032","2.55",,
"2023-08-15","AXP","American Express Company","NYSE","6763512","6159416","2186710","3.09",,
"2023-08-15","BA","Boeing Company","NYSE","7631463","7021019","4037818","1.89",,
"2023-08-15","BAC","Bank of America Corporation","NYSE","53269857","71882694","34226633","1.56",,
"2023-08-15","BKNG","Booking Holdings Inc. Common S","NNM","713132","878184","373578","1.91",,
"2023-08-15","BLK","Blackrock, Inc.","NYSE","2383962","2192599","488658","4.88",,
"2023-08-15","BMY","Bristol-Myers Squibb Co.","NYSE","53506533","16635116","12750390","4.20",,
"2023-08-15","BNY","BlackRock New York Municipal I","NYSE","12851","13972","46029","1.00",,
"2023-08-15","BRKA","Berkshire Hathaway Inc.","NYSE","663","712","7791","1.00",,
"2023-08-15","BRKB","BERKSHIRE HATHAWAY Class B","NYSE","7792882","6272656","3168061","2.46",,
"2023-08-15","BSX","Boston Scientific Corp.","NYSE","8718860","8325786","6435035","1.35",,
"2023-08-15","BX","Blackstone Inc.","NYSE","19169838","18572074","3568068","5.37",,
"2023-08-15","C","Citigroup Inc.","NYSE","24259086","22287951","15008832","1.62",,
"2023-08-15","CAT","Caterpillar Inc.","NYSE","6926526","6701559","4010016","1.73",,
"2023-08-15","CDNS","Cadence Design Systems, Inc. C","NNM","2433050","2183238","1187562","2.05",,
"2023-08-15","CEG","Constellation Energy Corporati","NNM","7011486","6595560","1936562","3.62",,
"2023-08-15","CI","The Cigna Group","NYSE","3060273","2622161","1279536","2.39",,
"2023-08-15","CL","Colgate-Palmolive Company","NYSE","9770780","9529781","3828059","2.55",,
"2023-08-15","CMCSA","Comcast Corporation Class A Co","NNM","38135571","35545761","15795656","2.41",,
"2023-08-15","CME","CME Group Inc. Class A Common","NNM","4024015","4275137","1404433","2.87",,
"2023-08-15","CMI","Cummins Inc.","NYSE","1951020","1966165","890844","2.19",,
"2023-08-15","COF","Capital One Financial","NYSE","6874756","7573151","2190511","3.14",,
"2023-08-15","COP","ConocoPhillips","NYSE","11920660","11951330","4606312","2.59",,
"2023-08-15","COST","Costco Wholesale Corporation C","NNM","4036690","4150710","1240452","3.25",,
"2023-08-15","CRM","Salesforce, Inc.","NYSE","7280740","7488907","4571330","1.59",,
"2023-08-15","CRWD","CrowdStrike Holdings, Inc. Cla","NNM","6103902","6337290","3008339","2.03",,
"2023-08-15","CSCO","Cisco Systems, Inc. Common Sto","NNM","59940490","61951051","15747077","3.81",,
"2023-08-15","CSX","CSX Corporation Common Stock","NNM","15447292","16560307","12766661","1.21",,
"2023-08-15","CTAS","Cintas Corporation Common Stoc","NNM","993746","1188863","293850","3.38",,
"2023-08-15","CVNA","Carvana Co.","NYSE","34753442","35682512","14405839","2.41",,
"2023-08-15","CVS","CVS HEALTH CORPORATION","NYSE","18386183","19048488","8816258","2.09",,
"2023-08-15","CVX","Chevron Corporation","NYSE","14023586","19653117","8331833","1.68",,
"2023-08-15","D","Dominion Energy, Inc Common St","NYSE","5755153","5595675","4630604","1.24",,
"2023-08-15","DASH","DoorDash, Inc.","NYSE","13048646","14938894","4375487","2.98",,
"2023-08-15","DDOG","Datadog, Inc. Class A Common S","NNM","10669675","9991059","7103472","1.50",,
"2023-08-15","DE","Deere & Company","NYSE","2123445","2188676","1191060","1.78",,
"2023-08-15","DELL","Dell Technologies Inc.","NYSE","6829093","8487649","3291883","2.07",,
"2023-08-15","DHR","Danaher Corporation","NYSE","4897318","5069494","1928584","2.54",,
"2023-08-15","DIS","The Walt Disney Company","NYSE","20373078","22335351","20073626","1.01",,
"2023-08-15","DLR","Digital Realty Trust, Inc.","NYSE","16731097","17675220","1933371","8.65",,
"2023-08-15","DUK","Duke Energy Corporation","NYSE","8376283","8217470","3071029","2.73",,
"2023-08-15","ECL","Ecolab, Inc.","NYSE","1906467","2175260","1221842","1.56",,
"2023-08-15","ELV","Elevance Health, Inc.","NYSE","1615532","1614072","841110","1.92",,
"2023-08-15","EMR","Emerson Electric Co.","NYSE","5923411","5990585","2982811","1.99",,
"2023-08-15","EOG","EOG Resources, Inc.","NYSE","8033207","8450479","3027365","2.65",,
"2023-08-15","EPD","Enterprise Products Partners L","NYSE","16564771","16673021","4923085","3.36",,
"2023-08-15","EQIX","Equinix, Inc. Common Stock REI","NNM","1548239","1444343","364868","4.24",,
"2023-08-15","FCX","Freeport-McMoran Inc.","NYSE","14219633","15667763","9476755","1.50",,
"2023-08-15","FDX","FedEx Corporation","NYSE","3214865","3489620","1503511","2.14",,
"2023-08-15","FTNT","Fortinet, Inc. Common Stock","NNM","10396881","9558185","11230544","1.00",,
"2023-08-15","GD","General Dynamics Corporation","NYSE","2924957","2982651","1091012","2.68",,
"2023-08-15","GE","General Electric Company","NYSE","12794806","13260410","3970692","3.22",,
"2023-08-15","GILD","Gilead Sciences, Inc. Common S","NNM","19632045","18841286","5046236","3.89",,
"2023-08-15","GLW","Corning Incorporated","NYSE","8978453","9693460","3669435","2.45",,
"2023-08-15","GM","General Motors Company","NYSE","31388625","26837441","14247063","2.20",,
"2023-08-15","GOOG","Alphabet Inc. Class C Capital","NNM","28469731","25471470","17978295","1.58",,
"2023-08-15","GOOGL","Alphabet Inc. Class A Common S","NNM","46172293","45223272","22857577","2.02",,
"2023-08-15","GS","Goldman Sachs Group Inc.","NYSE","3132218","3265014","1619026","1.93",,
"2023-08-15","GWW","W.W. Grainger, Inc.","NYSE","1115909","1007630","255315","4.37",,
"2023-08-15","HCA","HCA Healthcare, Inc.","NYSE","2275185","2025817","1067594","2.13",,
"2023-08-15","HD","Home Depot, Inc.","NYSE","9887403","8853630","3222485","3.07",,
"2023-08-15","HLT","Hilton Worldwide Holdings Inc.","NYSE","4031205","3968097","1380256","2.92",,
"2023-08-15","HON","Honeywell International Inc. C","NNM","5516145","6132213","2845003","1.94",,
"2023-08-15","HOOD","Robinhood Markets, Inc. Class","NNM","19437820","20944406","9977950","1.95",,
"2023-08-15","HPE","Hewlett Packard Enterprise Com","NYSE","34319669","29164449","12608190","2.72",,
"2023-08-15","HWM","Howmet Aerospace Inc.","NYSE","3810301","2429309","3478234","1.10",,
"2023-08-15","IBKR","Interactive Brokers Group, Inc","NNM","2186792","2287072","787136","2.78",,
"2023-08-15","IBM","International Business Machine","NYSE","27890947","26334897","4113229","6.78",,
"2023-08-15","ICE","Intercontinental Exchange  Inc","NYSE","4602453","3515244","2245266","2.05",,
"2023-08-15","INTC","Intel Corporation Common Stock","NNM","59030502","62222663","29482606","2.00",,
"2023-08-15","INTU","Intuit Inc. Common Stock","NNM","3420089","3531586","1101900","3.10",,
"2023-08-15","ISRG","Intuitive Surgical, Inc. Commo","NNM","2570495","3042713","1439549","1.79",,
"2023-08-15","ITW","Illinois Tool Works Inc.","NYSE","6435938","6507511","1296336","4.96",,
"2023-08-15","JNJ","Johnson & Johnson","NYSE","85504087","25728797","36947448","2.31",,
"2023-08-15","JPM","JPMorgan Chase & Co.","NYSE","19160644","19402547","6920882","2.77",,
"2023-08-15","KKR","KKR & Co. Inc.","NYSE","13576911","10862450","2968476","4.57",,
"2023-08-15","KLAC","KLA Corporation Common Stock","NNM","1894232","2227188","916577","2.07",,
"2023-08-15","KMI","Kinder Morgan, Inc.","NYSE","37916311","37217088","11077029","3.42",,
"2023-08-15","KO","Coca-Cola Company","NYSE","21001942","19832021","8300329","2.53",,
"2023-08-15","LIN","Linde plc Ordinary Share","NYSE","3197915","3462995","1162061","2.75",,
"2023-08-15","LLY","Eli Lilly & Co.","NYSE","5185112","4781769","4068130","1.27",,
"2023-08-15","LMT","Lockheed Martin Corp.","NYSE","1579046","1525108","877197","1.80",,
"2023-08-15","LOW","Lowe's Companies Inc.","NYSE","8995479","7623539","2237205","4.02",,
"2023-08-15","LRCX","Lam Research Corporation Commo","NNM","2796137","3133850","1003190","2.79",,
"2023-08-15","MA","Mastercard Incorporated","NYSE","4111700","4630547","1935036","2.12",,
"2023-08-15","MAR","Marriott International Class A","NNM","6027800","5434251","2479733","2.43",,
"2023-08-15","MCD","McDonald's Corporation","NYSE","5812365","5573153","2050369","2.83",,
"2023-08-15","MCK","McKesson Corporation","NYSE","1729816","1594286","1016559","1.70",,
"2023-08-15","MCO","Moody's Corporation","NYSE","1451336","1587654","604249","2.40",,
"2023-08-15","MDLZ","Mondelez International, Inc. C","NNM","14385235","14242438","5094172","2.82",,
"2023-08-15","MDT","Medtronic plc","NYSE","7227622","6340022","4524636","1.60",,
"2023-08-15","META","Meta Platforms, Inc. Class A C","NNM","26081069","25479274","16599338","1.57",,
"2023-08-15","MMM","3M Company","NYSE","10926110","10500010","2689204","4.06",,
"2023-08-15","MNST","Monster Beverage Corporation","NNM","12319516","12082524","5017643","2.46",,
"2023-08-15","MO","Altria Group, Inc.","NYSE","13332168","14007635","7847214","1.70",,
"2023-08-15","MPC","MARATHON PETROLEUM CORPORATION","NYSE","12287800","10676111","4166839","2.95",,
"2023-08-15","MPWR","Monolithic Power Systems, Inc.","NNM","1509057","1621092","557100","2.71",,
"2023-08-15","MRK","Merck & Co., Inc.","NYSE","14458322","14136825","7681381","1.88",,
"2023-08-15","MRVL","Marvell Technology, Inc. Commo","NNM","19368695","18618366","9319151","2.08",,
"2023-08-15","MS","Morgan Stanley","NYSE","18620518","18344968","5465107","3.41",,
"2023-08-15","MSFT","Microsoft Corporation Common S","NNM","31028035","35852374","20998749","1.48",,
"2023-08-15","MSI","Motorola Solutions, Inc. New","NYSE","1141443","1131054","816125","1.40",,
"2023-08-15","MU","Micron Technology, Inc. Common","NNM","19954226","19482849","13165137","1.52",,
"2023-08-15","NEE","Nextra Energy, Inc.","NYSE","21930115","17506066","7861979","2.79",,
"2023-08-15","NEM","Newmont Corporation","NYSE","28148468","26468629","7073503","3.98",,
"2023-08-15","NET","Cloudflare, Inc. Class A commo","NYSE","19551702","17084640","4924250","3.97",,
"2023-08-15","NFLX","Netflix, Inc. Common Stock","NNM","8396539","8965630","4652516","1.80",,
"2023-08-15","NKE","Nike, Inc.","NYSE","16216636","15727004","5494501","2.95",,
"2023-08-15","NOC","Northrop Grumman Corp.","NYSE","1340436","1286900","807913","1.66",,
"2023-08-15","NOW","SERVICENOW, INC.","NYSE","2603041","2694310","1103198","2.36",,
"2023-08-15","NSC","Norfolk Southern Corp.","NYSE","2528574","2358394","1248503","2.03",,
"2023-08-15","NVDA","NVIDIA Corporation Common Stoc","NNM","26696744","26400064","46339751","1.00",,
"2023-08-15","ORCL","Oracle Corp","NYSE","13163594","15049787","6292476","2.09",,
"2023-08-15","ORLY","O'Reilly Automotive, Inc. Comm","NNM","691810","611600","333534","2.07",,
"2023-08-15","PANW","Palo Alto Networks, Inc. Commo","NNM","18957944","18730909","5760349","3.29",,
"2023-08-15","PCAR","PACCAR Inc. Common Stock","NNM","6809727","7919212","1860170","3.66",,
"2023-08-15","PEP","PepsiCo, Inc. Common Stock","NNM","10801239","11170955","3693583","2.92",,
"2023-08-15","PFE","Pfizer Inc.","NYSE","52394065","45860472","25139743","2.08",,
"2023-08-15","PG","Procter & Gamble Company","NYSE","14716194","14956447","4940929","2.98",,
"2023-08-15","PGR","Progressive Corporation","NYSE","4376957","4163784","2297794","1.90",,
"2023-08-15","PH","Parker-Hannifin Corporation","NYSE","1184764","1226409","824225","1.44",,
"2023-08-15","PLD","PROLOGIS, INC.","NYSE","10868579","10506322","1862089","5.84",,
"2023-08-15","PLTR","Palantir Technologies Inc. Cla","NYSE","135778479","119438357","86382480","1.57",,
"2023-08-15","PM","Philip Morris International In","NYSE","7240429","6955326","2562644","2.83",,
"2023-08-15","PNC","PNC Financial Services Group","NYSE","6850447","8356670","2004159","3.42",,
"2023-08-15","PSX","PHILLIPS 66","NYSE","9454443","9827753","3339712","2.83",,
"2023-08-15","PWR","Quanta Services, Inc.","NYSE","3842368","3992623","799546","4.81",,
"2023-08-15","QCOM","QUALCOMM Incorporated Common S","NNM","12052703","13355715","10194474","1.18",,
"2023-08-15","RCL","Royal Caribbean Group","NYSE","20298384","21345981","2444065","8.31",,
"2023-08-15","REGN","Regeneron Pharmaceuticals, Inc","NNM","1360156","1343387","485969","2.80",,
"2023-08-15","ROST","Ross Stores, Inc. Common Stock","NNM","3144132","3360118","1721684","1.83",,
"2023-08-15","RSG","Republic Services Inc.","NYSE","1765392","1914857","1143139","1.54",,
"2023-08-15","RTX","RTX Corporation","NYSE","10642724","11404296","6229877","1.71",,
"2023-08-15","SBUX","Starbucks Corporation Common S","NNM","12499553","15739851","5735907","2.18",,
"2023-08-15","SCCO","Southern Copper Corporation","NYSE","5391473","5167764","1075285","5.01",,
"2023-08-15","SCHW","The Charles Schwab Corporation","NYSE","21184618","28848671","7645332","2.77",,
"2023-08-15","SHW","The Sherwin-Williams Company","NYSE","3132447","2728016","1290201","2.43",,
"2023-08-15","SNOW","Snowflake Inc.","NYSE","10791449","11480408","5053829","2.14",,
"2023-08-15","SNPS","Synopsys, Inc. Common Stock","NNM","966916","1027873","601951","1.61",,
"2023-08-15","SO","The Southern Company","NYSE","10562370","11134838","3606813","2.93",,
"2023-08-15","SPCX","The SPAC and New Issue ETF","NNM","8379","9825","1434","5.84",,
"2023-08-15","SPG","Simon Property Group, Inc.","NYSE","5398938","5191806","1242264","4.35",,
"2023-08-15","SPGI","S&P Global Inc.","NYSE","3752258","3584178","1119719","3.35",,
"2023-08-15","SYK","Stryker Corporation","NYSE","2740953","2959406","1413046","1.94",,
"2023-08-15","T","AT&T Inc.","NYSE","118744180","114073003","36100937","3.29",,
"2023-08-15","TDG","TransDigm Group Incorporated","NYSE","1031395","1042563","306388","3.37",,
"2023-08-15","TFC","Truist Financial Corporation","NYSE","20419783","28287188","10639120","1.92",,
"2023-08-15","TGT","Target Corporation","NYSE","9983817","9287941","4274606","2.34",,
"2023-08-15","TJX","TJX Companies, Inc. (The)","NYSE","9109892","6970070","4390932","2.07",,
"2023-08-15","TMO","Thermo Fisher Scientific, Inc.","NYSE","2558570","3039933","1078625","2.37",,
"2023-08-15","TMUS","T-Mobile US, Inc. Common Stock","NNM","23187070","22493176","3355884","6.91",,
"2023-08-15","TRV","The Travelers Companies, Inc.","NYSE","2878579","2841988","1244947","2.31",,
"2023-08-15","TSLA","Tesla, Inc. Common Stock","NNM","81763698","78209234","98846097","1.00",,
"2023-08-15","TXN","Texas Instruments Incorporated","NNM","15663198","18459070","5018006","3.12",,
"2023-08-15","UBER","Uber Technologies, Inc.","NYSE","43646751","44414427","26259818","1.66",,
"2023-08-15","UNH","UNITEDHEALTH GROUP INCORPORATE","NYSE","6213074","6231331","2287518","2.72",,
"2023-08-15","UNP","Union Pacific Corp.","NYSE","5618550","5672864","2501536","2.25",,
"2023-08-15","UPS","United Parcel Service, Inc. Cl","NYSE","9969053","9567589","3621803","2.75",,
"2023-08-15","URI","United Rentals, Inc.","NYSE","2574287","2396635","828454","3.11",,
"2023-08-15","USB","U.S. Bancorp","NYSE","33133170","40247530","11282093","2.94",,
"2023-08-15","V","VISA Inc.","NYSE","30424312","29961726","4635744","6.56",,
"2023-08-15","VLO","Valero Energy Corporation","NYSE","11122261","9418662","3659784","3.04",,
"2023-08-15","VRT","Vertiv Holdings Co Class A Com","NYSE","7959197","7213557","11785804","1.00",,
"2023-08-15","VRTX","Vertex Pharmaceuticals Incorpo","NNM","2733727","2855153","989024","2.76",,
"2023-08-15","VZ","Verizon Communications","NYSE","45520823","45355034","20717756","2.20",,
"2023-08-15","WBD","Warner Bros. Discovery, Inc. S","NNM","85882649","91248066","19366672","4.43",,
"2023-08-15","WDC","Western Digital Corporation Co","NNM","7205911","6059193","3179224","2.27",,
"2023-08-15","WELL","Welltower Inc.","NYSE","13080875","12902841","1795398","7.29",,
"2023-08-15","WFC","Wells Fargo & Co.","NYSE","29303426","30263493","11889172","2.46",,
"2023-08-15","WM","Waste Management, Inc.","NYSE","3740181","3929878","1258036","2.97",,
"2023-08-15","WMB","Williams Companies Inc.","NYSE","26449228","26690385","6017088","4.40",,
"2023-08-15","WMT","Walmart Inc.","NYSE","13790121","11771636","4701448","2.93",,
"2023-08-15","XOM","Exxon Mobil Corporation","NYSE","34650834","33533826","14766242","2.35",,
"2021-02-12","AAPL","Apple Inc. Common Stock","NNM","88329668","91862600","72465338","1.22",,
"2021-02-12","ABBV","ABBVIE INC.","NYSE","14278312","14874548","7367419","1.94",,
"2021-02-12","ABNB","Airbnb, Inc. Class A Common St","NNM","11623667","9486141","3622245","3.21",,
"2021-02-12","ABT","Abbott Laboratories","NYSE","10492690","11521609","4556143","2.30",,
"2021-02-12","ADBE","Adobe Inc. Common Stock","NNM","4908064","4914798","1796590","2.73",,
"2021-02-12","ADI","Analog Devices, Inc. Common St","NNM","31914370","29828859","2101739","15.18",,
"2021-02-12","ADP","Automatic Data Processing, Inc","NNM","4197179","4138503","1457219","2.88",,
"2021-02-12","AEP","American Electric Power Compan","NNM","6355315","6538186","1921969","3.31",,
"2021-02-12","AFL","Aflac Inc.","NYSE","7057676","6014933","3433930","2.06",,
"2021-02-12","AJG","Arthur J. Gallagher & Co.","NYSE","1876547","2148094","707481","2.65",,
"2021-02-12","ALL","The Allstate Corporation","NYSE","3557237","3977943","1668158","2.13",,
"2021-02-12","AMAT","Applied Materials, Inc. Common","NNM","9624197","10077531","6162364","1.56",,
"2021-02-12","AMD","Advanced Micro Devices, Inc. C","NNM","80452201","78642593","33246616","2.42",,
"2021-02-12","AMGN","Amgen Inc. Common Stock","NNM","8712290","7562582","2301636","3.79",,
"2021-02-12","AMT","American Tower Corporation","NYSE","3662369","4270529","1625413","2.25",,
"2021-02-12","AMZN","Amazon.com, Inc. Common Stock","NNM","3796019","3315887","3642473","1.04",,
"2021-02-12","ANET","Arista Networks","NYSE","1639386","1557132","391841","4.18",,
"2021-02-12","AON","Aon plc Class A","NYSE","24506537","23572459","1605763","15.26",,
"2021-02-12","APD","Air Products & Chemicals, Inc.","NYSE","1579046","1454509","1898926","1.00",,
"2021-02-12","APH","Amphenol Corporation","NYSE","2272404","2149224","1061691","2.14",,
"2021-02-12","APO","Apollo Global Management, Inc.","NYSE","5105808","5517725","1394365","3.66",,
"2021-02-12","AVGO","Broadcom Inc. Common Stock","NNM","4475179","4375359","1400949","3.19",,
"2021-02-12","AXP","American Express Company","NYSE","9260667","8450774","2947761","3.14",,
"2021-02-12","BA","Boeing Company","NYSE","9842034","11695311","9689409","1.02",,
"2021-02-12","BAC","Bank of America Corporation","NYSE","71110326","72544744","39407246","1.80",,
"2021-02-12","BKNG","Booking Holdings Inc. Common S","NNM","809925","766437","289195","2.80",,
"2021-02-12","BLK","Blackrock, Inc.","NYSE","1697633","1745984","561048","3.03",,
"2021-02-12","BMY","Bristol-Myers Squibb Co.","NYSE","20788673","19473576","12907979","1.61",,
"2021-02-12","BNY","BlackRock New York Municipal I","NYSE","40926","28867","40484","1.01",,
"2021-02-12","BRKA","Berkshire Hathaway Inc.","NYSE","590","592","282","2.09",,
"2021-02-12","BRKB","BERKSHIRE HATHAWAY Class B","NYSE","11037221","11189624","3628302","3.04",,
"2021-02-12","BSX","Boston Scientific Corp.","NYSE","18230320","14377483","11304444","1.61",,
"2021-02-12","BX","The Blackstone Group Inc. Clas","NYSE","7274088","5155613","2477120","2.94",,
"2021-02-12","C","Citigroup Inc.","NYSE","22739783","22221835","13578503","1.67",,
"2021-02-12","CAT","Caterpillar Inc.","NYSE","5290300","4463191","2552873","2.07",,
"2021-02-12","CCZ","Comcast Holdings Corp. 2.0% Ex","NYSE","77","456","124","1.00",,
"2021-02-12","CDNS","Cadence Design Systems, Inc. C","NNM","2511238","2864030","1186634","2.12",,
"2021-02-12","CI","CIGNA Corporation","NYSE","4422087","4515182","1788650","2.47",,
"2021-02-12","CL","Colgate-Palmolive Company","NYSE","6981909","8652098","3834591","1.82",,
"2021-02-12","CMCSA","Comcast Corporation Class A Co","NNM","76698055","78769547","14145788","5.42",,
"2021-02-12","CME","CME Group Inc. Class A Common","NNM","5705209","5862416","1682643","3.39",,
"2021-02-12","CMI","Cummins Inc.","NYSE","2756227","2731819","1070471","2.57",,
"2021-02-12","COF","Capital One Financial","NYSE","4628964","3934314","3674632","1.26",,
"2021-02-12","COP","ConocoPhillips","NYSE","15622100","17173359","9107744","1.72",,
"2021-02-12","COST","Costco Wholesale Corporation C","NNM","4330528","3627240","2049257","2.11",,
"2021-02-12","CRM","salesforce.com, inc.","NYSE","23671388","23220061","4910061","4.82",,
"2021-02-12","CRWD","CrowdStrike Holdings, Inc. Cla","NNM","8598323","10617653","2605066","3.30",,
"2021-02-12","CSCO","Cisco Systems, Inc. Common Sto","NNM","49414027","47755079","20676805","2.39",,
"2021-02-12","CSX","CSX Corporation Common Stock","NNM","6867662","8335085","3426151","2.00",,
"2021-02-12","CTAS","Cintas Corporation Common Stoc","NNM","1033928","941478","382570","2.70",,
"2021-02-12","CVNA","Carvana Co.","NYSE","17346635","16560304","997375","17.39",,
"2021-02-12","CVS","CVS HEALTH CORPORATION","NYSE","16999630","15541988","5477332","3.10",,
"2021-02-12","CVX","Chevron Corporation","NYSE","14780223","14737676","7734132","1.91",,
"2021-02-12","D","Dominion Energy, Inc Common St","NYSE","6676431","7826837","2745736","2.43",,
"2021-02-12","DASH","DoorDash, Inc.","NYSE","8764315","8048443","1658248","5.29",,
"2021-02-12","DDOG","Datadog, Inc. Class A Common S","NNM","13850163","16522044","2776069","4.99",,
"2021-02-12","DE","Deere & Company","NYSE","2590550","2220684","1076792","2.41",,
"2021-02-12","DELL","Dell Technologies Inc.","NYSE","4956509","5583062","2610295","1.90",,
"2021-02-12","DHR","Danaher Corporation","NYSE","4859189","4915449","2068811","2.35",,
"2021-02-12","DIS","The Walt Disney Company","NYSE","18570626","18442384","9786916","1.90",,
"2021-02-12","DLR","Digital Realty Trust, Inc.","NYSE","6741864","6462725","1324231","5.09",,
"2021-02-12","DUK","Duke Energy Corporation","NYSE","7951862","7218999","2224185","3.58",,
"2021-02-12","ECL","Ecolab, Inc.","NYSE","2055808","2070651","790234","2.60",,
"2021-02-12","EMR","Emerson Electric Co.","NYSE","6393871","7618986","2869445","2.23",,
"2021-02-12","EOG","EOG Resources, Inc.","NYSE","12290183","10658647","4054521","3.03",,
"2021-02-12","EPD","Enterprise Products Partners L","NYSE","33653443","28625525","6052125","5.56",,
"2021-02-12","EQIX","Equinix, Inc. Common Stock REI","NNM","781773","984716","395839","1.97",,
"2021-02-12","FCX","Freeport-McMoran Inc.","NYSE","22345392","17248341","20068730","1.11",,
"2021-02-12","FDX","FedEx Corporation","NYSE","3417405","3103481","2107156","1.62",,
"2021-02-12","FTNT","Fortinet, Inc. Common Stock","NNM","2853448","2726036","1088822","2.62",,
"2021-02-12","GD","General Dynamics Corporation","NYSE","4602480","3441149","1410620","3.26",,
"2021-02-12","GE","General Electric Company","NYSE","77536795","90320965","51653453","1.50",,
"2021-02-12","GILD","Gilead Sciences, Inc. Common S","NNM","23109254","21576565","7248564","3.19",,
"2021-02-12","GLW","Corning Incorporated","NYSE","9493580","7666777","3432122","2.77",,
"2021-02-12","GM","General Motors Company","NYSE","20044256","17800778","24646866","1.00",,
"2021-02-12","GOOG","Alphabet Inc. Class C Capital","NNM","2754828","2526518","1555117","1.77",,
"2021-02-12","GOOGL","Alphabet Inc. Class A Common S","NNM","3287500","2854707","1887610","1.74",,
"2021-02-12","GS","Goldman Sachs Group Inc.","NYSE","4242126","4267197","2643661","1.60",,
"2021-02-12","GWW","W.W. Grainger, Inc.","NYSE","657987","623942","368514","1.79",,
"2021-02-12","HCA","HCA Healthcare, Inc.","NYSE","3109109","2446155","1766867","1.76",,
"2021-02-12","HD","Home Depot, Inc.","NYSE","7231266","8404491","2697759","2.68",,
"2021-02-12","HLT","Hilton Worldwide Holdings Inc.","NYSE","8409135","9554792","2035731","4.13",,
"2021-02-12","HON","Honeywell International, Inc.","NYSE","6442693","5134075","1918273","3.36",,
"2021-02-12","HPE","Hewlett Packard Enterprise Com","NYSE","29440220","25254044","7935928","3.71",,
"2021-02-12","HWM","Howmet Aerospace Inc.","NYSE","5451804","4982290","2942468","1.85",,
"2021-02-12","IBKR","Interactive Brokers Group, Inc","NNM","3173089","2548616","1006647","3.15",,
"2021-02-12","IBM","International Business Machine","NYSE","29057711","26828008","4928894","5.90",,
"2021-02-12","ICE","Intercontinental Exchange  Inc","NYSE","4969841","4725581","2281234","2.18",,
"2021-02-12","INTC","Intel Corporation Common Stock","NNM","56002813","57827154","23211796","2.41",,
"2021-02-12","INTU","Intuit Inc. Common Stock","NNM","2137416","1903967","960927","2.22",,
"2021-02-12","ISRG","Intuitive Surgical, Inc. Commo","NNM","1224657","1295694","477489","2.56",,
"2021-02-12","ITW","Illinois Tool Works Inc.","NYSE","3528408","3465058","1058558","3.33",,
"2021-02-12","JNJ","Johnson & Johnson","NYSE","15260613","15591339","6964209","2.19",,
"2021-02-12","JPM","JPMorgan Chase & Co.","NYSE","20996558","20806258","9468115","2.22",,
"2021-02-12","KKR","KKR & Co. Inc.","NYSE","8559423","7091850","2827535","3.03",,
"2021-02-12","KLAC","KLA Corporation Common Stock","NNM","1881725","2036822","1026292","1.83",,
"2021-02-12","KMI","Kinder Morgan, Inc.","NYSE","39006146","38810336","16054373","2.43",,
"2021-02-12","KO","Coca-Cola Company","NYSE","23097701","22717639","14843708","1.56",,
"2021-02-12","LIN","Linde plc Ordinary Share","NYSE","3137710","3334114","1698893","1.85",,
"2021-02-12","LLY","Eli Lilly & Co.","NYSE","6555509","6665505","3221219","2.04",,
"2021-02-12","LMT","Lockheed Martin Corp.","NYSE","3813074","2766826","1613057","2.36",,
"2021-02-12","LOW","Lowe's Companies Inc.","NYSE","8986844","7519637","2708812","3.32",,
"2021-02-12","LRCX","Lam Research Corporation Commo","NNM","2722099","1877095","1362638","2.00",,
"2021-02-12","MA","Mastercard Incorporated","NYSE","6228181","5787013","3715912","1.68",,
"2021-02-12","MAR","Marriott International Class A","NNM","7998989","6996355","1887721","4.24",,
"2021-02-12","MCD","McDonald's Corporation","NYSE","5131064","5732849","2548587","2.01",,
"2021-02-12","MCK","McKesson Corporation","NYSE","2204414","1996106","998548","2.21",,
"2021-02-12","MCO","Moody's Corporation","NYSE","1919545","2169807","576473","3.33",,
"2021-02-12","MDLZ","Mondelez International, Inc. C","NNM","10336232","11131166","7103558","1.46",,
"2021-02-12","MDT","Medtronic plc","NYSE","7195383","7353535","4014712","1.79",,
"2021-02-12","MMM","3M Company","NYSE","9155080","7788314","2035964","4.50",,
"2021-02-12","MNST","Monster Beverage Corporation","NNM","4996075","5165434","1272958","3.92",,
"2021-02-12","MO","Altria Group, Inc.","NYSE","14052185","11748824","6961958","2.02",,
"2021-02-12","MPC","MARATHON PETROLEUM CORPORATION","NYSE","29371657","31276775","5081959","5.78",,
"2021-02-12","MPWR","Monolithic Power Systems, Inc.","NNM","867994","618509","1448375","1.00",,
"2021-02-12","MRK","Merck & Co., Inc.","NYSE","18470508","18576792","10648980","1.73",,
"2021-02-12","MRVL","Marvell Technology Group Ltd.","NNM","36515191","36703427","7538203","4.84",,
"2021-02-12","MS","Morgan Stanley","NYSE","24003179","28231078","8247808","2.91",,
"2021-02-12","MSFT","Microsoft Corporation Common S","NNM","40597300","44533174","21302333","1.91",,
"2021-02-12","MSI","Motorola Solutions, Inc. New","NYSE","1713107","1640777","749293","2.29",,
"2021-02-12","MU","Micron Technology, Inc. Common","NNM","19148817","21041745","11731234","1.63",,
"2021-02-12","NEE","Nextra Energy, Inc.","NYSE","23937515","23555376","5276974","4.54",,
"2021-02-12","NEM","Newmont Corporation","NYSE","8039950","8704291","6253447","1.29",,
"2021-02-12","NET","Cloudflare, Inc. Class A commo","NYSE","11091281","10563109","3430047","3.23",,
"2021-02-12","NFLX","Netflix, Inc. Common Stock","NNM","7683688","7299279","3111885","2.47",,
"2021-02-12","NKE","Nike, Inc.","NYSE","11504942","12686026","4455849","2.58",,
"2021-02-12","NOC","Northrop Grumman Corp.","NYSE","6884535","2210244","1171925","5.87",,
"2021-02-12","NOW","SERVICENOW, INC.","NYSE","2918183","2341493","1205032","2.42",,
"2021-02-12","NSC","Norfolk Southern Corp.","NYSE","2101470","2160317","870170","2.42",,
"2021-02-12","NVDA","NVIDIA Corporation Common Stoc","NNM","6520338","6653279","6762112","1.00",,
"2021-02-12","ORCL","Oracle Corp","NYSE","28395211","24454602","7982324","3.56",,
"2021-02-12","ORLY","O'Reilly Automotive, Inc. Comm","NNM","1024842","1124876","628660","1.63",,
"2021-02-12","PANW","PALO ALTO NETWORKS, INC","NYSE","5281343","4609769","1032182","5.12",,
"2021-02-12","PCAR","PACCAR Inc. Common Stock","NNM","3828148","4212998","1776292","2.16",,
"2021-02-12","PEP","PepsiCo, Inc. Common Stock","NNM","9389105","10121658","4134390","2.27",,
"2021-02-12","PFE","Pfizer Inc.","NYSE","63124600","63106660","35074607","1.80",,
"2021-02-12","PG","Procter & Gamble Company","NYSE","14843903","13996527","6000944","2.47",,
"2021-02-12","PGR","Progressive Corporation","NYSE","5328561","5228353","3088647","1.73",,
"2021-02-12","PH","Parker-Hannifin Corporation","NYSE","1364838","777743","987693","1.38",,
"2021-02-12","PLD","PROLOGIS, INC.","NYSE","8234489","7815349","1806278","4.56",,
"2021-02-12","PLTR","Palantir Technologies Inc. Cla","NYSE","76970280","61102321","45657929","1.69",,
"2021-02-12","PM","Philip Morris International In","NYSE","10004732","9387552","4359624","2.29",,
"2021-02-12","PNC","PNC Financial Services Group","NYSE","5723437","5234761","1375660","4.16",,
"2021-02-12","PSX","PHILLIPS 66","NYSE","11727279","12164652","2222005","5.28",,
"2021-02-12","PWR","Quanta Services, Inc.","NYSE","1998195","1959014","860794","2.32",,
"2021-02-12","QCOM","QUALCOMM Incorporated Common S","NNM","17227031","13731471","14693410","1.17",,
"2021-02-12","RCL","Royal Caribbean Group","NYSE","11253068","11200564","3042904","3.70",,
"2021-02-12","REGN","Regeneron Pharmaceuticals, Inc","NNM","2111138","1940769","1013852","2.08",,
"2021-02-12","ROST","Ross Stores, Inc. Common Stock","NNM","4572565","4699106","1353222","3.38",,
"2021-02-12","RSG","Republic Services Inc.","NYSE","2223153","2242891","1193641","1.86",,
"2021-02-12","RTX","Raytheon Technologies Corporat","NYSE","12943246","15497857","5974501","2.17",,
"2021-02-12","SBUX","Starbucks Corporation Common S","NNM","10023882","10872882","4911211","2.04",,
"2021-02-12","SCCO","Southern Copper Corporation","NYSE","5321636","5269647","809035","6.58",,
"2021-02-12","SCHW","The Charles Schwab Corporation","NYSE","14911037","14318360","6794618","2.19",,
"2021-02-12","SHW","The Sherwin-Williams Company","NYSE","1087660","1008851","450940","2.41",,
"2021-02-12","SNOW","Snowflake Inc.","NYSE","7979623","7929369","3055074","2.61",,
"2021-02-12","SNPS","Synopsys, Inc. Common Stock","NNM","1697309","1793388","553039","3.07",,
"2021-02-12","SO","The Southern Company","NYSE","8736007","8081475","2927789","2.98",,
"2021-02-12","SPCX","The SPAC and New Issue ETF","ARCA","217806","123448","495157","1.00",,
"2021-02-12","SPG","Simon Property Group, Inc.","NYSE","15769149","16640034","3457121","4.56",,
"2021-02-12","SPGI","S&P Global Inc.","NYSE","9060038","7828842","1704540","5.32",,
"2021-02-12","SYK","Stryker Corporation","NYSE","2720822","2296579","1073854","2.53",,
"2021-02-12","T","AT&T Inc.","NYSE","123905420","113555497","32623227","3.80",,
"2021-02-12","TDG","TransDigm Group Incorporated","NYSE","1905063","1989183","310383","6.14",,
"2021-02-12","TFC","Truist Financial Corporation","NYSE","13013667","9439196","4423497","2.94",,
"2021-02-12","TGT","Target Corporation","NYSE","5261980","5214646","2274265","2.31",,
"2021-02-12","TJX","TJX Companies, Inc. (The)","NYSE","10998978","9832798","5111286","2.15",,
"2021-02-12","TMO","Thermo Fisher Scientific, Inc.","NYSE","2848636","2946556","1546765","1.84",,
"2021-02-12","TMUS","T-Mobile US, Inc. Common Stock","NNM","14018546","12976538","4397877","3.19",,
"2021-02-12","TRV","The Travelers Companies, Inc.","NYSE","5304856","6211262","1132216","4.69",,
"2021-02-12","TSLA","Tesla, Inc. Common Stock","NNM","47692184","52379526","19512569","2.44",,
"2021-02-12","TXN","Texas Instruments Incorporated","NNM","13337344","12047900","3859764","3.46",,
"2021-02-12","UBER","Uber Technologies, Inc.","NYSE","57663661","56059477","20921087","2.76",,
"2021-02-12","UNH","UNITEDHEALTH GROUP INCORPORATE","NYSE","6099148","6544195","3716589","1.64",,
"2021-02-12","UNP","Union Pacific Corp.","NYSE","5309237","5376610","2027062","2.62",,
"2021-02-12","UPS","United Parcel Service, Inc. Cl","NYSE","7401249","7034718","3692008","2.00",,
"2021-02-12","URI","United Rentals, Inc.","NYSE","3451834","3627245","624512","5.53",,
"2021-02-12","USB","U.S. Bancorp","NYSE","14776497","15948295","5075065","2.91",,
"2021-02-12","V","VISA Inc.","NYSE","24916366","27143337","9568826","2.60",,
"2021-02-12","VLO","Valero Energy Corporation","NYSE","9510862","9260741","3426935","2.78",,
"2021-02-12","VRT","Vertiv Holdings Co Class A Com","NYSE","11274388","11858158","2497057","4.52",,
"2021-02-12","VRTX","Vertex Pharmaceuticals Incorpo","NNM","3991947","3472973","2508177","1.59",,
"2021-02-12","VZ","Verizon Communications","NYSE","44193836","41842368","15138102","2.92",,
"2021-02-12","WDC","Western Digital Corporation Co","NNM","6225929","6739056","3526864","1.77",,
"2021-02-12","WELL","Welltower Inc.","NYSE","5693090","5548737","2047862","2.78",,
"2021-02-12","WFC","Wells Fargo & Co.","NYSE","45896921","48054434","23110148","1.99",,
"2021-02-12","WM","Waste Management, Inc.","NYSE","3599765","3362282","1258004","2.86",,
"2021-02-12","WMB","Williams Companies Inc.","NYSE","22835206","20723884","6882768","3.32",,
"2021-02-12","WMT","Walmart Inc.","NYSE","12127671","15041336","5627101","2.16",,
"2021-02-12","XOM","Exxon Mobil Corporation","NYSE","47517238","47018096","26374411","1.80",,
"2023-08-31","AAPL","Apple Inc. Common Stock","NNM","102091714","88851550","53191009","1.92",,"R"
"2023-08-31","ABBV","ABBVIE INC.","NYSE","12454309","13259308","3850511","3.23",,
"2023-08-31","ABNB","Airbnb, Inc. Class A Common St","NNM","19702727","20690596","4105725","4.80",,
"2023-08-31","ABT","Abbott Laboratories","NYSE","11474730","12765176","4077703","2.81",,
"2023-08-31","ADBE","Adobe Inc. Common Stock","NNM","4247214","3999039","2267513","1.87",,
"2023-08-31","ADI","Analog Devices, Inc. Common St","NNM","6074468","5176756","4105148","1.48",,
"2023-08-31","ADP","Automatic Data Processing, Inc","NNM","3994866","4429134","1323965","3.02",,
"2023-08-31","AEP","American Electric Power Compan","NNM","5253022","9779529","2540729","2.07",,
"2023-08-31","AFL","Aflac Inc.","NYSE","12788636","12315808","1947028","6.57",,
"2023-08-31","AJG","Arthur J. Gallagher & Co.","NYSE","2439067","1592975","632709","3.85",,
"2023-08-31","ALL","The Allstate Corporation","NYSE","3219186","3088594","1458938","2.21",,
"2023-08-31","AMAT","Applied Materials, Inc. Common","NNM","19498425","19271509","5978496","3.26",,
"2023-08-31","AMD","Advanced Micro Devices, Inc. C","NNM","28178520","28838816","60706874","1.00",,"R"
"2023-08-31","AMGN","Amgen Inc. Common Stock","NNM","6199626","7027270","2060894","3.01",,
"2023-08-31","AMT","American Tower Corporation","NYSE","4770581","4943227","1667121","2.86",,
"2023-08-31","AMZN","Amazon.com, Inc. Common Stock","NNM","73378523","76429380","42540535","1.72",,"R"
"2023-08-31","ANET","Arista Networks","NYSE","3563880","3093866","2601109","1.37",,
"2023-08-31","AON","Aon plc Class A","NYSE","1601952","1807336","651353","2.46",,
"2023-08-31","APD","Air Products & Chemicals, Inc.","NYSE","1826904","1938747","524581","3.48",,
"2023-08-31","APH","Amphenol Corporation","NYSE","4239924","5473771","1625070","2.61",,
"2023-08-31","APO","Apollo Global Management, Inc.","NYSE","13157195","12690060","1928718","6.82",,
"2023-08-31","APP","Applovin Corporation Class A C","NNM","18491800","16767624","2412081","7.67",,"R"
"2023-08-31","AVGO","Broadcom Inc. Common Stock","NNM","5944819","4776592","2443370","2.43",,
"2023-08-31","AXP","American Express Company","NYSE","6760424","6763512","2482851","2.72",,
"2023-08-31","BA","Boeing Company","NYSE","7404551","7631463","4924448","1.50",,
"2023-08-31","BAC","Bank of America Corporation","NYSE","52279225","53269857","36115475","1.45",,
"2023-08-31","BKNG","Booking Holdings Inc. Common S","NNM","732188","713132","218611","3.35",,
"2023-08-31","BLK","Blackrock, Inc.","NYSE","2482792","2383962","439806","5.65",,
"2023-08-31","BMY","Bristol-Myers Squibb Co.","NYSE","43763177","53506533","9812424","4.46",,
"2023-08-31","BNY","BlackRock New York Municipal I","NYSE","4527","12851","29373","1.00",,
"2023-08-31","BRKA","Berkshire Hathaway Inc.","NYSE","629","663","7321","1.00",,
"2023-08-31","BRKB","BERKSHIRE HATHAWAY Class B","NYSE","7684027","7792882","2471563","3.11",,
"2023-08-31","BSX","Boston Scientific Corp.","NYSE","12223797","8718860","8826166","1.38",,
"2023-08-31","BX","Blackstone Inc.","NYSE","17890324","19169838","2435979","7.34",,
"2023-08-31","C","Citigroup Inc.","NYSE","23850493","24259086","15834692","1.51",,
"2023-08-31","CAT","Caterpillar Inc.","NYSE","6682372","6926526","1983872","3.37",,
"2023-08-31","CDNS","Cadence Design Systems, Inc. C","NNM","2353794","2433050","1218224","1.93",,
"2023-08-31","CEG","Constellation Energy Corporati","NNM","7000370","7011486","1462755","4.79",,
"2023-08-31","CI","The Cigna Group","NYSE","2714381","3060273","1494753","1.82",,
"2023-08-31","CL","Colgate-Palmolive Company","NYSE","9853514","9770780","3289869","3.00",,
"2023-08-31","CMCSA","Comcast Corporation Class A Co","NNM","44123401","38135571","14709361","3.00",,
"2023-08-31","CME","CME Group Inc. Class A Common","NNM","3787254","4024015","1337619","2.83",,
"2023-08-31","CMI","Cummins Inc.","NYSE","1819310","1951020","679465","2.68",,
"2023-08-31","COF","Capital One Financial","NYSE","7785551","6874756","1779270","4.38",,
"2023-08-31","COP","ConocoPhillips","NYSE","11903191","11919660","3517609","3.38",,"R"
"2023-08-31","COST","Costco Wholesale Corporation C","NNM","4128388","4036690","1546694","2.67",,
"2023-08-31","CRM","Salesforce, Inc.","NYSE","7515777","7280740","5690032","1.32",,
"2023-08-31","CRWD","CrowdStrike Holdings, Inc. Cla","NNM","6277667","6103822","4296407","1.46",,"R"
"2023-08-31","CSCO","Cisco Systems, Inc. Common Sto","NNM","60493301","59940490","21015233","2.88",,
"2023-08-31","CSX","CSX Corporation Common Stock","NNM","18005180","15447292","10552610","1.71",,
"2023-08-31","CTAS","Cintas Corporation Common Stoc","NNM","1134830","993746","325192","3.49",,
"2023-08-31","CVNA","Carvana Co.","NYSE","33988741","34753442","9254980","3.67",,
"2023-08-31","CVS","CVS HEALTH CORPORATION","NYSE","15869103","18386183","10854582","1.46",,
"2023-08-31","CVX","Chevron Corporation","NYSE","15438925","14023586","6135879","2.52",,
"2023-08-31","D","Dominion Energy, Inc Common St","NYSE","5788143","5755153","3747644","1.54",,
"2023-08-31","DASH","DoorDash, Inc.","NYSE","13786105","13048646","3100257","4.45",,
"2023-08-31","DDOG","Datadog, Inc. Class A Common S","NNM","13529899","10669675","3765928","3.59",,
"2023-08-31","DE","Deere & Company","NYSE","2279018","2123445","1915244","1.19",,
"2023-08-31","DELL","Dell Technologies Inc.","NYSE","6485647","6829093","3768692","1.72",,
"2023-08-31","DHR","Danaher Corporation","NYSE","6331543","4897318","1929397","3.28",,
"2023-08-31","DIS","The Walt Disney Company","NYSE","20052968","20373078","13051127","1.54",,
"2023-08-31","DLR","Digital Realty Trust, Inc.","NYSE","15949698","16731097","2045618","7.80",,
"2023-08-31","DUK","Duke Energy Corporation","NYSE","8369615","8376283","2565498","3.26",,
"2023-08-31","ECL","Ecolab, Inc.","NYSE","1738175","1906467","867023","2.00",,
"2023-08-31","ELV","Elevance Health, Inc.","NYSE","1391438","1615532","876890","1.59",,
"2023-08-31","EMR","Emerson Electric Co.","NYSE","6814067","5923411","2470458","2.76",,
"2023-08-31","EOG","EOG Resources, Inc.","NYSE","6884826","8033207","2047672","3.36",,
"2023-08-31","EPD","Enterprise Products Partners L","NYSE","15322517","16564771","2970743","5.16",,
"2023-08-31","EQIX","Equinix, Inc. Common Stock REI","NNM","1641328","1548239","335507","4.89",,
"2023-08-31","FCX","Freeport-McMoran Inc.","NYSE","15600837","14219633","9107838","1.71",,
"2023-08-31","FDX","FedEx Corporation","NYSE","2613904","3214865","1626016","1.61",,
"2023-08-31","FTNT","Fortinet, Inc. Common Stock","NNM","9864001","10396881","5092080","1.94",,
"2023-08-31","GD","General Dynamics Corporation","NYSE","2613804","2924957","790561","3.31",,
"2023-08-31","GE","General Electric Company","NYSE","12996974","12794806","3680685","3.53",,
"2023-08-31","GILD","Gilead Sciences, Inc. Common S","NNM","18250145","19632045","5385033","3.39",,
"2023-08-31","GLW","Corning Incorporated","NYSE","7898825","8978453","2563869","3.08",,
"2023-08-31","GM","General Motors Company","NYSE","34411381","31388625","10273160","3.35",,
"2023-08-31","GOOG","Alphabet Inc. Class C Capital","NNM","31117001","28469731","22101819","1.41",,
"2023-08-31","GOOGL","Alphabet Inc. Class A Common S","NNM","49039430","46172283","28430529","1.72",,"R"
"2023-08-31","GS","Goldman Sachs Group Inc.","NYSE","3245282","3132218","1787422","1.82",,
"2023-08-31","GWW","W.W. Grainger, Inc.","NYSE","1093613","1115909","201382","5.43",,
"2023-08-31","HCA","HCA Healthcare, Inc.","NYSE","2416491","2275185","954019","2.53",,
"2023-08-31","HD","Home Depot, Inc.","NYSE","9426437","9887403","2861530","3.29",,
"2023-08-31","HLT","Hilton Worldwide Holdings Inc.","NYSE","4854630","4031205","1458501","3.33",,
"2023-08-31","HON","Honeywell International Inc. C","NNM","5507523","5516145","2121447","2.60",,
"2023-08-31","HOOD","Robinhood Markets, Inc. Class","NNM","20877250","19437820","8251955","2.53",,
"2023-08-31","HPE","Hewlett Packard Enterprise Com","NYSE","30796135","34319669","11099901","2.77",,
"2023-08-31","HWM","Howmet Aerospace Inc.","NYSE","3880334","3810301","2169685","1.79",,
"2023-08-31","IBKR","Interactive Brokers Group, Inc","NNM","2411096","2186792","749915","3.22",,
"2023-08-31","IBM","International Business Machine","NYSE","27543140","27890947","3252390","8.47",,
"2023-08-31","ICE","Intercontinental Exchange  Inc","NYSE","4837076","4602453","2237352","2.16",,
"2023-08-31","INTC","Intel Corporation Common Stock","NNM","61560688","59030502","32436736","1.90",,
"2023-08-31","INTU","Intuit Inc. Common Stock","NNM","3442344","3420089","1459337","2.36",,
"2023-08-31","ISRG","Intuitive Surgical, Inc. Commo","NNM","2991042","2570495","1785636","1.68",,
"2023-08-31","ITW","Illinois Tool Works Inc.","NYSE","6603508","6435938","741694","8.90",,
"2023-08-31","JNJ","Johnson & Johnson","NYSE","32863484","85504087","56514649","1.00",,
"2023-08-31","JPM","JPMorgan Chase & Co.","NYSE","18565057","19160544","7765717","2.39",,"R"
"2023-08-31","KKR","KKR & Co. Inc.","NYSE","16207033","13576911","3452175","4.69",,
"2023-08-31","KLAC","KLA Corporation Common Stock","NNM","2242660","1894232","827460","2.71",,
"2023-08-31","KMI","Kinder Morgan, Inc.","NYSE","35030875","37916311","10365620","3.38",,
"2023-08-31","KO","Coca-Cola Company","NYSE","22869361","21001942","9439943","2.42",,
"2023-08-31","LIN","Linde plc Ordinary Share","NYSE","2966070","3197915","1005483","2.95",,
"2023-08-31","LLY","Eli Lilly & Co.","NYSE","5617552","5185112","2200262","2.55",,
"2023-08-31","LMT","Lockheed Martin Corp.","NYSE","1351106","1579046","808551","1.67",,
"2023-08-31","LOW","Lowe's Companies Inc.","NYSE","9234135","8995479","2360437","3.91",,
"2023-08-31","LRCX","Lam Research Corporation Commo","NNM","2792430","2796137","921054","3.03",,
"2023-08-31","MA","Mastercard Incorporated","NYSE","4342817","4111700","2135390","2.03",,
"2023-08-31","MAR","Marriott International Class A","NNM","7115185","6027800","1764109","4.03",,
"2023-08-31","MCD","McDonald's Corporation","NYSE","6267938","5812365","2452886","2.56",,
"2023-08-31","MCK","McKesson Corporation","NYSE","1638033","1729816","749680","2.18",,
"2023-08-31","MCO","Moody's Corporation","NYSE","1398689","1451336","512262","2.73",,
"2023-08-31","MDLZ","Mondelez International, Inc. C","NNM","14112878","14385235","4840940","2.92",,
"2023-08-31","MDT","Medtronic plc","NYSE","6834703","7227422","5155061","1.33",,"R"
"2023-08-31","META","Meta Platforms, Inc. Class A C","NNM","30312338","26080733","20020590","1.51",,"R"
"2023-08-31","MMM","3M Company","NYSE","11899822","10926110","3650038","3.26",,
"2023-08-31","MNST","Monster Beverage Corporation","NNM","11493736","12319516","3419861","3.36",,
"2023-08-31","MO","Altria Group, Inc.","NYSE","13641318","13332168","6788080","2.01",,
"2023-08-31","MPC","MARATHON PETROLEUM CORPORATION","NYSE","13035017","12287800","3318165","3.93",,
"2023-08-31","MPWR","Monolithic Power Systems, Inc.","NNM","1446370","1509057","532793","2.71",,
"2023-08-31","MRK","Merck & Co., Inc.","NYSE","14640511","14458322","6371876","2.30",,
"2023-08-31","MRVL","Marvell Technology, Inc. Commo","NNM","18830511","19368695","14906197","1.26",,
"2023-08-31","MS","Morgan Stanley","NYSE","19276558","18620518","5920378","3.26",,
"2023-08-31","MSFT","Microsoft Corporation Common S","NNM","38317589","31027905","20686825","1.85",,"R"
"2023-08-31","MSI","Motorola Solutions, Inc. New","NYSE","830008","1141443","660621","1.26",,
"2023-08-31","MU","Micron Technology, Inc. Common","NNM","19082559","19954226","11422621","1.67",,
"2023-08-31","NEE","Nextra Energy, Inc.","NYSE","24460585","21930115","8194089","2.99",,
"2023-08-31","NEM","Newmont Corporation","NYSE","29417402","28148468","6423021","4.58",,
"2023-08-31","NET","Cloudflare, Inc. Class A commo","NYSE","19852282","19551702","2919720","6.80",,
"2023-08-31","NFLX","Netflix, Inc. Common Stock","NNM","8854933","8396539","4623875","1.92",,
"2023-08-31","NKE","Nike, Inc.","NYSE","12949350","16216636","8252149","1.57",,
"2023-08-31","NOC","Northrop Grumman Corp.","NYSE","1271642","1340436","541132","2.35",,
"2023-08-31","NOW","SERVICENOW, INC.","NYSE","2498711","2603041","903662","2.77",,
"2023-08-31","NSC","Norfolk Southern Corp.","NYSE","2633054","2528574","1010465","2.61",,
"2023-08-31","NVDA","NVIDIA Corporation Common Stoc","NNM","26913512","26689477","70822510","1.00",,"R"
"2023-08-31","ORCL","Oracle Corp","NYSE","15449535","13163549","8375753","1.84",,"R"
"2023-08-31","ORLY","O'Reilly Automotive, Inc. Comm","NNM","903803","691810","331722","2.72",,
"2023-08-31","PANW","Palo Alto Networks, Inc. Commo","NNM","20172885","18957944","5667454","3.56",,
"2023-08-31","PCAR","PACCAR Inc. Common Stock","NNM","7125756","6809727","2043049","3.49",,
"2023-08-31","PEP","PepsiCo, Inc. Common Stock","NNM","11208846","10801239","4297175","2.61",,
"2023-08-31","PFE","Pfizer Inc.","NYSE","50456494","52394065","21717638","2.32",,
"2023-08-31","PG","Procter & Gamble Company","NYSE","14871633","14716194","4657640","3.19",,
"2023-08-31","PGR","Progressive Corporation","NYSE","3335684","4376957","2319763","1.44",,
"2023-08-31","PH","Parker-Hannifin Corporation","NYSE","1106540","1184764","542125","2.04",,
"2023-08-31","PLD","PROLOGIS, INC.","NYSE","10638582","10868579","1988783","5.35",,
"2023-08-31","PLTR","Palantir Technologies Inc. Cla","NYSE","155590455","135771339","62513081","2.49",,"R"
"2023-08-31","PM","Philip Morris International In","NYSE","6138554","7240429","2790231","2.20",,
"2023-08-31","PNC","PNC Financial Services Group","NYSE","6067190","6850447","1628103","3.73",,
"2023-08-31","PSX","PHILLIPS 66","NYSE","9596359","9454443","2768957","3.47",,
"2023-08-31","PWR","Quanta Services, Inc.","NYSE","3848271","3842368","588617","6.54",,
"2023-08-31","QCOM","QUALCOMM Incorporated Common S","NNM","10886348","12050903","6503110","1.67",,"R"
"2023-08-31","RCL","Royal Caribbean Group","NYSE","20216045","20298384","2354585","8.59",,
"2023-08-31","REGN","Regeneron Pharmaceuticals, Inc","NNM","1482820","1360156","527468","2.81",,
"2023-08-31","ROST","Ross Stores, Inc. Common Stock","NNM","3073543","3144132","3250913","1.00",,
"2023-08-31","RSG","Republic Services Inc.","NYSE","1579979","1765392","968189","1.63",,
"2023-08-31","RTX","RTX Corporation","NYSE","8709545","10642724","4860349","1.79",,
"2023-08-31","SBUX","Starbucks Corporation Common S","NNM","13304411","12499553","5303192","2.51",,
"2023-08-31","SCCO","Southern Copper Corporation","NYSE","6088493","5391473","976628","6.23",,
"2023-08-31","SCHW","The Charles Schwab Corporation","NYSE","19443845","21184618","8436224","2.30",,
"2023-08-31","SHW","The Sherwin-Williams Company","NYSE","3036009","3132447","1340953","2.26",,
"2023-08-31","SNOW","Snowflake Inc.","NYSE","11031140","10791449","6097620","1.81",,
"2023-08-31","SNPS","Synopsys, Inc. Common Stock","NNM","1206942","966916","782533","1.54",,
"2023-08-31","SO","The Southern Company","NYSE","10811312","10562370","2648345","4.08",,
"2023-08-31","SPCX","The SPAC and New Issue ETF","NNM","8229","8379","1044","7.88",,
"2023-08-31","SPG","Simon Property Group, Inc.","NYSE","4925520","5398938","1322242","3.73",,
"2023-08-31","SPGI","S&P Global Inc.","NYSE","3241998","3752258","929813","3.49",,
"2023-08-31","SYK","Stryker Corporation","NYSE","3225380","2740953","1007233","3.20",,
"2023-08-31","T","AT&T Inc.","NYSE","115112328","118744180","34755515","3.31",,
"2023-08-31","TDG","TransDigm Group Incorporated","NYSE","949342","1031395","189438","5.01",,
"2023-08-31","TFC","Truist Financial Corporation","NYSE","15096171","20419783","9663841","1.56",,
"2023-08-31","TGT","Target Corporation","NYSE","8923120","9983817","7264326","1.23",,
"2023-08-31","TJX","TJX Companies, Inc. (The)","NYSE","8736938","9109892","6381793","1.37",,
"2023-08-31","TMO","Thermo Fisher Scientific, Inc.","NYSE","2609379","2558570","1078416","2.42",,
"2023-08-31","TMUS","T-Mobile US, Inc. Common Stock","NNM","26151581","23187070","4163467","6.28",,
"2023-08-31","TRV","The Travelers Companies, Inc.","NYSE","2520003","2878579","968819","2.60",,
"2023-08-31","TSLA","Tesla, Inc. Common Stock","NNM","82093847","81747332","117966711","1.00",,"R"
"2023-08-31","TXN","Texas Instruments Incorporated","NNM","16949049","15663198","4418074","3.84",,
"2023-08-31","UBER","Uber Technologies, Inc.","NYSE","48211645","43646751","16265655","2.96",,
"2023-08-31","UNH","UNITEDHEALTH GROUP INCORPORATE","NYSE","5203501","6213074","2279769","2.28",,
"2023-08-31","UNP","Union Pacific Corp.","NYSE","4557444","5618550","2009327","2.27",,
"2023-08-31","UPS","United Parcel Service, Inc. Cl","NYSE","8875174","9969053","2762657","3.21",,
"2023-08-31","URI","United Rentals, Inc.","NYSE","2799330","2574287","569344","4.92",,
"2023-08-31","USB","U.S. Bancorp","NYSE","31745523","33133170","9295747","3.42",,
"2023-08-31","V","VISA Inc.","NYSE","31084708","30424312","4170555","7.45",,
"2023-08-31","VLO","Valero Energy Corporation","NYSE","9851130","11122261","3427122","2.87",,
"2023-08-31","VRT","Vertiv Holdings Co Class A Com","NYSE","8804122","7959197","6173544","1.43",,
"2023-08-31","VRTX","Vertex Pharmaceuticals Incorpo","NNM","2921164","2733727","745288","3.92",,
"2023-08-31","VZ","Verizon Communications","NYSE","42561388","45520823","20039838","2.12",,
"2023-08-31","WBD","Warner Bros. Discovery, Inc. S","NNM","91879200","85882508","12103255","7.59",,"R"
"2023-08-31","WDC","Western Digital Corporation Co","NNM","7408726","7205911","2763775","2.68",,
"2023-08-31","WELL","Welltower Inc.","NYSE","12459345","13080875","1784349","6.98",,
"2023-08-31","WFC","Wells Fargo & Co.","NYSE","31464312","29303426","12784254","2.46",,
"2023-08-31","WM","Waste Management, Inc.","NYSE","4465436","3740181","1221235","3.66",,
"2023-08-31","WMB","Williams Companies Inc.","NYSE","24449596","26449228","5363737","4.56",,
"2023-08-31","WMT","Walmart Inc.","NYSE","14172683","13790121","6570462","2.16",,
"2023-08-31","XOM","Exxon Mobil Corporation","NYSE","38314422","34650234","12793683","2.99",,"R"
"2024-02-15","AAPL","Apple Inc. Common Stock","NNM","97665956","99244672","57368134","1.70",,
"2024-02-15","ABBV","ABBVIE INC.","NYSE","14748988","13718240","5562138","2.65",,
"2024-02-15","ABNB","Airbnb, Inc. Class A Common St","NNM","19132592","18692352","6690267","2.86",,
"2024-02-15","ABT","Abbott Laboratories","NYSE","14286569","12703258","5284044","2.70",,
"2024-02-15","ADBE","Adobe Inc. Common Stock","NNM","4987936","5303167","2386706","2.09",,
"2024-02-15","ADI","Analog Devices, Inc. Common St","NNM","6629253","6863718","3747367","1.77",,
"2024-02-15","ADP","Automatic Data Processing, Inc","NNM","4714337","3873841","1544965","3.05",,
"2024-02-15","AEP","American Electric Power Compan","NNM","8638043","7861269","3671265","2.35",,
"2024-02-15","AFL","Aflac Inc.","NYSE","9273895","10188594","3297519","2.81",,
"2024-02-15","AJG","Arthur J. Gallagher & Co.","NYSE","1928882","1806899","947351","2.04",,
"2024-02-15","ALL","The Allstate Corporation","NYSE","2417050","1967532","1583884","1.53",,
"2024-02-15","AMAT","Applied Materials, Inc. Common","NNM","12306769","16775341","6740140","1.83",,
"2024-02-15","AMD","Advanced Micro Devices, Inc. C","NNM","38531570","39854821","63491148","1.00",,
"2024-02-15","AMGN","Amgen Inc. Common Stock","NNM","11091634","9295065","4105220","2.70",,
"2024-02-15","AMT","American Tower Corporation","NYSE","5841258","5268378","2306725","2.53",,
"2024-02-15","AMZN","Amazon.com, Inc. Common Stock","NNM","67064644","75175053","57326374","1.17",,
"2024-02-15","ANET","Arista Networks","NYSE","3605854","3645520","3667759","1.00",,
"2024-02-15","AON","Aon plc Class A","NYSE","1824337","1822629","1256342","1.45",,
"2024-02-15","APD","Air Products & Chemicals, Inc.","NYSE","2759856","2382576","3162809","1.00",,
"2024-02-15","APH","Amphenol Corporation","NYSE","7363234","7016632","2254273","3.27",,
"2024-02-15","APO","Apollo Global Management, Inc.","NYSE","16338431","15903507","2884868","5.66",,
"2024-02-15","APP","Applovin Corporation Class A C","NNM","17074743","15832197","4857372","3.52",,
"2024-02-15","AVGO","Broadcom Inc. Common Stock","NNM","5093939","5163179","2515965","2.02",,
"2024-02-15","AXP","American Express Company","NYSE","8987663","8073441","3436894","2.62",,
"2024-02-15","BA","Boeing Company","NYSE","8628091","9706750","6839736","1.26",,
"2024-02-15","BAC","Bank of America Corporation","NYSE","67560575","62534340","38039560","1.78",,
"2024-02-15","BKNG","Booking Holdings Inc. Common S","NNM","741633","685311","268909","2.76",,
"2024-02-15","BLK","Blackrock, Inc.","NYSE","1351058","1745713","559355","2.42",,
"2024-02-15","BMY","Bristol-Myers Squibb Co.","NYSE","31494336","31094351","17154565","1.84",,
"2024-02-15","BNY","BlackRock New York Municipal I","NYSE","14005","10259","71761","1.00",,
"2024-02-15","BRKA","Berkshire Hathaway Inc.","NYSE","244","371","11126","1.00",,
"2024-02-15","BRKB","BERKSHIRE HATHAWAY Class B","NYSE","8299570","8118958","3119322","2.66",,
"2024-02-15","BSX","Boston Scientific Corp.","NYSE","11025077","10866334","7063063","1.56",,
"2024-02-15","BX","Blackstone Inc.","NYSE","23727365","24175034","3800626","6.24",,
"2024-02-15","C","Citigroup Inc.","NYSE","26441463","24389871","16272195","1.62",,
"2024-02-15","CAT","Caterpillar Inc.","NYSE","15391935","7914017","3173721","4.85",,
"2024-02-15","CCZ","Comcast Holdings Corp. 2.0% Ex","NYSE","26","41","25","1.04",,
"2024-02-15","CDNS","Cadence Design Systems, Inc. C","NNM","2530001","2727357","1790594","1.41",,
"2024-02-15","CEG","Constellation Energy Corporati","NNM","5172165","4796728","1807012","2.86",,
"2024-02-15","CI","The Cigna Group","NYSE","7261584","3108413","1835438","3.96",,
"2024-02-15","CL","Colgate-Palmolive Company","NYSE","11132269","10087059","5683332","1.96",,
"2024-02-15","CMCSA","Comcast Corporation Class A Co","NNM","51146097","40855298","24484047","2.09",,
"2024-02-15","CME","CME Group Inc. Class A Common","NNM","3025639","3437477","1810937","1.67",,
"2024-02-15","CMI","Cummins Inc.","NYSE","3231342","1983145","1563507","2.07",,
"2024-02-15","COF","Capital One Financial","NYSE","6184220","6008005","1667673","3.71",,
"2024-02-15","COP","ConocoPhillips","NYSE","12329179","11959551","6158863","2.00",,
"2024-02-15","COST","Costco Wholesale Corporation C","NNM","6321911","5732801","1837275","3.44",,
"2024-02-15","CRM","Salesforce, Inc.","NYSE","7790059","8719431","4123710","1.89",,
"2024-02-15","CRWD","CrowdStrike Holdings, Inc. Cla","NNM","6082902","6158386","2907388","2.09",,
"2024-02-15","CSCO","Cisco Systems, Inc. Common Sto","NNM","46951245","43564722","23055431","2.04",,
"2024-02-15","CSX","CSX Corporation Common Stock","NNM","20748864","19616880","10331780","2.01",,
"2024-02-15","CTAS","Cintas Corporation Common Stoc","NNM","1346443","1360421","339402","3.97",,
"2024-02-15","CVNA","Carvana Co.","NYSE","33330980","33476309","6684675","4.99",,
"2024-02-15","CVS","CVS HEALTH CORPORATION","NYSE","30761242","36792776","12366321","2.49",,
"2024-02-15","CVX","Chevron Corporation","NYSE","53048146","48884803","8071204","6.57",,
"2024-02-15","D","Dominion Energy, Inc Common St","NYSE","11939623","11975260","3935107","3.03",,
"2024-02-15","DASH","DoorDash, Inc. Class A Common","NNM","12674082","14754242","3982267","3.18",,
"2024-02-15","DDOG","Datadog, Inc. Class A Common S","NNM","11773942","9850184","6505825","1.81",,
"2024-02-15","DE","Deere & Company","NYSE","2697901","2567340","2009410","1.34",,
"2024-02-15","DELL","Dell Technologies Inc.","NYSE","9842149","8400837","3164514","3.11",,
"2024-02-15","DHR","Danaher Corporation","NYSE","5802614","6114077","2445951","2.37",,
"2024-02-15","DIS","The Walt Disney Company","NYSE","17682879","18474514","18756689","1.00",,
"2024-02-15","DLR","Digital Realty Trust, Inc.","NYSE","11501797","12009014","1975873","5.82",,
"2024-02-15","DUK","Duke Energy Corporation","NYSE","10515205","9419672","3331277","3.16",,
"2024-02-15","ECL","Ecolab, Inc.","NYSE","2369659","1939260","1513570","1.57",,
"2024-02-15","ELV","Elevance Health, Inc.","NYSE","1764741","2113748","851610","2.07",,
"2024-02-15","EMR","Emerson Electric Co.","NYSE","6811932","5221117","4097713","1.66",,
"2024-02-15","EOG","EOG Resources, Inc.","NYSE","6869016","6710102","3098651","2.22",,
"2024-02-15","EPD","Enterprise Products Partners L","NYSE","19679311","17329258","5873620","3.35",,
"2024-02-15","EQIX","Equinix, Inc. Common Stock REI","NNM","1163928","1352114","467739","2.49",,
"2024-02-15","FCX","Freeport-McMoran Inc.","NYSE","14013164","14330258","12751203","1.10",,
"2024-02-15","FDX","FedEx Corporation","NYSE","3712103","3091057","2065180","1.80",,
"2024-02-15","FTNT","Fortinet, Inc. Common Stock","NNM","11019908","11400680","8850198","1.25",,
"2024-02-15","GD","General Dynamics Corporation","NYSE","2030952","2001427","1123416","1.81",,
"2024-02-15","GE","General Electric Company","NYSE","9109361","8300499","5459888","1.67",,
"2024-02-15","GILD","Gilead Sciences, Inc. Common S","NNM","19880222","15662309","8187733","2.43",,
"2024-02-15","GLW","Corning Incorporated","NYSE","10718269","8719066","4410789","2.43",,
"2024-02-15","GM","General Motors Company","NYSE","96426733","99172998","17386917","5.55",,
"2024-02-15","GOOG","Alphabet Inc. Class C Capital","NNM","34869255","37123330","23124250","1.51",,
"2024-02-15","GOOGL","Alphabet Inc. Class A Common S","NNM","49727569","49012364","31912981","1.56",,
"2024-02-15","GS","Goldman Sachs Group Inc.","NYSE","3974914","4019572","2184748","1.82",,
"2024-02-15","GWW","W.W. Grainger, Inc.","NYSE","1317887","1232752","270381","4.87",,
"2024-02-15","HCA","HCA Healthcare, Inc.","NYSE","2856963","2241860","1076740","2.65",,
"2024-02-15","HD","Home Depot, Inc.","NYSE","10924942","10427123","2809869","3.89",,
"2024-02-15","HLT","Hilton Worldwide Holdings Inc.","NYSE","2824667","2556253","1700475","1.66",,
"2024-02-15","HON","Honeywell International Inc. C","NNM","7158788","5956383","3701736","1.93",,
"2024-02-15","HOOD","Robinhood Markets, Inc. Class","NNM","36187190","31322234","19008060","1.90",,
"2024-02-15","HPE","Hewlett Packard Enterprise Com","NYSE","30623487","27866251","8434475","3.63",,
"2024-02-15","HWM","Howmet Aerospace Inc.","NYSE","4650404","4818601","3119827","1.49",,
"2024-02-15","IBKR","Interactive Brokers Group, Inc","NNM","2481774","2780571","1271886","1.95",,
"2024-02-15","IBM","International Business Machine","NYSE","21614639","23507523","4401076","4.91",,
"2024-02-15","ICE","Intercontinental Exchange  Inc","NYSE","4892207","4914872","2779164","1.76",,
"2024-02-15","INTC","Intel Corporation Common Stock","NNM","66854701","59398958","39867046","1.68",,
"2024-02-15","INTU","Intuit Inc. Common Stock","NNM","3390856","3789285","1166563","2.91",,
"2024-02-15","ISRG","Intuitive Surgical, Inc. Commo","NNM","3263457","2966114","1415483","2.31",,
"2024-02-15","ITW","Illinois Tool Works Inc.","NYSE","7202917","7714909","1175926","6.13",,
"2024-02-15","JNJ","Johnson & Johnson","NYSE","10964520","12302412","8319889","1.32",,
"2024-02-15","JPM","JPMorgan Chase & Co.","NYSE","19564313","17568241","7713452","2.54",,
"2024-02-15","KKR","KKR & Co. Inc.","NYSE","6536405","5676711","5148791","1.27",,
"2024-02-15","KLAC","KLA Corporation Common Stock","NNM","1751731","1416523","1021610","1.71",,
"2024-02-15","KMI","Kinder Morgan, Inc.","NYSE","28665387","31538083","15096245","1.90",,
"2024-02-15","KO","Coca-Cola Company","NYSE","23093546","22609034","14963927","1.54",,
"2024-02-15","LIN","Linde plc Ordinary Shares","NNM","3313206","2850931","1905996","1.74",,
"2024-02-15","LLY","Eli Lilly & Co.","NYSE","5152918","4412216","4207134","1.22",,
"2024-02-15","LMT","Lockheed Martin Corp.","NYSE","1931287","1567955","1211255","1.59",,
"2024-02-15","LOW","Lowe's Companies Inc.","NYSE","7988581","8125755","2560742","3.12",,
"2024-02-15","LRCX","Lam Research Corporation Commo","NNM","2606014","2415252","1035401","2.52",,
"2024-02-15","MA","Mastercard Incorporated","NYSE","4519284","4910118","2320420","1.95",,
"2024-02-15","MAR","Marriott International Class A","NNM","4757070","5351304","1542688","3.08",,
"2024-02-15","MCD","McDonald's Corporation","NYSE","7493838","7982776","3857692","1.94",,
"2024-02-15","MCK","McKesson Corporation","NYSE","1721386","1565836","971384","1.77",,
"2024-02-15","MCO","Moody's Corporation","NYSE","1166162","1416756","965242","1.21",,
"2024-02-15","MDLZ","Mondelez International, Inc. C","NNM","15925793","16951689","7107781","2.24",,
"2024-02-15","MDT","Medtronic plc","NYSE","9814141","10873780","5538098","1.77",,
"2024-02-15","META","Meta Platforms, Inc. Class A C","NNM","29870273","27886233","28575008","1.05",,
"2024-02-15","MMM","3M Company","NYSE","6075186","6597979","4015011","1.51",,
"2024-02-15","MNST","Monster Beverage Corporation","NNM","13324573","11222168","4877460","2.73",,
"2024-02-15","MO","Altria Group, Inc.","NYSE","14607254","16450472","10061645","1.45",,
"2024-02-15","MPC","MARATHON PETROLEUM CORPORATION","NYSE","7190336","8080421","2490029","2.89",,
"2024-02-15","MPWR","Monolithic Power Systems, Inc.","NNM","948005","1068585","694314","1.37",,
"2024-02-15","MRK","Merck & Co., Inc.","NYSE","16818374","17017794","7441783","2.26",,
"2024-02-15","MRVL","Marvell Technology, Inc. Commo","NNM","22459961","23722780","13045381","1.72",,
"2024-02-15","MS","Morgan Stanley","NYSE","14588801","16886753","7386159","1.98",,
"2024-02-15","MSFT","Microsoft Corporation Common S","NNM","42451775","49875453","23425019","1.81",,
"2024-02-15","MSI","Motorola Solutions, Inc. New","NYSE","1203254","1231969","731269","1.65",,
"2024-02-15","MU","Micron Technology, Inc. Common","NNM","20431231","22095005","12512319","1.63",,
"2024-02-15","NEE","Nextra Energy, Inc.","NYSE","23766467","17736597","10294729","2.31",,
"2024-02-15","NEM","Newmont Corporation","NYSE","17962228","18966948","11156382","1.61",,
"2024-02-15","NET","Cloudflare, Inc. Class A commo","NYSE","12014221","15197502","8733020","1.38",,
"2024-02-15","NFLX","Netflix, Inc. Common Stock","NNM","8077812","9930662","3839483","2.10",,
"2024-02-15","NKE","Nike, Inc.","NYSE","15529144","13799637","7814379","1.99",,
"2024-02-15","NOC","Northrop Grumman Corp.","NYSE","3183236","3069623","1085757","2.93",,
"2024-02-15","NOW","SERVICENOW, INC.","NYSE","3253054","3068245","1055609","3.08",,
"2024-02-15","NSC","Norfolk Southern Corp.","NYSE","2347005","2069799","1502984","1.56",,
"2024-02-15","NVDA","NVIDIA Corporation Common Stoc","NNM","28139408","27251889","51435855","1.00",,
"2024-02-15","ORCL","Oracle Corp","NYSE","14177574","14310589","6641038","2.13",,
"2024-02-15","ORLY","O'Reilly Automotive, Inc. Comm","NNM","941728","1208759","447309","2.11",,
"2024-02-15","PANW","Palo Alto Networks, Inc. Commo","NNM","12931610","13435289","3571283","3.62",,
"2024-02-15","PCAR","PACCAR Inc. Common Stock","NNM","5547581","5415752","1885529","2.94",,
"2024-02-15","PEP","PepsiCo, Inc. Common Stock","NNM","14368324","14311238","6634899","2.17",,
"2024-02-15","PFE","Pfizer Inc.","NYSE","60680875","60186221","39074224","1.55",,
"2024-02-15","PG","Procter & Gamble Company","NYSE","17392929","16117812","6497427","2.68",,
"2024-02-15","PGR","Progressive Corporation","NYSE","4571632","3830936","2156522","2.12",,
"2024-02-15","PH","Parker-Hannifin Corporation","NYSE","1020125","866158","775024","1.32",,
"2024-02-15","PLD","PROLOGIS, INC.","NYSE","10137678","9582096","3687304","2.75",,
"2024-02-15","PLTR","Palantir Technologies Inc. Cla","NYSE","102416387","114722733","152907245","1.00",,
"2024-02-15","PM","Philip Morris International In","NYSE","6549177","6669634","5747002","1.14",,
"2024-02-15","PNC","PNC Financial Services Group","NYSE","5066587","6062409","2496759","2.03",,
"2024-02-15","PSX","PHILLIPS 66","NYSE","9299835","9371171","3400861","2.73",,
"2024-02-15","PWR","Quanta Services, Inc.","NYSE","3387908","3605097","884888","3.83",,
"2024-02-15","QCOM","QUALCOMM Incorporated Common S","NNM","18668942","14932176","10503179","1.78",,
"2024-02-15","RCL","Royal Caribbean Group","NYSE","15086578","16194974","3675172","4.10",,
"2024-02-15","REGN","Regeneron Pharmaceuticals, Inc","NNM","1370426","1250252","521056","2.63",,
"2024-02-15","ROST","Ross Stores, Inc. Common Stock","NNM","3894607","3487745","1761420","2.21",,
"2024-02-15","RSG","Republic Services Inc.","NYSE","2710528","2475183","1225671","2.21",,
"2024-02-15","RTX","RTX Corporation","NYSE","47145676","52131035","6510687","7.24",,
"2024-02-15","SBUX","Starbucks Corporation Common S","NNM","14382742","13754721","9449391","1.52",,
"2024-02-15","SCCO","Southern Copper Corporation","NYSE","5133886","5697079","938786","5.47",,
"2024-02-15","SCHW","The Charles Schwab Corporation","NYSE","15491020","17978181","7490999","2.07",,
"2024-02-15","SHW","The Sherwin-Williams Company","NYSE","2652814","2431272","1336844","1.98",,
"2024-02-15","SNOW","Snowflake Inc.","NYSE","10361998","10903882","5616649","1.84",,
"2024-02-15","SNPS","Synopsys, Inc. Common Stock","NNM","3316003","2997382","1109181","2.99",,
"2024-02-15","SO","The Southern Company","NYSE","13307038","12512773","5029439","2.65",,
"2024-02-15","SPCX","The SPAC and New Issue ETF","NNM","8321","8336","1582","5.26",,
"2024-02-15","SPG","Simon Property Group, Inc.","NYSE","4082582","4508676","1909981","2.14",,
"2024-02-15","SPGI","S&P Global Inc.","NYSE","3038275","2412702","1708879","1.78",,
"2024-02-15","SYK","Stryker Corporation","NYSE","3770968","4175654","1409442","2.68",,
"2024-02-15","T","AT&T Inc.","NYSE","94291995","96816868","38245794","2.47",,
"2024-02-15","TDG","TransDigm Group Incorporated","NYSE","1162848","1133495","270113","4.31",,
"2024-02-15","TFC","Truist Financial Corporation","NYSE","14796479","14699458","10957999","1.35",,
"2024-02-15","TGT","Target Corporation","NYSE","7021253","7227911","3366224","2.09",,
"2024-02-15","TJX","TJX Companies, Inc. (The)","NYSE","12458325","10850281","4605204","2.71",,
"2024-02-15","TMO","Thermo Fisher Scientific, Inc.","NYSE","2905352","2876410","1430201","2.03",,
"2024-02-15","TMUS","T-Mobile US, Inc. Common Stock","NNM","27109486","27805490","4020977","6.74",,
"2024-02-15","TRV","The Travelers Companies, Inc.","NYSE","3507732","3477179","1659476","2.11",,
"2024-02-15","TSLA","Tesla, Inc. Common Stock","NNM","88650365","90710966","101539880","1.00",,
"2024-02-15","TXN","Texas Instruments Incorporated","NNM","14718669","15086410","4442940","3.31",,
"2024-02-15","UBER","Uber Technologies, Inc.","NYSE","54704086","60097043","30025854","1.82",,
"2024-02-15","UNH","UNITEDHEALTH GROUP INCORPORATE","NYSE","6337428","6249377","3222510","1.97",,
"2024-02-15","UNP","Union Pacific Corp.","NYSE","4978108","4980400","2286003","2.18",,
"2024-02-15","UPS","United Parcel Service, Inc. Cl","NYSE","10672914","11848318","4363268","2.45",,
"2024-02-15","URI","United Rentals, Inc.","NYSE","3189455","3260788","533061","5.98",,
"2024-02-15","USB","U.S. Bancorp","NYSE","18298324","21338914","9800283","1.87",,
"2024-02-15","V","VISA Inc.","NYSE","34179648","33768189","4970366","6.88",,
"2024-02-15","VLO","Valero Energy Corporation","NYSE","8929467","9405510","3721060","2.40",,
"2024-02-15","VRT","Vertiv Holdings Co Class A Com","NYSE","7678331","11339412","8410861","1.00",,
"2024-02-15","VRTX","Vertex Pharmaceuticals Incorpo","NNM","4125445","3307184","1773874","2.33",,
"2024-02-15","VZ","Verizon Communications","NYSE","54409904","50342040","17546609","3.10",,
"2024-02-15","WBD","Warner Bros. Discovery, Inc. S","NNM","83515952","82690116","23726359","3.52",,
"2024-02-15","WDC","Western Digital Corporation Co","NNM","18043263","17488994","5507817","3.28",,
"2024-02-15","WELL","Welltower Inc.","NYSE","5503022","5552273","3109941","1.77",,
"2024-02-15","WFC","Wells Fargo & Co.","NYSE","29399756","30681724","18656204","1.58",,
"2024-02-15","WM","Waste Management, Inc.","NYSE","3920741","3746806","2021207","1.94",,
"2024-02-15","WMB","Williams Companies Inc.","NYSE","18006892","17315630","7491737","2.40",,
"2024-02-15","WMT","Walmart Inc.","NYSE","12691332","11609876","5770941","2.20",,
"2024-02-15","XOM","Exxon Mobil Corporation","NYSE","96245177","93437757","18506415","5.20",,
"2023-07-14","AAPL","Apple Inc. Common Stock","NNM","126626604","117870227","46666581","2.71",,
"2023-07-14","ABBV","ABBVIE INC.","NYSE","9506806","10355023","5328954","1.78",,
"2023-07-14","ABNB","Airbnb, Inc. Class A Common St","NNM","25478670","25683242","5240243","4.86",,
"2023-07-14","ABT","Abbott Laboratories","NYSE","11021024","13218221","4508105","2.44",,
"2023-07-14","ADBE","Adobe Inc. Common Stock","NNM","4501104","4262271","2508709","1.79",,
"2023-07-14","ADI","Analog Devices, Inc. Common St","NNM","5875709","6996405","2887014","2.04",,
"2023-07-14","ADP","Automatic Data Processing, Inc","NNM","5086358","4969329","1363569","3.73",,
"2023-07-14","AEP","American Electric Power Compan","NNM","6635003","6636605","2761463","2.40",,
"2023-07-14","AFL","Aflac Inc.","NYSE","11747167","11458872","2077718","5.65",,
"2023-07-14","AJG","Arthur J. Gallagher & Co.","NYSE","1673092","1648309","658557","2.54",,
"2023-07-14","ALL","The Allstate Corporation","NYSE","3399262","4390630","2146221","1.58",,
"2023-07-14","AMAT","Applied Materials, Inc. Common","NNM","16606657","13147167","5326187","3.12",,
"2023-07-14","AMD","Advanced Micro Devices, Inc. C","NNM","29535487","34627459","52098631","1.00",,
"2023-07-14","AMGN","Amgen Inc. Common Stock","NNM","7176404","6951679","2232902","3.21",,
"2023-07-14","AMT","American Tower Corporation","NYSE","4483387","4545460","1644139","2.73",,
"2023-07-14","AMZN","Amazon.com, Inc. Common Stock","NNM","78540027","76658844","47529059","1.65",,
"2023-07-14","ANET","Arista Networks","NYSE","4262343","4427384","1802920","2.36",,
"2023-07-14","AON","Aon plc Class A","NYSE","1835049","1913763","557602","3.29",,
"2023-07-14","APD","Air Products & Chemicals, Inc.","NYSE","2108158","1571358","820730","2.57",,
"2023-07-14","APH","Amphenol Corporation","NYSE","5247265","5282599","1832387","2.86",,
"2023-07-14","APO","Apollo Global Management, Inc.","NYSE","11686932","11383389","1745681","6.69",,
"2023-07-14","APP","Applovin Corporation Class A C","NNM","15476045","15017213","1752147","8.83",,
"2023-07-14","AVGO","Broadcom Inc. Common Stock","NNM","5009316","4852880","2156560","2.32",,
"2023-07-14","AXP","American Express Company","NYSE","6493978","6837631","2206157","2.94",,
"2023-07-14","BA","Boeing Company","NYSE","7448581","7988435","4590372","1.62",,
"2023-07-14","BAC","Bank of America Corporation","NYSE","70849310","69937736","41351973","1.71",,
"2023-07-14","BKNG","Booking Holdings Inc. Common S","NNM","899294","938184","282582","3.18",,
"2023-07-14","BLK","Blackrock, Inc.","NYSE","2111396","1844932","652970","3.23",,
"2023-07-14","BMY","Bristol-Myers Squibb Co.","NYSE","18210623","17996452","7931505","2.30",,
"2023-07-14","BNY","BlackRock New York Municipal I","NYSE","9892","14258","40273","1.00",,
"2023-07-14","BRKA","Berkshire Hathaway Inc.","NYSE","692","692","7172","1.00",,
"2023-07-14","BRKB","BERKSHIRE HATHAWAY Class B","NYSE","5881549","5634960","2727366","2.16",,
"2023-07-14","BSX","Boston Scientific Corp.","NYSE","7359069","8477724","5430216","1.36",,
"2023-07-14","BX","Blackstone Inc.","NYSE","20609257","19080366","4214859","4.89",,
"2023-07-14","C","Citigroup Inc.","NYSE","33632069","27324810","18206457","1.85",,
"2023-07-14","CAT","Caterpillar Inc.","NYSE","6990312","6773991","2421308","2.89",,
"2023-07-14","CDNS","Cadence Design Systems, Inc. C","NNM","2256023","2083014","1434087","1.57",,
"2023-07-14","CEG","Constellation Energy Corporati","NNM","7121634","7422383","1529806","4.66",,
"2023-07-14","CI","The Cigna Group","NYSE","3086410","3282261","1442967","2.14",,
"2023-07-14","CL","Colgate-Palmolive Company","NYSE","9083631","9502486","4015264","2.26",,
"2023-07-14","CMCSA","Comcast Corporation Class A Co","NNM","35715318","34269088","14512002","2.46",,
"2023-07-14","CME","CME Group Inc. Class A Common","NNM","4253052","3995440","1251619","3.40",,
"2023-07-14","CMI","Cummins Inc.","NYSE","2731945","2695643","853308","3.20",,
"2023-07-14","COF","Capital One Financial","NYSE","7885316","7974208","2023661","3.90",,
"2023-07-14","COP","ConocoPhillips","NYSE","9363604","8722918","5429429","1.72",,
"2023-07-14","COST","Costco Wholesale Corporation C","NNM","4277367","3854161","1736333","2.46",,
"2023-07-14","CRM","Salesforce, Inc.","NYSE","9640665","8719043","5288990","1.82",,
"2023-07-14","CRWD","CrowdStrike Holdings, Inc. Cla","NNM","6691424","6398059","3198417","2.09",,
"2023-07-14","CSCO","Cisco Systems, Inc. Common Sto","NNM","52615066","53194604","16496536","3.19",,
"2023-07-14","CSX","CSX Corporation Common Stock","NNM","16667160","17160489","10664835","1.56",,
"2023-07-14","CTAS","Cintas Corporation Common Stoc","NNM","1201276","1171747","482003","2.49",,
"2023-07-14","CVNA","Carvana Co.","NYSE","39808013","41509946","33517610","1.19",,
"2023-07-14","CVS","CVS HEALTH CORPORATION","NYSE","18897825","17744256","8764452","2.16",,
"2023-07-14","CVX","Chevron Corporation","NYSE","19741863","18915562","6367122","3.10",,
"2023-07-14","D","Dominion Energy, Inc Common St","NYSE","5677763","4769136","3264270","1.74",,
"2023-07-14","DASH","DoorDash, Inc.","NYSE","16643872","16808187","2440931","6.82",,
"2023-07-14","DDOG","Datadog, Inc. Class A Common S","NNM","10502941","11534767","3726743","2.82",,
"2023-07-14","DE","Deere & Company","NYSE","2785878","2734762","1105981","2.52",,
"2023-07-14","DELL","Dell Technologies Inc.","NYSE","6329278","8032983","4087825","1.55",,
"2023-07-14","DHR","Danaher Corporation","NYSE","4080614","3965627","2453412","1.66",,
"2023-07-14","DIS","The Walt Disney Company","NYSE","23452146","20844198","12911967","1.82",,
"2023-07-14","DLR","Digital Realty Trust, Inc.","NYSE","17510886","18023879","2256240","7.76",,
"2023-07-14","DUK","Duke Energy Corporation","NYSE","7919974","8049824","2471219","3.20",,
"2023-07-14","ECL","Ecolab, Inc.","NYSE","2200994","1806522","1047295","2.10",,
"2023-07-14","ELV","Elevance Health, Inc.","NYSE","1666050","1615680","1733019","1.00",,
"2023-07-14","EMR","Emerson Electric Co.","NYSE","5686708","5763805","2269433","2.51",,
"2023-07-14","EOG","EOG Resources, Inc.","NYSE","7961320","6922432","3105505","2.56",,
"2023-07-14","EPD","Enterprise Products Partners L","NYSE","13680277","12284377","3973029","3.44",,
"2023-07-14","EQIX","Equinix, Inc. Common Stock REI","NNM","1513268","1520377","353414","4.28",,
"2023-07-14","FCX","Freeport-McMoran Inc.","NYSE","17446951","17155720","12330675","1.41",,
"2023-07-14","FDX","FedEx Corporation","NYSE","4793936","5170075","1833915","2.61",,
"2023-07-14","FTNT","Fortinet, Inc. Common Stock","NNM","10131827","10686759","4720734","2.15",,
"2023-07-14","GD","General Dynamics Corporation","NYSE","3027318","2589258","1053449","2.87",,
"2023-07-14","GE","General Electric Company","NYSE","13888614","13360711","3599570","3.86",,
"2023-07-14","GILD","Gilead Sciences, Inc. Common S","NNM","17568860","17339929","4872963","3.61",,
"2023-07-14","GLW","Corning Incorporated","NYSE","8814058","10605646","3330565","2.65",,
"2023-07-14","GM","General Motors Company","NYSE","30233577","33372244","11261439","2.68",,
"2023-07-14","GOOG","Alphabet Inc. Class C Capital","NNM","31659735","30364881","21710619","1.46",,
"2023-07-14","GOOGL","Alphabet Inc. Class A Common S","NNM","56817772","51689602","28252855","2.01",,
"2023-07-14","GS","Goldman Sachs Group Inc.","NYSE","2953154","2958860","2292491","1.29",,
"2023-07-14","GWW","W.W. Grainger, Inc.","NYSE","1171998","1102345","286380","4.09",,
"2023-07-14","HCA","HCA Healthcare, Inc.","NYSE","2366417","2077715","1032485","2.29",,
"2023-07-14","HD","Home Depot, Inc.","NYSE","9572877","9984330","3266900","2.93",,
"2023-07-14","HLT","Hilton Worldwide Holdings Inc.","NYSE","4506474","4505965","1838545","2.45",,
"2023-07-14","HON","Honeywell International Inc. C","NNM","5913084","5665661","2352610","2.51",,
"2023-07-14","HOOD","Robinhood Markets, Inc. Class","NNM","23644524","25810590","14800417","1.60",,
"2023-07-14","HPE","Hewlett Packard Enterprise Com","NYSE","28349863","29357753","8778550","3.23",,
"2023-07-14","HWM","Howmet Aerospace Inc.","NYSE","2978421","3879233","2574924","1.16",,
"2023-07-14","IBKR","Interactive Brokers Group, Inc","NNM","1440072","1349071","801353","1.80",,
"2023-07-14","IBM","International Business Machine","NYSE","25605024","26845508","2892623","8.85",,
"2023-07-14","ICE","Intercontinental Exchange  Inc","NYSE","4916268","4953904","2004675","2.45",,
"2023-07-14","INTC","Intel Corporation Common Stock","NNM","63736856","64099398","31993680","1.99",,
"2023-07-14","INTU","Intuit Inc. Common Stock","NNM","4054692","3251467","1381350","2.94",,
"2023-07-14","ISRG","Intuitive Surgical, Inc. Commo","NNM","3151410","2929298","1660723","1.90",,
"2023-07-14","ITW","Illinois Tool Works Inc.","NYSE","6625410","6275529","855308","7.75",,
"2023-07-14","JNJ","Johnson & Johnson","NYSE","12078885","12985336","6185099","1.95",,
"2023-07-14","JPM","JPMorgan Chase & Co.","NYSE","18766194","16536682","11733881","1.60",,
"2023-07-14","KKR","KKR & Co. Inc.","NYSE","11369099","10684561","2766673","4.11",,
"2023-07-14","KLAC","KLA Corporation Common Stock","NNM","2302324","2203376","863255","2.67",,
"2023-07-14","KMI","Kinder Morgan, Inc.","NYSE","40207493","38332762","12883281","3.12",,
"2023-07-14","KO","Coca-Cola Company","NYSE","23058756","19343707","13354059","1.73",,
"2023-07-14","LIN","Linde plc Ordinary Share","NYSE","3312437","2831864","1521231","2.18",,
"2023-07-14","LLY","Eli Lilly & Co.","NYSE","5139181","5236145","2651599","1.94",,
"2023-07-14","LMT","Lockheed Martin Corp.","NYSE","1724744","1738325","731004","2.36",,
"2023-07-14","LOW","Lowe's Companies Inc.","NYSE","9561447","10332712","2240364","4.27",,
"2023-07-14","LRCX","Lam Research Corporation Commo","NNM","3079734","3078037","1053451","2.92",,
"2023-07-14","MA","Mastercard Incorporated","NYSE","4848497","3797051","2195545","2.21",,
"2023-07-14","MAR","Marriott International Class A","NNM","5888299","4743252","1650823","3.57",,
"2023-07-14","MCD","McDonald's Corporation","NYSE","6343183","6518918","1967827","3.22",,
"2023-07-14","MCK","McKesson Corporation","NYSE","1610382","1534275","641343","2.51",,
"2023-07-14","MCO","Moody's Corporation","NYSE","1460911","1679020","685121","2.13",,
"2023-07-14","MDLZ","Mondelez International, Inc. C","NNM","13998678","11939743","6361829","2.20",,
"2023-07-14","MDT","Medtronic plc","NYSE","6615693","7126612","3767858","1.76",,
"2023-07-14","META","Meta Platforms, Inc. Class A C","NNM","28987517","26267461","29983903","1.00",,
"2023-07-14","MMM","3M Company","NYSE","11382546","11197459","3669864","3.10",,
"2023-07-14","MNST","Monster Beverage Corporation","NNM","11436555","11280048","4346115","2.63",,
"2023-07-14","MO","Altria Group, Inc.","NYSE","15684048","13644903","7490186","2.09",,
"2023-07-14","MPC","MARATHON PETROLEUM CORPORATION","NYSE","11052015","10717659","2617748","4.22",,
"2023-07-14","MPWR","Monolithic Power Systems, Inc.","NNM","2015933","2069342","466708","4.32",,
"2023-07-14","MRK","Merck & Co., Inc.","NYSE","17923981","16857440","7184000","2.49",,
"2023-07-14","MRVL","Marvell Technology, Inc. Commo","NNM","18069700","19345583","10036010","1.80",,
"2023-07-14","MS","Morgan Stanley","NYSE","16385860","20139429","7655965","2.14",,
"2023-07-14","MSFT","Microsoft Corporation Common S","NNM","42497800","38002864","24246962","1.75",,
"2023-07-14","MSI","Motorola Solutions, Inc. New","NYSE","1191372","1202265","656822","1.81",,
"2023-07-14","MU","Micron Technology, Inc. Common","NNM","20044107","18736559","14374968","1.39",,
"2023-07-14","NEE","Nextra Energy, Inc.","NYSE","17325774","17590906","6919862","2.50",,
"2023-07-14","NEM","Newmont Corporation","NYSE","24020957","23309480","7270825","3.30",,
"2023-07-14","NET","Cloudflare, Inc. Class A commo","NYSE","17969766","18141740","3835717","4.68",,
"2023-07-14","NFLX","Netflix, Inc. Common Stock","NNM","9055028","8800368","5259731","1.72",,
"2023-07-14","NKE","Nike, Inc.","NYSE","16907912","17043555","7366634","2.30",,
"2023-07-14","NOC","Northrop Grumman Corp.","NYSE","1424159","1229085","543466","2.62",,
"2023-07-14","NOW","SERVICENOW, INC.","NYSE","3123602","3767491","1019472","3.06",,
"2023-07-14","NSC","Norfolk Southern Corp.","NYSE","2436234","2138426","978262","2.49",,
"2023-07-14","NVDA","NVIDIA Corporation Common Stoc","NNM","31386008","26057849","39512853","1.00",,
"2023-07-14","ORCL","Oracle Corp","NYSE","13941151","16359782","7654449","1.82",,
"2023-07-14","ORLY","O'Reilly Automotive, Inc. Comm","NNM","654124","715696","321363","2.04",,
"2023-07-14","PANW","Palo Alto Networks, Inc. Commo","NNM","19616312","22576906","5814217","3.37",,
"2023-07-14","PCAR","PACCAR Inc. Common Stock","NNM","8513604","9262517","2317361","3.67",,
"2023-07-14","PEP","PepsiCo, Inc. Common Stock","NNM","10694444","10388940","5293129","2.02",,
"2023-07-14","PFE","Pfizer Inc.","NYSE","52675910","59505667","20153444","2.61",,
"2023-07-14","PG","Procter & Gamble Company","NYSE","13213972","13168291","6504307","2.03",,
"2023-07-14","PGR","Progressive Corporation","NYSE","3456958","3077976","4218688","1.00",,
"2023-07-14","PH","Parker-Hannifin Corporation","NYSE","1454413","1247525","709460","2.05",,
"2023-07-14","PLD","PROLOGIS, INC.","NYSE","9444113","9783022","2727391","3.46",,
"2023-07-14","PLTR","Palantir Technologies Inc. Cla","NYSE","124356873","132542851","50033482","2.49",,
"2023-07-14","PM","Philip Morris International In","NYSE","7160798","6238309","3907813","1.83",,
"2023-07-14","PNC","PNC Financial Services Group","NYSE","6978476","6738466","2148505","3.25",,
"2023-07-14","PSX","PHILLIPS 66","NYSE","11134447","8989262","3356711","3.32",,
"2023-07-14","PWR","Quanta Services, Inc.","NYSE","4190397","4956370","700317","5.98",,
"2023-07-14","QCOM","QUALCOMM Incorporated Common S","NNM","13204164","10243530","6711653","1.97",,
"2023-07-14","RCL","Royal Caribbean Group","NYSE","20964584","20908074","2796645","7.50",,
"2023-07-14","REGN","Regeneron Pharmaceuticals, Inc","NNM","1268810","1084044","611439","2.08",,
"2023-07-14","ROST","Ross Stores, Inc. Common Stock","NNM","3301215","3196440","1912777","1.73",,
"2023-07-14","RSG","Republic Services Inc.","NYSE","1866800","1987067","869485","2.15",,
"2023-07-14","RTX","Raytheon Technologies Corporat","NYSE","8299012","9676345","3879210","2.14",,
"2023-07-14","SBUX","Starbucks Corporation Common S","NNM","16545935","14599955","6062823","2.73",,
"2023-07-14","SCCO","Southern Copper Corporation","NYSE","5449288","5211675","972340","5.60",,
"2023-07-14","SCHW","The Charles Schwab Corporation","NYSE","27086029","24477688","9289730","2.92",,
"2023-07-14","SHW","The Sherwin-Williams Company","NYSE","3023307","2736341","1129855","2.68",,
"2023-07-14","SNOW","Snowflake Inc.","NYSE","11681892","11634229","5189275","2.25",,
"2023-07-14","SNPS","Synopsys, Inc. Common Stock","NNM","1094379","990833","869853","1.26",,
"2023-07-14","SO","The Southern Company","NYSE","11615775","11044021","3418772","3.40",,
"2023-07-14","SPCX","The SPAC and New Issue ETF","NNM","13452","17417","1770","7.60",,
"2023-07-14","SPG","Simon Property Group, Inc.","NYSE","5308687","5120403","1516214","3.50",,
"2023-07-14","SPGI","S&P Global Inc.","NYSE","3559002","3393075","1107432","3.21",,
"2023-07-14","SYK","Stryker Corporation","NYSE","3417493","3757264","890328","3.84",,
"2023-07-14","T","AT&T Inc.","NYSE","97739589","89661661","43054109","2.27",,
"2023-07-14","TDG","TransDigm Group Incorporated","NYSE","1055242","1181639","223027","4.73",,
"2023-07-14","TFC","Truist Financial Corporation","NYSE","35030829","36500027","8929478","3.92",,
"2023-07-14","TGT","Target Corporation","NYSE","9702502","10014497","4149887","2.34",,
"2023-07-14","TJX","TJX Companies, Inc. (The)","NYSE","6923511","7607398","4496383","1.54",,
"2023-07-14","TMO","Thermo Fisher Scientific, Inc.","NYSE","2727458","2804414","1212164","2.25",,
"2023-07-14","TMUS","T-Mobile US, Inc. Common Stock","NNM","23949474","24310443","3621636","6.61",,
"2023-07-14","TRV","The Travelers Companies, Inc.","NYSE","3276136","3164450","1390780","2.36",,
"2023-07-14","TSLA","Tesla, Inc. Common Stock","NNM","92996256","95631311","113902548","1.00",,
"2023-07-14","TXN","Texas Instruments Incorporated","NNM","15854332","14505224","4111102","3.86",,
"2023-07-14","UBER","Uber Technologies, Inc.","NYSE","42661167","44590723","18817680","2.27",,
"2023-07-14","UNH","UNITEDHEALTH GROUP INCORPORATE","NYSE","6577576","6030256","5376203","1.22",,
"2023-07-14","UNP","Union Pacific Corp.","NYSE","4469814","3965322","1963772","2.28",,
"2023-07-14","UPS","United Parcel Service, Inc. Cl","NYSE","10577536","8891424","3026087","3.50",,
"2023-07-14","URI","United Rentals, Inc.","NYSE","2543870","2450639","777887","3.27",,
"2023-07-14","USB","U.S. Bancorp","NYSE","41231180","40298946","11212279","3.68",,
"2023-07-14","V","VISA Inc.","NYSE","29981185","29479105","5383677","5.57",,
"2023-07-14","VLO","Valero Energy Corporation","NYSE","9742949","9300748","3244728","3.00",,
"2023-07-14","VRT","Vertiv Holdings Co Class A Com","NYSE","8170984","8603629","3197208","2.56",,
"2023-07-14","VRTX","Vertex Pharmaceuticals Incorpo","NNM","2513112","2726924","891078","2.82",,
"2023-07-14","VZ","Verizon Communications","NYSE","55776288","47588539","23941967","2.33",,
"2023-07-14","WBD","Warner Bros. Discovery, Inc. S","NNM","84992307","93589971","15688553","5.42",,
"2023-07-14","WDC","Western Digital Corporation Co","NNM","5582482","6095585","3332675","1.68",,
"2023-07-14","WELL","Welltower Inc.","NYSE","13494848","13813535","1973012","6.84",,
"2023-07-14","WFC","Wells Fargo & Co.","NYSE","27768976","28495481","16496626","1.68",,
"2023-07-14","WM","Waste Management, Inc.","NYSE","4769286","4137849","1329747","3.59",,
"2023-07-14","WMB","Williams Companies Inc.","NYSE","30700569","24392275","8437745","3.64",,
"2023-07-14","WMT","Walmart Inc.","NYSE","13424765","14401394","4580134","2.93",,
"2023-07-14","XOM","Exxon Mobil Corporation","NYSE","28794558","26405475","17276436","1.67",,
"2023-10-31","AAPL","Apple Inc. Common Stock","NNM","98190963","93026130","55904604","1.76",,
"2023-10-31","ABBV","ABBVIE INC.","NYSE","13234197","11469203","5977966","2.21",,
"2023-10-31","ABNB","Airbnb, Inc. Class A Common St","NNM","29161973","30111901","4534385","6.43",,
"2023-10-31","ABT","Abbott Laboratories","NYSE","9882343","9701019","8307207","1.19",,
"2023-10-31","ADBE","Adobe Inc. Common Stock","NNM","4041094","4914063","2522121","1.60",,
"2023-10-31","ADI","Analog Devices, Inc. Common St","NNM","6288931","7244856","3381884","1.86",,
"2023-10-31","ADP","Automatic Data Processing, Inc","NNM","4244830","4436763","1857773","2.28",,
"2023-10-31","AEP","American Electric Power Compan","NNM","5542307","6549525","3473704","1.60",,
"2023-10-31","AFL","Aflac Inc.","NYSE","11469252","11740413","2623198","4.37",,
"2023-10-31","AJG","Arthur J. Gallagher & Co.","NYSE","1936902","2101109","843472","2.30",,
"2023-10-31","ALL","The Allstate Corporation","NYSE","3742773","3898900","2196870","1.70",,
"2023-10-31","AMAT","Applied Materials, Inc. Common","NNM","21908646","22388754","5624376","3.90",,
"2023-10-31","AMD","Advanced Micro Devices, Inc. C","NNM","31511742","31516655","53196929","1.00",,
"2023-10-31","AMGN","Amgen Inc. Common Stock","NNM","6421142","6359368","2738977","2.34",,
"2023-10-31","AMT","American Tower Corporation","NYSE","5552127","4472256","2594958","2.14",,
"2023-10-31","AMZN","Amazon.com, Inc. Common Stock","NNM","75158089","79796989","64188847","1.17",,
"2023-10-31","ANET","Arista Networks","NYSE","2943939","2921871","2925835","1.01",,
"2023-10-31","AON","Aon plc Class A","NYSE","1728600","1706665","906926","1.91",,
"2023-10-31","APD","Air Products & Chemicals, Inc.","NYSE","1568029","1657968","667496","2.35",,
"2023-10-31","APH","Amphenol Corporation","NYSE","5602207","5041099","3121144","1.79",,
"2023-10-31","APO","Apollo Global Management, Inc.","NYSE","12793071","13020849","2672259","4.79",,
"2023-10-31","APP","Applovin Corporation Class A C","NNM","15866242","17477550","1971922","8.05",,
"2023-10-31","AVGO","Broadcom Inc. Common Stock","NNM","6735636","6631004","2173001","3.10",,
"2023-10-31","AXP","American Express Company","NYSE","6242430","6513337","3965429","1.57",,
"2023-10-31","BA","Boeing Company","NYSE","10239438","7418042","5781807","1.77",,
"2023-10-31","BAC","Bank of America Corporation","NYSE","70963864","63534711","60015544","1.18",,
"2023-10-31","BKNG","Booking Holdings Inc. Common S","NNM","567485","581491","268288","2.12",,
"2023-10-31","BLK","Blackrock, Inc.","NYSE","1510318","1760747","662949","2.28",,
"2023-10-31","BMY","Bristol-Myers Squibb Co.","NYSE","23401767","26745650","15059654","1.55",,
"2023-10-31","BNY","BlackRock New York Municipal I","NYSE","17062","8354","59128","1.00",,
"2023-10-31","BRKA","Berkshire Hathaway Inc.","NYSE","409","403","7657","1.00",,
"2023-10-31","BRKB","BERKSHIRE HATHAWAY Class B","NYSE","7469936","8695903","2924378","2.55",,
"2023-10-31","BSX","Boston Scientific Corp.","NYSE","9137424","13493743","8347504","1.09",,
"2023-10-31","BX","Blackstone Inc.","NYSE","37075266","32647841","4427552","8.37",,
"2023-10-31","C","Citigroup Inc.","NYSE","25037254","27008141","20451190","1.22",,
"2023-10-31","CAT","Caterpillar Inc.","NYSE","6606163","6151098","3891697","1.70",,
"2023-10-31","CCZ","Comcast Holdings Corp. 2.0% Ex","NYSE","63","63","16","3.94",,
"2023-10-31","CDNS","Cadence Design Systems, Inc. C","NNM","2439978","2628489","1520269","1.60",,
"2023-10-31","CEG","Constellation Energy Corporati","NNM","5730104","6844488","1412204","4.06",,
"2023-10-31","CI","The Cigna Group","NYSE","3353601","3285113","1344161","2.49",,
"2023-10-31","CL","Colgate-Palmolive Company","NYSE","9316704","7434041","7070408","1.32",,
"2023-10-31","CMCSA","Comcast Corporation Class A Co","NNM","45670272","60593156","22159362","2.06",,
"2023-10-31","CME","CME Group Inc. Class A Common","NNM","3596372","4077004","1502883","2.39",,
"2023-10-31","CMI","Cummins Inc.","NYSE","1461337","1850156","711642","2.05",,
"2023-10-31","COF","Capital One Financial","NYSE","11354340","8831552","2893894","3.92",,
"2023-10-31","COP","ConocoPhillips","NYSE","12017388","12501190","4992091","2.41",,
"2023-10-31","COST","Costco Wholesale Corporation C","NNM","4410331","4698415","1669843","2.64",,
"2023-10-31","CRM","Salesforce, Inc.","NYSE","7147201","6536279","4145031","1.72",,
"2023-10-31","CRWD","CrowdStrike Holdings, Inc. Cla","NNM","5385248","6439210","2427367","2.22",,
"2023-10-31","CSCO","Cisco Systems, Inc. Common Sto","NNM","44852738","44600993","15490510","2.90",,
"2023-10-31","CSX","CSX Corporation Common Stock","NNM","17196859","16009257","14100810","1.22",,
"2023-10-31","CTAS","Cintas Corporation Common Stoc","NNM","1119952","1262813","342051","3.27",,
"2023-10-31","CVNA","Carvana Co.","NYSE","32658938","32287098","5320492","6.14",,
"2023-10-31","CVS","CVS HEALTH CORPORATION","NYSE","15874418","13824226","7188812","2.21",,
"2023-10-31","CVX","Chevron Corporation","NYSE","23717675","15646383","11817835","2.01",,
"2023-10-31","D","Dominion Energy, Inc Common St","NYSE","9469705","10906903","6460260","1.47",,
"2023-10-31","DASH","DoorDash, Inc. Class A Common","NNM","18191764","17724047","2848343","6.39",,
"2023-10-31","DDOG","Datadog, Inc. Class A Common S","NNM","9565660","10056659","3528589","2.71",,
"2023-10-31","DE","Deere & Company","NYSE","2914843","2745752","1205620","2.42",,
"2023-10-31","DELL","Dell Technologies Inc.","NYSE","9463152","7915786","4212522","2.25",,
"2023-10-31","DHR","Danaher Corporation","NYSE","6028202","5824909","4352954","1.38",,
"2023-10-31","DIS","The Walt Disney Company","NYSE","20207941","21600058","10635091","1.90",,
"2023-10-31","DLR","Digital Realty Trust, Inc.","NYSE","15411584","15284165","2047129","7.53",,
"2023-10-31","DUK","Duke Energy Corporation","NYSE","7294464","8344009","2971307","2.45",,
"2023-10-31","ECL","Ecolab, Inc.","NYSE","1935403","2043611","1265208","1.53",,
"2023-10-31","ELV","Elevance Health, Inc.","NYSE","2064274","1989721","1339706","1.54",,
"2023-10-31","EMR","Emerson Electric Co.","NYSE","6048132","5635043","3262518","1.85",,
"2023-10-31","EOG","EOG Resources, Inc.","NYSE","6352010","7020475","2455407","2.59",,
"2023-10-31","EPD","Enterprise Products Partners L","NYSE","18067067","19747013","4662442","3.88",,
"2023-10-31","EQIX","Equinix, Inc. Common Stock REI","NNM","1494611","1492172","423393","3.53",,
"2023-10-31","FCX","Freeport-McMoran Inc.","NYSE","17118116","17495579","11836674","1.45",,
"2023-10-31","FDX","FedEx Corporation","NYSE","3088492","3580164","1787403","1.73",,
"2023-10-31","FTNT","Fortinet, Inc. Common Stock","NNM","11359669","13232292","5176885","2.19",,
"2023-10-31","GD","General Dynamics Corporation","NYSE","2548170","2642679","1569244","1.62",,
"2023-10-31","GE","General Electric Company","NYSE","7595784","8643542","6063358","1.25",,
"2023-10-31","GILD","Gilead Sciences, Inc. Common S","NNM","19503923","20345374","5800765","3.36",,
"2023-10-31","GLW","Corning Incorporated","NYSE","7507817","6593710","4978915","1.51",,
"2023-10-31","GM","General Motors Company","NYSE","28565725","32301218","20522035","1.39",,
"2023-10-31","GOOG","Alphabet Inc. Class C Capital","NNM","30204181","30483435","26840762","1.13",,
"2023-10-31","GOOGL","Alphabet Inc. Class A Common S","NNM","40941172","48050647","36602617","1.12",,
"2023-10-31","GS","Goldman Sachs Group Inc.","NYSE","3613487","3424758","2679459","1.35",,
"2023-10-31","GWW","W.W. Grainger, Inc.","NYSE","824668","962455","304623","2.71",,
"2023-10-31","HCA","HCA Healthcare, Inc.","NYSE","2512997","2289434","1527387","1.65",,
"2023-10-31","HD","Home Depot, Inc.","NYSE","7976839","9152365","2810501","2.84",,
"2023-10-31","HLT","Hilton Worldwide Holdings Inc.","NYSE","4400692","5049875","1872174","2.35",,
"2023-10-31","HON","Honeywell International Inc. C","NNM","5284515","5801121","2945528","1.79",,
"2023-10-31","HOOD","Robinhood Markets, Inc. Class","NNM","24462986","23991123","4902185","4.99",,
"2023-10-31","HPE","Hewlett Packard Enterprise Com","NYSE","31249251","33642762","10874992","2.87",,
"2023-10-31","HWM","Howmet Aerospace Inc.","NYSE","2742588","3704813","2132015","1.29",,
"2023-10-31","IBKR","Interactive Brokers Group, Inc","NNM","1835777","2027273","1198654","1.53",,
"2023-10-31","IBM","International Business Machine","NYSE","25937912","28992806","5172311","5.01",,
"2023-10-31","ICE","Intercontinental Exchange  Inc","NYSE","3540558","3705912","2522312","1.40",,
"2023-10-31","INTC","Intel Corporation Common Stock","NNM","56836814","63181894","42356884","1.34",,
"2023-10-31","INTU","Intuit Inc. Common Stock","NNM","3357442","4183719","1433892","2.34",,
"2023-10-31","ISRG","Intuitive Surgical, Inc. Commo","NNM","2895652","2926935","2806242","1.03",,
"2023-10-31","ITW","Illinois Tool Works Inc.","NYSE","8108726","7455429","1488235","5.45",,
"2023-10-31","JNJ","Johnson & Johnson","NYSE","14526947","15678630","7948457","1.83",,
"2023-10-31","JPM","JPMorgan Chase & Co.","NYSE","16205765","16114613","10964369","1.48",,
"2023-10-31","KKR","KKR & Co. Inc.","NYSE","6628994","7686000","3161413","2.10",,
"2023-10-31","KLAC","KLA Corporation Common Stock","NNM","2191743","2537745","979216","2.24",,
"2023-10-31","KMI","Kinder Morgan, Inc.","NYSE","30403807","31868476","13974428","2.18",,
"2023-10-31","KO","Coca-Cola Company","NYSE","23701151","23812367","16557091","1.43",,
"2023-10-31","LIN","Linde plc Ordinary Share","NYSE","2670088","2871336","1543083","1.73",,
"2023-10-31","LLY","Eli Lilly & Co.","NYSE","5468129","6391809","2856432","1.91",,
"2023-10-31","LMT","Lockheed Martin Corp.","NYSE","2094898","1896203","1664467","1.26",,
"2023-10-31","LOW","Lowe's Companies Inc.","NYSE","10789867","12751133","2515153","4.29",,
"2023-10-31","LRCX","Lam Research Corporation Commo","NNM","2828791","2839577","1147047","2.47",,
"2023-10-31","MA","Mastercard Incorporated","NYSE","4692161","4549239","3053786","1.54",,
"2023-10-31","MAR","Marriott International Class A","NNM","6108632","6066782","1566304","3.90",,
"2023-10-31","MCD","McDonald's Corporation","NYSE","6735872","7072555","3685903","1.83",,
"2023-10-31","MCK","McKesson Corporation","NYSE","1488157","1852727","621317","2.40",,
"2023-10-31","MCO","Moody's Corporation","NYSE","1786561","1675891","845012","2.11",,
"2023-10-31","MDLZ","Mondelez International, Inc. C","NNM","13749404","13926942","7182168","1.91",,
"2023-10-31","MDT","Medtronic plc","NYSE","7529990","9503933","8808549","1.00",,
"2023-10-31","META","Meta Platforms, Inc. Class A C","NNM","31773457","32314109","26160388","1.21",,
"2023-10-31","MMM","3M Company","NYSE","11175978","11329033","3443183","3.25",,
"2023-10-31","MNST","Monster Beverage Corporation","NNM","13721452","12807822","6039555","2.27",,
"2023-10-31","MO","Altria Group, Inc.","NYSE","17562667","15632495","9343988","1.88",,
"2023-10-31","MPC","MARATHON PETROLEUM CORPORATION","NYSE","9759497","10199216","2600268","3.75",,
"2023-10-31","MPWR","Monolithic Power Systems, Inc.","NNM","1064005","1345153","719976","1.48",,
"2023-10-31","MRK","Merck & Co., Inc.","NYSE","16406535","15792145","8079167","2.03",,
"2023-10-31","MRVL","Marvell Technology, Inc. Commo","NNM","15552689","13119660","8655938","1.80",,
"2023-10-31","MS","Morgan Stanley","NYSE","20157087","20129185","12917554","1.56",,
"2023-10-31","MSFT","Microsoft Corporation Common S","NNM","39562050","42992748","27867856","1.42",,
"2023-10-31","MSI","Motorola Solutions, Inc. New","NYSE","899902","855145","607708","1.48",,
"2023-10-31","MU","Micron Technology, Inc. Common","NNM","19642294","20980481","11606637","1.69",,
"2023-10-31","NEE","Nextra Energy, Inc.","NYSE","21948478","19416584","15685505","1.40",,
"2023-10-31","NEM","Newmont Corporation","NYSE","44268929","33462427","17801177","2.49",,
"2023-10-31","NET","Cloudflare, Inc. Class A commo","NYSE","19641603","18890296","3098777","6.34",,
"2023-10-31","NFLX","Netflix, Inc. Common Stock","NNM","9547903","8282966","8671321","1.10",,
"2023-10-31","NKE","Nike, Inc.","NYSE","17714327","18602014","8577901","2.07",,
"2023-10-31","NOC","Northrop Grumman Corp.","NYSE","1419432","1383758","964813","1.47",,
"2023-10-31","NOW","SERVICENOW, INC.","NYSE","2660178","2470289","1519941","1.75",,
"2023-10-31","NSC","Norfolk Southern Corp.","NYSE","2665420","2877252","1428892","1.87",,
"2023-10-31","NVDA","NVIDIA Corporation Common Stoc","NNM","26165997","26086160","49341836","1.00",,
"2023-10-31","ORCL","Oracle Corp","NYSE","16678320","14950706","7844844","2.13",,
"2023-10-31","ORLY","O'Reilly Automotive, Inc. Comm","NNM","1334767","1380542","513314","2.60",,
"2023-10-31","PANW","Palo Alto Networks, Inc. Commo","NNM","18079534","20253660","2754825","6.56",,
"2023-10-31","PCAR","PACCAR Inc. Common Stock","NNM","5026417","6441043","2620336","1.92",,
"2023-10-31","PEP","PepsiCo, Inc. Common Stock","NNM","14411532","15250948","5809515","2.48",,
"2023-10-31","PFE","Pfizer Inc.","NYSE","47179598","54565516","35156195","1.34",,
"2023-10-31","PG","Procter & Gamble Company","NYSE","14509502","12951535","7081201","2.05",,
"2023-10-31","PGR","Progressive Corporation","NYSE","4343574","4000709","2564177","1.69",,
"2023-10-31","PH","Parker-Hannifin Corporation","NYSE","1053991","1142527","688945","1.53",,
"2023-10-31","PLD","PROLOGIS, INC.","NYSE","10482434","11946063","4257344","2.46",,
"2023-10-31","PLTR","Palantir Technologies Inc. Cla","NYSE","155672416","159039676","47719175","3.26",,
"2023-10-31","PM","Philip Morris International In","NYSE","5211185","6855198","4121062","1.26",,
"2023-10-31","PNC","PNC Financial Services Group","NYSE","5403366","5748926","2561287","2.11",,
"2023-10-31","PSX","PHILLIPS 66","NYSE","7562904","7678549","3012755","2.51",,
"2023-10-31","PWR","Quanta Services, Inc.","NYSE","3849757","3881840","1127705","3.41",,
"2023-10-31","QCOM","QUALCOMM Incorporated Common S","NNM","14216238","13590227","7650443","1.86",,
"2023-10-31","RCL","Royal Caribbean Group","NYSE","17172620","19151292","4358260","3.94",,
"2023-10-31","REGN","Regeneron Pharmaceuticals, Inc","NNM","1308907","1369032","414004","3.16",,
"2023-10-31","ROST","Ross Stores, Inc. Common Stock","NNM","3928144","3746110","2294762","1.71",,
"2023-10-31","RSG","Republic Services Inc.","NYSE","2159385","2055283","1313877","1.64",,
"2023-10-31","RTX","RTX Corporation","NYSE","111453944","7776823","15901614","7.01",,
"2023-10-31","SBUX","Starbucks Corporation Common S","NNM","10310532","11975051","5839825","1.77",,
"2023-10-31","SCCO","Southern Copper Corporation","NYSE","5564765","4835453","898001","6.20",,
"2023-10-31","SCHW","The Charles Schwab Corporation","NYSE","20441918","22227342","11778474","1.74",,
"2023-10-31","SHW","The Sherwin-Williams Company","NYSE","2952499","3110525","1900483","1.55",,
"2023-10-31","SNOW","Snowflake Inc.","NYSE","10379728","10145419","3227632","3.22",,
"2023-10-31","SNPS","Synopsys, Inc. Common Stock","NNM","1615329","1728155","693618","2.33",,
"2023-10-31","SO","The Southern Company","NYSE","11295978","11739794","4131785","2.73",,
"2023-10-31","SPCX","The SPAC and New Issue ETF","NNM","6828","6740","1788","3.82",,
"2023-10-31","SPG","Simon Property Group, Inc.","NYSE","3968686","4790684","1550247","2.56",,
"2023-10-31","SPGI","S&P Global Inc.","NYSE","2185428","2329496","1223784","1.79",,
"2023-10-31","SYK","Stryker Corporation","NYSE","3419774","3713921","2176006","1.57",,
"2023-10-31","T","AT&T Inc.","NYSE","104422973","107502783","48659074","2.15",,
"2023-10-31","TDG","TransDigm Group Incorporated","NYSE","1157447","1219581","216292","5.35",,
"2023-10-31","TFC","Truist Financial Corporation","NYSE","11590102","14744214","11264130","1.03",,
"2023-10-31","TGT","Target Corporation","NYSE","6778442","7104892","3703364","1.83",,
"2023-10-31","TJX","TJX Companies, Inc. (The)","NYSE","8637382","9431775","4318607","2.00",,
"2023-10-31","TMO","Thermo Fisher Scientific, Inc.","NYSE","2753295","2738183","2653463","1.04",,
"2023-10-31","TMUS","T-Mobile US, Inc. Common Stock","NNM","25773430","26084646","5290903","4.87",,
"2023-10-31","TRV","The Travelers Companies, Inc.","NYSE","2796166","3364326","1850599","1.51",,
"2023-10-31","TSLA","Tesla, Inc. Common Stock","NNM","84273502","84687963","121374018","1.00",,
"2023-10-31","TXN","Texas Instruments Incorporated","NNM","16417584","16495798","6423080","2.56",,
"2023-10-31","UBER","Uber Technologies, Inc.","NYSE","46952067","47896659","17403267","2.70",,
"2023-10-31","UNH","UNITEDHEALTH GROUP INCORPORATE","NYSE","5945582","6162035","2593775","2.29",,
"2023-10-31","UNP","Union Pacific Corp.","NYSE","6110035","6557774","3096335","1.97",,
"2023-10-31","UPS","United Parcel Service, Inc. Cl","NYSE","10869532","9329670","4589598","2.37",,
"2023-10-31","URI","United Rentals, Inc.","NYSE","2992920","2683779","1066084","2.81",,
"2023-10-31","USB","U.S. Bancorp","NYSE","30738249","33147512","16621487","1.85",,
"2023-10-31","V","VISA Inc.","NYSE","30896593","30696855","6349559","4.87",,
"2023-10-31","VLO","Valero Energy Corporation","NYSE","11482882","11337029","3184215","3.61",,
"2023-10-31","VRT","Vertiv Holdings Co Class A Com","NYSE","9317608","7601097","8153753","1.14",,
"2023-10-31","VRTX","Vertex Pharmaceuticals Incorpo","NNM","2604104","2856077","1248426","2.09",,
"2023-10-31","VZ","Verizon Communications","NYSE","48456211","39855786","30270447","1.60",,
"2023-10-31","WBD","Warner Bros. Discovery, Inc. S","NNM","102045830","91415578","17558658","5.81",,
"2023-10-31","WDC","Western Digital Corporation Co","NNM","8536812","7851944","7718830","1.11",,
"2023-10-31","WELL","Welltower Inc.","NYSE","9220533","9755508","3119064","2.96",,
"2023-10-31","WFC","Wells Fargo & Co.","NYSE","22593308","25608128","15244204","1.48",,
"2023-10-31","WM","Waste Management, Inc.","NYSE","5268760","3780402","1851292","2.85",,
"2023-10-31","WMB","Williams Companies Inc.","NYSE","23000185","23550884","6476259","3.55",,
"2023-10-31","WMT","Walmart Inc.","NYSE","14724743","15463654","4742513","3.10",,
"2023-10-31","XOM","Exxon Mobil Corporation","NYSE","71280171","57568579","20455767","3.48",,
"2023-09-15","AAPL","Apple Inc. Common Stock","NNM","107325921","102091714","75396415","1.42",,
"2023-09-15","ABBV","ABBVIE INC.","NYSE","11931380","12454309","4855121","2.46",,
"2023-09-15","ABNB","Airbnb, Inc. Class A Common St","NNM","25636305","19702727","15481535","1.66",,
"2023-09-15","ABT","Abbott Laboratories","NYSE","10607491","11474730","4340963","2.44",,
"2023-09-15","ADBE","Adobe Inc. Common Stock","NNM","4335154","4247214","3501071","1.24",,
"2023-09-15","ADI","Analog Devices, Inc. Common St","NNM","6384919","6074468","3442415","1.85",,
"2023-09-15","ADP","Automatic Data Processing, Inc","NNM","4097106","3994866","1474475","2.78",,
"2023-09-15","AEP","American Electric Power Compan","NNM","4670551","5253022","2879929","1.62",,
"2023-09-15","AFL","Aflac Inc.","NYSE","12707842","12788636","2607102","4.87",,
"2023-09-15","AJG","Arthur J. Gallagher & Co.","NYSE","1789289","2439067","757647","2.36",,
"2023-09-15","ALL","The Allstate Corporation","NYSE","3449867","3219186","1796240","1.92",,
"2023-09-15","AMAT","Applied Materials, Inc. Common","NNM","19907106","19498425","5456235","3.65",,
"2023-09-15","AMD","Advanced Micro Devices, Inc. C","NNM","30062210","28178520","52021594","1.00",,
"2023-09-15","AMGN","Amgen Inc. Common Stock","NNM","6269239","6199626","2473098","2.53",,
"2023-09-15","AMT","American Tower Corporation","NYSE","5176442","4770581","1906580","2.72",,
"2023-09-15","AMZN","Amazon.com, Inc. Common Stock","NNM","80249295","73378523","53624678","1.50",,
"2023-09-15","ANET","Arista Networks","NYSE","3446711","3563880","1668630","2.07",,
"2023-09-15","AON","Aon plc Class A","NYSE","1635158","1601952","728967","2.24",,
"2023-09-15","APD","Air Products & Chemicals, Inc.","NYSE","1761071","1826904","686067","2.57",,
"2023-09-15","APH","Amphenol Corporation","NYSE","4907721","4239924","2196734","2.23",,
"2023-09-15","APO","Apollo Global Management, Inc.","NYSE","13493304","13157195","2339743","5.77",,
"2023-09-15","APP","Applovin Corporation Class A C","NNM","19067097","18491800","2557648","7.45",,
"2023-09-15","AVGO","Broadcom Inc. Common Stock","NNM","6340185","5944819","2724066","2.33",,
"2023-09-15","AXP","American Express Company","NYSE","6473692","6760424","3257581","1.99",,
"2023-09-15","BA","Boeing Company","NYSE","7525309","7404551","4178955","1.80",,
"2023-09-15","BAC","Bank of America Corporation","NYSE","59905781","52279225","41831686","1.43",,
"2023-09-15","BKNG","Booking Holdings Inc. Common S","NNM","723669","732188","282565","2.56",,
"2023-09-15","BLK","Blackrock, Inc.","NYSE","2607577","2482792","733254","3.56",,
"2023-09-15","BMY","Bristol-Myers Squibb Co.","NYSE","36982160","43763177","13343018","2.77",,
"2023-09-15","BNY","BlackRock New York Municipal I","NYSE","3281","4527","40503","1.00",,
"2023-09-15","BRKA","Berkshire Hathaway Inc.","NYSE","686","629","8314","1.00",,
"2023-09-15","BRKB","BERKSHIRE HATHAWAY Class B","NYSE","8469321","7684027","3894710","2.17",,
"2023-09-15","BSX","Boston Scientific Corp.","NYSE","11876181","12223797","7120929","1.67",,
"2023-09-15","BX","Blackstone Inc.","NYSE","21813678","17890324","19491159","1.12",,
"2023-09-15","C","Citigroup Inc.","NYSE","26697113","23850493","17901277","1.49",,
"2023-09-15","CAT","Caterpillar Inc.","NYSE","6325528","6682372","2219907","2.85",,
"2023-09-15","CDNS","Cadence Design Systems, Inc. C","NNM","2709940","2353794","1355848","2.00",,
"2023-09-15","CEG","Constellation Energy Corporati","NNM","6928677","7000370","1925771","3.60",,
"2023-09-15","CI","The Cigna Group","NYSE","3242959","2714381","1128216","2.87",,
"2023-09-15","CL","Colgate-Palmolive Company","NYSE","9035510","9853514","3681157","2.45",,
"2023-09-15","CMCSA","Comcast Corporation Class A Co","NNM","40729970","44123401","23172087","1.76",,
"2023-09-15","CME","CME Group Inc. Class A Common","NNM","3540232","3787254","1197052","2.96",,
"2023-09-15","CMI","Cummins Inc.","NYSE","1777541","1819310","895835","1.98",,
"2023-09-15","COF","Capital One Financial","NYSE","8617567","7785551","2257183","3.82",,
"2023-09-15","COP","ConocoPhillips","NYSE","12898721","11903191","5450860","2.37",,
"2023-09-15","COST","Costco Wholesale Corporation C","NNM","4065471","4128388","1475226","2.76",,
"2023-09-15","CRM","Salesforce, Inc.","NYSE","7421208","7515777","5208730","1.42",,
"2023-09-15","CRWD","CrowdStrike Holdings, Inc. Cla","NNM","6372800","6277667","3084557","2.07",,
"2023-09-15","CSCO","Cisco Systems, Inc. Common Sto","NNM","62333094","60493301","16976036","3.67",,
"2023-09-15","CSX","CSX Corporation Common Stock","NNM","17851774","18005180","15723306","1.14",,
"2023-09-15","CTAS","Cintas Corporation Common Stoc","NNM","1118091","1134830","364638","3.07",,
"2023-09-15","CVNA","Carvana Co.","NYSE","33162611","33988741","11075128","2.99",,
"2023-09-15","CVS","CVS HEALTH CORPORATION","NYSE","16100233","15869103","9398527","1.71",,
"2023-09-15","CVX","Chevron Corporation","NYSE","17258436","15438925","8567442","2.01",,
"2023-09-15","D","Dominion Energy, Inc Common St","NYSE","7456029","5788143","6245996","1.19",,
"2023-09-15","DASH","DoorDash, Inc.","NYSE","14479246","13786105","2649801","5.46",,
"2023-09-15","DDOG","Datadog, Inc. Class A Common S","NNM","13189994","13529899","3490215","3.78",,
"2023-09-15","DE","Deere & Company","NYSE","2380174","2279018","1351302","1.76",,
"2023-09-15","DELL","Dell Technologies Inc.","NYSE","9545409","6485647","8856579","1.08",,
"2023-09-15","DHR","Danaher Corporation","NYSE","6313572","6331543","2753406","2.29",,
"2023-09-15","DIS","The Walt Disney Company","NYSE","19462808","20052968","18391323","1.06",,
"2023-09-15","DLR","Digital Realty Trust, Inc.","NYSE","16480428","15949698","2237484","7.37",,
"2023-09-15","DUK","Duke Energy Corporation","NYSE","9468624","8369615","4461383","2.12",,
"2023-09-15","ECL","Ecolab, Inc.","NYSE","1818063","1738175","1198727","1.52",,
"2023-09-15","ELV","Elevance Health, Inc.","NYSE","1945408","1391438","1131342","1.72",,
"2023-09-15","EMR","Emerson Electric Co.","NYSE","6960232","6814067","3111338","2.24",,
"2023-09-15","EOG","EOG Resources, Inc.","NYSE","7630196","6884826","2668997","2.86",,
"2023-09-15","EPD","Enterprise Products Partners L","NYSE","15806055","15322517","3089103","5.12",,
"2023-09-15","EQIX","Equinix, Inc. Common Stock REI","NNM","1635476","1641328","331803","4.93",,
"2023-09-15","FCX","Freeport-McMoran Inc.","NYSE","15276134","15600837","7810610","1.96",,
"2023-09-15","FDX","FedEx Corporation","NYSE","2429016","2613904","1371589","1.77",,
"2023-09-15","FTNT","Fortinet, Inc. Common Stock","NNM","8677529","9864001","5462478","1.59",,
"2023-09-15","GD","General Dynamics Corporation","NYSE","2254644","2613804","1087018","2.07",,
"2023-09-15","GE","General Electric Company","NYSE","12314202","12996974","4014487","3.07",,
"2023-09-15","GILD","Gilead Sciences, Inc. Common S","NNM","18334509","18250145","6010551","3.05",,
"2023-09-15","GLW","Corning Incorporated","NYSE","7858287","7898825","3370763","2.33",,
"2023-09-15","GM","General Motors Company","NYSE","33991402","34411381","12727018","2.67",,
"2023-09-15","GOOG","Alphabet Inc. Class C Capital","NNM","33797780","31117001","20155510","1.68",,
"2023-09-15","GOOGL","Alphabet Inc. Class A Common S","NNM","46080635","49039430","22512788","2.05",,
"2023-09-15","GS","Goldman Sachs Group Inc.","NYSE","3770955","3245282","2005558","1.88",,
"2023-09-15","GWW","W.W. Grainger, Inc.","NYSE","1075775","1093613","223273","4.82",,
"2023-09-15","HCA","HCA Healthcare, Inc.","NYSE","2517569","2416491","1453739","1.73",,
"2023-09-15","HD","Home Depot, Inc.","NYSE","9890297","9426437","2999219","3.30",,
"2023-09-15","HLT","Hilton Worldwide Holdings Inc.","NYSE","5506904","4854630","1890295","2.91",,
"2023-09-15","HON","Honeywell International Inc. C","NNM","5327650","5507523","3033248","1.76",,
"2023-09-15","HOOD","Robinhood Markets, Inc. Class","NNM","23048496","20877250","6463044","3.57",,
"2023-09-15","HPE","Hewlett Packard Enterprise Com","NYSE","32023061","30796135","12000332","2.67",,
"2023-09-15","HWM","Howmet Aerospace Inc.","NYSE","3569943","3880334","2827531","1.26",,
"2023-09-15","IBKR","Interactive Brokers Group, Inc","NNM","2314017","2411096","872350","2.65",,
"2023-09-15","IBM","International Business Machine","NYSE","28890704","27543140","3576389","8.08",,
"2023-09-15","ICE","Intercontinental Exchange  Inc","NYSE","4167313","4837076","3167515","1.32",,
"2023-09-15","INTC","Intel Corporation Common Stock","NNM","67255298","61560688","46374196","1.45",,
"2023-09-15","INTU","Intuit Inc. Common Stock","NNM","3558570","3442344","1338889","2.66",,
"2023-09-15","ISRG","Intuitive Surgical, Inc. Commo","NNM","3072079","2991042","1508504","2.04",,
"2023-09-15","ITW","Illinois Tool Works Inc.","NYSE","6849263","6603508","1053321","6.50",,
"2023-09-15","JNJ","Johnson & Johnson","NYSE","22255715","32863484","8517687","2.61",,
"2023-09-15","JPM","JPMorgan Chase & Co.","NYSE","20154592","18565057","9331300","2.16",,
"2023-09-15","KKR","KKR & Co. Inc.","NYSE","10351462","16207033","4463897","2.32",,
"2023-09-15","KLAC","KLA Corporation Common Stock","NNM","1979038","2242660","1043861","1.90",,
"2023-09-15","KMI","Kinder Morgan, Inc.","NYSE","34693692","35030875","15201973","2.28",,
"2023-09-15","KO","Coca-Cola Company","NYSE","23146809","22869361","17736247","1.31",,
"2023-09-15","LIN","Linde plc Ordinary Share","NYSE","2572360","2966070","1205805","2.13",,
"2023-09-15","LLY","Eli Lilly & Co.","NYSE","6267421","5617552","3413174","1.84",,
"2023-09-15","LMT","Lockheed Martin Corp.","NYSE","2386941","1351106","1300090","1.84",,
"2023-09-15","LOW","Lowe's Companies Inc.","NYSE","10049300","9234135","3042845","3.30",,
"2023-09-15","LRCX","Lam Research Corporation Commo","NNM","2629516","2792430","1099274","2.39",,
"2023-09-15","MA","Mastercard Incorporated","NYSE","4728753","4342817","2454941","1.93",,
"2023-09-15","MAR","Marriott International Class A","NNM","6462889","7115185","1847195","3.50",,
"2023-09-15","MCD","McDonald's Corporation","NYSE","6954874","6267938","2689514","2.59",,
"2023-09-15","MCK","McKesson Corporation","NYSE","1827261","1638033","678746","2.69",,
"2023-09-15","MCO","Moody's Corporation","NYSE","1491108","1398689","561688","2.65",,
"2023-09-15","MDLZ","Mondelez International, Inc. C","NNM","12444708","14112878","6121944","2.03",,
"2023-09-15","MDT","Medtronic plc","NYSE","7594132","6834703","5174177","1.47",,
"2023-09-15","META","Meta Platforms, Inc. Class A C","NNM","31459921","30312338","18766980","1.68",,
"2023-09-15","MMM","3M Company","NYSE","12762313","11899822","4067031","3.14",,
"2023-09-15","MNST","Monster Beverage Corporation","NNM","10875577","11493736","4382014","2.48",,
"2023-09-15","MO","Altria Group, Inc.","NYSE","14483439","13641318","10516055","1.38",,
"2023-09-15","MPC","MARATHON PETROLEUM CORPORATION","NYSE","13306903","13035017","4176062","3.19",,
"2023-09-15","MPWR","Monolithic Power Systems, Inc.","NNM","1361673","1446370","488471","2.79",,
"2023-09-15","MRK","Merck & Co., Inc.","NYSE","13878917","14640511","6753545","2.06",,
"2023-09-15","MRVL","Marvell Technology, Inc. Commo","NNM","15667550","18830511","8622031","1.82",,
"2023-09-15","MS","Morgan Stanley","NYSE","20528411","19276558","8000041","2.57",,
"2023-09-15","MSFT","Microsoft Corporation Common S","NNM","41145504","38317589","19720908","2.09",,
"2023-09-15","MSI","Motorola Solutions, Inc. New","NYSE","820695","830008","609619","1.35",,
"2023-09-15","MU","Micron Technology, Inc. Common","NNM","24973921","19082559","11507272","2.17",,
"2023-09-15","NEE","Nextra Energy, Inc.","NYSE","18338352","24460585","9543196","1.92",,
"2023-09-15","NEM","Newmont Corporation","NYSE","28811758","29417402","7914517","3.64",,
"2023-09-15","NET","Cloudflare, Inc. Class A commo","NYSE","19325172","19852282","2774562","6.97",,
"2023-09-15","NFLX","Netflix, Inc. Common Stock","NNM","8726222","8854933","5777936","1.51",,
"2023-09-15","NKE","Nike, Inc.","NYSE","16948181","12949350","7409259","2.29",,
"2023-09-15","NOC","Northrop Grumman Corp.","NYSE","1380939","1271642","645915","2.14",,
"2023-09-15","NOW","SERVICENOW, INC.","NYSE","2652577","2498711","879040","3.02",,
"2023-09-15","NSC","Norfolk Southern Corp.","NYSE","2731936","2633054","1357028","2.01",,
"2023-09-15","NVDA","NVIDIA Corporation Common Stoc","NNM","26040814","26913512","43097443","1.00",,
"2023-09-15","ORCL","Oracle Corp","NYSE","16222757","15449535","20948247","1.00",,
"2023-09-15","ORLY","O'Reilly Automotive, Inc. Comm","NNM","1074719","903803","376744","2.85",,
"2023-09-15","PANW","Palo Alto Networks, Inc. Commo","NNM","21018478","20172885","2249464","9.34",,
"2023-09-15","PCAR","PACCAR Inc. Common Stock","NNM","6984032","7125756","2521722","2.77",,
"2023-09-15","PEP","PepsiCo, Inc. Common Stock","NNM","12835130","11208846","5104399","2.51",,
"2023-09-15","PFE","Pfizer Inc.","NYSE","49946188","50456494","27624841","1.81",,
"2023-09-15","PG","Procter & Gamble Company","NYSE","14456255","14871633","4904723","2.95",,
"2023-09-15","PGR","Progressive Corporation","NYSE","3740831","3335684","2227193","1.68",,
"2023-09-15","PH","Parker-Hannifin Corporation","NYSE","1117815","1106540","663877","1.68",,
"2023-09-15","PLD","PROLOGIS, INC.","NYSE","9490439","10638582","2584883","3.67",,
"2023-09-15","PLTR","Palantir Technologies Inc. Cla","NYSE","154030736","155590455","42765247","3.60",,
"2023-09-15","PM","Philip Morris International In","NYSE","6129467","6138554","4061017","1.51",,
"2023-09-15","PNC","PNC Financial Services Group","NYSE","6033324","6067190","2370624","2.55",,
"2023-09-15","PSX","PHILLIPS 66","NYSE","9947221","9596359","3689305","2.70",,
"2023-09-15","PWR","Quanta Services, Inc.","NYSE","3715446","3848271","669779","5.55",,
"2023-09-15","QCOM","QUALCOMM Incorporated Common S","NNM","13238115","10886348","10305358","1.28",,
"2023-09-15","RCL","Royal Caribbean Group","NYSE","19537198","20216045","3176446","6.15",,
"2023-09-15","REGN","Regeneron Pharmaceuticals, Inc","NNM","1454824","1482820","418540","3.48",,
"2023-09-15","ROST","Ross Stores, Inc. Common Stock","NNM","3386233","3073543","2011449","1.68",,
"2023-09-15","RSG","Republic Services Inc.","NYSE","1623797","1579979","1081887","1.50",,
"2023-09-15","RTX","RTX Corporation","NYSE","8927911","8709545","11316486","1.00",,
"2023-09-15","SBUX","Starbucks Corporation Common S","NNM","13960220","13304411","5773696","2.42",,
"2023-09-15","SCCO","Southern Copper Corporation","NYSE","5843738","6088493","957475","6.10",,
"2023-09-15","SCHW","The Charles Schwab Corporation","NYSE","21477668","19443845","10236014","2.10",,
"2023-09-15","SHW","The Sherwin-Williams Company","NYSE","3186561","3036009","1320976","2.41",,
"2023-09-15","SNOW","Snowflake Inc.","NYSE","9287534","11031140","4266238","2.18",,
"2023-09-15","SNPS","Synopsys, Inc. Common Stock","NNM","1596217","1206942","866779","1.84",,
"2023-09-15","SO","The Southern Company","NYSE","10835245","10811312","4185155","2.59",,
"2023-09-15","SPCX","The SPAC and New Issue ETF","NNM","5988","8229","1138","5.26",,
"2023-09-15","SPG","Simon Property Group, Inc.","NYSE","5260300","4925520","1664344","3.16",,
"2023-09-15","SPGI","S&P Global Inc.","NYSE","2809624","3241998","1114948","2.52",,
"2023-09-15","SYK","Stryker Corporation","NYSE","3687908","3225380","1377046","2.68",,
"2023-09-15","T","AT&T Inc.","NYSE","117153061","115112328","37336703","3.14",,
"2023-09-15","TDG","TransDigm Group Incorporated","NYSE","965266","949342","250508","3.85",,
"2023-09-15","TFC","Truist Financial Corporation","NYSE","12975669","15096171","11379894","1.14",,
"2023-09-15","TGT","Target Corporation","NYSE","8502550","8923120","3294334","2.58",,
"2023-09-15","TJX","TJX Companies, Inc. (The)","NYSE","9336254","8736938","5027904","1.86",,
"2023-09-15","TMO","Thermo Fisher Scientific, Inc.","NYSE","2771728","2609379","1881386","1.47",,
"2023-09-15","TMUS","T-Mobile US, Inc. Common Stock","NNM","27770768","26151581","7214944","3.85",,
"2023-09-15","TRV","The Travelers Companies, Inc.","NYSE","2888029","2520003","1114750","2.59",,
"2023-09-15","TSLA","Tesla, Inc. Common Stock","NNM","84724119","82093847","127568379","1.00",,
"2023-09-15","TXN","Texas Instruments Incorporated","NNM","16928746","16949049","4288897","3.95",,
"2023-09-15","UBER","Uber Technologies, Inc.","NYSE","45782244","48211645","15598260","2.94",,
"2023-09-15","UNH","UNITEDHEALTH GROUP INCORPORATE","NYSE","6313824","5203501","2811317","2.25",,
"2023-09-15","UNP","Union Pacific Corp.","NYSE","5319377","4557444","2811218","1.89",,
"2023-09-15","UPS","United Parcel Service, Inc. Cl","NYSE","9779783","8875174","3976381","2.46",,
"2023-09-15","URI","United Rentals, Inc.","NYSE","2718908","2799330","572558","4.75",,
"2023-09-15","USB","U.S. Bancorp","NYSE","32047718","31745523","15266167","2.10",,
"2023-09-15","V","VISA Inc.","NYSE","31546596","31084708","5764108","5.47",,
"2023-09-15","VLO","Valero Energy Corporation","NYSE","9992544","9851130","4281869","2.33",,
"2023-09-15","VRT","Vertiv Holdings Co Class A Com","NYSE","7667753","8804122","5924337","1.29",,
"2023-09-15","VRTX","Vertex Pharmaceuticals Incorpo","NNM","2856047","2921164","994708","2.87",,
"2023-09-15","VZ","Verizon Communications","NYSE","41158568","42561388","22339011","1.84",,
"2023-09-15","WBD","Warner Bros. Discovery, Inc. S","NNM","97529179","91879200","29020182","3.36",,
"2023-09-15","WDC","Western Digital Corporation Co","NNM","7911374","7408726","3383792","2.34",,
"2023-09-15","WELL","Welltower Inc.","NYSE","11720949","12459345","2319622","5.05",,
"2023-09-15","WFC","Wells Fargo & Co.","NYSE","30739106","31464312","19058466","1.61",,
"2023-09-15","WM","Waste Management, Inc.","NYSE","4092527","4465436","1464028","2.80",,
"2023-09-15","WMB","Williams Companies Inc.","NYSE","24815956","24449596","6204137","4.00",,
"2023-09-15","WMT","Walmart Inc.","NYSE","15716594","14172683","6367656","2.47",,
"2023-09-15","XOM","Exxon Mobil Corporation","NYSE","44588193","38314422","17178928","2.60",,
"2024-02-29","AAPL","Apple Inc. Common Stock","NNM","111927679","97665956","57620933","1.94",,
"2024-02-29","ABBV","ABBVIE INC.","NYSE","14266864","14748988","4979496","2.87",,
"2024-02-29","ABNB","Airbnb, Inc. Class A Common St","NNM","19666508","19132592","5417626","3.63",,
"2024-02-29","ABT","Abbott Laboratories","NYSE","14918947","14286569","5365621","2.78",,
"2024-02-29","ADBE","Adobe Inc. Common Stock","NNM","5400730","4987936","4879295","1.11",,
"2024-02-29","ADI","Analog Devices, Inc. Common St","NNM","6342232","6629253","3690870","1.72",,
"2024-02-29","ADP","Automatic Data Processing, Inc","NNM","4603589","4714337","1582232","2.91",,
"2024-02-29","AEP","American Electric Power Compan","NNM","9950284","8638043","5498363","1.81",,
"2024-02-29","AFL","Aflac Inc.","NYSE","9766635","9273895","2245330","4.35",,
"2024-02-29","AJG","Arthur J. Gallagher & Co.","NYSE","2385100","1928882","756643","3.15",,
"2024-02-29","ALL","The Allstate Corporation","NYSE","2765616","2417050","1698594","1.63",,
"2024-02-29","AMAT","Applied Materials, Inc. Common","NNM","13249661","12306769","8400523","1.58",,
"2024-02-29","AMD","Advanced Micro Devices, Inc. C","NNM","34379955","38531570","63059697","1.00",,
"2024-02-29","AMGN","Amgen Inc. Common Stock","NNM","11018150","11091634","3199385","3.44",,
"2024-02-29","AMT","American Tower Corporation","NYSE","5122101","5841258","2950995","1.74",,
"2024-02-29","AMZN","Amazon.com, Inc. Common Stock","NNM","66872027","67064644","44939726","1.49",,
"2024-02-29","ANET","Arista Networks","NYSE","3696303","3605854","2264950","1.63",,
"2024-02-29","AON","Aon plc Class A","NYSE","1788773","1824337","781446","2.29",,
"2024-02-29","APD","Air Products & Chemicals, Inc.","NYSE","2363688","2759856","1855098","1.27",,
"2024-02-29","APH","Amphenol Corporation","NYSE","7260770","7363234","2511858","2.89",,
"2024-02-29","APO","Apollo Global Management, Inc.","NYSE","15649875","16338431","2611510","5.99",,
"2024-02-29","APP","Applovin Corporation Class A C","NNM","18110331","17074743","5598414","3.23",,
"2024-02-29","AVGO","Broadcom Inc. Common Stock","NNM","5252275","5093952","2185423","2.40",,"R"
"2024-02-29","AXP","American Express Company","NYSE","8321630","8987663","3019668","2.76",,
"2024-02-29","BA","Boeing Company","NYSE","8829548","8628091","6047404","1.46",,
"2024-02-29","BAC","Bank of America Corporation","NYSE","62995041","67560575","36662523","1.72",,
"2024-02-29","BKNG","Booking Holdings Inc. Common S","NNM","783813","741633","411015","1.91",,
"2024-02-29","BLK","Blackrock, Inc.","NYSE","1577356","1351058","538156","2.93",,
"2024-02-29","BMY","Bristol-Myers Squibb Co.","NYSE","32647574","31494336","11513057","2.84",,
"2024-02-29","BNY","BlackRock New York Municipal I","NYSE","46830","14005","56474","1.00",,
"2024-02-29","BRKA","Berkshire Hathaway Inc.","NYSE","272","244","15044","1.00",,
"2024-02-29","BRKB","BERKSHIRE HATHAWAY Class B","NYSE","8687671","8299570","4276230","2.03",,
"2024-02-29","BSX","Boston Scientific Corp.","NYSE","9441573","11025077","5994914","1.57",,
"2024-02-29","BX","Blackstone Inc.","NYSE","23676724","23727365","2999878","7.89",,
"2024-02-29","C","Citigroup Inc.","NYSE","24544761","26441463","13611120","1.80",,
"2024-02-29","CAT","Caterpillar Inc.","NYSE","13914349","15391935","1989775","6.99",,
"2024-02-29","CCZ","Comcast Holdings Corp. 2.0% Ex","NYSE","18","26","446","1.00",,
"2024-02-29","CDNS","Cadence Design Systems, Inc. C","NNM","2435908","2530001","1356159","1.80",,
"2024-02-29","CEG","Constellation Energy Corporati","NNM","5548875","5172165","2969209","1.87",,
"2024-02-29","CI","The Cigna Group","NYSE","6450910","7261584","1650113","3.91",,
"2024-02-29","CL","Colgate-Palmolive Company","NYSE","11905277","11132269","4129252","2.88",,
"2024-02-29","CMCSA","Comcast Corporation Class A Co","NNM","48088483","51146097","19123832","2.51",,
"2024-02-29","CME","CME Group Inc. Class A Common","NNM","3316211","3025639","1651631","2.01",,
"2024-02-29","CMI","Cummins Inc.","NYSE","5837707","3231342","2632220","2.22",,
"2024-02-29","COF","Capital One Financial","NYSE","10612935","6184220","4886748","2.17",,
"2024-02-29","COP","ConocoPhillips","NYSE","13438533","12329179","5853262","2.30",,
"2024-02-29","COST","Costco Wholesale Corporation C","NNM","6729180","6321911","1838485","3.66",,
"2024-02-29","CRM","Salesforce, Inc.","NYSE","9228485","7790059","7894610","1.17",,
"2024-02-29","CRWD","CrowdStrike Holdings, Inc. Cla","NNM","5769151","6082902","3903285","1.48",,
"2024-02-29","CSCO","Cisco Systems, Inc. Common Sto","NNM","42278867","46951245","18183335","2.33",,
"2024-02-29","CSX","CSX Corporation Common Stock","NNM","21952769","20748864","14178168","1.55",,
"2024-02-29","CTAS","Cintas Corporation Common Stoc","NNM","1407419","1346443","321023","4.38",,
"2024-02-29","CVNA","Carvana Co.","NYSE","33503918","33330980","13602446","2.46",,
"2024-02-29","CVS","CVS HEALTH CORPORATION","NYSE","24171195","30761242","8420716","2.87",,
"2024-02-29","CVX","Chevron Corporation","NYSE","51737331","53048146","8295517","6.24",,
"2024-02-29","D","Dominion Energy, Inc Common St","NYSE","11394532","11939623","7280640","1.57",,
"2024-02-29","DASH","DoorDash, Inc. Class A Common","NNM","11434016","12674082","5761806","1.98",,
"2024-02-29","DDOG","Datadog, Inc. Class A Common S","NNM","10231035","11773942","3449613","2.97",,
"2024-02-29","DE","Deere & Company","NYSE","3023293","2697901","1870207","1.62",,
"2024-02-29","DELL","Dell Technologies Inc.","NYSE","8086723","9842149","6765535","1.20",,
"2024-02-29","DHR","Danaher Corporation","NYSE","6073002","5802614","2115698","2.87",,
"2024-02-29","DIS","The Walt Disney Company","NYSE","17746357","17682879","9857572","1.80",,
"2024-02-29","DLR","Digital Realty Trust, Inc.","NYSE","10562436","11501797","3200878","3.30",,
"2024-02-29","DUK","Duke Energy Corporation","NYSE","9172015","10515205","3486757","2.63",,
"2024-02-29","ECL","Ecolab, Inc.","NYSE","1928337","2369659","1374307","1.40",,
"2024-02-29","ELV","Elevance Health, Inc.","NYSE","1714896","1764741","864828","1.98",,
"2024-02-29","EMR","Emerson Electric Co.","NYSE","6601554","6811932","2654804","2.49",,
"2024-02-29","EOG","EOG Resources, Inc.","NYSE","7633587","6869016","4196428","1.82",,
"2024-02-29","EPD","Enterprise Products Partners L","NYSE","18553809","19679311","4129086","4.49",,
"2024-02-29","EQIX","Equinix, Inc. Common Stock REI","NNM","1058556","1163928","497263","2.13",,
"2024-02-29","FCX","Freeport-McMoran Inc.","NYSE","15211250","14013164","10857017","1.40",,
"2024-02-29","FDX","FedEx Corporation","NYSE","3168090","3712103","1590229","1.99",,
"2024-02-29","FTNT","Fortinet, Inc. Common Stock","NNM","12860400","11019908","5577996","2.31",,
"2024-02-29","GD","General Dynamics Corporation","NYSE","1628143","2030952","670228","2.43",,
"2024-02-29","GE","General Electric Company","NYSE","8957224","9109361","5739379","1.56",,
"2024-02-29","GILD","Gilead Sciences, Inc. Common S","NNM","19674265","19880222","7007079","2.81",,
"2024-02-29","GLW","Corning Incorporated","NYSE","10320717","10718269","4085505","2.53",,
"2024-02-29","GM","General Motors Company","NYSE","94658288","96426733","14869893","6.37",,
"2024-02-29","GOOG","Alphabet Inc. Class C Capital","NNM","30660527","34869255","23700267","1.29",,
"2024-02-29","GOOGL","Alphabet Inc. Class A Common S","NNM","52600096","49727569","32284788","1.63",,
"2024-02-29","GS","Goldman Sachs Group Inc.","NYSE","4881962","3974914","2257576","2.16",,
"2024-02-29","GWW","W.W. Grainger, Inc.","NYSE","1266890","1317887","197405","6.42",,
"2024-02-29","HCA","HCA Healthcare, Inc.","NYSE","2653890","2856963","924258","2.87",,
"2024-02-29","HD","Home Depot, Inc.","NYSE","10616257","10924942","3413724","3.11",,
"2024-02-29","HLT","Hilton Worldwide Holdings Inc.","NYSE","3242070","2824667","1587813","2.04",,
"2024-02-29","HON","Honeywell International Inc. C","NNM","8019166","7158788","2612806","3.07",,
"2024-02-29","HOOD","Robinhood Markets, Inc. Class","NNM","33559114","36187190","20999405","1.60",,
"2024-02-29","HPE","Hewlett Packard Enterprise Com","NYSE","32747246","30623487","12047237","2.72",,
"2024-02-29","HWM","Howmet Aerospace Inc.","NYSE","4992634","4650404","3274629","1.52",,
"2024-02-29","IBKR","Interactive Brokers Group, Inc","NNM","3592137","2481774","966369","3.72",,
"2024-02-29","IBM","International Business Machine","NYSE","22001263","21614639","4474191","4.92",,
"2024-02-29","ICE","Intercontinental Exchange  Inc","NYSE","5113955","4892207","2352745","2.17",,
"2024-02-29","INTC","Intel Corporation Common Stock","NNM","68802783","66854701","41224683","1.67",,
"2024-02-29","INTU","Intuit Inc. Common Stock","NNM","3717626","3390856","1451933","2.56",,
"2024-02-29","ISRG","Intuitive Surgical, Inc. Commo","NNM","3297595","3263457","1269157","2.60",,
"2024-02-29","ITW","Illinois Tool Works Inc.","NYSE","7842134","7202917","1071442","7.32",,
"2024-02-29","JNJ","Johnson & Johnson","NYSE","14850157","10964520","7419043","2.00",,
"2024-02-29","JPM","JPMorgan Chase & Co.","NYSE","18812563","19564313","7765315","2.42",,
"2024-02-29","KKR","KKR & Co. Inc.","NYSE","6943764","6536405","3657389","1.90",,
"2024-02-29","KLAC","KLA Corporation Common Stock","NNM","2057244","1751731","845273","2.43",,
"2024-02-29","KMI","Kinder Morgan, Inc.","NYSE","29027358","28665387","12440453","2.33",,
"2024-02-29","KO","Coca-Cola Company","NYSE","22131811","23093546","13306303","1.66",,
"2024-02-29","LIN","Linde plc Ordinary Shares","NNM","3610562","3313206","1614966","2.24",,
"2024-02-29","LLY","Eli Lilly & Co.","NYSE","5423381","5152918","3378167","1.61",,
"2024-02-29","LMT","Lockheed Martin Corp.","NYSE","1742708","1931287","1068869","1.63",,
"2024-02-29","LOW","Lowe's Companies Inc.","NYSE","7315489","7988581","2810973","2.60",,
"2024-02-29","LRCX","Lam Research Corporation Commo","NNM","2296926","2606014","904435","2.54",,
"2024-02-29","MA","Mastercard Incorporated","NYSE","4496650","4519284","2621969","1.71",,
"2024-02-29","MAR","Marriott International Class A","NNM","5445653","4757070","1514830","3.59",,
"2024-02-29","MCD","McDonald's Corporation","NYSE","7590077","7493838","2671092","2.84",,
"2024-02-29","MCK","McKesson Corporation","NYSE","1495497","1721386","711511","2.10",,
"2024-02-29","MCO","Moody's Corporation","NYSE","1092788","1166162","813617","1.34",,
"2024-02-29","MDLZ","Mondelez International, Inc. C","NNM","16820511","15925793","7370644","2.28",,
"2024-02-29","MDT","Medtronic plc","NYSE","8450711","9814141","7577641","1.12",,
"2024-02-29","META","Meta Platforms, Inc. Class A C","NNM","27730326","29870273","16267882","1.70",,
"2024-02-29","MMM","3M Company","NYSE","7345867","6075186","3691562","1.99",,
"2024-02-29","MNST","Monster Beverage Corporation","NNM","13688769","13324573","5938525","2.31",,
"2024-02-29","MO","Altria Group, Inc.","NYSE","13827514","14607254","7182729","1.93",,
"2024-02-29","MPC","MARATHON PETROLEUM CORPORATION","NYSE","7773073","7190336","2647923","2.94",,
"2024-02-29","MPWR","Monolithic Power Systems, Inc.","NNM","941563","948005","468161","2.01",,
"2024-02-29","MRK","Merck & Co., Inc.","NYSE","16604734","16818374","6293967","2.64",,
"2024-02-29","MRVL","Marvell Technology, Inc. Commo","NNM","20955629","22459961","10632000","1.97",,
"2024-02-29","MS","Morgan Stanley","NYSE","14243395","14588801","6920768","2.06",,
"2024-02-29","MSFT","Microsoft Corporation Common S","NNM","48235867","42451775","20494416","2.35",,
"2024-02-29","MSI","Motorola Solutions, Inc. New","NYSE","1220429","1203254","551803","2.21",,
"2024-02-29","MU","Micron Technology, Inc. Common","NNM","22108138","20431231","16251269","1.36",,
"2024-02-29","NEE","Nextra Energy, Inc.","NYSE","22325489","23766467","12408920","1.80",,
"2024-02-29","NEM","Newmont Corporation","NYSE","19542922","17962228","16947691","1.15",,
"2024-02-29","NET","Cloudflare, Inc. Class A commo","NYSE","11757276","12014221","3755326","3.13",,
"2024-02-29","NFLX","Netflix, Inc. Common Stock","NNM","7889385","8077812","3168405","2.49",,
"2024-02-29","NKE","Nike, Inc.","NYSE","15178684","15529144","8008475","1.90",,
"2024-02-29","NOC","Northrop Grumman Corp.","NYSE","2068827","3183236","949612","2.18",,
"2024-02-29","NOW","SERVICENOW, INC.","NYSE","3025258","3253054","1359515","2.23",,
"2024-02-29","NSC","Norfolk Southern Corp.","NYSE","1938263","2347005","1361618","1.42",,
"2024-02-29","NVDA","NVIDIA Corporation Common Stoc","NNM","26972659","28139408","59339521","1.00",,
"2024-02-29","ORCL","Oracle Corp","NYSE","14373431","14177574","8294409","1.73",,
"2024-02-29","ORLY","O'Reilly Automotive, Inc. Comm","NNM","825390","941728","337245","2.45",,
"2024-02-29","PANW","Palo Alto Networks, Inc. Commo","NNM","14106383","12931610","16645812","1.00",,
"2024-02-29","PCAR","PACCAR Inc. Common Stock","NNM","5955746","5547581","2153345","2.77",,
"2024-02-29","PEP","PepsiCo, Inc. Common Stock","NNM","16267757","14368324","5598812","2.91",,
"2024-02-29","PFE","Pfizer Inc.","NYSE","66119938","60680875","36957247","1.79",,
"2024-02-29","PG","Procter & Gamble Company","NYSE","17900043","17392929","5890945","3.04",,
"2024-02-29","PGR","Progressive Corporation","NYSE","4203565","4571632","2458088","1.71",,
"2024-02-29","PH","Parker-Hannifin Corporation","NYSE","1030113","1020125","574505","1.79",,
"2024-02-29","PLD","PROLOGIS, INC.","NYSE","9129321","10137678","2946615","3.10",,
"2024-02-29","PLTR","Palantir Technologies Inc. Cla","NYSE","97083544","102416387","61568581","1.58",,
"2024-02-29","PM","Philip Morris International In","NYSE","7073496","6549177","4306622","1.64",,
"2024-02-29","PNC","PNC Financial Services Group","NYSE","4569431","5066587","1903212","2.40",,
"2024-02-29","PSX","PHILLIPS 66","NYSE","8015378","9299835","2672844","3.00",,
"2024-02-29","PWR","Quanta Services, Inc.","NYSE","3413551","3387908","1286856","2.65",,
"2024-02-29","QCOM","QUALCOMM Incorporated Common S","NNM","17222603","18668942","7743168","2.22",,
"2024-02-29","RCL","Royal Caribbean Group","NYSE","15130007","15086578","2828915","5.35",,
"2024-02-29","REGN","Regeneron Pharmaceuticals, Inc","NNM","1357070","1370426","483480","2.81",,
"2024-02-29","ROST","Ross Stores, Inc. Common Stock","NNM","3908159","3894607","1808012","2.16",,
"2024-02-29","RSG","Republic Services Inc.","NYSE","2631025","2710528","1373107","1.92",,
"2024-02-29","RTX","RTX Corporation","NYSE","44504702","47145676","6579964","6.76",,
"2024-02-29","SBUX","Starbucks Corporation Common S","NNM","14989212","14382742","7409204","2.02",,
"2024-02-29","SCCO","Southern Copper Corporation","NYSE","4472526","5133886","715987","6.25",,
"2024-02-29","SCHW","The Charles Schwab Corporation","NYSE","14917482","15491020","5710242","2.61",,
"2024-02-29","SHW","The Sherwin-Williams Company","NYSE","2583019","2652814","1373550","1.88",,
"2024-02-29","SNOW","Snowflake Inc.","NYSE","9404751","10361998","10550386","1.00",,
"2024-02-29","SNPS","Synopsys, Inc. Common Stock","NNM","3206447","3316003","1281596","2.50",,
"2024-02-29","SO","The Southern Company","NYSE","14633057","13307038","5322304","2.75",,
"2024-02-29","SPCX","The SPAC and New Issue ETF","NNM","8316","8321","3295","2.52",,
"2024-02-29","SPG","Simon Property Group, Inc.","NYSE","3738331","4082582","1545006","2.42",,
"2024-02-29","SPGI","S&P Global Inc.","NYSE","2275729","3040575","1482006","1.54",,"R"
"2024-02-29","SYK","Stryker Corporation","NYSE","3748225","3770968","1266865","2.96",,
"2024-02-29","T","AT&T Inc.","NYSE","95929286","94291995","34189111","2.81",,
"2024-02-29","TDG","TransDigm Group Incorporated","NYSE","1168853","1162848","221866","5.27",,
"2024-02-29","TFC","Truist Financial Corporation","NYSE","12859773","14796479","8978816","1.43",,
"2024-02-29","TGT","Target Corporation","NYSE","7372468","7021253","3284909","2.24",,
"2024-02-29","TJX","TJX Companies, Inc. (The)","NYSE","13554625","12458325","6005035","2.26",,
"2024-02-29","TMO","Thermo Fisher Scientific, Inc.","NYSE","2939560","2905352","1043219","2.82",,
"2024-02-29","TMUS","T-Mobile US, Inc. Common Stock","NNM","26879428","27109486","4014583","6.70",,
"2024-02-29","TRV","The Travelers Companies, Inc.","NYSE","3439544","3507732","1748458","1.97",,
"2024-02-29","TSLA","Tesla, Inc. Common Stock","NNM","95932821","88650515","99404615","1.00",,"R"
"2024-02-29","TXN","Texas Instruments Incorporated","NNM","15007995","14718669","4403573","3.41",,
"2024-02-29","UBER","Uber Technologies, Inc.","NYSE","59156203","54704086","17486052","3.38",,
"2024-02-29","UNH","UNITEDHEALTH GROUP INCORPORATE","NYSE","6738651","6337428","3889125","1.73",,
"2024-02-29","UNP","Union Pacific Corp.","NYSE","4103690","4978108","2244830","1.83",,
"2024-02-29","UPS","United Parcel Service, Inc. Cl","NYSE","10956191","10672914","3243255","3.38",,
"2024-02-29","URI","United Rentals, Inc.","NYSE","2688401","3189455","447896","6.00",,
"2024-02-29","USB","U.S. Bancorp","NYSE","18606637","18298324","7640506","2.44",,
"2024-02-29","V","VISA Inc.","NYSE","32383838","34179648","5195745","6.23",,
"2024-02-29","VLO","Valero Energy Corporation","NYSE","10521771","8929467","3410899","3.08",,
"2024-02-29","VRT","Vertiv Holdings Co Class A Com","NYSE","8246379","7678331","9378462","1.00",,
"2024-02-29","VRTX","Vertex Pharmaceuticals Incorpo","NNM","4054715","4125445","1024051","3.96",,
"2024-02-29","VZ","Verizon Communications","NYSE","51597330","54409904","17044235","3.03",,
"2024-02-29","WBD","Warner Bros. Discovery, Inc. S","NNM","94608265","83515952","36857953","2.57",,
"2024-02-29","WDC","Western Digital Corporation Co","NNM","18736291","18043263","5282329","3.55",,
"2024-02-29","WELL","Welltower Inc.","NYSE","6102873","5503022","3545237","1.72",,
"2024-02-29","WFC","Wells Fargo & Co.","NYSE","35231771","29399756","21124776","1.67",,
"2024-02-29","WM","Waste Management, Inc.","NYSE","5528034","3920741","2061073","2.68",,
"2024-02-29","WMB","Williams Companies Inc.","NYSE","19220430","18006892","8163783","2.35",,
"2024-02-29","WMT","Walmart Inc.","NYSE","38961882","12691332","36978704","1.05","S",
"2024-02-29","XOM","Exxon Mobil Corporation","NYSE","106454233","96246427","17482723","6.09",,"R"
"2024-01-31","AAPL","Apple Inc. Common Stock","NNM","99244672","101263039","55845648","1.78",,
"2024-01-31","ABBV","ABBVIE INC.","NYSE","13718240","13561430","4901485","2.80",,
"2024-01-31","ABNB","Airbnb, Inc. Class A Common St","NNM","18692352","17994199","4895161","3.82",,
"2024-01-31","ABT","Abbott Laboratories","NYSE","12703258","10551428","5974982","2.13",,
"2024-01-31","ADBE","Adobe Inc. Common Stock","NNM","5303167","5444000","2915670","1.82",,
"2024-01-31","ADI","Analog Devices, Inc. Common St","NNM","6863718","6336629","3209824","2.14",,
"2024-01-31","ADP","Automatic Data Processing, Inc","NNM","3873841","3699825","1875496","2.07",,
"2024-01-31","AEP","American Electric Power Compan","NNM","7861269","8487629","3946667","1.99",,
"2024-01-31","AFL","Aflac Inc.","NYSE","10188594","9866668","1629276","6.25",,
"2024-01-31","AJG","Arthur J. Gallagher & Co.","NYSE","1806899","1704980","997556","1.81",,
"2024-01-31","ALL","The Allstate Corporation","NYSE","1967532","2175840","1406080","1.40",,
"2024-01-31","AMAT","Applied Materials, Inc. Common","NNM","16775341","21685160","6851817","2.45",,
"2024-01-31","AMD","Advanced Micro Devices, Inc. C","NNM","39854821","45244379","115588510","1.00",,
"2024-01-31","AMGN","Amgen Inc. Common Stock","NNM","9295065","8843256","2315333","4.01",,
"2024-01-31","AMT","American Tower Corporation","NYSE","5268378","5705375","2432505","2.17",,
"2024-01-31","AMZN","Amazon.com, Inc. Common Stock","NNM","75175053","84850391","44041805","1.71",,
"2024-01-31","ANET","Arista Networks","NYSE","3645520","3638679","1868631","1.95",,
"2024-01-31","AON","Aon plc Class A","NYSE","1822629","1676975","1305289","1.40",,
"2024-01-31","APD","Air Products & Chemicals, Inc.","NYSE","2382576","2189147","1592522","1.50",,
"2024-01-31","APH","Amphenol Corporation","NYSE","7016632","8371416","3160564","2.22",,
"2024-01-31","APO","Apollo Global Management, Inc.","NYSE","15903507","14594747","2339613","6.80",,
"2024-01-31","APP","Applovin Corporation Class A C","NNM","15832197","14587237","3708616","4.27",,
"2024-01-31","AVGO","Broadcom Inc. Common Stock","NNM","5163179","5041111","2833966","1.82",,
"2024-01-31","AXP","American Express Company","NYSE","8073441","6747980","4282786","1.89",,
"2024-01-31","BA","Boeing Company","NYSE","9706750","9199648","16672391","1.00",,
"2024-01-31","BAC","Bank of America Corporation","NYSE","62534340","69789598","43738791","1.43",,
"2024-01-31","BKNG","Booking Holdings Inc. Common S","NNM","685311","644757","234136","2.93",,
"2024-01-31","BLK","Blackrock, Inc.","NYSE","1745713","1710530","711748","2.45",,
"2024-01-31","BMY","Bristol-Myers Squibb Co.","NYSE","31094351","29186038","15088102","2.06",,
"2024-01-31","BNY","BlackRock New York Municipal I","NYSE","10259","13587","42223","1.00",,
"2024-01-31","BRKA","Berkshire Hathaway Inc.","NYSE","371","473","9952","1.00",,
"2024-01-31","BRKB","BERKSHIRE HATHAWAY Class B","NYSE","8118958","7200105","3515667","2.31",,
"2024-01-31","BSX","Boston Scientific Corp.","NYSE","10866334","11433331","7727584","1.41",,
"2024-01-31","BX","Blackstone Inc.","NYSE","24175034","24295366","3483971","6.94",,
"2024-01-31","C","Citigroup Inc.","NYSE","24389871","31521520","19368943","1.26",,
"2024-01-31","CAT","Caterpillar Inc.","NYSE","7914017","9192427","2821775","2.80",,
"2024-01-31","CCZ","Comcast Holdings Corp. 2.0% Ex","NYSE","41","26","93","1.00",,
"2024-01-31","CDNS","Cadence Design Systems, Inc. C","NNM","2727357","2746077","1596802","1.71",,
"2024-01-31","CEG","Constellation Energy Corporati","NNM","4796728","5052133","1587282","3.02",,
"2024-01-31","CI","The Cigna Group","NYSE","3108413","3507444","1571604","1.98",,
"2024-01-31","CL","Colgate-Palmolive Company","NYSE","10087059","9699640","6049433","1.67",,
"2024-01-31","CMCSA","Comcast Corporation Class A Co","NNM","40855298","42322992","19401705","2.11",,
"2024-01-31","CME","CME Group Inc. Class A Common","NNM","3437477","3793777","1933031","1.78",,
"2024-01-31","CMI","Cummins Inc.","NYSE","1983145","1908704","905567","2.19",,
"2024-01-31","COF","Capital One Financial","NYSE","6008005","7330622","2975532","2.02",,
"2024-01-31","COP","ConocoPhillips","NYSE","11959551","12843751","5413781","2.21",,
"2024-01-31","COST","Costco Wholesale Corporation C","NNM","5732801","6025004","2020572","2.84",,
"2024-01-31","CRM","Salesforce, Inc.","NYSE","8719431","9745800","5605377","1.56",,
"2024-01-31","CRWD","CrowdStrike Holdings, Inc. Cla","NNM","6158386","7331671","3240027","1.90",,
"2024-01-31","CSCO","Cisco Systems, Inc. Common Sto","NNM","43564722","44310191","18049142","2.41",,
"2024-01-31","CSX","CSX Corporation Common Stock","NNM","19616880","16586781","14832679","1.32",,
"2024-01-31","CTAS","Cintas Corporation Common Stoc","NNM","1360421","1426886","303595","4.48",,
"2024-01-31","CVNA","Carvana Co.","NYSE","33476309","33557437","5346613","6.26",,
"2024-01-31","CVS","CVS HEALTH CORPORATION","NYSE","36792776","42521469","12853144","2.86",,
"2024-01-31","CVX","Chevron Corporation","NYSE","48884803","43751695","9477555","5.16",,
"2024-01-31","D","Dominion Energy, Inc Common St","NYSE","11975260","8967630","4969525","2.41",,
"2024-01-31","DASH","DoorDash, Inc. Class A Common","NNM","14754242","16137446","2858965","5.16",,
"2024-01-31","DDOG","Datadog, Inc. Class A Common S","NNM","9850184","11041885","5197759","1.90",,
"2024-01-31","DE","Deere & Company","NYSE","2567340","2420710","1168612","2.20",,
"2024-01-31","DELL","Dell Technologies Inc.","NYSE","8400837","8803422","4012390","2.09",,
"2024-01-31","DHR","Danaher Corporation","NYSE","6114077","6006038","3505606","1.74",,
"2024-01-31","DIS","The Walt Disney Company","NYSE","18474514","27047356","12522627","1.48",,
"2024-01-31","DLR","Digital Realty Trust, Inc.","NYSE","12009014","11319357","2103445","5.71",,
"2024-01-31","DUK","Duke Energy Corporation","NYSE","9419672","10291801","3125117","3.01",,
"2024-01-31","ECL","Ecolab, Inc.","NYSE","1939260","1785070","1178408","1.65",,
"2024-01-31","ELV","Elevance Health, Inc.","NYSE","2113748","1923684","1552168","1.36",,
"2024-01-31","EMR","Emerson Electric Co.","NYSE","5221117","5630914","2889093","1.81",,
"2024-01-31","EOG","EOG Resources, Inc.","NYSE","6710102","6460527","2985215","2.25",,
"2024-01-31","EPD","Enterprise Products Partners L","NYSE","17329258","16808211","5647142","3.07",,
"2024-01-31","EQIX","Equinix, Inc. Common Stock REI","NNM","1352114","1291641","465295","2.91",,
"2024-01-31","FCX","Freeport-McMoran Inc.","NYSE","14330258","14430639","14960912","1.00",,
"2024-01-31","FDX","FedEx Corporation","NYSE","3091057","3822333","2380859","1.30",,
"2024-01-31","FTNT","Fortinet, Inc. Common Stock","NNM","11400680","11579043","6873379","1.66",,
"2024-01-31","GD","General Dynamics Corporation","NYSE","2001427","1769107","1617785","1.24",,
"2024-01-31","GE","General Electric Company","NYSE","8300499","8392602","5933384","1.40",,
"2024-01-31","GILD","Gilead Sciences, Inc. Common S","NNM","15662309","17135011","7857740","1.99",,
"2024-01-31","GLW","Corning Incorporated","NYSE","8719066","10240276","6128089","1.42",,
"2024-01-31","GM","General Motors Company","NYSE","99172998","110714757","22766253","4.36",,
"2024-01-31","GOOG","Alphabet Inc. Class C Capital","NNM","37123330","36130417","22223924","1.67",,
"2024-01-31","GOOGL","Alphabet Inc. Class A Common S","NNM","49012364","48701781","30812412","1.59",,
"2024-01-31","GS","Goldman Sachs Group Inc.","NYSE","4019572","4356525","2831733","1.42",,
"2024-01-31","GWW","W.W. Grainger, Inc.","NYSE","1232752","1205107","302949","4.07",,
"2024-01-31","HCA","HCA Healthcare, Inc.","NYSE","2241860","2304108","1537923","1.46",,
"2024-01-31","HD","Home Depot, Inc.","NYSE","10427123","9644609","3175480","3.28",,
"2024-01-31","HLT","Hilton Worldwide Holdings Inc.","NYSE","2556253","3486201","1488951","1.72",,
"2024-01-31","HON","Honeywell International Inc. C","NNM","5956383","5916656","3232286","1.84",,
"2024-01-31","HOOD","Robinhood Markets, Inc. Class","NNM","31322234","35710574","7615210","4.11",,
"2024-01-31","HPE","Hewlett Packard Enterprise Com","NYSE","27866251","28499277","11464025","2.43",,
"2024-01-31","HWM","Howmet Aerospace Inc.","NYSE","4818601","3599716","3636241","1.33",,
"2024-01-31","IBKR","Interactive Brokers Group, Inc","NNM","2780571","2847320","1604971","1.73",,
"2024-01-31","IBM","International Business Machine","NYSE","23507523","24913613","8076897","2.91",,
"2024-01-31","ICE","Intercontinental Exchange  Inc","NYSE","4914872","5357255","2032916","2.42",,
"2024-01-31","INTC","Intel Corporation Common Stock","NNM","59398958","62290314","55737107","1.07",,
"2024-01-31","INTU","Intuit Inc. Common Stock","NNM","3789285","3773191","1088784","3.48",,
"2024-01-31","ISRG","Intuitive Surgical, Inc. Commo","NNM","2966114","2737626","2099018","1.41",,
"2024-01-31","ITW","Illinois Tool Works Inc.","NYSE","7714909","7398007","1165641","6.62",,
"2024-01-31","JNJ","Johnson & Johnson","NYSE","12302412","15005887","6722379","1.83",,
"2024-01-31","JPM","JPMorgan Chase & Co.","NYSE","17568241","17817428","10634060","1.65",,
"2024-01-31","KKR","KKR & Co. Inc.","NYSE","5676711","6603811","3006718","1.89",,
"2024-01-31","KLAC","KLA Corporation Common Stock","NNM","1416523","1976279","1192425","1.19",,
"2024-01-31","KMI","Kinder Morgan, Inc.","NYSE","31538083","32579626","17623749","1.79",,
"2024-01-31","KO","Coca-Cola Company","NYSE","22609034","23747922","14844675","1.52",,
"2024-01-31","LIN","Linde plc Ordinary Shares","NNM","2850931","3519424","1554182","1.83",,
"2024-01-31","LLY","Eli Lilly & Co.","NYSE","4412216","4886418","2678473","1.65",,
"2024-01-31","LMT","Lockheed Martin Corp.","NYSE","1567955","1971811","1424673","1.10",,
"2024-01-31","LOW","Lowe's Companies Inc.","NYSE","8125755","8193153","2749622","2.96",,
"2024-01-31","LRCX","Lam Research Corporation Commo","NNM","2415252","2805199","1397268","1.73",,
"2024-01-31","MA","Mastercard Incorporated","NYSE","4910118","4885973","2729708","1.80",,
"2024-01-31","MAR","Marriott International Class A","NNM","5351304","6051884","1376647","3.89",,
"2024-01-31","MCD","McDonald's Corporation","NYSE","7982776","7310732","3083628","2.59",,
"2024-01-31","MCK","McKesson Corporation","NYSE","1565836","1687831","660517","2.37",,
"2024-01-31","MCO","Moody's Corporation","NYSE","1416756","1627070","555373","2.55",,
"2024-01-31","MDLZ","Mondelez International, Inc. C","NNM","16951689","15209414","7742795","2.19",,
"2024-01-31","MDT","Medtronic plc","NYSE","10873780","11389915","6424497","1.69",,
"2024-01-31","META","Meta Platforms, Inc. Class A C","NNM","27886233","26919460","16513209","1.69",,
"2024-01-31","MMM","3M Company","NYSE","6597979","7033985","6390220","1.03",,
"2024-01-31","MNST","Monster Beverage Corporation","NNM","11222168","10635343","5981380","1.88",,
"2024-01-31","MO","Altria Group, Inc.","NYSE","16450472","15525448","8533515","1.93",,
"2024-01-31","MPC","MARATHON PETROLEUM CORPORATION","NYSE","8080421","8292484","3141004","2.57",,
"2024-01-31","MPWR","Monolithic Power Systems, Inc.","NNM","1068585","1130732","465326","2.30",,
"2024-01-31","MRK","Merck & Co., Inc.","NYSE","17017794","20814150","7839892","2.17",,
"2024-01-31","MRVL","Marvell Technology, Inc. Commo","NNM","23722780","20479541","13021884","1.82",,
"2024-01-31","MS","Morgan Stanley","NYSE","16886753","20937952","11469642","1.47",,
"2024-01-31","MSFT","Microsoft Corporation Common S","NNM","49875453","51901029","26469434","1.88",,
"2024-01-31","MSI","Motorola Solutions, Inc. New","NYSE","1231969","1199436","623909","1.97",,
"2024-01-31","MU","Micron Technology, Inc. Common","NNM","22095005","19985591","14486301","1.53",,
"2024-01-31","NEE","Nextra Energy, Inc.","NYSE","17736597","19190902","12123808","1.46",,
"2024-01-31","NEM","Newmont Corporation","NYSE","18966948","19704094","11287977","1.68",,
"2024-01-31","NET","Cloudflare, Inc. Class A commo","NYSE","15197502","15848710","2883375","5.27",,
"2024-01-31","NFLX","Netflix, Inc. Common Stock","NNM","9930662","9449416","8778246","1.13",,
"2024-01-31","NKE","Nike, Inc.","NYSE","13799637","13800706","9156617","1.51",,
"2024-01-31","NOC","Northrop Grumman Corp.","NYSE","3069623","1483662","1381532","2.22",,
"2024-01-31","NOW","SERVICENOW, INC.","NYSE","3068245","2845188","1546305","1.98",,
"2024-01-31","NSC","Norfolk Southern Corp.","NYSE","2069799","2170809","1958865","1.06",,
"2024-01-31","NVDA","NVIDIA Corporation Common Stoc","NNM","27251889","27560860","44425602","1.00",,
"2024-01-31","ORCL","Oracle Corp","NYSE","14310589","15610672","8522566","1.68",,
"2024-01-31","ORLY","O'Reilly Automotive, Inc. Comm","NNM","1208759","1092895","405221","2.98",,
"2024-01-31","PANW","Palo Alto Networks, Inc. Commo","NNM","13435289","14686373","2999228","4.48",,
"2024-01-31","PCAR","PACCAR Inc. Common Stock","NNM","5415752","6208841","2744422","1.97",,
"2024-01-31","PEP","PepsiCo, Inc. Common Stock","NNM","14311238","15588153","5152352","2.78",,
"2024-01-31","PFE","Pfizer Inc.","NYSE","60186221","57575039","50407240","1.19",,
"2024-01-31","PG","Procter & Gamble Company","NYSE","16117812","14574527","9598007","1.68",,
"2024-01-31","PGR","Progressive Corporation","NYSE","3830936","3954252","2584197","1.48",,
"2024-01-31","PH","Parker-Hannifin Corporation","NYSE","866158","1004745","665050","1.30",,
"2024-01-31","PLD","PROLOGIS, INC.","NYSE","9582096","10926861","3315679","2.89",,
"2024-01-31","PLTR","Palantir Technologies Inc. Cla","NYSE","114722733","102523755","41221751","2.78",,
"2024-01-31","PM","Philip Morris International In","NYSE","6669634","7715942","5323904","1.25",,
"2024-01-31","PNC","PNC Financial Services Group","NYSE","6062409","6059599","2064278","2.94",,
"2024-01-31","PSX","PHILLIPS 66","NYSE","9371171","8852695","3309997","2.83",,
"2024-01-31","PWR","Quanta Services, Inc.","NYSE","3605097","4066332","1058614","3.41",,
"2024-01-31","QCOM","QUALCOMM Incorporated Common S","NNM","14932176","14421088","10317801","1.45",,
"2024-01-31","RCL","Royal Caribbean Group","NYSE","16194974","16740379","2358889","6.87",,
"2024-01-31","REGN","Regeneron Pharmaceuticals, Inc","NNM","1250252","1067346","522451","2.39",,
"2024-01-31","ROST","Ross Stores, Inc. Common Stock","NNM","3487745","3723939","1716922","2.03",,
"2024-01-31","RSG","Republic Services Inc.","NYSE","2475183","2510702","1308908","1.89",,
"2024-01-31","RTX","RTX Corporation","NYSE","52131035","58260783","9783072","5.33",,
"2024-01-31","SBUX","Starbucks Corporation Common S","NNM","13754721","17277627","11265736","1.22",,
"2024-01-31","SCCO","Southern Copper Corporation","NYSE","5697079","5757980","1019780","5.59",,
"2024-01-31","SCHW","The Charles Schwab Corporation","NYSE","17978181","20073871","9524941","1.89",,
"2024-01-31","SHW","The Sherwin-Williams Company","NYSE","2431272","2374416","1704185","1.43",,
"2024-01-31","SNOW","Snowflake Inc.","NYSE","10903882","11119857","5505861","1.98",,
"2024-01-31","SNPS","Synopsys, Inc. Common Stock","NNM","2997382","2797583","1885644","1.59",,
"2024-01-31","SO","The Southern Company","NYSE","12512773","13166162","4932519","2.54",,
"2024-01-31","SPCX","The SPAC and New Issue ETF","NNM","8336","8449","2201","3.79",,
"2024-01-31","SPG","Simon Property Group, Inc.","NYSE","4508676","4351432","1532439","2.94",,
"2024-01-31","SPGI","S&P Global Inc.","NYSE","2412702","3173217","1094232","2.20",,
"2024-01-31","SYK","Stryker Corporation","NYSE","4175654","4741137","1797859","2.32",,
"2024-01-31","T","AT&T Inc.","NYSE","96816868","90884033","49017767","1.98",,
"2024-01-31","TDG","TransDigm Group Incorporated","NYSE","1133495","1116665","195996","5.78",,
"2024-01-31","TFC","Truist Financial Corporation","NYSE","14699458","17829219","10636115","1.38",,
"2024-01-31","TGT","Target Corporation","NYSE","7227911","8207241","3531474","2.05",,
"2024-01-31","TJX","TJX Companies, Inc. (The)","NYSE","10850281","10931416","4336593","2.50",,
"2024-01-31","TMO","Thermo Fisher Scientific, Inc.","NYSE","2876410","2923490","2141026","1.34",,
"2024-01-31","TMUS","T-Mobile US, Inc. Common Stock","NNM","27805490","25243088","5840216","4.76",,
"2024-01-31","TRV","The Travelers Companies, Inc.","NYSE","3477179","2795717","1756535","1.98",,
"2024-01-31","TSLA","Tesla, Inc. Common Stock","NNM","90710966","80466304","117793907","1.00",,
"2024-01-31","TXN","Texas Instruments Incorporated","NNM","15086410","15464752","8028895","1.88",,
"2024-01-31","UBER","Uber Technologies, Inc.","NYSE","60097043","71706293","18186282","3.30",,
"2024-01-31","UNH","UNITEDHEALTH GROUP INCORPORATE","NYSE","6249377","6255636","5690011","1.10",,
"2024-01-31","UNP","Union Pacific Corp.","NYSE","4980400","4759729","2705244","1.84",,
"2024-01-31","UPS","United Parcel Service, Inc. Cl","NYSE","11848318","12160224","5412988","2.19",,
"2024-01-31","URI","United Rentals, Inc.","NYSE","3260788","3738924","894243","3.65",,
"2024-01-31","USB","U.S. Bancorp","NYSE","21338914","24958143","10964371","1.95",,
"2024-01-31","V","VISA Inc.","NYSE","33768189","30472784","6405764","5.27",,
"2024-01-31","VLO","Valero Energy Corporation","NYSE","9405510","8956542","3613555","2.60",,
"2024-01-31","VRT","Vertiv Holdings Co Class A Com","NYSE","11339412","13516356","5929543","1.91",,
"2024-01-31","VRTX","Vertex Pharmaceuticals Incorpo","NNM","3307184","3353775","1662247","1.99",,
"2024-01-31","VZ","Verizon Communications","NYSE","50342040","45621516","25506437","1.97",,
"2024-01-31","WBD","Warner Bros. Discovery, Inc. S","NNM","82690116","86210416","17763504","4.66",,
"2024-01-31","WDC","Western Digital Corporation Co","NNM","17488994","15416314","10598326","1.65",,
"2024-01-31","WELL","Welltower Inc.","NYSE","5552273","6452238","2109288","2.63",,
"2024-01-31","WFC","Wells Fargo & Co.","NYSE","30681724","30721553","19065094","1.61",,
"2024-01-31","WM","Waste Management, Inc.","NYSE","3746806","4600933","1645621","2.28",,
"2024-01-31","WMB","Williams Companies Inc.","NYSE","17315630","16938868","6343908","2.73",,
"2024-01-31","WMT","Walmart Inc.","NYSE","11609876","12375340","5831251","1.99",,
"2024-01-31","XOM","Exxon Mobil Corporation","NYSE","93437757","87078979","19670748","4.75",,
"2023-12-15","AAPL","Apple Inc. Common Stock","NNM","120233720","110653413","60940693","1.97",,
"2023-12-15","ABBV","ABBVIE INC.","NYSE","13688990","11128025","6819344","2.01",,
"2023-12-15","ABNB","Airbnb, Inc. Class A Common St","NNM","21519218","23475334","6177684","3.48",,
"2023-12-15","ABT","Abbott Laboratories","NYSE","12307544","11750503","5787569","2.13",,
"2023-12-15","ADBE","Adobe Inc. Common Stock","NNM","4721373","5403728","4230642","1.12",,
"2023-12-15","ADI","Analog Devices, Inc. Common St","NNM","6761337","6879650","3580343","1.89",,
"2023-12-15","ADP","Automatic Data Processing, Inc","NNM","3726654","3666523","2199306","1.69",,
"2023-12-15","AEP","American Electric Power Compan","NNM","7539935","7351322","4172839","1.81",,
"2023-12-15","AFL","Aflac Inc.","NYSE","11083599","10850123","2735923","4.05",,
"2023-12-15","AJG","Arthur J. Gallagher & Co.","NYSE","2053592","2476028","1217222","1.69",,
"2023-12-15","ALL","The Allstate Corporation","NYSE","2779687","2841427","1704348","1.63",,
"2023-12-15","AMAT","Applied Materials, Inc. Common","NNM","22272918","20422971","5889572","3.78",,
"2023-12-15","AMD","Advanced Micro Devices, Inc. C","NNM","53651072","44739272","73515091","1.00",,
"2023-12-15","AMGN","Amgen Inc. Common Stock","NNM","9061811","8103763","2917503","3.11",,
"2023-12-15","AMT","American Tower Corporation","NYSE","6571625","6209078","2362740","2.78",,
"2023-12-15","AMZN","Amazon.com, Inc. Common Stock","NNM","90010232","87368410","53032706","1.70",,
"2023-12-15","ANET","Arista Networks","NYSE","3713365","3272752","1879647","1.98",,
"2023-12-15","AON","Aon plc Class A","NYSE","1858362","1745957","1246918","1.49",,
"2023-12-15","APD","Air Products & Chemicals, Inc.","NYSE","2107625","1800060","1600791","1.32",,
"2023-12-15","APH","Amphenol Corporation","NYSE","6902996","6634630","3815952","1.81",,
"2023-12-15","APO","Apollo Global Management, Inc.","NYSE","12909225","12555683","2635421","4.90",,
"2023-12-15","APP","Applovin Corporation Class A C","NNM","15167684","14808899","2990830","5.07",,
"2023-12-15","AVGO","Broadcom Inc. Common Stock","NNM","5449196","4727011","6028035","1.00",,
"2023-12-15","AXP","American Express Company","NYSE","6919886","6838479","3956178","1.75",,
"2023-12-15","BA","Boeing Company","NYSE","10032336","9997761","6882460","1.46",,
"2023-12-15","BAC","Bank of America Corporation","NYSE","75748447","69581156","51368949","1.47",,
"2023-12-15","BKNG","Booking Holdings Inc. Common S","NNM","728613","698475","296040","2.46",,
"2023-12-15","BLK","Blackrock, Inc.","NYSE","2143673","1784458","920922","2.33",,
"2023-12-15","BMY","Bristol-Myers Squibb Co.","NYSE","24100726","27166088","17358506","1.39",,
"2023-12-15","BNY","BlackRock New York Municipal I","NYSE","3696","7108","60909","1.00",,
"2023-12-15","BRKA","Berkshire Hathaway Inc.","NYSE","725","472","8294","1.00",,
"2023-12-15","BRKB","BERKSHIRE HATHAWAY Class B","NYSE","7544831","7931278","3978853","1.90",,
"2023-12-15","BSX","Boston Scientific Corp.","NYSE","11640663","9240836","6043898","1.93",,
"2023-12-15","BX","Blackstone Inc.","NYSE","30676500","29500660","4569688","6.71",,
"2023-12-15","C","Citigroup Inc.","NYSE","28678403","31185497","23822216","1.20",,
"2023-12-15","CAT","Caterpillar Inc.","NYSE","10341808","9686460","3751285","2.76",,
"2023-12-15","CCZ","Comcast Holdings Corp. 2.0% Ex","NYSE","230","63","127","1.81",,
"2023-12-15","CDNS","Cadence Design Systems, Inc. C","NNM","2880154","2703225","1788198","1.61",,
"2023-12-15","CEG","Constellation Energy Corporati","NNM","6098199","5871227","2563440","2.38",,
"2023-12-15","CI","The Cigna Group","NYSE","3368839","2652614","3533437","1.00",,
"2023-12-15","CL","Colgate-Palmolive Company","NYSE","10869671","10896215","4832304","2.25",,
"2023-12-15","CMCSA","Comcast Corporation Class A Co","NNM","52465774","49311197","24453596","2.15",,
"2023-12-15","CME","CME Group Inc. Class A Common","NNM","3910826","3534523","2330775","1.68",,
"2023-12-15","CMI","Cummins Inc.","NYSE","1858855","1584511","930525","2.00",,
"2023-12-15","COF","Capital One Financial","NYSE","8070231","8508666","3803383","2.12",,
"2023-12-15","COP","ConocoPhillips","NYSE","11221505","10581545","9036558","1.24",,
"2023-12-15","COST","Costco Wholesale Corporation C","NNM","5727915","4995419","2750764","2.08",,
"2023-12-15","CRM","Salesforce, Inc.","NYSE","9439384","7902859","7800157","1.21",,
"2023-12-15","CRWD","CrowdStrike Holdings, Inc. Cla","NNM","6824986","6628704","3258821","2.09",,
"2023-12-15","CSCO","Cisco Systems, Inc. Common Sto","NNM","40065762","43241848","23719880","1.69",,
"2023-12-15","CSX","CSX Corporation Common Stock","NNM","21993649","25932559","14800960","1.49",,
"2023-12-15","CTAS","Cintas Corporation Common Stoc","NNM","1492436","1292017","447050","3.34",,
"2023-12-15","CVNA","Carvana Co.","NYSE","34989665","32559359","12533368","2.79",,
"2023-12-15","CVS","CVS HEALTH CORPORATION","NYSE","14838917","15583150","10316703","1.44",,
"2023-12-15","CVX","Chevron Corporation","NYSE","36982505","26194295","13927389","2.66",,
"2023-12-15","D","Dominion Energy, Inc Common St","NYSE","12234532","10730316","6642345","1.84",,
"2023-12-15","DASH","DoorDash, Inc. Class A Common","NNM","15760488","16490438","7047797","2.24",,
"2023-12-15","DDOG","Datadog, Inc. Class A Common S","NNM","11450501","10705927","3736918","3.06",,
"2023-12-15","DE","Deere & Company","NYSE","2332730","2549487","2503676","1.00",,
"2023-12-15","DELL","Dell Technologies Inc.","NYSE","9837736","11738165","5940611","1.66",,
"2023-12-15","DHR","Danaher Corporation","NYSE","6592973","7640438","3482018","1.89",,
"2023-12-15","DIS","The Walt Disney Company","NYSE","22134060","23530416","11934218","1.85",,
"2023-12-15","DLR","Digital Realty Trust, Inc.","NYSE","15035243","14858232","2718569","5.53",,
"2023-12-15","DUK","Duke Energy Corporation","NYSE","10121031","7636300","4388645","2.31",,
"2023-12-15","ECL","Ecolab, Inc.","NYSE","1694740","1982869","1358890","1.25",,
"2023-12-15","ELV","Elevance Health, Inc.","NYSE","2149722","1539973","1230182","1.75",,
"2023-12-15","EMR","Emerson Electric Co.","NYSE","5903980","5930366","3541533","1.67",,
"2023-12-15","EOG","EOG Resources, Inc.","NYSE","8818618","8108524","4359677","2.02",,
"2023-12-15","EPD","Enterprise Products Partners L","NYSE","19835132","19589926","4631313","4.28",,
"2023-12-15","EQIX","Equinix, Inc. Common Stock REI","NNM","1717853","1709921","523795","3.28",,
"2023-12-15","FCX","Freeport-McMoran Inc.","NYSE","14257944","17669085","16091856","1.00",,
"2023-12-15","FDX","FedEx Corporation","NYSE","3701768","3358230","1789246","2.07",,
"2023-12-15","FTNT","Fortinet, Inc. Common Stock","NNM","15612671","12307062","6814450","2.29",,
"2023-12-15","GD","General Dynamics Corporation","NYSE","1970285","2070014","1197405","1.65",,
"2023-12-15","GE","General Electric Company","NYSE","10552448","7901987","4854794","2.17",,
"2023-12-15","GILD","Gilead Sciences, Inc. Common S","NNM","18500150","17418359","8499462","2.18",,
"2023-12-15","GLW","Corning Incorporated","NYSE","8285351","7603542","4891053","1.69",,
"2023-12-15","GM","General Motors Company","NYSE","121000331","26306333","26682669","4.53",,
"2023-12-15","GOOG","Alphabet Inc. Class C Capital","NNM","41496239","37253834","27804007","1.49",,
"2023-12-15","GOOGL","Alphabet Inc. Class A Common S","NNM","49918340","48285668","34940297","1.43",,
"2023-12-15","GS","Goldman Sachs Group Inc.","NYSE","4823620","4256321","2773726","1.74",,
"2023-12-15","GWW","W.W. Grainger, Inc.","NYSE","1188643","1198669","251144","4.73",,
"2023-12-15","HCA","HCA Healthcare, Inc.","NYSE","2129015","2116373","1543161","1.38",,
"2023-12-15","HD","Home Depot, Inc.","NYSE","9563560","7675830","4583532","2.09",,
"2023-12-15","HLT","Hilton Worldwide Holdings Inc.","NYSE","4135416","4761536","1966543","2.10",,
"2023-12-15","HON","Honeywell International Inc. C","NNM","7524148","7199524","3485411","2.16",,
"2023-12-15","HOOD","Robinhood Markets, Inc. Class","NNM","35907459","33300550","24323883","1.48",,
"2023-12-15","HPE","Hewlett Packard Enterprise Com","NYSE","29509354","34918180","15709416","1.88",,
"2023-12-15","HWM","Howmet Aerospace Inc.","NYSE","3501051","3323423","2590357","1.35",,
"2023-12-15","IBKR","Interactive Brokers Group, Inc","NNM","2641756","2461270","1548482","1.71",,
"2023-12-15","IBM","International Business Machine","NYSE","27365207","27017373","5499527","4.98",,
"2023-12-15","ICE","Intercontinental Exchange  Inc","NYSE","5641859","4586285","3628088","1.56",,
"2023-12-15","INTC","Intel Corporation Common Stock","NNM","77690133","75606438","45327040","1.71",,
"2023-12-15","INTU","Intuit Inc. Common Stock","NNM","4573045","4167778","1556755","2.94",,
"2023-12-15","ISRG","Intuitive Surgical, Inc. Commo","NNM","3112451","3491001","1615200","1.93",,
"2023-12-15","ITW","Illinois Tool Works Inc.","NYSE","7849759","7943041","1088328","7.21",,
"2023-12-15","JNJ","Johnson & Johnson","NYSE","15400023","14998053","9009925","1.71",,
"2023-12-15","JPM","JPMorgan Chase & Co.","NYSE","20510538","17246340","10652148","1.93",,
"2023-12-15","KKR","KKR & Co. Inc.","NYSE","7381918","7257321","4055714","1.82",,
"2023-12-15","KLAC","KLA Corporation Common Stock","NNM","2621286","2578013","918338","2.85",,
"2023-12-15","KMI","Kinder Morgan, Inc.","NYSE","32705762","32351020","16644462","1.96",,
"2023-12-15","KO","Coca-Cola Company","NYSE","24536040","21890949","19192384","1.28",,
"2023-12-15","LIN","Linde plc Ordinary Shares","NNM","3932748","3329562","2722236","1.44",,
"2023-12-15","LLY","Eli Lilly & Co.","NYSE","5343315","5520000","3379422","1.58",,
"2023-12-15","LMT","Lockheed Martin Corp.","NYSE","2540720","2131992","1350894","1.88",,
"2023-12-15","LOW","Lowe's Companies Inc.","NYSE","9442420","9423129","4195721","2.25",,
"2023-12-15","LRCX","Lam Research Corporation Commo","NNM","2858788","2354939","1107307","2.58",,
"2023-12-15","MA","Mastercard Incorporated","NYSE","4886847","4340876","2981403","1.64",,
"2023-12-15","MAR","Marriott International Class A","NNM","6608601","7031988","1702946","3.88",,
"2023-12-15","MCD","McDonald's Corporation","NYSE","7174103","7742120","3717221","1.93",,
"2023-12-15","MCK","McKesson Corporation","NYSE","1903608","1620749","1167647","1.63",,
"2023-12-15","MCO","Moody's Corporation","NYSE","1881365","1880690","956506","1.97",,
"2023-12-15","MDLZ","Mondelez International, Inc. C","NNM","13378268","14497096","6656819","2.01",,
"2023-12-15","MDT","Medtronic plc","NYSE","8328208","8731749","6561415","1.27",,
"2023-12-15","META","Meta Platforms, Inc. Class A C","NNM","28407614","28464281","18421530","1.54",,
"2023-12-15","MMM","3M Company","NYSE","6942950","5893441","4660211","1.49",,
"2023-12-15","MNST","Monster Beverage Corporation","NNM","13027644","12485447","5616601","2.32",,
"2023-12-15","MO","Altria Group, Inc.","NYSE","13879337","13850825","10819389","1.28",,
"2023-12-15","MPC","MARATHON PETROLEUM CORPORATION","NYSE","10193909","10465179","4084724","2.50",,
"2023-12-15","MPWR","Monolithic Power Systems, Inc.","NNM","1466176","1271534","438993","3.34",,
"2023-12-15","MRK","Merck & Co., Inc.","NYSE","13467306","16691624","10762231","1.25",,
"2023-12-15","MRVL","Marvell Technology, Inc. Commo","NNM","18653682","17207381","12508121","1.49",,
"2023-12-15","MS","Morgan Stanley","NYSE","19156028","17829279","9654820","1.98",,
"2023-12-15","MSFT","Microsoft Corporation Common S","NNM","53704127","49279547","32309807","1.66",,
"2023-12-15","MSI","Motorola Solutions, Inc. New","NYSE","1117452","1265847","842613","1.33",,
"2023-12-15","MU","Micron Technology, Inc. Common","NNM","18210815","19379586","12912019","1.41",,
"2023-12-15","NEE","Nextra Energy, Inc.","NYSE","23117257","20110889","13439126","1.72",,
"2023-12-15","NEM","Newmont Corporation","NYSE","17208526","20902093","15532532","1.11",,
"2023-12-15","NET","Cloudflare, Inc. Class A commo","NYSE","15559835","18570478","3586229","4.34",,
"2023-12-15","NFLX","Netflix, Inc. Common Stock","NNM","9654446","10053621","4612889","2.09",,
"2023-12-15","NKE","Nike, Inc.","NYSE","14476275","15159568","8326340","1.74",,
"2023-12-15","NOC","Northrop Grumman Corp.","NYSE","1653899","1548555","758156","2.18",,
"2023-12-15","NOW","SERVICENOW, INC.","NYSE","3302832","2892840","1313671","2.51",,
"2023-12-15","NSC","Norfolk Southern Corp.","NYSE","2774377","3125011","1334256","2.08",,
"2023-12-15","NVDA","NVIDIA Corporation Common Stoc","NNM","25679812","24938360","40341919","1.00",,
"2023-12-15","ORCL","Oracle Corp","NYSE","15322329","16090880","18115991","1.00",,
"2023-12-15","ORLY","O'Reilly Automotive, Inc. Comm","NNM","1212600","1263584","452732","2.68",,
"2023-12-15","PANW","Palo Alto Networks, Inc. Commo","NNM","16414197","17884026","4803268","3.42",,
"2023-12-15","PCAR","PACCAR Inc. Common Stock","NNM","6903195","6348095","2932306","2.35",,
"2023-12-15","PEP","PepsiCo, Inc. Common Stock","NNM","16113985","15796892","6499321","2.48",,
"2023-12-15","PFE","Pfizer Inc.","NYSE","61885103","56935879","70615631","1.00",,
"2023-12-15","PG","Procter & Gamble Company","NYSE","14872321","13725567","8453238","1.76",,
"2023-12-15","PGR","Progressive Corporation","NYSE","3733274","4098238","2944630","1.27",,
"2023-12-15","PH","Parker-Hannifin Corporation","NYSE","955661","1003004","683892","1.40",,
"2023-12-15","PLD","PROLOGIS, INC.","NYSE","11737770","10143097","5187925","2.26",,
"2023-12-15","PLTR","Palantir Technologies Inc. Cla","NYSE","108575167","121147902","67420470","1.61",,
"2023-12-15","PM","Philip Morris International In","NYSE","4609931","4975781","6704393","1.00",,
"2023-12-15","PNC","PNC Financial Services Group","NYSE","5460932","5068227","2778883","1.97",,
"2023-12-15","PSX","PHILLIPS 66","NYSE","10257912","9209369","4297006","2.39",,
"2023-12-15","PWR","Quanta Services, Inc.","NYSE","4247437","4132685","1193721","3.56",,
"2023-12-15","QCOM","QUALCOMM Incorporated Common S","NNM","15565361","14820995","9701528","1.60",,
"2023-12-15","RCL","Royal Caribbean Group","NYSE","16679863","16057364","3046600","5.47",,
"2023-12-15","REGN","Regeneron Pharmaceuticals, Inc","NNM","1224992","1227632","621761","1.97",,
"2023-12-15","ROST","Ross Stores, Inc. Common Stock","NNM","4723826","3857626","2478472","1.91",,
"2023-12-15","RSG","Republic Services Inc.","NYSE","2024018","2141102","1315531","1.54",,
"2023-12-15","RTX","RTX Corporation","NYSE","69271679","75662809","7740986","8.95",,
"2023-12-15","SBUX","Starbucks Corporation Common S","NNM","14593196","14117241","9945741","1.47",,
"2023-12-15","SCCO","Southern Copper Corporation","NYSE","5794587","5998200","1214161","4.77",,
"2023-12-15","SCHW","The Charles Schwab Corporation","NYSE","26297324","21406271","13006789","2.02",,
"2023-12-15","SHW","The Sherwin-Williams Company","NYSE","3048125","3361444","1946137","1.57",,
"2023-12-15","SNOW","Snowflake Inc.","NYSE","11423004","9864468","6279288","1.82",,
"2023-12-15","SNPS","Synopsys, Inc. Common Stock","NNM","2040189","2081093","1016441","2.01",,
"2023-12-15","SO","The Southern Company","NYSE","14510625","12195756","5072622","2.86",,
"2023-12-15","SPCX","The SPAC and New Issue ETF","NNM","6677","6905","1983","3.37",,
"2023-12-15","SPG","Simon Property Group, Inc.","NYSE","5444910","4207608","2013214","2.70",,
"2023-12-15","SPGI","S&P Global Inc.","NYSE","4314825","4527469","1537345","2.81",,
"2023-12-15","SYK","Stryker Corporation","NYSE","4144670","3708768","1569579","2.64",,
"2023-12-15","T","AT&T Inc.","NYSE","96052246","103643917","47892672","2.01",,
"2023-12-15","TDG","TransDigm Group Incorporated","NYSE","1156876","1154678","214338","5.40",,
"2023-12-15","TFC","Truist Financial Corporation","NYSE","18216508","13980539","11773788","1.55",,
"2023-12-15","TGT","Target Corporation","NYSE","8247197","7825803","4245847","1.94",,
"2023-12-15","TJX","TJX Companies, Inc. (The)","NYSE","10338697","10787377","5527842","1.87",,
"2023-12-15","TMO","Thermo Fisher Scientific, Inc.","NYSE","2912728","2502609","2056146","1.42",,
"2023-12-15","TMUS","T-Mobile US, Inc. Common Stock","NNM","27522549","25122302","5274740","5.22",,
"2023-12-15","TRV","The Travelers Companies, Inc.","NYSE","2674903","2519073","1566706","1.71",,
"2023-12-15","TSLA","Tesla, Inc. Common Stock","NNM","82965286","90328200","120860875","1.00",,
"2023-12-15","TXN","Texas Instruments Incorporated","NNM","15762550","15954631","7004747","2.25",,
"2023-12-15","UBER","Uber Technologies, Inc.","NYSE","73591958","54511377","68954556","1.07",,
"2023-12-15","UNH","UNITEDHEALTH GROUP INCORPORATE","NYSE","6728490","4997366","3569441","1.89",,
"2023-12-15","UNP","Union Pacific Corp.","NYSE","7419056","6614679","3088631","2.40",,
"2023-12-15","UPS","United Parcel Service, Inc. Cl","NYSE","10713326","9678506","4019255","2.67",,
"2023-12-15","URI","United Rentals, Inc.","NYSE","3885000","3496835","848538","4.58",,
"2023-12-15","USB","U.S. Bancorp","NYSE","23120723","26067162","13171878","1.76",,
"2023-12-15","V","VISA Inc.","NYSE","31887797","31341990","5764582","5.53",,
"2023-12-15","VLO","Valero Energy Corporation","NYSE","10326918","10284708","3922166","2.63",,
"2023-12-15","VRT","Vertiv Holdings Co Class A Com","NYSE","16427928","10544950","6905509","2.38",,
"2023-12-15","VRTX","Vertex Pharmaceuticals Incorpo","NNM","3551776","2687898","2034003","1.75",,
"2023-12-15","VZ","Verizon Communications","NYSE","46136375","51404931","24993152","1.85",,
"2023-12-15","WBD","Warner Bros. Discovery, Inc. S","NNM","86291473","90754537","24518270","3.52",,
"2023-12-15","WDC","Western Digital Corporation Co","NNM","15236388","14884915","6036929","2.52",,
"2023-12-15","WELL","Welltower Inc.","NYSE","7305703","7070913","3383627","2.16",,
"2023-12-15","WFC","Wells Fargo & Co.","NYSE","30552581","28182906","23335424","1.31",,
"2023-12-15","WM","Waste Management, Inc.","NYSE","5111554","5210284","1839374","2.78",,
"2023-12-15","WMB","Williams Companies Inc.","NYSE","22699404","23788610","8614496","2.64",,
"2023-12-15","WMT","Walmart Inc.","NYSE","13351442","10450069","10952392","1.22",,
"2023-12-15","XOM","Exxon Mobil Corporation","NYSE","78270172","66357951","26798569","2.92",,
"2023-12-29","AAPL","Apple Inc. Common Stock","NNM","108220157","120233720","42416650","2.55",,
"2023-12-29","ABBV","ABBVIE INC.","NYSE","12084497","13688990","3901872","3.10",,
"2023-12-29","ABNB","Airbnb, Inc. Class A Common St","NNM","19192286","21519218","3889500","4.93",,
"2023-12-29","ABT","Abbott Laboratories","NYSE","11881345","12307544","3705260","3.21",,
"2023-12-29","ADBE","Adobe Inc. Common Stock","NNM","6453614","4721373","2593860","2.49",,
"2023-12-29","ADI","Analog Devices, Inc. Common St","NNM","7887400","6761337","2243185","3.52",,
"2023-12-29","ADP","Automatic Data Processing, Inc","NNM","3591952","3726654","1281792","2.80",,
"2023-12-29","AEP","American Electric Power Compan","NNM","8731897","7539935","2718979","3.21",,
"2023-12-29","AFL","Aflac Inc.","NYSE","9791060","11083599","1560887","6.27",,
"2023-12-29","AJG","Arthur J. Gallagher & Co.","NYSE","1932092","2053592","948779","2.04",,
"2023-12-29","ALL","The Allstate Corporation","NYSE","2222515","2779687","1182453","1.88",,
"2023-12-29","AMAT","Applied Materials, Inc. Common","NNM","22550819","22272918","3743084","6.02",,
"2023-12-29","AMD","Advanced Micro Devices, Inc. C","NNM","49153022","53651072","51851451","1.00",,
"2023-12-29","AMGN","Amgen Inc. Common Stock","NNM","9043268","9061811","1882294","4.80",,
"2023-12-29","AMT","American Tower Corporation","NYSE","6035004","6571625","1665403","3.62",,
"2023-12-29","AMZN","Amazon.com, Inc. Common Stock","NNM","86327009","90010232","38221372","2.26",,
"2023-12-29","ANET","Arista Networks","NYSE","3328897","3713365","1332665","2.50",,
"2023-12-29","AON","Aon plc Class A","NYSE","1805162","1858362","1385269","1.30",,
"2023-12-29","APD","Air Products & Chemicals, Inc.","NYSE","1836952","2107625","866704","2.12",,
"2023-12-29","APH","Amphenol Corporation","NYSE","8346197","6902996","1972098","4.23",,
"2023-12-29","APO","Apollo Global Management, Inc.","NYSE","13832143","12909225","1724389","8.02",,
"2023-12-29","APP","Applovin Corporation Class A C","NNM","13979290","15167684","2268124","6.16",,
"2023-12-29","AVGO","Broadcom Inc. Common Stock","NNM","6113925","5449196","2699930","2.26",,
"2023-12-29","AXP","American Express Company","NYSE","6606547","6919886","2616591","2.52",,
"2023-12-29","BA","Boeing Company","NYSE","10157810","10032336","4945423","2.05",,
"2023-12-29","BAC","Bank of America Corporation","NYSE","71717430","75748447","33192979","2.16",,
"2023-12-29","BKNG","Booking Holdings Inc. Common S","NNM","720083","728613","205775","3.50",,
"2023-12-29","BLK","Blackrock, Inc.","NYSE","2051734","2143673","466346","4.40",,
"2023-12-29","BMY","Bristol-Myers Squibb Co.","NYSE","22314918","24100726","13831136","1.61",,
"2023-12-29","BNY","BlackRock New York Municipal I","NYSE","9169","3696","82418","1.00",,
"2023-12-29","BRKA","Berkshire Hathaway Inc.","NYSE","562","725","8407","1.00",,
"2023-12-29","BRKB","BERKSHIRE HATHAWAY Class B","NYSE","7114791","7544831","3020750","2.36",,
"2023-12-29","BSX","Boston Scientific Corp.","NYSE","9349070","11640663","5408149","1.73",,
"2023-12-29","BX","Blackstone Inc.","NYSE","28231392","30676500","3621715","7.80",,
"2023-12-29","C","Citigroup Inc.","NYSE","24810139","28678403","14531696","1.71",,
"2023-12-29","CAT","Caterpillar Inc.","NYSE","10213714","10341808","2741858","3.73",,
"2023-12-29","CCZ","Comcast Holdings Corp. 2.0% Ex","NYSE","26","230","735","1.00",,
"2023-12-29","CDNS","Cadence Design Systems, Inc. C","NNM","2886504","2880154","1097759","2.63",,
"2023-12-29","CEG","Constellation Energy Corporati","NNM","5057099","6098199","1004633","5.03",,
"2023-12-29","CI","The Cigna Group","NYSE","3812584","3368839","1185221","3.22",,
"2023-12-29","CL","Colgate-Palmolive Company","NYSE","9836125","10869671","3760144","2.62",,
"2023-12-29","CMCSA","Comcast Corporation Class A Co","NNM","42139178","52465774","13433621","3.14",,
"2023-12-29","CME","CME Group Inc. Class A Common","NNM","4052686","3910826","1439267","2.82",,
"2023-12-29","CMI","Cummins Inc.","NYSE","1945938","1858855","591708","3.29",,
"2023-12-29","COF","Capital One Financial","NYSE","7325750","8070231","1900424","3.85",,
"2023-12-29","COP","ConocoPhillips","NYSE","13038446","11221505","4809548","2.71",,
"2023-12-29","COST","Costco Wholesale Corporation C","NNM","6160481","5727915","2661208","2.31",,
"2023-12-29","CRM","Salesforce, Inc.","NYSE","9285718","9439384","4246343","2.19",,
"2023-12-29","CRWD","CrowdStrike Holdings, Inc. Cla","NNM","6786206","6824986","2097503","3.24",,
"2023-12-29","CSCO","Cisco Systems, Inc. Common Sto","NNM","42894041","40065762","14058153","3.05",,
"2023-12-29","CSX","CSX Corporation Common Stock","NNM","17053011","21993649","8091063","2.11",,
"2023-12-29","CTAS","Cintas Corporation Common Stoc","NNM","1409258","1492436","390762","3.61",,
"2023-12-29","CVNA","Carvana Co.","NYSE","37678778","34989665","11672922","3.23",,
"2023-12-29","CVS","CVS HEALTH CORPORATION","NYSE","16451784","14838917","6785751","2.42",,
"2023-12-29","CVX","Chevron Corporation","NYSE","40142557","36982505","7737784","5.19",,
"2023-12-29","D","Dominion Energy, Inc Common St","NYSE","10055587","12234532","4871352","2.06",,
"2023-12-29","DASH","DoorDash, Inc. Class A Common","NNM","19069182","15760488","3106386","6.14",,
"2023-12-29","DDOG","Datadog, Inc. Class A Common S","NNM","11719627","11450501","2065197","5.67",,
"2023-12-29","DE","Deere & Company","NYSE","2644845","2332730","1232833","2.15",,
"2023-12-29","DELL","Dell Technologies Inc.","NYSE","9847793","9837736","3260963","3.02",,
"2023-12-29","DHR","Danaher Corporation","NYSE","6600356","6592973","1938584","3.40",,
"2023-12-29","DIS","The Walt Disney Company","NYSE","26431463","22134060","10034016","2.63",,
"2023-12-29","DLR","Digital Realty Trust, Inc.","NYSE","11869350","15035243","1419211","8.36",,
"2023-12-29","DUK","Duke Energy Corporation","NYSE","10746575","10121031","2649103","4.06",,
"2023-12-29","ECL","Ecolab, Inc.","NYSE","1825055","1694740","790490","2.31",,
"2023-12-29","ELV","Elevance Health, Inc.","NYSE","1878512","2149722","913630","2.06",,
"2023-12-29","EMR","Emerson Electric Co.","NYSE","5399078","5903980","1736889","3.11",,
"2023-12-29","EOG","EOG Resources, Inc.","NYSE","7669546","8818618","2660442","2.88",,
"2023-12-29","EPD","Enterprise Products Partners L","NYSE","17103144","19835132","3855875","4.44",,
"2023-12-29","EQIX","Equinix, Inc. Common Stock REI","NNM","1451638","1717853","320091","4.54",,
"2023-12-29","FCX","Freeport-McMoran Inc.","NYSE","13394841","14257944","8818604","1.52",,
"2023-12-29","FDX","FedEx Corporation","NYSE","3640651","3701768","5365520","1.00",,
"2023-12-29","FTNT","Fortinet, Inc. Common Stock","NNM","12766763","15612671","4984588","2.56",,
"2023-12-29","GD","General Dynamics Corporation","NYSE","2032734","1970285","732194","2.78",,
"2023-12-29","GE","General Electric Company","NYSE","10899382","10552448","3619061","3.01",,
"2023-12-29","GILD","Gilead Sciences, Inc. Common S","NNM","17038871","18500150","4284785","3.98",,
"2023-12-29","GLW","Corning Incorporated","NYSE","9012384","8285351","3714738","2.43",,
"2023-12-29","GM","General Motors Company","NYSE","115597575","121000331","13974626","8.27",,
"2023-12-29","GOOG","Alphabet Inc. Class C Capital","NNM","37690142","41496239","18835798","2.00",,
"2023-12-29","GOOGL","Alphabet Inc. Class A Common S","NNM","48241754","49918340","25611874","1.88",,
"2023-12-29","GS","Goldman Sachs Group Inc.","NYSE","4416617","4823620","1513332","2.92",,
"2023-12-29","GWW","W.W. Grainger, Inc.","NYSE","1178917","1188643","186066","6.34",,
"2023-12-29","HCA","HCA Healthcare, Inc.","NYSE","2168013","2129015","764977","2.83",,
"2023-12-29","HD","Home Depot, Inc.","NYSE","9863156","9563560","3854969","2.56",,
"2023-12-29","HLT","Hilton Worldwide Holdings Inc.","NYSE","3745581","4135416","1191079","3.14",,
"2023-12-29","HON","Honeywell International Inc. C","NNM","6113230","7524148","2321111","2.63",,
"2023-12-29","HOOD","Robinhood Markets, Inc. Class","NNM","37798782","35907459","16625991","2.27",,
"2023-12-29","HPE","Hewlett Packard Enterprise Com","NYSE","28370754","29509354","7048658","4.02",,
"2023-12-29","HWM","Howmet Aerospace Inc.","NYSE","3697698","3501051","1754700","2.11",,
"2023-12-29","IBKR","Interactive Brokers Group, Inc","NNM","2468146","2641756","795061","3.10",,
"2023-12-29","IBM","International Business Machine","NYSE","25723462","27365207","3037782","8.47",,
"2023-12-29","ICE","Intercontinental Exchange  Inc","NYSE","5178482","5641859","2262602","2.29",,
"2023-12-29","INTC","Intel Corporation Common Stock","NNM","71193645","77690133","36321984","1.96",,
"2023-12-29","INTU","Intuit Inc. Common Stock","NNM","4236590","4573045","976937","4.34",,
"2023-12-29","ISRG","Intuitive Surgical, Inc. Commo","NNM","2930716","3112451","1377581","2.13",,
"2023-12-29","ITW","Illinois Tool Works Inc.","NYSE","7710612","7849759","747725","10.31",,
"2023-12-29","JNJ","Johnson & Johnson","NYSE","12472235","15400023","5270963","2.37",,
"2023-12-29","JPM","JPMorgan Chase & Co.","NYSE","18751984","20510538","7510610","2.50",,
"2023-12-29","KKR","KKR & Co. Inc.","NYSE","6859510","7381918","3249581","2.11",,
"2023-12-29","KLAC","KLA Corporation Common Stock","NNM","2202395","2621286","674326","3.27",,
"2023-12-29","KMI","Kinder Morgan, Inc.","NYSE","32385259","32705762","10388848","3.12",,
"2023-12-29","KO","Coca-Cola Company","NYSE","24530013","24536040","11379165","2.16",,
"2023-12-29","LIN","Linde plc Ordinary Shares","NNM","3865196","3932748","1129715","3.42",,
"2023-12-29","LLY","Eli Lilly & Co.","NYSE","5093399","5343315","2189128","2.33",,
"2023-12-29","LMT","Lockheed Martin Corp.","NYSE","2301256","2540720","805736","2.86",,
"2023-12-29","LOW","Lowe's Companies Inc.","NYSE","8745161","9442420","2472297","3.54",,
"2023-12-29","LRCX","Lam Research Corporation Commo","NNM","2955636","2858788","762292","3.88",,
"2023-12-29","MA","Mastercard Incorporated","NYSE","4762039","4886847","1974195","2.41",,
"2023-12-29","MAR","Marriott International Class A","NNM","6275905","6608601","1366985","4.59",,
"2023-12-29","MCD","McDonald's Corporation","NYSE","6926434","7174103","2040599","3.39",,
"2023-12-29","MCK","McKesson Corporation","NYSE","1550219","1903608","582163","2.66",,
"2023-12-29","MCO","Moody's Corporation","NYSE","1701516","1881365","549357","3.10",,
"2023-12-29","MDLZ","Mondelez International, Inc. C","NNM","13912321","13378268","5058656","2.75",,
"2023-12-29","MDT","Medtronic plc","NYSE","8888360","8328208","4863806","1.83",,
"2023-12-29","META","Meta Platforms, Inc. Class A C","NNM","27451923","28407614","14302382","1.92",,
"2023-12-29","MMM","3M Company","NYSE","7379241","6942950","2648478","2.79",,
"2023-12-29","MNST","Monster Beverage Corporation","NNM","11826823","13027644","3946083","3.00",,
"2023-12-29","MO","Altria Group, Inc.","NYSE","16463773","13879337","9598860","1.72",,
"2023-12-29","MPC","MARATHON PETROLEUM CORPORATION","NYSE","8893177","10193909","2373508","3.75",,
"2023-12-29","MPWR","Monolithic Power Systems, Inc.","NNM","1494739","1466176","438433","3.41",,
"2023-12-29","MRK","Merck & Co., Inc.","NYSE","17866683","13467306","6974790","2.56",,
"2023-12-29","MRVL","Marvell Technology, Inc. Commo","NNM","18986206","18653682","6151469","3.09",,
"2023-12-29","MS","Morgan Stanley","NYSE","23208038","19156028","6326399","3.67",,
"2023-12-29","MSFT","Microsoft Corporation Common S","NNM","51394982","53704127","18127079","2.84",,
"2023-12-29","MSI","Motorola Solutions, Inc. New","NYSE","1166403","1117452","553728","2.11",,
"2023-12-29","MU","Micron Technology, Inc. Common","NNM","20204851","18210815","18787555","1.08",,
"2023-12-29","NEE","Nextra Energy, Inc.","NYSE","18053504","23117257","9015084","2.00",,
"2023-12-29","NEM","Newmont Corporation","NYSE","21248553","17208526","8944021","2.38",,
"2023-12-29","NET","Cloudflare, Inc. Class A commo","NYSE","15103051","15559835","2014785","7.50",,
"2023-12-29","NFLX","Netflix, Inc. Common Stock","NNM","9969554","9654446","3228917","3.09",,
"2023-12-29","NKE","Nike, Inc.","NYSE","12958323","14476275","14108140","1.00",,
"2023-12-29","NOC","Northrop Grumman Corp.","NYSE","1488224","1653899","488031","3.05",,
"2023-12-29","NOW","SERVICENOW, INC.","NYSE","2912853","3302832","725710","4.01",,
"2023-12-29","NSC","Norfolk Southern Corp.","NYSE","2241176","2774377","787441","2.85",,
"2023-12-29","NVDA","NVIDIA Corporation Common Stoc","NNM","24835648","25679812","32519571","1.00",,
"2023-12-29","ORCL","Oracle Corp","NYSE","14990883","15322329","7850573","1.91",,
"2023-12-29","ORLY","O'Reilly Automotive, Inc. Comm","NNM","1100819","1212600","286244","3.85",,
"2023-12-29","PANW","Palo Alto Networks, Inc. Commo","NNM","15091580","16414197","2585307","5.84",,
"2023-12-29","PCAR","PACCAR Inc. Common Stock","NNM","6094315","6903195","1413680","4.31",,
"2023-12-29","PEP","PepsiCo, Inc. Common Stock","NNM","15830799","16113985","3894273","4.07",,
"2023-12-29","PFE","Pfizer Inc.","NYSE","57031021","61885103","44642561","1.28",,
"2023-12-29","PG","Procter & Gamble Company","NYSE","14708364","14872321","5596251","2.63",,
"2023-12-29","PGR","Progressive Corporation","NYSE","3561811","3733274","1560626","2.28",,
"2023-12-29","PH","Parker-Hannifin Corporation","NYSE","971977","955661","424056","2.29",,
"2023-12-29","PLD","PROLOGIS, INC.","NYSE","11119238","11737770","2700745","4.12",,
"2023-12-29","PLTR","Palantir Technologies Inc. Cla","NYSE","101393634","108575167","41019478","2.47",,
"2023-12-29","PM","Philip Morris International In","NYSE","8406423","4609931","3571644","2.35",,
"2023-12-29","PNC","PNC Financial Services Group","NYSE","5507615","5460932","1699884","3.24",,
"2023-12-29","PSX","PHILLIPS 66","NYSE","9567582","10257912","2339658","4.09",,
"2023-12-29","PWR","Quanta Services, Inc.","NYSE","3880678","4247437","826120","4.70",,
"2023-12-29","QCOM","QUALCOMM Incorporated Common S","NNM","16054834","15565361","5784630","2.78",,
"2023-12-29","RCL","Royal Caribbean Group","NYSE","16850863","16679863","2143152","7.86",,
"2023-12-29","REGN","Regeneron Pharmaceuticals, Inc","NNM","1062401","1224992","634071","1.68",,
"2023-12-29","ROST","Ross Stores, Inc. Common Stock","NNM","3963069","4723826","1797609","2.20",,
"2023-12-29","RSG","Republic Services Inc.","NYSE","1876585","2024018","1015826","1.85",,
"2023-12-29","RTX","RTX Corporation","NYSE","61817916","69271679","6800947","9.09",,
"2023-12-29","SBUX","Starbucks Corporation Common S","NNM","16945231","14593196","6052199","2.80",,
"2023-12-29","SCCO","Southern Copper Corporation","NYSE","5775797","5794587","938700","6.15",,
"2023-12-29","SCHW","The Charles Schwab Corporation","NYSE","21941944","26297324","7386396","2.97",,
"2023-12-29","SHW","The Sherwin-Williams Company","NYSE","2457077","3048125","1052249","2.34",,
"2023-12-29","SNOW","Snowflake Inc.","NYSE","11218747","11423004","3592128","3.12",,
"2023-12-29","SNPS","Synopsys, Inc. Common Stock","NNM","2322053","2040189","1157176","2.01",,
"2023-12-29","SO","The Southern Company","NYSE","12392515","14510625","3442048","3.60",,
"2023-12-29","SPCX","The SPAC and New Issue ETF","NNM","11835","6677","2724","4.34",,
"2023-12-29","SPG","Simon Property Group, Inc.","NYSE","4597063","5444910","1273741","3.61",,
"2023-12-29","SPGI","S&P Global Inc.","NYSE","3742285","4314825","896767","4.17",,
"2023-12-29","SYK","Stryker Corporation","NYSE","4897526","4144670","1070601","4.57",,
"2023-12-29","T","AT&T Inc.","NYSE","90370167","96052246","30569012","2.96",,
"2023-12-29","TDG","TransDigm Group Incorporated","NYSE","1067630","1156876","138208","7.72",,
"2023-12-29","TFC","Truist Financial Corporation","NYSE","18246990","18216508","8230781","2.22",,
"2023-12-29","TGT","Target Corporation","NYSE","8536810","8247197","2952789","2.89",,
"2023-12-29","TJX","TJX Companies, Inc. (The)","NYSE","10751688","10338697","4201363","2.56",,
"2023-12-29","TMO","Thermo Fisher Scientific, Inc.","NYSE","2928211","2912728","1198327","2.44",,
"2023-12-29","TMUS","T-Mobile US, Inc. Common Stock","NNM","24476984","27522549","3313149","7.39",,
"2023-12-29","TRV","The Travelers Companies, Inc.","NYSE","2598682","2674903","1200277","2.17",,
"2023-12-29","TSLA","Tesla, Inc. Common Stock","NNM","86666279","82965286","106192040","1.00",,
"2023-12-29","TXN","Texas Instruments Incorporated","NNM","15292711","15762550","3797493","4.03",,
"2023-12-29","UBER","Uber Technologies, Inc.","NYSE","84708352","73591958","21191472","4.00",,
"2023-12-29","UNH","UNITEDHEALTH GROUP INCORPORATE","NYSE","6526468","6728490","2481021","2.63",,
"2023-12-29","UNP","Union Pacific Corp.","NYSE","7657372","7419056","2002446","3.82",,
"2023-12-29","UPS","United Parcel Service, Inc. Cl","NYSE","11628143","10713326","3276418","3.55",,
"2023-12-29","URI","United Rentals, Inc.","NYSE","3894357","3885000","584696","6.66",,
"2023-12-29","USB","U.S. Bancorp","NYSE","22666091","23120723","7869082","2.88",,
"2023-12-29","V","VISA Inc.","NYSE","30330403","31887797","5176293","5.86",,
"2023-12-29","VLO","Valero Energy Corporation","NYSE","9617167","10326918","2655695","3.62",,
"2023-12-29","VRT","Vertiv Holdings Co Class A Com","NYSE","14910414","16427928","2808437","5.31",,
"2023-12-29","VRTX","Vertex Pharmaceuticals Incorpo","NNM","3256021","3551776","941024","3.46",,
"2023-12-29","VZ","Verizon Communications","NYSE","38956834","46136375","16078395","2.42",,
"2023-12-29","WBD","Warner Bros. Discovery, Inc. S","NNM","84842149","86291473","23600657","3.59",,
"2023-12-29","WDC","Western Digital Corporation Co","NNM","13308707","15236388","3746471","3.55",,
"2023-12-29","WELL","Welltower Inc.","NYSE","7566338","7305703","2082419","3.63",,
"2023-12-29","WFC","Wells Fargo & Co.","NYSE","29729482","30552581","14016375","2.12",,
"2023-12-29","WM","Waste Management, Inc.","NYSE","4445095","5111554","1107410","4.01",,
"2023-12-29","WMB","Williams Companies Inc.","NYSE","18480140","22699404","4856075","3.81",,
"2023-12-29","WMT","Walmart Inc.","NYSE","11403285","13351442","6759053","1.69",,
"2023-12-29","XOM","Exxon Mobil Corporation","NYSE","82048939","78270172","17683595","4.64",,
"2024-01-12","AAPL","Apple Inc. Common Stock","NNM","101263039","108220157","56712342","1.79",,
"2024-01-12","ABBV","ABBVIE INC.","NYSE","13561430","12084497","5908340","2.30",,
"2024-01-12","ABNB","Airbnb, Inc. Class A Common St","NNM","17994199","19192286","3397452","5.30",,
"2024-01-12","ABT","Abbott Laboratories","NYSE","10551428","11881345","4586182","2.30",,
"2024-01-12","ADBE","Adobe Inc. Common Stock","NNM","5444000","6453614","2199479","2.48",,
"2024-01-12","ADI","Analog Devices, Inc. Common St","NNM","6336629","7887400","2894732","2.19",,
"2024-01-12","ADP","Automatic Data Processing, Inc","NNM","3699825","3591952","1565725","2.36",,
"2024-01-12","AEP","American Electric Power Compan","NNM","8487629","8731897","3160790","2.69",,
"2024-01-12","AFL","Aflac Inc.","NYSE","9866668","9791060","1924668","5.13",,
"2024-01-12","AJG","Arthur J. Gallagher & Co.","NYSE","1704980","1932092","898660","1.90",,
"2024-01-12","ALL","The Allstate Corporation","NYSE","2175840","2222515","1852674","1.17",,
"2024-01-12","AMAT","Applied Materials, Inc. Common","NNM","21685160","22550819","5899128","3.68",,
"2024-01-12","AMD","Advanced Micro Devices, Inc. C","NNM","45244379","49153022","62269037","1.00",,
"2024-01-12","AMGN","Amgen Inc. Common Stock","NNM","8843256","9043268","2559459","3.46",,
"2024-01-12","AMT","American Tower Corporation","NYSE","5705375","6035004","1824773","3.13",,
"2024-01-12","AMZN","Amazon.com, Inc. Common Stock","NNM","84850391","86327009","46891252","1.81",,
"2024-01-12","ANET","Arista Networks","NYSE","3638679","3328897","1435201","2.54",,
"2024-01-12","AON","Aon plc Class A","NYSE","1676975","1805162","1062592","1.58",,
"2024-01-12","APD","Air Products & Chemicals, Inc.","NYSE","2189147","1836952","986105","2.22",,
"2024-01-12","APH","Amphenol Corporation","NYSE","8371416","8346197","2179318","3.84",,
"2024-01-12","APO","Apollo Global Management, Inc.","NYSE","14594747","13832143","2341368","6.23",,
"2024-01-12","APP","Applovin Corporation Class A C","NNM","14587237","13979290","2041113","7.15",,
"2024-01-12","AVGO","Broadcom Inc. Common Stock","NNM","5041111","6113925","2615449","1.93",,
"2024-01-12","AXP","American Express Company","NYSE","6747980","6606547","2788132","2.42",,
"2024-01-12","BA","Boeing Company","NYSE","9199648","10157810","13274817","1.00",,
"2024-01-12","BAC","Bank of America Corporation","NYSE","69789598","71717430","45477327","1.53",,
"2024-01-12","BKNG","Booking Holdings Inc. Common S","NNM","644757","720083","233117","2.77",,
"2024-01-12","BLK","Blackrock, Inc.","NYSE","1710530","2051734","605083","2.83",,
"2024-01-12","BMY","Bristol-Myers Squibb Co.","NYSE","29186038","22314918","15653201","1.86",,
"2024-01-12","BNY","BlackRock New York Municipal I","NYSE","13587","9169","52673","1.00",,
"2024-01-12","BRKA","Berkshire Hathaway Inc.","NYSE","473","562","9091","1.00",,
"2024-01-12","BRKB","BERKSHIRE HATHAWAY Class B","NYSE","7200105","7114791","3475525","2.07",,
"2024-01-12","BSX","Boston Scientific Corp.","NYSE","11433331","9349070","6065509","1.88",,
"2024-01-12","BX","Blackstone Inc.","NYSE","24295366","28231392","3997942","6.08",,
"2024-01-12","C","Citigroup Inc.","NYSE","31521520","24810139","23517894","1.34",,
"2024-01-12","CAT","Caterpillar Inc.","NYSE","9192427","10213714","2382828","3.86",,
"2024-01-12","CCZ","Comcast Holdings Corp. 2.0% Ex","NYSE","26","26","1","26.00",,
"2024-01-12","CDNS","Cadence Design Systems, Inc. C","NNM","2746077","2886504","1424869","1.93",,
"2024-01-12","CEG","Constellation Energy Corporati","NNM","5052133","5057099","1419067","3.56",,
"2024-01-12","CI","The Cigna Group","NYSE","3507444","3812584","1837088","1.91",,
"2024-01-12","CL","Colgate-Palmolive Company","NYSE","9699640","9836125","4553749","2.13",,
"2024-01-12","CMCSA","Comcast Corporation Class A Co","NNM","42322992","42139178","14558944","2.91",,
"2024-01-12","CME","CME Group Inc. Class A Common","NNM","3793777","4052686","2197727","1.73",,
"2024-01-12","CMI","Cummins Inc.","NYSE","1908704","1945938","623541","3.06",,
"2024-01-12","COF","Capital One Financial","NYSE","7330622","7325750","2665584","2.75",,
"2024-01-12","COP","ConocoPhillips","NYSE","12843751","13038446","5151085","2.49",,
"2024-01-12","COST","Costco Wholesale Corporation C","NNM","6025004","6160481","2164040","2.78",,
"2024-01-12","CRM","Salesforce, Inc.","NYSE","9745800","9285718","5354516","1.82",,
"2024-01-12","CRWD","CrowdStrike Holdings, Inc. Cla","NNM","7331671","6786206","3537284","2.07",,
"2024-01-12","CSCO","Cisco Systems, Inc. Common Sto","NNM","44310191","42894041","17665322","2.51",,
"2024-01-12","CSX","CSX Corporation Common Stock","NNM","16586781","17053011","8024698","2.07",,
"2024-01-12","CTAS","Cintas Corporation Common Stoc","NNM","1426886","1409258","304396","4.69",,
"2024-01-12","CVNA","Carvana Co.","NYSE","33557437","37678778","5668018","5.92",,
"2024-01-12","CVS","CVS HEALTH CORPORATION","NYSE","42521469","16451784","16128340","2.64",,
"2024-01-12","CVX","Chevron Corporation","NYSE","43751695","40142557","9235932","4.74",,
"2024-01-12","D","Dominion Energy, Inc Common St","NYSE","8967630","10055587","4239319","2.12",,
"2024-01-12","DASH","DoorDash, Inc. Class A Common","NNM","16137446","19069182","3647266","4.42",,
"2024-01-12","DDOG","Datadog, Inc. Class A Common S","NNM","11041885","11719627","3573946","3.09",,
"2024-01-12","DE","Deere & Company","NYSE","2420710","2644845","1211899","2.00",,
"2024-01-12","DELL","Dell Technologies Inc.","NYSE","8803422","9847793","4050415","2.17",,
"2024-01-12","DHR","Danaher Corporation","NYSE","6006038","6600356","3010525","2.00",,
"2024-01-12","DIS","The Walt Disney Company","NYSE","27047356","26431463","11412096","2.37",,
"2024-01-12","DLR","Digital Realty Trust, Inc.","NYSE","11319357","11869350","1347694","8.40",,
"2024-01-12","DUK","Duke Energy Corporation","NYSE","10291801","10746575","2785118","3.70",,
"2024-01-12","ECL","Ecolab, Inc.","NYSE","1785070","1825055","861798","2.07",,
"2024-01-12","ELV","Elevance Health, Inc.","NYSE","1923684","1878512","965842","1.99",,
"2024-01-12","EMR","Emerson Electric Co.","NYSE","5630914","5399078","1994056","2.82",,
"2024-01-12","EOG","EOG Resources, Inc.","NYSE","6460527","7669546","2931500","2.20",,
"2024-01-12","EPD","Enterprise Products Partners L","NYSE","16808211","17103144","4925186","3.41",,
"2024-01-12","EQIX","Equinix, Inc. Common Stock REI","NNM","1291641","1451638","299171","4.32",,
"2024-01-12","FCX","Freeport-McMoran Inc.","NYSE","14430639","13394841","9542878","1.51",,
"2024-01-12","FDX","FedEx Corporation","NYSE","3822333","3640651","2216883","1.72",,
"2024-01-12","FTNT","Fortinet, Inc. Common Stock","NNM","11579043","12766763","5820928","1.99",,
"2024-01-12","GD","General Dynamics Corporation","NYSE","1769107","2032734","1158487","1.53",,
"2024-01-12","GE","General Electric Company","NYSE","8392602","10899382","4011466","2.09",,
"2024-01-12","GILD","Gilead Sciences, Inc. Common S","NNM","17135011","17038871","7083026","2.42",,
"2024-01-12","GLW","Corning Incorporated","NYSE","10240276","9012384","4586581","2.23",,
"2024-01-12","GM","General Motors Company","NYSE","110714757","115597575","16439691","6.73",,
"2024-01-12","GOOG","Alphabet Inc. Class C Capital","NNM","36130417","37690142","17314768","2.09",,
"2024-01-12","GOOGL","Alphabet Inc. Class A Common S","NNM","48701781","48241754","22938569","2.12",,
"2024-01-12","GS","Goldman Sachs Group Inc.","NYSE","4356525","4416617","2072595","2.10",,
"2024-01-12","GWW","W.W. Grainger, Inc.","NYSE","1205107","1178917","220851","5.46",,
"2024-01-12","HCA","HCA Healthcare, Inc.","NYSE","2304108","2168013","904428","2.55",,
"2024-01-12","HD","Home Depot, Inc.","NYSE","9644609","9863156","3014492","3.20",,
"2024-01-12","HLT","Hilton Worldwide Holdings Inc.","NYSE","3486201","3745581","1369095","2.55",,
"2024-01-12","HON","Honeywell International Inc. C","NNM","5916656","6113230","2867604","2.06",,
"2024-01-12","HOOD","Robinhood Markets, Inc. Class","NNM","35710574","37798782","11665959","3.06",,
"2024-01-12","HPE","Hewlett Packard Enterprise Com","NYSE","28499277","28370754","15905357","1.79",,
"2024-01-12","HWM","Howmet Aerospace Inc.","NYSE","3599716","3697698","2795013","1.29",,
"2024-01-12","IBKR","Interactive Brokers Group, Inc","NNM","2847320","2468146","1583722","1.80",,
"2024-01-12","IBM","International Business Machine","NYSE","24913613","25723462","3662890","6.80",,
"2024-01-12","ICE","Intercontinental Exchange  Inc","NYSE","5357255","5178482","2277071","2.35",,
"2024-01-12","INTC","Intel Corporation Common Stock","NNM","62290314","71193645","36074505","1.73",,
"2024-01-12","INTU","Intuit Inc. Common Stock","NNM","3773191","4236590","1232233","3.06",,
"2024-01-12","ISRG","Intuitive Surgical, Inc. Commo","NNM","2737626","2930716","1850101","1.48",,
"2024-01-12","ITW","Illinois Tool Works Inc.","NYSE","7398007","7710612","927238","7.98",,
"2024-01-12","JNJ","Johnson & Johnson","NYSE","15005887","12472235","6393130","2.35",,
"2024-01-12","JPM","JPMorgan Chase & Co.","NYSE","17817428","18751984","11560900","1.54",,
"2024-01-12","KKR","KKR & Co. Inc.","NYSE","6603811","6859510","2604153","2.54",,
"2024-01-12","KLAC","KLA Corporation Common Stock","NNM","1976279","2202395","828841","2.38",,
"2024-01-12","KMI","Kinder Morgan, Inc.","NYSE","32579626","32385259","13271746","2.45",,
"2024-01-12","KO","Coca-Cola Company","NYSE","23747922","24530013","12861940","1.85",,
"2024-01-12","LIN","Linde plc Ordinary Shares","NNM","3519424","3865196","1268086","2.78",,
"2024-01-12","LLY","Eli Lilly & Co.","NYSE","4886418","5093399","3315943","1.47",,
"2024-01-12","LMT","Lockheed Martin Corp.","NYSE","1971811","2301256","893413","2.21",,
"2024-01-12","LOW","Lowe's Companies Inc.","NYSE","8193153","8745161","2432970","3.37",,
"2024-01-12","LRCX","Lam Research Corporation Commo","NNM","2805199","2955636","842498","3.33",,
"2024-01-12","MA","Mastercard Incorporated","NYSE","4885973","4762039","2389265","2.04",,
"2024-01-12","MAR","Marriott International Class A","NNM","6051884","6275905","1236702","4.89",,
"2024-01-12","MCD","McDonald's Corporation","NYSE","7310732","6926434","2981279","2.45",,
"2024-01-12","MCK","McKesson Corporation","NYSE","1687831","1550219","744351","2.27",,
"2024-01-12","MCO","Moody's Corporation","NYSE","1627070","1701516","749614","2.17",,
"2024-01-12","MDLZ","Mondelez International, Inc. C","NNM","15209414","13912321","5038769","3.02",,
"2024-01-12","MDT","Medtronic plc","NYSE","11389915","8888360","5942014","1.92",,
"2024-01-12","META","Meta Platforms, Inc. Class A C","NNM","26919460","27451923","16081206","1.67",,
"2024-01-12","MMM","3M Company","NYSE","7033985","7379241","2485114","2.83",,
"2024-01-12","MNST","Monster Beverage Corporation","NNM","10635343","11826823","5192430","2.05",,
"2024-01-12","MO","Altria Group, Inc.","NYSE","15525448","16463773","9078510","1.71",,
"2024-01-12","MPC","MARATHON PETROLEUM CORPORATION","NYSE","8292484","8893177","3215865","2.58",,
"2024-01-12","MPWR","Monolithic Power Systems, Inc.","NNM","1130732","1494739","469888","2.41",,
"2024-01-12","MRK","Merck & Co., Inc.","NYSE","20814150","17866683","8635333","2.41",,
"2024-01-12","MRVL","Marvell Technology, Inc. Commo","NNM","20479541","18986206","13197590","1.55",,
"2024-01-12","MS","Morgan Stanley","NYSE","20937952","23208038","7483253","2.80",,
"2024-01-12","MSFT","Microsoft Corporation Common S","NNM","51901029","51394982","23107752","2.25",,
"2024-01-12","MSI","Motorola Solutions, Inc. New","NYSE","1199436","1166403","627020","1.91",,
"2024-01-12","MU","Micron Technology, Inc. Common","NNM","19985591","20204851","13321533","1.50",,
"2024-01-12","NEE","Nextra Energy, Inc.","NYSE","19190902","18053504","8890419","2.16",,
"2024-01-12","NEM","Newmont Corporation","NYSE","19704094","21248553","8493426","2.32",,
"2024-01-12","NET","Cloudflare, Inc. Class A commo","NYSE","15848710","15103051","2920253","5.43",,
"2024-01-12","NFLX","Netflix, Inc. Common Stock","NNM","9449416","9969554","4322701","2.19",,
"2024-01-12","NKE","Nike, Inc.","NYSE","13800706","12958323","8726933","1.58",,
"2024-01-12","NOC","Northrop Grumman Corp.","NYSE","1483662","1488224","649011","2.29",,
"2024-01-12","NOW","SERVICENOW, INC.","NYSE","2845188","2912853","990005","2.87",,
"2024-01-12","NSC","Norfolk Southern Corp.","NYSE","2170809","2241176","900312","2.41",,
"2024-01-12","NVDA","NVIDIA Corporation Common Stoc","NNM","27560860","24835648","48062002","1.00",,
"2024-01-12","ORCL","Oracle Corp","NYSE","15610672","14990883","7651821","2.04",,
"2024-01-12","ORLY","O'Reilly Automotive, Inc. Comm","NNM","1092895","1100819","410569","2.66",,
"2024-01-12","PANW","Palo Alto Networks, Inc. Commo","NNM","14686373","15091580","3244976","4.53",,
"2024-01-12","PCAR","PACCAR Inc. Common Stock","NNM","6208841","6094315","2177028","2.85",,
"2024-01-12","PEP","PepsiCo, Inc. Common Stock","NNM","15588153","15830799","5250380","2.97",,
"2024-01-12","PFE","Pfizer Inc.","NYSE","57575039","57031021","40894080","1.41",,
"2024-01-12","PG","Procter & Gamble Company","NYSE","14574527","14708364","7363948","1.98",,
"2024-01-12","PGR","Progressive Corporation","NYSE","3954252","3561811","1892576","2.09",,
"2024-01-12","PH","Parker-Hannifin Corporation","NYSE","1004745","971977","489285","2.05",,
"2024-01-12","PLD","PROLOGIS, INC.","NYSE","10926861","11119238","2882449","3.79",,
"2024-01-12","PLTR","Palantir Technologies Inc. Cla","NYSE","102523755","101393634","42863704","2.39",,
"2024-01-12","PM","Philip Morris International In","NYSE","7715942","8406423","4318317","1.79",,
"2024-01-12","PNC","PNC Financial Services Group","NYSE","6059599","5507615","2160473","2.80",,
"2024-01-12","PSX","PHILLIPS 66","NYSE","8852695","9567582","3080692","2.87",,
"2024-01-12","PWR","Quanta Services, Inc.","NYSE","4066332","3880678","894537","4.55",,
"2024-01-12","QCOM","QUALCOMM Incorporated Common S","NNM","14421088","16054834","6990333","2.06",,
"2024-01-12","RCL","Royal Caribbean Group","NYSE","16740379","16850863","2403246","6.97",,
"2024-01-12","REGN","Regeneron Pharmaceuticals, Inc","NNM","1067346","1062401","597283","1.79",,
"2024-01-12","ROST","Ross Stores, Inc. Common Stock","NNM","3723939","3963069","1608541","2.32",,
"2024-01-12","RSG","Republic Services Inc.","NYSE","2510702","1876585","882281","2.85",,
"2024-01-12","RTX","RTX Corporation","NYSE","58260783","61817916","7081788","8.23",,
"2024-01-12","SBUX","Starbucks Corporation Common S","NNM","17277627","16945231","6857026","2.52",,
"2024-01-12","SCCO","Southern Copper Corporation","NYSE","5757980","5775797","835618","6.89",,
"2024-01-12","SCHW","The Charles Schwab Corporation","NYSE","20073871","21941944","8124156","2.47",,
