"settlementDate","symbolCode","issueName","marketClassCode","currentShortPositionQuantity","previousShortPositionQuantity","averageDailyVolumeQuantity","daysToCoverQuantity","stockSplitFlag","revisionFlag"
"2022-12-15","USB","U.S. Bancorp","NYSE","10395226","10902279","10597844","1.00",,
"2022-12-15","V","VISA Inc.","NYSE","32552930","37415733","7954301","4.09",,
"2022-12-15","VLO","Valero Energy Corporation","NYSE","11858159","10437658","4641417","2.55",,
"2022-12-15","VRT","Vertiv Holdings Co Class A Com","NYSE","12501501","11806112","2549719","4.90",,
"2022-12-15","VRTX","Vertex Pharmaceuticals Incorpo","NNM","3090053","2814627","1199484","2.58",,
"2022-12-15","VZ","Verizon Communications","NYSE","32024390","30525197","24658503","1.30",,
"2022-12-15","WBD","Warner Bros. Discovery, Inc. S","NNM","105183182","101606722","28266343","3.72",,
"2022-12-15","WDC","Western Digital Corporation Co","NNM","7398640","8667512","5621690","1.32",,
"2022-12-15","WELL","Welltower Inc.","NYSE","12431428","9689419","3833800","3.24",,
"2022-12-15","WFC","Wells Fargo & Co.","NYSE","26709246","29410179","22761193","1.17",,
"2022-12-15","WM","Waste Management, Inc.","NYSE","3851398","4010124","1564396","2.46",,
"2022-12-15","WMB","Williams Companies Inc.","NYSE","19663132","18349857","6756681","2.91",,
"2022-12-15","WMT","Walmart Inc.","NYSE","12820702","12820396","6890457","1.86",,
"2022-12-15","XOM","Exxon Mobil Corporation","NYSE","40903032","46241417","19118532","2.14",,
"2021-11-15","AAPL","Apple Inc. Common Stock","NNM","99688619","100495541","60492413","1.65",,
"2021-11-15","ABBV","ABBVIE INC.","NYSE","14088098","13622944","5285000","2.67",,
"2021-11-15","ABNB","Airbnb, Inc. Class A Common St","NNM","15091670","14611313","9174901","1.64",,
"2021-11-15","ABT","Abbott Laboratories","NYSE","10136654","11229276","5531232","1.83",,
"2021-11-15","ADBE","Adobe Inc. Common Stock","NNM","4143342","4960366","1733803","2.39",,
"2021-11-15","ADI","Analog Devices, Inc. Common St","NNM","7884010","9178579","2529134","3.12",,
"2021-11-15","ADP","Automatic Data Processing, Inc","NNM","4226756","4403631","1136645","3.72",,
"2021-11-15","AEP","American Electric Power Compan","NNM","5982115","5925827","2680364","2.23",,
"2021-11-15","AFL","Aflac Inc.","NYSE","13931653","14244386","2786856","5.00",,
"2021-11-15","AJG","Arthur J. Gallagher & Co.","NYSE","1759142","1973788","794066","2.22",,
"2021-11-15","ALL","The Allstate Corporation","NYSE","4326161","4465797","2167378","2.00",,
"2021-11-15","AMAT","Applied Materials, Inc. Common","NNM","12227767","11619352","6316843","1.94",,
"2021-11-15","AMD","Advanced Micro Devices, Inc. C","NNM","75487134","70190944","73844397","1.02",,
"2021-11-15","AMGN","Amgen Inc. Common Stock","NNM","11624960","11794912","2971243","3.91",,
"2021-11-15","AMT","American Tower Corporation","NYSE","4089596","4425625","1384074","2.95",,
"2021-11-15","AMZN","Amazon.com, Inc. Common Stock","NNM","4226657","4465313","3548113","1.19",,
"2021-11-15","ANET","Arista Networks","NYSE","958418","1255463","886914","1.08",,
"2021-11-15","AON","Aon plc Class A","NYSE","5611889","6181535","1428635","3.93",,
"2021-11-15","APD","Air Products & Chemicals, Inc.","NYSE","2652071","2361400","1223800","2.17",,
"2021-11-15","APH","Amphenol Corporation","NYSE","6499615","6105043","1944755","3.34",,
"2021-11-15","APO","Apollo Global Management, Inc.","NYSE","22568713","22086161","2343906","9.63",,
"2021-11-15","APP","Applovin Corporation Class A C","NNM","4984824","4947968","2361844","2.11",,
"2021-11-15","AVGO","Broadcom Inc. Common Stock","NNM","5112042","5090996","1580372","3.23",,
"2021-11-15","AXP","American Express Company","NYSE","11690189","15512491","2976111","3.93",,
"2021-11-15","BA","Boeing Company","NYSE","7844347","8884957","9299406","1.00",,
"2021-11-15","BAC","Bank of America Corporation","NYSE","99074120","89607979","38417370","2.58",,
"2021-11-15","BKNG","Booking Holdings Inc. Common S","NNM","531179","668313","402772","1.32",,
"2021-11-15","BLK","Blackrock, Inc.","NYSE","1554308","1611619","390847","3.98",,
"2021-11-15","BMY","Bristol-Myers Squibb Co.","NYSE","20256733","22398028","10712735","1.89",,
"2021-11-15","BNY","BlackRock New York Municipal I","NYSE","27133","44904","47224","1.00",,
"2021-11-15","BRKA","Berkshire Hathaway Inc.","NYSE","455","397","1833","1.00",,
"2021-11-15","BRKB","BERKSHIRE HATHAWAY Class B","NYSE","9100315","10078840","3386181","2.69",,
"2021-11-15","BSX","Boston Scientific Corp.","NYSE","15712494","21219081","9028390","1.74",,
"2021-11-15","BX","Blackstone Inc.","NYSE","6258125","7522505","3203235","1.95",,
"2021-11-15","C","Citigroup Inc.","NYSE","37063691","37460852","20864230","1.78",,
"2021-11-15","CAT","Caterpillar Inc.","NYSE","6341495","5722799","3333048","1.90",,
"2021-11-15","CCZ","Comcast Holdings Corp. 2.0% Ex","NYSE","964","928","158","6.10",,
"2021-11-15","CDNS","Cadence Design Systems, Inc. C","NNM","2668234","2670671","968364","2.76",,
"2021-11-15","CI","CIGNA Corporation","NYSE","3896980","4242113","2093287","1.86",,
"2021-11-15","CL","Colgate-Palmolive Company","NYSE","9356405","8917294","3507995","2.67",,
"2021-11-15","CMCSA","Comcast Corporation Class A Co","NNM","68061013","68127973","14560853","4.67",,
"2021-11-15","CME","CME Group Inc. Class A Common","NNM","4575662","4769999","1118269","4.09",,
"2021-11-15","CMI","Cummins Inc.","NYSE","2315872","2308364","824532","2.81",,
"2021-11-15","COF","Capital One Financial","NYSE","5549181","4088637","2509330","2.21",,
"2021-11-15","COP","ConocoPhillips","NYSE","16159909","16753111","7954292","2.03",,
"2021-11-15","COST","Costco Wholesale Corporation C","NNM","4264800","4401466","1847486","2.31",,
"2021-11-15","CRM","salesforce.com, inc.","NYSE","14778035","17173531","3748206","3.94",,
"2021-11-15","CRWD","CrowdStrike Holdings, Inc. Cla","NNM","11225885","11363807","3517180","3.19",,
"2021-11-15","CSCO","Cisco Systems, Inc. Common Sto","NNM","39643903","41416078","16649761","2.38",,
"2021-11-15","CSX","CSX Corporation Common Stock","NNM","23209767","24732440","9917499","2.34",,
"2021-11-15","CTAS","Cintas Corporation Common Stoc","NNM","1034447","985178","269543","3.84",,
"2021-11-15","CVNA","Carvana Co.","NYSE","13053025","13184978","1171530","11.14",,
"2021-11-15","CVS","CVS HEALTH CORPORATION","NYSE","14734202","16065390","6499066","2.27",,
"2021-11-15","CVX","Chevron Corporation","NYSE","17725399","19853950","9508385","1.86",,
"2021-11-15","D","Dominion Energy, Inc Common St","NYSE","6054836","5762081","2998399","2.02",,
"2021-11-15","DASH","DoorDash, Inc.","NYSE","14040641","11745190","4710100","2.98",,
"2021-11-15","DDOG","Datadog, Inc. Class A Common S","NNM","10998309","10852002","3369466","3.26",,
"2021-11-15","DE","Deere & Company","NYSE","2075316","1655890","1476428","1.41",,
"2021-11-15","DELL","Dell Technologies Inc.","NYSE","8245553","7762070","6684621","1.23",,
"2021-11-15","DHR","Danaher Corporation","NYSE","5208185","6041939","2968975","1.75",,
"2021-11-15","DIS","The Walt Disney Company","NYSE","22380668","21860966","16760733","1.34",,
"2021-11-15","DLR","Digital Realty Trust, Inc.","NYSE","9458240","9445213","1036118","9.13",,
"2021-11-15","DUK","Duke Energy Corporation","NYSE","6479823","6025303","2441966","2.65",,
"2021-11-15","ECL","Ecolab, Inc.","NYSE","2254632","2194229","914623","2.47",,
"2021-11-15","EMR","Emerson Electric Co.","NYSE","4544127","5549591","2566601","1.77",,
"2021-11-15","EOG","EOG Resources, Inc.","NYSE","7890267","8955691","4148564","1.90",,
"2021-11-15","EPD","Enterprise Products Partners L","NYSE","36076669","30976876","6604425","5.46",,
"2021-11-15","EQIX","Equinix, Inc. Common Stock REI","NNM","1406007","1354449","442674","3.18",,
"2021-11-15","FCX","Freeport-McMoran Inc.","NYSE","31937674","31255669","18947193","1.69",,
"2021-11-15","FDX","FedEx Corporation","NYSE","3486956","3937126","2026276","1.72",,
"2021-11-15","FTNT","Fortinet, Inc. Common Stock","NNM","1849235","2137636","981806","1.88",,
"2021-11-15","GD","General Dynamics Corporation","NYSE","1914951","2160651","936916","2.04",,
"2021-11-15","GE","General Electric Company","NYSE","10394766","10884709","7637454","1.36",,
"2021-11-15","GILD","Gilead Sciences, Inc. Common S","NNM","23118075","21919956","6531738","3.54",,
"2021-11-15","GLW","Corning Incorporated","NYSE","12432141","13951642","3901291","3.19",,
"2021-11-15","GM","General Motors Company","NYSE","26621739","25835998","19304364","1.38",,
"2021-11-15","GOOG","Alphabet Inc. Class C Capital","NNM","2042544","2057796","996753","2.05",,
"2021-11-15","GOOGL","Alphabet Inc. Class A Common S","NNM","2555428","2794698","1444893","1.77",,
"2021-11-15","GS","Goldman Sachs Group Inc.","NYSE","3964231","4197087","2230909","1.78",,
"2021-11-15","GWW","W.W. Grainger, Inc.","NYSE","903191","832851","214474","4.21",,
"2021-11-15","HCA","HCA Healthcare, Inc.","NYSE","2795636","2505387","1120766","2.49",,
"2021-11-15","HD","Home Depot, Inc.","NYSE","9339915","9851865","2723676","3.43",,
"2021-11-15","HLT","Hilton Worldwide Holdings Inc.","NYSE","7098351","8707197","2042215","3.48",,
"2021-11-15","HON","Honeywell International Inc. C","NNM","6391653","5682669","1906681","3.35",,
"2021-11-15","HOOD","Robinhood Markets, Inc. Class","NNM","19251633","27373722","8169563","2.36",,
"2021-11-15","HPE","Hewlett Packard Enterprise Com","NYSE","39520658","36896931","9320773","4.24",,
"2021-11-15","HWM","Howmet Aerospace Inc.","NYSE","9909639","10025750","3002721","3.30",,
"2021-11-15","IBKR","Interactive Brokers Group, Inc","NNM","2582184","2867321","709140","3.64",,
"2021-11-15","IBM","International Business Machine","NYSE","24176357","26199957","5825389","4.15",,
"2021-11-15","ICE","Intercontinental Exchange  Inc","NYSE","3998372","4612413","2308926","1.73",,
"2021-11-15","INTC","Intel Corporation Common Stock","NNM","68862872","72865700","26679994","2.58",,
"2021-11-15","INTU","Intuit Inc. Common Stock","NNM","1805918","2105846","1169375","1.54",,
"2021-11-15","ISRG","Intuitive Surgical, Inc. Commo","NNM","2757792","3551046","1192590","2.31",,
"2021-11-15","ITW","Illinois Tool Works Inc.","NYSE","4662061","4394244","850686","5.48",,
"2021-11-15","JNJ","Johnson & Johnson","NYSE","15042128","16513959","7634749","1.97",,
"2021-11-15","JPM","JPMorgan Chase & Co.","NYSE","17524555","18258603","7489640","2.34",,
"2021-11-15","KKR","KKR & Co. Inc.","NYSE","5566679","8865861","3517695","1.58",,
"2021-11-15","KLAC","KLA Corporation Common Stock","NNM","2971547","2987218","1172241","2.53",,
"2021-11-15","KMI","Kinder Morgan, Inc.","NYSE","29451703","31008753","11376489","2.59",,
"2021-11-15","KO","Coca-Cola Company","NYSE","30746708","31869367","10650169","2.89",,
"2021-11-15","LIN","Linde plc Ordinary Share","NYSE","2962490","3284161","1509421","1.96",,
"2021-11-15","LLY","Eli Lilly & Co.","NYSE","7144850","8837636","2832548","2.52",,
"2021-11-15","LMT","Lockheed Martin Corp.","NYSE","2524319","2861093","1696357","1.49",,
"2021-11-15","LOW","Lowe's Companies Inc.","NYSE","7343445","8447189","2512362","2.92",,
"2021-11-15","LRCX","Lam Research Corporation Commo","NNM","2047546","2505084","1214503","1.69",,
"2021-11-15","MA","Mastercard Incorporated","NYSE","3755617","5973768","4982910","1.00",,
"2021-11-15","MAR","Marriott International Class A","NNM","5412627","4892783","2124987","2.55",,
"2021-11-15","MCD","McDonald's Corporation","NYSE","5777990","5695137","2446875","2.36",,
"2021-11-15","MCK","McKesson Corporation","NYSE","2034983","2107868","1027303","1.98",,
"2021-11-15","MCO","Moody's Corporation","NYSE","2202319","1746360","604431","3.64",,
"2021-11-15","MDLZ","Mondelez International, Inc. C","NNM","11738947","13648686","5132709","2.29",,
"2021-11-15","MDT","Medtronic plc","NYSE","9840281","9009128","4661034","2.11",,
"2021-11-15","META","Roundhill Ball Metaverse ETF","ARCA","262666","147308","3239613","1.00",,
"2021-11-15","MMM","3M Company","NYSE","8872717","9088298","2116311","4.19",,
"2021-11-15","MNST","Monster Beverage Corporation","NNM","4448692","5452355","2451489","1.81",,
"2021-11-15","MO","Altria Group, Inc.","NYSE","11084010","12507164","6860304","1.62",,
"2021-11-15","MPC","MARATHON PETROLEUM CORPORATION","NYSE","18993179","20137145","6685992","2.84",,
"2021-11-15","MPWR","Monolithic Power Systems, Inc.","NNM","842639","855674","309472","2.72",,
"2021-11-15","MRK","Merck & Co., Inc.","NYSE","22177006","20835103","13976639","1.59",,
"2021-11-15","MRVL","Marvell Technology, Inc. Commo","NNM","16960294","17040699","5948223","2.85",,
"2021-11-15","MS","Morgan Stanley","NYSE","12977083","13740497","8123567","1.60",,
"2021-11-15","MSFT","Microsoft Corporation Common S","NNM","41195079","49332744","22393877","1.84",,
"2021-11-15","MSI","Motorola Solutions, Inc. New","NYSE","1157050","2212054","641722","1.80",,
"2021-11-15","MU","Micron Technology, Inc. Common","NNM","21765816","24515229","15104317","1.44",,
"2021-11-15","NEE","Nextra Energy, Inc.","NYSE","20174738","21198136","5589722","3.61",,
"2021-11-15","NEM","Newmont Corporation","NYSE","7625571","9136806","5993391","1.27",,
"2021-11-15","NET","Cloudflare, Inc. Class A commo","NYSE","12333694","12205840","2953580","4.18",,
"2021-11-15","NFLX","Netflix, Inc. Common Stock","NNM","9291615","9525066","3355443","2.77",,
"2021-11-15","NKE","Nike, Inc.","NYSE","7919652","10950849","5635026","1.41",,
"2021-11-15","NOC","Northrop Grumman Corp.","NYSE","2101717","1532676","731759","2.87",,
"2021-11-15","NOW","SERVICENOW, INC.","NYSE","2931197","3335946","848666","3.45",,
"2021-11-15","NSC","Norfolk Southern Corp.","NYSE","3342199","2665157","993333","3.36",,
"2021-11-15","NVDA","NVIDIA Corporation Common Stoc","NNM","24148034","26110184","51888578","1.00",,
"2021-11-15","ORCL","Oracle Corp","NYSE","28627279","29455722","5824236","4.92",,
"2021-11-15","ORLY","O'Reilly Automotive, Inc. Comm","NNM","630340","916885","355111","1.78",,
"2021-11-15","PANW","Palo Alto Networks, Inc. Commo","NNM","6675459","6586623","1017276","6.56",,
"2021-11-15","PCAR","PACCAR Inc. Common Stock","NNM","3816478","4470616","1513597","2.52",,
"2021-11-15","PEP","PepsiCo, Inc. Common Stock","NNM","11839552","10961717","3511088","3.37",,
"2021-11-15","PFE","Pfizer Inc.","NYSE","63538349","58878330","53328031","1.19",,
"2021-11-15","PG","Procter & Gamble Company","NYSE","15019257","13714505","6221396","2.41",,
"2021-11-15","PGR","Progressive Corporation","NYSE","9916118","9760963","2141257","4.63",,
"2021-11-15","PH","Parker-Hannifin Corporation","NYSE","935234","872548","833405","1.12",,
"2021-11-15","PLD","PROLOGIS, INC.","NYSE","9597214","9904017","1626213","5.90",,
"2021-11-15","PLTR","Palantir Technologies Inc. Cla","NYSE","81704043","62804615","47058313","1.74",,
"2021-11-15","PM","Philip Morris International In","NYSE","8076762","8051729","3266621","2.47",,
"2021-11-15","PNC","PNC Financial Services Group","NYSE","6147903","6730911","1316964","4.67",,
"2021-11-15","PSX","PHILLIPS 66","NYSE","9580053","8921826","3134799","3.06",,
"2021-11-15","PWR","Quanta Services, Inc.","NYSE","2871034","3096644","1163953","2.47",,
"2021-11-15","QCOM","QUALCOMM Incorporated Common S","NNM","15935506","14817708","15279394","1.04",,
"2021-11-15","RCL","Royal Caribbean Group","NYSE","14370159","14028115","3768587","3.81",,
"2021-11-15","REGN","Regeneron Pharmaceuticals, Inc","NNM","1605135","1878784","853194","1.88",,
"2021-11-15","ROST","Ross Stores, Inc. Common Stock","NNM","4434848","5009386","1492882","2.97",,
"2021-11-15","RSG","Republic Services Inc.","NYSE","1381868","1793122","885608","1.56",,
"2021-11-15","RTX","Raytheon Technologies Corporat","NYSE","10101369","10728122","4033576","2.50",,
"2021-11-15","SBUX","Starbucks Corporation Common S","NNM","13434449","12201935","8504317","1.58",,
"2021-11-15","SCCO","Southern Copper Corporation","NYSE","3728669","4474445","1053315","3.54",,
"2021-11-15","SCHW","The Charles Schwab Corporation","NYSE","12068293","13178887","4350201","2.77",,
"2021-11-15","SHW","The Sherwin-Williams Company","NYSE","3342032","3687542","991360","3.37",,
"2021-11-15","SNOW","Snowflake Inc.","NYSE","7524997","9256252","2200680","3.42",,
"2021-11-15","SNPS","Synopsys, Inc. Common Stock","NNM","1541583","1713332","539314","2.86",,
"2021-11-15","SO","The Southern Company","NYSE","10368132","10256366","4006965","2.59",,
"2021-11-15","SPCX","The SPAC and New Issue ETF","ARCA","237395","235571","23966","9.91",,
"2021-11-15","SPG","Simon Property Group, Inc.","NYSE","12234824","12871092","2376905","5.15",,
"2021-11-15","SPGI","S&P Global Inc.","NYSE","19022544","18149674","1282758","14.83",,
"2021-11-15","SYK","Stryker Corporation","NYSE","3142599","3135928","1059989","2.96",,
"2021-11-15","T","AT&T Inc.","NYSE","94702922","98752748","41397263","2.29",,
"2021-11-15","TDG","TransDigm Group Incorporated","NYSE","2586064","2376365","260852","9.91",,
"2021-11-15","TFC","Truist Financial Corporation","NYSE","13743726","12791760","4107698","3.35",,
"2021-11-15","TGT","Target Corporation","NYSE","8277566","8527849","2722552","3.04",,
"2021-11-15","TJX","TJX Companies, Inc. (The)","NYSE","7201176","9067499","6914297","1.04",,
"2021-11-15","TMO","Thermo Fisher Scientific, Inc.","NYSE","2634346","2448387","1262202","2.09",,
"2021-11-15","TMUS","T-Mobile US, Inc. Common Stock","NNM","11914319","11699958","4914307","2.42",,
"2021-11-15","TRV","The Travelers Companies, Inc.","NYSE","4088386","3533289","1153929","3.54",,
"2021-11-15","TSLA","Tesla, Inc. Common Stock","NNM","25702669","28075921","36054532","1.00",,
"2021-11-15","TXN","Texas Instruments Incorporated","NNM","14638360","15031019","3959738","3.70",,
"2021-11-15","UBER","Uber Technologies, Inc.","NYSE","81706667","84282449","30399266","2.69",,
"2021-11-15","UNH","UNITEDHEALTH GROUP INCORPORATE","NYSE","5919469","6695686","2556920","2.32",,
"2021-11-15","UNP","Union Pacific Corp.","NYSE","7666502","8349526","2020453","3.79",,
"2021-11-15","UPS","United Parcel Service, Inc. Cl","NYSE","9034608","8853280","1967164","4.59",,
"2021-11-15","URI","United Rentals, Inc.","NYSE","2379512","2036225","535298","4.45",,
"2021-11-15","USB","U.S. Bancorp","NYSE","10591410","11320823","3608888","2.93",,
"2021-11-15","V","VISA Inc.","NYSE","25298832","27731279","11902779","2.13",,
"2021-11-15","VLO","Valero Energy Corporation","NYSE","12705125","12285964","3485300","3.65",,
"2021-11-15","VRT","Vertiv Holdings Co Class A Com","NYSE","11897181","14914245","4496018","2.65",,
"2021-11-15","VRTX","Vertex Pharmaceuticals Incorpo","NNM","2899452","4760899","1859737","1.56",,
"2021-11-15","VZ","Verizon Communications","NYSE","48279355","46608918","16317016","2.96",,
"2021-11-15","WDC","Western Digital Corporation Co","NNM","7044771","7294944","4026288","1.75",,
"2021-11-15","WELL","Welltower Inc.","NYSE","10599974","10075351","2081836","5.09",,
"2021-11-15","WFC","Wells Fargo & Co.","NYSE","42470758","49465414","21910262","1.94",,
"2021-11-15","WM","Waste Management, Inc.","NYSE","5719763","5084114","1313639","4.35",,
"2021-11-15","WMB","Williams Companies Inc.","NYSE","25856666","25491677","6476130","3.99",,
"2021-11-15","WMT","Walmart Inc.","NYSE","13792741","13923123","5412748","2.55",,
"2021-11-15","XOM","Exxon Mobil Corporation","NYSE","39206638","39956251","17872404","2.19",,
"2025-05-30","AAPL","Apple Inc. Common Stock","NNM","94828443","105169332","54577495","1.74",,
"2025-05-30","ABBV","ABBVIE INC.","NYSE","15889428","19929844","5778163","2.75",,
"2025-05-30","ABNB","Airbnb, Inc. Class A Common St","NNM","16086757","15593335","5847883","2.75",,
"2025-05-30","ABT","Abbott Laboratories","NYSE","20092245","22256461","6775738","2.97",,
"2025-05-30","ADBE","Adobe Inc. Common Stock","NNM","7264464","9762655","2804724","2.59",,
"2025-05-30","ADI","Analog Devices, Inc. Common St","NNM","7235720","8584676","5294112","1.37",,
"2025-05-30","ADP","Automatic Data Processing, Inc","NNM","5120779","6153330","1483409","3.45",,
"2025-05-30","AEP","American Electric Power Compan","NNM","20894475","21111828","2669276","7.83",,
"2025-05-30","AFL","Aflac Inc.","NYSE","9622442","8347650","2142375","4.49",,
"2025-05-30","AJG","Arthur J. Gallagher & Co.","NYSE","3684070","3985661","1027854","3.58",,
"2025-05-30","ALL","The Allstate Corporation","NYSE","4231169","4028042","1207437","3.50",,
"2025-05-30","AMAT","Applied Materials, Inc. Common","NNM","16645458","17603959","8372865","1.99",,
"2025-05-30","AMD","Advanced Micro Devices, Inc. C","NNM","39672775","48465479","34432722","1.15",,
"2025-05-30","AMGN","Amgen Inc. Common Stock","NNM","12938502","14360875","2880911","4.49",,
"2025-05-30","AMT","American Tower Corporation","NYSE","5192225","6156490","2338398","2.22",,
"2025-05-30","AMZN","Amazon.com, Inc. Common Stock","NNM","61355415","71501108","36925773","1.66",,
"2025-05-30","ANET","Arista Networks","NYSE","21388036","24334344","8713507","2.45",,
"2025-05-30","AON","Aon plc Class A","NYSE","4983593","4992415","1075514","4.63",,
"2025-05-30","APD","Air Products & Chemicals, Inc.","NYSE","4220690","4753786","1125901","3.75",,
"2025-05-30","APH","Amphenol Corporation","NYSE","17475285","15633819","7948709","2.20",,
"2025-05-30","APO","Apollo Global Management, Inc.","NYSE","27279834","27874433","2959128","9.22",,
"2025-05-30","APP","Applovin Corporation Class A C","NNM","10541246","9963547","6183256","1.70",,
"2025-05-30","AVGO","Broadcom Inc. Common Stock","NNM","48422628","55255847","18208786","2.66",,
"2025-05-30","AXP","American Express Company","NYSE","8805798","10114885","2753949","3.20",,
"2025-05-30","BA","Boeing Company","NYSE","15998258","17976824","7078950","2.26",,
"2025-05-30","BAC","Bank of America Corporation","NYSE","87914136","96365711","40740965","2.16",,
"2025-05-30","BKNG","Booking Holdings Inc. Common S","NNM","605486","592138","180789","3.35",,
"2025-05-30","BLK","Blackrock, Inc.","NYSE","1690462","1956063","606085","2.79",,
"2025-05-30","BMY","Bristol-Myers Squibb Co.","NYSE","32544288","37006724","12282476","2.65",,
"2025-05-30","BNY","BlackRock New York Municipal I","NYSE","9706","22798","61973","1.00",,
"2025-05-30","BRKA","Berkshire Hathaway Inc.","NYSE","315","287","336","1.00",,
"2025-05-30","BRKB","BERKSHIRE HATHAWAY Class B","NYSE","15532117","15203218","4375572","3.55",,
"2025-05-30","BSX","Boston Scientific Corp.","NYSE","17022220","16752863","7506244","2.27",,
"2025-05-30","BX","Blackstone Inc.","NYSE","11847977","13123587","3667372","3.23",,
"2025-05-30","C","Citigroup Inc.","NYSE","31209558","35308872","12123137","2.57",,
"2025-05-30","CAT","Caterpillar Inc.","NYSE","6403017","7653672","2463240","2.60",,
"2025-05-30","CCZ","Comcast Holdings Corp. 2.0% Ex","NYSE","75","0","19","3.95",,
"2025-05-30","CDNS","Cadence Design Systems, Inc. C","NNM","3655462","4078142","2614975","1.40",,
"2025-05-30","CEG","Constellation Energy Corporati","NNM","7355715","8140026","2760701","2.66",,
"2025-05-30","CI","The Cigna Group","NYSE","2734528","3181107","1619010","1.69",,
"2025-05-30","CL","Colgate-Palmolive Company","NYSE","11506715","12132698","5113401","2.25",,
"2025-05-30","CMCSA","Comcast Corporation Class A Co","NNM","47815825","58615612","18859817","2.54",,
"2025-05-30","CME","CME Group Inc. Class A Common","NNM","4997774","4737717","2096556","2.38",,
"2025-05-30","CMI","Cummins Inc.","NYSE","2071339","2451108","727587","2.85",,
"2025-05-30","COF","Capital One Financial","NYSE","8660522","27890569","6859317","1.26",,
"2025-05-30","COP","ConocoPhillips","NYSE","18336049","20219117","8240659","2.23",,
"2025-05-30","COST","Costco Wholesale Corporation C","NNM","5463586","6168845","2158904","2.53",,
"2025-05-30","CRM","Salesforce, Inc.","NYSE","14349292","13377350","9905994","1.45",,
"2025-05-30","CRWD","CrowdStrike Holdings, Inc. Cla","NNM","8770623","8826785","3208583","2.73",,
"2025-05-30","CSCO","Cisco Systems, Inc. Common Sto","NNM","40965605","57508108","17816249","2.30",,
"2025-05-30","CSX","CSX Corporation Common Stock","NNM","26119863","26983698","15795326","1.65",,
"2025-05-30","CTAS","Cintas Corporation Common Stoc","NNM","4496614","4901191","1364593","3.30",,
"2025-05-30","CVNA","Carvana Co.","NYSE","9545347","9176118","3477241","2.75",,
"2025-05-30","CVS","CVS HEALTH CORPORATION","NYSE","15454361","15900008","9095657","1.70",,
"2025-05-30","CVX","Chevron Corporation","NYSE","63694522","67129093","8303453","7.67",,
"2025-05-30","D","Dominion Energy, Inc Common St","NYSE","27533294","24850005","6748595","4.08",,
"2025-05-30","DASH","DoorDash, Inc. Class A Common","NNM","15957181","15419117","4622174","3.45",,
"2025-05-30","DDOG","Datadog, Inc. Class A Common S","NNM","7225539","9656707","3757663","1.92",,
"2025-05-30","DE","Deere & Company","NYSE","4036843","4373742","1223107","3.30",,
"2025-05-30","DELL","Dell Technologies Inc.","NYSE","19559794","21497791","7202363","2.72",,
"2025-05-30","DHR","Danaher Corporation","NYSE","7440835","7449530","3619750","2.06",,
"2025-05-30","DIS","The Walt Disney Company","NYSE","17750072","21566194","8929824","1.99",,
"2025-05-30","DLR","Digital Realty Trust, Inc.","NYSE","7587123","8739072","1672315","4.54",,
"2025-05-30","DUK","Duke Energy Corporation","NYSE","9677337","12099230","3726801","2.60",,
"2025-05-30","ECL","Ecolab, Inc.","NYSE","2482315","2522300","1122620","2.21",,
"2025-05-30","ELV","Elevance Health, Inc.","NYSE","2199507","2606814","2000055","1.10",,
"2025-05-30","EMR","Emerson Electric Co.","NYSE","12046578","12082059","2887997","4.17",,
"2025-05-30","EOG","EOG Resources, Inc.","NYSE","15418450","15111762","3054314","5.05",,
"2025-05-30","EPD","Enterprise Products Partners L","NYSE","25126850","24722527","3327596","7.55",,
"2025-05-30","EQIX","Equinix, Inc. Common Stock REI","NNM","1732021","1874892","505949","3.42",,
"2025-05-30","FCX","Freeport-McMoran Inc.","NYSE","20915737","29212850","11333769","1.85",,
"2025-05-30","FDX","FedEx Corporation","NYSE","4110004","3938136","1822141","2.26",,
"2025-05-30","FTNT","Fortinet, Inc. Common Stock","NNM","14889124","15879603","5327368","2.79",,
"2025-05-30","GD","General Dynamics Corporation","NYSE","2564238","2407907","1028828","2.49",,
"2025-05-30","GE","GE Aerospace","NYSE","13246014","14021664","6059292","2.19",,
"2025-05-30","GEV","GE Vernova Inc.","NYSE","6368886","6033276","3435966","1.85",,
"2025-05-30","GILD","Gilead Sciences, Inc. Common S","NNM","20937020","24676861","7616799","2.75",,
"2025-05-30","GLW","Corning Incorporated","NYSE","14966677","12671657","6613279","2.26",,
"2025-05-30","GM","General Motors Company","NYSE","21017869","24062527","8505755","2.47",,
"2025-05-30","GOOG","Alphabet Inc. Class C Capital","NNM","31955063","36570404","31296888","1.02",,
"2025-05-30","GOOGL","Alphabet Inc. Class A Common S","NNM","66272281","74301622","45506200","1.46",,
"2025-05-30","GS","Goldman Sachs Group Inc.","NYSE","5401046","5812791","2080493","2.60",,
"2025-05-30","GWW","W.W. Grainger, Inc.","NYSE","1150267","1285769","199782","5.76",,
"2025-05-30","HCA","HCA Healthcare, Inc.","NYSE","4458002","5029582","1462333","3.05",,
"2025-05-30","HD","Home Depot, Inc.","NYSE","8293033","9203242","3801357","2.18",,
"2025-05-30","HLT","Hilton Worldwide Holdings Inc.","NYSE","6055678","5680532","1648213","3.67",,
"2025-05-30","HON","Honeywell International Inc. C","NNM","7011284","7584444","3891989","1.80",,
"2025-05-30","HOOD","Robinhood Markets, Inc. Class","NNM","26664946","29627951","28930913","1.00",,
"2025-05-30","HPE","Hewlett Packard Enterprise Com","NYSE","44552103","69356449","15709794","2.84",,
"2025-05-30","HWM","Howmet Aerospace Inc.","NYSE","13203673","11589817","2590229","5.10",,
"2025-05-30","IBKR","Interactive Brokers Group, Inc","NNM","2816162","2482431","1151144","2.45",,
"2025-05-30","IBM","International Business Machine","NYSE","19775134","21305645","3658938","5.40",,
"2025-05-30","ICE","Intercontinental Exchange  Inc","NYSE","6848707","6907866","2919586","2.35",,
"2025-05-30","INTC","Intel Corporation Common Stock","NNM","103167891","122812769","64863336","1.59",,
"2025-05-30","INTU","Intuit Inc. Common Stock","NNM","4014477","3723071","2385680","1.68",,
"2025-05-30","ISRG","Intuitive Surgical, Inc. Commo","NNM","3906867","4844306","1326172","2.95",,
"2025-05-30","ITW","Illinois Tool Works Inc.","NYSE","6508263","7566986","978630","6.65",,
"2025-05-30","JNJ","Johnson & Johnson","NYSE","19221151","22801009","8712835","2.21",,
"2025-05-30","JPM","JPMorgan Chase & Co.","NYSE","27009989","30539508","7926591","3.41",,
"2025-05-30","KKR","KKR & Co. Inc.","NYSE","9535535","10350219","3628114","2.63",,
"2025-05-30","KLAC","KLA Corporation Common Stock","NNM","3586170","3274447","1086535","3.30",,
"2025-05-30","KMI","Kinder Morgan, Inc.","NYSE","40414615","42426799","11779995","3.43",,
"2025-05-30","KO","Coca-Cola Company","NYSE","31924024","36963819","13757078","2.32",,
"2025-05-30","LIN","Linde plc Ordinary Shares","NNM","5094759","5402750","2149997","2.37",,
"2025-05-30","LLY","Eli Lilly & Co.","NYSE","8028911","7348411","3916150","2.05",,
"2025-05-30","LMT","Lockheed Martin Corp.","NYSE","1958279","2388621","1231757","1.59",,
"2025-05-30","LOW","Lowe's Companies Inc.","NYSE","8439291","9013327","3178207","2.66",,
"2025-05-30","LRCX","Lam Research Corporation Commo","NNM","24945948","27588511","9436255","2.64",,
"2025-05-30","MA","Mastercard Incorporated","NYSE","6120880","6023968","2267704","2.70",,
"2025-05-30","MAR","Marriott International Class A","NNM","5682786","5605327","1221384","4.65",,
"2025-05-30","MCD","McDonald's Corporation","NYSE","9155753","9633872","2592613","3.53",,
"2025-05-30","MCK","McKesson Corporation","NYSE","2233402","2108328","844009","2.65",,
"2025-05-30","MCO","Moody's Corporation","NYSE","2580820","3048273","604013","4.27",,
"2025-05-30","MDLZ","Mondelez International, Inc. C","NNM","21835710","22504837","7027867","3.11",,
"2025-05-30","MDT","Medtronic plc","NYSE","7884485","13629841","9617967","1.00",,
"2025-05-30","META","Meta Platforms, Inc. Class A C","NNM","30936920","35573940","10592829","2.92",,
"2025-05-30","MMM","3M Company","NYSE","9862608","10255396","3065696","3.22",,
"2025-05-30","MNST","Monster Beverage Corporation","NNM","14558309","16025170","5742140","2.54",,
"2025-05-30","MO","Altria Group, Inc.","NYSE","37020849","40667010","6441100","5.75",,
"2025-05-30","MPC","MARATHON PETROLEUM CORPORATION","NYSE","8995618","9370232","2346062","3.83",,
"2025-05-30","MPWR","Monolithic Power Systems, Inc.","NNM","1955312","2445033","539023","3.63",,
"2025-05-30","MRK","Merck & Co., Inc.","NYSE","34564617","41266612","13015493","2.66",,
"2025-05-30","MRVL","Marvell Technology, Inc. Commo","NNM","23297352","26042207","24285127","1.00",,
"2025-05-30","MS","Morgan Stanley","NYSE","14295818","17061112","5494725","2.60",,
"2025-05-30","MSFT","Microsoft Corporation Common S","NNM","58182215","57074580","19992106","2.91",,
"2025-05-30","MSI","Motorola Solutions, Inc. New","NYSE","1908009","2078560","1145096","1.67",,
"2025-05-30","MU","Micron Technology, Inc. Common","NNM","32102958","34294716","16018196","2.00",,
"2025-05-30","NEE","Nextra Energy, Inc.","NYSE","32522072","38543237","15793723","2.06",,
"2025-05-30","NEM","Newmont Corporation","NYSE","21344785","22102063","11113113","1.92",,
"2025-05-30","NET","Cloudflare, Inc. Class A commo","NYSE","8615582","7309887","3147335","2.74",,
"2025-05-30","NFLX","Netflix, Inc. Common Stock","NNM","7824689","8138708","2928025","2.67",,
"2025-05-30","NKE","Nike, Inc.","NYSE","39378361","48322338","14428291","2.73",,
"2025-05-30","NOC","Northrop Grumman Corp.","NYSE","2898172","2700603","957540","3.03",,
"2025-05-30","NOW","SERVICENOW, INC.","NYSE","3625432","4263153","1383795","2.62",,
"2025-05-30","NSC","Norfolk Southern Corp.","NYSE","3123934","3171168","1451909","2.15",,
"2025-05-30","NVDA","NVIDIA Corporation Common Stoc","NNM","229342403","243993623","242510788","1.00",,
"2025-05-30","ORCL","Oracle Corp","NYSE","15760080","24406346","8611376","1.83",,
"2025-05-30","ORLY","O'Reilly Automotive, Inc. Comm","NNM","989391","877667","342248","2.89",,
"2025-05-30","PANW","Palo Alto Networks, Inc. Commo","NNM","26907307","26017523","7420679","3.63",,
"2025-05-30","PCAR","PACCAR Inc. Common Stock","NNM","11802274","13894508","2163671","5.45",,
"2025-05-30","PEP","PepsiCo, Inc. Common Stock","NNM","18767331","20817859","9292466","2.02",,
"2025-05-30","PFE","Pfizer Inc.","NYSE","104993610","107376473","39906213","2.63",,
"2025-05-30","PG","Procter & Gamble Company","NYSE","17629278","19616617","7305698","2.41",,
"2025-05-30","PGR","Progressive Corporation","NYSE","6848687","6841753","2775859","2.47",,
"2025-05-30","PH","Parker-Hannifin Corporation","NYSE","1834993","1499540","632044","2.90",,
"2025-05-30","PLD","PROLOGIS, INC.","NYSE","11709644","14147758","3826330","3.06",,
"2025-05-30","PLTR","Palantir Technologies Inc. Cla","NNM","44644575","55835273","80966496","1.00",,
"2025-05-30","PM","Philip Morris International In","NYSE","11228966","13409121","5201785","2.16",,
"2025-05-30","PNC","PNC Financial Services Group","NYSE","4977758","5231708","1903538","2.62",,
"2025-05-30","PSX","PHILLIPS 66","NYSE","6760455","8692105","3490273","1.94",,
"2025-05-30","PWR","Quanta Services, Inc.","NYSE","4723578","5139877","1039904","4.54",,
"2025-05-30","QCOM","QUALCOMM Incorporated Common S","NNM","21054706","25075822","8315627","2.53",,
"2025-05-30","RCL","Royal Caribbean Group","NYSE","11133003","11330171","1915108","5.81",,
"2025-05-30","REGN","Regeneron Pharmaceuticals, Inc","NNM","2697824","2798186","1415430","1.91",,
"2025-05-30","ROST","Ross Stores, Inc. Common Stock","NNM","5304959","5107873","5032644","1.05",,
"2025-05-30","RSG","Republic Services Inc.","NYSE","2968836","2402463","1427327","2.08",,
"2025-05-30","RTX","RTX Corporation","NYSE","10897330","11756975","5218919","2.09",,
"2025-05-30","SBUX","Starbucks Corporation Common S","NNM","38344981","43814924","9826067","3.90",,
"2025-05-30","SCCO","Southern Copper Corporation","NYSE","8121499","8791401","987448","8.22",,
"2025-05-30","SCHW","The Charles Schwab Corporation","NYSE","17135013","17523544","7247782","2.36",,
"2025-05-30","SHW","The Sherwin-Williams Company","NYSE","4542506","5555202","1361111","3.34",,
"2025-05-30","SNDK","Sandisk Corporation Common Sto","NNM","6430583","7586966","1952022","3.29",,
"2025-05-30","SNOW","Snowflake Inc.","NYSE","9997207","9423124","8559414","1.17",,
"2025-05-30","SNPS","Synopsys, Inc. Common Stock","NNM","4699723","4890096","1836505","2.56",,
"2025-05-30","SO","The Southern Company","NYSE","20561381","21528898","6096950","3.37",,
"2025-05-30","SPCX","The SPAC and New Issue ETF","NNM","14198","5617","3496","4.06",,
"2025-05-30","SPG","Simon Property Group, Inc.","NYSE","5033593","5875022","1823923","2.76",,
"2025-05-30","SPGI","S&P Global Inc.","NYSE","2376155","3007991","1126846","2.11",,
"2025-05-30","SYK","Stryker Corporation","NYSE","4984849","5994099","1241304","4.02",,
"2025-05-30","T","AT&T Inc.","NYSE","86323759","96532595","31517792","2.74",,
"2025-05-30","TDG","TransDigm Group Incorporated","NYSE","1138772","1276266","259540","4.39",,
"2025-05-30","TFC","Truist Financial Corporation","NYSE","26610710","29429528","8012542","3.32",,
"2025-05-30","TGT","Target Corporation","NYSE","16151680","19912983","9675851","1.67",,
"2025-05-30","TJX","TJX Companies, Inc. (The)","NYSE","12974546","14316663","7052784","1.84",,
"2025-05-30","TMO","Thermo Fisher Scientific, Inc.","NYSE","4738620","4571597","2413988","1.96",,
"2025-05-30","TMUS","T-Mobile US, Inc. Common Stock","NNM","14746278","13827920","4207997","3.50",,
"2025-05-30","TRV","The Travelers Companies, Inc.","NYSE","3329550","3221797","1172441","2.84",,
"2025-05-30","TSLA","Tesla, Inc. Common Stock","NNM","76998079","85015009","102126773","1.00",,
"2025-05-30","TXN","Texas Instruments Incorporated","NNM","19261833","22716513","7289345","2.64",,
"2025-05-30","UBER","Uber Technologies, Inc.","NYSE","56332838","56839873","21993398","2.56",,
"2025-05-30","UNH","UNITEDHEALTH GROUP INCORPORATE","NYSE","10840729","11113473","33347669","1.00",,
"2025-05-30","UNP","Union Pacific Corp.","NYSE","5987427","6514770","2760755","2.17",,
"2025-05-30","UPS","United Parcel Service, Inc. Cl","NYSE","16624746","18219286","5230072","3.18",,
"2025-05-30","URI","United Rentals, Inc.","NYSE","1923621","2065117","420361","4.58",,
"2025-05-30","USB","U.S. Bancorp","NYSE","16906696","21670908","6585797","2.57",,
"2025-05-30","V","VISA Inc.","NYSE","29181487","28415843","5554270","5.25",,
"2025-05-30","VLO","Valero Energy Corporation","NYSE","13085703","12968292","2780893","4.71",,
"2025-05-30","VRT","Vertiv Holdings Co Class A Com","NYSE","10653340","12455205","5214415","2.04",,
"2025-05-30","VRTX","Vertex Pharmaceuticals Incorpo","NNM","4408560","4824964","1525051","2.89",,
"2025-05-30","VZ","Verizon Communications","NYSE","84791513","89154903","14594344","5.81",,
"2025-05-30","WBD","Warner Bros. Discovery, Inc. S","NNM","102394318","106608406","38778011","2.64",,
"2025-05-30","WDC","Western Digital Corporation Co","NNM","31355996","31906353","5828725","5.38",,
"2025-05-30","WELL","Welltower Inc.","NYSE","10053277","12584019","2876650","3.49",,
"2025-05-30","WFC","Wells Fargo & Co.","NYSE","38814966","42644300","12471901","3.11",,
"2025-05-30","WM","Waste Management, Inc.","NYSE","3348158","3178533","1721294","1.95",,
"2025-05-30","WMB","Williams Companies Inc.","NYSE","16983240","19272834","7586199","2.24",,
"2025-05-30","WMT","Walmart Inc.","NYSE","41506755","51027916","18524533","2.24",,
"2025-05-30","XOM","Exxon Mobil Corporation","NYSE","43639864","45134335","15528389","2.81",,
"2025-05-15","AAPL","Apple Inc. Common Stock","NNM","105169332","108598767","58066315","1.81",,
"2025-05-15","ABBV","ABBVIE INC.","NYSE","19929844","19795764","8523720","2.34",,
"2025-05-15","ABNB","Airbnb, Inc. Class A Common St","NNM","15593335","14942334","6262061","2.49",,
"2025-05-15","ABT","Abbott Laboratories","NYSE","22256461","21115934","6407869","3.47",,
"2025-05-15","ADBE","Adobe Inc. Common Stock","NNM","9762655","9408544","2598066","3.76",,
"2025-05-15","ADI","Analog Devices, Inc. Common St","NNM","8584676","7813620","3617812","2.37",,
"2025-05-15","ADP","Automatic Data Processing, Inc","NNM","6153330","6060678","1393744","4.41",,
"2025-05-15","AEP","American Electric Power Compan","NNM","21111828","20609166","3697085","5.71",,
"2025-05-15","AFL","Aflac Inc.","NYSE","8347650","8042614","1949048","4.28",,
"2025-05-15","AJG","Arthur J. Gallagher & Co.","NYSE","3985661","3013273","1281922","3.11",,
"2025-05-15","ALL","The Allstate Corporation","NYSE","4028042","3459340","1360301","2.96",,
"2025-05-15","AMAT","Applied Materials, Inc. Common","NNM","17603959","16525885","6754332","2.61",,
"2025-05-15","AMD","Advanced Micro Devices, Inc. C","NNM","48465479","40942603","50959178","1.00",,
"2025-05-15","AMGN","Amgen Inc. Common Stock","NNM","14360875","14618643","3381518","4.25",,
"2025-05-15","AMT","American Tower Corporation","NYSE","6156490","5896044","3062454","2.01",,
"2025-05-15","AMZN","Amazon.com, Inc. Common Stock","NNM","71501108","65739202","50826617","1.41",,
"2025-05-15","ANET","Arista Networks","NYSE","24334344","23766744","11559062","2.11",,
"2025-05-15","AON","Aon plc Class A","NYSE","4992415","4868146","1252335","3.99",,
"2025-05-15","APD","Air Products & Chemicals, Inc.","NYSE","4753786","4313946","1368498","3.47",,
"2025-05-15","APH","Amphenol Corporation","NYSE","15633819","15329198","7495401","2.09",,
"2025-05-15","APO","Apollo Global Management, Inc.","NYSE","27874433","28045948","3989690","6.99",,
"2025-05-15","APP","Applovin Corporation Class A C","NNM","9963547","10112736","7752468","1.29",,
"2025-05-15","AVGO","Broadcom Inc. Common Stock","NNM","55255847","49118015","19723473","2.80",,
"2025-05-15","AXP","American Express Company","NYSE","10114885","9187131","2821595","3.58",,
"2025-05-15","BA","Boeing Company","NYSE","17976824","15826297","9527216","1.89",,
"2025-05-15","BAC","Bank of America Corporation","NYSE","96365711","96169211","37770262","2.55",,
"2025-05-15","BKNG","Booking Holdings Inc. Common S","NNM","592138","564227","219948","2.69",,
"2025-05-15","BLK","Blackrock, Inc.","NYSE","1956063","1703978","659094","2.97",,
"2025-05-15","BMY","Bristol-Myers Squibb Co.","NYSE","37006724","37123977","18981629","1.95",,
"2025-05-15","BNY","BlackRock New York Municipal I","NYSE","22798","29803","57226","1.00",,
"2025-05-15","BRKA","Berkshire Hathaway Inc.","NYSE","287","252","526","1.00",,
"2025-05-15","BRKB","BERKSHIRE HATHAWAY Class B","NYSE","15203218","15584654","6238721","2.44",,
"2025-05-15","BSX","Boston Scientific Corp.","NYSE","16752863","15713241","6046738","2.77",,
"2025-05-15","BX","Blackstone Inc.","NYSE","13123587","12380879","3751761","3.50",,
"2025-05-15","C","Citigroup Inc.","NYSE","35308872","36832211","11741676","3.01",,
"2025-05-15","CAT","Caterpillar Inc.","NYSE","7653672","7333139","2581184","2.97",,
"2025-05-15","CDNS","Cadence Design Systems, Inc. C","NNM","4078142","4663129","1772725","2.30",,
"2025-05-15","CEG","Constellation Energy Corporati","NNM","8140026","9548617","3878329","2.10",,
"2025-05-15","CI","The Cigna Group","NYSE","3181107","3516987","2103549","1.51",,
"2025-05-15","CL","Colgate-Palmolive Company","NYSE","12132698","12016575","4322932","2.81",,
"2025-05-15","CMCSA","Comcast Corporation Class A Co","NNM","58615612","56480613","21299268","2.75",,
"2025-05-15","CME","CME Group Inc. Class A Common","NNM","4737717","5030883","2197017","2.16",,
"2025-05-15","CMI","Cummins Inc.","NYSE","2451108","2411606","950657","2.58",,
"2025-05-15","COF","Capital One Financial","NYSE","27890569","24780841","4934643","5.65",,
"2025-05-15","COP","ConocoPhillips","NYSE","20219117","20290055","8831988","2.29",,
"2025-05-15","COST","Costco Wholesale Corporation C","NNM","6168845","6031885","1872300","3.29",,
"2025-05-15","CRM","Salesforce, Inc.","NYSE","13377350","12728797","5184291","2.58",,
"2025-05-15","CRWD","CrowdStrike Holdings, Inc. Cla","NNM","8826785","9044612","3602512","2.45",,
"2025-05-15","CSCO","Cisco Systems, Inc. Common Sto","NNM","57508108","48116308","22420712","2.56",,
"2025-05-15","CSX","CSX Corporation Common Stock","NNM","26983698","28547695","13206764","2.04",,
"2025-05-15","CTAS","Cintas Corporation Common Stoc","NNM","4901191","4868521","1416993","3.46",,
"2025-05-15","CVNA","Carvana Co.","NYSE","9176118","7874844","4983790","1.84",,
"2025-05-15","CVS","CVS HEALTH CORPORATION","NYSE","15900008","16432859","12942460","1.23",,
"2025-05-15","CVX","Chevron Corporation","NYSE","67129093","60580010","8708804","7.71",,
"2025-05-15","D","Dominion Energy, Inc Common St","NYSE","24850005","20589158","5573978","4.46",,
"2025-05-15","DASH","DoorDash, Inc. Class A Common","NNM","15419117","16569476","5029408","3.07",,
"2025-05-15","DDOG","Datadog, Inc. Class A Common S","NNM","9656707","10077204","6235752","1.55",,
"2025-05-15","DE","Deere & Company","NYSE","4373742","4293611","1436482","3.04",,
"2025-05-15","DELL","Dell Technologies Inc.","NYSE","21497791","22125822","5775903","3.72",,
"2025-05-15","DHR","Danaher Corporation","NYSE","7449530","7802865","4110740","1.81",,
"2025-05-15","DIS","The Walt Disney Company","NYSE","21566194","21443703","14495602","1.49",,
"2025-05-15","DLR","Digital Realty Trust, Inc.","NYSE","8739072","8513883","1752812","4.99",,
"2025-05-15","DUK","Duke Energy Corporation","NYSE","12099230","10352057","4058313","2.98",,
"2025-05-15","ECL","Ecolab, Inc.","NYSE","2522300","3058600","1187158","2.12",,
"2025-05-15","ELV","Elevance Health, Inc.","NYSE","2606814","2677922","1644255","1.59",,
"2025-05-15","EMR","Emerson Electric Co.","NYSE","12082059","9362195","3376093","3.58",,
"2025-05-15","EOG","EOG Resources, Inc.","NYSE","15111762","15111277","4563467","3.31",,
"2025-05-15","EPD","Enterprise Products Partners L","NYSE","24722527","23570976","4954122","4.99",,
"2025-05-15","EQIX","Equinix, Inc. Common Stock REI","NNM","1874892","1928303","500375","3.75",,
"2025-05-15","FCX","Freeport-McMoran Inc.","NYSE","29212850","22543954","10999841","2.66",,
"2025-05-15","FDX","FedEx Corporation","NYSE","3938136","3915701","1831898","2.15",,
"2025-05-15","FTNT","Fortinet, Inc. Common Stock","NNM","15879603","20524900","6067967","2.62",,
"2025-05-15","GD","General Dynamics Corporation","NYSE","2407907","2377533","1181521","2.04",,
"2025-05-15","GE","GE Aerospace","NYSE","14021664","12456295","4945620","2.84",,
"2025-05-15","GEV","GE Vernova Inc.","NYSE","6033276","6052865","2990849","2.02",,
"2025-05-15","GILD","Gilead Sciences, Inc. Common S","NNM","24676861","23574395","9578497","2.58",,
"2025-05-15","GLW","Corning Incorporated","NYSE","12671657","10701887","3976737","3.19",,
"2025-05-15","GM","General Motors Company","NYSE","24062527","22410862","10624192","2.26",,
"2025-05-15","GOOG","Alphabet Inc. Class C Capital","NNM","36570404","40112579","28525674","1.28",,
"2025-05-15","GOOGL","Alphabet Inc. Class A Common S","NNM","74301622","68993462","43676977","1.70",,
"2025-05-15","GS","Goldman Sachs Group Inc.","NYSE","5812791","5063816","2512215","2.31",,
"2025-05-15","GWW","W.W. Grainger, Inc.","NYSE","1285769","1197214","272764","4.71",,
"2025-05-15","HCA","HCA Healthcare, Inc.","NYSE","5029582","4433164","1567700","3.21",,
"2025-05-15","HD","Home Depot, Inc.","NYSE","9203242","9512899","2727052","3.37",,
"2025-05-15","HLT","Hilton Worldwide Holdings Inc.","NYSE","5680532","5817487","2189854","2.59",,
"2025-05-15","HON","Honeywell International Inc. C","NNM","7584444","6612303","4045362","1.87",,
"2025-05-15","HOOD","Robinhood Markets, Inc. Class","NNM","29627951","28429946","47395845","1.00",,
"2025-05-15","HPE","Hewlett Packard Enterprise Com","NYSE","69356449","76194006","14976703","4.63",,
"2025-05-15","HWM","Howmet Aerospace Inc.","NYSE","11589817","10546060","3430843","3.38",,
"2025-05-15","IBKR","Interactive Brokers Group, Inc","NNM","2482431","2125413","1289864","1.92",,
"2025-05-15","IBM","International Business Machine","NYSE","21305645","20546551","3779512","5.64",,
"2025-05-15","ICE","Intercontinental Exchange  Inc","NYSE","6907866","5173739","3178345","2.17",,
"2025-05-15","INTC","Intel Corporation Common Stock","NNM","122812769","118701378","67389001","1.82",,
"2025-05-15","INTU","Intuit Inc. Common Stock","NNM","3723071","3785598","1525789","2.44",,
"2025-05-15","ISRG","Intuitive Surgical, Inc. Commo","NNM","4844306","4609368","1452395","3.34",,
"2025-05-15","ITW","Illinois Tool Works Inc.","NYSE","7566986","6592638","1221800","6.19",,
"2025-05-15","JNJ","Johnson & Johnson","NYSE","22801009","19677594","7920439","2.88",,
"2025-05-15","JPM","JPMorgan Chase & Co.","NYSE","30539508","28099251","7805262","3.91",,
"2025-05-15","KKR","KKR & Co. Inc.","NYSE","10350219","9230420","5011158","2.07",,
"2025-05-15","KLAC","KLA Corporation Common Stock","NNM","3274447","2461283","1179947","2.78",,
"2025-05-15","KMI","Kinder Morgan, Inc.","NYSE","42426799","37888695","13438738","3.16",,
"2025-05-15","KO","Coca-Cola Company","NYSE","36963819","40193096","15269061","2.42",,
"2025-05-15","LIN","Linde plc Ordinary Shares","NNM","5402750","4884232","1723202","3.14",,
"2025-05-15","LLY","Eli Lilly & Co.","NYSE","7348411","7352058","6186930","1.19",,
"2025-05-15","LMT","Lockheed Martin Corp.","NYSE","2388621","1958075","1432011","1.67",,
"2025-05-15","LOW","Lowe's Companies Inc.","NYSE","9013327","8738079","2460494","3.66",,
"2025-05-15","LRCX","Lam Research Corporation Commo","NNM","27588511","23466703","10440031","2.64",,
"2025-05-15","MA","Mastercard Incorporated","NYSE","6023968","5647089","2328590","2.59",,
"2025-05-15","MAR","Marriott International Class A","NNM","5605327","5304797","1794044","3.12",,
"2025-05-15","MCD","McDonald's Corporation","NYSE","9633872","10432155","3175017","3.03",,
"2025-05-15","MCK","McKesson Corporation","NYSE","2108328","2172627","1380640","1.53",,
"2025-05-15","MCO","Moody's Corporation","NYSE","3048273","3040119","651514","4.68",,
"2025-05-15","MDLZ","Mondelez International, Inc. C","NNM","22504837","21165328","7205444","3.12",,
"2025-05-15","MDT","Medtronic plc","NYSE","13629841","12241234","6566484","2.08",,
"2025-05-15","META","Meta Platforms, Inc. Class A C","NNM","35573940","30909132","16783607","2.12",,
"2025-05-15","MMM","3M Company","NYSE","10255396","9854362","3201409","3.20",,
"2025-05-15","MNST","Monster Beverage Corporation","NNM","16025170","17314233","5518857","2.90",,
"2025-05-15","MO","Altria Group, Inc.","NYSE","40667010","38683774","8918268","4.56",,
"2025-05-15","MPC","MARATHON PETROLEUM CORPORATION","NYSE","9370232","8458969","2736550","3.42",,
"2025-05-15","MPWR","Monolithic Power Systems, Inc.","NNM","2445033","2021634","869959","2.81",,
"2025-05-15","MRK","Merck & Co., Inc.","NYSE","41266612","37137335","15862063","2.60",,
"2025-05-15","MRVL","Marvell Technology, Inc. Commo","NNM","26042207","27740038","16861108","1.54",,
"2025-05-15","MS","Morgan Stanley","NYSE","17061112","14806266","6456414","2.64",,
"2025-05-15","MSFT","Microsoft Corporation Common S","NNM","57074580","50313676","24840919","2.30",,
"2025-05-15","MSI","Motorola Solutions, Inc. New","NYSE","2078560","1896831","1095352","1.90",,
"2025-05-15","MU","Micron Technology, Inc. Common","NNM","34294716","28852705","19228984","1.78",,
"2025-05-15","NEE","Nextra Energy, Inc.","NYSE","38543237","33514344","14103258","2.73",,
"2025-05-15","NEM","Newmont Corporation","NYSE","22102063","18531540","13055326","1.69",,
"2025-05-15","NET","Cloudflare, Inc. Class A commo","NYSE","7309887","6068703","4139011","1.77",,
"2025-05-15","NFLX","Netflix, Inc. Common Stock","NNM","8138708","8176862","4115862","1.98",,
"2025-05-15","NKE","Nike, Inc.","NYSE","48322338","45042823","15673991","3.08",,
"2025-05-15","NOC","Northrop Grumman Corp.","NYSE","2700603","2710889","1037213","2.60",,
"2025-05-15","NOW","SERVICENOW, INC.","NYSE","4263153","4339757","1406251","3.03",,
"2025-05-15","NSC","Norfolk Southern Corp.","NYSE","3171168","2721127","1129384","2.81",,
"2025-05-15","NVDA","NVIDIA Corporation Common Stoc","NNM","243993623","249766546","209670213","1.16",,
"2025-05-15","ORCL","Oracle Corp","NYSE","24406346","23256106","7958153","3.07",,
"2025-05-15","ORLY","O'Reilly Automotive, Inc. Comm","NNM","877667","719928","394444","2.23",,
"2025-05-15","PANW","Palo Alto Networks, Inc. Commo","NNM","26017523","25204564","4236547","6.14",,
"2025-05-15","PCAR","PACCAR Inc. Common Stock","NNM","13894508","13795623","2941472","4.72",,
"2025-05-15","PEP","PepsiCo, Inc. Common Stock","NNM","20817859","21846304","7577870","2.75",,
"2025-05-15","PFE","Pfizer Inc.","NYSE","107376473","115162479","51202695","2.10",,
"2025-05-15","PG","Procter & Gamble Company","NYSE","19616617","18652269","7073879","2.77",,
"2025-05-15","PGR","Progressive Corporation","NYSE","6841753","6221374","2535628","2.70",,
"2025-05-15","PH","Parker-Hannifin Corporation","NYSE","1499540","1234063","801131","1.87",,
"2025-05-15","PLD","PROLOGIS, INC.","NYSE","14147758","11929435","5189683","2.73",,
"2025-05-15","PLTR","Palantir Technologies Inc. Cla","NNM","55835273","54976827","112456562","1.00",,
"2025-05-15","PM","Philip Morris International In","NYSE","13409121","13916435","5534428","2.42",,
"2025-05-15","PNC","PNC Financial Services Group","NYSE","5231708","4640937","2204814","2.37",,
"2025-05-15","PSX","PHILLIPS 66","NYSE","8692105","13710383","3483361","2.50",,
"2025-05-15","PWR","Quanta Services, Inc.","NYSE","5139877","5101273","1549565","3.32",,
"2025-05-15","QCOM","QUALCOMM Incorporated Common S","NNM","25075822","17486718","9922734","2.53",,
"2025-05-15","RCL","Royal Caribbean Group","NYSE","11330171","11548719","1806156","6.27",,
"2025-05-15","REGN","Regeneron Pharmaceuticals, Inc","NNM","2798186","2887463","1513283","1.85",,
"2025-05-15","ROST","Ross Stores, Inc. Common Stock","NNM","5107873","5401115","2194794","2.33",,
"2025-05-15","RSG","Republic Services Inc.","NYSE","2402463","2471678","1269641","1.89",,
"2025-05-15","RTX","RTX Corporation","NYSE","11756975","10414196","4544142","2.59",,
"2025-05-15","SBUX","Starbucks Corporation Common S","NNM","43814924","33390291","12238255","3.58",,
"2025-05-15","SCCO","Southern Copper Corporation","NYSE","8791401","7932522","997659","8.81","S",
"2025-05-15","SCHW","The Charles Schwab Corporation","NYSE","17523544","17347776","8096133","2.16",,
"2025-05-15","SHW","The Sherwin-Williams Company","NYSE","5555202","4450946","1357862","4.09",,
"2025-05-15","SNDK","Sandisk Corporation Common Sto","NNM","7586966","6871813","2664323","2.85",,
"2025-05-15","SNOW","Snowflake Inc.","NYSE","9423124","9406696","3403393","2.77",,
"2025-05-15","SNPS","Synopsys, Inc. Common Stock","NNM","4890096","4525598","940435","5.20",,
"2025-05-15","SO","The Southern Company","NYSE","21528898","20927241","4966626","4.33",,
"2025-05-15","SPCX","The SPAC and New Issue ETF","NNM","5617","5600","1063","5.28",,
"2025-05-15","SPG","Simon Property Group, Inc.","NYSE","5875022","5864129","1777075","3.31",,
"2025-05-15","SPGI","S&P Global Inc.","NYSE","3007991","2738016","1098776","2.74",,
"2025-05-15","SYK","Stryker Corporation","NYSE","5994099","5729368","1489266","4.02",,
"2025-05-15","T","AT&T Inc.","NYSE","96532595","96937191","34954620","2.76",,
"2025-05-15","TDG","TransDigm Group Incorporated","NYSE","1276266","1322020","364573","3.50",,
"2025-05-15","TFC","Truist Financial Corporation","NYSE","29429528","33218313","7376970","3.99",,
"2025-05-15","TGT","Target Corporation","NYSE","19912983","16875265","6789388","2.93",,
"2025-05-15","TJX","TJX Companies, Inc. (The)","NYSE","14316663","14783052","4825822","2.97",,
"2025-05-15","TMO","Thermo Fisher Scientific, Inc.","NYSE","4571597","4537399","3094412","1.48",,
"2025-05-15","TMUS","T-Mobile US, Inc. Common Stock","NNM","13827920","11988414","3749257","3.69",,
"2025-05-15","TRV","The Travelers Companies, Inc.","NYSE","3221797","3316631","1101274","2.93",,
"2025-05-15","TSLA","Tesla, Inc. Common Stock","NNM","85015009","81317940","106155805","1.00",,
"2025-05-15","TXN","Texas Instruments Incorporated","NNM","22716513","20314267","7268640","3.13",,
"2025-05-15","UBER","Uber Technologies, Inc.","NYSE","56839873","56084909","28770644","1.98",,
"2025-05-15","UNH","UNITEDHEALTH GROUP INCORPORATE","NYSE","11113473","8850566","26655275","1.00",,
"2025-05-15","UNP","Union Pacific Corp.","NYSE","6514770","8091579","3107867","2.10",,
"2025-05-15","UPS","United Parcel Service, Inc. Cl","NYSE","18219286","16360947","6180121","2.95",,
"2025-05-15","URI","United Rentals, Inc.","NYSE","2065117","1632875","674400","3.06",,
"2025-05-15","USB","U.S. Bancorp","NYSE","21670908","20098318","7800042","2.78",,
"2025-05-15","V","VISA Inc.","NYSE","28415843","25858883","5217317","5.45",,
"2025-05-15","VLO","Valero Energy Corporation","NYSE","12968292","12276096","3098596","4.19",,
"2025-05-15","VRT","Vertiv Holdings Co Class A Com","NYSE","12455205","16988126","8769230","1.42",,
"2025-05-15","VRTX","Vertex Pharmaceuticals Incorpo","NNM","4824964","3780307","2700418","1.79",,
"2025-05-15","VZ","Verizon Communications","NYSE","89154903","87750135","15417238","5.78",,
"2025-05-15","WBD","Warner Bros. Discovery, Inc. S","NNM","106608406","90812524","40471026","2.63",,
"2025-05-15","WDC","Western Digital Corporation Co","NNM","31906353","29812134","7190787","4.44",,
"2025-05-15","WELL","Welltower Inc.","NYSE","12584019","11855223","2809764","4.48",,
"2025-05-15","WFC","Wells Fargo & Co.","NYSE","42644300","39818374","16456533","2.59",,
"2025-05-15","WM","Waste Management, Inc.","NYSE","3178533","3171816","1794057","1.77",,
"2025-05-15","WMB","Williams Companies Inc.","NYSE","19272834","19625011","6827623","2.82",,
"2025-05-15","WMT","Walmart Inc.","NYSE","51027916","47850412","18901294","2.70",,
"2025-05-15","XOM","Exxon Mobil Corporation","NYSE","45134335","45609318","15612610","2.89",,
"2025-04-30","AAPL","Apple Inc. Common Stock","NNM","108598767","113127198","47359185","2.29",,
"2025-04-30","ABBV","ABBVIE INC.","NYSE","19795764","16843458","8388568","2.36",,
"2025-04-30","ABNB","Airbnb, Inc. Class A Common St","NNM","14942334","16125400","5091650","2.93",,
"2025-04-30","ABT","Abbott Laboratories","NYSE","21115934","21691365","7273293","2.90",,
"2025-04-30","ADBE","Adobe Inc. Common Stock","NNM","9408544","11482726","3395985","2.77",,
"2025-04-30","ADI","Analog Devices, Inc. Common St","NNM","7813620","7824135","3965348","1.97",,
"2025-04-30","ADP","Automatic Data Processing, Inc","NNM","6060678","6311280","1843965","3.29",,
"2025-04-30","AEP","American Electric Power Compan","NNM","20609166","20959078","3308277","6.23",,
"2025-04-30","AFL","Aflac Inc.","NYSE","8042614","8492679","1851428","4.34",,
"2025-04-30","AJG","Arthur J. Gallagher & Co.","NYSE","3013273","3490119","1535517","1.96",,
"2025-04-30","ALL","The Allstate Corporation","NYSE","3459340","3915991","1477974","2.34",,
"2025-04-30","AMAT","Applied Materials, Inc. Common","NNM","16525885","16767632","6923376","2.39",,
"2025-04-30","AMD","Advanced Micro Devices, Inc. C","NNM","40942603","44440539","34698882","1.18",,
"2025-04-30","AMGN","Amgen Inc. Common Stock","NNM","14618643","14543828","2447302","5.97",,
"2025-04-30","AMT","American Tower Corporation","NYSE","5896044","5403307","3395722","1.74",,
"2025-04-30","AMZN","Amazon.com, Inc. Common Stock","NNM","65739202","71194634","47144245","1.39",,
"2025-04-30","ANET","Arista Networks","NYSE","23766744","20730403","10239345","2.32",,
"2025-04-30","AON","Aon plc Class A","NYSE","4868146","4369629","2133748","2.28",,
"2025-04-30","APD","Air Products & Chemicals, Inc.","NYSE","4313946","3766266","1344307","3.21",,
"2025-04-30","APH","Amphenol Corporation","NYSE","15329198","14975037","9213605","1.66",,
"2025-04-30","APO","Apollo Global Management, Inc.","NYSE","28045948","30243852","3211311","8.73",,
"2025-04-30","APP","Applovin Corporation Class A C","NNM","10112736","10747720","6449806","1.57",,
"2025-04-30","AVGO","Broadcom Inc. Common Stock","NNM","49118015","53413113","22386325","2.19",,
"2025-04-30","AXP","American Express Company","NYSE","9187131","8309481","3010388","3.05",,
"2025-04-30","BA","Boeing Company","NYSE","15826297","17602995","8814538","1.80",,
"2025-04-30","BAC","Bank of America Corporation","NYSE","96169211","94346884","41902920","2.30",,
"2025-04-30","BKNG","Booking Holdings Inc. Common S","NNM","564227","664987","263080","2.14",,
"2025-04-30","BLK","Blackrock, Inc.","NYSE","1703978","1952197","659560","2.58",,
"2025-04-30","BMY","Bristol-Myers Squibb Co.","NYSE","37123977","30034861","16832390","2.21",,
"2025-04-30","BNY","BlackRock New York Municipal I","NYSE","29803","45538","34792","1.00",,
"2025-04-30","BRKA","Berkshire Hathaway Inc.","NYSE","252","261","447","1.00",,
"2025-04-30","BRKB","BERKSHIRE HATHAWAY Class B","NYSE","15584654","15391041","4376707","3.56",,
"2025-04-30","BSX","Boston Scientific Corp.","NYSE","15713241","14494253","8040940","1.95",,
"2025-04-30","BX","Blackstone Inc.","NYSE","12380879","11214611","5062398","2.45",,
"2025-04-30","C","Citigroup Inc.","NYSE","36832211","34515052","14706065","2.50",,
"2025-04-30","CAT","Caterpillar Inc.","NYSE","7333139","7894755","2840553","2.58",,
"2025-04-30","CCZ","Comcast Holdings Corp. 2.0% Ex","NYSE","10","0","733","1.00",,
"2025-04-30","CDNS","Cadence Design Systems, Inc. C","NNM","4663129","4867443","2303690","2.02",,
"2025-04-30","CEG","Constellation Energy Corporati","NNM","9548617","10469256","2457365","3.89",,
"2025-04-30","CI","The Cigna Group","NYSE","3516987","3383773","1612686","2.18",,
"2025-04-30","CL","Colgate-Palmolive Company","NYSE","12016575","11457591","7249451","1.66",,
"2025-04-30","CMCSA","Comcast Corporation Class A Co","NNM","56480613","52361785","26505133","2.13",,
"2025-04-30","CME","CME Group Inc. Class A Common","NNM","5030883","4959787","2269302","2.22",,
"2025-04-30","CMI","Cummins Inc.","NYSE","2411606","2029857","842979","2.86",,
"2025-04-30","COF","Capital One Financial","NYSE","24780841","22742639","5296156","4.68",,
"2025-04-30","COP","ConocoPhillips","NYSE","20290055","18263884","6253677","3.24",,
"2025-04-30","COST","Costco Wholesale Corporation C","NNM","6031885","6044126","2196394","2.75",,
"2025-04-30","CRM","Salesforce, Inc.","NYSE","12728797","12441899","6121362","2.08",,
"2025-04-30","CRWD","CrowdStrike Holdings, Inc. Cla","NNM","9044612","7906847","3149999","2.87",,
"2025-04-30","CSCO","Cisco Systems, Inc. Common Sto","NNM","48116308","58945103","19626017","2.45",,
"2025-04-30","CSX","CSX Corporation Common Stock","NNM","28547695","30719358","16758978","1.70",,
"2025-04-30","CTAS","Cintas Corporation Common Stoc","NNM","4868521","5156199","1616152","3.01",,
"2025-04-30","CVNA","Carvana Co.","NYSE","7874844","6902763","3194238","2.47",,
"2025-04-30","CVS","CVS HEALTH CORPORATION","NYSE","16432859","18647277","9419905","1.74",,
"2025-04-30","CVX","Chevron Corporation","NYSE","60580010","61825910","8756745","6.92",,
"2025-04-30","D","Dominion Energy, Inc Common St","NYSE","20589158","20414767","5289711","3.89",,
"2025-04-30","DASH","DoorDash, Inc. Class A Common","NNM","16569476","18741046","3272971","5.06",,
"2025-04-30","DDOG","Datadog, Inc. Class A Common S","NNM","10077204","10184342","3831466","2.63",,
"2025-04-30","DE","Deere & Company","NYSE","4293611","4527508","949957","4.52",,
"2025-04-30","DELL","Dell Technologies Inc.","NYSE","22125822","20048871","5967986","3.71",,
"2025-04-30","DHR","Danaher Corporation","NYSE","7802865","7340255","4255430","1.83",,
"2025-04-30","DIS","The Walt Disney Company","NYSE","21443703","22768907","10217573","2.10",,
"2025-04-30","DLR","Digital Realty Trust, Inc.","NYSE","8513883","9604045","2185264","3.90",,
"2025-04-30","DUK","Duke Energy Corporation","NYSE","10352057","10746387","2991129","3.46",,
"2025-04-30","ECL","Ecolab, Inc.","NYSE","3058600","3065071","1417946","2.16",,
"2025-04-30","ELV","Elevance Health, Inc.","NYSE","2677922","3058842","1777794","1.51",,
"2025-04-30","EMR","Emerson Electric Co.","NYSE","9362195","11273484","2824991","3.31",,
"2025-04-30","EOG","EOG Resources, Inc.","NYSE","15111277","15850479","3294830","4.59",,
"2025-04-30","EPD","Enterprise Products Partners L","NYSE","23570976","24499176","5474920","4.31",,
"2025-04-30","EQIX","Equinix, Inc. Common Stock REI","NNM","1928303","1543908","559126","3.45",,
"2025-04-30","FCX","Freeport-McMoran Inc.","NYSE","22543954","25796446","16193390","1.39",,
"2025-04-30","FDX","FedEx Corporation","NYSE","3915701","3779844","1304692","3.00",,
"2025-04-30","FTNT","Fortinet, Inc. Common Stock","NNM","20524900","19261495","3942945","5.21",,
"2025-04-30","GD","General Dynamics Corporation","NYSE","2377533","2802651","1660910","1.43",,
"2025-04-30","GE","GE Aerospace","NYSE","12456295","12161749","6043324","2.06",,
"2025-04-30","GEV","GE Vernova Inc.","NYSE","6052865","5067063","3544796","1.71",,
"2025-04-30","GILD","Gilead Sciences, Inc. Common S","NNM","23574395","20079194","8770185","2.69",,
"2025-04-30","GLW","Corning Incorporated","NYSE","10701887","11089273","6147096","1.74",,
"2025-04-30","GM","General Motors Company","NYSE","22410862","23747364","11849937","1.89",,
"2025-04-30","GOOG","Alphabet Inc. Class C Capital","NNM","40112579","40047658","20874245","1.92",,
"2025-04-30","GOOGL","Alphabet Inc. Class A Common S","NNM","68993462","68672977","33576007","2.05",,
"2025-04-30","GS","Goldman Sachs Group Inc.","NYSE","5063816","4265581","2321093","2.18",,
"2025-04-30","GWW","W.W. Grainger, Inc.","NYSE","1197214","1169562","275989","4.34",,
"2025-04-30","HCA","HCA Healthcare, Inc.","NYSE","4433164","4744778","1686220","2.63",,
"2025-04-30","HD","Home Depot, Inc.","NYSE","9512899","10118719","3052313","3.12",,
"2025-04-30","HLT","Hilton Worldwide Holdings Inc.","NYSE","5817487","5723500","2244676","2.59",,
"2025-04-30","HON","Honeywell International Inc. C","NNM","6612303","8257196","4682523","1.41",,
"2025-04-30","HOOD","Robinhood Markets, Inc. Class","NNM","28429946","30862832","37406853","1.00",,
"2025-04-30","HPE","Hewlett Packard Enterprise Com","NYSE","76194006","86236338","17549281","4.34",,
"2025-04-30","HWM","Howmet Aerospace Inc.","NYSE","10546060","10841614","2452548","4.30",,
"2025-04-30","IBKR","Interactive Brokers Group, Inc","NNM","2125413","1892484","2015852","1.05",,
"2025-04-30","IBM","International Business Machine","NYSE","20546551","20988517","6094652","3.37",,
"2025-04-30","ICE","Intercontinental Exchange  Inc","NYSE","5173739","5407973","2529936","2.05",,
"2025-04-30","INTC","Intel Corporation Common Stock","NNM","118701378","115029056","92100758","1.29",,
"2025-04-30","INTU","Intuit Inc. Common Stock","NNM","3785598","4017942","1487822","2.54",,
"2025-04-30","ISRG","Intuitive Surgical, Inc. Commo","NNM","4609368","4504821","2172734","2.12",,
"2025-04-30","ITW","Illinois Tool Works Inc.","NYSE","6592638","6674399","1395309","4.72",,
"2025-04-30","JNJ","Johnson & Johnson","NYSE","19677594","21018445","7910397","2.49",,
"2025-04-30","JPM","JPMorgan Chase & Co.","NYSE","28099251","26976496","9767116","2.88",,
"2025-04-30","KKR","KKR & Co. Inc.","NYSE","9230420","8920621","4886867","1.89",,
"2025-04-30","KLAC","KLA Corporation Common Stock","NNM","2461283","3030350","1138131","2.16",,
"2025-04-30","KMI","Kinder Morgan, Inc.","NYSE","37888695","33673556","14992404","2.53",,
"2025-04-30","KO","Coca-Cola Company","NYSE","40193096","38174227","17056140","2.36",,
"2025-04-30","LIN","Linde plc Ordinary Shares","NNM","4884232","4922513","1767764","2.76",,
"2025-04-30","LLY","Eli Lilly & Co.","NYSE","7352058","6425144","3990822","1.84",,
"2025-04-30","LMT","Lockheed Martin Corp.","NYSE","1958075","2319400","1612574","1.21",,
"2025-04-30","LOW","Lowe's Companies Inc.","NYSE","8738079","8078936","2230290","3.92",,
"2025-04-30","LRCX","Lam Research Corporation Commo","NNM","23466703","23410728","13148437","1.78",,
"2025-04-30","MA","Mastercard Incorporated","NYSE","5647089","5443511","2638832","2.14",,
"2025-04-30","MAR","Marriott International Class A","NNM","5304797","5822121","2078290","2.55",,
"2025-04-30","MCD","McDonald's Corporation","NYSE","10432155","11517275","3197830","3.26",,
"2025-04-30","MCK","McKesson Corporation","NYSE","2172627","1908784","840121","2.59",,
"2025-04-30","MCO","Moody's Corporation","NYSE","3040119","3164905","884350","3.44",,
"2025-04-30","MDLZ","Mondelez International, Inc. C","NNM","21165328","22312627","8208378","2.58",,
"2025-04-30","MDT","Medtronic plc","NYSE","12241234","12655871","5834350","2.10",,
"2025-04-30","META","Meta Platforms, Inc. Class A C","NNM","30909132","31512402","17115446","1.81",,
"2025-04-30","MMM","3M Company","NYSE","9854362","10277002","4170216","2.36",,
"2025-04-30","MNST","Monster Beverage Corporation","NNM","17314233","19025595","4504065","3.84",,
"2025-04-30","MO","Altria Group, Inc.","NYSE","38683774","37616596","8916754","4.34",,
"2025-04-30","MPC","MARATHON PETROLEUM CORPORATION","NYSE","8458969","8293268","2335070","3.62",,
"2025-04-30","MPWR","Monolithic Power Systems, Inc.","NNM","2021634","2630420","824141","2.45",,
"2025-04-30","MRK","Merck & Co., Inc.","NYSE","37137335","41933919","17355015","2.14",,
"2025-04-30","MRVL","Marvell Technology, Inc. Commo","NNM","27740038","26657439","15548596","1.78",,
"2025-04-30","MS","Morgan Stanley","NYSE","14806266","14639930","6237130","2.37",,
"2025-04-30","MSFT","Microsoft Corporation Common S","NNM","50313676","51249494","21114042","2.38",,
"2025-04-30","MSI","Motorola Solutions, Inc. New","NYSE","1896831","1969386","611051","3.10",,
"2025-04-30","MU","Micron Technology, Inc. Common","NNM","28852705","31270768","21138405","1.36",,
"2025-04-30","NEE","Nextra Energy, Inc.","NYSE","33514344","37018775","12110929","2.77",,
"2025-04-30","NEM","Newmont Corporation","NYSE","18531540","23639106","14879853","1.25",,
"2025-04-30","NET","Cloudflare, Inc. Class A commo","NYSE","6068703","5970728","2610165","2.33",,
"2025-04-30","NFLX","Netflix, Inc. Common Stock","NNM","8176862","8054327","6234139","1.31",,
"2025-04-30","NKE","Nike, Inc.","NYSE","45042823","50416527","16898308","2.67",,
"2025-04-30","NOC","Northrop Grumman Corp.","NYSE","2710889","2300116","1778665","1.52",,
"2025-04-30","NOW","SERVICENOW, INC.","NYSE","4339757","3795994","2416082","1.80",,
"2025-04-30","NSC","Norfolk Southern Corp.","NYSE","2721127","1903084","1411222","1.93",,
"2025-04-30","NVDA","NVIDIA Corporation Common Stoc","NNM","249766546","262957336","253395526","1.00",,
"2025-04-30","ORCL","Oracle Corp","NYSE","23256106","21889164","8424687","2.76",,
"2025-04-30","ORLY","O'Reilly Automotive, Inc. Comm","NNM","719928","936148","503740","1.43",,
"2025-04-30","PANW","Palo Alto Networks, Inc. Commo","NNM","25204564","24657361","4574275","5.51",,
"2025-04-30","PCAR","PACCAR Inc. Common Stock","NNM","13795623","11898507","3587353","3.85",,
"2025-04-30","PEP","PepsiCo, Inc. Common Stock","NNM","21846304","19799932","8613056","2.54",,
"2025-04-30","PFE","Pfizer Inc.","NYSE","115162479","107433545","48979754","2.35",,
"2025-04-30","PG","Procter & Gamble Company","NYSE","18652269","17284484","10024318","1.86",,
"2025-04-30","PGR","Progressive Corporation","NYSE","6221374","6590358","2677575","2.32",,
"2025-04-30","PH","Parker-Hannifin Corporation","NYSE","1234063","1361526","708418","1.74",,
"2025-04-30","PLD","PROLOGIS, INC.","NYSE","11929435","11677921","5086798","2.35",,
"2025-04-30","PLTR","Palantir Technologies Inc. Cla","NNM","54976827","50816172","99813491","1.00",,
"2025-04-30","PM","Philip Morris International In","NYSE","13916435","10254455","7597676","1.83",,
"2025-04-30","PNC","PNC Financial Services Group","NYSE","4640937","4982136","2275173","2.04",,
"2025-04-30","PSX","PHILLIPS 66","NYSE","13710383","13281236","2534407","5.41",,
"2025-04-30","PWR","Quanta Services, Inc.","NYSE","5101273","5065209","1216073","4.19",,
"2025-04-30","QCOM","QUALCOMM Incorporated Common S","NNM","17486718","17195358","7932253","2.20",,
"2025-04-30","RCL","Royal Caribbean Group","NYSE","11548719","10766928","2217804","5.21",,
"2025-04-30","REGN","Regeneron Pharmaceuticals, Inc","NNM","2887463","2601922","1200347","2.41",,
"2025-04-30","ROST","Ross Stores, Inc. Common Stock","NNM","5401115","7116739","2602918","2.08",,
"2025-04-30","RSG","Republic Services Inc.","NYSE","2471678","3305763","1408505","1.75",,
"2025-04-30","RTX","RTX Corporation","NYSE","10414196","8602673","7072652","1.47",,
"2025-04-30","SBUX","Starbucks Corporation Common S","NNM","33390291","35791922","12872762","2.59",,
"2025-04-30","SCCO","Southern Copper Corporation","NYSE","7932522","7379208","1362162","5.82",,
"2025-04-30","SCHW","The Charles Schwab Corporation","NYSE","17347776","20190665","10311143","1.68",,
"2025-04-30","SHW","The Sherwin-Williams Company","NYSE","4450946","4774859","1700946","2.62",,
"2025-04-30","SNDK","Sandisk Corporation Common Sto","NNM","6871813","5989705","2140228","3.21",,
"2025-04-30","SNOW","Snowflake Inc.","NYSE","9406696","9997170","3612588","2.60",,
"2025-04-30","SNPS","Synopsys, Inc. Common Stock","NNM","4525598","4280096","1082571","4.18",,
"2025-04-30","SO","The Southern Company","NYSE","20927241","21962783","3623598","5.78",,
"2025-04-30","SPCX","The SPAC and New Issue ETF","NNM","5600","5998","1046","5.35",,
"2025-04-30","SPG","Simon Property Group, Inc.","NYSE","5864129","5532085","1599735","3.67",,
"2025-04-30","SPGI","S&P Global Inc.","NYSE","2738016","2578109","1390874","1.97",,
"2025-04-30","SYK","Stryker Corporation","NYSE","5729368","6248107","1438950","3.98",,
"2025-04-30","T","AT&T Inc.","NYSE","96937191","90973556","36192991","2.68",,
"2025-04-30","TDG","TransDigm Group Incorporated","NYSE","1322020","1201102","252012","5.25",,
"2025-04-30","TFC","Truist Financial Corporation","NYSE","33218313","27792278","9589761","3.46",,
"2025-04-30","TGT","Target Corporation","NYSE","16875265","16425950","6624860","2.55",,
"2025-04-30","TJX","TJX Companies, Inc. (The)","NYSE","14783052","14453554","4865219","3.04",,
"2025-04-30","TMO","Thermo Fisher Scientific, Inc.","NYSE","4537399","4789652","2862105","1.59",,
"2025-04-30","TMUS","T-Mobile US, Inc. Common Stock","NNM","11988414","12849529","5190485","2.31",,
"2025-04-30","TRV","The Travelers Companies, Inc.","NYSE","3316631","3205233","1491336","2.22",,
"2025-04-30","TSLA","Tesla, Inc. Common Stock","NNM","81317940","81302709","121293722","1.00",,
"2025-04-30","TXN","Texas Instruments Incorporated","NNM","20314267","17252069","9229285","2.20",,
"2025-04-30","UBER","Uber Technologies, Inc.","NYSE","56084909","54241763","18336388","3.06",,
"2025-04-30","UNH","UNITEDHEALTH GROUP INCORPORATE","NYSE","8850566","11581131","10745374","1.00",,
"2025-04-30","UNP","Union Pacific Corp.","NYSE","8091579","5887438","3619111","2.24",,
"2025-04-30","UPS","United Parcel Service, Inc. Cl","NYSE","16360947","15408572","6292992","2.60",,
"2025-04-30","URI","United Rentals, Inc.","NYSE","1632875","1548683","713352","2.29",,
"2025-04-30","USB","U.S. Bancorp","NYSE","20098318","17022106","10237686","1.96",,
"2025-04-30","V","VISA Inc.","NYSE","25858883","26271080","6518803","3.97",,
"2025-04-30","VLO","Valero Energy Corporation","NYSE","12276096","13167757","3142819","3.91",,
"2025-04-30","VRT","Vertiv Holdings Co Class A Com","NYSE","16988126","13149647","11925075","1.42",,
"2025-04-30","VRTX","Vertex Pharmaceuticals Incorpo","NNM","3780307","4371605","1319341","2.87",,
"2025-04-30","VZ","Verizon Communications","NYSE","87750135","79924460","22503834","3.90",,
"2025-04-30","WBD","Warner Bros. Discovery, Inc. S","NNM","90812524","92791701","36198785","2.51",,
"2025-04-30","WDC","Western Digital Corporation Co","NNM","29812134","30480445","6967184","4.28",,
"2025-04-30","WELL","Welltower Inc.","NYSE","11855223","8470216","2635500","4.50",,
"2025-04-30","WFC","Wells Fargo & Co.","NYSE","39818374","34043072","19379462","2.05",,
"2025-04-30","WM","Waste Management, Inc.","NYSE","3171816","3898482","1882987","1.68",,
"2025-04-30","WMB","Williams Companies Inc.","NYSE","19625011","19626197","5649307","3.47",,
"2025-04-30","WMT","Walmart Inc.","NYSE","47850412","46588541","17146952","2.79",,
"2025-04-30","XOM","Exxon Mobil Corporation","NYSE","45609318","41711115","14068138","3.24",,
"2025-04-15","AAPL","Apple Inc. Common Stock","NNM","113127198","112333139","101632881","1.11",,
"2025-04-15","ABBV","ABBVIE INC.","NYSE","16843458","17142376","10959166","1.54",,
"2025-04-15","ABNB","Airbnb, Inc. Class A Common St","NNM","16125400","16030276","7086861","2.28",,
"2025-04-15","ABT","Abbott Laboratories","NYSE","21691365","21794639","8180613","2.65",,
"2025-04-15","ADBE","Adobe Inc. Common Stock","NNM","11482726","10954395","4985009","2.30",,
"2025-04-15","ADI","Analog Devices, Inc. Common St","NNM","7824135","7243141","6595752","1.19",,
"2025-04-15","ADP","Automatic Data Processing, Inc","NNM","6311280","5802232","2451546","2.57",,
"2025-04-15","AEP","American Electric Power Compan","NNM","20959078","24600910","4975526","4.21",,
"2025-04-15","AFL","Aflac Inc.","NYSE","8492679","9158937","2462797","3.45",,
"2025-04-15","AJG","Arthur J. Gallagher & Co.","NYSE","3490119","3739143","1745643","2.00",,
"2025-04-15","ALL","The Allstate Corporation","NYSE","3915991","3440815","2337337","1.68",,
"2025-04-15","AMAT","Applied Materials, Inc. Common","NNM","16767632","17494816","11937757","1.40",,
"2025-04-15","AMD","Advanced Micro Devices, Inc. C","NNM","44440539","46106164","52846077","1.00",,
"2025-04-15","AMGN","Amgen Inc. Common Stock","NNM","14543828","14076258","3758609","3.87",,
"2025-04-15","AMT","American Tower Corporation","NYSE","5403307","6637325","4444553","1.22",,
"2025-04-15","AMZN","Amazon.com, Inc. Common Stock","NNM","71194634","70718399","75478464","1.00",,
"2025-04-15","ANET","Arista Networks","NYSE","20730403","22361378","14755288","1.40",,
"2025-04-15","AON","Aon plc Class A","NYSE","4369629","4829449","1611388","2.71",,
"2025-04-15","APD","Air Products & Chemicals, Inc.","NYSE","3766266","4374281","1391140","2.71",,
"2025-04-15","APH","Amphenol Corporation","NYSE","14975037","14818029","10022394","1.49",,
"2025-04-15","APO","Apollo Global Management, Inc.","NYSE","30243852","31111878","7598163","3.98",,
"2025-04-15","APP","Applovin Corporation Class A C","NNM","10747720","10986166","10116231","1.06",,
"2025-04-15","AVGO","Broadcom Inc. Common Stock","NNM","53413113","55153486","43432442","1.23",,
"2025-04-15","AXP","American Express Company","NYSE","8309481","7637551","5244092","1.58",,
"2025-04-15","BA","Boeing Company","NYSE","17602995","17069334","12762043","1.38",,
"2025-04-15","BAC","Bank of America Corporation","NYSE","94346884","83837217","85482253","1.10",,
"2025-04-15","BKNG","Booking Holdings Inc. Common S","NNM","664987","717710","362397","1.83",,
"2025-04-15","BLK","Blackrock, Inc.","NYSE","1952197","1466054","1150083","1.70",,
"2025-04-15","BMY","Bristol-Myers Squibb Co.","NYSE","30034861","29399379","15517947","1.94",,
"2025-04-15","BNY","BlackRock New York Municipal I","NYSE","45538","55828","53895","1.00",,
"2025-04-15","BRKA","Berkshire Hathaway Inc.","NYSE","261","242","1132","1.00",,
"2025-04-15","BRKB","BERKSHIRE HATHAWAY Class B","NYSE","15391041","15493433","7558840","2.04",,
"2025-04-15","BSX","Boston Scientific Corp.","NYSE","14494253","13097416","12220075","1.19",,
"2025-04-15","BX","Blackstone Inc.","NYSE","11214611","9994217","9015403","1.24",,
"2025-04-15","C","Citigroup Inc.","NYSE","34515052","39135754","29536342","1.17",,
"2025-04-15","CAT","Caterpillar Inc.","NYSE","7894755","8130145","4410405","1.79",,
"2025-04-15","CDNS","Cadence Design Systems, Inc. C","NNM","4867443","5130451","2618999","1.86",,
"2025-04-15","CEG","Constellation Energy Corporati","NNM","10469256","9283032","4984433","2.10",,
"2025-04-15","CI","The Cigna Group","NYSE","3383773","3428418","2102090","1.61",,
"2025-04-15","CL","Colgate-Palmolive Company","NYSE","11457591","11036739","5750201","1.99",,
"2025-04-15","CMCSA","Comcast Corporation Class A Co","NNM","52361785","55871649","29062138","1.80",,
"2025-04-15","CME","CME Group Inc. Class A Common","NNM","4959787","5688871","3690275","1.34",,
"2025-04-15","CMI","Cummins Inc.","NYSE","2029857","2196667","1097225","1.85",,
"2025-04-15","COF","Capital One Financial","NYSE","22742639","21123466","6748348","3.37",,
"2025-04-15","COP","ConocoPhillips","NYSE","18263884","19360610","11065562","1.65",,
"2025-04-15","COST","Costco Wholesale Corporation C","NNM","6044126","5945254","3270647","1.85",,
"2025-04-15","CRM","Salesforce, Inc.","NYSE","12441899","11870975","8128801","1.53",,
"2025-04-15","CRWD","CrowdStrike Holdings, Inc. Cla","NNM","7906847","9047820","4688897","1.69",,
"2025-04-15","CSCO","Cisco Systems, Inc. Common Sto","NNM","58945103","61395654","31013487","1.90",,
"2025-04-15","CSX","CSX Corporation Common Stock","NNM","30719358","27763254","19092834","1.61",,
"2025-04-15","CTAS","Cintas Corporation Common Stoc","NNM","5156199","4148706","2831647","1.82",,
"2025-04-15","CVNA","Carvana Co.","NYSE","6902763","7985745","6822593","1.01",,
"2025-04-15","CVS","CVS HEALTH CORPORATION","NYSE","18647277","18256861","13418850","1.39",,
"2025-04-15","CVX","Chevron Corporation","NYSE","61825910","63332305","14004180","4.41",,
"2025-04-15","D","Dominion Energy, Inc Common St","NYSE","20414767","17854878","6389144","3.20",,
"2025-04-15","DASH","DoorDash, Inc. Class A Common","NNM","18741046","18359547","5150087","3.64",,
"2025-04-15","DDOG","Datadog, Inc. Class A Common S","NNM","10184342","10240105","6044360","1.68",,
"2025-04-15","DE","Deere & Company","NYSE","4527508","4961479","1992193","2.27",,
"2025-04-15","DELL","Dell Technologies Inc.","NYSE","20048871","15518330","13175778","1.52",,
"2025-04-15","DHR","Danaher Corporation","NYSE","7340255","6028299","5411884","1.36",,
"2025-04-15","DIS","The Walt Disney Company","NYSE","22768907","22382804","14926596","1.53",,
"2025-04-15","DLR","Digital Realty Trust, Inc.","NYSE","9604045","10706097","2674115","3.59",,
"2025-04-15","DUK","Duke Energy Corporation","NYSE","10746387","11621198","5347638","2.01",,
"2025-04-15","ECL","Ecolab, Inc.","NYSE","3065071","2580171","1656655","1.85",,
"2025-04-15","ELV","Elevance Health, Inc.","NYSE","3058842","2745373","2115716","1.45",,
"2025-04-15","EMR","Emerson Electric Co.","NYSE","11273484","11990734","4032443","2.80",,
"2025-04-15","EOG","EOG Resources, Inc.","NYSE","15850479","13961259","5676573","2.79",,
"2025-04-15","EPD","Enterprise Products Partners L","NYSE","24499176","23848060","8596813","2.85",,
"2025-04-15","EQIX","Equinix, Inc. Common Stock REI","NNM","1543908","1769863","721772","2.14",,
"2025-04-15","FCX","Freeport-McMoran Inc.","NYSE","25796446","27865887","27950062","1.00",,
"2025-04-15","FDX","FedEx Corporation","NYSE","3779844","3898365","2509130","1.51",,
"2025-04-15","FTNT","Fortinet, Inc. Common Stock","NNM","19261495","21809409","6913743","2.79",,
"2025-04-15","GD","General Dynamics Corporation","NYSE","2802651","2727484","1927680","1.45",,
"2025-04-15","GE","GE Aerospace","NYSE","12161749","12892152","9886903","1.23",,
"2025-04-15","GEV","GE Vernova Inc.","NYSE","5067063","5372855","4800656","1.06",,
"2025-04-15","GILD","Gilead Sciences, Inc. Common S","NNM","20079194","21390611","10598627","1.89",,
"2025-04-15","GLW","Corning Incorporated","NYSE","11089273","10662231","8224631","1.35",,
"2025-04-15","GM","General Motors Company","NYSE","23747364","28839674","17982667","1.32",,
"2025-04-15","GOOG","Alphabet Inc. Class C Capital","NNM","40047658","38529868","29496689","1.36",,
"2025-04-15","GOOGL","Alphabet Inc. Class A Common S","NNM","68672977","67326540","45612018","1.51",,
"2025-04-15","GS","Goldman Sachs Group Inc.","NYSE","4265581","4016232","4671508","1.00",,
"2025-04-15","GWW","W.W. Grainger, Inc.","NYSE","1169562","1157779","333619","3.51",,
"2025-04-15","HCA","HCA Healthcare, Inc.","NYSE","4744778","5576020","1809526","2.62",,
"2025-04-15","HD","Home Depot, Inc.","NYSE","10118719","10327121","4765241","2.12",,
"2025-04-15","HLT","Hilton Worldwide Holdings Inc.","NYSE","5723500","4874982","3733763","1.53",,
"2025-04-15","HON","Honeywell International Inc. C","NNM","8257196","7898713","5814554","1.42",,
"2025-04-15","HOOD","Robinhood Markets, Inc. Class","NNM","30862832","25047439","58999613","1.00",,
"2025-04-15","HPE","Hewlett Packard Enterprise Com","NYSE","86236338","71094707","30976595","2.78",,
"2025-04-15","HWM","Howmet Aerospace Inc.","NYSE","10841614","10601824","3552915","3.05",,
"2025-04-15","IBKR","Interactive Brokers Group, Inc","NNM","1892484","2025075","2815348","1.00",,
"2025-04-15","IBM","International Business Machine","NYSE","20988517","19668137","5438983","3.86",,
"2025-04-15","ICE","Intercontinental Exchange  Inc","NYSE","5407973","5813020","5168077","1.05",,
"2025-04-15","INTC","Intel Corporation Common Stock","NNM","115029056","113621570","134598580","1.00",,
"2025-04-15","INTU","Intuit Inc. Common Stock","NNM","4017942","3911460","2180460","1.84",,
"2025-04-15","ISRG","Intuitive Surgical, Inc. Commo","NNM","4504821","4605266","3000753","1.50",,
"2025-04-15","ITW","Illinois Tool Works Inc.","NYSE","6674399","6817320","1532513","4.36",,
"2025-04-15","JNJ","Johnson & Johnson","NYSE","21018445","19147099","14335774","1.47",,
"2025-04-15","JPM","JPMorgan Chase & Co.","NYSE","26976496","25362708","17246058","1.56",,
"2025-04-15","KKR","KKR & Co. Inc.","NYSE","8920621","10242168","10297479","1.00",,
"2025-04-15","KLAC","KLA Corporation Common Stock","NNM","3030350","2830986","1803740","1.68",,
"2025-04-15","KMI","Kinder Morgan, Inc.","NYSE","33673556","30980114","17025198","1.98",,
"2025-04-15","KO","Coca-Cola Company","NYSE","38174227","34001076","21607098","1.77",,
"2025-04-15","LIN","Linde plc Ordinary Shares","NNM","4922513","5653608","3035680","1.62",,
"2025-04-15","LLY","Eli Lilly & Co.","NYSE","6425144","7016170","4032737","1.59",,
"2025-04-15","LMT","Lockheed Martin Corp.","NYSE","2319400","2540862","1683667","1.38",,
"2025-04-15","LOW","Lowe's Companies Inc.","NYSE","8078936","8154838","3444502","2.35",,
"2025-04-15","LRCX","Lam Research Corporation Commo","NNM","23410728","23652542","17550507","1.33",,
"2025-04-15","MA","Mastercard Incorporated","NYSE","5443511","5296719","3872720","1.41",,
"2025-04-15","MAR","Marriott International Class A","NNM","5822121","5440535","2791099","2.09",,
"2025-04-15","MCD","McDonald's Corporation","NYSE","11517275","11469256","5459714","2.11",,
"2025-04-15","MCK","McKesson Corporation","NYSE","1908784","1869968","1499060","1.27",,
"2025-04-15","MCO","Moody's Corporation","NYSE","3164905","2965507","1340978","2.36",,
"2025-04-15","MDLZ","Mondelez International, Inc. C","NNM","22312627","32611020","10811999","2.06",,
"2025-04-15","MDT","Medtronic plc","NYSE","12655871","10836360","8627814","1.47",,
"2025-04-15","META","Meta Platforms, Inc. Class A C","NNM","31512402","27191239","25120771","1.25",,
"2025-04-15","MMM","3M Company","NYSE","10277002","10942821","5266085","1.95",,
"2025-04-15","MNST","Monster Beverage Corporation","NNM","19025595","17195080","7787003","2.44",,
"2025-04-15","MO","Altria Group, Inc.","NYSE","37616596","38657880","14011661","2.68",,
"2025-04-15","MPC","MARATHON PETROLEUM CORPORATION","NYSE","8293268","8520298","3767960","2.20",,
"2025-04-15","MPWR","Monolithic Power Systems, Inc.","NNM","2630420","2452999","1517107","1.73",,
"2025-04-15","MRK","Merck & Co., Inc.","NYSE","41933919","37936527","17976827","2.33",,
"2025-04-15","MRVL","Marvell Technology, Inc. Commo","NNM","26657439","26469172","24434675","1.09",,
"2025-04-15","MS","Morgan Stanley","NYSE","14639930","14865938","12112621","1.21",,
"2025-04-15","MSFT","Microsoft Corporation Common S","NNM","51249494","50168012","31488151","1.63",,
"2025-04-15","MSI","Motorola Solutions, Inc. New","NYSE","1969386","2231431","1221579","1.61",,
"2025-04-15","MU","Micron Technology, Inc. Common","NNM","31270768","28547995","36612648","1.00",,
"2025-04-15","NEE","Nextra Energy, Inc.","NYSE","37018775","34858787","14170625","2.61",,
"2025-04-15","NEM","Newmont Corporation","NYSE","23639106","20658352","18312466","1.29",,
"2025-04-15","NET","Cloudflare, Inc. Class A commo","NYSE","5970728","5870194","4539724","1.32",,
"2025-04-15","NFLX","Netflix, Inc. Common Stock","NNM","8054327","8066569","5432633","1.48",,
"2025-04-15","NKE","Nike, Inc.","NYSE","50416527","44578447","36845256","1.37",,
"2025-04-15","NOC","Northrop Grumman Corp.","NYSE","2300116","2362727","1173151","1.96",,
"2025-04-15","NOW","SERVICENOW, INC.","NYSE","3795994","4220765","2168455","1.75",,
"2025-04-15","NSC","Norfolk Southern Corp.","NYSE","1903084","2694821","1658536","1.15",,
"2025-04-15","NVDA","NVIDIA Corporation Common Stoc","NNM","262957336","234404715","384463053","1.00",,
"2025-04-15","ORCL","Oracle Corp","NYSE","21889164","21045089","12651625","1.73",,
"2025-04-15","ORLY","O'Reilly Automotive, Inc. Comm","NNM","936148","781858","601185","1.56",,
"2025-04-15","PANW","Palo Alto Networks, Inc. Commo","NNM","24657361","22429431","7194641","3.43",,
"2025-04-15","PCAR","PACCAR Inc. Common Stock","NNM","11898507","11615655","4140504","2.87",,
"2025-04-15","PEP","PepsiCo, Inc. Common Stock","NNM","19799932","18848845","9127017","2.17",,
"2025-04-15","PFE","Pfizer Inc.","NYSE","107433545","97494423","66012216","1.63",,
"2025-04-15","PG","Procter & Gamble Company","NYSE","17284484","17069234","10171820","1.70",,
"2025-04-15","PGR","Progressive Corporation","NYSE","6590358","5890412","4420422","1.49",,
"2025-04-15","PH","Parker-Hannifin Corporation","NYSE","1361526","1265615","1297891","1.05",,
"2025-04-15","PLD","PROLOGIS, INC.","NYSE","11677921","13557534","9320401","1.25",,
"2025-04-15","PLTR","Palantir Technologies Inc. Cla","NNM","50816172","52258056","124066270","1.00",,
"2025-04-15","PM","Philip Morris International In","NYSE","10254455","8984199","7847622","1.31",,
"2025-04-15","PNC","PNC Financial Services Group","NYSE","4982136","4361624","3912738","1.27",,
"2025-04-15","PSX","PHILLIPS 66","NYSE","13281236","6512309","4770229","2.78",,
"2025-04-15","PWR","Quanta Services, Inc.","NYSE","5065209","4964898","1475670","3.43",,
"2025-04-15","QCOM","QUALCOMM Incorporated Common S","NNM","17195358","16657224","12572918","1.37",,
"2025-04-15","RCL","Royal Caribbean Group","NYSE","10766928","11377407","3585677","3.00",,
"2025-04-15","REGN","Regeneron Pharmaceuticals, Inc","NNM","2601922","2790935","1222372","2.13",,
"2025-04-15","ROST","Ross Stores, Inc. Common Stock","NNM","7116739","5605087","3954817","1.80",,
"2025-04-15","RSG","Republic Services Inc.","NYSE","3305763","2277088","1992396","1.66",,
"2025-04-15","RTX","RTX Corporation","NYSE","8602673","9155237","5949389","1.45",,
"2025-04-15","SBUX","Starbucks Corporation Common S","NNM","35791922","36794482","15020863","2.38",,
"2025-04-15","SCCO","Southern Copper Corporation","NYSE","7379208","7728893","2006860","3.68",,
"2025-04-15","SCHW","The Charles Schwab Corporation","NYSE","20190665","18374258","15686874","1.29",,
"2025-04-15","SHW","The Sherwin-Williams Company","NYSE","4774859","4921540","2392414","2.00",,
"2025-04-15","SNDK","Sandisk Corporation Common Sto","NNM","5989705","4344606","4944014","1.21",,
"2025-04-15","SNOW","Snowflake Inc.","NYSE","9997170","10874525","5772044","1.73",,
"2025-04-15","SNPS","Synopsys, Inc. Common Stock","NNM","4280096","4302925","1756867","2.44",,
"2025-04-15","SO","The Southern Company","NYSE","21962783","20411255","5674558","3.87",,
"2025-04-15","SPCX","The SPAC and New Issue ETF","NNM","5998","5951","560","10.71",,
"2025-04-15","SPG","Simon Property Group, Inc.","NYSE","5532085","5402414","2507757","2.21",,
"2025-04-15","SPGI","S&P Global Inc.","NYSE","2578109","2658545","1649990","1.56",,
"2025-04-15","SYK","Stryker Corporation","NYSE","6248107","5714911","2459174","2.54",,
"2025-04-15","T","AT&T Inc.","NYSE","90973556","112434175","49132298","1.85",,
"2025-04-15","TDG","TransDigm Group Incorporated","NYSE","1201102","1151064","403625","2.98",,
"2025-04-15","TFC","Truist Financial Corporation","NYSE","27792278","24881932","17523864","1.59",,
"2025-04-15","TGT","Target Corporation","NYSE","16425950","14434901","11407997","1.44",,
"2025-04-15","TJX","TJX Companies, Inc. (The)","NYSE","14453554","12091549","8793476","1.64",,
"2025-04-15","TMO","Thermo Fisher Scientific, Inc.","NYSE","4789652","3944630","3154039","1.52",,
"2025-04-15","TMUS","T-Mobile US, Inc. Common Stock","NNM","12849529","13203179","5253940","2.45",,
"2025-04-15","TRV","The Travelers Companies, Inc.","NYSE","3205233","3426940","1681394","1.91",,
"2025-04-15","TSLA","Tesla, Inc. Common Stock","NNM","81302709","76463964","157598049","1.00",,
"2025-04-15","TXN","Texas Instruments Incorporated","NNM","17252069","16647062","13058246","1.32",,
"2025-04-15","UBER","Uber Technologies, Inc.","NYSE","54241763","55823065","21989368","2.47",,
"2025-04-15","UNH","UNITEDHEALTH GROUP INCORPORATE","NYSE","11581131","10868412","7000670","1.65",,
"2025-04-15","UNP","Union Pacific Corp.","NYSE","5887438","6094750","4230249","1.39",,
"2025-04-15","UPS","United Parcel Service, Inc. Cl","NYSE","15408572","16311958","7240727","2.13",,
"2025-04-15","URI","United Rentals, Inc.","NYSE","1548683","1722999","985995","1.57",,
"2025-04-15","USB","U.S. Bancorp","NYSE","17022106","14826141","16724631","1.02",,
"2025-04-15","V","VISA Inc.","NYSE","26271080","31468055","8468842","3.10",,
"2025-04-15","VLO","Valero Energy Corporation","NYSE","13167757","15695956","5134739","2.56",,
"2025-04-15","VRT","Vertiv Holdings Co Class A Com","NYSE","13149647","14388460","13652596","1.00",,
"2025-04-15","VRTX","Vertex Pharmaceuticals Incorpo","NNM","4371605","4463380","1951981","2.24",,
"2025-04-15","VZ","Verizon Communications","NYSE","79924460","72248307","31051422","2.57",,
"2025-04-15","WBD","Warner Bros. Discovery, Inc. S","NNM","92791701","86224806","48831027","1.90",,
"2025-04-15","WDC","Western Digital Corporation Co","NNM","30480445","32213986","13083274","2.33",,
"2025-04-15","WELL","Welltower Inc.","NYSE","8470216","8983026","3635045","2.33",,
"2025-04-15","WFC","Wells Fargo & Co.","NYSE","34043072","29706379","27247727","1.25",,
"2025-04-15","WM","Waste Management, Inc.","NYSE","3898482","3770294","2268526","1.72",,
"2025-04-15","WMB","Williams Companies Inc.","NYSE","19626197","21043893","10214227","1.92",,
"2025-04-15","WMT","Walmart Inc.","NYSE","46588541","36869728","30764851","1.51",,
"2025-04-15","XOM","Exxon Mobil Corporation","NYSE","41711115","42910183","23403114","1.78",,
"2021-12-31","AAPL","Apple Inc. Common Stock","NNM","95908325","113277024","95019341","1.01",,
"2021-12-31","ABBV","ABBVIE INC.","NYSE","16611434","15436235","6615048","2.51",,
"2021-12-31","ABNB","Airbnb, Inc. Class A Common St","NNM","11285746","12548690","5877947","1.92",,
"2021-12-31","ABT","Abbott Laboratories","NYSE","8385688","9684857","5371605","1.56",,
"2021-12-31","ADBE","Adobe Inc. Common Stock","NNM","6361987","4795281","3874713","1.64",,
"2021-12-31","ADI","Analog Devices, Inc. Common St","NNM","6625400","7837481","2953806","2.24",,
"2021-12-31","ADP","Automatic Data Processing, Inc","NNM","4921101","4790207","1236371","3.98",,
"2021-12-31","AEP","American Electric Power Compan","NNM","5749204","5547433","2311877","2.49",,
"2021-12-31","AFL","Aflac Inc.","NYSE","12864486","14376879","2564421","5.02",,
"2021-12-31","AJG","Arthur J. Gallagher & Co.","NYSE","1743539","1566881","784151","2.22",,
"2021-12-31","ALL","The Allstate Corporation","NYSE","3078767","3574492","1761544","1.75",,
"2021-12-31","AMAT","Applied Materials, Inc. Common","NNM","11710010","10347055","5506272","2.13",,
"2021-12-31","AMD","Advanced Micro Devices, Inc. C","NNM","63109423","69630670","51574004","1.22",,
"2021-12-31","AMGN","Amgen Inc. Common Stock","NNM","12067973","11402494","2743088","4.40",,
"2021-12-31","AMT","American Tower Corporation","NYSE","4609752","4302855","1479977","3.11",,
"2021-12-31","AMZN","Amazon.com, Inc. Common Stock","NNM","3567450","3599503","2652073","1.35",,
"2021-12-31","ANET","Arista Networks","NYSE","3987629","3920205","2290049","1.74",,
"2021-12-31","AON","Aon plc Class A","NYSE","3842398","4996077","1120125","3.43",,
"2021-12-31","APD","Air Products & Chemicals, Inc.","NYSE","2143915","1983822","625832","3.43",,
"2021-12-31","APH","Amphenol Corporation","NYSE","5352412","5149428","1561647","3.43",,
"2021-12-31","APO","Apollo Global Management, Inc.","NYSE","22964892","21794128","3458576","6.64",,
"2021-12-31","APP","Applovin Corporation Class A C","NNM","5966736","6950890","925640","6.45",,
"2021-12-31","AVGO","Broadcom Inc. Common Stock","NNM","5500361","5673048","2616068","2.10",,
"2021-12-31","AXP","American Express Company","NYSE","8647382","9955687","3385886","2.55",,
"2021-12-31","BA","Boeing Company","NYSE","8871190","10667394","8786844","1.01",,
"2021-12-31","BAC","Bank of America Corporation","NYSE","73295731","78741426","46187081","1.59",,
"2021-12-31","BKNG","Booking Holdings Inc. Common S","NNM","510012","495031","290073","1.76",,
"2021-12-31","BLK","Blackrock, Inc.","NYSE","1493445","1630991","419845","3.56",,
"2021-12-31","BMY","Bristol-Myers Squibb Co.","NYSE","20339078","21928055","10752469","1.89",,
"2021-12-31","BNY","BlackRock New York Municipal I","NYSE","7351","12566","37945","1.00",,
"2021-12-31","BRKA","Berkshire Hathaway Inc.","NYSE","328","443","1706","1.00",,"R"
"2021-12-31","BRKB","BERKSHIRE HATHAWAY Class B","NYSE","7991371","9073226","4305077","1.86",,"R"
"2021-12-31","BSX","Boston Scientific Corp.","NYSE","15123627","13556298","7310221","2.07",,
"2021-12-31","BX","Blackstone Inc.","NYSE","6775520","6669990","3756989","1.80",,
"2021-12-31","C","Citigroup Inc.","NYSE","37824113","41248863","20145458","1.88",,
"2021-12-31","CAT","Caterpillar Inc.","NYSE","4764235","6011542","2578580","1.85",,
"2021-12-31","CCZ","Comcast Holdings Corp. 2.0% Ex","NYSE","319","213","2000","1.00",,
"2021-12-31","CDNS","Cadence Design Systems, Inc. C","NNM","2324876","2368388","1329817","1.75",,
"2021-12-31","CI","CIGNA Corporation","NYSE","4174375","4745707","1515595","2.75",,
"2021-12-31","CL","Colgate-Palmolive Company","NYSE","8663497","8550118","4215620","2.06",,
"2021-12-31","CMCSA","Comcast Corporation Class A Co","NNM","66451516","67107193","19486128","3.41",,
"2021-12-31","CME","CME Group Inc. Class A Common","NNM","4121662","4039940","928945","4.44",,
"2021-12-31","CMI","Cummins Inc.","NYSE","2347628","2560883","894519","2.62",,
"2021-12-31","COF","Capital One Financial","NYSE","4744645","5909567","2526899","1.88",,
"2021-12-31","COP","ConocoPhillips","NYSE","14934915","15160563","6690324","2.23",,
"2021-12-31","COST","Costco Wholesale Corporation C","NNM","4883639","4512027","2183962","2.24",,
"2021-12-31","CRM","salesforce.com, inc.","NYSE","13514963","12893600","4911693","2.75",,
"2021-12-31","CRWD","CrowdStrike Holdings, Inc. Cla","NNM","11076837","11665310","2830172","3.91",,
"2021-12-31","CSCO","Cisco Systems, Inc. Common Sto","NNM","49231393","51723555","20493033","2.40",,
"2021-12-31","CSX","CSX Corporation Common Stock","NNM","22635287","22997241","9913933","2.28",,
"2021-12-31","CTAS","Cintas Corporation Common Stoc","NNM","1092845","1075084","512387","2.13",,
"2021-12-31","CVNA","Carvana Co.","NYSE","10776057","10038262","2714790","3.97",,
"2021-12-31","CVS","CVS HEALTH CORPORATION","NYSE","16311156","14487759","4393208","3.71",,
"2021-12-31","CVX","Chevron Corporation","NYSE","20093294","19119461","9786487","2.05",,
"2021-12-31","D","Dominion Energy, Inc Common St","NYSE","6389365","6605696","2568156","2.49",,
"2021-12-31","DASH","DoorDash, Inc.","NYSE","10656736","10903043","2496600","4.27",,
"2021-12-31","DDOG","Datadog, Inc. Class A Common S","NNM","15486332","13068075","3746113","4.13",,
"2021-12-31","DE","Deere & Company","NYSE","1765344","2164765","1494519","1.18",,
"2021-12-31","DELL","Dell Technologies Inc.","NYSE","5951827","6401191","2872321","2.07",,
"2021-12-31","DHR","Danaher Corporation","NYSE","4262487","4869263","2473909","1.72",,
"2021-12-31","DIS","The Walt Disney Company","NYSE","23175599","24672041","9430942","2.46",,
"2021-12-31","DLR","Digital Realty Trust, Inc.","NYSE","9957626","11268573","1166931","8.53",,
"2021-12-31","DUK","Duke Energy Corporation","NYSE","5134508","5317623","2386705","2.15",,
"2021-12-31","ECL","Ecolab, Inc.","NYSE","2302120","2691688","829862","2.77",,
"2021-12-31","EMR","Emerson Electric Co.","NYSE","6134518","5014229","2567294","2.39",,
"2021-12-31","EOG","EOG Resources, Inc.","NYSE","5078447","4824335","3342500","1.52",,
"2021-12-31","EPD","Enterprise Products Partners L","NYSE","25770222","30443534","6202724","4.15",,
"2021-12-31","EQIX","Equinix, Inc. Common Stock REI","NNM","1247748","1375294","371603","3.36",,
"2021-12-31","FCX","Freeport-McMoran Inc.","NYSE","31443325","27101855","13896239","2.26",,
"2021-12-31","FDX","FedEx Corporation","NYSE","7425882","2627978","2879398","2.58",,
"2021-12-31","FTNT","Fortinet, Inc. Common Stock","NNM","2591349","2120401","1718065","1.51",,
"2021-12-31","GD","General Dynamics Corporation","NYSE","1994066","1944611","1025449","1.94",,
"2021-12-31","GE","General Electric Company","NYSE","10341886","9566172","5128831","2.02",,
"2021-12-31","GILD","Gilead Sciences, Inc. Common S","NNM","21304729","22204830","6667395","3.20",,
"2021-12-31","GLW","Corning Incorporated","NYSE","11446975","11078742","3568648","3.21",,
"2021-12-31","GM","General Motors Company","NYSE","26721126","32913575","15685857","1.70",,
"2021-12-31","GOOG","Alphabet Inc. Class C Capital","NNM","1523097","1667888","1006867","1.51",,
"2021-12-31","GOOGL","Alphabet Inc. Class A Common S","NNM","2034635","2061501","1264611","1.61",,
"2021-12-31","GS","Goldman Sachs Group Inc.","NYSE","4106540","4015707","2498633","1.64",,
"2021-12-31","GWW","W.W. Grainger, Inc.","NYSE","905575","991938","231079","3.92",,
"2021-12-31","HCA","HCA Healthcare, Inc.","NYSE","3503149","3126824","1342941","2.61",,
"2021-12-31","HD","Home Depot, Inc.","NYSE","10010445","11881413","3657941","2.74",,
"2021-12-31","HLT","Hilton Worldwide Holdings Inc.","NYSE","7466010","5905617","1737455","4.30",,
"2021-12-31","HON","Honeywell International Inc. C","NNM","5029709","4983459","2634168","1.91",,
"2021-12-31","HOOD","Robinhood Markets, Inc. Class","NNM","31498876","29029670","14868950","2.12",,
"2021-12-31","HPE","Hewlett Packard Enterprise Com","NYSE","38420403","37373694","8308164","4.62",,
"2021-12-31","HWM","Howmet Aerospace Inc.","NYSE","9251972","9702264","2117396","4.37",,
"2021-12-31","IBKR","Interactive Brokers Group, Inc","NNM","3063485","3359435","665783","4.60",,
"2021-12-31","IBM","International Business Machine","NYSE","23989040","22951540","4866776","4.93",,
"2021-12-31","ICE","Intercontinental Exchange  Inc","NYSE","4650742","4071790","1526003","3.05",,
"2021-12-31","INTC","Intel Corporation Common Stock","NNM","68630757","70513571","25666852","2.67",,
"2021-12-31","INTU","Intuit Inc. Common Stock","NNM","2021295","1772599","1486056","1.36",,
"2021-12-31","ISRG","Intuitive Surgical, Inc. Commo","NNM","2795747","2720374","1373806","2.04",,
"2021-12-31","ITW","Illinois Tool Works Inc.","NYSE","6389032","5464591","885588","7.21",,
"2021-12-31","JNJ","Johnson & Johnson","NYSE","15365879","17056158","6228597","2.47",,
"2021-12-31","JPM","JPMorgan Chase & Co.","NYSE","14705396","14837704","11012111","1.34",,
"2021-12-31","KKR","KKR & Co. Inc.","NYSE","5271357","4901860","2233395","2.36",,
"2021-12-31","KLAC","KLA Corporation Common Stock","NNM","1972000","2755148","1360020","1.45",,
"2021-12-31","KMI","Kinder Morgan, Inc.","NYSE","29677495","30622820","14918998","1.99",,
"2021-12-31","KO","Coca-Cola Company","NYSE","31874471","31079912","16671003","1.91",,
"2021-12-31","LIN","Linde plc Ordinary Share","NYSE","2298117","2602325","1232400","1.86",,
"2021-12-31","LLY","Eli Lilly & Co.","NYSE","4786119","6189909","2817440","1.70",,
"2021-12-31","LMT","Lockheed Martin Corp.","NYSE","2677911","2569322","1382509","1.94",,
"2021-12-31","LOW","Lowe's Companies Inc.","NYSE","7270397","7872997","3030205","2.40",,
"2021-12-31","LRCX","Lam Research Corporation Commo","NNM","1860907","1988251","975270","1.91",,
"2021-12-31","MA","Mastercard Incorporated","NYSE","5399431","4881439","3195328","1.69",,
"2021-12-31","MAR","Marriott International Class A","NNM","5437166","5485152","1807204","3.01",,
"2021-12-31","MCD","McDonald's Corporation","NYSE","6312077","6599551","2239896","2.82",,
"2021-12-31","MCK","McKesson Corporation","NYSE","1668288","2001890","775254","2.15",,
"2021-12-31","MCO","Moody's Corporation","NYSE","2130435","1917218","505464","4.21",,
"2021-12-31","MDLZ","Mondelez International, Inc. C","NNM","9802196","9295630","6404035","1.53",,
"2021-12-31","MDT","Medtronic plc","NYSE","11663580","9778562","9282125","1.26",,
"2021-12-31","META","Roundhill Ball Metaverse ETF","ARCA","1170115","517462","1938535","1.00",,
"2021-12-31","MMM","3M Company","NYSE","9312476","9415227","1883813","4.94",,
"2021-12-31","MNST","Monster Beverage Corporation","NNM","3375443","3745947","1895170","1.78",,
"2021-12-31","MO","Altria Group, Inc.","NYSE","12095412","11017436","9243688","1.31",,
"2021-12-31","MPC","MARATHON PETROLEUM CORPORATION","NYSE","16688968","18104483","5861818","2.85",,
"2021-12-31","MPWR","Monolithic Power Systems, Inc.","NNM","967749","881391","280496","3.45",,
"2021-12-31","MRK","Merck & Co., Inc.","NYSE","23155050","21285020","10956897","2.11",,
"2021-12-31","MRVL","Marvell Technology, Inc. Commo","NNM","14891492","18208290","8607481","1.73",,
"2021-12-31","MS","Morgan Stanley","NYSE","13761573","13199618","7483732","1.84",,
"2021-12-31","MSFT","Microsoft Corporation Common S","NNM","39382126","42981645","24079792","1.64",,
"2021-12-31","MSI","Motorola Solutions, Inc. New","NYSE","1324530","1205028","622744","2.13",,
"2021-12-31","MU","Micron Technology, Inc. Common","NNM","24893381","23995131","24648154","1.01",,
"2021-12-31","NEE","Nextra Energy, Inc.","NYSE","18091032","21693474","6308424","2.87",,
"2021-12-31","NEM","Newmont Corporation","NYSE","9961866","9631617","7535782","1.32",,
"2021-12-31","NET","Cloudflare, Inc. Class A commo","NYSE","11154621","11614656","3385950","3.29",,
"2021-12-31","NFLX","Netflix, Inc. Common Stock","NNM","8306331","8515710","2354494","3.53",,
"2021-12-31","NKE","Nike, Inc.","NYSE","9314584","9743653","5681975","1.64",,
"2021-12-31","NOC","Northrop Grumman Corp.","NYSE","1673844","1818188","606464","2.76",,
"2021-12-31","NOW","SERVICENOW, INC.","NYSE","3299079","3194828","1033564","3.19",,
"2021-12-31","NSC","Norfolk Southern Corp.","NYSE","3505242","3596329","1103246","3.18",,
"2021-12-31","NVDA","NVIDIA Corporation Common Stoc","NNM","21941250","23374534","44426643","1.00",,
"2021-12-31","ORCL","Oracle Corp","NYSE","21104742","26014346","11221784","1.88",,
"2021-12-31","ORLY","O'Reilly Automotive, Inc. Comm","NNM","656207","598841","400990","1.64",,
"2021-12-31","PANW","Palo Alto Networks, Inc. Commo","NNM","7280932","7066098","1314111","5.54",,
"2021-12-31","PCAR","PACCAR Inc. Common Stock","NNM","3499801","3250769","1728912","2.02",,
"2021-12-31","PEP","PepsiCo, Inc. Common Stock","NNM","12243810","12127909","4152989","2.95",,
"2021-12-31","PFE","Pfizer Inc.","NYSE","58635375","66013244","49496833","1.18",,
"2021-12-31","PG","Procter & Gamble Company","NYSE","15126209","16475950","8244119","1.83",,
"2021-12-31","PGR","Progressive Corporation","NYSE","8223580","9728955","2464077","3.34",,
"2021-12-31","PH","Parker-Hannifin Corporation","NYSE","1095914","877632","604426","1.81",,
"2021-12-31","PLD","PROLOGIS, INC.","NYSE","9471446","10529175","2602587","3.64",,
"2021-12-31","PLTR","Palantir Technologies Inc. Cla","NYSE","102092813","91321280","30600159","3.34",,
"2021-12-31","PM","Philip Morris International In","NYSE","9252062","8238107","4352468","2.13",,
"2021-12-31","PNC","PNC Financial Services Group","NYSE","5434383","5291732","1372881","3.96",,
"2021-12-31","PSX","PHILLIPS 66","NYSE","9986938","9778140","3383159","2.95",,
"2021-12-31","PWR","Quanta Services, Inc.","NYSE","2325254","2548399","886058","2.62",,
"2021-12-31","QCOM","QUALCOMM Incorporated Common S","NNM","14546279","14872670","7172614","2.03",,
"2021-12-31","RCL","Royal Caribbean Group","NYSE","12882540","14201684","4606022","2.80",,
"2021-12-31","REGN","Regeneron Pharmaceuticals, Inc","NNM","1636972","1531182","707974","2.31",,
"2021-12-31","ROST","Ross Stores, Inc. Common Stock","NNM","4683173","4284826","1584570","2.96",,
"2021-12-31","RSG","Republic Services Inc.","NYSE","1666889","1734831","749750","2.22",,
"2021-12-31","RTX","Raytheon Technologies Corporat","NYSE","9978109","11590470","4205824","2.37",,
"2021-12-31","SBUX","Starbucks Corporation Common S","NNM","11829251","11861550","5401012","2.19",,
"2021-12-31","SCCO","Southern Copper Corporation","NYSE","3798084","3641353","930970","4.08",,
"2021-12-31","SCHW","The Charles Schwab Corporation","NYSE","15899942","14209669","5235565","3.04",,
"2021-12-31","SHW","The Sherwin-Williams Company","NYSE","2614078","3172130","899938","2.90",,
"2021-12-31","SNOW","Snowflake Inc.","NYSE","4905480","6339488","2551200","1.92",,
"2021-12-31","SNPS","Synopsys, Inc. Common Stock","NNM","1167379","1223454","757552","1.54",,
"2021-12-31","SO","The Southern Company","NYSE","11383462","13148282","4039265","2.82",,
"2021-12-31","SPCX","The SPAC and New Issue ETF","NNM","184546","236359","51410","3.59",,
"2021-12-31","SPG","Simon Property Group, Inc.","NYSE","11500899","12130926","1826025","6.30",,
"2021-12-31","SPGI","S&P Global Inc.","NYSE","19897108","19349495","1111245","17.91",,
"2021-12-31","SYK","Stryker Corporation","NYSE","4801725","4016059","1187540","4.04",,
"2021-12-31","T","AT&T Inc.","NYSE","83156961","97683639","61707833","1.35",,
"2021-12-31","TDG","TransDigm Group Incorporated","NYSE","824392","818753","197403","4.18",,
"2021-12-31","TFC","Truist Financial Corporation","NYSE","11858974","11924050","4212000","2.82",,
"2021-12-31","TGT","Target Corporation","NYSE","9532950","10482657","4270553","2.23",,
"2021-12-31","TJX","TJX Companies, Inc. (The)","NYSE","9791716","11021317","5395339","1.81",,
"2021-12-31","TMO","Thermo Fisher Scientific, Inc.","NYSE","2515545","2720422","1035763","2.43",,
"2021-12-31","TMUS","T-Mobile US, Inc. Common Stock","NNM","13342075","13435425","4368565","3.05",,
"2021-12-31","TRV","The Travelers Companies, Inc.","NYSE","4157305","4099101","1352193","3.07",,
"2021-12-31","TSLA","Tesla, Inc. Common Stock","NNM","22471754","25817321","23331804","1.00",,
"2021-12-31","TXN","Texas Instruments Incorporated","NNM","18531802","19292212","4078384","4.54",,
"2021-12-31","UBER","Uber Technologies, Inc.","NYSE","73142676","70787475","25585654","2.86",,
"2021-12-31","UNH","UNITEDHEALTH GROUP INCORPORATE","NYSE","5308337","5408983","2390666","2.22",,
"2021-12-31","UNP","Union Pacific Corp.","NYSE","8638639","8029410","2010219","4.30",,
"2021-12-31","UPS","United Parcel Service, Inc. Cl","NYSE","7153565","7329571","2293484","3.12",,
"2021-12-31","URI","United Rentals, Inc.","NYSE","2016976","2096332","546023","3.69",,
"2021-12-31","USB","U.S. Bancorp","NYSE","11146597","8470780","5682609","1.96",,
"2021-12-31","V","VISA Inc.","NYSE","24036097","22656311","6209391","3.87",,
"2021-12-31","VLO","Valero Energy Corporation","NYSE","11701762","11276914","3199465","3.66",,
"2021-12-31","VRT","Vertiv Holdings Co Class A Com","NYSE","8090420","8134026","1764089","4.59",,
"2021-12-31","VRTX","Vertex Pharmaceuticals Incorpo","NNM","2910346","3209478","1686789","1.73",,
"2021-12-31","VZ","Verizon Communications","NYSE","56738727","66729020","22900325","2.48",,
"2021-12-31","WDC","Western Digital Corporation Co","NNM","7851087","8794684","3510412","2.24",,
"2021-12-31","WELL","Welltower Inc.","NYSE","11825910","10042882","2140098","5.53",,
"2021-12-31","WFC","Wells Fargo & Co.","NYSE","43141371","47816919","23342382","1.85",,
"2021-12-31","WM","Waste Management, Inc.","NYSE","5727135","6010087","1406513","4.07",,
"2021-12-31","WMB","Williams Companies Inc.","NYSE","21630793","23224025","6577259","3.29",,
"2021-12-31","WMT","Walmart Inc.","NYSE","11787713","15615147","8661351","1.36",,
"2021-12-31","XOM","Exxon Mobil Corporation","NYSE","36054505","36822072","18090148","1.99",,
"2021-12-15","AAPL","Apple Inc. Common Stock","NNM","113277024","112598907","127182437","1.00",,
"2021-12-15","ABBV","ABBVIE INC.","NYSE","15436235","14123270","6993265","2.21",,
"2021-12-15","ABNB","Airbnb, Inc. Class A Common St","NNM","12548690","11759877","6061925","2.07",,
"2021-12-15","ABT","Abbott Laboratories","NYSE","9684857","8705447","5367558","1.80",,
"2021-12-15","ADBE","Adobe Inc. Common Stock","NNM","4795281","4151575","3720452","1.29",,
"2021-12-15","ADI","Analog Devices, Inc. Common St","NNM","7837481","7408278","3744748","2.09",,
"2021-12-15","ADP","Automatic Data Processing, Inc","NNM","4790207","4031983","1667666","2.87",,
"2021-12-15","AEP","American Electric Power Compan","NNM","5547433","5761897","3074223","1.80",,
"2021-12-15","AFL","Aflac Inc.","NYSE","14376879","13357969","3189013","4.51",,
"2021-12-15","AJG","Arthur J. Gallagher & Co.","NYSE","1566881","1776962","969208","1.62",,
"2021-12-15","ALL","The Allstate Corporation","NYSE","3574492","4193422","2302564","1.55",,
"2021-12-15","AMAT","Applied Materials, Inc. Common","NNM","10347055","12048228","7865608","1.32",,
"2021-12-15","AMD","Advanced Micro Devices, Inc. C","NNM","69630670","71637148","55174489","1.26",,
"2021-12-15","AMGN","Amgen Inc. Common Stock","NNM","11402494","12936104","3092990","3.69",,
"2021-12-15","AMT","American Tower Corporation","NYSE","4302855","3731880","1829491","2.35",,
"2021-12-15","AMZN","Amazon.com, Inc. Common Stock","NNM","3599503","4680878","3165088","1.14",,
"2021-12-15","ANET","Arista Networks","NYSE","3920205","3859985","2196657","1.78",,
"2021-12-15","AON","Aon plc Class A","NYSE","4996077","5498670","1202834","4.15",,
"2021-12-15","APD","Air Products & Chemicals, Inc.","NYSE","1983822","2057335","1078915","1.84",,
"2021-12-15","APH","Amphenol Corporation","NYSE","5149428","6233953","2014011","2.56",,
"2021-12-15","APO","Apollo Global Management, Inc.","NYSE","21794128","21332856","4215826","5.17",,
"2021-12-15","APP","Applovin Corporation Class A C","NNM","6950890","5611977","4147037","1.68",,
"2021-12-15","AVGO","Broadcom Inc. Common Stock","NNM","5673048","4606996","2825589","2.01",,
"2021-12-15","AXP","American Express Company","NYSE","9955687","10436493","4208663","2.37",,
"2021-12-15","BA","Boeing Company","NYSE","10667394","10267242","10555846","1.01",,
"2021-12-15","BAC","Bank of America Corporation","NYSE","78741426","91806404","50307729","1.57",,
"2021-12-15","BKNG","Booking Holdings Inc. Common S","NNM","495031","497548","417614","1.19",,
"2021-12-15","BLK","Blackrock, Inc.","NYSE","1630991","1419134","549185","2.97",,
"2021-12-15","BMY","Bristol-Myers Squibb Co.","NYSE","21928055","23258465","16906593","1.30",,
"2021-12-15","BNY","BlackRock New York Municipal I","NYSE","12566","24889","32809","1.00",,
"2021-12-15","BRKA","Berkshire Hathaway Inc.","NYSE","364","450","1707","1.00",,
"2021-12-15","BRKB","BERKSHIRE HATHAWAY Class B","NYSE","8574231","8697822","4965278","1.73",,
"2021-12-15","BSX","Boston Scientific Corp.","NYSE","13556298","14704259","8276011","1.64",,
"2021-12-15","BX","Blackstone Inc.","NYSE","6669990","8417612","4530525","1.47",,
"2021-12-15","C","Citigroup Inc.","NYSE","41248863","37921464","26859802","1.54",,
"2021-12-15","CAT","Caterpillar Inc.","NYSE","6011542","6315394","2672184","2.25",,
"2021-12-15","CCZ","Comcast Holdings Corp. 2.0% Ex","NYSE","213","972","100","2.13",,
"2021-12-15","CDNS","Cadence Design Systems, Inc. C","NNM","2368388","2642637","1619432","1.46",,
"2021-12-15","CI","CIGNA Corporation","NYSE","4745707","5033943","2125845","2.23",,
"2021-12-15","CL","Colgate-Palmolive Company","NYSE","8550118","8396172","5032564","1.70",,
"2021-12-15","CMCSA","Comcast Corporation Class A Co","NNM","67107193","65867190","29519007","2.27",,
"2021-12-15","CME","CME Group Inc. Class A Common","NNM","4039940","4391127","1263039","3.20",,
"2021-12-15","CMI","Cummins Inc.","NYSE","2560883","2875780","1042024","2.46",,
"2021-12-15","COF","Capital One Financial","NYSE","5909567","5298684","2716069","2.18",,
"2021-12-15","COP","ConocoPhillips","NYSE","15160563","15142070","7081673","2.14",,
"2021-12-15","COST","Costco Wholesale Corporation C","NNM","4512027","3667397","3303402","1.37",,
"2021-12-15","CRM","salesforce.com, inc.","NYSE","12893600","12297478","8707723","1.48",,
"2021-12-15","CRWD","CrowdStrike Holdings, Inc. Cla","NNM","11665310","11338436","5231835","2.23",,
"2021-12-15","CSCO","Cisco Systems, Inc. Common Sto","NNM","51723555","44962654","22293336","2.32",,
"2021-12-15","CSX","CSX Corporation Common Stock","NNM","22997241","21065460","13199069","1.74",,
"2021-12-15","CTAS","Cintas Corporation Common Stoc","NNM","1075084","970591","497559","2.16",,
"2021-12-15","CVNA","Carvana Co.","NYSE","10038262","13734229","2531326","3.97",,
"2021-12-15","CVS","CVS HEALTH CORPORATION","NYSE","14487759","11231649","6844183","2.12",,
"2021-12-15","CVX","Chevron Corporation","NYSE","19119461","19210755","10318203","1.85",,
"2021-12-15","D","Dominion Energy, Inc Common St","NYSE","6605696","6509055","3937297","1.68",,
"2021-12-15","DASH","DoorDash, Inc.","NYSE","10903043","10980269","3898009","2.80",,
"2021-12-15","DDOG","Datadog, Inc. Class A Common S","NNM","13068075","11816348","4138710","3.16",,
"2021-12-15","DE","Deere & Company","NYSE","2164765","2592085","1506063","1.44",,
"2021-12-15","DELL","Dell Technologies Inc.","NYSE","6401191","6865960","4842123","1.32",,
"2021-12-15","DHR","Danaher Corporation","NYSE","4869263","5255811","2531571","1.92",,
"2021-12-15","DIS","The Walt Disney Company","NYSE","24672041","24474760","13358851","1.85",,
"2021-12-15","DLR","Digital Realty Trust, Inc.","NYSE","11268573","9486072","1305401","8.63",,
"2021-12-15","DUK","Duke Energy Corporation","NYSE","5317623","5891055","3480066","1.53",,
"2021-12-15","ECL","Ecolab, Inc.","NYSE","2691688","2366910","1046830","2.57",,
"2021-12-15","EMR","Emerson Electric Co.","NYSE","5014229","4497870","3053548","1.64",,
"2021-12-15","EOG","EOG Resources, Inc.","NYSE","4824335","5720705","4176717","1.16",,
"2021-12-15","EPD","Enterprise Products Partners L","NYSE","30443534","34936606","8172902","3.72",,
"2021-12-15","EQIX","Equinix, Inc. Common Stock REI","NNM","1375294","1319913","412210","3.34",,
"2021-12-15","FCX","Freeport-McMoran Inc.","NYSE","27101855","29465430","15762405","1.72",,
"2021-12-15","FDX","FedEx Corporation","NYSE","2627978","2784899","1761181","1.49",,
"2021-12-15","FTNT","Fortinet, Inc. Common Stock","NNM","2120401","1782861","1586532","1.34",,
"2021-12-15","GD","General Dynamics Corporation","NYSE","1944611","1830661","1037089","1.88",,
"2021-12-15","GE","General Electric Company","NYSE","9566172","9558239","6364093","1.50",,
"2021-12-15","GILD","Gilead Sciences, Inc. Common S","NNM","22204830","21894119","7213073","3.08",,
"2021-12-15","GLW","Corning Incorporated","NYSE","11078742","12154576","4173059","2.65",,
"2021-12-15","GM","General Motors Company","NYSE","32913575","29201016","18884796","1.74",,
"2021-12-15","GOOG","Alphabet Inc. Class C Capital","NNM","1667888","1657820","1161550","1.44",,
"2021-12-15","GOOGL","Alphabet Inc. Class A Common S","NNM","2061501","2190730","1540972","1.34",,
"2021-12-15","GS","Goldman Sachs Group Inc.","NYSE","4015707","4116718","2418578","1.66",,
"2021-12-15","GWW","W.W. Grainger, Inc.","NYSE","991938","879919","223608","4.44",,
"2021-12-15","HCA","HCA Healthcare, Inc.","NYSE","3126824","2824043","1462455","2.14",,
"2021-12-15","HD","Home Depot, Inc.","NYSE","11881413","11223282","4060822","2.93",,
"2021-12-15","HLT","Hilton Worldwide Holdings Inc.","NYSE","5905617","5725669","1992986","2.96",,
"2021-12-15","HON","Honeywell International Inc. C","NNM","4983459","5420260","4064602","1.23",,
"2021-12-15","HOOD","Robinhood Markets, Inc. Class","NNM","29029670","26415463","18581746","1.56",,
"2021-12-15","HPE","Hewlett Packard Enterprise Com","NYSE","37373694","38231242","13550441","2.76",,
"2021-12-15","HWM","Howmet Aerospace Inc.","NYSE","9702264","8997073","3063252","3.17",,
"2021-12-15","IBKR","Interactive Brokers Group, Inc","NNM","3359435","2896952","853826","3.93",,
"2021-12-15","IBM","International Business Machine","NYSE","22951540","22800642","5494753","4.18",,
"2021-12-15","ICE","Intercontinental Exchange  Inc","NYSE","4071790","3788547","2358116","1.73",,
"2021-12-15","INTC","Intel Corporation Common Stock","NNM","70513571","75848846","39121496","1.80",,
"2021-12-15","INTU","Intuit Inc. Common Stock","NNM","1772599","1766288","2013626","1.00",,
"2021-12-15","ISRG","Intuitive Surgical, Inc. Commo","NNM","2720374","2577342","1848724","1.47",,
"2021-12-15","ITW","Illinois Tool Works Inc.","NYSE","5464591","4980294","945705","5.78",,
"2021-12-15","JNJ","Johnson & Johnson","NYSE","17056158","16638994","9042249","1.89",,
"2021-12-15","JPM","JPMorgan Chase & Co.","NYSE","14837704","14473691","11899621","1.25",,
"2021-12-15","KKR","KKR & Co. Inc.","NYSE","4901860","3982490","2480457","1.98",,
"2021-12-15","KLAC","KLA Corporation Common Stock","NNM","2755148","2794771","1299219","2.12",,
"2021-12-15","KMI","Kinder Morgan, Inc.","NYSE","30622820","30122028","16076748","1.90",,
"2021-12-15","KO","Coca-Cola Company","NYSE","31079912","24026403","22130831","1.40",,
"2021-12-15","LIN","Linde plc Ordinary Share","NYSE","2602325","2568455","1667918","1.56",,
"2021-12-15","LLY","Eli Lilly & Co.","NYSE","6189909","5949649","3956498","1.56",,
"2021-12-15","LMT","Lockheed Martin Corp.","NYSE","2569322","2570339","1639061","1.57",,
"2021-12-15","LOW","Lowe's Companies Inc.","NYSE","7872997","7489343","3840821","2.05",,
"2021-12-15","LRCX","Lam Research Corporation Commo","NNM","1988251","2058060","1459378","1.36",,
"2021-12-15","MA","Mastercard Incorporated","NYSE","4881439","4308974","5025255","1.00",,
"2021-12-15","MAR","Marriott International Class A","NNM","5485152","4915595","2238812","2.45",,
"2021-12-15","MCD","McDonald's Corporation","NYSE","6599551","5973848","3105758","2.12",,
"2021-12-15","MCK","McKesson Corporation","NYSE","2001890","2273174","1279079","1.57",,
"2021-12-15","MCO","Moody's Corporation","NYSE","1917218","2072829","649233","2.95",,
"2021-12-15","MDLZ","Mondelez International, Inc. C","NNM","9295630","10874154","7574932","1.23",,
"2021-12-15","MDT","Medtronic plc","NYSE","9778562","9826225","7939385","1.23",,
"2021-12-15","META","Roundhill Ball Metaverse ETF","ARCA","517462","612416","3030635","1.00",,
"2021-12-15","MMM","3M Company","NYSE","9415227","8826373","2510152","3.75",,
"2021-12-15","MNST","Monster Beverage Corporation","NNM","3745947","3868729","2411516","1.55",,
"2021-12-15","MO","Altria Group, Inc.","NYSE","11017436","10465997","7792565","1.41",,
"2021-12-15","MPC","MARATHON PETROLEUM CORPORATION","NYSE","18104483","19497523","6031220","3.00",,
"2021-12-15","MPWR","Monolithic Power Systems, Inc.","NNM","881391","806848","419599","2.10",,
"2021-12-15","MRK","Merck & Co., Inc.","NYSE","21285020","18726201","15527796","1.37",,
"2021-12-15","MRVL","Marvell Technology, Inc. Commo","NNM","18208290","16799669","15741464","1.16",,
"2021-12-15","MS","Morgan Stanley","NYSE","13199618","13756266","9817792","1.34",,
"2021-12-15","MSFT","Microsoft Corporation Common S","NNM","42981645","40876626","32745420","1.31",,
"2021-12-15","MSI","Motorola Solutions, Inc. New","NYSE","1205028","1107136","749010","1.61",,
"2021-12-15","MU","Micron Technology, Inc. Common","NNM","23995131","24081889","16933720","1.42",,
"2021-12-15","NEE","Nextra Energy, Inc.","NYSE","21693474","20004208","8141650","2.66",,
"2021-12-15","NEM","Newmont Corporation","NYSE","9631617","6904694","7473375","1.29",,
"2021-12-15","NET","Cloudflare, Inc. Class A commo","NYSE","11614656","12274005","5657589","2.05",,
"2021-12-15","NFLX","Netflix, Inc. Common Stock","NNM","8515710","8810098","3063067","2.78",,
"2021-12-15","NKE","Nike, Inc.","NYSE","9743653","10178462","5545295","1.76",,
"2021-12-15","NOC","Northrop Grumman Corp.","NYSE","1818188","1563465","759962","2.39",,
"2021-12-15","NOW","SERVICENOW, INC.","NYSE","3194828","2995673","1457695","2.19",,
"2021-12-15","NSC","Norfolk Southern Corp.","NYSE","3596329","3486673","1425424","2.52",,
"2021-12-15","NVDA","NVIDIA Corporation Common Stoc","NNM","23374534","22553817","55949076","1.00",,
"2021-12-15","ORCL","Oracle Corp","NYSE","26014346","27704560","13418557","1.94",,
"2021-12-15","ORLY","O'Reilly Automotive, Inc. Comm","NNM","598841","700326","422519","1.42",,
"2021-12-15","PANW","Palo Alto Networks, Inc. Commo","NNM","7066098","7118782","1455489","4.85",,
"2021-12-15","PCAR","PACCAR Inc. Common Stock","NNM","3250769","3547431","1839841","1.77",,
"2021-12-15","PEP","PepsiCo, Inc. Common Stock","NNM","12127909","10530750","5064501","2.39",,
"2021-12-15","PFE","Pfizer Inc.","NYSE","66013244","63564249","47248303","1.40",,
"2021-12-15","PG","Procter & Gamble Company","NYSE","16475950","14833891","9040180","1.82",,
"2021-12-15","PGR","Progressive Corporation","NYSE","9728955","9742993","3000180","3.24",,
"2021-12-15","PH","Parker-Hannifin Corporation","NYSE","877632","846991","613335","1.43",,
"2021-12-15","PLD","PROLOGIS, INC.","NYSE","10529175","9190531","2718631","3.87",,
"2021-12-15","PLTR","Palantir Technologies Inc. Cla","NYSE","91321280","85916072","40445250","2.26",,
"2021-12-15","PM","Philip Morris International In","NYSE","8238107","7151277","6513268","1.26",,
"2021-12-15","PNC","PNC Financial Services Group","NYSE","5291732","5204603","1486488","3.56",,
"2021-12-15","PSX","PHILLIPS 66","NYSE","9778140","9281717","3085333","3.17",,
"2021-12-15","PWR","Quanta Services, Inc.","NYSE","2548399","2801528","1020919","2.50",,
"2021-12-15","QCOM","QUALCOMM Incorporated Common S","NNM","14872670","14518401","10075092","1.48",,
"2021-12-15","RCL","Royal Caribbean Group","NYSE","14201684","15695270","5536699","2.57",,
"2021-12-15","REGN","Regeneron Pharmaceuticals, Inc","NNM","1531182","1475720","738154","2.07",,
"2021-12-15","ROST","Ross Stores, Inc. Common Stock","NNM","4284826","3578726","1807624","2.37",,
"2021-12-15","RSG","Republic Services Inc.","NYSE","1734831","1434356","979516","1.77",,
"2021-12-15","RTX","Raytheon Technologies Corporat","NYSE","11590470","11921117","5546195","2.09",,
"2021-12-15","SBUX","Starbucks Corporation Common S","NNM","11861550","11327934","7006701","1.69",,
"2021-12-15","SCCO","Southern Copper Corporation","NYSE","3641353","3439269","975967","3.73",,
"2021-12-15","SCHW","The Charles Schwab Corporation","NYSE","14209669","12563790","5333383","2.66",,
"2021-12-15","SHW","The Sherwin-Williams Company","NYSE","3172130","2980806","1180471","2.69",,
"2021-12-15","SNOW","Snowflake Inc.","NYSE","6339488","6476171","5118934","1.24",,
"2021-12-15","SNPS","Synopsys, Inc. Common Stock","NNM","1223454","1425358","988091","1.24",,
"2021-12-15","SO","The Southern Company","NYSE","13148282","10406537","5622035","2.34",,
"2021-12-15","SPCX","The SPAC and New Issue ETF","ARCA","236359","238786","17786","13.29",,
"2021-12-15","SPG","Simon Property Group, Inc.","NYSE","12130926","11693591","2719261","4.46",,
"2021-12-15","SPGI","S&P Global Inc.","NYSE","19349495","19412566","1223315","15.82",,
"2021-12-15","SYK","Stryker Corporation","NYSE","4016059","3853673","1433671","2.80",,
"2021-12-15","T","AT&T Inc.","NYSE","97683639","95404745","64286154","1.52",,
"2021-12-15","TDG","TransDigm Group Incorporated","NYSE","818753","2565355","326338","2.51",,
"2021-12-15","TFC","Truist Financial Corporation","NYSE","11924050","12328448","5296293","2.25",,
"2021-12-15","TGT","Target Corporation","NYSE","10482657","9583836","3679450","2.85",,
"2021-12-15","TJX","TJX Companies, Inc. (The)","NYSE","11021317","8310685","6888690","1.60",,
"2021-12-15","TMO","Thermo Fisher Scientific, Inc.","NYSE","2720422","2794456","1451899","1.87",,
"2021-12-15","TMUS","T-Mobile US, Inc. Common Stock","NNM","13435425","15205309","5071003","2.65",,
"2021-12-15","TRV","The Travelers Companies, Inc.","NYSE","4099101","4570886","1386391","2.96",,
"2021-12-15","TSLA","Tesla, Inc. Common Stock","NNM","25817321","26570674","22805635","1.13",,
"2021-12-15","TXN","Texas Instruments Incorporated","NNM","19292212","16906750","5084168","3.79",,
"2021-12-15","UBER","Uber Technologies, Inc.","NYSE","70787475","78684770","36736763","1.93",,
"2021-12-15","UNH","UNITEDHEALTH GROUP INCORPORATE","NYSE","5408983","5737570","3512701","1.54",,
"2021-12-15","UNP","Union Pacific Corp.","NYSE","8029410","8306014","2641606","3.04",,
"2021-12-15","UPS","United Parcel Service, Inc. Cl","NYSE","7329571","7742800","2382420","3.08",,
"2021-12-15","URI","United Rentals, Inc.","NYSE","2096332","2199900","763182","2.75",,
"2021-12-15","USB","U.S. Bancorp","NYSE","8470780","10026907","5706940","1.48",,
"2021-12-15","V","VISA Inc.","NYSE","22656311","22846428","10986120","2.06",,
"2021-12-15","VLO","Valero Energy Corporation","NYSE","11276914","11249981","3455957","3.26",,
"2021-12-15","VRT","Vertiv Holdings Co Class A Com","NYSE","8134026","11576867","2381721","3.42",,
"2021-12-15","VRTX","Vertex Pharmaceuticals Incorpo","NNM","3209478","2845161","2357641","1.36",,
"2021-12-15","VZ","Verizon Communications","NYSE","66729020","52170129","24949030","2.67",,
"2021-12-15","WDC","Western Digital Corporation Co","NNM","8794684","7856393","3404844","2.58",,
"2021-12-15","WELL","Welltower Inc.","NYSE","10042882","10622011","2240395","4.48",,
"2021-12-15","WFC","Wells Fargo & Co.","NYSE","47816919","43231109","23840523","2.01",,
"2021-12-15","WM","Waste Management, Inc.","NYSE","6010087","5799458","1767194","3.40",,
"2021-12-15","WMB","Williams Companies Inc.","NYSE","23224025","24654278","9454804","2.46",,
"2021-12-15","WMT","Walmart Inc.","NYSE","15615147","15277723","13049635","1.20",,
"2021-12-15","XOM","Exxon Mobil Corporation","NYSE","36822072","35913550","21298695","1.73",,
"2025-03-31","AAPL","Apple Inc. Common Stock","NNM","112333139","129678474","48844478","2.30",,
"2025-03-31","ABBV","ABBVIE INC.","NYSE","17142376","19695617","7715000","2.22",,
"2025-03-31","ABNB","Airbnb, Inc. Class A Common St","NNM","16030276","15036198","4775036","3.36",,
"2025-03-31","ABT","Abbott Laboratories","NYSE","21794639","21877008","6965505","3.13",,
"2025-03-31","ADBE","Adobe Inc. Common Stock","NNM","10954395","8195415","4271246","2.56",,
"2025-03-31","ADI","Analog Devices, Inc. Common St","NNM","7243141","8502014","3084170","2.35",,
"2025-03-31","ADP","Automatic Data Processing, Inc","NNM","5802232","5639486","1851027","3.13",,
"2025-03-31","AEP","American Electric Power Compan","NNM","24600910","10625561","6360612","3.87",,
"2025-03-31","AFL","Aflac Inc.","NYSE","9158937","9595807","2092067","4.38",,
"2025-03-31","AJG","Arthur J. Gallagher & Co.","NYSE","3739143","3236954","1473700","2.54",,
"2025-03-31","ALL","The Allstate Corporation","NYSE","3440815","3955617","1971983","1.74",,
"2025-03-31","AMAT","Applied Materials, Inc. Common","NNM","17494816","20305840","6528604","2.68",,
"2025-03-31","AMD","Advanced Micro Devices, Inc. C","NNM","46106164","55850273","34155414","1.35",,
"2025-03-31","AMGN","Amgen Inc. Common Stock","NNM","14076258","15062987","2973484","4.73",,
"2025-03-31","AMT","American Tower Corporation","NYSE","6637325","7072130","2935037","2.26",,
"2025-03-31","AMZN","Amazon.com, Inc. Common Stock","NNM","70718399","78653112","42843152","1.65",,
"2025-03-31","ANET","Arista Networks","NYSE","22361378","19855530","10036035","2.23",,
"2025-03-31","AON","Aon plc Class A","NYSE","4829449","5456998","1221398","3.95",,
"2025-03-31","APD","Air Products & Chemicals, Inc.","NYSE","4374281","4240221","1116847","3.92",,
"2025-03-31","APH","Amphenol Corporation","NYSE","14818029","13047144","9141027","1.62",,
"2025-03-31","APO","Apollo Global Management, Inc.","NYSE","31111878","36197188","3317128","9.38",,
"2025-03-31","APP","Applovin Corporation Class A C","NNM","10986166","13040666","10238075","1.07",,
"2025-03-31","AVGO","Broadcom Inc. Common Stock","NNM","55153486","54393335","31508933","1.75",,
"2025-03-31","AXP","American Express Company","NYSE","7637551","8315349","2999981","2.55",,
"2025-03-31","BA","Boeing Company","NYSE","17069334","17934559","9083703","1.88",,
"2025-03-31","BAC","Bank of America Corporation","NYSE","83837217","87756310","36891418","2.27",,
"2025-03-31","BKNG","Booking Holdings Inc. Common S","NNM","717710","719669","276123","2.60",,
"2025-03-31","BLK","Blackrock, Inc.","NYSE","1466054","1895164","1190387","1.23",,
"2025-03-31","BMY","Bristol-Myers Squibb Co.","NYSE","29399379","37010551","11971600","2.46",,
"2025-03-31","BNY","BlackRock New York Municipal I","NYSE","55828","70688","56868","1.00",,
"2025-03-31","BRKA","Berkshire Hathaway Inc.","NYSE","242","199","2332","1.00",,
"2025-03-31","BRKB","BERKSHIRE HATHAWAY Class B","NYSE","15493433","15764701","5278247","2.94",,
"2025-03-31","BSX","Boston Scientific Corp.","NYSE","13097416","12623573","6985310","1.87",,
"2025-03-31","BX","Blackstone Inc.","NYSE","9994217","9387234","4390936","2.28",,
"2025-03-31","C","Citigroup Inc.","NYSE","39135754","37988851","14293223","2.74",,
"2025-03-31","CAT","Caterpillar Inc.","NYSE","8130145","9710875","2626869","3.09",,
"2025-03-31","CDNS","Cadence Design Systems, Inc. C","NNM","5130451","5050125","2224447","2.31",,
"2025-03-31","CEG","Constellation Energy Corporati","NNM","9283032","7901615","3573010","2.60",,
"2025-03-31","CI","The Cigna Group","NYSE","3428418","3714300","1530589","2.24",,
"2025-03-31","CL","Colgate-Palmolive Company","NYSE","11036739","10667856","5320151","2.07",,
"2025-03-31","CMCSA","Comcast Corporation Class A Co","NNM","55871649","59771786","26036850","2.15",,
"2025-03-31","CME","CME Group Inc. Class A Common","NNM","5688871","5514711","2695714","2.11",,
"2025-03-31","CMI","Cummins Inc.","NYSE","2196667","1625097","858382","2.56",,
"2025-03-31","COF","Capital One Financial","NYSE","21123466","23703597","4768945","4.43",,
"2025-03-31","COP","ConocoPhillips","NYSE","19360610","15935588","11655015","1.66",,
"2025-03-31","COST","Costco Wholesale Corporation C","NNM","5945254","6866248","2160036","2.75",,
"2025-03-31","CRM","Salesforce, Inc.","NYSE","11870975","11970500","5761498","2.06",,
"2025-03-31","CRWD","CrowdStrike Holdings, Inc. Cla","NNM","9047820","8973970","3934649","2.30",,
"2025-03-31","CSCO","Cisco Systems, Inc. Common Sto","NNM","61395654","54043291","26095140","2.35",,
"2025-03-31","CSX","CSX Corporation Common Stock","NNM","27763254","29802689","13974367","1.99",,
"2025-03-31","CTAS","Cintas Corporation Common Stoc","NNM","4148706","4079139","2095762","1.98",,
"2025-03-31","CVNA","Carvana Co.","NYSE","7985745","8664837","5279354","1.51",,
"2025-03-31","CVS","CVS HEALTH CORPORATION","NYSE","18256861","19880048","8705743","2.10",,
"2025-03-31","CVX","Chevron Corporation","NYSE","63332305","63243513","9823291","6.45",,
"2025-03-31","D","Dominion Energy, Inc Common St","NYSE","17854878","17424176","4994048","3.58",,
"2025-03-31","DASH","DoorDash, Inc. Class A Common","NNM","18359547","13416017","11580048","1.59",,
"2025-03-31","DDOG","Datadog, Inc. Class A Common S","NNM","10240105","11312203","3679408","2.78",,
"2025-03-31","DE","Deere & Company","NYSE","4961479","4620702","1082025","4.59",,
"2025-03-31","DELL","Dell Technologies Inc.","NYSE","15518330","13379536","6321208","2.45",,
"2025-03-31","DHR","Danaher Corporation","NYSE","6028299","7776063","3400820","1.77",,
"2025-03-31","DIS","The Walt Disney Company","NYSE","22382804","22387096","8485374","2.64",,
"2025-03-31","DLR","Digital Realty Trust, Inc.","NYSE","10706097","8276425","2583087","4.14",,
"2025-03-31","DUK","Duke Energy Corporation","NYSE","11621198","12163878","4701837","2.47",,
"2025-03-31","ECL","Ecolab, Inc.","NYSE","2580171","1942797","1517770","1.70",,
"2025-03-31","ELV","Elevance Health, Inc.","NYSE","2745373","2523417","1512474","1.82",,
"2025-03-31","EMR","Emerson Electric Co.","NYSE","11990734","12926338","3440133","3.49",,
"2025-03-31","EOG","EOG Resources, Inc.","NYSE","13961259","13817424","3744503","3.73",,
"2025-03-31","EPD","Enterprise Products Partners L","NYSE","23848060","23513796","3825473","6.23",,
"2025-03-31","EQIX","Equinix, Inc. Common Stock REI","NNM","1769863","1961101","872435","2.03",,
"2025-03-31","FCX","Freeport-McMoran Inc.","NYSE","27865887","24930168","18788713","1.48",,
"2025-03-31","FDX","FedEx Corporation","NYSE","3898365","3372505","2840176","1.37",,
"2025-03-31","FTNT","Fortinet, Inc. Common Stock","NNM","21809409","19137327","4201808","5.19",,
"2025-03-31","GD","General Dynamics Corporation","NYSE","2727484","2574304","1416122","1.93",,
"2025-03-31","GE","GE Aerospace","NYSE","12892152","14494100","4707499","2.74",,
"2025-03-31","GEV","GE Vernova Inc.","NYSE","5372855","4880590","3445707","1.56",,
"2025-03-31","GILD","Gilead Sciences, Inc. Common S","NNM","21390611","22340679","10485483","2.04",,
"2025-03-31","GLW","Corning Incorporated","NYSE","10662231","13833210","7209474","1.48",,
"2025-03-31","GM","General Motors Company","NYSE","28839674","44142277","19950612","1.45",,
"2025-03-31","GOOG","Alphabet Inc. Class C Capital","NNM","38529868","44488045","23640465","1.63",,
"2025-03-31","GOOGL","Alphabet Inc. Class A Common S","NNM","67326540","72041758","34651578","1.94",,
"2025-03-31","GS","Goldman Sachs Group Inc.","NYSE","4016232","3947997","2476163","1.62",,
"2025-03-31","GWW","W.W. Grainger, Inc.","NYSE","1157779","1196486","225556","5.13",,
"2025-03-31","HCA","HCA Healthcare, Inc.","NYSE","5576020","4939866","1490930","3.74",,
"2025-03-31","HD","Home Depot, Inc.","NYSE","10327121","9528301","3796064","2.72",,
"2025-03-31","HLT","Hilton Worldwide Holdings Inc.","NYSE","4874982","4460250","2286394","2.13",,
"2025-03-31","HON","Honeywell International Inc. C","NNM","7898713","8285969","4406599","1.79",,
"2025-03-31","HOOD","Robinhood Markets, Inc. Class","NNM","25047439","22620584","46669683","1.00",,
"2025-03-31","HPE","Hewlett Packard Enterprise Com","NYSE","71094707","43759186","24567276","2.89",,
"2025-03-31","HWM","Howmet Aerospace Inc.","NYSE","10601824","9929800","2526279","4.20",,
"2025-03-31","IBKR","Interactive Brokers Group, Inc","NNM","2025075","2691341","2140757","1.00",,
"2025-03-31","IBM","International Business Machine","NYSE","19668137","18621447","4819647","4.08",,
"2025-03-31","ICE","Intercontinental Exchange  Inc","NYSE","5813020","5304154","3301400","1.76",,
"2025-03-31","INTC","Intel Corporation Common Stock","NNM","113621570","133759348","86034397","1.32",,
"2025-03-31","INTU","Intuit Inc. Common Stock","NNM","3911460","4658579","1614922","2.42",,
"2025-03-31","ISRG","Intuitive Surgical, Inc. Commo","NNM","4605266","4846639","2215144","2.08",,
"2025-03-31","ITW","Illinois Tool Works Inc.","NYSE","6817320","6511327","1034966","6.59",,
"2025-03-31","JNJ","Johnson & Johnson","NYSE","19147099","24870261","8382673","2.28",,
"2025-03-31","JPM","JPMorgan Chase & Co.","NYSE","25362708","23614428","11164214","2.27",,
"2025-03-31","KKR","KKR & Co. Inc.","NYSE","10242168","9723378","4780293","2.14",,
"2025-03-31","KLAC","KLA Corporation Common Stock","NNM","2830986","3401110","958135","2.95",,
"2025-03-31","KMI","Kinder Morgan, Inc.","NYSE","30980114","33914082","11710139","2.65",,
"2025-03-31","KO","Coca-Cola Company","NYSE","34001076","38273283","18137490","1.87",,
"2025-03-31","LIN","Linde plc Ordinary Shares","NNM","5653608","5679884","2356858","2.40",,
"2025-03-31","LLY","Eli Lilly & Co.","NYSE","7016170","6361775","3216944","2.18",,
"2025-03-31","LMT","Lockheed Martin Corp.","NYSE","2540862","2624595","1993734","1.27",,
"2025-03-31","LOW","Lowe's Companies Inc.","NYSE","8154838","8085715","2692450","3.03",,
"2025-03-31","LRCX","Lam Research Corporation Commo","NNM","23652542","25562304","9801311","2.41",,
"2025-03-31","MA","Mastercard Incorporated","NYSE","5296719","5356158","3105783","1.71",,
"2025-03-31","MAR","Marriott International Class A","NNM","5440535","4696315","1844088","2.95",,
"2025-03-31","MCD","McDonald's Corporation","NYSE","11469256","11316825","3292882","3.48",,
"2025-03-31","MCK","McKesson Corporation","NYSE","1869968","2086597","885551","2.11",,
"2025-03-31","MCO","Moody's Corporation","NYSE","2965507","3045750","791386","3.75",,
"2025-03-31","MDLZ","Mondelez International, Inc. C","NNM","32611020","27866380","9877046","3.30",,
"2025-03-31","MDT","Medtronic plc","NYSE","10836360","12831985","9102729","1.19",,
"2025-03-31","META","Meta Platforms, Inc. Class A C","NNM","27191239","24545066","17881191","1.52",,
"2025-03-31","MMM","3M Company","NYSE","10942821","10648741","3558384","3.08",,
"2025-03-31","MNST","Monster Beverage Corporation","NNM","17195080","20897595","5127925","3.35",,
"2025-03-31","MO","Altria Group, Inc.","NYSE","38657880","41929874","12244880","3.16",,
"2025-03-31","MPC","MARATHON PETROLEUM CORPORATION","NYSE","8520298","9180768","3049896","2.79",,
"2025-03-31","MPWR","Monolithic Power Systems, Inc.","NNM","2452999","2299084","960430","2.55",,
"2025-03-31","MRK","Merck & Co., Inc.","NYSE","37936527","37125881","18672621","2.03",,
"2025-03-31","MRVL","Marvell Technology, Inc. Commo","NNM","26469172","25449190","13450470","1.97",,
"2025-03-31","MS","Morgan Stanley","NYSE","14865938","14440828","7350820","2.02",,
"2025-03-31","MSFT","Microsoft Corporation Common S","NNM","50168012","64256703","21853977","2.30",,
"2025-03-31","MSI","Motorola Solutions, Inc. New","NYSE","2231431","1956306","738292","3.02",,
"2025-03-31","MU","Micron Technology, Inc. Common","NNM","28547995","30815983","25556321","1.12",,
"2025-03-31","NEE","Nextra Energy, Inc.","NYSE","34858787","41903865","11938590","2.92",,
"2025-03-31","NEM","Newmont Corporation","NYSE","20658352","21645801","11587964","1.78",,
"2025-03-31","NET","Cloudflare, Inc. Class A commo","NYSE","5870194","7753528","3299553","1.78",,
"2025-03-31","NFLX","Netflix, Inc. Common Stock","NNM","8066569","8141946","4979749","1.62",,
"2025-03-31","NKE","Nike, Inc.","NYSE","44578447","36574550","23126163","1.93",,
"2025-03-31","NOC","Northrop Grumman Corp.","NYSE","2362727","2267925","915136","2.58",,
"2025-03-31","NOW","SERVICENOW, INC.","NYSE","4220765","4095889","1936628","2.18",,
"2025-03-31","NSC","Norfolk Southern Corp.","NYSE","2694821","2853505","1103686","2.44",,
"2025-03-31","NVDA","NVIDIA Corporation Common Stoc","NNM","234404715","258072746","253171367","1.00",,
"2025-03-31","ORCL","Oracle Corp","NYSE","21045089","22665192","10751243","1.96",,
"2025-03-31","ORLY","O'Reilly Automotive, Inc. Comm","NNM","781858","802667","358991","2.18",,
"2025-03-31","PANW","Palo Alto Networks, Inc. Commo","NNM","22429431","24581947","4901052","4.58",,
"2025-03-31","PCAR","PACCAR Inc. Common Stock","NNM","11615655","9922876","2884763","4.03",,
"2025-03-31","PEP","PepsiCo, Inc. Common Stock","NNM","18848845","19043979","6876295","2.74",,
"2025-03-31","PFE","Pfizer Inc.","NYSE","97494423","99172324","69619751","1.40",,
"2025-03-31","PG","Procter & Gamble Company","NYSE","17069234","18005795","8532282","2.00",,
"2025-03-31","PGR","Progressive Corporation","NYSE","5890412","6789453","4115546","1.43",,
"2025-03-31","PH","Parker-Hannifin Corporation","NYSE","1265615","1293355","809609","1.56",,
"2025-03-31","PLD","PROLOGIS, INC.","NYSE","13557534","12656702","4140188","3.27",,
"2025-03-31","PLTR","Palantir Technologies Inc. Cla","NNM","52258056","60161697","95991613","1.00",,
"2025-03-31","PM","Philip Morris International In","NYSE","8984199","13284674","6039260","1.49",,
"2025-03-31","PNC","PNC Financial Services Group","NYSE","4361624","4405026","2998985","1.45",,
"2025-03-31","PSX","PHILLIPS 66","NYSE","6512309","7800303","2718248","2.40",,
"2025-03-31","PWR","Quanta Services, Inc.","NYSE","4964898","4676942","1411601","3.52",,
"2025-03-31","QCOM","QUALCOMM Incorporated Common S","NNM","16657224","20683932","6671392","2.50",,
"2025-03-31","RCL","Royal Caribbean Group","NYSE","11377407","12532978","2599239","4.38",,
"2025-03-31","REGN","Regeneron Pharmaceuticals, Inc","NNM","2790935","3249157","948927","2.94",,
"2025-03-31","ROST","Ross Stores, Inc. Common Stock","NNM","5605087","4937477","3693496","1.52",,
"2025-03-31","RSG","Republic Services Inc.","NYSE","2277088","2370127","1232992","1.85",,
"2025-03-31","RTX","RTX Corporation","NYSE","9155237","10462457","5213962","1.76",,
"2025-03-31","SBUX","Starbucks Corporation Common S","NNM","36794482","34452095","8368280","4.40",,
"2025-03-31","SCCO","Southern Copper Corporation","NYSE","7728893","6926916","1873561","4.13",,
"2025-03-31","SCHW","The Charles Schwab Corporation","NYSE","18374258","16999671","7929201","2.32",,
"2025-03-31","SHW","The Sherwin-Williams Company","NYSE","4921540","5786491","1910302","2.58",,
"2025-03-31","SNDK","Sandisk Corporation Common Sto","NNM","4344606","4655121","2919286","1.49",,
"2025-03-31","SNOW","Snowflake Inc.","NYSE","10874525","11025893","3951113","2.75",,
"2025-03-31","SNPS","Synopsys, Inc. Common Stock","NNM","4302925","3956834","1197149","3.59",,
"2025-03-31","SO","The Southern Company","NYSE","20411255","21790006","4514913","4.52",,
"2025-03-31","SPCX","The SPAC and New Issue ETF","NNM","5951","6058","649","9.17",,
"2025-03-31","SPG","Simon Property Group, Inc.","NYSE","5402414","5198846","1801015","3.00",,
"2025-03-31","SPGI","S&P Global Inc.","NYSE","2658545","3163482","1377900","1.93",,
"2025-03-31","SYK","Stryker Corporation","NYSE","5714911","5306968","1493809","3.83",,
"2025-03-31","T","AT&T Inc.","NYSE","112434175","100433491","42243086","2.66",,
"2025-03-31","TDG","TransDigm Group Incorporated","NYSE","1151064","1220914","254293","4.53",,
"2025-03-31","TFC","Truist Financial Corporation","NYSE","24881932","25773715","8589335","2.90",,
"2025-03-31","TGT","Target Corporation","NYSE","14434901","14432633","8751776","1.65",,
"2025-03-31","TJX","TJX Companies, Inc. (The)","NYSE","12091549","13485081","5190392","2.33",,
"2025-03-31","TMO","Thermo Fisher Scientific, Inc.","NYSE","3944630","4266587","1606859","2.45",,
"2025-03-31","TMUS","T-Mobile US, Inc. Common Stock","NNM","13203179","15014017","4081376","3.23",,
"2025-03-31","TRV","The Travelers Companies, Inc.","NYSE","3426940","3642027","1621311","2.11",,
"2025-03-31","TSLA","Tesla, Inc. Common Stock","NNM","76463964","81331870","132428494","1.00",,
"2025-03-31","TXN","Texas Instruments Incorporated","NNM","16647062","17676932","6044119","2.75",,
"2025-03-31","UBER","Uber Technologies, Inc.","NYSE","55823065","57077523","16488712","3.39",,
"2025-03-31","UNH","UNITEDHEALTH GROUP INCORPORATE","NYSE","10868412","10250854","4349915","2.50",,
"2025-03-31","UNP","Union Pacific Corp.","NYSE","6094750","7434831","2507177","2.43",,
"2025-03-31","UPS","United Parcel Service, Inc. Cl","NYSE","16311958","14859216","6756955","2.41",,
"2025-03-31","URI","United Rentals, Inc.","NYSE","1722999","1742441","567753","3.03",,
"2025-03-31","USB","U.S. Bancorp","NYSE","14826141","22087633","14990682","1.00",,
"2025-03-31","V","VISA Inc.","NYSE","31468055","27137605","7358442","4.28",,
"2025-03-31","VLO","Valero Energy Corporation","NYSE","15695956","13772153","3411997","4.60",,
"2025-03-31","VRT","Vertiv Holdings Co Class A Com","NYSE","14388460","10069411","9769148","1.47",,
"2025-03-31","VRTX","Vertex Pharmaceuticals Incorpo","NNM","4463380","5753349","1369986","3.26",,
"2025-03-31","VZ","Verizon Communications","NYSE","72248307","79264272","23927065","3.02",,
"2025-03-31","WBD","Warner Bros. Discovery, Inc. S","NNM","86224806","69728971","42431475","2.03",,
"2025-03-31","WDC","Western Digital Corporation Co","NNM","32213986","33483340","5980494","5.39",,
"2025-03-31","WELL","Welltower Inc.","NYSE","8983026","12242831","4332394","2.07",,
"2025-03-31","WFC","Wells Fargo & Co.","NYSE","29706379","35408898","13789491","2.15",,
"2025-03-31","WM","Waste Management, Inc.","NYSE","3770294","3848361","1540960","2.45",,
"2025-03-31","WMB","Williams Companies Inc.","NYSE","21043893","19306118","7115894","2.96",,
"2025-03-31","WMT","Walmart Inc.","NYSE","36869728","37555128","22598248","1.63",,
"2025-03-31","XOM","Exxon Mobil Corporation","NYSE","42910183","46264068","17780423","2.41",,
"2021-06-15","AAPL","Apple Inc. Common Stock","NNM","108937943","123051652","69509314","1.57",,"R"
"2021-06-15","ABBV","ABBVIE INC.","NYSE","13342625","14755281","5346415","2.50",,"R"
"2021-06-15","ABNB","Airbnb, Inc. Class A Common St","NNM","13485898","17976291","9556272","1.41",,"R"
"2021-06-15","ABT","Abbott Laboratories","NYSE","14011039","14567357","10759991","1.30",,"R"
"2021-06-15","ADBE","Adobe Inc. Common Stock","NNM","4939615","5075361","2204239","2.24",,"R"
"2021-06-15","ADI","Analog Devices, Inc. Common St","NNM","40755491","41888447","2553960","15.96",,"R"
"2021-06-15","ADP","Automatic Data Processing, Inc","NNM","5086019","4573984","1323495","3.84",,"R"
"2021-06-15","AEP","American Electric Power Compan","NNM","8599676","8810839","3050642","2.82",,"R"
"2021-06-15","AFL","Aflac Inc.","NYSE","14522536","13579607","2523354","5.76",,"R"
"2021-06-15","AJG","Arthur J. Gallagher & Co.","NYSE","2393827","1977183","1123503","2.13",,"R"
"2021-06-15","ALL","The Allstate Corporation","NYSE","5020683","4266940","1605456","3.13",,"R"
"2021-06-15","AMAT","Applied Materials, Inc. Common","NNM","11841446","12385206","6843442","1.73",,"R"
"2021-06-15","AMD","Advanced Micro Devices, Inc. C","NNM","86883692","84746961","29623496","2.93",,"R"
"2021-06-15","AMGN","Amgen Inc. Common Stock","NNM","10023893","10034055","2360230","4.25",,"R"
"2021-06-15","AMT","American Tower Corporation","NYSE","4198537","3590141","1491802","2.81",,"R"
"2021-06-15","AMZN","Amazon.com, Inc. Common Stock","NNM","4826456","4751285","2579114","1.87",,"R"
"2021-06-15","ANET","Arista Networks","NYSE","1845532","1627297","448339","4.12",,"R"
"2021-06-15","AON","Aon plc Class A","NYSE","27938320","27969202","1458669","19.15",,"R"
"2021-06-15","APD","Air Products & Chemicals, Inc.","NYSE","1524373","1788004","780465","1.95",,"R"
"2021-06-15","APH","Amphenol Corporation","NYSE","3254888","4833001","1969380","1.65",,"R"
"2021-06-15","APO","Apollo Global Management, Inc.","NYSE","18023421","17082035","1754992","10.27",,"R"
"2021-06-15","APP","Applovin Corporation Class A C","NNM","4329493","4097975","779251","5.56",,"R"
"2021-06-15","AVGO","Broadcom Inc. Common Stock","NNM","4388080","4527202","1651803","2.66",,"R"
"2021-06-15","AXP","American Express Company","NYSE","6260120","6312948","2828804","2.21",,"R"
"2021-06-15","BA","Boeing Company","NYSE","9998629","9202068","11311440","1.00",,"R"
"2021-06-15","BAC","Bank of America Corporation","NYSE","83090292","80639786","38228223","2.17",,"R"
"2021-06-15","BKNG","Booking Holdings Inc. Common S","NNM","752410","862513","246474","3.05",,"R"
"2021-06-15","BLK","Blackrock, Inc.","NYSE","1674302","1937077","442647","3.78",,"R"
"2021-06-15","BMY","Bristol-Myers Squibb Co.","NYSE","20791316","16762261","9500382","2.19",,"R"
"2021-06-15","BNY","BlackRock New York Municipal I","NYSE","8434","11171","73774","1.00",,
"2021-06-15","BRKA","Berkshire Hathaway Inc.","NYSE","316","438","1587","1.00",,"R"
"2021-06-15","BRKB","BERKSHIRE HATHAWAY Class B","NYSE","10674479","10163139","4058258","2.63",,"R"
"2021-06-15","BSX","Boston Scientific Corp.","NYSE","13401008","11396545","6135504","2.18",,"R"
"2021-06-15","BX","The Blackstone Group Inc.","NYSE","10039324","9263710","3105413","3.23",,"R"
"2021-06-15","C","Citigroup Inc.","NYSE","30616086","28322374","16860316","1.82",,"R"
"2021-06-15","CAT","Caterpillar Inc.","NYSE","6020226","5450356","3939483","1.53",,"R"
"2021-06-15","CCZ","Comcast Holdings Corp. 2.0% Ex","NYSE","91","625","143","1.00",,
"2021-06-15","CDNS","Cadence Design Systems, Inc. C","NNM","2711562","2971379","1337794","2.03",,"R"
"2021-06-15","CI","CIGNA Corporation","NYSE","4152304","5176947","1758225","2.36",,"R"
"2021-06-15","CL","Colgate-Palmolive Company","NYSE","7517234","8092077","3831024","1.96",,"R"
"2021-06-15","CMCSA","Comcast Corporation Class A Co","NNM","71273068","71270497","11755276","6.06",,"R"
"2021-06-15","CME","CME Group Inc. Class A Common","NNM","4908495","5072951","914725","5.37",,
"2021-06-15","CMI","Cummins Inc.","NYSE","3897324","3414640","959096","4.06",,"R"
"2021-06-15","COF","Capital One Financial","NYSE","5124129","4837356","3309976","1.55",,"R"
"2021-06-15","COP","ConocoPhillips","NYSE","15253438","15175564","7609295","2.00",,"R"
"2021-06-15","COST","Costco Wholesale Corporation C","NNM","4239412","4030567","1692814","2.50",,"R"
"2021-06-15","CRM","salesforce.com, inc.","NYSE","22692331","22710193","5346092","4.24",,"R"
"2021-06-15","CRWD","CrowdStrike Holdings, Inc. Cla","NNM","12558120","12894082","4155713","3.02",,"R"
"2021-06-15","CSCO","Cisco Systems, Inc. Common Sto","NNM","36250889","38401223","15571159","2.33",,"R"
"2021-06-15","CSX","CSX Corporation Common Stock","NNM","7517349","5509752","3299560","2.28",,"R"
"2021-06-15","CTAS","Cintas Corporation Common Stoc","NNM","1035154","989819","321923","3.22",,"R"
"2021-06-15","CVNA","Carvana Co.","NYSE","17163310","17276529","1070606","16.03",,"R"
"2021-06-15","CVS","CVS HEALTH CORPORATION","NYSE","15965883","18280980","4678023","3.41",,"R"
"2021-06-15","CVX","Chevron Corporation","NYSE","15919520","15119035","9383272","1.70",,"R"
"2021-06-15","D","Dominion Energy, Inc Common St","NYSE","8454818","7047337","3262425","2.59",,"R"
"2021-06-15","DASH","DoorDash, Inc.","NYSE","11450126","13207388","3753786","3.05",,"R"
"2021-06-15","DDOG","Datadog, Inc. Class A Common S","NNM","15631454","13715471","2155601","7.25",,"R"
"2021-06-15","DE","Deere & Company","NYSE","3470139","3090428","1800023","1.93",,"R"
"2021-06-15","DELL","Dell Technologies Inc.","NYSE","7923761","7443252","1974867","4.01",,"R"
"2021-06-15","DHR","Danaher Corporation","NYSE","5802139","6305748","2823586","2.05",,"R"
"2021-06-15","DIS","The Walt Disney Company","NYSE","22947661","21980678","6515041","3.52",,"R"
"2021-06-15","DLR","Digital Realty Trust, Inc.","NYSE","8881446","9015286","1283604","6.92",,"R"
"2021-06-15","DUK","Duke Energy Corporation","NYSE","7600328","7270287","2489276","3.05",,"R"
"2021-06-15","ECL","Ecolab, Inc.","NYSE","1757725","3015351","1148829","1.53",,"R"
"2021-06-15","EMR","Emerson Electric Co.","NYSE","8591579","9219667","2303261","3.73",,"R"
"2021-06-15","EOG","EOG Resources, Inc.","NYSE","8423257","8171184","3489071","2.41",,"R"
"2021-06-15","EPD","Enterprise Products Partners L","NYSE","40817692","40077227","4960258","8.23",,"R"
"2021-06-15","EQIX","Equinix, Inc. Common Stock REI","NNM","1131326","889452","575859","1.96",,"R"
"2021-06-15","FCX","Freeport-McMoran Inc.","NYSE","26095957","24458597","20485791","1.27",,"R"
"2021-06-15","FDX","FedEx Corporation","NYSE","3016151","2945154","1924266","1.57",,"R"
"2021-06-15","FTNT","Fortinet, Inc. Common Stock","NNM","2225981","2294160","660281","3.37",,"R"
"2021-06-15","GD","General Dynamics Corporation","NYSE","2723917","2570227","1012702","2.69",,"R"
"2021-06-15","GE","General Electric Company","NYSE","87507681","100062621","48213026","1.82",,"R"
"2021-06-15","GILD","Gilead Sciences, Inc. Common S","NNM","24017973","23685310","6843840","3.51",,"R"
"2021-06-15","GLW","Corning Incorporated","NYSE","10721130","9045378","5343772","2.01",,"R"
"2021-06-15","GM","General Motors Company","NYSE","19802137","17737904","16102888","1.23",,"R"
"2021-06-15","GOOG","Alphabet Inc. Class C Capital","NNM","3143232","2687846","1133950","2.77",,"R"
"2021-06-15","GOOGL","Alphabet Inc. Class A Common S","NNM","2704973","2883164","1111799","2.43",,"R"
"2021-06-15","GS","Goldman Sachs Group Inc.","NYSE","5187308","5297991","2683694","1.93",,"R"
"2021-06-15","GWW","W.W. Grainger, Inc.","NYSE","625046","612365","164154","3.81",,"R"
"2021-06-15","HCA","HCA Healthcare, Inc.","NYSE","3713452","3207220","1156258","3.21",,"R"
"2021-06-15","HD","Home Depot, Inc.","NYSE","11015172","10915631","3404436","3.24",,"R"
"2021-06-15","HLT","Hilton Worldwide Holdings Inc.","NYSE","8086087","7965923","1659555","4.87",,"R"
"2021-06-15","HON","Honeywell International Inc. C","NNM","4432852","5744961","2053309","2.16",,"R"
"2021-06-15","HPE","Hewlett Packard Enterprise Com","NYSE","26049496","24002138","9451835","2.76",,"R"
"2021-06-15","HWM","Howmet Aerospace Inc.","NYSE","8523910","9454077","2728857","3.12",,"R"
"2021-06-15","IBKR","Interactive Brokers Group, Inc","NNM","3621819","2793544","1615575","2.24",,"R"
"2021-06-15","IBM","International Business Machine","NYSE","25584027","24658363","3668541","6.97",,"R"
"2021-06-15","ICE","Intercontinental Exchange  Inc","NYSE","4254578","3879522","2827411","1.50",,"R"
"2021-06-15","INTC","Intel Corporation Common Stock","NNM","59510349","59964228","21241290","2.80",,"R"
"2021-06-15","INTU","Intuit Inc. Common Stock","NNM","2113532","2358689","1212278","1.74",,"R"
"2021-06-15","ISRG","Intuitive Surgical, Inc. Commo","NNM","1475176","1377502","416542","3.54",,"R"
"2021-06-15","ITW","Illinois Tool Works Inc.","NYSE","3805817","3718820","753563","5.05",,"R"
"2021-06-15","JNJ","Johnson & Johnson","NYSE","15161651","14175963","6553069","2.31",,"R"
"2021-06-15","JPM","JPMorgan Chase & Co.","NYSE","22999076","20775357","12911930","1.78",,"R"
"2021-06-15","KKR","KKR & Co. Inc.","NYSE","11467232","8762799","2690443","4.26",,"R"
"2021-06-15","KLAC","KLA Corporation Common Stock","NNM","2556275","2725595","843709","3.03",,"R"
"2021-06-15","KMI","Kinder Morgan, Inc.","NYSE","30614784","28640780","15427410","1.98",,"R"
"2021-06-15","KO","Coca-Cola Company","NYSE","24988625","35006625","12807805","1.95",,"R"
"2021-06-15","LIN","Linde plc Ordinary Share","NYSE","4702296","3966022","1748665","2.69",,"R"
"2021-06-15","LLY","Eli Lilly & Co.","NYSE","7599771","7587962","4901230","1.55",,"R"
"2021-06-15","LMT","Lockheed Martin Corp.","NYSE","3028930","2623332","1102962","2.75",,"R"
"2021-06-15","LOW","Lowe's Companies Inc.","NYSE","9051212","6629370","3700428","2.45",,"R"
"2021-06-15","LRCX","Lam Research Corporation Commo","NNM","2223824","2476564","934060","2.38",,"R"
"2021-06-15","MA","Mastercard Incorporated","NYSE","6690641","6184813","2788955","2.40",,"R"
"2021-06-15","MAR","Marriott International Class A","NNM","5337942","5085341","1684703","3.17",,"R"
"2021-06-15","MCD","McDonald's Corporation","NYSE","6927779","5714447","2322822","2.98",,"R"
"2021-06-15","MCK","McKesson Corporation","NYSE","2263435","1557835","1072765","2.11",,"R"
"2021-06-15","MCO","Moody's Corporation","NYSE","2009677","1709110","493132","4.08",,"R"
"2021-06-15","MDLZ","Mondelez International, Inc. C","NNM","11649872","13554400","5461366","2.13",,"R"
"2021-06-15","MDT","Medtronic plc","NYSE","8737217","9295930","4914388","1.78",,"R"
"2021-06-15","MMM","3M Company","NYSE","10963234","10446063","1750979","6.26",,"R"
"2021-06-15","MNST","Monster Beverage Corporation","NNM","5199685","5604088","1730726","3.00",,"R"
"2021-06-15","MO","Altria Group, Inc.","NYSE","16544090","13644930","7643952","2.16",,"R"
"2021-06-15","MPC","MARATHON PETROLEUM CORPORATION","NYSE","17851330","24050800","7442151","2.40",,"R"
"2021-06-15","MPWR","Monolithic Power Systems, Inc.","NNM","601425","697951","252023","2.39",,"R"
"2021-06-15","MRK","Merck & Co., Inc.","NYSE","22067660","18828825","13724554","1.61",,"R"
"2021-06-15","MRVL","Marvell Technology, Inc. Commo","NNM","17731991","15882092","8897333","1.99",,"R"
"2021-06-15","MS","Morgan Stanley","NYSE","17561753","18927103","7556993","2.32",,"R"
"2021-06-15","MSFT","Microsoft Corporation Common S","NNM","48137624","46437987","21556202","2.23",,"R"
"2021-06-15","MSI","Motorola Solutions, Inc. New","NYSE","1820673","1787353","598290","3.04",,"R"
"2021-06-15","MU","Micron Technology, Inc. Common","NNM","24169231","22890836","16412422","1.47",,"R"
"2021-06-15","NEE","Nextra Energy, Inc.","NYSE","21272513","19103795","6809217","3.12",,"R"
"2021-06-15","NEM","Newmont Corporation","NYSE","12030158","12223862","5493712","2.19",,"R"
"2021-06-15","NET","Cloudflare, Inc. Class A commo","NYSE","14833074","15455267","2928641","5.06",,"R"
"2021-06-15","NFLX","Netflix, Inc. Common Stock","NNM","8930701","9093589","3170872","2.82",,"R"
"2021-06-15","NKE","Nike, Inc.","NYSE","12033981","12811556","5371597","2.24",,"R"
"2021-06-15","NOC","Northrop Grumman Corp.","NYSE","2089034","1510209","792499","2.64",,"R"
"2021-06-15","NOW","SERVICENOW, INC.","NYSE","3422559","3071566","1554800","2.20",,"R"
"2021-06-15","NSC","Norfolk Southern Corp.","NYSE","2785817","2728850","1027235","2.71",,"R"
"2021-06-15","NVDA","NVIDIA Corporation Common Stoc","NNM","7461071","6256505","10922175","1.00",,"R"
"2021-06-15","ORCL","Oracle Corp","NYSE","32221103","32196295","12308005","2.62",,"R"
"2021-06-15","ORLY","O'Reilly Automotive, Inc. Comm","NNM","1213270","1017851","398412","3.05",,"R"
"2021-06-15","PANW","PALO ALTO NETWORKS, INC","NYSE","5014181","4902690","702563","7.14",,"R"
"2021-06-15","PCAR","PACCAR Inc. Common Stock","NNM","5047570","4965147","1315912","3.84",,"R"
"2021-06-15","PEP","PepsiCo, Inc. Common Stock","NNM","9873615","9104412","4631550","2.13",,"R"
"2021-06-15","PFE","Pfizer Inc.","NYSE","59773904","58980886","23677630","2.52",,"R"
"2021-06-15","PG","Procter & Gamble Company","NYSE","16756962","17019833","7902330","2.12",,"R"
"2021-06-15","PGR","Progressive Corporation","NYSE","6912341","6425844","2876912","2.40",,"R"
"2021-06-15","PH","Parker-Hannifin Corporation","NYSE","1742160","1692674","754074","2.31",,"R"
"2021-06-15","PLD","PROLOGIS, INC.","NYSE","9492790","8900898","2579989","3.68",,"R"
"2021-06-15","PLTR","Palantir Technologies Inc. Cla","NYSE","52303072","68642717","48736084","1.07",,"R"
"2021-06-15","PM","Philip Morris International In","NYSE","10343072","8749818","4497223","2.30",,"R"
"2021-06-15","PNC","PNC Financial Services Group","NYSE","5061867","5220611","1358025","3.73",,
"2021-06-15","PSX","PHILLIPS 66","NYSE","9083578","9324134","2896656","3.14",,"R"
"2021-06-15","PWR","Quanta Services, Inc.","NYSE","1996878","2096926","1073818","1.86",,"R"
"2021-06-15","QCOM","QUALCOMM Incorporated Common S","NNM","18127095","17395525","6789291","2.67",,"R"
"2021-06-15","RCL","Royal Caribbean Group","NYSE","10186402","10945487","3271743","3.11",,"R"
"2021-06-15","REGN","Regeneron Pharmaceuticals, Inc","NNM","1920008","2111843","700051","2.74",,"R"
"2021-06-15","ROST","Ross Stores, Inc. Common Stock","NNM","3373417","4655280","2380940","1.42",,"R"
"2021-06-15","RSG","Republic Services Inc.","NYSE","2055354","2212201","910684","2.26",,"R"
"2021-06-15","RTX","Raytheon Technologies Corporat","NYSE","15053251","12841082","4739455","3.18",,"R"
"2021-06-15","SBUX","Starbucks Corporation Common S","NNM","12072776","10552146","4235097","2.85",,"R"
"2021-06-15","SCCO","Southern Copper Corporation","NYSE","5779890","6239995","1814082","3.19",,"R"
"2021-06-15","SCHW","The Charles Schwab Corporation","NYSE","16453051","14371426","7294121","2.26",,
"2021-06-15","SHW","The Sherwin-Williams Company","NYSE","3091000","4229267","1186644","2.60",,"R"
"2021-06-15","SNOW","Snowflake Inc.","NYSE","9950686","10061767","4177097","2.38",,"R"
"2021-06-15","SNPS","Synopsys, Inc. Common Stock","NNM","1585162","1609244","602625","2.63",,"R"
"2021-06-15","SO","The Southern Company","NYSE","10040864","10845627","3699156","2.71",,"R"
"2021-06-15","SPCX","The SPAC and New Issue ETF","ARCA","323749","330906","73704","4.39",,
"2021-06-15","SPG","Simon Property Group, Inc.","NYSE","13684575","13954869","2274549","6.02",,"R"
"2021-06-15","SPGI","S&P Global Inc.","NYSE","15919012","14612122","1205477","13.21",,"R"
"2021-06-15","SYK","Stryker Corporation","NYSE","3128570","3870221","966304","3.24",,"R"
"2021-06-15","T","AT&T Inc.","NYSE","105849618","95844231","36623455","2.89",,"R"
"2021-06-15","TDG","TransDigm Group Incorporated","NYSE","2254149","2086835","357123","6.31",,"R"
"2021-06-15","TFC","Truist Financial Corporation","NYSE","10770644","10893536","5980590","1.80",,"R"
"2021-06-15","TGT","Target Corporation","NYSE","9229907","9099568","2958838","3.12",,"R"
"2021-06-15","TJX","TJX Companies, Inc. (The)","NYSE","10840361","10399707","6681281","1.62",,"R"
"2021-06-15","TMO","Thermo Fisher Scientific, Inc.","NYSE","2811691","3226394","2347916","1.20",,"R"
"2021-06-15","TMUS","T-Mobile US, Inc. Common Stock","NNM","13511078","14248787","3762480","3.59",,"R"
"2021-06-15","TRV","The Travelers Companies, Inc.","NYSE","4895008","5104586","936193","5.23",,"R"
"2021-06-15","TSLA","Tesla, Inc. Common Stock","NNM","39363717","40042086","21688018","1.81",,"R"
"2021-06-15","TXN","Texas Instruments Incorporated","NNM","12947937","10986807","3243066","3.99",,"R"
"2021-06-15","UBER","Uber Technologies, Inc.","NYSE","76111558","73238977","15159652","5.02",,"R"
"2021-06-15","UNH","UNITEDHEALTH GROUP INCORPORATE","NYSE","6400844","6530742","2789523","2.29",,"R"
"2021-06-15","UNP","Union Pacific Corp.","NYSE","7537283","8868049","2176166","3.46",,"R"
"2021-06-15","UPS","United Parcel Service, Inc. Cl","NYSE","7910516","7258078","3547852","2.23",,"R"
"2021-06-15","URI","United Rentals, Inc.","NYSE","1453050","1788878","816217","1.78",,"R"
"2021-06-15","USB","U.S. Bancorp","NYSE","12539725","10712354","5256209","2.39",,"R"
"2021-06-15","V","VISA Inc.","NYSE","26717358","25760759","5692950","4.69",,"R"
"2021-06-15","VLO","Valero Energy Corporation","NYSE","8949801","8360383","2974900","3.01",,"R"
"2021-06-15","VRT","Vertiv Holdings Co Class A Com","NYSE","15142770","15129633","2512526","6.03",,"R"
"2021-06-15","VRTX","Vertex Pharmaceuticals Incorpo","NNM","4516089","4045963","3308280","1.37",,"R"
"2021-06-15","VZ","Verizon Communications","NYSE","47523444","48421727","13258636","3.58",,"R"
"2021-06-15","WDC","Western Digital Corporation Co","NNM","5230887","5391101","2760632","1.89",,"R"
"2021-06-15","WELL","Welltower Inc.","NYSE","7471000","6534884","1797928","4.16",,"R"
"2021-06-15","WFC","Wells Fargo & Co.","NYSE","46361216","48446889","20513505","2.26",,
"2021-06-15","WM","Waste Management, Inc.","NYSE","3155564","3807664","1004284","3.14",,"R"
"2021-06-15","WMB","Williams Companies Inc.","NYSE","23205581","23470528","7195579","3.22",,"R"
"2021-06-15","WMT","Walmart Inc.","NYSE","15501522","13428452","6242165","2.48",,"R"
"2021-06-15","XOM","Exxon Mobil Corporation","NYSE","38118103","39498448","23504747","1.62",,"R"
"2025-03-14","AAPL","Apple Inc. Common Stock","NNM","129678474","134441154","56586843","2.29",,
"2025-03-14","ABBV","ABBVIE INC.","NYSE","19695617","18506353","6343506","3.10",,
"2025-03-14","ABNB","Airbnb, Inc. Class A Common St","NNM","15036198","14382201","5969150","2.52",,
"2025-03-14","ABT","Abbott Laboratories","NYSE","21877008","22932064","8320551","2.63",,
"2025-03-14","ADBE","Adobe Inc. Common Stock","NNM","8195415","7663336","4654636","1.76",,
"2025-03-14","ADI","Analog Devices, Inc. Common St","NNM","8502014","7702601","4045151","2.10",,
"2025-03-14","ADP","Automatic Data Processing, Inc","NNM","5639486","6195804","2372251","2.38",,
"2025-03-14","AEP","American Electric Power Compan","NNM","10625561","9661173","3888408","2.73",,
"2025-03-14","AFL","Aflac Inc.","NYSE","9595807","9129554","2003992","4.79",,
"2025-03-14","AJG","Arthur J. Gallagher & Co.","NYSE","3236954","3890819","1853350","1.75",,
"2025-03-14","ALL","The Allstate Corporation","NYSE","3955617","2445595","2233886","1.77",,
"2025-03-14","AMAT","Applied Materials, Inc. Common","NNM","20305840","19352900","7046189","2.88",,
"2025-03-14","AMD","Advanced Micro Devices, Inc. C","NNM","55850273","56779479","34151730","1.64",,
"2025-03-14","AMGN","Amgen Inc. Common Stock","NNM","15062987","16158990","3099939","4.86",,
"2025-03-14","AMT","American Tower Corporation","NYSE","7072130","6178734","3010168","2.35",,
"2025-03-14","AMZN","Amazon.com, Inc. Common Stock","NNM","78653112","71124279","48707174","1.61",,
"2025-03-14","ANET","Arista Networks","NYSE","19855530","15209786","11940092","1.66",,
"2025-03-14","AON","Aon plc Class A","NYSE","5456998","5521761","1434470","3.80",,
"2025-03-14","APD","Air Products & Chemicals, Inc.","NYSE","4240221","4741974","1369424","3.10",,
"2025-03-14","APH","Amphenol Corporation","NYSE","13047144","14789779","8454072","1.54",,
"2025-03-14","APO","Apollo Global Management, Inc.","NYSE","36197188","36179633","4901203","7.39",,
"2025-03-14","APP","Applovin Corporation Class A C","NNM","13040666","13663023","11708789","1.11",,
"2025-03-14","AVGO","Broadcom Inc. Common Stock","NNM","54393335","57389406","39830074","1.37",,
"2025-03-14","AXP","American Express Company","NYSE","8315349","8259599","4083090","2.04",,
"2025-03-14","BA","Boeing Company","NYSE","17934559","17083675","8854891","2.03",,
"2025-03-14","BAC","Bank of America Corporation","NYSE","87756310","78488330","53071148","1.65",,
"2025-03-14","BKNG","Booking Holdings Inc. Common S","NNM","719669","664811","315681","2.28",,
"2025-03-14","BLK","Blackrock, Inc.","NYSE","1895164","1634784","846780","2.24",,
"2025-03-14","BMY","Bristol-Myers Squibb Co.","NYSE","37010551","30571531","13328592","2.78",,
"2025-03-14","BNY","BlackRock New York Municipal I","NYSE","70688","40530","59314","1.19",,
"2025-03-14","BRKA","Berkshire Hathaway Inc.","NYSE","199","204","1870","1.00",,
"2025-03-14","BRKB","BERKSHIRE HATHAWAY Class B","NYSE","15764701","14843126","5015764","3.14",,
"2025-03-14","BSX","Boston Scientific Corp.","NYSE","12623573","12873554","9484266","1.33",,
"2025-03-14","BX","Blackstone Inc.","NYSE","9387234","9168609","5555391","1.69",,
"2025-03-14","C","Citigroup Inc.","NYSE","37988851","34068788","19771405","1.92",,
"2025-03-14","CAT","Caterpillar Inc.","NYSE","9710875","10066949","2680030","3.62",,
"2025-03-14","CCZ","Comcast Holdings Corp. 2.0% Ex","NYSE","6","6","1","6.00",,
"2025-03-14","CDNS","Cadence Design Systems, Inc. C","NNM","5050125","4236399","2361734","2.14",,
"2025-03-14","CEG","Constellation Energy Corporati","NNM","7901615","6940027","5423360","1.46",,
"2025-03-14","CI","The Cigna Group","NYSE","3714300","3859901","1806952","2.06",,
"2025-03-14","CL","Colgate-Palmolive Company","NYSE","10667856","10718827","6360428","1.68",,
"2025-03-14","CMCSA","Comcast Corporation Class A Co","NNM","59771786","52052570","30147858","1.98",,
"2025-03-14","CME","CME Group Inc. Class A Common","NNM","5514711","5013683","2983559","1.85",,
"2025-03-14","CMI","Cummins Inc.","NYSE","1625097","1561706","1171169","1.39",,
"2025-03-14","COF","Capital One Financial","NYSE","23703597","21607845","5402100","4.39",,
"2025-03-14","COP","ConocoPhillips","NYSE","15935588","15339397","11176400","1.43",,
"2025-03-14","COST","Costco Wholesale Corporation C","NNM","6866248","7080224","3131771","2.19",,
"2025-03-14","CRM","Salesforce, Inc.","NYSE","11970500","9641089","8294084","1.44",,
"2025-03-14","CRWD","CrowdStrike Holdings, Inc. Cla","NNM","8973970","8915347","7015879","1.28",,
"2025-03-14","CSCO","Cisco Systems, Inc. Common Sto","NNM","54043291","60228294","20777404","2.60",,
"2025-03-14","CSX","CSX Corporation Common Stock","NNM","29802689","26516689","17426741","1.71",,
"2025-03-14","CTAS","Cintas Corporation Common Stoc","NNM","4079139","3860423","1736896","2.35",,
"2025-03-14","CVNA","Carvana Co.","NYSE","8664837","9255546","5640528","1.54",,
"2025-03-14","CVS","CVS HEALTH CORPORATION","NYSE","19880048","20554799","7965639","2.50",,
"2025-03-14","CVX","Chevron Corporation","NYSE","63243513","62848848","9067314","6.97",,
"2025-03-14","D","Dominion Energy, Inc Common St","NYSE","17424176","21079971","5387402","3.23",,
"2025-03-14","DASH","DoorDash, Inc. Class A Common","NNM","13416017","10004537","7244579","1.85",,
"2025-03-14","DDOG","Datadog, Inc. Class A Common S","NNM","11312203","12914148","5698715","1.99",,
"2025-03-14","DE","Deere & Company","NYSE","4620702","4888001","1709629","2.70",,
"2025-03-14","DELL","Dell Technologies Inc.","NYSE","13379536","12454084","8368540","1.60",,
"2025-03-14","DHR","Danaher Corporation","NYSE","7776063","8172008","4584631","1.70",,
"2025-03-14","DIS","The Walt Disney Company","NYSE","22387096","21573023","11583768","1.93",,
"2025-03-14","DLR","Digital Realty Trust, Inc.","NYSE","8276425","7807659","2679127","3.09",,
"2025-03-14","DUK","Duke Energy Corporation","NYSE","12163878","10665851","4594952","2.65",,
"2025-03-14","ECL","Ecolab, Inc.","NYSE","1942797","2081275","1720757","1.13",,
"2025-03-14","ELV","Elevance Health, Inc.","NYSE","2523417","2479317","1758857","1.43",,
"2025-03-14","EMR","Emerson Electric Co.","NYSE","12926338","12969682","3393944","3.81",,
"2025-03-14","EOG","EOG Resources, Inc.","NYSE","13817424","13081955","4597740","3.01",,
"2025-03-14","EPD","Enterprise Products Partners L","NYSE","23513796","25420604","5049727","4.66",,
"2025-03-14","EQIX","Equinix, Inc. Common Stock REI","NNM","1961101","1926766","753707","2.60",,
"2025-03-14","FCX","Freeport-McMoran Inc.","NYSE","24930168","26017925","19077912","1.31",,
"2025-03-14","FDX","FedEx Corporation","NYSE","3372505","3605147","1672752","2.02",,
"2025-03-14","FTNT","Fortinet, Inc. Common Stock","NNM","19137327","17958676","4966464","3.85",,
"2025-03-14","GD","General Dynamics Corporation","NYSE","2574304","3061730","1877070","1.37",,
"2025-03-14","GE","GE Aerospace","NYSE","14494100","15666573","5445214","2.66",,
"2025-03-14","GEV","GE Vernova Inc.","NYSE","4880590","3985733","5453966","1.00",,
"2025-03-14","GILD","Gilead Sciences, Inc. Common S","NNM","22340679","22579856","10554066","2.12",,
"2025-03-14","GLW","Corning Incorporated","NYSE","13833210","12177978","6407489","2.16",,
"2025-03-14","GM","General Motors Company","NYSE","44142277","42802322","17565498","2.51",,
"2025-03-14","GOOG","Alphabet Inc. Class C Capital","NNM","44488045","38855537","21343753","2.08",,
"2025-03-14","GOOGL","Alphabet Inc. Class A Common S","NNM","72041758","63514099","34551012","2.09",,
"2025-03-14","GS","Goldman Sachs Group Inc.","NYSE","3947997","4835346","3609413","1.09",,
"2025-03-14","GWW","W.W. Grainger, Inc.","NYSE","1196486","1277283","339628","3.52",,
"2025-03-14","HCA","HCA Healthcare, Inc.","NYSE","4939866","5891356","1570787","3.14",,
"2025-03-14","HD","Home Depot, Inc.","NYSE","9528301","10098170","4302394","2.21",,
"2025-03-14","HLT","Hilton Worldwide Holdings Inc.","NYSE","4460250","3954524","2634920","1.69",,
"2025-03-14","HON","Honeywell International Inc. C","NNM","8285969","8233601","4823115","1.72",,
"2025-03-14","HOOD","Robinhood Markets, Inc. Class","NNM","22620584","23919881","53359117","1.00",,
"2025-03-14","HPE","Hewlett Packard Enterprise Com","NYSE","43759186","29982406","29846613","1.47",,
"2025-03-14","HWM","Howmet Aerospace Inc.","NYSE","9929800","9440268","3768042","2.64",,
"2025-03-14","IBKR","Interactive Brokers Group, Inc","NNM","2691341","3092214","2868038","1.00",,
"2025-03-14","IBM","International Business Machine","NYSE","18621447","16927171","4783714","3.89",,
"2025-03-14","ICE","Intercontinental Exchange  Inc","NYSE","5304154","6579530","3522242","1.51",,
"2025-03-14","INTC","Intel Corporation Common Stock","NNM","133759348","125523910","123858071","1.08",,
"2025-03-14","INTU","Intuit Inc. Common Stock","NNM","4658579","5029688","1918376","2.43",,
"2025-03-14","ISRG","Intuitive Surgical, Inc. Commo","NNM","4846639","4818517","3084196","1.57",,
"2025-03-14","ITW","Illinois Tool Works Inc.","NYSE","6511327","6624836","1505188","4.33",,
"2025-03-14","JNJ","Johnson & Johnson","NYSE","24870261","23102773","9459481","2.63",,
"2025-03-14","JPM","JPMorgan Chase & Co.","NYSE","23614428","29238674","14238149","1.66",,
"2025-03-14","KKR","KKR & Co. Inc.","NYSE","9723378","9581943","9640460","1.01",,
"2025-03-14","KLAC","KLA Corporation Common Stock","NNM","3401110","3347350","1093342","3.11",,
"2025-03-14","KMI","Kinder Morgan, Inc.","NYSE","33914082","38967808","13008791","2.61",,
"2025-03-14","KO","Coca-Cola Company","NYSE","38273283","37703522","22335297","1.71",,
"2025-03-14","LIN","Linde plc Ordinary Shares","NNM","5679884","5554822","2850772","1.99",,
"2025-03-14","LLY","Eli Lilly & Co.","NYSE","6361775","7237706","3796675","1.68",,
"2025-03-14","LMT","Lockheed Martin Corp.","NYSE","2624595","3400233","1661823","1.58",,
"2025-03-14","LOW","Lowe's Companies Inc.","NYSE","8085715","7318404","2836014","2.85",,
"2025-03-14","LRCX","Lam Research Corporation Commo","NNM","25562304","24858206","13514164","1.89",,
"2025-03-14","MA","Mastercard Incorporated","NYSE","5356158","5125285","3153406","1.70",,
"2025-03-14","MAR","Marriott International Class A","NNM","4696315","4971552","2064957","2.27",,
"2025-03-14","MCD","McDonald's Corporation","NYSE","11316825","11032280","4185916","2.70",,
"2025-03-14","MCK","McKesson Corporation","NYSE","2086597","1846222","964312","2.16",,
"2025-03-14","MCO","Moody's Corporation","NYSE","3045750","2742702","1040407","2.93",,
"2025-03-14","MDLZ","Mondelez International, Inc. C","NNM","27866380","26830118","10396335","2.68",,
"2025-03-14","MDT","Medtronic plc","NYSE","12831985","13492249","7496412","1.71",,
"2025-03-14","META","Meta Platforms, Inc. Class A C","NNM","24545066","23941117","16376634","1.50",,
"2025-03-14","MMM","3M Company","NYSE","10648741","8537183","4912459","2.17",,
"2025-03-14","MNST","Monster Beverage Corporation","NNM","20897595","20964151","6499575","3.22",,
"2025-03-14","MO","Altria Group, Inc.","NYSE","41929874","37890284","11064479","3.79",,
"2025-03-14","MPC","MARATHON PETROLEUM CORPORATION","NYSE","9180768","8044941","2762330","3.32",,
"2025-03-14","MPWR","Monolithic Power Systems, Inc.","NNM","2299084","2602443","852417","2.70",,
"2025-03-14","MRK","Merck & Co., Inc.","NYSE","37125881","40943400","16100690","2.31",,
"2025-03-14","MRVL","Marvell Technology, Inc. Commo","NNM","25449190","24233307","27811456","1.00",,
"2025-03-14","MS","Morgan Stanley","NYSE","14440828","14288509","9587937","1.51",,
"2025-03-14","MSFT","Microsoft Corporation Common S","NNM","64256703","66334396","24626872","2.61",,
"2025-03-14","MSI","Motorola Solutions, Inc. New","NYSE","1956306","1844356","911774","2.15",,
"2025-03-14","MU","Micron Technology, Inc. Common","NNM","30815983","32000669","20464268","1.51",,
"2025-03-14","NEE","Nextra Energy, Inc.","NYSE","41903865","39190492","12820067","3.27",,
"2025-03-14","NEM","Newmont Corporation","NYSE","21645801","19409567","10092136","2.14",,
"2025-03-14","NET","Cloudflare, Inc. Class A commo","NYSE","7753528","7295301","4967102","1.56",,
"2025-03-14","NFLX","Netflix, Inc. Common Stock","NNM","8141946","7375049","5878410","1.39",,
"2025-03-14","NKE","Nike, Inc.","NYSE","36574550","42120229","11077787","3.30",,
"2025-03-14","NOC","Northrop Grumman Corp.","NYSE","2267925","2297441","1274168","1.78",,
"2025-03-14","NOW","SERVICENOW, INC.","NYSE","4095889","3354705","2369446","1.73",,
"2025-03-14","NSC","Norfolk Southern Corp.","NYSE","2853505","2628772","1406155","2.03",,
"2025-03-14","NVDA","NVIDIA Corporation Common Stoc","NNM","258072746","241358114","335729552","1.00",,
"2025-03-14","ORCL","Oracle Corp","NYSE","22665192","21574871","14094023","1.61",,
"2025-03-14","ORLY","O'Reilly Automotive, Inc. Comm","NNM","802667","963793","390882","2.05",,
"2025-03-14","PANW","Palo Alto Networks, Inc. Commo","NNM","24581947","23778874","4718267","5.21",,
"2025-03-14","PCAR","PACCAR Inc. Common Stock","NNM","9922876","9248582","3493978","2.84",,
"2025-03-14","PEP","PepsiCo, Inc. Common Stock","NNM","19043979","20917247","7894746","2.41",,
"2025-03-14","PFE","Pfizer Inc.","NYSE","99172324","94955194","44596409","2.22",,
"2025-03-14","PG","Procter & Gamble Company","NYSE","18005795","18107870","8863013","2.03",,
"2025-03-14","PGR","Progressive Corporation","NYSE","6789453","6473115","2957874","2.30",,
"2025-03-14","PH","Parker-Hannifin Corporation","NYSE","1293355","1136736","1209380","1.07",,
"2025-03-14","PLD","PROLOGIS, INC.","NYSE","12656702","13472722","4171614","3.03",,
"2025-03-14","PLTR","Palantir Technologies Inc. Cla","NNM","60161697","61179750","114320158","1.00",,
"2025-03-14","PM","Philip Morris International In","NYSE","13284674","17140060","6384574","2.08",,
"2025-03-14","PNC","PNC Financial Services Group","NYSE","4405026","4174216","2250314","1.96",,
"2025-03-14","PSX","PHILLIPS 66","NYSE","7800303","7281908","4074733","1.91",,
"2025-03-14","PWR","Quanta Services, Inc.","NYSE","4676942","4060726","2071591","2.26",,
"2025-03-14","QCOM","QUALCOMM Incorporated Common S","NNM","20683932","17263336","7804250","2.65",,
"2025-03-14","RCL","Royal Caribbean Group","NYSE","12532978","12422744","3856992","3.25",,
"2025-03-14","REGN","Regeneron Pharmaceuticals, Inc","NNM","3249157","2565723","1030984","3.15",,
"2025-03-14","ROST","Ross Stores, Inc. Common Stock","NNM","4937477","5432932","4079719","1.21",,
"2025-03-14","RSG","Republic Services Inc.","NYSE","2370127","2180930","1127686","2.10",,
"2025-03-14","RTX","RTX Corporation","NYSE","10462457","11461979","5541759","1.89",,
"2025-03-14","SBUX","Starbucks Corporation Common S","NNM","34452095","34190067","11359910","3.03",,
"2025-03-14","SCCO","Southern Copper Corporation","NYSE","6926916","5912211","1636184","4.23",,
"2025-03-14","SCHW","The Charles Schwab Corporation","NYSE","16999671","16837726","12725679","1.34",,
"2025-03-14","SHW","The Sherwin-Williams Company","NYSE","5786491","6517740","2097724","2.76",,
"2025-03-14","SNDK","Sandisk Corporation Common Sto","NNM","4655121","8810660","4596760","1.01",,
"2025-03-14","SNOW","Snowflake Inc.","NYSE","11025893","10301381","7556713","1.46",,
"2025-03-14","SNPS","Synopsys, Inc. Common Stock","NNM","3956834","3798720","1531184","2.58",,
"2025-03-14","SO","The Southern Company","NYSE","21790006","20813683","5650943","3.86",,
"2025-03-14","SPCX","The SPAC and New Issue ETF","NNM","6058","5925","685","8.84",,
"2025-03-14","SPG","Simon Property Group, Inc.","NYSE","5198846","4198184","2099311","2.48",,
"2025-03-14","SPGI","S&P Global Inc.","NYSE","3163482","3617571","1682108","1.88",,
"2025-03-14","SYK","Stryker Corporation","NYSE","5306968","4731157","1638049","3.24",,
"2025-03-14","T","AT&T Inc.","NYSE","100433491","113402898","51418997","1.95",,
"2025-03-14","TDG","TransDigm Group Incorporated","NYSE","1220914","1024413","264636","4.61",,
"2025-03-14","TFC","Truist Financial Corporation","NYSE","25773715","22566146","11037185","2.34",,
"2025-03-14","TGT","Target Corporation","NYSE","14432633","11520090","9523044","1.52",,
"2025-03-14","TJX","TJX Companies, Inc. (The)","NYSE","13485081","12991645","5781582","2.33",,
"2025-03-14","TMO","Thermo Fisher Scientific, Inc.","NYSE","4266587","4147842","1915848","2.23",,
"2025-03-14","TMUS","T-Mobile US, Inc. Common Stock","NNM","15014017","13869601","4198027","3.58",,
"2025-03-14","TRV","The Travelers Companies, Inc.","NYSE","3642027","3504165","1314145","2.77",,
"2025-03-14","TSLA","Tesla, Inc. Common Stock","NNM","81331870","67129145","125160315","1.00",,
"2025-03-14","TXN","Texas Instruments Incorporated","NNM","17676932","17849758","6569527","2.69",,
"2025-03-14","UBER","Uber Technologies, Inc.","NYSE","57077523","56621663","18439115","3.10",,
"2025-03-14","UNH","UNITEDHEALTH GROUP INCORPORATE","NYSE","10250854","8693946","4528343","2.26",,
"2025-03-14","UNP","Union Pacific Corp.","NYSE","7434831","7659584","2567776","2.90",,
"2025-03-14","UPS","United Parcel Service, Inc. Cl","NYSE","14859216","15196986","5514101","2.69",,
"2025-03-14","URI","United Rentals, Inc.","NYSE","1742441","1753352","890004","1.96",,
"2025-03-14","USB","U.S. Bancorp","NYSE","22087633","25157305","12180263","1.81",,
"2025-03-14","V","VISA Inc.","NYSE","27137605","24228501","8127173","3.34",,
"2025-03-14","VLO","Valero Energy Corporation","NYSE","13772153","12419044","3871332","3.56",,
"2025-03-14","VRT","Vertiv Holdings Co Class A Com","NYSE","10069411","9892039","11142599","1.00",,
"2025-03-14","VRTX","Vertex Pharmaceuticals Incorpo","NNM","5753349","5484026","1362654","4.22",,
"2025-03-14","VZ","Verizon Communications","NYSE","79264272","64881029","34260861","2.31",,
"2025-03-14","WBD","Warner Bros. Discovery, Inc. S","NNM","69728971","64049621","42670312","1.63",,
"2025-03-14","WDC","Western Digital Corporation Co","NNM","33483340","32123617","9006055","3.72",,
"2025-03-14","WELL","Welltower Inc.","NYSE","12242831","10756696","2881094","4.25",,
"2025-03-14","WFC","Wells Fargo & Co.","NYSE","35408898","30497271","21160051","1.67",,
"2025-03-14","WM","Waste Management, Inc.","NYSE","3848361","3477618","1761816","2.18",,
"2025-03-14","WMB","Williams Companies Inc.","NYSE","19306118","16845026","8260342","2.34",,
"2025-03-14","WMT","Walmart Inc.","NYSE","37555128","40333744","28125621","1.34",,
"2025-03-14","XOM","Exxon Mobil Corporation","NYSE","46264068","47108076","19006243","2.43",,
"2021-10-29","AAPL","Apple Inc. Common Stock","NNM","100495541","100881318","73263148","1.37",,
"2021-10-29","ABBV","ABBVIE INC.","NYSE","13622944","11489855","6497589","2.10",,
"2021-10-29","ABNB","Airbnb, Inc. Class A Common St","NNM","14611313","15595494","2698212","5.42",,
"2021-10-29","ABT","Abbott Laboratories","NYSE","11229276","10496776","5117201","2.19",,
"2021-10-29","ADBE","Adobe Inc. Common Stock","NNM","4960366","4618795","1852602","2.68",,
"2021-10-29","ADI","Analog Devices, Inc. Common St","NNM","9178579","8234781","3143316","2.92",,
"2021-10-29","ADP","Automatic Data Processing, Inc","NNM","4403631","3795075","1317300","3.34",,
"2021-10-29","AEP","American Electric Power Compan","NNM","5925827","6392083","2398985","2.47",,
"2021-10-29","AFL","Aflac Inc.","NYSE","14244386","14950079","2885673","4.94",,
"2021-10-29","AJG","Arthur J. Gallagher & Co.","NYSE","1973788","2131766","832692","2.37",,
"2021-10-29","ALL","The Allstate Corporation","NYSE","4465797","4797582","1441769","3.10",,
"2021-10-29","AMAT","Applied Materials, Inc. Common","NNM","11619352","13194708","6050576","1.92",,
"2021-10-29","AMD","Advanced Micro Devices, Inc. C","NNM","70190944","69155470","50172840","1.40",,
"2021-10-29","AMGN","Amgen Inc. Common Stock","NNM","11794912","11384318","2106344","5.60",,
"2021-10-29","AMT","American Tower Corporation","NYSE","4425625","3953099","1518769","2.91",,
"2021-10-29","AMZN","Amazon.com, Inc. Common Stock","NNM","4465313","4822945","3232838","1.38",,
"2021-10-29","ANET","Arista Networks","NYSE","1255463","1264508","410594","3.06",,
"2021-10-29","AON","Aon plc Class A","NYSE","6181535","7018445","1212525","5.10",,
"2021-10-29","APD","Air Products & Chemicals, Inc.","NYSE","2361400","2551991","816734","2.89",,
"2021-10-29","APH","Amphenol Corporation","NYSE","6105043","6219412","1975805","3.09",,
"2021-10-29","APO","Apollo Global Management, Inc.","NYSE","22086161","21329231","4311145","5.12",,
"2021-10-29","APP","Applovin Corporation Class A C","NNM","4947968","5070820","1869120","2.65",,
"2021-10-29","AVGO","Broadcom Inc. Common Stock","NNM","5090996","4868164","1600605","3.18",,
"2021-10-29","AXP","American Express Company","NYSE","15512491","9412858","3511480","4.42",,
"2021-10-29","BA","Boeing Company","NYSE","8884957","8875177","8717148","1.02",,
"2021-10-29","BAC","Bank of America Corporation","NYSE","89607979","83323799","37765396","2.37",,
"2021-10-29","BKNG","Booking Holdings Inc. Common S","NNM","668313","719336","212328","3.15",,
"2021-10-29","BLK","Blackrock, Inc.","NYSE","1611619","1713582","415557","3.88",,
"2021-10-29","BMY","Bristol-Myers Squibb Co.","NYSE","22398028","20834102","11768660","1.90",,
"2021-10-29","BNY","BlackRock New York Municipal I","NYSE","44904","68909","52330","1.00",,
"2021-10-29","BRKA","Berkshire Hathaway Inc.","NYSE","397","443","1869","1.00",,
"2021-10-29","BRKB","BERKSHIRE HATHAWAY Class B","NYSE","10078840","10336577","3373376","2.99",,
"2021-10-29","BSX","Boston Scientific Corp.","NYSE","21219081","22568744","5817735","3.65",,
"2021-10-29","BX","Blackstone Inc.","NYSE","7522505","8076752","3183815","2.36",,
"2021-10-29","C","Citigroup Inc.","NYSE","37460852","37095538","17569197","2.13",,
"2021-10-29","CAT","Caterpillar Inc.","NYSE","5722799","6447094","3246595","1.76",,
"2021-10-29","CCZ","Comcast Holdings Corp. 2.0% Ex","NYSE","928","964","103","9.01",,
"2021-10-29","CDNS","Cadence Design Systems, Inc. C","NNM","2670671","2718778","1294218","2.06",,
"2021-10-29","CI","CIGNA Corporation","NYSE","4242113","4793005","1562498","2.71",,
"2021-10-29","CL","Colgate-Palmolive Company","NYSE","8917294","7283679","5461408","1.63",,
"2021-10-29","CMCSA","Comcast Corporation Class A Co","NNM","68127973","74322879","17376361","3.92",,
"2021-10-29","CME","CME Group Inc. Class A Common","NNM","4769999","4557668","1346625","3.54",,
"2021-10-29","CMI","Cummins Inc.","NYSE","2308364","2300267","764220","3.02",,
"2021-10-29","COF","Capital One Financial","NYSE","4088637","4668231","3391402","1.21",,
"2021-10-29","COP","ConocoPhillips","NYSE","16753111","21081604","7068991","2.37",,
"2021-10-29","COST","Costco Wholesale Corporation C","NNM","4401466","4631850","1778513","2.47",,
"2021-10-29","CRM","salesforce.com, inc.","NYSE","17173531","15662956","3707792","4.63",,
"2021-10-29","CRWD","CrowdStrike Holdings, Inc. Cla","NNM","11363807","11502952","2326844","4.88",,
"2021-10-29","CSCO","Cisco Systems, Inc. Common Sto","NNM","41416078","39767389","12950757","3.20",,
"2021-10-29","CSX","CSX Corporation Common Stock","NNM","24732440","27725902","12322649","2.01",,
"2021-10-29","CTAS","Cintas Corporation Common Stoc","NNM","985178","1007755","266496","3.70",,
"2021-10-29","CVNA","Carvana Co.","NYSE","13184978","13641209","797281","16.54",,
"2021-10-29","CVS","CVS HEALTH CORPORATION","NYSE","16065390","12896722","5099296","3.15",,
"2021-10-29","CVX","Chevron Corporation","NYSE","19853950","19917173","9886925","2.01",,
"2021-10-29","D","Dominion Energy, Inc Common St","NYSE","5762081","5748775","3007349","1.92",,
"2021-10-29","DASH","DoorDash, Inc.","NYSE","11745190","12216308","1691202","6.94",,
"2021-10-29","DDOG","Datadog, Inc. Class A Common S","NNM","10852002","14504346","2290700","4.74",,
"2021-10-29","DE","Deere & Company","NYSE","1655890","1627984","1370648","1.21",,
"2021-10-29","DELL","Dell Technologies Inc.","NYSE","7762070","11294732","3764130","2.06",,
"2021-10-29","DHR","Danaher Corporation","NYSE","6041939","5321323","2193816","2.75",,
"2021-10-29","DIS","The Walt Disney Company","NYSE","21860966","24561619","9345216","2.34",,
"2021-10-29","DLR","Digital Realty Trust, Inc.","NYSE","9445213","10020572","1275665","7.40",,
"2021-10-29","DUK","Duke Energy Corporation","NYSE","6025303","6285240","1997260","3.02",,
"2021-10-29","ECL","Ecolab, Inc.","NYSE","2194229","2414104","884994","2.48",,
"2021-10-29","EMR","Emerson Electric Co.","NYSE","5549591","6614547","2095821","2.65",,
"2021-10-29","EOG","EOG Resources, Inc.","NYSE","8955691","8331678","3198931","2.80",,
"2021-10-29","EPD","Enterprise Products Partners L","NYSE","30976876","36515501","7358992","4.21",,
"2021-10-29","EQIX","Equinix, Inc. Common Stock REI","NNM","1354449","1400336","391814","3.46",,
"2021-10-29","FCX","Freeport-McMoran Inc.","NYSE","31255669","29212127","17700542","1.77",,
"2021-10-29","FDX","FedEx Corporation","NYSE","3937126","4339650","2569940","1.53",,
"2021-10-29","FTNT","Fortinet, Inc. Common Stock","NNM","2137636","2233518","809363","2.64",,
"2021-10-29","GD","General Dynamics Corporation","NYSE","2160651","2195279","1014828","2.13",,
"2021-10-29","GE","General Electric Company","NYSE","10884709","11486183","6575534","1.66",,
"2021-10-29","GILD","Gilead Sciences, Inc. Common S","NNM","21919956","24005350","6361922","3.45",,
"2021-10-29","GLW","Corning Incorporated","NYSE","13951642","14576487","4897290","2.85",,
"2021-10-29","GM","General Motors Company","NYSE","25835998","29658978","16590517","1.56",,
"2021-10-29","GOOG","Alphabet Inc. Class C Capital","NNM","2057796","1880873","1279236","1.61",,
"2021-10-29","GOOGL","Alphabet Inc. Class A Common S","NNM","2794698","2790225","1937527","1.44",,
"2021-10-29","GS","Goldman Sachs Group Inc.","NYSE","4197087","4347886","2266884","1.85",,
"2021-10-29","GWW","W.W. Grainger, Inc.","NYSE","832851","792911","232325","3.58",,
"2021-10-29","HCA","HCA Healthcare, Inc.","NYSE","2505387","2631551","1592368","1.57",,
"2021-10-29","HD","Home Depot, Inc.","NYSE","9851865","10054001","2918534","3.38",,
"2021-10-29","HLT","Hilton Worldwide Holdings Inc.","NYSE","8707197","7711763","2046512","4.25",,
"2021-10-29","HON","Honeywell International Inc. C","NNM","5682669","5644212","2251376","2.52",,
"2021-10-29","HOOD","Robinhood Markets, Inc. Class","NNM","27373722","22204458","10222637","2.68",,
"2021-10-29","HPE","Hewlett Packard Enterprise Com","NYSE","36896931","35772804","11598906","3.18",,
"2021-10-29","HWM","Howmet Aerospace Inc.","NYSE","10025750","10849450","2813387","3.56",,
"2021-10-29","IBKR","Interactive Brokers Group, Inc","NNM","2867321","2884900","792524","3.62",,
"2021-10-29","IBM","International Business Machine","NYSE","26199957","25485631","9401972","2.79",,
"2021-10-29","ICE","Intercontinental Exchange  Inc","NYSE","4612413","5197723","2015980","2.29",,
"2021-10-29","INTC","Intel Corporation Common Stock","NNM","72865700","63653018","43199030","1.69",,
"2021-10-29","INTU","Intuit Inc. Common Stock","NNM","2105846","1686405","1084378","1.94",,
"2021-10-29","ISRG","Intuitive Surgical, Inc. Commo","NNM","3551046","3405369","1838129","1.93",,
"2021-10-29","ITW","Illinois Tool Works Inc.","NYSE","4394244","4411998","784112","5.60",,
"2021-10-29","JNJ","Johnson & Johnson","NYSE","16513959","16199981","6785742","2.43",,
"2021-10-29","JPM","JPMorgan Chase & Co.","NYSE","18258603","18214256","8951975","2.04",,
"2021-10-29","KKR","KKR & Co. Inc.","NYSE","8865861","8114242","3358581","2.64",,
"2021-10-29","KLAC","KLA Corporation Common Stock","NNM","2987218","2528294","1258999","2.37",,
"2021-10-29","KMI","Kinder Morgan, Inc.","NYSE","31008753","33304369","15942636","1.95",,
"2021-10-29","KO","Coca-Cola Company","NYSE","31869367","33519092","15497569","2.06",,
"2021-10-29","LIN","Linde plc Ordinary Share","NYSE","3284161","3113531","1209939","2.71",,
"2021-10-29","LLY","Eli Lilly & Co.","NYSE","8837636","6566494","2635192","3.35",,
"2021-10-29","LMT","Lockheed Martin Corp.","NYSE","2861093","2553907","2322613","1.23",,
"2021-10-29","LOW","Lowe's Companies Inc.","NYSE","8447189","7985885","2750615","3.07",,
"2021-10-29","LRCX","Lam Research Corporation Commo","NNM","2505084","2391964","1646657","1.52",,
"2021-10-29","MA","Mastercard Incorporated","NYSE","5973768","4935267","4497294","1.33",,
"2021-10-29","MAR","Marriott International Class A","NNM","4892783","4808281","1831795","2.67",,
"2021-10-29","MCD","McDonald's Corporation","NYSE","5695137","5803801","3285498","1.73",,
"2021-10-29","MCK","McKesson Corporation","NYSE","2107868","1994530","577331","3.65",,
"2021-10-29","MCO","Moody's Corporation","NYSE","1746360","2026965","567468","3.08",,
"2021-10-29","MDLZ","Mondelez International, Inc. C","NNM","13648686","12807736","4926546","2.77",,
"2021-10-29","MDT","Medtronic plc","NYSE","9009128","8243096","5151075","1.75",,
"2021-10-29","META","Roundhill Ball Metaverse ETF","ARCA","147308","273453","648310","1.00",,
"2021-10-29","MMM","3M Company","NYSE","9088298","9779274","2220036","4.09",,
"2021-10-29","MNST","Monster Beverage Corporation","NNM","5452355","4586822","2536143","2.15",,
"2021-10-29","MO","Altria Group, Inc.","NYSE","12507164","13982084","8004348","1.56",,
"2021-10-29","MPC","MARATHON PETROLEUM CORPORATION","NYSE","20137145","23168709","5467441","3.68",,
"2021-10-29","MPWR","Monolithic Power Systems, Inc.","NNM","855674","837382","298255","2.87",,
"2021-10-29","MRK","Merck & Co., Inc.","NYSE","20835103","21878917","13227241","1.58",,
"2021-10-29","MRVL","Marvell Technology, Inc. Commo","NNM","17040699","15189099","5225390","3.26",,
"2021-10-29","MS","Morgan Stanley","NYSE","13740497","13850611","6898182","1.99",,
"2021-10-29","MSFT","Microsoft Corporation Common S","NNM","49332744","48556022","25018863","1.97",,
"2021-10-29","MSI","Motorola Solutions, Inc. New","NYSE","2212054","2205186","553267","4.00",,
"2021-10-29","MU","Micron Technology, Inc. Common","NNM","24515229","24844516","15649392","1.57",,
"2021-10-29","NEE","Nextra Energy, Inc.","NYSE","21198136","23346740","5695424","3.72",,
"2021-10-29","NEM","Newmont Corporation","NYSE","9136806","8989595","6084420","1.50",,
"2021-10-29","NET","Cloudflare, Inc. Class A commo","NYSE","12205840","12503159","4388786","2.78",,
"2021-10-29","NFLX","Netflix, Inc. Common Stock","NNM","9525066","9497091","5291951","1.80",,
"2021-10-29","NKE","Nike, Inc.","NYSE","10950849","12555935","5115135","2.14",,
"2021-10-29","NOC","Northrop Grumman Corp.","NYSE","1532676","1798627","856717","1.79",,
"2021-10-29","NOW","SERVICENOW, INC.","NYSE","3335946","3428786","1147387","2.91",,
"2021-10-29","NSC","Norfolk Southern Corp.","NYSE","2665157","3073206","1135389","2.35",,
"2021-10-29","NVDA","NVIDIA Corporation Common Stoc","NNM","26110184","23043923","24191755","1.08",,
"2021-10-29","ORCL","Oracle Corp","NYSE","29455722","30731290","6344901","4.64",,
"2021-10-29","ORLY","O'Reilly Automotive, Inc. Comm","NNM","916885","839506","454819","2.02",,
"2021-10-29","PANW","Palo Alto Networks, Inc. Commo","NNM","6586623","6444717","1112304","5.92",,
"2021-10-29","PCAR","PACCAR Inc. Common Stock","NNM","4470616","5146258","1907903","2.34",,
"2021-10-29","PEP","PepsiCo, Inc. Common Stock","NNM","10961717","11163709","3625636","3.02",,
"2021-10-29","PFE","Pfizer Inc.","NYSE","58878330","54477410","22423005","2.63",,
"2021-10-29","PG","Procter & Gamble Company","NYSE","13714505","13808347","6987668","1.96",,
"2021-10-29","PGR","Progressive Corporation","NYSE","9760963","10379822","2275587","4.29",,
"2021-10-29","PH","Parker-Hannifin Corporation","NYSE","872548","1241509","576909","1.51",,
"2021-10-29","PLD","PROLOGIS, INC.","NYSE","9904017","9338785","2346674","4.22",,
"2021-10-29","PLTR","Palantir Technologies Inc. Cla","NYSE","62804615","80176637","28139483","2.23",,
"2021-10-29","PM","Philip Morris International In","NYSE","8051729","8877251","3938014","2.04",,
"2021-10-29","PNC","PNC Financial Services Group","NYSE","6730911","6709051","1795838","3.75",,
"2021-10-29","PSX","PHILLIPS 66","NYSE","8921826","7716771","3095813","2.88",,
"2021-10-29","PWR","Quanta Services, Inc.","NYSE","3096644","2827185","874152","3.54",,
"2021-10-29","QCOM","QUALCOMM Incorporated Common S","NNM","14817708","14792190","5316520","2.79",,
"2021-10-29","RCL","Royal Caribbean Group","NYSE","14028115","14314366","2320511","6.05",,
"2021-10-29","REGN","Regeneron Pharmaceuticals, Inc","NNM","1878784","1760221","821613","2.29",,
"2021-10-29","ROST","Ross Stores, Inc. Common Stock","NNM","5009386","4787302","1595507","3.14",,
"2021-10-29","RSG","Republic Services Inc.","NYSE","1793122","1831970","1148421","1.56",,
"2021-10-29","RTX","Raytheon Technologies Corporat","NYSE","10728122","12439327","4917908","2.18",,
"2021-10-29","SBUX","Starbucks Corporation Common S","NNM","12201935","12130803","7644049","1.60",,
"2021-10-29","SCCO","Southern Copper Corporation","NYSE","4474445","4300982","1011639","4.42",,
"2021-10-29","SCHW","The Charles Schwab Corporation","NYSE","13178887","13156108","5462206","2.41",,
"2021-10-29","SHW","The Sherwin-Williams Company","NYSE","3687542","3691544","1091221","3.38",,
"2021-10-29","SNOW","Snowflake Inc.","NYSE","9256252","13503278","2119636","4.37",,
"2021-10-29","SNPS","Synopsys, Inc. Common Stock","NNM","1713332","1961564","564135","3.04",,
"2021-10-29","SO","The Southern Company","NYSE","10256366","10550142","3309855","3.10",,
"2021-10-29","SPCX","The SPAC and New Issue ETF","ARCA","235571","234921","27958","8.43",,
"2021-10-29","SPG","Simon Property Group, Inc.","NYSE","12871092","13468735","1826989","7.04",,
"2021-10-29","SPGI","S&P Global Inc.","NYSE","18149674","17416064","1384716","13.11",,
"2021-10-29","SYK","Stryker Corporation","NYSE","3135928","3482999","1063989","2.95",,
"2021-10-29","T","AT&T Inc.","NYSE","98752748","110037152","45464835","2.17",,
"2021-10-29","TDG","TransDigm Group Incorporated","NYSE","2376365","2219319","204356","11.63",,
"2021-10-29","TFC","Truist Financial Corporation","NYSE","12791760","12394771","4399009","2.91",,
"2021-10-29","TGT","Target Corporation","NYSE","8527849","8920260","2509497","3.40",,
"2021-10-29","TJX","TJX Companies, Inc. (The)","NYSE","9067499","10255696","5330530","1.70",,
"2021-10-29","TMO","Thermo Fisher Scientific, Inc.","NYSE","2448387","2600550","1165607","2.10",,
"2021-10-29","TMUS","T-Mobile US, Inc. Common Stock","NNM","11699958","15393569","4762145","2.46",,
"2021-10-29","TRV","The Travelers Companies, Inc.","NYSE","3533289","3778757","1403540","2.52",,
"2021-10-29","TSLA","Tesla, Inc. Common Stock","NNM","28075921","30337020","32901460","1.00",,
"2021-10-29","TXN","Texas Instruments Incorporated","NNM","15031019","14677847","4539221","3.31",,
"2021-10-29","UBER","Uber Technologies, Inc.","NYSE","84282449","87078082","17937693","4.70",,
"2021-10-29","UNH","UNITEDHEALTH GROUP INCORPORATE","NYSE","6695686","5914058","2616358","2.56",,
"2021-10-29","UNP","Union Pacific Corp.","NYSE","8349526","8022926","2768482","3.02",,
"2021-10-29","UPS","United Parcel Service, Inc. Cl","NYSE","8853280","7866476","3229868","2.74",,
"2021-10-29","URI","United Rentals, Inc.","NYSE","2036225","1741134","630381","3.23",,
"2021-10-29","USB","U.S. Bancorp","NYSE","11320823","12074285","4558783","2.48",,
"2021-10-29","V","VISA Inc.","NYSE","27731279","26755955","9840234","2.82",,
"2021-10-29","VLO","Valero Energy Corporation","NYSE","12285964","11547294","3588960","3.42",,
"2021-10-29","VRT","Vertiv Holdings Co Class A Com","NYSE","14914245","12598250","2402441","6.21",,
"2021-10-29","VRTX","Vertex Pharmaceuticals Incorpo","NNM","4760899","4438131","1556353","3.06",,
"2021-10-29","VZ","Verizon Communications","NYSE","46608918","54936470","18377082","2.54",,
"2021-10-29","WDC","Western Digital Corporation Co","NNM","7294944","8098518","4330717","1.68",,
"2021-10-29","WELL","Welltower Inc.","NYSE","10075351","10985227","2047125","4.92",,
"2021-10-29","WFC","Wells Fargo & Co.","NYSE","49465414","41991680","23262549","2.13",,
"2021-10-29","WM","Waste Management, Inc.","NYSE","5084114","4302639","1951384","2.61",,
"2021-10-29","WMB","Williams Companies Inc.","NYSE","25491677","33299299","8020129","3.18",,
"2021-10-29","WMT","Walmart Inc.","NYSE","13923123","14259873","6394283","2.18",,
"2021-10-29","XOM","Exxon Mobil Corporation","NYSE","39956251","40001253","18823465","2.12",,
"2023-01-31","AAPL","Apple Inc. Common Stock","NNM","115480341","121868919","67231604","1.72",,
"2023-01-31","ABBV","ABBVIE INC.","NYSE","10299848","11961136","6075519","1.70",,
"2023-01-31","ABNB","Airbnb, Inc. Class A Common St","NNM","22347874","21120300","5331926","4.19",,
"2023-01-31","ABT","Abbott Laboratories","NYSE","11995979","14601430","5203393","2.31",,
"2023-01-31","ADBE","Adobe Inc. Common Stock","NNM","5022279","4581994","2551058","1.97",,
"2023-01-31","ADI","Analog Devices, Inc. Common St","NNM","4810624","5591317","2992489","1.61",,
"2023-01-31","ADP","Automatic Data Processing, Inc","NNM","5334852","5358888","2660791","2.00",,
"2023-01-31","AEP","American Electric Power Compan","NNM","5530361","7284460","2546292","2.17",,
"2023-01-31","AFL","Aflac Inc.","NYSE","9385597","9801689","3292918","2.85",,
"2023-01-31","AJG","Arthur J. Gallagher & Co.","NYSE","1586903","1388255","786355","2.02",,
"2023-01-31","ALL","The Allstate Corporation","NYSE","2782687","3091369","1944292","1.43",,
"2023-01-31","AMAT","Applied Materials, Inc. Common","NNM","10408126","10258140","6020456","1.73",,
"2023-01-31","AMD","Advanced Micro Devices, Inc. C","NNM","30319349","31116086","54449473","1.00",,
"2023-01-31","AMGN","Amgen Inc. Common Stock","NNM","7897101","8779502","2306608","3.42",,
"2023-01-31","AMT","American Tower Corporation","NYSE","2838908","3431399","1948190","1.46",,
"2023-01-31","AMZN","Amazon.com, Inc. Common Stock","NNM","70392814","68545607","74511410","1.00",,
"2023-01-31","ANET","Arista Networks","NYSE","2623351","3489467","2032514","1.29",,
"2023-01-31","AON","Aon plc Class A","NYSE","1672043","1220521","813986","2.05",,
"2023-01-31","APD","Air Products & Chemicals, Inc.","NYSE","2047729","2045477","985023","2.08",,
"2023-01-31","APH","Amphenol Corporation","NYSE","4366041","6463086","2662154","1.64",,
"2023-01-31","APO","Apollo Global Management, Inc.","NYSE","8582362","8472714","2194345","3.91",,
"2023-01-31","APP","Applovin Corporation Class A C","NNM","16091066","17748452","2301831","6.99",,
"2023-01-31","AVGO","Broadcom Inc. Common Stock","NNM","5216441","5733795","1917212","2.72",,
"2023-01-31","AXP","American Express Company","NYSE","6855905","5603219","5051443","1.36",,
"2023-01-31","BA","Boeing Company","NYSE","8573334","9375475","6630973","1.29",,
"2023-01-31","BAC","Bank of America Corporation","NYSE","50593013","45282127","37656245","1.34",,
"2023-01-31","BKNG","Booking Holdings Inc. Common S","NNM","608930","680991","296282","2.06",,
"2023-01-31","BLK","Blackrock, Inc.","NYSE","2512836","2734368","663209","3.79",,
"2023-01-31","BMY","Bristol-Myers Squibb Co.","NYSE","20722938","20964545","8076144","2.57",,
"2023-01-31","BNY","BlackRock New York Municipal I","NYSE","44497","18975","49751","1.00",,
"2023-01-31","BRKA","Berkshire Hathaway Inc.","NYSE","714","607","4278","1.00",,
"2023-01-31","BRKB","BERKSHIRE HATHAWAY Class B","NYSE","5349308","6109288","3174806","1.68",,
"2023-01-31","BSX","Boston Scientific Corp.","NYSE","13231534","15606365","6639071","1.99",,
"2023-01-31","BX","Blackstone Inc.","NYSE","20440098","19158882","4646930","4.40",,
"2023-01-31","C","Citigroup Inc.","NYSE","31318659","25967326","20105653","1.56",,
"2023-01-31","CAT","Caterpillar Inc.","NYSE","8403946","8484473","3975469","2.11",,
"2023-01-31","CCZ","Comcast Holdings Corp. 2.0% Ex","NYSE","80","2","144","1.00",,
"2023-01-31","CDNS","Cadence Design Systems, Inc. C","NNM","2599914","2648392","1426486","1.82",,
"2023-01-31","CEG","Constellation Energy Corporati","NNM","4858502","5165459","1966220","2.47",,
"2023-01-31","CI","CIGNA Corporation","NYSE","2099205","2494574","1329077","1.58",,
"2023-01-31","CL","Colgate-Palmolive Company","NYSE","9815391","6834144","6189267","1.59",,
"2023-01-31","CMCSA","Comcast Corporation Class A Co","NNM","53640089","65888507","21885307","2.45",,
"2023-01-31","CME","CME Group Inc. Class A Common","NNM","3607223","4486322","1954090","1.85",,
"2023-01-31","CMI","Cummins Inc.","NYSE","2753117","3302225","818558","3.36",,
"2023-01-31","COF","Capital One Financial","NYSE","6706917","6094477","4563775","1.47",,
"2023-01-31","COP","ConocoPhillips","NYSE","10960998","9968604","4890348","2.24",,
"2023-01-31","COST","Costco Wholesale Corporation C","NNM","2974309","3624958","1886450","1.58",,
"2023-01-31","CRM","Salesforce, Inc.","NYSE","10441571","11331893","9812629","1.06",,
"2023-01-31","CRWD","CrowdStrike Holdings, Inc. Cla","NNM","8733989","9030218","5360510","1.63",,
"2023-01-31","CSCO","Cisco Systems, Inc. Common Sto","NNM","41318699","41511306","16962846","2.44",,
"2023-01-31","CSX","CSX Corporation Common Stock","NNM","18893983","16662455","16035637","1.18",,
"2023-01-31","CTAS","Cintas Corporation Common Stoc","NNM","1046584","1088507","327305","3.20",,
"2023-01-31","CVNA","Carvana Co.","NYSE","53436017","55589591","34528706","1.55",,
"2023-01-31","CVS","CVS HEALTH CORPORATION","NYSE","20623555","25310324","11599222","1.78",,
"2023-01-31","CVX","Chevron Corporation","NYSE","14295343","15344113","10636332","1.34",,
"2023-01-31","D","Dominion Energy, Inc Common St","NYSE","5843078","6229167","4262232","1.37",,
"2023-01-31","DASH","DoorDash, Inc.","NYSE","20937821","22671018","3808848","5.50",,
"2023-01-31","DDOG","Datadog, Inc. Class A Common S","NNM","14805286","14164961","5051370","2.93",,
"2023-01-31","DE","Deere & Company","NYSE","2524789","2678212","1550476","1.63",,
"2023-01-31","DELL","Dell Technologies Inc.","NYSE","9367716","10017606","2580191","3.63",,
"2023-01-31","DHR","Danaher Corporation","NYSE","4262434","4077466","2956373","1.44",,
"2023-01-31","DIS","The Walt Disney Company","NYSE","15964387","21219479","10742755","1.49",,
"2023-01-31","DLR","Digital Realty Trust, Inc.","NYSE","9913198","10571261","1971149","5.03",,
"2023-01-31","DUK","Duke Energy Corporation","NYSE","6731336","8366721","2973219","2.26",,
"2023-01-31","ECL","Ecolab, Inc.","NYSE","1877825","2043656","1060324","1.77",,
"2023-01-31","ELV","Elevance Health, Inc.","NYSE","1676237","1688728","1152803","1.45",,
"2023-01-31","EMR","Emerson Electric Co.","NYSE","6169926","7617166","4640658","1.33",,
"2023-01-31","EOG","EOG Resources, Inc.","NYSE","6888351","6450673","2909114","2.37",,
"2023-01-31","EPD","Enterprise Products Partners L","NYSE","10144418","21431500","5916981","1.71",,
"2023-01-31","EQIX","Equinix, Inc. Common Stock REI","NNM","1475242","1597011","340109","4.34",,
"2023-01-31","FCX","Freeport-McMoran Inc.","NYSE","19510590","29596191","13219569","1.48",,
"2023-01-31","FDX","FedEx Corporation","NYSE","4099993","4575770","1546091","2.65",,
"2023-01-31","FTNT","Fortinet, Inc. Common Stock","NNM","13508484","15901638","5401638","2.50",,
"2023-01-31","GD","General Dynamics Corporation","NYSE","2426923","2230172","1488060","1.63",,
"2023-01-31","GE","General Electric Company","NYSE","12036071","15866109","8613763","1.40",,
"2023-01-31","GILD","Gilead Sciences, Inc. Common S","NNM","15171088","14927641","6779119","2.24",,
"2023-01-31","GLW","Corning Incorporated","NYSE","9689636","10193586","5404277","1.79",,
"2023-01-31","GM","General Motors Company","NYSE","21162192","20423506","19015137","1.11",,
"2023-01-31","GOOG","Alphabet Inc. Class C Capital","NNM","32362323","28863899","28629848","1.13",,
"2023-01-31","GOOGL","Alphabet Inc. Class A Common S","NNM","37983712","40391512","36181473","1.05",,
"2023-01-31","GS","Goldman Sachs Group Inc.","NYSE","3936370","4011095","4863374","1.00",,
"2023-01-31","GWW","W.W. Grainger, Inc.","NYSE","1348339","1268951","286595","4.70",,
"2023-01-31","HCA","HCA Healthcare, Inc.","NYSE","2821118","2920451","1780405","1.58",,
"2023-01-31","HD","Home Depot, Inc.","NYSE","11357536","11989710","3267098","3.48",,
"2023-01-31","HLT","Hilton Worldwide Holdings Inc.","NYSE","3597509","4421832","1371779","2.62",,
"2023-01-31","HON","Honeywell International Inc. C","NNM","5144031","5292380","3075292","1.67",,
"2023-01-31","HOOD","Robinhood Markets, Inc. Class","NNM","39425074","41853303","6766895","5.83",,
"2023-01-31","HPE","Hewlett Packard Enterprise Com","NYSE","27501321","26513302","12579648","2.19",,
"2023-01-31","HWM","Howmet Aerospace Inc.","NYSE","5776134","4722635","2081112","2.78",,
"2023-01-31","IBKR","Interactive Brokers Group, Inc","NNM","1981492","2452443","1462061","1.36",,
"2023-01-31","IBM","International Business Machine","NYSE","28623735","30114998","7031515","4.07",,
"2023-01-31","ICE","Intercontinental Exchange  Inc","NYSE","4862173","4648806","2225712","2.18",,
"2023-01-31","INTC","Intel Corporation Common Stock","NNM","77491796","63728506","50274128","1.54",,
"2023-01-31","INTU","Intuit Inc. Common Stock","NNM","2400578","2297767","1467082","1.64",,
"2023-01-31","ISRG","Intuitive Surgical, Inc. Commo","NNM","2524665","2724586","2229131","1.13",,
"2023-01-31","ITW","Illinois Tool Works Inc.","NYSE","6449202","6366256","1004527","6.42",,
"2023-01-31","JNJ","Johnson & Johnson","NYSE","9172098","8472304","9327637","1.00",,
"2023-01-31","JPM","JPMorgan Chase & Co.","NYSE","15359068","18771554","10125095","1.52",,
"2023-01-31","KKR","KKR & Co. Inc.","NYSE","12484253","12062079","3115317","4.01",,
"2023-01-31","KLAC","KLA Corporation Common Stock","NNM","1953039","3041178","1321885","1.48",,
"2023-01-31","KMI","Kinder Morgan, Inc.","NYSE","37584109","33412111","14985474","2.51",,
"2023-01-31","KO","Coca-Cola Company","NYSE","24872812","28040042","14279110","1.74",,
"2023-01-31","LIN","Linde plc Ordinary Share","NYSE","5041222","3708541","2045623","2.46",,
"2023-01-31","LLY","Eli Lilly & Co.","NYSE","4931706","4928623","2811903","1.75",,
"2023-01-31","LMT","Lockheed Martin Corp.","NYSE","2464508","3047205","1881481","1.31",,
"2023-01-31","LOW","Lowe's Companies Inc.","NYSE","10581587","11060055","3154649","3.35",,
"2023-01-31","LRCX","Lam Research Corporation Commo","NNM","2703068","2540089","1475087","1.83",,
"2023-01-31","MA","Mastercard Incorporated","NYSE","6264252","6531742","3135351","2.00",,
"2023-01-31","MAR","Marriott International Class A","NNM","4125234","4541732","1989618","2.07",,
"2023-01-31","MCD","McDonald's Corporation","NYSE","5287082","6076061","3015045","1.75",,
"2023-01-31","MCK","McKesson Corporation","NYSE","2702721","3515488","929815","2.91",,
"2023-01-31","MCO","Moody's Corporation","NYSE","2754153","3368156","1297380","2.12",,
"2023-01-31","MDLZ","Mondelez International, Inc. C","NNM","10615788","9706302","6156062","1.72",,
"2023-01-31","MDT","Medtronic plc","NYSE","11529569","11847228","6605640","1.75",,
"2023-01-31","META","Meta Platforms, Inc. Class A C","NNM","26814874","28913849","26734327","1.00",,
"2023-01-31","MMM","3M Company","NYSE","13329628","13227156","5138063","2.59",,
"2023-01-31","MNST","Monster Beverage Corporation","NNM","3400101","3383615","2108379","1.61",,
"2023-01-31","MO","Altria Group, Inc.","NYSE","14232856","16577767","8251697","1.72",,
"2023-01-31","MPC","MARATHON PETROLEUM CORPORATION","NYSE","12795864","12393061","3745273","3.42",,
"2023-01-31","MPWR","Monolithic Power Systems, Inc.","NNM","2815585","2793791","471221","5.98",,
"2023-01-31","MRK","Merck & Co., Inc.","NYSE","17148771","16218086","8135828","2.11",,
"2023-01-31","MRVL","Marvell Technology, Inc. Commo","NNM","19162419","17096066","10603829","1.81",,
"2023-01-31","MS","Morgan Stanley","NYSE","18617536","16661612","10258825","1.81",,
"2023-01-31","MSFT","Microsoft Corporation Common S","NNM","35766440","36317298","34037538","1.05",,
"2023-01-31","MSI","Motorola Solutions, Inc. New","NYSE","1318326","1219479","590237","2.23",,
"2023-01-31","MU","Micron Technology, Inc. Common","NNM","24979270","29617339","14163771","1.76",,
"2023-01-31","NEE","Nextra Energy, Inc.","NYSE","21315612","18239894","12230293","1.74",,
"2023-01-31","NEM","Newmont Corporation","NYSE","9976028","13053855","6018838","1.66",,
"2023-01-31","NET","Cloudflare, Inc. Class A commo","NYSE","22586107","21743309","5050117","4.47",,
"2023-01-31","NFLX","Netflix, Inc. Common Stock","NNM","8762362","9053111","11259612","1.00",,
"2023-01-31","NKE","Nike, Inc.","NYSE","12038861","14264917","6063613","1.99",,
"2023-01-31","NOC","Northrop Grumman Corp.","NYSE","1374022","1699823","1709109","1.00",,
"2023-01-31","NOW","SERVICENOW, INC.","NYSE","3439278","2900335","2454939","1.40",,
"2023-01-31","NSC","Norfolk Southern Corp.","NYSE","2287315","2578018","1714135","1.33",,
"2023-01-31","NVDA","NVIDIA Corporation Common Stoc","NNM","39684462","38138329","50739245","1.00",,
"2023-01-31","ORCL","Oracle Corp","NYSE","15102355","14141449","6349066","2.38",,
"2023-01-31","ORLY","O'Reilly Automotive, Inc. Comm","NNM","798025","880784","433245","1.84",,
"2023-01-31","PANW","Palo Alto Networks, Inc. Commo","NNM","19230824","19851569","4653410","4.13",,
"2023-01-31","PCAR","PACCAR Inc. Common Stock","NNM","4417803","5858087","3078236","1.44",,
"2023-01-31","PEP","PepsiCo, Inc. Common Stock","NNM","9725837","9412867","4884814","1.99",,
"2023-01-31","PFE","Pfizer Inc.","NYSE","39168761","37172998","28227933","1.39",,
"2023-01-31","PG","Procter & Gamble Company","NYSE","13980346","11974958","8233681","1.70",,
"2023-01-31","PGR","Progressive Corporation","NYSE","2762366","2681214","2526279","1.09",,
"2023-01-31","PH","Parker-Hannifin Corporation","NYSE","1279656","1255007","783082","1.63",,
"2023-01-31","PLD","PROLOGIS, INC.","NYSE","10305159","10386797","3075873","3.35",,
"2023-01-31","PLTR","Palantir Technologies Inc. Cla","NYSE","115710499","121345469","31253680","3.70",,
"2023-01-31","PM","Philip Morris International In","NYSE","7472549","7459282","5082385","1.47",,
"2023-01-31","PNC","PNC Financial Services Group","NYSE","5223707","5116743","3108704","1.68",,
"2023-01-31","PSX","PHILLIPS 66","NYSE","9575177","9775020","3249300","2.95",,
"2023-01-31","PWR","Quanta Services, Inc.","NYSE","4309523","4369523","875719","4.92",,
"2023-01-31","QCOM","QUALCOMM Incorporated Common S","NNM","10118979","13159604","8524240","1.19",,
"2023-01-31","RCL","Royal Caribbean Group","NYSE","20056849","19643365","3227973","6.21",,
"2023-01-31","REGN","Regeneron Pharmaceuticals, Inc","NNM","1457969","1406911","557050","2.62",,
"2023-01-31","ROST","Ross Stores, Inc. Common Stock","NNM","4359828","4556084","1865495","2.34",,
"2023-01-31","RSG","Republic Services Inc.","NYSE","2472363","2793048","1249596","1.98",,
"2023-01-31","RTX","Raytheon Technologies Corporat","NYSE","7280628","8667619","5315991","1.37",,
"2023-01-31","SBUX","Starbucks Corporation Common S","NNM","10984352","14761812","6161524","1.78",,
"2023-01-31","SCCO","Southern Copper Corporation","NYSE","6063137","6212767","1592029","3.81",,
"2023-01-31","SCHW","The Charles Schwab Corporation","NYSE","12030191","18012253","12690290","1.00",,
"2023-01-31","SHW","The Sherwin-Williams Company","NYSE","2308463","1977663","2257537","1.02",,
"2023-01-31","SNOW","Snowflake Inc.","NYSE","15011207","11745402","5461513","2.75",,
"2023-01-31","SNPS","Synopsys, Inc. Common Stock","NNM","1339005","1754831","614499","2.18",,
"2023-01-31","SO","The Southern Company","NYSE","10441354","10940069","3711744","2.81",,
"2023-01-31","SPCX","The SPAC and New Issue ETF","NNM","36853","40106","5325","6.92",,
"2023-01-31","SPG","Simon Property Group, Inc.","NYSE","6247134","6316865","1619929","3.86",,
"2023-01-31","SPGI","S&P Global Inc.","NYSE","3359671","4017151","1480478","2.27",,
"2023-01-31","SYK","Stryker Corporation","NYSE","5301069","5616865","1289811","4.11",,
"2023-01-31","T","AT&T Inc.","NYSE","88224692","87107767","41135485","2.14",,
"2023-01-31","TDG","TransDigm Group Incorporated","NYSE","1257672","1305089","340035","3.70",,
"2023-01-31","TFC","Truist Financial Corporation","NYSE","13738784","13849983","6814775","2.02",,
"2023-01-31","TGT","Target Corporation","NYSE","10431441","10701794","2904574","3.59",,
"2023-01-31","TJX","TJX Companies, Inc. (The)","NYSE","6105600","8190368","5749303","1.06",,
"2023-01-31","TMO","Thermo Fisher Scientific, Inc.","NYSE","2361661","3047691","1714276","1.38",,
"2023-01-31","TMUS","T-Mobile US, Inc. Common Stock","NNM","15857581","17293013","4811883","3.30",,
"2023-01-31","TRV","The Travelers Companies, Inc.","NYSE","3143890","3520202","1890244","1.66",,
"2023-01-31","TSLA","Tesla, Inc. Common Stock","NNM","90314882","90585375","201225234","1.00",,
"2023-01-31","TXN","Texas Instruments Incorporated","NNM","17430618","19518536","6184355","2.82",,
"2023-01-31","UBER","Uber Technologies, Inc.","NYSE","35727868","29996328","19356032","1.85",,
"2023-01-31","UNH","UNITEDHEALTH GROUP INCORPORATE","NYSE","5103784","5160431","3801590","1.34",,
"2023-01-31","UNP","Union Pacific Corp.","NYSE","4999346","5207348","3482757","1.44",,
"2023-01-31","UPS","United Parcel Service, Inc. Cl","NYSE","10412720","11722228","2967420","3.51",,
"2023-01-31","URI","United Rentals, Inc.","NYSE","3624753","3911981","872180","4.16",,
"2023-01-31","USB","U.S. Bancorp","NYSE","10447448","12512270","8824472","1.18",,
"2023-01-31","V","VISA Inc.","NYSE","32052279","32507908","6693355","4.79",,
"2023-01-31","VLO","Valero Energy Corporation","NYSE","9424325","11012195","3641087","2.59",,
"2023-01-31","VRT","Vertiv Holdings Co Class A Com","NYSE","14037527","13544312","2663271","5.27",,
"2023-01-31","VRTX","Vertex Pharmaceuticals Incorpo","NNM","3146273","2634064","1581808","1.99",,
"2023-01-31","VZ","Verizon Communications","NYSE","41119462","43747863","24594910","1.67",,
"2023-01-31","WBD","Warner Bros. Discovery, Inc. S","NNM","77864192","94481200","22681917","3.43",,
"2023-01-31","WDC","Western Digital Corporation Co","NNM","8216583","7571034","5465434","1.50",,
"2023-01-31","WELL","Welltower Inc.","NYSE","10203801","10247203","1983111","5.15",,
"2023-01-31","WFC","Wells Fargo & Co.","NYSE","21292554","23991396","19580285","1.09",,
"2023-01-31","WM","Waste Management, Inc.","NYSE","3976486","4027525","1524588","2.61",,
"2023-01-31","WMB","Williams Companies Inc.","NYSE","17802939","16979303","7515097","2.37",,
"2023-01-31","WMT","Walmart Inc.","NYSE","10451513","11792059","5703807","1.83",,
"2023-01-31","XOM","Exxon Mobil Corporation","NYSE","34197492","37509759","17018226","2.01",,
"2022-12-30","AAPL","Apple Inc. Common Stock","NNM","124024570","121757434","85155771","1.46",,
"2022-12-30","ABBV","ABBVIE INC.","NYSE","12927640","13583074","4956564","2.61",,
"2022-12-30","ABNB","Airbnb, Inc. Class A Common St","NNM","21082626","21391266","4927812","4.28",,
"2022-12-30","ABT","Abbott Laboratories","NYSE","16676855","18087014","3787088","4.40",,
"2022-12-30","ADBE","Adobe Inc. Common Stock","NNM","4202652","4387328","3282438","1.28",,
"2022-12-30","ADI","Analog Devices, Inc. Common St","NNM","6249099","6944179","2575167","2.43",,
"2022-12-30","ADP","Automatic Data Processing, Inc","NNM","5361161","6259567","1593645","3.36",,
"2022-12-30","AEP","American Electric Power Compan","NNM","8215658","8309286","2395820","3.43",,
"2022-12-30","AFL","Aflac Inc.","NYSE","9992292","10454532","2607429","3.83",,
"2022-12-30","AJG","Arthur J. Gallagher & Co.","NYSE","1168699","1290837","601349","1.94",,
"2022-12-30","ALL","The Allstate Corporation","NYSE","3298630","3284589","1317569","2.50",,
"2022-12-30","AMAT","Applied Materials, Inc. Common","NNM","11515375","14681281","6352235","1.81",,
"2022-12-30","AMD","Advanced Micro Devices, Inc. C","NNM","32342921","33179654","47894465","1.00",,
"2022-12-30","AMGN","Amgen Inc. Common Stock","NNM","8920457","9458532","2440973","3.65",,
"2022-12-30","AMT","American Tower Corporation","NYSE","3695180","3567787","1693877","2.18",,
"2022-12-30","AMZN","Amazon.com, Inc. Common Stock","NNM","76832110","74583417","74849455","1.03",,
"2022-12-30","ANET","Arista Networks","NYSE","3364584","3335041","1457237","2.31",,
"2022-12-30","AON","Aon plc Class A","NYSE","1254016","1434760","673571","1.86",,
"2022-12-30","APD","Air Products & Chemicals, Inc.","NYSE","2335955","3009682","937585","2.49",,
"2022-12-30","APH","Amphenol Corporation","NYSE","5834958","5431603","1938703","3.01",,
"2022-12-30","APO","Apollo Global Management, Inc.","NYSE","8579817","9082608","1614766","5.31",,
"2022-12-30","APP","Applovin Corporation Class A C","NNM","20074552","19368388","3001804","6.69",,
"2022-12-30","AVGO","Broadcom Inc. Common Stock","NNM","5482562","5581417","2340239","2.34",,
"2022-12-30","AXP","American Express Company","NYSE","5620678","6260643","2270035","2.48",,
"2022-12-30","BA","Boeing Company","NYSE","8330242","8632932","5872395","1.42",,
"2022-12-30","BAC","Bank of America Corporation","NYSE","56750783","51950965","32365627","1.75",,
"2022-12-30","BKNG","Booking Holdings Inc. Common S","NNM","741228","644493","283681","2.61",,
"2022-12-30","BLK","Blackrock, Inc.","NYSE","3090143","3001677","612393","5.05",,
"2022-12-30","BMY","Bristol-Myers Squibb Co.","NYSE","18246973","24882432","9001681","2.03",,
"2022-12-30","BNY","BlackRock New York Municipal I","NYSE","10800","11122","138062","1.00",,
"2022-12-30","BRKA","Berkshire Hathaway Inc.","NYSE","734","658","3250","1.00",,
"2022-12-30","BRKB","BERKSHIRE HATHAWAY Class B","NYSE","6084351","5385833","3603769","1.69",,
"2022-12-30","BSX","Boston Scientific Corp.","NYSE","14105469","14347497","5018107","2.81",,
"2022-12-30","BX","Blackstone Inc.","NYSE","18121785","19943174","4869120","3.72",,
"2022-12-30","C","Citigroup Inc.","NYSE","28619411","30073461","17508624","1.63",,
"2022-12-30","CAT","Caterpillar Inc.","NYSE","8042484","8715945","3094188","2.60",,
"2022-12-30","CCZ","Comcast Holdings Corp. 2.0% Ex","NYSE","4","34","1104","1.00",,
"2022-12-30","CDNS","Cadence Design Systems, Inc. C","NNM","2628882","3299346","1109669","2.37",,
"2022-12-30","CEG","Constellation Energy Corporati","NNM","4353164","5263582","1353481","3.22",,
"2022-12-30","CI","CIGNA Corporation","NYSE","3134760","3252388","1040442","3.01",,
"2022-12-30","CL","Colgate-Palmolive Company","NYSE","6496203","6051879","3195164","2.03",,
"2022-12-30","CMCSA","Comcast Corporation Class A Co","NNM","65627074","74366418","24753253","2.65",,
"2022-12-30","CME","CME Group Inc. Class A Common","NNM","4100590","3180084","1677302","2.44",,
"2022-12-30","CMI","Cummins Inc.","NYSE","3530200","3538376","853338","4.14",,
"2022-12-30","COF","Capital One Financial","NYSE","6307996","6009705","3501173","1.80",,
"2022-12-30","COP","ConocoPhillips","NYSE","9562617","9384265","5853130","1.63",,
"2022-12-30","COST","Costco Wholesale Corporation C","NNM","4435485","4211294","1909756","2.32",,
"2022-12-30","CRM","Salesforce, Inc.","NYSE","10246470","9772792","8627881","1.19",,
"2022-12-30","CRWD","CrowdStrike Holdings, Inc. Cla","NNM","7889549","8045648","3989391","1.98",,
"2022-12-30","CSCO","Cisco Systems, Inc. Common Sto","NNM","31792766","39601750","19333463","1.64",,
"2022-12-30","CSX","CSX Corporation Common Stock","NNM","16518451","21717333","11936713","1.38",,
"2022-12-30","CTAS","Cintas Corporation Common Stoc","NNM","1294050","1441746","389836","3.32",,
"2022-12-30","CVNA","Carvana Co.","NYSE","54099233","50131350","13657923","3.96",,
"2022-12-30","CVS","CVS HEALTH CORPORATION","NYSE","13444250","14077120","5520699","2.44",,
"2022-12-30","CVX","Chevron Corporation","NYSE","16143340","18539322","7333157","2.20",,
"2022-12-30","D","Dominion Energy, Inc Common St","NYSE","6394771","7494065","5223000","1.22",,
"2022-12-30","DASH","DoorDash, Inc.","NYSE","22684004","22176529","3651741","6.21",,
"2022-12-30","DDOG","Datadog, Inc. Class A Common S","NNM","14968156","13645265","2825261","5.30",,
"2022-12-30","DE","Deere & Company","NYSE","2690188","3110033","1172150","2.30",,
"2022-12-30","DELL","Dell Technologies Inc.","NYSE","11034479","11074624","2262530","4.88",,
"2022-12-30","DHR","Danaher Corporation","NYSE","4187313","3310675","1992917","2.10",,
"2022-12-30","DIS","The Walt Disney Company","NYSE","20429917","23378825","15842837","1.29",,
"2022-12-30","DLR","Digital Realty Trust, Inc.","NYSE","9849829","9716689","1936381","5.09",,
"2022-12-30","DUK","Duke Energy Corporation","NYSE","8621328","7927501","2991865","2.88",,
"2022-12-30","ECL","Ecolab, Inc.","NYSE","2236847","1896678","1106323","2.02",,
"2022-12-30","ELV","Elevance Health, Inc.","NYSE","1855062","2315398","843494","2.20",,
"2022-12-30","EMR","Emerson Electric Co.","NYSE","8256946","6250454","3277107","2.52",,
"2022-12-30","EOG","EOG Resources, Inc.","NYSE","7924834","5646841","3435876","2.31",,
"2022-12-30","EPD","Enterprise Products Partners L","NYSE","19598512","20265928","5385431","3.64",,
"2022-12-30","EQIX","Equinix, Inc. Common Stock REI","NNM","1441724","1883652","417344","3.45",,
"2022-12-30","FCX","Freeport-McMoran Inc.","NYSE","22483245","27748314","10327154","2.18",,
"2022-12-30","FDX","FedEx Corporation","NYSE","5232539","4354260","3424604","1.53",,
"2022-12-30","FTNT","Fortinet, Inc. Common Stock","NNM","14530321","13071746","4904921","2.96",,
"2022-12-30","GD","General Dynamics Corporation","NYSE","2112998","2219877","816125","2.59",,
"2022-12-30","GE","General Electric Company","NYSE","11764657","13506766","5489409","2.14",,
"2022-12-30","GILD","Gilead Sciences, Inc. Common S","NNM","16215854","14760481","7293622","2.22",,
"2022-12-30","GLW","Corning Incorporated","NYSE","9541799","9560352","3557772","2.68",,
"2022-12-30","GM","General Motors Company","NYSE","21335044","20713808","13449920","1.59",,
"2022-12-30","GOOG","Alphabet Inc. Class C Capital","NNM","31817694","32986658","22655203","1.40",,
"2022-12-30","GOOGL","Alphabet Inc. Class A Common S","NNM","43102099","48673804","27282564","1.58",,
"2022-12-30","GS","Goldman Sachs Group Inc.","NYSE","4498543","4820872","1725048","2.61",,
"2022-12-30","GWW","W.W. Grainger, Inc.","NYSE","1269002","1243513","263670","4.81",,
"2022-12-30","HCA","HCA Healthcare, Inc.","NYSE","2754636","3683352","892568","3.09",,
"2022-12-30","HD","Home Depot, Inc.","NYSE","13220459","12390541","3030751","4.36",,
"2022-12-30","HLT","Hilton Worldwide Holdings Inc.","NYSE","4211412","4169275","1669810","2.52",,
"2022-12-30","HON","Honeywell International Inc. C","NNM","5841213","6643576","2466881","2.37",,
"2022-12-30","HOOD","Robinhood Markets, Inc. Class","NNM","39678399","40938322","7282613","5.45",,
"2022-12-30","HPE","Hewlett Packard Enterprise Com","NYSE","24997138","30157902","12061100","2.07",,
"2022-12-30","HWM","Howmet Aerospace Inc.","NYSE","5394696","5014526","2479708","2.18",,
"2022-12-30","IBKR","Interactive Brokers Group, Inc","NNM","2789425","2219821","788860","3.54",,
"2022-12-30","IBM","International Business Machine","NYSE","29619656","30724687","3997542","7.41",,
"2022-12-30","ICE","Intercontinental Exchange  Inc","NYSE","3972997","3956508","2178674","1.82",,
"2022-12-30","INTC","Intel Corporation Common Stock","NNM","72785355","73237351","36550603","1.99",,
"2022-12-30","INTU","Intuit Inc. Common Stock","NNM","2296808","2800450","1321681","1.74",,
"2022-12-30","ISRG","Intuitive Surgical, Inc. Commo","NNM","2855625","4495790","1739690","1.64",,
"2022-12-30","ITW","Illinois Tool Works Inc.","NYSE","6167498","5697260","873502","7.06",,
"2022-12-30","JNJ","Johnson & Johnson","NYSE","9980205","12288753","5837562","1.71",,
"2022-12-30","JPM","JPMorgan Chase & Co.","NYSE","17049941","19660765","9061201","1.88",,
"2022-12-30","KKR","KKR & Co. Inc.","NYSE","14217773","12979426","2616590","5.43",,
"2022-12-30","KLAC","KLA Corporation Common Stock","NNM","3946238","4644720","1142244","3.45",,
"2022-12-30","KMI","Kinder Morgan, Inc.","NYSE","33535291","33685044","11084274","3.03",,
"2022-12-30","KO","Coca-Cola Company","NYSE","31468943","32954144","11068001","2.84",,
"2022-12-30","LIN","Linde plc Ordinary Share","NYSE","3300853","3293734","1368984","2.41",,
"2022-12-30","LLY","Eli Lilly & Co.","NYSE","5623685","5615784","2158068","2.61",,
"2022-12-30","LMT","Lockheed Martin Corp.","NYSE","2911899","3356147","1097971","2.65",,
"2022-12-30","LOW","Lowe's Companies Inc.","NYSE","10623909","13736424","2750985","3.86",,
"2022-12-30","LRCX","Lam Research Corporation Commo","NNM","2314438","2566720","1272469","1.82",,
"2022-12-30","MA","Mastercard Incorporated","NYSE","4667646","4734494","2314775","2.02",,
"2022-12-30","MAR","Marriott International Class A","NNM","5015827","5324382","1932369","2.60",,
"2022-12-30","MCD","McDonald's Corporation","NYSE","6403299","6562185","2209820","2.90",,
"2022-12-30","MCK","McKesson Corporation","NYSE","3862876","2750029","1023653","3.77",,
"2022-12-30","MCO","Moody's Corporation","NYSE","3541084","3560864","511328","6.93",,
"2022-12-30","MDLZ","Mondelez International, Inc. C","NNM","11850198","10324685","5828319","2.03",,
"2022-12-30","MDT","Medtronic plc","NYSE","11773083","11011713","7391735","1.59",,
"2022-12-30","META","Meta Platforms, Inc. Class A C","NNM","29293191","33746688","26995786","1.09",,
"2022-12-30","MMM","3M Company","NYSE","13605545","13355570","2824922","4.82",,
"2022-12-30","MNST","Monster Beverage Corporation","NNM","3904078","4226889","1763266","2.21",,
"2022-12-30","MO","Altria Group, Inc.","NYSE","16678660","16839252","7641268","2.18",,
"2022-12-30","MPC","MARATHON PETROLEUM CORPORATION","NYSE","12608345","14631333","3943078","3.20",,
"2022-12-30","MPWR","Monolithic Power Systems, Inc.","NNM","3050362","3180917","615318","4.96",,
"2022-12-30","MRK","Merck & Co., Inc.","NYSE","17210478","20510464","8419993","2.04",,
"2022-12-30","MRVL","Marvell Technology, Inc. Commo","NNM","15384064","16860029","10369566","1.48",,
"2022-12-30","MS","Morgan Stanley","NYSE","17801064","18396378","6066966","2.93",,
"2022-12-30","MSFT","Microsoft Corporation Common S","NNM","38191521","41572793","29872262","1.28",,
"2022-12-30","MSI","Motorola Solutions, Inc. New","NYSE","1271734","1347430","477377","2.66",,
"2022-12-30","MU","Micron Technology, Inc. Common","NNM","25040971","31313761","18765098","1.33",,
"2022-12-30","NEE","Nextra Energy, Inc.","NYSE","18300385","19118779","5645301","3.24",,
"2022-12-30","NEM","Newmont Corporation","NYSE","11385322","11690973","5836315","1.95",,
"2022-12-30","NET","Cloudflare, Inc. Class A commo","NYSE","19968393","18196591","3924187","5.09",,
"2022-12-30","NFLX","Netflix, Inc. Common Stock","NNM","9267093","11516162","7419825","1.25",,
"2022-12-30","NKE","Nike, Inc.","NYSE","13852307","15049003","11942639","1.16",,
"2022-12-30","NOC","Northrop Grumman Corp.","NYSE","1944511","1775674","650873","2.99",,
"2022-12-30","NOW","SERVICENOW, INC.","NYSE","3425185","3530477","1054837","3.25",,
"2022-12-30","NSC","Norfolk Southern Corp.","NYSE","2408118","2530908","956890","2.52",,
"2022-12-30","NVDA","NVIDIA Corporation Common Stoc","NNM","38301494","33799709","39559348","1.00",,
"2022-12-30","ORCL","Oracle Corp","NYSE","13367712","16151697","6890223","1.94",,
"2022-12-30","ORLY","O'Reilly Automotive, Inc. Comm","NNM","946169","976055","419072","2.26",,
"2022-12-30","PANW","Palo Alto Networks, Inc. Commo","NNM","20224538","20000431","3611152","5.60",,
"2022-12-30","PCAR","PACCAR Inc. Common Stock","NNM","5407832","4552119","1949033","2.77",,
"2022-12-30","PEP","PepsiCo, Inc. Common Stock","NNM","9733842","11517141","4547838","2.14",,
"2022-12-30","PFE","Pfizer Inc.","NYSE","42525483","58020158","17507604","2.43",,
"2022-12-30","PG","Procter & Gamble Company","NYSE","14317829","14916708","6258089","2.29",,
"2022-12-30","PGR","Progressive Corporation","NYSE","2273886","2714472","2093916","1.09",,
"2022-12-30","PH","Parker-Hannifin Corporation","NYSE","1327164","1506205","550943","2.41",,
"2022-12-30","PLD","PROLOGIS, INC.","NYSE","9319825","10513978","3604200","2.59",,
"2022-12-30","PLTR","Palantir Technologies Inc. Cla","NYSE","124061325","122900553","32247152","3.85",,
"2022-12-30","PM","Philip Morris International In","NYSE","7063755","8926043","4444506","1.59",,
"2022-12-30","PNC","PNC Financial Services Group","NYSE","5023593","5442611","1904360","2.64",,
"2022-12-30","PSX","PHILLIPS 66","NYSE","10098922","10515240","2740645","3.68",,
"2022-12-30","PWR","Quanta Services, Inc.","NYSE","4255779","4479509","867311","4.91",,
"2022-12-30","QCOM","QUALCOMM Incorporated Common S","NNM","12755228","13353786","7375075","1.73",,
"2022-12-30","RCL","Royal Caribbean Group","NYSE","20933667","21181696","3279650","6.38",,
"2022-12-30","REGN","Regeneron Pharmaceuticals, Inc","NNM","1501308","1439926","589637","2.55",,
"2022-12-30","ROST","Ross Stores, Inc. Common Stock","NNM","4715141","5777857","2176056","2.17",,
"2022-12-30","RSG","Republic Services Inc.","NYSE","1764476","1491137","1107068","1.59",,
"2022-12-30","RTX","Raytheon Technologies Corporat","NYSE","9215723","10191617","3608933","2.55",,
"2022-12-30","SBUX","Starbucks Corporation Common S","NNM","14261734","17808279","5415651","2.63",,
"2022-12-30","SCCO","Southern Copper Corporation","NYSE","5750338","6037320","807711","7.12",,
"2022-12-30","SCHW","The Charles Schwab Corporation","NYSE","16883255","17205027","6261724","2.70",,
"2022-12-30","SHW","The Sherwin-Williams Company","NYSE","1922823","2062886","985723","1.95",,
"2022-12-30","SNOW","Snowflake Inc.","NYSE","11362476","13092876","3667567","3.10",,
"2022-12-30","SNPS","Synopsys, Inc. Common Stock","NNM","1961018","2021657","792225","2.48",,
"2022-12-30","SO","The Southern Company","NYSE","11518283","10435608","5227054","2.20",,
"2022-12-30","SPCX","The SPAC and New Issue ETF","NNM","42805","28631","5818","7.36",,
"2022-12-30","SPG","Simon Property Group, Inc.","NYSE","6339971","7223660","1398789","4.53",,
"2022-12-30","SPGI","S&P Global Inc.","NYSE","4022334","5167359","1437404","2.80",,
"2022-12-30","SYK","Stryker Corporation","NYSE","6133814","4980000","1180973","5.19",,
"2022-12-30","T","AT&T Inc.","NYSE","81261636","86114404","38663225","2.10",,
"2022-12-30","TDG","TransDigm Group Incorporated","NYSE","1326875","1405773","238427","5.57",,
"2022-12-30","TFC","Truist Financial Corporation","NYSE","13152944","13788204","7161879","1.84",,
"2022-12-30","TGT","Target Corporation","NYSE","10264267","11628062","3650839","2.81",,
"2022-12-30","TJX","TJX Companies, Inc. (The)","NYSE","7335872","9437278","4268245","1.72",,
"2022-12-30","TMO","Thermo Fisher Scientific, Inc.","NYSE","2820583","3040640","1090329","2.59",,
"2022-12-30","TMUS","T-Mobile US, Inc. Common Stock","NNM","17577188","17952815","4601280","3.82",,
"2022-12-30","TRV","The Travelers Companies, Inc.","NYSE","3738941","3701895","1074886","3.48",,
"2022-12-30","TSLA","Tesla, Inc. Common Stock","NNM","80186849","73037086","176801440","1.00",,
"2022-12-30","TXN","Texas Instruments Incorporated","NNM","20483381","21046430","4580566","4.47",,
"2022-12-30","UBER","Uber Technologies, Inc.","NYSE","37609493","33989038","21187418","1.78",,
"2022-12-30","UNH","UNITEDHEALTH GROUP INCORPORATE","NYSE","6326720","5979077","2285098","2.77",,
"2022-12-30","UNP","Union Pacific Corp.","NYSE","5732624","5650978","2423648","2.37",,
"2022-12-30","UPS","United Parcel Service, Inc. Cl","NYSE","11535864","11567568","2814171","4.10",,
"2022-12-30","URI","United Rentals, Inc.","NYSE","3787663","3490431","569051","6.66",,
"2022-12-30","USB","U.S. Bancorp","NYSE","10665478","10395226","9970219","1.07",,
"2022-12-30","V","VISA Inc.","NYSE","30592052","32552930","4929474","6.21",,
"2022-12-30","VLO","Valero Energy Corporation","NYSE","10854572","11858159","3455239","3.14",,
"2022-12-30","VRT","Vertiv Holdings Co Class A Com","NYSE","12057386","12501501","2252884","5.35",,
"2022-12-30","VRTX","Vertex Pharmaceuticals Incorpo","NNM","2501946","3090053","1278635","1.96",,
"2022-12-30","VZ","Verizon Communications","NYSE","35239041","32024390","28979440","1.22",,
"2022-12-30","WBD","Warner Bros. Discovery, Inc. S","NNM","112942951","105183182","41233371","2.74",,
"2022-12-30","WDC","Western Digital Corporation Co","NNM","8083996","7398640","4573545","1.77",,
"2022-12-30","WELL","Welltower Inc.","NYSE","11240550","12431428","2376487","4.73",,
"2022-12-30","WFC","Wells Fargo & Co.","NYSE","26472214","26709246","16423227","1.61",,
"2022-12-30","WM","Waste Management, Inc.","NYSE","3753078","3851398","1455756","2.58",,
"2022-12-30","WMB","Williams Companies Inc.","NYSE","20000512","19663132","5710045","3.50",,
"2022-12-30","WMT","Walmart Inc.","NYSE","12259035","12820702","5158333","2.38",,
"2022-12-30","XOM","Exxon Mobil Corporation","NYSE","32725101","40903032","16620586","1.97",,
"2021-07-15","AAPL","Apple Inc. Common Stock","NNM","96355309","90213531","96035157","1.00",,
"2021-07-15","ABBV","ABBVIE INC.","NYSE","14655916","13769117","5944297","2.47",,
"2021-07-15","ABNB","Airbnb, Inc. Class A Common St","NNM","9927692","11682213","6136529","1.62",,
"2021-07-15","ABT","Abbott Laboratories","NYSE","11617644","13550142","4510320","2.58",,
"2021-07-15","ADBE","Adobe Inc. Common Stock","NNM","4920112","4535876","1707916","2.88",,
"2021-07-15","ADI","Analog Devices, Inc. Common St","NNM","41654419","41613103","2608726","15.97",,
"2021-07-15","ADP","Automatic Data Processing, Inc","NNM","4367343","4759228","1264554","3.45",,
"2021-07-15","AEP","American Electric Power Compan","NNM","7503030","8826838","2183746","3.44",,
"2021-07-15","AFL","Aflac Inc.","NYSE","13563596","13818518","3583227","3.79",,
"2021-07-15","AJG","Arthur J. Gallagher & Co.","NYSE","2561902","3043756","814034","3.15",,
"2021-07-15","ALL","The Allstate Corporation","NYSE","4507127","4988373","1540582","2.93",,
"2021-07-15","AMAT","Applied Materials, Inc. Common","NNM","12874665","12293943","6323975","2.04",,
"2021-07-15","AMD","Advanced Micro Devices, Inc. C","NNM","86903996","88560782","41224004","2.11",,
"2021-07-15","AMGN","Amgen Inc. Common Stock","NNM","10336596","9342582","2075364","4.98",,
"2021-07-15","AMT","American Tower Corporation","NYSE","4288703","4274421","1338369","3.20",,
"2021-07-15","AMZN","Amazon.com, Inc. Common Stock","NNM","3927349","4518381","3895324","1.01",,
"2021-07-15","ANET","Arista Networks","NYSE","1573931","1645207","402318","3.91",,
"2021-07-15","AON","Aon plc Class A","NYSE","25838225","25831309","1250928","20.66",,
"2021-07-15","APD","Air Products & Chemicals, Inc.","NYSE","1917009","2130510","733002","2.62",,
"2021-07-15","APH","Amphenol Corporation","NYSE","3679524","3586402","2596782","1.42",,
"2021-07-15","APO","Apollo Global Management, Inc.","NYSE","22595493","21407810","2976067","7.59",,
"2021-07-15","APP","Applovin Corporation Class A C","NNM","5279705","5185461","806797","6.54",,
"2021-07-15","AVGO","Broadcom Inc. Common Stock","NNM","4440781","4390663","1779987","2.49",,
"2021-07-15","AXP","American Express Company","NYSE","8151968","6461680","3360630","2.43",,
"2021-07-15","BA","Boeing Company","NYSE","9619024","9405032","13259772","1.00",,
"2021-07-15","BAC","Bank of America Corporation","NYSE","77246040","78051189","50210950","1.54",,
"2021-07-15","BKNG","Booking Holdings Inc. Common S","NNM","703818","719046","281614","2.50",,
"2021-07-15","BLK","Blackrock, Inc.","NYSE","1620836","1428821","631348","2.57",,
"2021-07-15","BMY","Bristol-Myers Squibb Co.","NYSE","19382437","16175977","8127091","2.38",,
"2021-07-15","BNY","BlackRock New York Municipal I","NYSE","15922","2556","40868","1.00",,
"2021-07-15","BRKA","Berkshire Hathaway Inc.","NYSE","362","472","1182","1.00",,
"2021-07-15","BRKB","BERKSHIRE HATHAWAY Class B","NYSE","10251729","8751901","4122634","2.49",,
"2021-07-15","BSX","Boston Scientific Corp.","NYSE","12350443","12705625","5110856","2.42",,
"2021-07-15","BX","The Blackstone Group Inc.","NYSE","13575763","20245473","3003515","4.52",,
"2021-07-15","C","Citigroup Inc.","NYSE","33019738","29755321","20721122","1.59",,
"2021-07-15","CAT","Caterpillar Inc.","NYSE","6162729","6558726","2960943","2.08",,
"2021-07-15","CCZ","Comcast Holdings Corp. 2.0% Ex","NYSE","47","47","23","2.04",,
"2021-07-15","CDNS","Cadence Design Systems, Inc. C","NNM","2782996","3021807","995800","2.79",,
"2021-07-15","CI","CIGNA Corporation","NYSE","3713052","4491516","2025369","1.83",,
"2021-07-15","CL","Colgate-Palmolive Company","NYSE","6099549","7817648","3348202","1.82",,
"2021-07-15","CMCSA","Comcast Corporation Class A Co","NNM","72898390","68715015","12749867","5.72",,
"2021-07-15","CME","CME Group Inc. Class A Common","NNM","4634190","4594219","1126759","4.11",,
"2021-07-15","CMI","Cummins Inc.","NYSE","3196290","3208708","872116","3.66",,
"2021-07-15","COF","Capital One Financial","NYSE","4495533","4218255","3221193","1.40",,
"2021-07-15","COP","ConocoPhillips","NYSE","15850926","14577371","8652460","1.83",,
"2021-07-15","COST","Costco Wholesale Corporation C","NNM","4583699","4572299","1923140","2.38",,
"2021-07-15","CRM","salesforce.com, inc.","NYSE","20297748","20205788","5461388","3.72",,
"2021-07-15","CRWD","CrowdStrike Holdings, Inc. Cla","NNM","9465311","9533624","2908943","3.25",,
"2021-07-15","CSCO","Cisco Systems, Inc. Common Sto","NNM","32077057","30609996","14986553","2.14",,
"2021-07-15","CSX","CSX Corporation Common Stock","NNM","17647013","17539295","12536302","1.41",,
"2021-07-15","CTAS","Cintas Corporation Common Stoc","NNM","1258080","1279980","585661","2.15",,
"2021-07-15","CVNA","Carvana Co.","NYSE","15514352","16541774","1177799","13.17",,
"2021-07-15","CVS","CVS HEALTH CORPORATION","NYSE","13886559","14408640","5467021","2.54",,
"2021-07-15","CVX","Chevron Corporation","NYSE","15298000","14341043","8917223","1.72",,
"2021-07-15","D","Dominion Energy, Inc Common St","NYSE","7849348","8219916","2513267","3.12",,
"2021-07-15","DASH","DoorDash, Inc.","NYSE","13205597","14204014","1628479","8.11",,
"2021-07-15","DDOG","Datadog, Inc. Class A Common S","NNM","14670347","16212118","1522330","9.64",,
"2021-07-15","DE","Deere & Company","NYSE","2815460","3092242","1426423","1.97",,
"2021-07-15","DELL","Dell Technologies Inc.","NYSE","8571127","8064437","2349587","3.65",,
"2021-07-15","DHR","Danaher Corporation","NYSE","5724899","5451426","1820340","3.14",,
"2021-07-15","DIS","The Walt Disney Company","NYSE","21594113","21896322","10116268","2.13",,
"2021-07-15","DLR","Digital Realty Trust, Inc.","NYSE","7164727","7217774","1129638","6.34",,
"2021-07-15","DUK","Duke Energy Corporation","NYSE","7351647","7512975","2539706","2.89",,
"2021-07-15","ECL","Ecolab, Inc.","NYSE","2046428","2146709","1003751","2.04",,
"2021-07-15","EMR","Emerson Electric Co.","NYSE","7189987","7226444","2085377","3.45",,
"2021-07-15","EOG","EOG Resources, Inc.","NYSE","6306728","7499225","4505147","1.40",,
"2021-07-15","EPD","Enterprise Products Partners L","NYSE","36175590","37320281","4925061","7.35",,
"2021-07-15","EQIX","Equinix, Inc. Common Stock REI","NNM","1357038","1430743","444649","3.05",,
"2021-07-15","FCX","Freeport-McMoran Inc.","NYSE","21625059","20987370","16185025","1.34",,
"2021-07-15","FDX","FedEx Corporation","NYSE","2871440","2949667","1820258","1.58",,
"2021-07-15","FTNT","Fortinet, Inc. Common Stock","NNM","1940412","2159104","908343","2.14",,
"2021-07-15","GD","General Dynamics Corporation","NYSE","2210491","2519301","880872","2.51",,
"2021-07-15","GE","General Electric Company","NYSE","85097263","82996122","49800820","1.71",,
"2021-07-15","GILD","Gilead Sciences, Inc. Common S","NNM","27221562","24234511","5688091","4.79",,
"2021-07-15","GLW","Corning Incorporated","NYSE","10842077","11280298","2835182","3.82",,
"2021-07-15","GM","General Motors Company","NYSE","17654846","18469513","14287496","1.24",,
"2021-07-15","GOOG","Alphabet Inc. Class C Capital","NNM","2484262","2471249","891225","2.79",,
"2021-07-15","GOOGL","Alphabet Inc. Class A Common S","NNM","2810023","2762096","1103141","2.55",,
"2021-07-15","GS","Goldman Sachs Group Inc.","NYSE","4088043","4125931","3001099","1.36",,
"2021-07-15","GWW","W.W. Grainger, Inc.","NYSE","843065","734766","209405","4.03",,
"2021-07-15","HCA","HCA Healthcare, Inc.","NYSE","3626247","3517880","1041990","3.48",,
"2021-07-15","HD","Home Depot, Inc.","NYSE","11033388","10414582","2880089","3.83",,
"2021-07-15","HLT","Hilton Worldwide Holdings Inc.","NYSE","9247967","8756904","1945980","4.75",,
"2021-07-15","HON","Honeywell International Inc. C","NNM","5743022","5291106","2283112","2.52",,
"2021-07-15","HPE","Hewlett Packard Enterprise Com","NYSE","34336323","29076021","8577912","4.00",,
"2021-07-15","HWM","Howmet Aerospace Inc.","NYSE","9361586","10506010","2572245","3.64",,
"2021-07-15","IBKR","Interactive Brokers Group, Inc","NNM","3147352","4089483","667442","4.72",,
"2021-07-15","IBM","International Business Machine","NYSE","26193861","24370511","5560972","4.71",,
"2021-07-15","ICE","Intercontinental Exchange  Inc","NYSE","4514372","5120177","1969426","2.29",,
"2021-07-15","INTC","Intel Corporation Common Stock","NNM","52670908","61704163","18686166","2.82",,
"2021-07-15","INTU","Intuit Inc. Common Stock","NNM","2368300","1666959","1066914","2.22",,
"2021-07-15","ISRG","Intuitive Surgical, Inc. Commo","NNM","1332792","1379601","395032","3.37",,
"2021-07-15","ITW","Illinois Tool Works Inc.","NYSE","4213135","4180755","708582","5.95",,
"2021-07-15","JNJ","Johnson & Johnson","NYSE","15763653","14559816","6500064","2.43",,
"2021-07-15","JPM","JPMorgan Chase & Co.","NYSE","20003878","19216966","14956919","1.34",,
"2021-07-15","KKR","KKR & Co. Inc.","NYSE","8441610","8780159","1623229","5.20",,
"2021-07-15","KLAC","KLA Corporation Common Stock","NNM","2108954","2036821","923479","2.28",,
"2021-07-15","KMI","Kinder Morgan, Inc.","NYSE","32682107","30169506","10236604","3.19",,
"2021-07-15","KO","Coca-Cola Company","NYSE","25366495","25354239","14361597","1.77",,
"2021-07-15","LIN","Linde plc Ordinary Share","NYSE","3070169","3418135","1306389","2.35",,
"2021-07-15","LLY","Eli Lilly & Co.","NYSE","7009913","6256404","2731776","2.57",,
"2021-07-15","LMT","Lockheed Martin Corp.","NYSE","2538861","2772186","819537","3.10",,
"2021-07-15","LOW","Lowe's Companies Inc.","NYSE","8836625","8281312","2940511","3.01",,
"2021-07-15","LRCX","Lam Research Corporation Commo","NNM","2183119","1945586","1079849","2.02",,
"2021-07-15","MA","Mastercard Incorporated","NYSE","4220485","4367104","3274954","1.29",,
"2021-07-15","MAR","Marriott International Class A","NNM","5328747","6345362","2126154","2.51",,
"2021-07-15","MCD","McDonald's Corporation","NYSE","5358784","5482307","2059008","2.60",,
"2021-07-15","MCK","McKesson Corporation","NYSE","1829151","2012026","1086064","1.68",,
"2021-07-15","MCO","Moody's Corporation","NYSE","2020427","2347051","477066","4.24",,
"2021-07-15","MDLZ","Mondelez International, Inc. C","NNM","10136608","10415249","5337130","1.90",,
"2021-07-15","MDT","Medtronic plc","NYSE","11047439","9263915","3505519","3.15",,
"2021-07-15","META","Roundhill Ball Metaverse ETF","ARCA","5419","0","283305","1.00",,
"2021-07-15","MMM","3M Company","NYSE","11520448","11795242","2077474","5.55",,
"2021-07-15","MNST","Monster Beverage Corporation","NNM","4790724","5097306","1772985","2.70",,
"2021-07-15","MO","Altria Group, Inc.","NYSE","14176954","13657329","6581096","2.15",,
"2021-07-15","MPC","MARATHON PETROLEUM CORPORATION","NYSE","19290837","17664850","5962203","3.24",,
"2021-07-15","MPWR","Monolithic Power Systems, Inc.","NNM","765664","694976","395798","1.93",,
"2021-07-15","MRK","Merck & Co., Inc.","NYSE","22245886","23932756","7804274","2.85",,
"2021-07-15","MRVL","Marvell Technology, Inc. Commo","NNM","14607138","15690813","5360332","2.73",,
"2021-07-15","MS","Morgan Stanley","NYSE","16259389","12190302","9043831","1.80",,
"2021-07-15","MSFT","Microsoft Corporation Common S","NNM","56416544","50822833","23705379","2.38",,
"2021-07-15","MSI","Motorola Solutions, Inc. New","NYSE","1813895","1736704","528582","3.43",,
"2021-07-15","MU","Micron Technology, Inc. Common","NNM","25023217","23757392","21784819","1.15",,
"2021-07-15","NEE","Nextra Energy, Inc.","NYSE","21841334","22334980","6030273","3.62",,
"2021-07-15","NEM","Newmont Corporation","NYSE","8300230","8238760","4910985","1.69",,
"2021-07-15","NET","Cloudflare, Inc. Class A commo","NYSE","14881606","14609024","2384794","6.24",,
"2021-07-15","NFLX","Netflix, Inc. Common Stock","NNM","9731049","9635140","3109174","3.13",,
"2021-07-15","NKE","Nike, Inc.","NYSE","13069172","13081945","6067274","2.15",,
"2021-07-15","NOC","Northrop Grumman Corp.","NYSE","1654742","1435100","538972","3.07",,
"2021-07-15","NOW","SERVICENOW, INC.","NYSE","3702083","3493256","975955","3.79",,
"2021-07-15","NSC","Norfolk Southern Corp.","NYSE","3244470","2832653","1568884","2.07",,
"2021-07-15","NVDA","NVIDIA Corporation Common Stoc","NNM","7226885","7998750","10051960","1.00",,
"2021-07-15","ORCL","Oracle Corp","NYSE","38692550","30859650","15611498","2.48",,
"2021-07-15","ORLY","O'Reilly Automotive, Inc. Comm","NNM","783387","857933","330605","2.37",,
"2021-07-15","PANW","PALO ALTO NETWORKS, INC","NYSE","4774241","4928880","988367","4.83",,
"2021-07-15","PCAR","PACCAR Inc. Common Stock","NNM","5391109","4702305","1480340","3.64",,
"2021-07-15","PEP","PepsiCo, Inc. Common Stock","NNM","9523792","9595854","4945578","1.93",,
"2021-07-15","PFE","Pfizer Inc.","NYSE","61242990","63146117","19070310","3.21",,
"2021-07-15","PG","Procter & Gamble Company","NYSE","14608534","15551694","6276823","2.33",,
"2021-07-15","PGR","Progressive Corporation","NYSE","8347266","7645791","3144914","2.65",,
"2021-07-15","PH","Parker-Hannifin Corporation","NYSE","1193225","1568660","849321","1.40",,
"2021-07-15","PLD","PROLOGIS, INC.","NYSE","9966385","9410502","2318653","4.30",,
"2021-07-15","PLTR","Palantir Technologies Inc. Cla","NYSE","61975111","68132010","35178055","1.76",,
"2021-07-15","PM","Philip Morris International In","NYSE","9478768","9631908","3789396","2.50",,
"2021-07-15","PNC","PNC Financial Services Group","NYSE","6227524","5256743","1846976","3.37",,
"2021-07-15","PSX","PHILLIPS 66","NYSE","8595437","9312363","3521079","2.44",,
"2021-07-15","PWR","Quanta Services, Inc.","NYSE","2306303","2389628","918425","2.51",,
"2021-07-15","QCOM","QUALCOMM Incorporated Common S","NNM","14743128","16137822","6878419","2.14",,
"2021-07-15","RCL","Royal Caribbean Group","NYSE","12005180","11522004","3810807","3.15",,
"2021-07-15","REGN","Regeneron Pharmaceuticals, Inc","NNM","1840896","1413220","723485","2.54",,
"2021-07-15","ROST","Ross Stores, Inc. Common Stock","NNM","3777312","4044608","1476482","2.56",,
"2021-07-15","RSG","Republic Services Inc.","NYSE","2062646","2007629","1146098","1.80",,
"2021-07-15","RTX","Raytheon Technologies Corporat","NYSE","13067578","13308014","4276511","3.06",,
"2021-07-15","SBUX","Starbucks Corporation Common S","NNM","11962998","12368268","5146284","2.32",,
"2021-07-15","SCCO","Southern Copper Corporation","NYSE","5269588","5397622","1061718","4.96",,
"2021-07-15","SCHW","The Charles Schwab Corporation","NYSE","15953271","15617483","7624321","2.09",,
"2021-07-15","SHW","The Sherwin-Williams Company","NYSE","3100830","3479261","802000","3.87",,
"2021-07-15","SNOW","Snowflake Inc.","NYSE","12415830","13204977","4048689","3.07",,
"2021-07-15","SNPS","Synopsys, Inc. Common Stock","NNM","1409412","1581957","659677","2.14",,
"2021-07-15","SO","The Southern Company","NYSE","10853756","9584177","3189512","3.40",,
"2021-07-15","SPCX","The SPAC and New Issue ETF","ARCA","252861","335746","42646","5.93",,
"2021-07-15","SPG","Simon Property Group, Inc.","NYSE","13009926","13288097","2040112","6.38",,
"2021-07-15","SPGI","S&P Global Inc.","NYSE","17980056","17223943","1102821","16.30",,
"2021-07-15","SYK","Stryker Corporation","NYSE","3372790","3321618","1039968","3.24",,
"2021-07-15","T","AT&T Inc.","NYSE","104557700","97676327","31819657","3.29",,
"2021-07-15","TDG","TransDigm Group Incorporated","NYSE","2007180","2181122","183838","10.92",,
"2021-07-15","TFC","Truist Financial Corporation","NYSE","10388111","8868344","4922472","2.11",,
"2021-07-15","TGT","Target Corporation","NYSE","8325374","8481281","2431587","3.42",,
"2021-07-15","TJX","TJX Companies, Inc. (The)","NYSE","13312069","13487614","5018783","2.65",,
"2021-07-15","TMO","Thermo Fisher Scientific, Inc.","NYSE","3000055","3046511","1165137","2.57",,
"2021-07-15","TMUS","T-Mobile US, Inc. Common Stock","NNM","11485921","12092237","2524198","4.55",,
"2021-07-15","TRV","The Travelers Companies, Inc.","NYSE","4691077","4890239","1059816","4.43",,
"2021-07-15","TSLA","Tesla, Inc. Common Stock","NNM","32355387","34093281","21704535","1.49",,
"2021-07-15","TXN","Texas Instruments Incorporated","NNM","14439318","13597005","3200854","4.51",,
"2021-07-15","UBER","Uber Technologies, Inc.","NYSE","69865082","74551685","17616748","3.97",,
"2021-07-15","UNH","UNITEDHEALTH GROUP INCORPORATE","NYSE","6528838","6261570","2649477","2.46",,
"2021-07-15","UNP","Union Pacific Corp.","NYSE","4158361","5395099","3238948","1.28",,
"2021-07-15","UPS","United Parcel Service, Inc. Cl","NYSE","7962995","7114784","2289831","3.48",,
"2021-07-15","URI","United Rentals, Inc.","NYSE","1231590","1261234","693898","1.77",,
"2021-07-15","USB","U.S. Bancorp","NYSE","15606771","13968338","5423474","2.88",,
"2021-07-15","V","VISA Inc.","NYSE","28403785","26933355","6805147","4.17",,
"2021-07-15","VLO","Valero Energy Corporation","NYSE","10732086","10620238","4717419","2.27",,
"2021-07-15","VRT","Vertiv Holdings Co Class A Com","NYSE","14267026","15079024","1892895","7.54",,
"2021-07-15","VRTX","Vertex Pharmaceuticals Incorpo","NNM","4090460","4074654","1875974","2.18",,
"2021-07-15","VZ","Verizon Communications","NYSE","50276438","47835558","13701424","3.67",,
"2021-07-15","WDC","Western Digital Corporation Co","NNM","5047512","5040753","3046217","1.66",,
"2021-07-15","WELL","Welltower Inc.","NYSE","10596334","7184825","2304929","4.60",,
"2021-07-15","WFC","Wells Fargo & Co.","NYSE","42171642","50532556","25946801","1.63",,
"2021-07-15","WM","Waste Management, Inc.","NYSE","2986417","2946758","1215475","2.46",,
"2021-07-15","WMB","Williams Companies Inc.","NYSE","25107279","20860627","6048151","4.15",,
"2021-07-15","WMT","Walmart Inc.","NYSE","18682028","15280264","6940823","2.69",,
"2021-07-15","XOM","Exxon Mobil Corporation","NYSE","32797166","34761759","19628536","1.67",,
"2021-07-30","AAPL","Apple Inc. Common Stock","NNM","93114834","96355309","87082127","1.07",,
"2021-07-30","ABBV","ABBVIE INC.","NYSE","14450001","14655916","5525063","2.62",,
"2021-07-30","ABNB","Airbnb, Inc. Class A Common St","NNM","9971229","9927692","5214223","1.91",,
"2021-07-30","ABT","Abbott Laboratories","NYSE","11941015","11617644","4942934","2.42",,
"2021-07-30","ADBE","Adobe Inc. Common Stock","NNM","4778345","4920112","1510646","3.16",,
"2021-07-30","ADI","Analog Devices, Inc. Common St","NNM","42427238","41654419","2781612","15.25",,
"2021-07-30","ADP","Automatic Data Processing, Inc","NNM","4183546","4367343","1555458","2.69",,
"2021-07-30","AEP","American Electric Power Compan","NNM","7539263","7503030","3165960","2.38",,
"2021-07-30","AFL","Aflac Inc.","NYSE","15257273","13563596","3499972","4.36",,
"2021-07-30","AJG","Arthur J. Gallagher & Co.","NYSE","2413697","2561902","1124542","2.15",,
"2021-07-30","ALL","The Allstate Corporation","NYSE","4704718","4507127","1279701","3.68",,
"2021-07-30","AMAT","Applied Materials, Inc. Common","NNM","12851969","12874665","6424338","2.00",,
"2021-07-30","AMD","Advanced Micro Devices, Inc. C","NNM","89134119","86903996","65908626","1.35",,
"2021-07-30","AMGN","Amgen Inc. Common Stock","NNM","10713887","10336596","2066145","5.19",,
"2021-07-30","AMT","American Tower Corporation","NYSE","4353885","4288703","1527636","2.85",,
"2021-07-30","AMZN","Amazon.com, Inc. Common Stock","NNM","3917720","3927349","4041889","1.00",,
"2021-07-30","ANET","Arista Networks","NYSE","1371456","1573931","375368","3.65",,
"2021-07-30","AON","Aon plc Class A","NYSE","19633003","25838225","4068597","4.83",,
"2021-07-30","APD","Air Products & Chemicals, Inc.","NYSE","2308536","1917009","797359","2.90",,
"2021-07-30","APH","Amphenol Corporation","NYSE","4147456","3679524","3289893","1.26",,
"2021-07-30","APO","Apollo Global Management, Inc.","NYSE","21991824","22595493","2327398","9.45",,
"2021-07-30","APP","Applovin Corporation Class A C","NNM","5097026","5279705","574823","8.87",,
"2021-07-30","AVGO","Broadcom Inc. Common Stock","NNM","4775957","4440781","1303080","3.67",,
"2021-07-30","AXP","American Express Company","NYSE","14867745","8151968","4910912","3.03",,
"2021-07-30","BA","Boeing Company","NYSE","9388445","9619024","12709646","1.00",,
"2021-07-30","BAC","Bank of America Corporation","NYSE","76862701","77246040","50766008","1.51",,
"2021-07-30","BKNG","Booking Holdings Inc. Common S","NNM","694181","703818","280568","2.47",,
"2021-07-30","BLK","Blackrock, Inc.","NYSE","1644877","1620836","593013","2.77",,
"2021-07-30","BMY","Bristol-Myers Squibb Co.","NYSE","21912157","19382437","9116487","2.40",,
"2021-07-30","BNY","BlackRock New York Municipal I","NYSE","9016","15922","34256","1.00",,
"2021-07-30","BRKA","Berkshire Hathaway Inc.","NYSE","421","362","1041","1.00",,
"2021-07-30","BRKB","BERKSHIRE HATHAWAY Class B","NYSE","9956939","10251729","3581624","2.78",,
"2021-07-30","BSX","Boston Scientific Corp.","NYSE","14260792","12350443","7261375","1.96",,
"2021-07-30","BX","The Blackstone Group Inc.","NYSE","11174220","13575763","3656139","3.06",,
"2021-07-30","C","Citigroup Inc.","NYSE","32127226","33019738","20065842","1.60",,
"2021-07-30","CAT","Caterpillar Inc.","NYSE","6850312","6162729","3497024","1.96",,
"2021-07-30","CCZ","Comcast Holdings Corp. 2.0% Ex","NYSE","310","47","444","1.00",,
"2021-07-30","CDNS","Cadence Design Systems, Inc. C","NNM","2594794","2782996","1161732","2.23",,
"2021-07-30","CI","CIGNA Corporation","NYSE","3735710","3713052","1714268","2.18",,
"2021-07-30","CL","Colgate-Palmolive Company","NYSE","9056323","6099549","4854794","1.87",,
"2021-07-30","CMCSA","Comcast Corporation Class A Co","NNM","69907375","72898390","14731606","4.75",,
"2021-07-30","CME","CME Group Inc. Class A Common","NNM","4717065","4634190","1058807","4.46",,
"2021-07-30","CMI","Cummins Inc.","NYSE","3490651","3196290","1010196","3.46",,
"2021-07-30","COF","Capital One Financial","NYSE","4514560","4495533","2708922","1.67",,
"2021-07-30","COP","ConocoPhillips","NYSE","14998068","15850926","8684244","1.73",,
"2021-07-30","COST","Costco Wholesale Corporation C","NNM","5196074","4583699","1613064","3.22",,
"2021-07-30","CRM","salesforce.com, inc.","NYSE","14027689","20297748","6829123","2.05",,
"2021-07-30","CRWD","CrowdStrike Holdings, Inc. Cla","NNM","8953960","9465311","2435539","3.68",,
"2021-07-30","CSCO","Cisco Systems, Inc. Common Sto","NNM","34082943","32077057","14679297","2.32",,
"2021-07-30","CSX","CSX Corporation Common Stock","NNM","20609867","17647013","10824678","1.90",,
"2021-07-30","CTAS","Cintas Corporation Common Stoc","NNM","1138192","1258080","447309","2.54",,
"2021-07-30","CVNA","Carvana Co.","NYSE","16148047","15514352","1159529","13.93",,
"2021-07-30","CVS","CVS HEALTH CORPORATION","NYSE","16097311","13886559","5017901","3.21",,
"2021-07-30","CVX","Chevron Corporation","NYSE","15495484","15298000","10593149","1.46",,
"2021-07-30","D","Dominion Energy, Inc Common St","NYSE","7080485","7849348","3294701","2.15",,
"2021-07-30","DASH","DoorDash, Inc.","NYSE","10988698","13205597","1865832","5.89",,
"2021-07-30","DDOG","Datadog, Inc. Class A Common S","NNM","13709586","14670347","1497509","9.15",,
"2021-07-30","DE","Deere & Company","NYSE","2836802","2815460","1244834","2.28",,
"2021-07-30","DELL","Dell Technologies Inc.","NYSE","7917642","8571127","1372264","5.77",,
"2021-07-30","DHR","Danaher Corporation","NYSE","6329253","5724899","2244360","2.82",,
"2021-07-30","DIS","The Walt Disney Company","NYSE","20458218","21594113","7253620","2.82",,
"2021-07-30","DLR","Digital Realty Trust, Inc.","NYSE","7357835","7164727","1064357","6.91",,
"2021-07-30","DUK","Duke Energy Corporation","NYSE","7200471","7351647","2639882","2.73",,
"2021-07-30","ECL","Ecolab, Inc.","NYSE","2473062","2046428","1115384","2.22",,
"2021-07-30","EMR","Emerson Electric Co.","NYSE","7696646","7189987","2369850","3.25",,
"2021-07-30","EOG","EOG Resources, Inc.","NYSE","8258729","6306728","4986003","1.66",,
"2021-07-30","EPD","Enterprise Products Partners L","NYSE","32846377","36175590","8049737","4.08",,
"2021-07-30","EQIX","Equinix, Inc. Common Stock REI","NNM","1292429","1357038","493461","2.62",,
"2021-07-30","FCX","Freeport-McMoran Inc.","NYSE","24596079","21625059","21246399","1.16",,
"2021-07-30","FDX","FedEx Corporation","NYSE","3091774","2871440","2067286","1.50",,
"2021-07-30","FTNT","Fortinet, Inc. Common Stock","NNM","1892235","1940412","906348","2.09",,
"2021-07-30","GD","General Dynamics Corporation","NYSE","2403965","2210491","928797","2.59",,
"2021-07-30","GE","General Electric Company","NYSE","82135611","85097263","65862957","1.25",,
"2021-07-30","GILD","Gilead Sciences, Inc. Common S","NNM","25726994","27221562","6162383","4.17",,
"2021-07-30","GLW","Corning Incorporated","NYSE","11028131","10842077","4016936","2.75",,
"2021-07-30","GM","General Motors Company","NYSE","20594059","17654846","13415829","1.54",,
"2021-07-30","GOOG","Alphabet Inc. Class C Capital","NNM","2454068","2484262","1255517","1.95",,
"2021-07-30","GOOGL","Alphabet Inc. Class A Common S","NNM","2933691","2810023","1759055","1.67",,
"2021-07-30","GS","Goldman Sachs Group Inc.","NYSE","4053848","4088043","2154571","1.88",,
"2021-07-30","GWW","W.W. Grainger, Inc.","NYSE","991066","843065","218915","4.53",,
"2021-07-30","HCA","HCA Healthcare, Inc.","NYSE","3578337","3626247","1802267","1.99",,
"2021-07-30","HD","Home Depot, Inc.","NYSE","12007585","11033388","2913475","4.12",,
"2021-07-30","HLT","Hilton Worldwide Holdings Inc.","NYSE","8353515","9247967","2624784","3.18",,
"2021-07-30","HON","Honeywell International Inc. C","NNM","8401612","5743022","5486327","1.53",,
"2021-07-30","HPE","Hewlett Packard Enterprise Com","NYSE","37163801","34336323","9038077","4.11",,
"2021-07-30","HWM","Howmet Aerospace Inc.","NYSE","7618046","9361586","3062519","2.49",,
"2021-07-30","IBKR","Interactive Brokers Group, Inc","NNM","3097468","3147352","721026","4.30",,
"2021-07-30","IBM","International Business Machine","NYSE","25615018","26193861","5002672","5.12",,
"2021-07-30","ICE","Intercontinental Exchange  Inc","NYSE","5335125","4514372","2044747","2.61",,
"2021-07-30","INTC","Intel Corporation Common Stock","NNM","54501589","52670908","29900703","1.82",,
"2021-07-30","INTU","Intuit Inc. Common Stock","NNM","1928875","2368300","921373","2.09",,
"2021-07-30","ISRG","Intuitive Surgical, Inc. Commo","NNM","1304728","1332792","527081","2.48",,
"2021-07-30","ITW","Illinois Tool Works Inc.","NYSE","4359445","4213135","877035","4.97",,
"2021-07-30","JNJ","Johnson & Johnson","NYSE","17217900","15763653","6247865","2.76",,
"2021-07-30","JPM","JPMorgan Chase & Co.","NYSE","20458417","20003878","11909969","1.72",,
"2021-07-30","KKR","KKR & Co. Inc.","NYSE","8446710","8441610","1944234","4.34",,
"2021-07-30","KLAC","KLA Corporation Common Stock","NNM","2658741","2108954","1228715","2.16",,
"2021-07-30","KMI","Kinder Morgan, Inc.","NYSE","37838050","32682107","15255244","2.48",,
"2021-07-30","KO","Coca-Cola Company","NYSE","32051341","25366495","13615464","2.35",,
"2021-07-30","LIN","Linde plc Ordinary Share","NYSE","2896363","3070169","1473707","1.97",,
"2021-07-30","LLY","Eli Lilly & Co.","NYSE","6770709","7009913","2086293","3.25",,
"2021-07-30","LMT","Lockheed Martin Corp.","NYSE","2648216","2538861","1130441","2.34",,
"2021-07-30","LOW","Lowe's Companies Inc.","NYSE","9774668","8836625","3344371","2.92",,
"2021-07-30","LRCX","Lam Research Corporation Commo","NNM","2296706","2183119","1485191","1.55",,
"2021-07-30","MA","Mastercard Incorporated","NYSE","5269969","4220485","3464285","1.52",,
"2021-07-30","MAR","Marriott International Class A","NNM","4821334","5328747","2205806","2.19",,
"2021-07-30","MCD","McDonald's Corporation","NYSE","6273915","5358784","3004069","2.09",,
"2021-07-30","MCK","McKesson Corporation","NYSE","2111519","1829151","1270290","1.66",,
"2021-07-30","MCO","Moody's Corporation","NYSE","2052449","2020427","697870","2.94",,
"2021-07-30","MDLZ","Mondelez International, Inc. C","NNM","12431283","10136608","6538592","1.90",,
"2021-07-30","MDT","Medtronic plc","NYSE","11102082","11047439","3543962","3.13",,
"2021-07-30","META","Roundhill Ball Metaverse ETF","ARCA","23693","5419","98359","1.00",,
"2021-07-30","MMM","3M Company","NYSE","10904704","11520448","2295774","4.75",,
"2021-07-30","MNST","Monster Beverage Corporation","NNM","4385968","4790724","1688987","2.60",,
"2021-07-30","MO","Altria Group, Inc.","NYSE","13264807","14176954","6589580","2.01",,
"2021-07-30","MPC","MARATHON PETROLEUM CORPORATION","NYSE","16075923","19290837","4806958","3.34",,
"2021-07-30","MPWR","Monolithic Power Systems, Inc.","NNM","1074843","765664","470930","2.28",,
"2021-07-30","MRK","Merck & Co., Inc.","NYSE","23173019","22245886","9148087","2.53",,
"2021-07-30","MRVL","Marvell Technology, Inc. Commo","NNM","16348324","14607138","5500781","2.97",,
"2021-07-30","MS","Morgan Stanley","NYSE","25431849","16259389","11138198","2.28",,
"2021-07-30","MSFT","Microsoft Corporation Common S","NNM","47983963","56416544","25899134","1.85",,
"2021-07-30","MSI","Motorola Solutions, Inc. New","NYSE","1505719","1813895","539754","2.79",,
"2021-07-30","MU","Micron Technology, Inc. Common","NNM","26618910","25023217","16512114","1.61",,
"2021-07-30","NEE","Nextra Energy, Inc.","NYSE","22396649","21841334","6670666","3.36",,
"2021-07-30","NEM","Newmont Corporation","NYSE","7133223","8300230","5641153","1.26",,
"2021-07-30","NET","Cloudflare, Inc. Class A commo","NYSE","14107212","14881606","2355132","5.99",,
"2021-07-30","NFLX","Netflix, Inc. Common Stock","NNM","10020669","9731049","4159580","2.41",,
"2021-07-30","NKE","Nike, Inc.","NYSE","11697620","13069172","4941273","2.37",,
"2021-07-30","NOC","Northrop Grumman Corp.","NYSE","1796864","1654742","702926","2.56",,
"2021-07-30","NOW","SERVICENOW, INC.","NYSE","4131919","3702083","1213226","3.41",,
"2021-07-30","NSC","Norfolk Southern Corp.","NYSE","3075351","3244470","1199937","2.56",,
"2021-07-30","NVDA","NVIDIA Corporation Common Stoc","NNM","29954260","7226885","34374363","1.00","S",
"2021-07-30","ORCL","Oracle Corp","NYSE","37100160","38692550","11087269","3.35",,
"2021-07-30","ORLY","O'Reilly Automotive, Inc. Comm","NNM","762419","783387","396792","1.92",,
"2021-07-30","PANW","PALO ALTO NETWORKS, INC","NYSE","5066298","4774241","777468","6.52",,
"2021-07-30","PCAR","PACCAR Inc. Common Stock","NNM","4981554","5391109","2384314","2.09",,
"2021-07-30","PEP","PepsiCo, Inc. Common Stock","NNM","9227580","9523792","4176602","2.21",,
"2021-07-30","PFE","Pfizer Inc.","NYSE","54504661","61242990","30437322","1.79",,
"2021-07-30","PG","Procter & Gamble Company","NYSE","17596514","14608534","8113453","2.17",,
"2021-07-30","PGR","Progressive Corporation","NYSE","10703641","8347266","2857418","3.75",,
"2021-07-30","PH","Parker-Hannifin Corporation","NYSE","1157967","1193225","600528","1.93",,
"2021-07-30","PLD","PROLOGIS, INC.","NYSE","9689160","9966385","1970965","4.92",,
"2021-07-30","PLTR","Palantir Technologies Inc. Cla","NYSE","58395451","61975111","20714492","2.82",,
"2021-07-30","PM","Philip Morris International In","NYSE","9349473","9478768","3742965","2.50",,
"2021-07-30","PNC","PNC Financial Services Group","NYSE","5620663","6227524","1239990","4.53",,
"2021-07-30","PSX","PHILLIPS 66","NYSE","8288518","8595437","3101418","2.67",,
"2021-07-30","PWR","Quanta Services, Inc.","NYSE","2253543","2306303","713393","3.16",,
"2021-07-30","QCOM","QUALCOMM Incorporated Common S","NNM","15024986","14743128","8040644","1.87",,
"2021-07-30","RCL","Royal Caribbean Group","NYSE","13982837","12005180","5538682","2.52",,
"2021-07-30","REGN","Regeneron Pharmaceuticals, Inc","NNM","1594528","1840896","519060","3.07",,
"2021-07-30","ROST","Ross Stores, Inc. Common Stock","NNM","3693864","3777312","1533097","2.41",,
"2021-07-30","RSG","Republic Services Inc.","NYSE","1852821","2062646","982900","1.89",,
"2021-07-30","RTX","Raytheon Technologies Corporat","NYSE","14003598","13067578","5417934","2.58",,
"2021-07-30","SBUX","Starbucks Corporation Common S","NNM","11161207","11962998","6560583","1.70",,
"2021-07-30","SCCO","Southern Copper Corporation","NYSE","4315837","5269588","1228896","3.51",,
"2021-07-30","SCHW","The Charles Schwab Corporation","NYSE","14463324","15953271","6252564","2.31",,
"2021-07-30","SHW","The Sherwin-Williams Company","NYSE","3260921","3100830","1282433","2.54",,
"2021-07-30","SNOW","Snowflake Inc.","NYSE","11307432","12415830","2266456","4.99",,
"2021-07-30","SNPS","Synopsys, Inc. Common Stock","NNM","1551248","1409412","583224","2.66",,
"2021-07-30","SO","The Southern Company","NYSE","10348698","10853756","4623888","2.24",,
"2021-07-30","SPCX","The SPAC and New Issue ETF","ARCA","256412","252861","33032","7.76",,
"2021-07-30","SPG","Simon Property Group, Inc.","NYSE","13661873","13009926","2348686","5.82",,
"2021-07-30","SPGI","S&P Global Inc.","NYSE","18175851","17980056","1248399","14.56",,
"2021-07-30","SYK","Stryker Corporation","NYSE","2840250","3372790","1366228","2.08",,
"2021-07-30","T","AT&T Inc.","NYSE","105278403","104557700","35313999","2.98",,
"2021-07-30","TDG","TransDigm Group Incorporated","NYSE","2001460","2007180","186476","10.73",,
"2021-07-30","TFC","Truist Financial Corporation","NYSE","11163372","10388111","4750987","2.35",,
"2021-07-30","TGT","Target Corporation","NYSE","9273019","8325374","2746038","3.38",,
"2021-07-30","TJX","TJX Companies, Inc. (The)","NYSE","11801078","13312069","4739869","2.49",,
"2021-07-30","TMO","Thermo Fisher Scientific, Inc.","NYSE","2963563","3000055","1156762","2.56",,
"2021-07-30","TMUS","T-Mobile US, Inc. Common Stock","NNM","10394819","11485921","4686507","2.22",,
"2021-07-30","TRV","The Travelers Companies, Inc.","NYSE","4831861","4691077","1413464","3.42",,
"2021-07-30","TSLA","Tesla, Inc. Common Stock","NNM","29914139","32355387","20929992","1.43",,
"2021-07-30","TXN","Texas Instruments Incorporated","NNM","13801600","14439318","5039549","2.74",,
"2021-07-30","UBER","Uber Technologies, Inc.","NYSE","70409506","69865082","19193892","3.67",,
"2021-07-30","UNH","UNITEDHEALTH GROUP INCORPORATE","NYSE","6589829","6528838","2281235","2.89",,
"2021-07-30","UNP","Union Pacific Corp.","NYSE","5362667","4158361","2982553","1.80",,
"2021-07-30","UPS","United Parcel Service, Inc. Cl","NYSE","7585695","7962995","4015101","1.89",,
"2021-07-30","URI","United Rentals, Inc.","NYSE","1508939","1231590","852831","1.77",,
"2021-07-30","USB","U.S. Bancorp","NYSE","13080099","15606771","5448416","2.40",,
"2021-07-30","V","VISA Inc.","NYSE","27079994","28403785","8161476","3.32",,
"2021-07-30","VLO","Valero Energy Corporation","NYSE","12985887","10732086","4657581","2.79",,
"2021-07-30","VRT","Vertiv Holdings Co Class A Com","NYSE","13592669","14267026","2038209","6.67",,
"2021-07-30","VRTX","Vertex Pharmaceuticals Incorpo","NNM","4190385","4090460","2224007","1.88",,
"2021-07-30","VZ","Verizon Communications","NYSE","50193590","50276438","16554188","3.03",,
"2021-07-30","WDC","Western Digital Corporation Co","NNM","6233460","5047512","3553338","1.75",,
"2021-07-30","WELL","Welltower Inc.","NYSE","10463002","10596334","1740713","6.01",,
"2021-07-30","WFC","Wells Fargo & Co.","NYSE","47956822","42171642","27391140","1.75",,
"2021-07-30","WM","Waste Management, Inc.","NYSE","3145000","2986417","1307189","2.41",,
"2021-07-30","WMB","Williams Companies Inc.","NYSE","25269833","25107279","6759667","3.74",,
"2021-07-30","WMT","Walmart Inc.","NYSE","19508878","18682028","5679737","3.43",,
"2021-07-30","XOM","Exxon Mobil Corporation","NYSE","33224876","32797166","21784578","1.53",,
"2021-10-15","AAPL","Apple Inc. Common Stock","NNM","100881318","101107412","75552901","1.34",,
"2021-10-15","ABBV","ABBVIE INC.","NYSE","11489855","13666689","6584514","1.74",,
"2021-10-15","ABNB","Airbnb, Inc. Class A Common St","NNM","15595494","14697513","3613728","4.32",,
"2021-10-15","ABT","Abbott Laboratories","NYSE","10496776","11216661","5355622","1.96",,
"2021-10-15","ADBE","Adobe Inc. Common Stock","NNM","4618795","4396178","2320237","1.99",,
"2021-10-15","ADI","Analog Devices, Inc. Common St","NNM","8234781","8893768","3283239","2.51",,
"2021-10-15","ADP","Automatic Data Processing, Inc","NNM","3795075","4324205","1264926","3.00",,
"2021-10-15","AEP","American Electric Power Compan","NNM","6392083","7086567","2479367","2.58",,
"2021-10-15","AFL","Aflac Inc.","NYSE","14950079","15058183","2959795","5.05",,
"2021-10-15","AJG","Arthur J. Gallagher & Co.","NYSE","2131766","2593810","963454","2.21",,
"2021-10-15","ALL","The Allstate Corporation","NYSE","4797582","4610525","1382394","3.47",,
"2021-10-15","AMAT","Applied Materials, Inc. Common","NNM","13194708","11464553","6675858","1.98",,
"2021-10-15","AMD","Advanced Micro Devices, Inc. C","NNM","69155470","62455085","38906857","1.78",,
"2021-10-15","AMGN","Amgen Inc. Common Stock","NNM","11384318","11076656","2905230","3.92",,
"2021-10-15","AMT","American Tower Corporation","NYSE","3953099","3979721","1547968","2.55",,
"2021-10-15","AMZN","Amazon.com, Inc. Common Stock","NNM","4822945","4962116","2817454","1.71",,
"2021-10-15","ANET","Arista Networks","NYSE","1264508","1384936","403907","3.13",,
"2021-10-15","AON","Aon plc Class A","NYSE","7018445","7989703","1082409","6.48",,
"2021-10-15","APD","Air Products & Chemicals, Inc.","NYSE","2551991","2030473","1229209","2.08",,
"2021-10-15","APH","Amphenol Corporation","NYSE","6219412","6370831","1845726","3.37",,
"2021-10-15","APO","Apollo Global Management, Inc.","NYSE","21329231","21020102","2185201","9.76",,
"2021-10-15","APP","Applovin Corporation Class A C","NNM","5070820","5638547","1588911","3.19",,
"2021-10-15","AVGO","Broadcom Inc. Common Stock","NNM","4868164","4548419","1636522","2.97",,
"2021-10-15","AXP","American Express Company","NYSE","9412858","8282978","3305408","2.85",,
"2021-10-15","BA","Boeing Company","NYSE","8875177","8098555","7671172","1.16",,
"2021-10-15","BAC","Bank of America Corporation","NYSE","83323799","78228067","49051519","1.70",,
"2021-10-15","BKNG","Booking Holdings Inc. Common S","NNM","719336","909411","221507","3.25",,
"2021-10-15","BLK","Blackrock, Inc.","NYSE","1713582","1738732","673675","2.54",,
"2021-10-15","BMY","Bristol-Myers Squibb Co.","NYSE","20834102","19908999","12390231","1.68",,
"2021-10-15","BNY","BlackRock New York Municipal I","NYSE","68909","69165","24366","2.83",,
"2021-10-15","BRKA","Berkshire Hathaway Inc.","NYSE","443","461","1220","1.00",,
"2021-10-15","BRKB","BERKSHIRE HATHAWAY Class B","NYSE","10336577","9806677","3749876","2.76",,
"2021-10-15","BSX","Boston Scientific Corp.","NYSE","22568744","23792792","5549285","4.07",,
"2021-10-15","BX","Blackstone Inc.","NYSE","8076752","10002649","3237499","2.49",,
"2021-10-15","C","Citigroup Inc.","NYSE","37095538","35654916","18562278","2.00",,
"2021-10-15","CAT","Caterpillar Inc.","NYSE","6447094","8007868","3596647","1.79",,
"2021-10-15","CCZ","Comcast Holdings Corp. 2.0% Ex","NYSE","964","1244","111","8.68",,
"2021-10-15","CDNS","Cadence Design Systems, Inc. C","NNM","2718778","2508671","1011619","2.69",,
"2021-10-15","CI","CIGNA Corporation","NYSE","4793005","6516930","1685670","2.84",,
"2021-10-15","CL","Colgate-Palmolive Company","NYSE","7283679","8045386","3762383","1.94",,
"2021-10-15","CMCSA","Comcast Corporation Class A Co","NNM","74322879","72998824","20436008","3.64",,
"2021-10-15","CME","CME Group Inc. Class A Common","NNM","4557668","4582851","1247893","3.65",,
"2021-10-15","CMI","Cummins Inc.","NYSE","2300267","2558889","904014","2.54",,
"2021-10-15","COF","Capital One Financial","NYSE","4668231","4837849","2347866","1.99",,
"2021-10-15","COP","ConocoPhillips","NYSE","21081604","21295901","10223533","2.06",,
"2021-10-15","COST","Costco Wholesale Corporation C","NNM","4631850","4947073","1607748","2.88",,
"2021-10-15","CRM","salesforce.com, inc.","NYSE","15662956","15043557","4890596","3.20",,
"2021-10-15","CRWD","CrowdStrike Holdings, Inc. Cla","NNM","11502952","11482786","2710395","4.24",,
"2021-10-15","CSCO","Cisco Systems, Inc. Common Sto","NNM","39767389","36609536","15008198","2.65",,
"2021-10-15","CSX","CSX Corporation Common Stock","NNM","27725902","27019191","12732707","2.18",,
"2021-10-15","CTAS","Cintas Corporation Common Stoc","NNM","1007755","1030746","363352","2.77",,
"2021-10-15","CVNA","Carvana Co.","NYSE","13641209","13785376","789227","17.28",,
"2021-10-15","CVS","CVS HEALTH CORPORATION","NYSE","12896722","14142639","4741696","2.72",,
"2021-10-15","CVX","Chevron Corporation","NYSE","19917173","18779524","10267743","1.94",,
"2021-10-15","D","Dominion Energy, Inc Common St","NYSE","5748775","7185113","3292997","1.75",,
"2021-10-15","DASH","DoorDash, Inc.","NYSE","12216308","12307436","1479455","8.26",,
"2021-10-15","DDOG","Datadog, Inc. Class A Common S","NNM","14504346","13128879","2494516","5.81",,
"2021-10-15","DE","Deere & Company","NYSE","1627984","1777818","1502033","1.08",,
"2021-10-15","DELL","Dell Technologies Inc.","NYSE","11294732","10363024","1963534","5.75",,
"2021-10-15","DHR","Danaher Corporation","NYSE","5321323","5265683","2121042","2.51",,
"2021-10-15","DIS","The Walt Disney Company","NYSE","24561619","24712945","7966471","3.08",,
"2021-10-15","DLR","Digital Realty Trust, Inc.","NYSE","10020572","10638023","1293765","7.75",,
"2021-10-15","DUK","Duke Energy Corporation","NYSE","6285240","6511434","2794580","2.25",,
"2021-10-15","ECL","Ecolab, Inc.","NYSE","2414104","2178305","1124546","2.15",,
"2021-10-15","EMR","Emerson Electric Co.","NYSE","6614547","7079710","3748319","1.76",,
"2021-10-15","EOG","EOG Resources, Inc.","NYSE","8331678","10295363","4809534","1.73",,
"2021-10-15","EPD","Enterprise Products Partners L","NYSE","36515501","33220775","7141455","5.11",,
"2021-10-15","EQIX","Equinix, Inc. Common Stock REI","NNM","1400336","1593057","475522","2.94",,
"2021-10-15","FCX","Freeport-McMoran Inc.","NYSE","29212127","30864125","24347630","1.20",,
"2021-10-15","FDX","FedEx Corporation","NYSE","4339650","5158236","3663697","1.18",,
"2021-10-15","FTNT","Fortinet, Inc. Common Stock","NNM","2233518","2124484","758071","2.95",,
"2021-10-15","GD","General Dynamics Corporation","NYSE","2195279","2216934","799033","2.75",,
"2021-10-15","GE","General Electric Company","NYSE","11486183","13030967","6492146","1.77",,
"2021-10-15","GILD","Gilead Sciences, Inc. Common S","NNM","24005350","24277331","6224321","3.86",,
"2021-10-15","GLW","Corning Incorporated","NYSE","14576487","13204548","3560762","4.09",,
"2021-10-15","GM","General Motors Company","NYSE","29658978","27017433","21478812","1.38",,
"2021-10-15","GOOG","Alphabet Inc. Class C Capital","NNM","1880873","1772283","1082594","1.74",,
"2021-10-15","GOOGL","Alphabet Inc. Class A Common S","NNM","2790225","2776429","1496697","1.86",,
"2021-10-15","GS","Goldman Sachs Group Inc.","NYSE","4347886","4443587","2708479","1.61",,
"2021-10-15","GWW","W.W. Grainger, Inc.","NYSE","792911","746170","223637","3.55",,
"2021-10-15","HCA","HCA Healthcare, Inc.","NYSE","2631551","2959760","1220208","2.16",,
"2021-10-15","HD","Home Depot, Inc.","NYSE","10054001","10185625","2773093","3.63",,
"2021-10-15","HLT","Hilton Worldwide Holdings Inc.","NYSE","7711763","7355294","2191599","3.52",,
"2021-10-15","HON","Honeywell International Inc. C","NNM","5644212","5962449","1744456","3.24",,
"2021-10-15","HOOD","Robinhood Markets, Inc. Class","NNM","22204458","22782020","3193746","6.95",,
"2021-10-15","HPE","Hewlett Packard Enterprise Com","NYSE","35772804","34563549","9772150","3.66",,
"2021-10-15","HWM","Howmet Aerospace Inc.","NYSE","10849450","9493053","2488688","4.36",,
"2021-10-15","IBKR","Interactive Brokers Group, Inc","NNM","2884900","2776145","870745","3.31",,
"2021-10-15","IBM","International Business Machine","NYSE","25485631","25805221","4552549","5.60",,
"2021-10-15","ICE","Intercontinental Exchange  Inc","NYSE","5197723","5132353","2610992","1.99",,
"2021-10-15","INTC","Intel Corporation Common Stock","NNM","63653018","58948195","21725205","2.93",,
"2021-10-15","INTU","Intuit Inc. Common Stock","NNM","1686405","1629954","1098190","1.54",,
"2021-10-15","ISRG","Intuitive Surgical, Inc. Commo","NNM","3405369","1011382","1619882","2.10","S",
"2021-10-15","ITW","Illinois Tool Works Inc.","NYSE","4411998","5290269","1085307","4.07",,
"2021-10-15","JNJ","Johnson & Johnson","NYSE","16199981","16340137","6224805","2.60",,
"2021-10-15","JPM","JPMorgan Chase & Co.","NYSE","18214256","18755321","12924101","1.41",,
"2021-10-15","KKR","KKR & Co. Inc.","NYSE","8114242","7899167","2302466","3.52",,
"2021-10-15","KLAC","KLA Corporation Common Stock","NNM","2528294","2651182","805684","3.14",,
"2021-10-15","KMI","Kinder Morgan, Inc.","NYSE","33304369","37227847","17207908","1.94",,
"2021-10-15","KO","Coca-Cola Company","NYSE","33519092","33833500","16076154","2.09",,
"2021-10-15","LIN","Linde plc Ordinary Share","NYSE","3113531","2902456","1307973","2.38",,
"2021-10-15","LLY","Eli Lilly & Co.","NYSE","6566494","6410580","2451924","2.68",,
"2021-10-15","LMT","Lockheed Martin Corp.","NYSE","2553907","2356675","968247","2.64",,
"2021-10-15","LOW","Lowe's Companies Inc.","NYSE","7985885","8563851","3296632","2.42",,
"2021-10-15","LRCX","Lam Research Corporation Commo","NNM","2391964","2219298","1241890","1.93",,
"2021-10-15","MA","Mastercard Incorporated","NYSE","4935267","5473013","4074458","1.21",,
"2021-10-15","MAR","Marriott International Class A","NNM","4808281","4831156","2120898","2.27",,
"2021-10-15","MCD","McDonald's Corporation","NYSE","5803801","6778487","2285302","2.54",,
"2021-10-15","MCK","McKesson Corporation","NYSE","1994530","2361338","623885","3.20",,
"2021-10-15","MCO","Moody's Corporation","NYSE","2026965","2262986","491216","4.13",,
"2021-10-15","MDLZ","Mondelez International, Inc. C","NNM","12807736","15409048","7237586","1.77",,
"2021-10-15","MDT","Medtronic plc","NYSE","8243096","8479470","4374364","1.88",,
"2021-10-15","META","Roundhill Ball Metaverse ETF","ARCA","273453","107566","132372","2.07",,
"2021-10-15","MMM","3M Company","NYSE","9779274","10788602","2367410","4.13",,
"2021-10-15","MNST","Monster Beverage Corporation","NNM","4586822","4876319","2194736","2.09",,
"2021-10-15","MO","Altria Group, Inc.","NYSE","13982084","13844264","7044208","1.98",,
"2021-10-15","MPC","MARATHON PETROLEUM CORPORATION","NYSE","23168709","20605661","6804918","3.40",,
"2021-10-15","MPWR","Monolithic Power Systems, Inc.","NNM","837382","739034","291407","2.87",,
"2021-10-15","MRK","Merck & Co., Inc.","NYSE","21878917","22562337","26192202","1.00",,
"2021-10-15","MRVL","Marvell Technology, Inc. Commo","NNM","15189099","13892849","8167643","1.86",,
"2021-10-15","MS","Morgan Stanley","NYSE","13850611","15537664","8906418","1.56",,
"2021-10-15","MSFT","Microsoft Corporation Common S","NNM","48556022","47171313","24142058","2.01",,
"2021-10-15","MSI","Motorola Solutions, Inc. New","NYSE","2205186","2176080","609761","3.62",,
"2021-10-15","MU","Micron Technology, Inc. Common","NNM","24844516","20209759","17545424","1.42",,
"2021-10-15","NEE","Nextra Energy, Inc.","NYSE","23346740","20461520","7238127","3.23",,
"2021-10-15","NEM","Newmont Corporation","NYSE","8989595","8016927","6321467","1.42",,
"2021-10-15","NET","Cloudflare, Inc. Class A commo","NYSE","12503159","10461924","5172201","2.42",,
"2021-10-15","NFLX","Netflix, Inc. Common Stock","NNM","9497091","9185120","4100334","2.32",,
"2021-10-15","NKE","Nike, Inc.","NYSE","12555935","12317687","7438431","1.69",,
"2021-10-15","NOC","Northrop Grumman Corp.","NYSE","1798627","1775534","694015","2.59",,
"2021-10-15","NOW","SERVICENOW, INC.","NYSE","3428786","3315621","1102955","3.11",,
"2021-10-15","NSC","Norfolk Southern Corp.","NYSE","3073206","3369652","1294675","2.37",,
"2021-10-15","NVDA","NVIDIA Corporation Common Stoc","NNM","23043923","22415848","23129343","1.00",,
"2021-10-15","ORCL","Oracle Corp","NYSE","30731290","28122052","10388950","2.96",,
"2021-10-15","ORLY","O'Reilly Automotive, Inc. Comm","NNM","839506","820768","382426","2.20",,
"2021-10-15","PANW","PALO ALTO NETWORKS, INC","NYSE","6444717","6468458","1000201","6.44",,
"2021-10-15","PCAR","PACCAR Inc. Common Stock","NNM","5146258","5877372","1939277","2.65",,
"2021-10-15","PEP","PepsiCo, Inc. Common Stock","NNM","11163709","11357696","4315628","2.59",,
"2021-10-15","PFE","Pfizer Inc.","NYSE","54477410","52180504","22484152","2.42",,
"2021-10-15","PG","Procter & Gamble Company","NYSE","13808347","14338476","6111678","2.26",,
"2021-10-15","PGR","Progressive Corporation","NYSE","10379822","10170073","2614574","3.97",,
"2021-10-15","PH","Parker-Hannifin Corporation","NYSE","1241509","1436645","699273","1.78",,
"2021-10-15","PLD","PROLOGIS, INC.","NYSE","9338785","9450615","2158296","4.33",,
"2021-10-15","PLTR","Palantir Technologies Inc. Cla","NYSE","80176637","72390819","42647627","1.88",,
"2021-10-15","PM","Philip Morris International In","NYSE","8877251","9301906","4001053","2.22",,
"2021-10-15","PNC","PNC Financial Services Group","NYSE","6709051","6051423","1714004","3.91",,
"2021-10-15","PSX","PHILLIPS 66","NYSE","7716771","8227787","3406559","2.27",,
"2021-10-15","PWR","Quanta Services, Inc.","NYSE","2827185","3324380","1187660","2.38",,
"2021-10-15","QCOM","QUALCOMM Incorporated Common S","NNM","14792190","14893225","8663521","1.71",,
"2021-10-15","RCL","Royal Caribbean Group","NYSE","14314366","14632669","2908787","4.92",,
"2021-10-15","REGN","Regeneron Pharmaceuticals, Inc","NNM","1760221","1799182","826737","2.13",,
"2021-10-15","ROST","Ross Stores, Inc. Common Stock","NNM","4787302","4048801","1828890","2.62",,
"2021-10-15","RSG","Republic Services Inc.","NYSE","1831970","1624863","938724","1.95",,
"2021-10-15","RTX","Raytheon Technologies Corporat","NYSE","12439327","14392254","4164004","2.99",,
"2021-10-15","SBUX","Starbucks Corporation Common S","NNM","12130803","11294508","5156124","2.35",,
"2021-10-15","SCCO","Southern Copper Corporation","NYSE","4300982","4153111","1247231","3.45",,
"2021-10-15","SCHW","The Charles Schwab Corporation","NYSE","13156108","15237872","5667466","2.32",,
"2021-10-15","SHW","The Sherwin-Williams Company","NYSE","3691544","3265282","1266233","2.92",,
"2021-10-15","SNOW","Snowflake Inc.","NYSE","13503278","13043652","2197193","6.15",,
"2021-10-15","SNPS","Synopsys, Inc. Common Stock","NNM","1961564","1761948","622623","3.15",,
"2021-10-15","SO","The Southern Company","NYSE","10550142","10071344","3532216","2.99",,
"2021-10-15","SPCX","The SPAC and New Issue ETF","ARCA","234921","244512","25205","9.32",,
"2021-10-15","SPG","Simon Property Group, Inc.","NYSE","13468735","13098097","1908063","7.06",,
"2021-10-15","SPGI","S&P Global Inc.","NYSE","17416064","17290296","1050270","16.58",,
"2021-10-15","SYK","Stryker Corporation","NYSE","3482999","4048899","1116663","3.12",,
"2021-10-15","T","AT&T Inc.","NYSE","110037152","109749474","50664786","2.17",,
"2021-10-15","TDG","TransDigm Group Incorporated","NYSE","2219319","2141644","217480","10.20",,
"2021-10-15","TFC","Truist Financial Corporation","NYSE","12394771","13361540","3925191","3.16",,
"2021-10-15","TGT","Target Corporation","NYSE","8920260","8514223","2992006","2.98",,
"2021-10-15","TJX","TJX Companies, Inc. (The)","NYSE","10255696","9379055","7131497","1.44",,
"2021-10-15","TMO","Thermo Fisher Scientific, Inc.","NYSE","2600550","2574836","1091846","2.38",,
"2021-10-15","TMUS","T-Mobile US, Inc. Common Stock","NNM","15393569","16054358","5940213","2.59",,
"2021-10-15","TRV","The Travelers Companies, Inc.","NYSE","3778757","4169308","1176342","3.21",,
"2021-10-15","TSLA","Tesla, Inc. Common Stock","NNM","30337020","29205723","17943717","1.69",,
"2021-10-15","TXN","Texas Instruments Incorporated","NNM","14677847","14360010","3414034","4.30",,
"2021-10-15","UBER","Uber Technologies, Inc.","NYSE","87078082","84109908","19077462","4.56",,
"2021-10-15","UNH","UNITEDHEALTH GROUP INCORPORATE","NYSE","5914058","6334061","3098167","1.91",,
"2021-10-15","UNP","Union Pacific Corp.","NYSE","8022926","6986257","3096565","2.59",,
"2021-10-15","UPS","United Parcel Service, Inc. Cl","NYSE","7866476","7811980","2897790","2.71",,
"2021-10-15","URI","United Rentals, Inc.","NYSE","1741134","1374873","574418","3.03",,
"2021-10-15","USB","U.S. Bancorp","NYSE","12074285","11355555","5652202","2.14",,
"2021-10-15","V","VISA Inc.","NYSE","26755955","24442116","6530329","4.10",,
"2021-10-15","VLO","Valero Energy Corporation","NYSE","11547294","11351196","3694636","3.13",,
"2021-10-15","VRT","Vertiv Holdings Co Class A Com","NYSE","12598250","11638263","2966984","4.25",,
"2021-10-15","VRTX","Vertex Pharmaceuticals Incorpo","NNM","4438131","5070095","1477691","3.00",,
"2021-10-15","VZ","Verizon Communications","NYSE","54936470","53498261","24277224","2.26",,
"2021-10-15","WDC","Western Digital Corporation Co","NNM","8098518","7307395","2728305","2.97",,
"2021-10-15","WELL","Welltower Inc.","NYSE","10985227","10989700","1304096","8.42",,
"2021-10-15","WFC","Wells Fargo & Co.","NYSE","41991680","45753349","25769897","1.63",,
"2021-10-15","WM","Waste Management, Inc.","NYSE","4302639","3848586","1359059","3.17",,
"2021-10-15","WMB","Williams Companies Inc.","NYSE","33299299","27314581","10142104","3.28",,
"2021-10-15","WMT","Walmart Inc.","NYSE","14259873","14359245","6732883","2.12",,
"2021-10-15","XOM","Exxon Mobil Corporation","NYSE","40001253","42523130","22452714","1.78",,
"2021-06-30","AAPL","Apple Inc. Common Stock","NNM","90213531","108937943","76480665","1.18",,
"2021-06-30","ABBV","ABBVIE INC.","NYSE","13769117","13342625","6047581","2.28",,
"2021-06-30","ABNB","Airbnb, Inc. Class A Common St","NNM","11682213","13485898","8241541","1.42",,
"2021-06-30","ABT","Abbott Laboratories","NYSE","13550142","14011039","7227441","1.87",,
"2021-06-30","ADBE","Adobe Inc. Common Stock","NNM","4535876","4939615","2566560","1.77",,
"2021-06-30","ADI","Analog Devices, Inc. Common St","NNM","41613103","40755491","2653368","15.68",,
"2021-06-30","ADP","Automatic Data Processing, Inc","NNM","4759228","5086019","1420796","3.35",,
"2021-06-30","AEP","American Electric Power Compan","NNM","8826838","8599676","2879617","3.07",,
"2021-06-30","AFL","Aflac Inc.","NYSE","13818518","14522536","4254712","3.25",,
"2021-06-30","AJG","Arthur J. Gallagher & Co.","NYSE","3043756","2393827","1335688","2.28",,
"2021-06-30","ALL","The Allstate Corporation","NYSE","4988373","5020683","1666699","2.99",,
"2021-06-30","AMAT","Applied Materials, Inc. Common","NNM","12293943","11841446","7158121","1.72",,
"2021-06-30","AMD","Advanced Micro Devices, Inc. C","NNM","88560782","86883692","44100857","2.01",,
"2021-06-30","AMGN","Amgen Inc. Common Stock","NNM","9342582","10023893","2539660","3.68",,
"2021-06-30","AMT","American Tower Corporation","NYSE","4274421","4198537","1615443","2.65",,
"2021-06-30","AMZN","Amazon.com, Inc. Common Stock","NNM","4518381","4826456","3491391","1.29",,
"2021-06-30","ANET","Arista Networks","NYSE","1645207","1845532","539219","3.05",,
"2021-06-30","AON","Aon plc Class A","NYSE","25831309","27938320","2797420","9.23",,
"2021-06-30","APD","Air Products & Chemicals, Inc.","NYSE","2130510","1524373","962110","2.21",,
"2021-06-30","APH","Amphenol Corporation","NYSE","3586402","3254888","2724846","1.32",,
"2021-06-30","APO","Apollo Global Management, Inc.","NYSE","21407810","18023421","2964726","7.22",,
"2021-06-30","APP","Applovin Corporation Class A C","NNM","5185461","4329493","1132543","4.58",,
"2021-06-30","AVGO","Broadcom Inc. Common Stock","NNM","4390663","4388080","1765319","2.49",,
"2021-06-30","AXP","American Express Company","NYSE","6461680","6260120","3930707","1.64",,
"2021-06-30","BA","Boeing Company","NYSE","9405032","9998629","12623079","1.00",,
"2021-06-30","BAC","Bank of America Corporation","NYSE","78051189","83090292","51279139","1.52",,
"2021-06-30","BKNG","Booking Holdings Inc. Common S","NNM","719046","752410","322171","2.23",,
"2021-06-30","BLK","Blackrock, Inc.","NYSE","1428821","1674302","648319","2.20",,
"2021-06-30","BMY","Bristol-Myers Squibb Co.","NYSE","16175977","20791316","10487843","1.54",,
"2021-06-30","BNY","BlackRock New York Municipal I","NYSE","2556","8434","44576","1.00",,
"2021-06-30","BRKA","Berkshire Hathaway Inc.","NYSE","472","316","1397","1.00",,
"2021-06-30","BRKB","BERKSHIRE HATHAWAY Class B","NYSE","8751901","10674479","5872665","1.49",,
"2021-06-30","BSX","Boston Scientific Corp.","NYSE","12705625","13401008","6424483","1.98",,
"2021-06-30","BX","The Blackstone Group Inc.","NYSE","20245473","10039324","7692507","2.63",,
"2021-06-30","C","Citigroup Inc.","NYSE","29755321","30616086","30310692","1.00",,
"2021-06-30","CAT","Caterpillar Inc.","NYSE","6558726","6020226","5451701","1.20",,
"2021-06-30","CCZ","Comcast Holdings Corp. 2.0% Ex","NYSE","47","91","33","1.42",,
"2021-06-30","CDNS","Cadence Design Systems, Inc. C","NNM","3021807","2711562","1557474","1.94",,
"2021-06-30","CI","CIGNA Corporation","NYSE","4491516","4152304","2240904","2.00",,
"2021-06-30","CL","Colgate-Palmolive Company","NYSE","7817648","7517234","4436883","1.76",,
"2021-06-30","CMCSA","Comcast Corporation Class A Co","NNM","68715015","71273068","17703621","3.88",,
"2021-06-30","CME","CME Group Inc. Class A Common","NNM","4594219","4908495","1291347","3.56",,
"2021-06-30","CMI","Cummins Inc.","NYSE","3208708","3897324","1234967","2.60",,
"2021-06-30","COF","Capital One Financial","NYSE","4218255","5124129","3354226","1.26",,
"2021-06-30","COP","ConocoPhillips","NYSE","14577371","15253438","9370770","1.56",,
"2021-06-30","COST","Costco Wholesale Corporation C","NNM","4572299","4239412","1876428","2.44",,
"2021-06-30","CRM","salesforce.com, inc.","NYSE","20205788","22692331","5967141","3.39",,
"2021-06-30","CRWD","CrowdStrike Holdings, Inc. Cla","NNM","9533624","12558120","4586246","2.08",,
"2021-06-30","CSCO","Cisco Systems, Inc. Common Sto","NNM","30609996","36250889","17229976","1.78",,
"2021-06-30","CSX","CSX Corporation Common Stock","NNM","17539295","7517349","12762643","1.37","S","R"
"2021-06-30","CTAS","Cintas Corporation Common Stoc","NNM","1279980","1035154","467158","2.74",,
"2021-06-30","CVNA","Carvana Co.","NYSE","16541774","17163310","1842906","8.98",,
"2021-06-30","CVS","CVS HEALTH CORPORATION","NYSE","14408640","15965883","4883237","2.95",,
"2021-06-30","CVX","Chevron Corporation","NYSE","14341043","15919520","10986192","1.31",,
"2021-06-30","D","Dominion Energy, Inc Common St","NYSE","8219916","8454818","3455556","2.38",,
"2021-06-30","DASH","DoorDash, Inc.","NYSE","14204014","11450126","4673799","3.04",,
"2021-06-30","DDOG","Datadog, Inc. Class A Common S","NNM","16212118","15631454","3000883","5.40",,
"2021-06-30","DE","Deere & Company","NYSE","3092242","3470139","2593668","1.19",,
"2021-06-30","DELL","Dell Technologies Inc.","NYSE","8064437","7923761","2793933","2.89",,
"2021-06-30","DHR","Danaher Corporation","NYSE","5451426","5802139","3227054","1.69",,
"2021-06-30","DIS","The Walt Disney Company","NYSE","21896322","22947661","9264596","2.36",,
"2021-06-30","DLR","Digital Realty Trust, Inc.","NYSE","7217774","8881446","1769431","4.08",,
"2021-06-30","DUK","Duke Energy Corporation","NYSE","7512975","7600328","3383685","2.22",,
"2021-06-30","ECL","Ecolab, Inc.","NYSE","2146709","1757725","1215025","1.77",,
"2021-06-30","EMR","Emerson Electric Co.","NYSE","7226444","8591579","2818122","2.56",,
"2021-06-30","EOG","EOG Resources, Inc.","NYSE","7499225","8423257","4444034","1.69",,
"2021-06-30","EPD","Enterprise Products Partners L","NYSE","37320281","40817692","6715239","5.56",,
"2021-06-30","EQIX","Equinix, Inc. Common Stock REI","NNM","1430743","1131326","1057326","1.35",,
"2021-06-30","FCX","Freeport-McMoran Inc.","NYSE","20987370","26095957","29723976","1.00",,
"2021-06-30","FDX","FedEx Corporation","NYSE","2949667","3016151","3501776","1.00",,
"2021-06-30","FTNT","Fortinet, Inc. Common Stock","NNM","2159104","2225981","967339","2.23",,
"2021-06-30","GD","General Dynamics Corporation","NYSE","2519301","2723917","1131194","2.23",,
"2021-06-30","GE","General Electric Company","NYSE","82996122","87507681","58780194","1.41",,
"2021-06-30","GILD","Gilead Sciences, Inc. Common S","NNM","24234511","24017973","6883868","3.52",,
"2021-06-30","GLW","Corning Incorporated","NYSE","11280298","10721130","5607959","2.01",,
"2021-06-30","GM","General Motors Company","NYSE","18469513","19802137","16316691","1.13",,
"2021-06-30","GOOG","Alphabet Inc. Class C Capital","NNM","2471249","3143232","1344771","1.84",,
"2021-06-30","GOOGL","Alphabet Inc. Class A Common S","NNM","2762096","2704973","1355495","2.04",,
"2021-06-30","GS","Goldman Sachs Group Inc.","NYSE","4125931","5187308","2903507","1.42",,
"2021-06-30","GWW","W.W. Grainger, Inc.","NYSE","734766","625046","256164","2.87",,
"2021-06-30","HCA","HCA Healthcare, Inc.","NYSE","3517880","3713452","1462986","2.40",,
"2021-06-30","HD","Home Depot, Inc.","NYSE","10414582","11015172","4704881","2.21",,
"2021-06-30","HLT","Hilton Worldwide Holdings Inc.","NYSE","8756904","8086087","2179936","4.02",,
"2021-06-30","HON","Honeywell International Inc. C","NNM","5291106","4432852","3164427","1.67",,
"2021-06-30","HPE","Hewlett Packard Enterprise Com","NYSE","29076021","26049496","9764973","2.98",,
"2021-06-30","HWM","Howmet Aerospace Inc.","NYSE","10506010","8523910","3206111","3.28",,
"2021-06-30","IBKR","Interactive Brokers Group, Inc","NNM","4089483","3621819","765564","5.34",,
"2021-06-30","IBM","International Business Machine","NYSE","24370511","25584027","4008640","6.08",,
"2021-06-30","ICE","Intercontinental Exchange  Inc","NYSE","5120177","4254578","3322145","1.54",,
"2021-06-30","INTC","Intel Corporation Common Stock","NNM","61704163","59510349","25205394","2.45",,
"2021-06-30","INTU","Intuit Inc. Common Stock","NNM","1666959","2113532","1192415","1.40",,
"2021-06-30","ISRG","Intuitive Surgical, Inc. Commo","NNM","1379601","1475176","476611","2.89",,
"2021-06-30","ITW","Illinois Tool Works Inc.","NYSE","4180755","3805817","1222842","3.42",,
"2021-06-30","JNJ","Johnson & Johnson","NYSE","14559816","15161651","6689867","2.18",,
"2021-06-30","JPM","JPMorgan Chase & Co.","NYSE","19216966","22999076","19517476","1.00",,
"2021-06-30","KKR","KKR & Co. Inc.","NYSE","8780159","11467232","3309099","2.65",,
"2021-06-30","KLAC","KLA Corporation Common Stock","NNM","2036821","2556275","1146376","1.78",,
"2021-06-30","KMI","Kinder Morgan, Inc.","NYSE","30169506","30614784","12096550","2.49",,
"2021-06-30","KO","Coca-Cola Company","NYSE","25354239","24988625","14997526","1.69",,
"2021-06-30","LIN","Linde plc Ordinary Share","NYSE","3418135","4702296","4295732","1.00",,
"2021-06-30","LLY","Eli Lilly & Co.","NYSE","6256404","7599771","3764061","1.66",,
"2021-06-30","LMT","Lockheed Martin Corp.","NYSE","2772186","3028930","1259570","2.20",,
"2021-06-30","LOW","Lowe's Companies Inc.","NYSE","8281312","9051212","3990806","2.08",,
"2021-06-30","LRCX","Lam Research Corporation Commo","NNM","1945586","2223824","999094","1.95",,
"2021-06-30","MA","Mastercard Incorporated","NYSE","4367104","6690641","3516953","1.24",,
"2021-06-30","MAR","Marriott International Class A","NNM","6345362","5337942","2412123","2.63",,
"2021-06-30","MCD","McDonald's Corporation","NYSE","5482307","6927779","2457635","2.23",,
"2021-06-30","MCK","McKesson Corporation","NYSE","2012026","2263435","1588776","1.27",,
"2021-06-30","MCO","Moody's Corporation","NYSE","2347051","2009677","648086","3.62",,
"2021-06-30","MDLZ","Mondelez International, Inc. C","NNM","10415249","11649872","6974765","1.49",,
"2021-06-30","MDT","Medtronic plc","NYSE","9263915","8737217","4228246","2.19",,
"2021-06-30","MMM","3M Company","NYSE","11795242","10963234","2914088","4.05",,
"2021-06-30","MNST","Monster Beverage Corporation","NNM","5097306","5199685","2314008","2.20",,
"2021-06-30","MO","Altria Group, Inc.","NYSE","13657329","16544090","8213406","1.66",,
"2021-06-30","MPC","MARATHON PETROLEUM CORPORATION","NYSE","17664850","17851330","5439029","3.25",,
"2021-06-30","MPWR","Monolithic Power Systems, Inc.","NNM","694976","601425","335571","2.07",,
"2021-06-30","MRK","Merck & Co., Inc.","NYSE","23932756","22067660","15611958","1.53",,
"2021-06-30","MRVL","Marvell Technology, Inc. Commo","NNM","15690813","17731991","7892988","1.99",,
"2021-06-30","MS","Morgan Stanley","NYSE","12190302","17561753","11172068","1.09",,
"2021-06-30","MSFT","Microsoft Corporation Common S","NNM","50822833","48137624","24627656","2.06",,
"2021-06-30","MSI","Motorola Solutions, Inc. New","NYSE","1736704","1820673","802568","2.16",,
"2021-06-30","MU","Micron Technology, Inc. Common","NNM","23757392","24169231","21822940","1.09",,
"2021-06-30","NEE","Nextra Energy, Inc.","NYSE","22334980","21272513","8548113","2.61",,
"2021-06-30","NEM","Newmont Corporation","NYSE","8238760","12030158","8993303","1.00",,
"2021-06-30","NET","Cloudflare, Inc. Class A commo","NYSE","14609024","14833074","4661007","3.13",,
"2021-06-30","NFLX","Netflix, Inc. Common Stock","NNM","9635140","8930701","3937496","2.45",,
"2021-06-30","NKE","Nike, Inc.","NYSE","13081945","12033981","12233412","1.07",,
"2021-06-30","NOC","Northrop Grumman Corp.","NYSE","1435100","2089034","1091711","1.31",,
"2021-06-30","NOW","SERVICENOW, INC.","NYSE","3493256","3422559","1338720","2.61",,
"2021-06-30","NSC","Norfolk Southern Corp.","NYSE","2832653","2785817","1298184","2.18",,
"2021-06-30","NVDA","NVIDIA Corporation Common Stoc","NNM","7998750","7461071","12376752","1.00",,
"2021-06-30","ORCL","Oracle Corp","NYSE","30859650","32221103","12850093","2.40",,
"2021-06-30","ORLY","O'Reilly Automotive, Inc. Comm","NNM","857933","1213270","555090","1.55",,
"2021-06-30","PANW","PALO ALTO NETWORKS, INC","NYSE","4928880","5014181","988562","4.99",,
"2021-06-30","PCAR","PACCAR Inc. Common Stock","NNM","4702305","5047570","2049897","2.29",,
"2021-06-30","PEP","PepsiCo, Inc. Common Stock","NNM","9595854","9873615","5119483","1.87",,
"2021-06-30","PFE","Pfizer Inc.","NYSE","63146117","59773904","20474923","3.08",,
"2021-06-30","PG","Procter & Gamble Company","NYSE","15551694","16756962","9033449","1.72",,
"2021-06-30","PGR","Progressive Corporation","NYSE","7645791","6912341","3873464","1.97",,
"2021-06-30","PH","Parker-Hannifin Corporation","NYSE","1568660","1742160","1105978","1.42",,
"2021-06-30","PLD","PROLOGIS, INC.","NYSE","9410502","9492790","2984293","3.15",,
"2021-06-30","PLTR","Palantir Technologies Inc. Cla","NYSE","68132010","52303072","58356776","1.17",,
"2021-06-30","PM","Philip Morris International In","NYSE","9631908","10343072","7047783","1.37",,
"2021-06-30","PNC","PNC Financial Services Group","NYSE","5256743","5061867","1835597","2.86",,
"2021-06-30","PSX","PHILLIPS 66","NYSE","9312363","9083578","3632910","2.56",,
"2021-06-30","PWR","Quanta Services, Inc.","NYSE","2389628","1996878","1370574","1.74",,
"2021-06-30","QCOM","QUALCOMM Incorporated Common S","NNM","16137822","18127095","7407494","2.18",,
"2021-06-30","RCL","Royal Caribbean Group","NYSE","11522004","10186402","4222964","2.73",,
"2021-06-30","REGN","Regeneron Pharmaceuticals, Inc","NNM","1413220","1920008","945205","1.50",,
"2021-06-30","ROST","Ross Stores, Inc. Common Stock","NNM","4044608","3373417","2224573","1.82",,
"2021-06-30","RSG","Republic Services Inc.","NYSE","2007629","2055354","1302608","1.54",,
"2021-06-30","RTX","Raytheon Technologies Corporat","NYSE","13308014","15053251","6145473","2.17",,
"2021-06-30","SBUX","Starbucks Corporation Common S","NNM","12368268","12072776","5420110","2.28",,
"2021-06-30","SCCO","Southern Copper Corporation","NYSE","5397622","5779890","1775176","3.04",,
"2021-06-30","SCHW","The Charles Schwab Corporation","NYSE","15617483","16453051","8509266","1.84",,
"2021-06-30","SHW","The Sherwin-Williams Company","NYSE","3479261","3091000","1108982","3.14",,
"2021-06-30","SNOW","Snowflake Inc.","NYSE","13204977","9950686","4778181","2.76",,
"2021-06-30","SNPS","Synopsys, Inc. Common Stock","NNM","1581957","1585162","1001616","1.58",,
"2021-06-30","SO","The Southern Company","NYSE","9584177","10040864","4353564","2.20",,
"2021-06-30","SPCX","The SPAC and New Issue ETF","ARCA","335746","323749","42984","7.81",,
"2021-06-30","SPG","Simon Property Group, Inc.","NYSE","13288097","13684575","2372654","5.60",,
"2021-06-30","SPGI","S&P Global Inc.","NYSE","17223943","15919012","1658687","10.38",,
"2021-06-30","SYK","Stryker Corporation","NYSE","3321618","3128570","1137514","2.92",,
"2021-06-30","T","AT&T Inc.","NYSE","97676327","105849618","34247817","2.85",,
"2021-06-30","TDG","TransDigm Group Incorporated","NYSE","2181122","2254149","294840","7.40",,
"2021-06-30","TFC","Truist Financial Corporation","NYSE","8868344","10770644","5962060","1.49",,
"2021-06-30","TGT","Target Corporation","NYSE","8481281","9229907","3029871","2.80",,
"2021-06-30","TJX","TJX Companies, Inc. (The)","NYSE","13487614","10840361","7426848","1.82",,
"2021-06-30","TMO","Thermo Fisher Scientific, Inc.","NYSE","3046511","2811691","1852092","1.64",,
"2021-06-30","TMUS","T-Mobile US, Inc. Common Stock","NNM","12092237","13511078","3324130","3.64",,
"2021-06-30","TRV","The Travelers Companies, Inc.","NYSE","4890239","4895008","1138272","4.30",,
"2021-06-30","TSLA","Tesla, Inc. Common Stock","NNM","34093281","39363717","25464832","1.34",,
"2021-06-30","TXN","Texas Instruments Incorporated","NNM","13597005","12947937","3557390","3.82",,
"2021-06-30","UBER","Uber Technologies, Inc.","NYSE","74551685","76111558","20126109","3.70",,
"2021-06-30","UNH","UNITEDHEALTH GROUP INCORPORATE","NYSE","6261570","6400844","4717874","1.33",,
"2021-06-30","UNP","Union Pacific Corp.","NYSE","5395099","7537283","3049687","1.77",,
"2021-06-30","UPS","United Parcel Service, Inc. Cl","NYSE","7114784","7910516","3590119","1.98",,
"2021-06-30","URI","United Rentals, Inc.","NYSE","1261234","1453050","945934","1.33",,
"2021-06-30","USB","U.S. Bancorp","NYSE","13968338","12539725","7180085","1.95",,
"2021-06-30","V","VISA Inc.","NYSE","26933355","26717358","8093360","3.33",,
"2021-06-30","VLO","Valero Energy Corporation","NYSE","10620238","8949801","5187340","2.05",,
"2021-06-30","VRT","Vertiv Holdings Co Class A Com","NYSE","15079024","15142770","2410354","6.26",,
"2021-06-30","VRTX","Vertex Pharmaceuticals Incorpo","NNM","4074654","4516089","2956929","1.38",,
"2021-06-30","VZ","Verizon Communications","NYSE","47835558","47523444","16929411","2.83",,
"2021-06-30","WDC","Western Digital Corporation Co","NNM","5040753","5230887","3420282","1.47",,
"2021-06-30","WELL","Welltower Inc.","NYSE","7184825","7471000","2848647","2.52",,
"2021-06-30","WFC","Wells Fargo & Co.","NYSE","50532556","46361216","34729465","1.46",,
"2021-06-30","WM","Waste Management, Inc.","NYSE","2946758","3155564","1340818","2.20",,
"2021-06-30","WMB","Williams Companies Inc.","NYSE","20860627","23205581","7020769","2.97",,
"2021-06-30","WMT","Walmart Inc.","NYSE","15280264","15501522","9131195","1.67",,
"2021-06-30","XOM","Exxon Mobil Corporation","NYSE","34761759","38118103","24354966","1.43",,
"2021-05-28","AAPL","Apple Inc. Common Stock","NNM","123121920","94747255","67230115","1.83",,
"2021-05-28","ABBV","ABBVIE INC.","NYSE","14759627","15283843","7549258","1.96",,
"2021-05-28","ABNB","Airbnb, Inc. Class A Common St","NNM","17976236","27438891","14116706","1.27",,
"2021-05-28","ABT","Abbott Laboratories","NYSE","14572046","14203592","4290201","3.40",,
"2021-05-28","ADBE","Adobe Inc. Common Stock","NNM","5077207","4873687","1732595","2.93",,
"2021-05-28","ADI","Analog Devices, Inc. Common St","NNM","41886492","37904731","4001672","10.47",,
"2021-05-28","ADP","Automatic Data Processing, Inc","NNM","4576810","4811911","1670302","2.74",,
"2021-05-28","AEP","American Electric Power Compan","NNM","8812900","9206061","2195613","4.01",,
"2021-05-28","AFL","Aflac Inc.","NYSE","13579578","12312002","3028201","4.48",,
"2021-05-28","AJG","Arthur J. Gallagher & Co.","NYSE","1977093","2483622","1226242","1.61",,
"2021-05-28","ALL","The Allstate Corporation","NYSE","4266926","4004880","2240433","1.90",,
"2021-05-28","AMAT","Applied Materials, Inc. Common","NNM","12390471","13334281","10504228","1.18",,
"2021-05-28","AMD","Advanced Micro Devices, Inc. C","NNM","84744445","84074854","38234910","2.22",,
"2021-05-28","AMGN","Amgen Inc. Common Stock","NNM","10035777","11460500","2391254","4.20",,
"2021-05-28","AMT","American Tower Corporation","NYSE","3592691","3380228","1581395","2.27",,
"2021-05-28","AMZN","Amazon.com, Inc. Common Stock","NNM","4752347","4812315","2653104","1.79",,
"2021-05-28","ANET","Arista Networks","NYSE","1627324","1622897","298373","5.45",,
"2021-05-28","AON","Aon plc Class A","NYSE","27968960","26934687","1348526","20.74",,
"2021-05-28","APD","Air Products & Chemicals, Inc.","NYSE","1788750","1984604","691727","2.59",,
"2021-05-28","APH","Amphenol Corporation","NYSE","4837115","5518029","1877945","2.58",,
"2021-05-28","APO","Apollo Global Management, Inc.","NYSE","17080965","18226362","1821957","9.38",,
"2021-05-28","APP","Applovin Corporation Class A C","NNM","4097999","4517378","804537","5.09",,
"2021-05-28","AVGO","Broadcom Inc. Common Stock","NNM","4529456","4059542","1425185","3.18",,
"2021-05-28","AXP","American Express Company","NYSE","6312667","6748896","2494281","2.53",,
"2021-05-28","BA","Boeing Company","NYSE","9203772","9987747","10725962","1.00",,
"2021-05-28","BAC","Bank of America Corporation","NYSE","80625165","90250536","36868661","2.19",,
"2021-05-28","BKNG","Booking Holdings Inc. Common S","NNM","862653","686114","322282","2.68",,
"2021-05-28","BLK","Blackrock, Inc.","NYSE","1936895","1903793","492057","3.94",,
"2021-05-28","BMY","Bristol-Myers Squibb Co.","NYSE","16766068","15986785","8462289","1.98",,
"2021-05-28","BNY","BlackRock New York Municipal I","NYSE","11171","2875","67148","1.00",,
"2021-05-28","BRKA","Berkshire Hathaway Inc.","NYSE","422","557","1326","1.00",,
"2021-05-28","BRKB","BERKSHIRE HATHAWAY Class B","NYSE","10145216","10621011","4196457","2.42",,
"2021-05-28","BSX","Boston Scientific Corp.","NYSE","11401587","11741620","5847555","1.95",,
"2021-05-28","BX","The Blackstone Group Inc.","NYSE","9264406","6762279","3086512","3.00",,
"2021-05-28","C","Citigroup Inc.","NYSE","28322289","26402927","15491639","1.83",,
"2021-05-28","CAT","Caterpillar Inc.","NYSE","5451343","5823732","2369960","2.30",,
"2021-05-28","CCZ","Comcast Holdings Corp. 2.0% Ex","NYSE","625","77","216","2.89",,
"2021-05-28","CDNS","Cadence Design Systems, Inc. C","NNM","2973804","3061852","1373634","2.16",,
"2021-05-28","CI","CIGNA Corporation","NYSE","5177770","5623901","1055504","4.91",,
"2021-05-28","CL","Colgate-Palmolive Company","NYSE","8094699","7234884","3204661","2.53",,
"2021-05-28","CMCSA","Comcast Corporation Class A Co","NNM","71282047","73317259","19107792","3.73",,
"2021-05-28","CME","CME Group Inc. Class A Common","NNM","5072951","5450305","958979","5.29",,
"2021-05-28","CMI","Cummins Inc.","NYSE","3415354","2973777","960349","3.56",,
"2021-05-28","COF","Capital One Financial","NYSE","4837338","5518293","2561161","1.89",,
"2021-05-28","COP","ConocoPhillips","NYSE","15177037","13471990","7466514","2.03",,
"2021-05-28","COST","Costco Wholesale Corporation C","NNM","4031691","4287622","1743405","2.31",,
"2021-05-28","CRM","salesforce.com, inc.","NYSE","22712479","25303073","5976360","3.80",,
"2021-05-28","CRWD","CrowdStrike Holdings, Inc. Cla","NNM","12895754","12901764","2891732","4.46",,
"2021-05-28","CSCO","Cisco Systems, Inc. Common Sto","NNM","38431342","39133739","25454970","1.51",,
"2021-05-28","CSX","CSX Corporation Common Stock","NNM","5513517","6304328","3441150","1.60",,
"2021-05-28","CTAS","Cintas Corporation Common Stoc","NNM","990054","888496","373508","2.65",,
"2021-05-28","CVNA","Carvana Co.","NYSE","17276702","16596440","2013654","8.58",,
"2021-05-28","CVS","CVS HEALTH CORPORATION","NYSE","18277663","20085296","9456724","1.93",,
"2021-05-28","CVX","Chevron Corporation","NYSE","15116557","16468871","9587985","1.58",,
"2021-05-28","D","Dominion Energy, Inc Common St","NYSE","7045566","8009847","3758621","1.87",,
"2021-05-28","DASH","DoorDash, Inc.","NYSE","13207457","14852687","4746278","2.78",,
"2021-05-28","DDOG","Datadog, Inc. Class A Common S","NNM","13716335","15727486","3264516","4.20",,
"2021-05-28","DE","Deere & Company","NYSE","3091354","2736975","2108122","1.47",,
"2021-05-28","DELL","Dell Technologies Inc.","NYSE","7444242","7302834","1514914","4.91",,
"2021-05-28","DHR","Danaher Corporation","NYSE","6306899","5734861","2221201","2.84",,
"2021-05-28","DIS","The Walt Disney Company","NYSE","21982594","21156092","9002051","2.44",,
"2021-05-28","DLR","Digital Realty Trust, Inc.","NYSE","9018014","8540084","748475","12.05",,
"2021-05-28","DUK","Duke Energy Corporation","NYSE","7270311","7636051","3465907","2.10",,
"2021-05-28","ECL","Ecolab, Inc.","NYSE","3016286","2177376","1434500","2.10",,
"2021-05-28","EMR","Emerson Electric Co.","NYSE","9222868","7381049","2125866","4.34",,
"2021-05-28","EOG","EOG Resources, Inc.","NYSE","8172183","8426038","3633050","2.25",,
"2021-05-28","EPD","Enterprise Products Partners L","NYSE","40064242","37521324","4928560","8.13",,
"2021-05-28","EQIX","Equinix, Inc. Common Stock REI","NNM","889825","860712","377222","2.36",,
"2021-05-28","FCX","Freeport-McMoran Inc.","NYSE","24465928","28427491","21533769","1.14",,
"2021-05-28","FDX","FedEx Corporation","NYSE","2942715","3444640","1454583","2.02",,
"2021-05-28","FTNT","Fortinet, Inc. Common Stock","NNM","2296066","2605319","834704","2.75",,
"2021-05-28","GD","General Dynamics Corporation","NYSE","2571151","2453022","859818","2.99",,
"2021-05-28","GE","General Electric Company","NYSE","100082541","111292388","61567589","1.63",,
"2021-05-28","GILD","Gilead Sciences, Inc. Common S","NNM","23692199","25719713","6154226","3.85",,
"2021-05-28","GLW","Corning Incorporated","NYSE","9048773","8441618","3511204","2.58",,
"2021-05-28","GM","General Motors Company","NYSE","17744594","18641041","13424581","1.32",,
"2021-05-28","GOOG","Alphabet Inc. Class C Capital","NNM","2688528","2479034","1014005","2.65",,
"2021-05-28","GOOGL","Alphabet Inc. Class A Common S","NNM","2883610","2973838","1252671","2.30",,
"2021-05-28","GS","Goldman Sachs Group Inc.","NYSE","5297704","4971898","2258533","2.35",,
"2021-05-28","GWW","W.W. Grainger, Inc.","NYSE","612519","558836","220703","2.78",,
"2021-05-28","HCA","HCA Healthcare, Inc.","NYSE","3207761","3850074","1242278","2.58",,
"2021-05-28","HD","Home Depot, Inc.","NYSE","10917868","10772431","3748612","2.91",,
"2021-05-28","HLT","Hilton Worldwide Holdings Inc.","NYSE","7966251","7524935","1544241","5.16",,
"2021-05-28","HON","Honeywell International Inc. C","NNM","5745031","6467085","2393843","2.40",,
"2021-05-28","HPE","Hewlett Packard Enterprise Com","NYSE","24010019","24378219","7913456","3.03",,
"2021-05-28","HWM","Howmet Aerospace Inc.","NYSE","9454985","11730316","4171453","2.27",,
"2021-05-28","IBKR","Interactive Brokers Group, Inc","NNM","2794106","3360786","600244","4.65",,
"2021-05-28","IBM","International Business Machine","NYSE","24662722","25132045","3649515","6.76",,
"2021-05-28","ICE","Intercontinental Exchange  Inc","NYSE","3878646","4078115","2245956","1.73",,
"2021-05-28","INTC","Intel Corporation Common Stock","NNM","59986723","58766687","19208827","3.12",,
"2021-05-28","INTU","Intuit Inc. Common Stock","NNM","2360106","2303287","1369608","1.72",,
"2021-05-28","ISRG","Intuitive Surgical, Inc. Commo","NNM","1378027","1229417","651113","2.12",,
"2021-05-28","ITW","Illinois Tool Works Inc.","NYSE","3719004","2680754","888281","4.19",,
"2021-05-28","JNJ","Johnson & Johnson","NYSE","14180881","15438973","5493899","2.58",,
"2021-05-28","JPM","JPMorgan Chase & Co.","NYSE","20771693","19620953","10575409","1.96",,
"2021-05-28","KKR","KKR & Co. Inc.","NYSE","8763643","8346783","2291856","3.82",,
"2021-05-28","KLAC","KLA Corporation Common Stock","NNM","2724452","2274576","1094571","2.49",,
"2021-05-28","KMI","Kinder Morgan, Inc.","NYSE","28642880","25944676","15101605","1.90",,
"2021-05-28","KO","Coca-Cola Company","NYSE","35023137","31026629","16487645","2.12",,
"2021-05-28","LIN","Linde plc Ordinary Share","NYSE","3964800","3529767","1303934","3.04",,
"2021-05-28","LLY","Eli Lilly & Co.","NYSE","7589448","8287919","3120564","2.43",,
"2021-05-28","LMT","Lockheed Martin Corp.","NYSE","2624048","2885531","1202240","2.18",,
"2021-05-28","LOW","Lowe's Companies Inc.","NYSE","6631331","6826997","4289668","1.55",,
"2021-05-28","LRCX","Lam Research Corporation Commo","NNM","2477283","2679270","1424495","1.74",,
"2021-05-28","MA","Mastercard Incorporated","NYSE","6188348","5838747","3109393","1.99",,
"2021-05-28","MAR","Marriott International Class A","NNM","5085765","6220659","1519041","3.35",,
"2021-05-28","MCD","McDonald's Corporation","NYSE","5715249","6007004","2331600","2.45",,
"2021-05-28","MCK","McKesson Corporation","NYSE","1558665","1923475","1089335","1.43",,
"2021-05-28","MCO","Moody's Corporation","NYSE","1708903","1696528","617902","2.77",,
"2021-05-28","MDLZ","Mondelez International, Inc. C","NNM","13556391","13213593","5802245","2.34",,
"2021-05-28","MDT","Medtronic plc","NYSE","9299039","10166249","4288090","2.17",,
"2021-05-28","MMM","3M Company","NYSE","10447164","10073356","1582830","6.60",,
"2021-05-28","MNST","Monster Beverage Corporation","NNM","5606192","5649217","1713952","3.27",,
"2021-05-28","MO","Altria Group, Inc.","NYSE","13656203","14109138","5578034","2.45",,
"2021-05-28","MPC","MARATHON PETROLEUM CORPORATION","NYSE","24051364","24091165","9078479","2.65",,
"2021-05-28","MPWR","Monolithic Power Systems, Inc.","NNM","697744","656296","336183","2.08",,
"2021-05-28","MRK","Merck & Co., Inc.","NYSE","18830269","20786258","9374889","2.01",,
"2021-05-28","MRVL","Marvell Technology, Inc. Commo","NNM","15885106","12743014","7986854","1.99",,
"2021-05-28","MS","Morgan Stanley","NYSE","18926290","14038944","8989870","2.11",,
"2021-05-28","MSFT","Microsoft Corporation Common S","NNM","46469032","40526093","19571849","2.37",,
"2021-05-28","MSI","Motorola Solutions, Inc. New","NYSE","1787452","1886281","527694","3.39",,
"2021-05-28","MU","Micron Technology, Inc. Common","NNM","22896676","23594623","17007053","1.35",,
"2021-05-28","NEE","Nextra Energy, Inc.","NYSE","19109021","18582737","7909212","2.42",,
"2021-05-28","NEM","Newmont Corporation","NYSE","12220823","11079019","7851467","1.56",,
"2021-05-28","NET","Cloudflare, Inc. Class A commo","NYSE","15458566","15821656","3303924","4.68",,
"2021-05-28","NFLX","Netflix, Inc. Common Stock","NNM","9093088","9122498","2620709","3.47",,
"2021-05-28","NKE","Nike, Inc.","NYSE","12814828","13536099","5430917","2.36",,
"2021-05-28","NOC","Northrop Grumman Corp.","NYSE","1510810","2176173","648500","2.33",,
"2021-05-28","NOW","SERVICENOW, INC.","NYSE","3071845","3041968","1262442","2.43",,
"2021-05-28","NSC","Norfolk Southern Corp.","NYSE","2729688","2633487","1080684","2.53",,
"2021-05-28","NVDA","NVIDIA Corporation Common Stoc","NNM","6259122","6683984","9193621","1.00",,
"2021-05-28","ORCL","Oracle Corp","NYSE","32202217","30195972","7880184","4.09",,
"2021-05-28","ORLY","O'Reilly Automotive, Inc. Comm","NNM","1018234","1047541","416855","2.44",,
"2021-05-28","PANW","PALO ALTO NETWORKS, INC","NYSE","4903631","4659601","1343650","3.65",,
"2021-05-28","PCAR","PACCAR Inc. Common Stock","NNM","4967749","4633581","1288797","3.85",,
"2021-05-28","PEP","PepsiCo, Inc. Common Stock","NNM","9107046","10545263","4371866","2.08",,
"2021-05-28","PFE","Pfizer Inc.","NYSE","58996506","57321688","20322228","2.90",,
"2021-05-28","PG","Procter & Gamble Company","NYSE","17023256","13916698","10200869","1.67",,
"2021-05-28","PGR","Progressive Corporation","NYSE","6424852","6653792","3036722","2.12",,
"2021-05-28","PH","Parker-Hannifin Corporation","NYSE","1693068","1661623","733224","2.31",,
"2021-05-28","PLD","PROLOGIS, INC.","NYSE","8899237","8916088","2009690","4.43",,
"2021-05-28","PLTR","Palantir Technologies Inc. Cla","NYSE","68642962","85266137","45237765","1.52",,
"2021-05-28","PM","Philip Morris International In","NYSE","8754934","9023587","2944939","2.97",,
"2021-05-28","PNC","PNC Financial Services Group","NYSE","5220611","5739388","1538504","3.39",,
"2021-05-28","PSX","PHILLIPS 66","NYSE","9324988","9657784","2355620","3.96",,
"2021-05-28","PWR","Quanta Services, Inc.","NYSE","2097405","2837173","1068751","1.96",,
"2021-05-28","QCOM","QUALCOMM Incorporated Common S","NNM","17393068","21649069","7000530","2.48",,
"2021-05-28","RCL","Royal Caribbean Group","NYSE","10945735","10823831","3808370","2.87",,
"2021-05-28","REGN","Regeneron Pharmaceuticals, Inc","NNM","2112527","2233012","612702","3.45",,
"2021-05-28","ROST","Ross Stores, Inc. Common Stock","NNM","4657412","3571449","2896431","1.61",,
"2021-05-28","RSG","Republic Services Inc.","NYSE","2212428","1987239","1217242","1.82",,
"2021-05-28","RTX","Raytheon Technologies Corporat","NYSE","12841861","13297156","6569676","1.95",,
"2021-05-28","SBUX","Starbucks Corporation Common S","NNM","10554956","9746697","4815394","2.19",,
"2021-05-28","SCCO","Southern Copper Corporation","NYSE","6241770","5554430","1382099","4.52",,
"2021-05-28","SCHW","The Charles Schwab Corporation","NYSE","14371426","15505575","6013394","2.39",,
"2021-05-28","SHW","The Sherwin-Williams Company","NYSE","4229657","3484184","1120193","3.78",,
"2021-05-28","SNOW","Snowflake Inc.","NYSE","10061794","9515793","5522419","1.82",,
"2021-05-28","SNPS","Synopsys, Inc. Common Stock","NNM","1610229","1533859","1030961","1.56",,
"2021-05-28","SO","The Southern Company","NYSE","10847871","11185497","3870183","2.80",,
"2021-05-28","SPCX","The SPAC and New Issue ETF","ARCA","330906","414369","42487","7.79",,
"2021-05-28","SPG","Simon Property Group, Inc.","NYSE","13956466","13635486","1832098","7.62",,
"2021-05-28","SPGI","S&P Global Inc.","NYSE","14612111","14145911","1066435","13.70",,
"2021-05-28","SYK","Stryker Corporation","NYSE","3871083","3015731","1059785","3.65",,
"2021-05-28","T","AT&T Inc.","NYSE","95836665","121494606","88415530","1.08",,
"2021-05-28","TDG","TransDigm Group Incorporated","NYSE","2087028","2058437","274152","7.61",,
"2021-05-28","TFC","Truist Financial Corporation","NYSE","10892875","12868299","5633541","1.93",,
"2021-05-28","TGT","Target Corporation","NYSE","9100652","5361337","5066229","1.80",,
"2021-05-28","TJX","TJX Companies, Inc. (The)","NYSE","10404093","7887117","8056497","1.29",,
"2021-05-28","TMO","Thermo Fisher Scientific, Inc.","NYSE","3227386","3515159","1571292","2.05",,
"2021-05-28","TMUS","T-Mobile US, Inc. Common Stock","NNM","14249779","11947839","5337740","2.67",,
"2021-05-28","TRV","The Travelers Companies, Inc.","NYSE","5104459","5205826","1120435","4.56",,
"2021-05-28","TSLA","Tesla, Inc. Common Stock","NNM","40046181","39869947","28281529","1.42",,
"2021-05-28","TXN","Texas Instruments Incorporated","NNM","10991894","12141159","4416447","2.49",,
"2021-05-28","UBER","Uber Technologies, Inc.","NYSE","73238909","67860677","20251180","3.62",,
"2021-05-28","UNH","UNITEDHEALTH GROUP INCORPORATE","NYSE","6532723","6881533","2157902","3.03",,
"2021-05-28","UNP","Union Pacific Corp.","NYSE","8866668","6248360","2761081","3.21",,
"2021-05-28","UPS","United Parcel Service, Inc. Cl","NYSE","7260612","9690985","2478067","2.93",,
"2021-05-28","URI","United Rentals, Inc.","NYSE","1789182","1788871","550028","3.25",,
"2021-05-28","USB","U.S. Bancorp","NYSE","10708753","10869464","5814752","1.84",,
"2021-05-28","V","VISA Inc.","NYSE","25768090","26399369","5382291","4.79",,
"2021-05-28","VLO","Valero Energy Corporation","NYSE","8360780","9170682","3113580","2.69",,
"2021-05-28","VRT","Vertiv Holdings Co Class A Com","NYSE","15126389","14874730","2228995","6.79",,
"2021-05-28","VRTX","Vertex Pharmaceuticals Incorpo","NNM","4048381","4114951","1325179","3.05",,
"2021-05-28","VZ","Verizon Communications","NYSE","48423658","43597341","17912797","2.70",,
"2021-05-28","WDC","Western Digital Corporation Co","NNM","5391934","5945072","5685339","1.00",,
"2021-05-28","WELL","Welltower Inc.","NYSE","6535020","5954911","1316399","4.96",,
"2021-05-28","WFC","Wells Fargo & Co.","NYSE","48446889","49101489","25553577","1.90",,
"2021-05-28","WM","Waste Management, Inc.","NYSE","3807437","3128359","1323422","2.88",,
"2021-05-28","WMB","Williams Companies Inc.","NYSE","23472767","24205411","6670520","3.52",,
"2021-05-28","WMT","Walmart Inc.","NYSE","13431089","15014866","9417482","1.43",,
"2021-05-28","XOM","Exxon Mobil Corporation","NYSE","39492704","36725860","22009939","1.79",,
"2023-01-13","AAPL","Apple Inc. Common Stock","NNM","121868919","124024570","78086696","1.56",,
"2023-01-13","ABBV","ABBVIE INC.","NYSE","11961136","12927640","5882121","2.03",,
"2023-01-13","ABNB","Airbnb, Inc. Class A Common St","NNM","21120300","21082626","5194189","4.07",,
"2023-01-13","ABT","Abbott Laboratories","NYSE","14601430","16676855","5059027","2.89",,
"2023-01-13","ADBE","Adobe Inc. Common Stock","NNM","4581994","4202652","2268737","2.02",,
"2023-01-13","ADI","Analog Devices, Inc. Common St","NNM","5591317","6249099","3276529","1.71",,
"2023-01-13","ADP","Automatic Data Processing, Inc","NNM","5358888","5361161","1512906","3.54",,
"2023-01-13","AEP","American Electric Power Compan","NNM","7284460","8215658","2930753","2.49",,
"2023-01-13","AFL","Aflac Inc.","NYSE","9801689","9992292","2761230","3.55",,
"2023-01-13","AJG","Arthur J. Gallagher & Co.","NYSE","1388255","1168699","607745","2.28",,
"2023-01-13","ALL","The Allstate Corporation","NYSE","3091369","3298630","1299284","2.38",,
"2023-01-13","AMAT","Applied Materials, Inc. Common","NNM","10258140","11515375","5687786","1.80",,
"2023-01-13","AMD","Advanced Micro Devices, Inc. C","NNM","31116086","32342921","53483817","1.00",,
"2023-01-13","AMGN","Amgen Inc. Common Stock","NNM","8779502","8920457","2034932","4.31",,
"2023-01-13","AMT","American Tower Corporation","NYSE","3431399","3695180","1863193","1.84",,
"2023-01-13","AMZN","Amazon.com, Inc. Common Stock","NNM","68545607","76832110","78091051","1.00",,
"2023-01-13","ANET","Arista Networks","NYSE","3489467","3364584","2282097","1.53",,
"2023-01-13","AON","Aon plc Class A","NYSE","1220521","1254016","620251","1.97",,
"2023-01-13","APD","Air Products & Chemicals, Inc.","NYSE","2045477","2335955","1048678","1.95",,
"2023-01-13","APH","Amphenol Corporation","NYSE","6463086","5834958","2181975","2.96",,
"2023-01-13","APO","Apollo Global Management, Inc.","NYSE","8472714","8579817","1932942","4.38",,
"2023-01-13","APP","Applovin Corporation Class A C","NNM","17748452","20074552","3000224","5.92",,
"2023-01-13","AVGO","Broadcom Inc. Common Stock","NNM","5733795","5482562","2555747","2.24",,
"2023-01-13","AXP","American Express Company","NYSE","5603219","5620678","2801268","2.00",,
"2023-01-13","BA","Boeing Company","NYSE","9375475","8330242","8371341","1.12",,
"2023-01-13","BAC","Bank of America Corporation","NYSE","45282127","56750783","43895846","1.03",,
"2023-01-13","BKNG","Booking Holdings Inc. Common S","NNM","680991","741228","298390","2.28",,
"2023-01-13","BLK","Blackrock, Inc.","NYSE","2734368","3090143","858483","3.19",,
"2023-01-13","BMY","Bristol-Myers Squibb Co.","NYSE","20964545","18246973","8445398","2.48",,
"2023-01-13","BNY","BlackRock New York Municipal I","NYSE","18975","10800","42651","1.00",,
"2023-01-13","BRKA","Berkshire Hathaway Inc.","NYSE","607","734","4057","1.00",,
"2023-01-13","BRKB","BERKSHIRE HATHAWAY Class B","NYSE","6109288","6084351","3559990","1.72",,
"2023-01-13","BSX","Boston Scientific Corp.","NYSE","15606365","14105469","7709004","2.02",,
"2023-01-13","BX","Blackstone Inc.","NYSE","19158882","18121785","4837662","3.96",,
"2023-01-13","C","Citigroup Inc.","NYSE","25967326","28619411","17862927","1.45",,
"2023-01-13","CAT","Caterpillar Inc.","NYSE","8484473","8042484","3013520","2.82",,
"2023-01-13","CCZ","Comcast Holdings Corp. 2.0% Ex","NYSE","2","4","95","1.00",,
"2023-01-13","CDNS","Cadence Design Systems, Inc. C","NNM","2648392","2628882","1329683","1.99",,
"2023-01-13","CEG","Constellation Energy Corporati","NNM","5165459","4353164","1947241","2.65",,
"2023-01-13","CI","CIGNA Corporation","NYSE","2494574","3134760","1987101","1.26",,
"2023-01-13","CL","Colgate-Palmolive Company","NYSE","6834144","6496203","4074630","1.68",,
"2023-01-13","CMCSA","Comcast Corporation Class A Co","NNM","65888507","65627074","19838806","3.32",,
"2023-01-13","CME","CME Group Inc. Class A Common","NNM","4486322","4100590","1781146","2.52",,
"2023-01-13","CMI","Cummins Inc.","NYSE","3302225","3530200","786143","4.20",,
"2023-01-13","COF","Capital One Financial","NYSE","6094477","6307996","3373198","1.81",,
"2023-01-13","COP","ConocoPhillips","NYSE","9968604","9562617","4814545","2.07",,
"2023-01-13","COST","Costco Wholesale Corporation C","NNM","3624958","4435485","2211357","1.64",,
"2023-01-13","CRM","Salesforce, Inc.","NYSE","11331893","10246470","10446306","1.08",,
"2023-01-13","CRWD","CrowdStrike Holdings, Inc. Cla","NNM","9030218","7889549","5713662","1.58",,
"2023-01-13","CSCO","Cisco Systems, Inc. Common Sto","NNM","41511306","31792766","15583387","2.66",,
"2023-01-13","CSX","CSX Corporation Common Stock","NNM","16662455","16518451","10505801","1.59",,
"2023-01-13","CTAS","Cintas Corporation Common Stoc","NNM","1088507","1294050","386170","2.82",,
"2023-01-13","CVNA","Carvana Co.","NYSE","55589591","54099233","28079969","1.98",,
"2023-01-13","CVS","CVS HEALTH CORPORATION","NYSE","25310324","13444250","9268278","2.73",,
"2023-01-13","CVX","Chevron Corporation","NYSE","15344113","16143340","7200256","2.13",,
"2023-01-13","D","Dominion Energy, Inc Common St","NYSE","6229167","6394771","5802909","1.07",,
"2023-01-13","DASH","DoorDash, Inc.","NYSE","22671018","22684004","4304258","5.27",,
"2023-01-13","DDOG","Datadog, Inc. Class A Common S","NNM","14164961","14968156","4518875","3.13",,
"2023-01-13","DE","Deere & Company","NYSE","2678212","2690188","1149531","2.33",,
"2023-01-13","DELL","Dell Technologies Inc.","NYSE","10017606","11034479","3365955","2.98",,
"2023-01-13","DHR","Danaher Corporation","NYSE","4077466","4187313","2933570","1.39",,
"2023-01-13","DIS","The Walt Disney Company","NYSE","21219479","20429917","12305263","1.72",,
"2023-01-13","DLR","Digital Realty Trust, Inc.","NYSE","10571261","9849829","1989296","5.31",,
"2023-01-13","DUK","Duke Energy Corporation","NYSE","8366721","8621328","2402377","3.48",,
"2023-01-13","ECL","Ecolab, Inc.","NYSE","2043656","2236847","967610","2.11",,
"2023-01-13","ELV","Elevance Health, Inc.","NYSE","1688728","1855062","1403086","1.20",,
"2023-01-13","EMR","Emerson Electric Co.","NYSE","7617166","8256946","2791736","2.73",,
"2023-01-13","EOG","EOG Resources, Inc.","NYSE","6450673","7924834","2916065","2.21",,
"2023-01-13","EPD","Enterprise Products Partners L","NYSE","21431500","19598512","4360462","4.91",,
"2023-01-13","EQIX","Equinix, Inc. Common Stock REI","NNM","1597011","1441724","390553","4.09",,
"2023-01-13","FCX","Freeport-McMoran Inc.","NYSE","29596191","22483245","13748132","2.15",,
"2023-01-13","FDX","FedEx Corporation","NYSE","4575770","5232539","2040872","2.24",,
"2023-01-13","FTNT","Fortinet, Inc. Common Stock","NNM","15901638","14530321","5127116","3.10",,
"2023-01-13","GD","General Dynamics Corporation","NYSE","2230172","2112998","1080275","2.06",,
"2023-01-13","GE","General Electric Company","NYSE","15866109","11764657","10653764","1.49",,
"2023-01-13","GILD","Gilead Sciences, Inc. Common S","NNM","14927641","16215854","5655866","2.64",,
"2023-01-13","GLW","Corning Incorporated","NYSE","10193586","9541799","4604280","2.21",,
"2023-01-13","GM","General Motors Company","NYSE","20423506","21335044","13165004","1.55",,
"2023-01-13","GOOG","Alphabet Inc. Class C Capital","NNM","28863899","31817694","23376004","1.23",,
"2023-01-13","GOOGL","Alphabet Inc. Class A Common S","NNM","40391512","43102099","30464404","1.33",,
"2023-01-13","GS","Goldman Sachs Group Inc.","NYSE","4011095","4498543","2122921","1.89",,
"2023-01-13","GWW","W.W. Grainger, Inc.","NYSE","1268951","1269002","261056","4.86",,
"2023-01-13","HCA","HCA Healthcare, Inc.","NYSE","2920451","2754636","1175283","2.48",,
"2023-01-13","HD","Home Depot, Inc.","NYSE","11989710","13220459","3007077","3.99",,
"2023-01-13","HLT","Hilton Worldwide Holdings Inc.","NYSE","4421832","4211412","1786024","2.48",,
"2023-01-13","HON","Honeywell International Inc. C","NNM","5292380","5841213","2923744","1.81",,
"2023-01-13","HOOD","Robinhood Markets, Inc. Class","NNM","41853303","39678399","6834787","6.12",,
"2023-01-13","HPE","Hewlett Packard Enterprise Com","NYSE","26513302","24997138","16594976","1.60",,
"2023-01-13","HWM","Howmet Aerospace Inc.","NYSE","4722635","5394696","2096023","2.25",,
"2023-01-13","IBKR","Interactive Brokers Group, Inc","NNM","2452443","2789425","833255","2.94",,
"2023-01-13","IBM","International Business Machine","NYSE","30114998","29619656","3136595","9.60",,
"2023-01-13","ICE","Intercontinental Exchange  Inc","NYSE","4648806","3972997","2100281","2.21",,
"2023-01-13","INTC","Intel Corporation Common Stock","NNM","63728506","72785355","31538517","2.02",,
"2023-01-13","INTU","Intuit Inc. Common Stock","NNM","2297767","2296808","1325736","1.73",,
"2023-01-13","ISRG","Intuitive Surgical, Inc. Commo","NNM","2724586","2855625","1782158","1.53",,
"2023-01-13","ITW","Illinois Tool Works Inc.","NYSE","6366256","6167498","859885","7.40",,
"2023-01-13","JNJ","Johnson & Johnson","NYSE","8472304","9980205","6435552","1.32",,
"2023-01-13","JPM","JPMorgan Chase & Co.","NYSE","18771554","17049941","10954348","1.71",,
"2023-01-13","KKR","KKR & Co. Inc.","NYSE","12062079","14217773","3304682","3.65",,
"2023-01-13","KLAC","KLA Corporation Common Stock","NNM","3041178","3946238","1273130","2.39",,
"2023-01-13","KMI","Kinder Morgan, Inc.","NYSE","33412111","33535291","11108132","3.01",,
"2023-01-13","KO","Coca-Cola Company","NYSE","28040042","31468943","11518555","2.43",,
"2023-01-13","LIN","Linde plc Ordinary Share","NYSE","3708541","3300853","2145436","1.73",,
"2023-01-13","LLY","Eli Lilly & Co.","NYSE","4928623","5623685","2199102","2.24",,
"2023-01-13","LMT","Lockheed Martin Corp.","NYSE","3047205","2911899","1534517","1.99",,
"2023-01-13","LOW","Lowe's Companies Inc.","NYSE","11060055","10623909","2718864","4.07",,
"2023-01-13","LRCX","Lam Research Corporation Commo","NNM","2540089","2314438","1262421","2.01",,
"2023-01-13","MA","Mastercard Incorporated","NYSE","6531742","4667646","3439814","1.90",,
"2023-01-13","MAR","Marriott International Class A","NNM","4541732","5015827","1602713","2.83",,
"2023-01-13","MCD","McDonald's Corporation","NYSE","6076061","6403299","2332877","2.60",,
"2023-01-13","MCK","McKesson Corporation","NYSE","3515488","3862876","890114","3.95",,
"2023-01-13","MCO","Moody's Corporation","NYSE","3368156","3541084","644728","5.22",,
"2023-01-13","MDLZ","Mondelez International, Inc. C","NNM","9706302","11850198","5097455","1.90",,
"2023-01-13","MDT","Medtronic plc","NYSE","11847228","11773083","7454300","1.59",,
"2023-01-13","META","Meta Platforms, Inc. Class A C","NNM","28913849","29293191","28310846","1.02",,
"2023-01-13","MMM","3M Company","NYSE","13227156","13605545","2274693","5.81",,
"2023-01-13","MNST","Monster Beverage Corporation","NNM","3383615","3904078","1918171","1.76",,
"2023-01-13","MO","Altria Group, Inc.","NYSE","16577767","16678660","6694929","2.48",,
"2023-01-13","MPC","MARATHON PETROLEUM CORPORATION","NYSE","12393061","12608345","3393677","3.65",,
"2023-01-13","MPWR","Monolithic Power Systems, Inc.","NNM","2793791","3050362","495960","5.63",,
"2023-01-13","MRK","Merck & Co., Inc.","NYSE","16218086","17210478","9250353","1.75",,
"2023-01-13","MRVL","Marvell Technology, Inc. Commo","NNM","17096066","15384064","12394099","1.38",,
"2023-01-13","MS","Morgan Stanley","NYSE","16661612","17801064","6210611","2.68",,
"2023-01-13","MSFT","Microsoft Corporation Common S","NNM","36317298","38191521","32321257","1.12",,
"2023-01-13","MSI","Motorola Solutions, Inc. New","NYSE","1219479","1271734","578919","2.11",,
"2023-01-13","MU","Micron Technology, Inc. Common","NNM","29617339","25040971","15784774","1.88",,
"2023-01-13","NEE","Nextra Energy, Inc.","NYSE","18239894","18300385","5165600","3.53",,
"2023-01-13","NEM","Newmont Corporation","NYSE","13053855","11385322","7211909","1.81",,
"2023-01-13","NET","Cloudflare, Inc. Class A commo","NYSE","21743309","19968393","4589456","4.74",,
"2023-01-13","NFLX","Netflix, Inc. Common Stock","NNM","9053111","9267093","9057911","1.00",,
"2023-01-13","NKE","Nike, Inc.","NYSE","14264917","13852307","7590301","1.88",,
"2023-01-13","NOC","Northrop Grumman Corp.","NYSE","1699823","1944511","1201401","1.41",,
"2023-01-13","NOW","SERVICENOW, INC.","NYSE","2900335","3425185","1644760","1.76",,
"2023-01-13","NSC","Norfolk Southern Corp.","NYSE","2578018","2408118","931466","2.77",,
"2023-01-13","NVDA","NVIDIA Corporation Common Stoc","NNM","38138329","38301494","42919364","1.00",,
"2023-01-13","ORCL","Oracle Corp","NYSE","14141449","13367712","7318218","1.93",,
"2023-01-13","ORLY","O'Reilly Automotive, Inc. Comm","NNM","880784","946169","395619","2.23",,
"2023-01-13","PANW","Palo Alto Networks, Inc. Commo","NNM","19851569","20224538","4230364","4.69",,
"2023-01-13","PCAR","PACCAR Inc. Common Stock","NNM","5858087","5407832","1831322","3.20",,
"2023-01-13","PEP","PepsiCo, Inc. Common Stock","NNM","9412867","9733842","4180649","2.25",,
"2023-01-13","PFE","Pfizer Inc.","NYSE","37172998","42525483","23584637","1.58",,
"2023-01-13","PG","Procter & Gamble Company","NYSE","11974958","14317829","6609916","1.81",,
"2023-01-13","PGR","Progressive Corporation","NYSE","2681214","2273886","1863511","1.44",,
"2023-01-13","PH","Parker-Hannifin Corporation","NYSE","1255007","1327164","806691","1.56",,
"2023-01-13","PLD","PROLOGIS, INC.","NYSE","10386797","9319825","2876029","3.61",,
"2023-01-13","PLTR","Palantir Technologies Inc. Cla","NYSE","121345469","124061325","29194274","4.16",,
"2023-01-13","PM","Philip Morris International In","NYSE","7459282","7063755","4290414","1.74",,
"2023-01-13","PNC","PNC Financial Services Group","NYSE","5116743","5023593","2504791","2.04",,
"2023-01-13","PSX","PHILLIPS 66","NYSE","9775020","10098922","3129863","3.12",,
"2023-01-13","PWR","Quanta Services, Inc.","NYSE","4369523","4255779","924665","4.73",,
"2023-01-13","QCOM","QUALCOMM Incorporated Common S","NNM","13159604","12755228","8336032","1.58",,
"2023-01-13","RCL","Royal Caribbean Group","NYSE","19643365","20933667","4554968","4.31",,
"2023-01-13","REGN","Regeneron Pharmaceuticals, Inc","NNM","1406911","1501308","679388","2.07",,
"2023-01-13","ROST","Ross Stores, Inc. Common Stock","NNM","4556084","4715141","2214953","2.06",,
"2023-01-13","RSG","Republic Services Inc.","NYSE","2793048","1764476","2103177","1.33",,
"2023-01-13","RTX","Raytheon Technologies Corporat","NYSE","8667619","9215723","5037079","1.72",,
"2023-01-13","SBUX","Starbucks Corporation Common S","NNM","14761812","14261734","6689690","2.21",,
"2023-01-13","SCCO","Southern Copper Corporation","NYSE","6212767","5750338","1867736","3.33",,
"2023-01-13","SCHW","The Charles Schwab Corporation","NYSE","18012253","16883255","7162678","2.51",,
"2023-01-13","SHW","The Sherwin-Williams Company","NYSE","1977663","1922823","1119451","1.77",,
"2023-01-13","SNOW","Snowflake Inc.","NYSE","11745402","11362476","5656103","2.08",,
"2023-01-13","SNPS","Synopsys, Inc. Common Stock","NNM","1754831","1961018","639626","2.74",,
"2023-01-13","SO","The Southern Company","NYSE","10940069","11518283","3758482","2.91",,
"2023-01-13","SPCX","The SPAC and New Issue ETF","NNM","40106","42805","2115","18.96",,
"2023-01-13","SPG","Simon Property Group, Inc.","NYSE","6316865","6339971","1593707","3.96",,
"2023-01-13","SPGI","S&P Global Inc.","NYSE","4017151","4022334","1377159","2.92",,
"2023-01-13","SYK","Stryker Corporation","NYSE","5616865","6133814","1448112","3.88",,
"2023-01-13","T","AT&T Inc.","NYSE","87107767","81261636","36143245","2.41",,
"2023-01-13","TDG","TransDigm Group Incorporated","NYSE","1305089","1326875","319848","4.08",,
"2023-01-13","TFC","Truist Financial Corporation","NYSE","13849983","13152944","7861222","1.76",,
"2023-01-13","TGT","Target Corporation","NYSE","10701794","10264267","3808672","2.81",,
"2023-01-13","TJX","TJX Companies, Inc. (The)","NYSE","8190368","7335872","4865840","1.68",,
"2023-01-13","TMO","Thermo Fisher Scientific, Inc.","NYSE","3047691","2820583","2060355","1.48",,
"2023-01-13","TMUS","T-Mobile US, Inc. Common Stock","NNM","17293013","17577188","6080318","2.84",,
"2023-01-13","TRV","The Travelers Companies, Inc.","NYSE","3520202","3738941","1005335","3.50",,
"2023-01-13","TSLA","Tesla, Inc. Common Stock","NNM","90585375","80186849","186830469","1.00",,
"2023-01-13","TXN","Texas Instruments Incorporated","NNM","19518536","20483381","5232001","3.73",,
"2023-01-13","UBER","Uber Technologies, Inc.","NYSE","29996328","37609493","17400962","1.72",,
"2023-01-13","UNH","UNITEDHEALTH GROUP INCORPORATE","NYSE","5160431","6326720","4354707","1.19",,
"2023-01-13","UNP","Union Pacific Corp.","NYSE","5207348","5732624","2038147","2.55",,
"2023-01-13","UPS","United Parcel Service, Inc. Cl","NYSE","11722228","11535864","2524757","4.64",,
"2023-01-13","URI","United Rentals, Inc.","NYSE","3911981","3787663","614191","6.37",,
"2023-01-13","USB","U.S. Bancorp","NYSE","12512270","10665478","10920971","1.15",,
"2023-01-13","V","VISA Inc.","NYSE","32507908","30592052","5999163","5.42",,
"2023-01-13","VLO","Valero Energy Corporation","NYSE","11012195","10854572","3861282","2.85",,
"2023-01-13","VRT","Vertiv Holdings Co Class A Com","NYSE","13544312","12057386","2642040","5.13",,
"2023-01-13","VRTX","Vertex Pharmaceuticals Incorpo","NNM","2634064","2501946","1273577","2.07",,
"2023-01-13","VZ","Verizon Communications","NYSE","43747863","35239041","23416686","1.87",,
"2023-01-13","WBD","Warner Bros. Discovery, Inc. S","NNM","94481200","112942951","29512182","3.20",,
"2023-01-13","WDC","Western Digital Corporation Co","NNM","7571034","8083996","5958921","1.27",,
"2023-01-13","WELL","Welltower Inc.","NYSE","10247203","11240550","2113333","4.85",,
"2023-01-13","WFC","Wells Fargo & Co.","NYSE","23991396","26472214","20328022","1.18",,
"2023-01-13","WM","Waste Management, Inc.","NYSE","4027525","3753078","1806465","2.23",,
"2023-01-13","WMB","Williams Companies Inc.","NYSE","16979303","20000512","6061759","2.80",,
"2023-01-13","WMT","Walmart Inc.","NYSE","11792059","12259035","5030728","2.34",,
"2023-01-13","XOM","Exxon Mobil Corporation","NYSE","37509759","32725101","15849721","2.37",,
"2021-08-31","AAPL","Apple Inc. Common Stock","NNM","96838699","93105968","73166957","1.32",,
"2021-08-31","ABBV","ABBVIE INC.","NYSE","13549109","13091711","5249787","2.58",,
"2021-08-31","ABNB","Airbnb, Inc. Class A Common St","NNM","14050683","12501742","7135947","1.97",,
"2021-08-31","ABT","Abbott Laboratories","NYSE","10221589","10987079","4352303","2.35",,
"2021-08-31","ADBE","Adobe Inc. Common Stock","NNM","4702456","4970700","1368779","3.44",,
"2021-08-31","ADI","Analog Devices, Inc. Common St","NNM","12488061","41313653","7457572","1.67",,
"2021-08-31","ADP","Automatic Data Processing, Inc","NNM","3891345","4216771","1539993","2.53",,
"2021-08-31","AEP","American Electric Power Compan","NNM","7319325","7811987","2320127","3.15",,
"2021-08-31","AFL","Aflac Inc.","NYSE","15383819","14854703","2281632","6.74",,
"2021-08-31","AJG","Arthur J. Gallagher & Co.","NYSE","1849735","2749287","1002253","1.85",,
"2021-08-31","ALL","The Allstate Corporation","NYSE","8029862","5271765","1435550","5.59",,
"2021-08-31","AMAT","Applied Materials, Inc. Common","NNM","11997941","15560425","7600751","1.58",,
"2021-08-31","AMD","Advanced Micro Devices, Inc. C","NNM","64854437","70574877","61358936","1.06",,
"2021-08-31","AMGN","Amgen Inc. Common Stock","NNM","11212944","11237292","2468585","4.54",,
"2021-08-31","AMT","American Tower Corporation","NYSE","4195469","4170622","1239887","3.38",,
"2021-08-31","AMZN","Amazon.com, Inc. Common Stock","NNM","4916979","5094455","3025057","1.63",,
"2021-08-31","ANET","Arista Networks","NYSE","1362035","1385842","335108","4.06",,
"2021-08-31","AON","Aon plc Class A","NYSE","11170895","14163030","1522196","7.34",,
"2021-08-31","APD","Air Products & Chemicals, Inc.","NYSE","1843801","2216687","1073012","1.72",,
"2021-08-31","APH","Amphenol Corporation","NYSE","5117096","4956068","2077702","2.46",,
"2021-08-31","APO","Apollo Global Management, Inc.","NYSE","21155029","20900351","1700565","12.44",,
"2021-08-31","APP","Applovin Corporation Class A C","NNM","6641969","6033659","1281599","5.18",,
"2021-08-31","AVGO","Broadcom Inc. Common Stock","NNM","4454091","4689045","1363566","3.27",,
"2021-08-31","AXP","American Express Company","NYSE","9355816","9552673","3552070","2.63",,
"2021-08-31","BA","Boeing Company","NYSE","8318339","9649887","8894501","1.00",,
"2021-08-31","BAC","Bank of America Corporation","NYSE","84378237","87698192","44508552","1.90",,
"2021-08-31","BKNG","Booking Holdings Inc. Common S","NNM","823704","808589","343504","2.40",,
"2021-08-31","BLK","Blackrock, Inc.","NYSE","1489909","1615808","372872","4.00",,
"2021-08-31","BMY","Bristol-Myers Squibb Co.","NYSE","20323806","19344302","7251226","2.80",,
"2021-08-31","BNY","BlackRock New York Municipal I","NYSE","37283","9247","40151","1.00",,
"2021-08-31","BRKA","Berkshire Hathaway Inc.","NYSE","450","376","962","1.00",,
"2021-08-31","BRKB","BERKSHIRE HATHAWAY Class B","NYSE","10306575","10043804","3605567","2.86",,
"2021-08-31","BSX","Boston Scientific Corp.","NYSE","20004034","16806049","6245987","3.20",,
"2021-08-31","BX","Blackstone Inc.","NYSE","9618620","9380893","2644012","3.64",,
"2021-08-31","C","Citigroup Inc.","NYSE","37440299","36814941","15041712","2.49",,
"2021-08-31","CAT","Caterpillar Inc.","NYSE","7308857","9032732","2948073","2.48",,
"2021-08-31","CCZ","Comcast Holdings Corp. 2.0% Ex","NYSE","368","300","221","1.67",,
"2021-08-31","CDNS","Cadence Design Systems, Inc. C","NNM","2772890","2624373","1054748","2.63",,
"2021-08-31","CI","CIGNA Corporation","NYSE","10030444","4310524","1942582","5.16",,
"2021-08-31","CL","Colgate-Palmolive Company","NYSE","8466896","11005302","3312299","2.56",,
"2021-08-31","CMCSA","Comcast Corporation Class A Co","NNM","68484395","68301598","11547390","5.93",,
"2021-08-31","CME","CME Group Inc. Class A Common","NNM","4724352","4606041","1403702","3.37",,
"2021-08-31","CMI","Cummins Inc.","NYSE","3133303","2960398","1080916","2.90",,
"2021-08-31","COF","Capital One Financial","NYSE","4368652","5155673","2443307","1.79",,
"2021-08-31","COP","ConocoPhillips","NYSE","17092211","15841412","7204864","2.37",,
"2021-08-31","COST","Costco Wholesale Corporation C","NNM","5141691","4819174","1647121","3.12",,
"2021-08-31","CRM","salesforce.com, inc.","NYSE","15679547","15345160","7545036","2.08",,
"2021-08-31","CRWD","CrowdStrike Holdings, Inc. Cla","NNM","11431815","10350566","5427391","2.11",,
"2021-08-31","CSCO","Cisco Systems, Inc. Common Sto","NNM","41846217","36677064","18038507","2.32",,
"2021-08-31","CSX","CSX Corporation Common Stock","NNM","18264920","21293521","7779597","2.35",,
"2021-08-31","CTAS","Cintas Corporation Common Stoc","NNM","1161256","1050391","318607","3.64",,
"2021-08-31","CVNA","Carvana Co.","NYSE","15463427","16149150","833380","18.56",,
"2021-08-31","CVS","CVS HEALTH CORPORATION","NYSE","15316469","15852500","4669484","3.28",,
"2021-08-31","CVX","Chevron Corporation","NYSE","15862486","15259412","10933042","1.45",,
"2021-08-31","D","Dominion Energy, Inc Common St","NYSE","7518050","8597372","3129367","2.40",,
"2021-08-31","DASH","DoorDash, Inc.","NYSE","10127870","12132465","3366650","3.01",,
"2021-08-31","DDOG","Datadog, Inc. Class A Common S","NNM","13108848","13405273","2465526","5.32",,
"2021-08-31","DE","Deere & Company","NYSE","2730428","2890833","1674297","1.63",,
"2021-08-31","DELL","Dell Technologies Inc.","NYSE","7358375","7647921","2025918","3.63",,
"2021-08-31","DHR","Danaher Corporation","NYSE","5858430","6249599","2149072","2.73",,
"2021-08-31","DIS","The Walt Disney Company","NYSE","21277704","18715779","7124790","2.99",,
"2021-08-31","DLR","Digital Realty Trust, Inc.","NYSE","7324885","7153523","1062930","6.89",,
"2021-08-31","DUK","Duke Energy Corporation","NYSE","6873610","7540604","2612107","2.63",,
"2021-08-31","ECL","Ecolab, Inc.","NYSE","2447480","2412367","672499","3.64",,
"2021-08-31","EMR","Emerson Electric Co.","NYSE","6456690","7442666","1861895","3.47",,
"2021-08-31","EOG","EOG Resources, Inc.","NYSE","9956124","10051962","4086398","2.44",,
"2021-08-31","EPD","Enterprise Products Partners L","NYSE","33819181","32842954","5597233","6.04",,
"2021-08-31","EQIX","Equinix, Inc. Common Stock REI","NNM","1121560","1269987","368835","3.04",,
"2021-08-31","FCX","Freeport-McMoran Inc.","NYSE","22771021","23659207","17556235","1.30",,
"2021-08-31","FDX","FedEx Corporation","NYSE","3416346","3810320","2156102","1.58",,
"2021-08-31","FTNT","Fortinet, Inc. Common Stock","NNM","1854130","2156696","853933","2.17",,
"2021-08-31","GD","General Dynamics Corporation","NYSE","2228718","2441783","669798","3.33",,
"2021-08-31","GE","General Electric Company","NYSE","10948468","10537249","7796823","1.40",,
"2021-08-31","GILD","Gilead Sciences, Inc. Common S","NNM","22450164","25704825","6273315","3.58",,
"2021-08-31","GLW","Corning Incorporated","NYSE","13890156","12643621","4484564","3.10",,
"2021-08-31","GM","General Motors Company","NYSE","20550906","23228824","18874183","1.09",,
"2021-08-31","GOOG","Alphabet Inc. Class C Capital","NNM","2439826","2589529","914088","2.67",,
"2021-08-31","GOOGL","Alphabet Inc. Class A Common S","NNM","2994031","3045395","1143818","2.62",,
"2021-08-31","GS","Goldman Sachs Group Inc.","NYSE","4450943","4578554","1972523","2.26",,
"2021-08-31","GWW","W.W. Grainger, Inc.","NYSE","954136","961318","250663","3.81",,
"2021-08-31","HCA","HCA Healthcare, Inc.","NYSE","3707847","3732468","1038291","3.57",,
"2021-08-31","HD","Home Depot, Inc.","NYSE","10740238","11669945","3699736","2.90",,
"2021-08-31","HLT","Hilton Worldwide Holdings Inc.","NYSE","8415335","7231959","1975179","4.26",,
"2021-08-31","HON","Honeywell International Inc. C","NNM","6702000","8003891","1866335","3.59",,
"2021-08-31","HOOD","Robinhood Markets, Inc. Class","NNM","21210691","18953704","12802254","1.66",,
"2021-08-31","HPE","Hewlett Packard Enterprise Com","NYSE","36514830","34942686","7204384","5.07",,
"2021-08-31","HWM","Howmet Aerospace Inc.","NYSE","7741423","6819479","2178836","3.55",,
"2021-08-31","IBKR","Interactive Brokers Group, Inc","NNM","2280805","2828939","520157","4.38",,
"2021-08-31","IBM","International Business Machine","NYSE","25087625","25600763","2899686","8.65",,
"2021-08-31","ICE","Intercontinental Exchange  Inc","NYSE","5805424","5319464","1673379","3.47",,
"2021-08-31","INTC","Intel Corporation Common Stock","NNM","58851153","54359155","19610444","3.00",,
"2021-08-31","INTU","Intuit Inc. Common Stock","NNM","1934862","2082143","1299633","1.49",,
"2021-08-31","ISRG","Intuitive Surgical, Inc. Commo","NNM","1209144","1205635","456339","2.65",,
"2021-08-31","ITW","Illinois Tool Works Inc.","NYSE","4396535","4358512","686251","6.41",,
"2021-08-31","JNJ","Johnson & Johnson","NYSE","16389601","16697897","5778103","2.84",,
"2021-08-31","JPM","JPMorgan Chase & Co.","NYSE","19822983","21798743","9140908","2.17",,
"2021-08-31","KKR","KKR & Co. Inc.","NYSE","9333320","8202650","2083703","4.48",,
"2021-08-31","KLAC","KLA Corporation Common Stock","NNM","2739528","2170641","863468","3.17",,
"2021-08-31","KMI","Kinder Morgan, Inc.","NYSE","37874684","35776907","12614436","3.00",,
"2021-08-31","KO","Coca-Cola Company","NYSE","28160082","28462020","10633969","2.65",,
"2021-08-31","LIN","Linde plc Ordinary Share","NYSE","3538866","2940926","1115982","3.17",,
"2021-08-31","LLY","Eli Lilly & Co.","NYSE","6147246","6146880","2237959","2.75",,
"2021-08-31","LMT","Lockheed Martin Corp.","NYSE","2349019","2628254","1121608","2.09",,
"2021-08-31","LOW","Lowe's Companies Inc.","NYSE","14857023","10773486","5433934","2.73",,
"2021-08-31","LRCX","Lam Research Corporation Commo","NNM","2363185","2302859","1148209","2.06",,
"2021-08-31","MA","Mastercard Incorporated","NYSE","5653562","5250638","3563020","1.59",,
"2021-08-31","MAR","Marriott International Class A","NNM","4812071","4818020","1766117","2.72",,
"2021-08-31","MCD","McDonald's Corporation","NYSE","6354593","6216413","1992259","3.19",,
"2021-08-31","MCK","McKesson Corporation","NYSE","2052290","3177977","711866","2.88",,
"2021-08-31","MCO","Moody's Corporation","NYSE","2127844","1954500","455988","4.67",,
"2021-08-31","MDLZ","Mondelez International, Inc. C","NNM","13527845","14357429","5395886","2.51",,
"2021-08-31","MDT","Medtronic plc","NYSE","10620070","10846162","4800791","2.21",,
"2021-08-31","META","Roundhill Ball Metaverse ETF","ARCA","59550","114289","168715","1.00",,
"2021-08-31","MMM","3M Company","NYSE","10649972","10966691","1948551","5.47",,
"2021-08-31","MNST","Monster Beverage Corporation","NNM","4540570","4500330","1114490","4.07",,
"2021-08-31","MO","Altria Group, Inc.","NYSE","11418709","11216083","5513448","2.07",,
"2021-08-31","MPC","MARATHON PETROLEUM CORPORATION","NYSE","17432395","15747790","5707812","3.05",,
"2021-08-31","MPWR","Monolithic Power Systems, Inc.","NNM","1003230","935281","318329","3.15",,
"2021-08-31","MRK","Merck & Co., Inc.","NYSE","27417143","26693706","7955739","3.45",,
"2021-08-31","MRVL","Marvell Technology, Inc. Commo","NNM","16556100","14926465","6542382","2.53",,
"2021-08-31","MS","Morgan Stanley","NYSE","20717362","22233715","6738025","3.07",,
"2021-08-31","MSFT","Microsoft Corporation Common S","NNM","45696881","41985444","23282489","1.96",,
"2021-08-31","MSI","Motorola Solutions, Inc. New","NYSE","2083563","1766602","727640","2.86",,
"2021-08-31","MU","Micron Technology, Inc. Common","NNM","25385564","25651463","18468453","1.37",,
"2021-08-31","NEE","Nextra Energy, Inc.","NYSE","20799041","21399789","6881185","3.02",,
"2021-08-31","NEM","Newmont Corporation","NYSE","7210226","7660228","4827614","1.49",,
"2021-08-31","NET","Cloudflare, Inc. Class A commo","NYSE","9633973","11941279","2208052","4.36",,
"2021-08-31","NFLX","Netflix, Inc. Common Stock","NNM","10187662","9411019","2898002","3.52",,
"2021-08-31","NKE","Nike, Inc.","NYSE","10664545","11538168","4341255","2.46",,
"2021-08-31","NOC","Northrop Grumman Corp.","NYSE","1516383","1836955","567311","2.67",,
"2021-08-31","NOW","SERVICENOW, INC.","NYSE","3682730","3972552","958651","3.84",,
"2021-08-31","NSC","Norfolk Southern Corp.","NYSE","3050431","3207457","1088055","2.80",,
"2021-08-31","NVDA","NVIDIA Corporation Common Stoc","NNM","24041114","26935275","36827973","1.00",,
"2021-08-31","ORCL","Oracle Corp","NYSE","33299003","35741564","7129257","4.67",,
"2021-08-31","ORLY","O'Reilly Automotive, Inc. Comm","NNM","962717","938389","348679","2.76",,
"2021-08-31","PANW","PALO ALTO NETWORKS, INC","NYSE","5947406","4882883","2435184","2.44",,
"2021-08-31","PCAR","PACCAR Inc. Common Stock","NNM","6002882","3487348","1917847","3.13",,
"2021-08-31","PEP","PepsiCo, Inc. Common Stock","NNM","9287931","8805082","3659156","2.54",,
"2021-08-31","PFE","Pfizer Inc.","NYSE","58674931","61418532","50250117","1.17",,
"2021-08-31","PG","Procter & Gamble Company","NYSE","17472019","16425890","5647038","3.09",,
"2021-08-31","PGR","Progressive Corporation","NYSE","10999347","11122525","2641077","4.16",,
"2021-08-31","PH","Parker-Hannifin Corporation","NYSE","972938","1183622","975537","1.00",,
"2021-08-31","PLD","PROLOGIS, INC.","NYSE","9486645","10132901","2213596","4.29",,
"2021-08-31","PLTR","Palantir Technologies Inc. Cla","NYSE","61405734","56349484","54719888","1.12",,
"2021-08-31","PM","Philip Morris International In","NYSE","7888443","7983749","2768365","2.85",,
"2021-08-31","PNC","PNC Financial Services Group","NYSE","4933867","5649377","1402570","3.52",,
"2021-08-31","PSX","PHILLIPS 66","NYSE","7646673","8658552","3288421","2.33",,
"2021-08-31","PWR","Quanta Services, Inc.","NYSE","2860762","2542293","828129","3.45",,
"2021-08-31","QCOM","QUALCOMM Incorporated Common S","NNM","12590656","15499903","6560503","1.92",,
"2021-08-31","RCL","Royal Caribbean Group","NYSE","14770436","15502012","3719674","3.97",,
"2021-08-31","REGN","Regeneron Pharmaceuticals, Inc","NNM","1361400","1413372","929241","1.47",,
"2021-08-31","ROST","Ross Stores, Inc. Common Stock","NNM","3114948","4086984","2205246","1.41",,
"2021-08-31","RSG","Republic Services Inc.","NYSE","2358483","2118753","911715","2.59",,
"2021-08-31","RTX","Raytheon Technologies Corporat","NYSE","15245930","14598154","3897431","3.91",,
"2021-08-31","SBUX","Starbucks Corporation Common S","NNM","9382422","8102453","4575228","2.05",,
"2021-08-31","SCCO","Southern Copper Corporation","NYSE","4023414","4938016","876356","4.59",,
"2021-08-31","SCHW","The Charles Schwab Corporation","NYSE","14368744","15724039","5069146","2.83",,
"2021-08-31","SHW","The Sherwin-Williams Company","NYSE","2674480","3090261","769922","3.47",,
"2021-08-31","SNOW","Snowflake Inc.","NYSE","10930450","11858117","6202616","1.76",,
"2021-08-31","SNPS","Synopsys, Inc. Common Stock","NNM","1577777","1545297","882106","1.79",,
"2021-08-31","SO","The Southern Company","NYSE","11460662","11559641","4169899","2.75",,
"2021-08-31","SPCX","The SPAC and New Issue ETF","ARCA","263552","261900","29459","8.95",,
"2021-08-31","SPG","Simon Property Group, Inc.","NYSE","12912035","13696529","1796546","7.19",,
"2021-08-31","SPGI","S&P Global Inc.","NYSE","16947156","17813411","1043724","16.24",,
"2021-08-31","SYK","Stryker Corporation","NYSE","3412146","2935948","1193538","2.86",,
"2021-08-31","T","AT&T Inc.","NYSE","109503649","108450881","29403650","3.72",,
"2021-08-31","TDG","TransDigm Group Incorporated","NYSE","1995735","2112954","195242","10.22",,
"2021-08-31","TFC","Truist Financial Corporation","NYSE","11444964","13375284","3435591","3.33",,
"2021-08-31","TGT","Target Corporation","NYSE","8853933","8119576","3970158","2.23",,
"2021-08-31","TJX","TJX Companies, Inc. (The)","NYSE","9902928","9946299","7534989","1.31",,
"2021-08-31","TMO","Thermo Fisher Scientific, Inc.","NYSE","2686268","2833514","961834","2.79",,
"2021-08-31","TMUS","T-Mobile US, Inc. Common Stock","NNM","9709194","11971612","4002347","2.43",,
"2021-08-31","TRV","The Travelers Companies, Inc.","NYSE","4384511","4383580","920841","4.76",,
"2021-08-31","TSLA","Tesla, Inc. Common Stock","NNM","27432219","26828057","17361855","1.58",,
"2021-08-31","TXN","Texas Instruments Incorporated","NNM","13559643","14021338","3285243","4.13",,
"2021-08-31","UBER","Uber Technologies, Inc.","NYSE","79553204","75657299","23843292","3.34",,
"2021-08-31","UNH","UNITEDHEALTH GROUP INCORPORATE","NYSE","6393679","6541612","2312913","2.76",,
"2021-08-31","UNP","Union Pacific Corp.","NYSE","5942200","6713543","2500587","2.38",,
"2021-08-31","UPS","United Parcel Service, Inc. Cl","NYSE","7967120","9242617","2288128","3.48",,
"2021-08-31","URI","United Rentals, Inc.","NYSE","1405129","1555848","440118","3.19",,
"2021-08-31","USB","U.S. Bancorp","NYSE","12751847","12776726","4244191","3.00",,
"2021-08-31","V","VISA Inc.","NYSE","25104183","27246335","6293306","3.99",,
"2021-08-31","VLO","Valero Energy Corporation","NYSE","12255141","12245878","3824105","3.20",,
"2021-08-31","VRT","Vertiv Holdings Co Class A Com","NYSE","13055325","13984836","1352954","9.65",,
"2021-08-31","VRTX","Vertex Pharmaceuticals Incorpo","NNM","4829182","5038756","1449640","3.33",,
"2021-08-31","VZ","Verizon Communications","NYSE","55649827","50816502","13654015","4.08",,
"2021-08-31","WDC","Western Digital Corporation Co","NNM","8048364","7940690","5121288","1.57",,
"2021-08-31","WELL","Welltower Inc.","NYSE","11633377","11840336","1732874","6.71",,
"2021-08-31","WFC","Wells Fargo & Co.","NYSE","47384692","50700845","22627467","2.09",,
"2021-08-31","WM","Waste Management, Inc.","NYSE","3829692","3675068","1213486","3.16",,
"2021-08-31","WMB","Williams Companies Inc.","NYSE","20366536","24984418","7162365","2.84",,
"2021-08-31","WMT","Walmart Inc.","NYSE","17335005","17695173","8725283","1.99",,
"2021-08-31","XOM","Exxon Mobil Corporation","NYSE","41211862","36367546","18718236","2.20",,
"2021-09-30","AAPL","Apple Inc. Common Stock","NNM","101107412","100926641","85267103","1.19",,
"2021-09-30","ABBV","ABBVIE INC.","NYSE","13666689","12990796","7006122","1.95",,
"2021-09-30","ABNB","Airbnb, Inc. Class A Common St","NNM","14697513","14648428","6227731","2.36",,
"2021-09-30","ABT","Abbott Laboratories","NYSE","11216661","11048897","5358120","2.09",,
"2021-09-30","ADBE","Adobe Inc. Common Stock","NNM","4396178","4569864","3327001","1.32",,
"2021-09-30","ADI","Analog Devices, Inc. Common St","NNM","8893768","12309675","5387811","1.65",,
"2021-09-30","ADP","Automatic Data Processing, Inc","NNM","4324205","3854195","1415124","3.06",,
"2021-09-30","AEP","American Electric Power Compan","NNM","7086567","7525431","3394475","2.09",,
"2021-09-30","AFL","Aflac Inc.","NYSE","15058183","15210650","3509036","4.29",,
"2021-09-30","AJG","Arthur J. Gallagher & Co.","NYSE","2593810","1875963","1077628","2.41",,
"2021-09-30","ALL","The Allstate Corporation","NYSE","4610525","5747486","1583243","2.91",,
"2021-09-30","AMAT","Applied Materials, Inc. Common","NNM","11464553","11754022","7778228","1.47",,
"2021-09-30","AMD","Advanced Micro Devices, Inc. C","NNM","62455085","62659363","44807397","1.39",,
"2021-09-30","AMGN","Amgen Inc. Common Stock","NNM","11076656","11628921","2687779","4.12",,
"2021-09-30","AMT","American Tower Corporation","NYSE","3979721","4424294","1836118","2.17",,
"2021-09-30","AMZN","Amazon.com, Inc. Common Stock","NNM","4962116","5330390","3170421","1.57",,
"2021-09-30","ANET","Arista Networks","NYSE","1384936","1489643","443133","3.13",,
"2021-09-30","AON","Aon plc Class A","NYSE","7989703","9779286","1216403","6.57",,
"2021-09-30","APD","Air Products & Chemicals, Inc.","NYSE","2030473","2291017","1001545","2.03",,
"2021-09-30","APH","Amphenol Corporation","NYSE","6370831","5342927","2907940","2.19",,
"2021-09-30","APO","Apollo Global Management, Inc.","NYSE","21020102","20267693","2650966","7.93",,
"2021-09-30","APP","Applovin Corporation Class A C","NNM","5638547","6241890","1032531","5.46",,
"2021-09-30","AVGO","Broadcom Inc. Common Stock","NNM","4548419","4171483","1900202","2.39",,
"2021-09-30","AXP","American Express Company","NYSE","8282978","9244669","3876763","2.14",,
"2021-09-30","BA","Boeing Company","NYSE","8098555","8875003","9580119","1.00",,
"2021-09-30","BAC","Bank of America Corporation","NYSE","78228067","77934210","52618454","1.49",,
"2021-09-30","BKNG","Booking Holdings Inc. Common S","NNM","909411","798620","316965","2.87",,
"2021-09-30","BLK","Blackrock, Inc.","NYSE","1738732","1604733","629745","2.76",,
"2021-09-30","BMY","Bristol-Myers Squibb Co.","NYSE","19908999","20985264","11667089","1.71",,
"2021-09-30","BNY","BlackRock New York Municipal I","NYSE","69165","18612","32496","2.13",,
"2021-09-30","BRKA","Berkshire Hathaway Inc.","NYSE","461","492","1134","1.00",,
"2021-09-30","BRKB","BERKSHIRE HATHAWAY Class B","NYSE","9806677","10192703","5608409","1.75",,
"2021-09-30","BSX","Boston Scientific Corp.","NYSE","23792792","20542585","6423870","3.70",,
"2021-09-30","BX","Blackstone Inc.","NYSE","10002649","9542106","5801621","1.72",,
"2021-09-30","C","Citigroup Inc.","NYSE","35654916","34376316","22091355","1.61",,
"2021-09-30","CAT","Caterpillar Inc.","NYSE","8007868","7153342","4367004","1.83",,
"2021-09-30","CCZ","Comcast Holdings Corp. 2.0% Ex","NYSE","1244","153","528","2.36",,
"2021-09-30","CDNS","Cadence Design Systems, Inc. C","NNM","2508671","2633919","1177211","2.13",,
"2021-09-30","CI","CIGNA Corporation","NYSE","6516930","8891150","2165137","3.01",,
"2021-09-30","CL","Colgate-Palmolive Company","NYSE","8045386","8276141","4021518","2.00",,
"2021-09-30","CMCSA","Comcast Corporation Class A Co","NNM","72998824","68187401","17004850","4.29",,
"2021-09-30","CME","CME Group Inc. Class A Common","NNM","4582851","4294089","1534537","2.99",,
"2021-09-30","CMI","Cummins Inc.","NYSE","2558889","2831785","1077405","2.38",,
"2021-09-30","COF","Capital One Financial","NYSE","4837849","4491130","2970045","1.63",,
"2021-09-30","COP","ConocoPhillips","NYSE","21295901","18474058","12738803","1.67",,
"2021-09-30","COST","Costco Wholesale Corporation C","NNM","4947073","5248620","2242166","2.21",,
"2021-09-30","CRM","salesforce.com, inc.","NYSE","15043557","14886806","7290943","2.06",,
"2021-09-30","CRWD","CrowdStrike Holdings, Inc. Cla","NNM","11482786","11522766","2997913","3.83",,
"2021-09-30","CSCO","Cisco Systems, Inc. Common Sto","NNM","36609536","42256223","19642304","1.86",,
"2021-09-30","CSX","CSX Corporation Common Stock","NNM","27019191","21773850","12648903","2.14",,
"2021-09-30","CTAS","Cintas Corporation Common Stoc","NNM","1030746","1324839","450561","2.29",,
"2021-09-30","CVNA","Carvana Co.","NYSE","13785376","15269243","1197212","11.51",,
"2021-09-30","CVS","CVS HEALTH CORPORATION","NYSE","14142639","14818577","5122072","2.76",,
"2021-09-30","CVX","Chevron Corporation","NYSE","18779524","17552466","12622179","1.49",,
"2021-09-30","D","Dominion Energy, Inc Common St","NYSE","7185113","7357224","3855918","1.86",,
"2021-09-30","DASH","DoorDash, Inc.","NYSE","12307436","11745258","3966906","3.10",,
"2021-09-30","DDOG","Datadog, Inc. Class A Common S","NNM","13128879","12995250","2589212","5.07",,
"2021-09-30","DE","Deere & Company","NYSE","1777818","2700214","2183010","1.00",,
"2021-09-30","DELL","Dell Technologies Inc.","NYSE","10363024","8709807","3225039","3.21",,
"2021-09-30","DHR","Danaher Corporation","NYSE","5265683","5499741","2380888","2.21",,
"2021-09-30","DIS","The Walt Disney Company","NYSE","24712945","23395958","10188827","2.43",,
"2021-09-30","DLR","Digital Realty Trust, Inc.","NYSE","10638023","11197819","1595219","6.67",,
"2021-09-30","DUK","Duke Energy Corporation","NYSE","6511434","7146030","3493368","1.86",,
"2021-09-30","ECL","Ecolab, Inc.","NYSE","2178305","3009761","1048567","2.08",,
"2021-09-30","EMR","Emerson Electric Co.","NYSE","7079710","6308035","2602461","2.72",,
"2021-09-30","EOG","EOG Resources, Inc.","NYSE","10295363","9802197","5088468","2.02",,
"2021-09-30","EPD","Enterprise Products Partners L","NYSE","33220775","34131571","8678376","3.83",,
"2021-09-30","EQIX","Equinix, Inc. Common Stock REI","NNM","1593057","1204367","830767","1.92",,
"2021-09-30","FCX","Freeport-McMoran Inc.","NYSE","30864125","23146686","26342361","1.17",,
"2021-09-30","FDX","FedEx Corporation","NYSE","5158236","3145216","5387465","1.00",,
"2021-09-30","FTNT","Fortinet, Inc. Common Stock","NNM","2124484","2128225","956371","2.22",,
"2021-09-30","GD","General Dynamics Corporation","NYSE","2216934","2450810","934563","2.37",,
"2021-09-30","GE","General Electric Company","NYSE","13030967","11522153","9904748","1.32",,
"2021-09-30","GILD","Gilead Sciences, Inc. Common S","NNM","24277331","20896352","6526736","3.72",,
"2021-09-30","GLW","Corning Incorporated","NYSE","13204548","14598516","4979420","2.65",,
"2021-09-30","GM","General Motors Company","NYSE","27017433","23377204","17606226","1.53",,
"2021-09-30","GOOG","Alphabet Inc. Class C Capital","NNM","1772283","2636694","1407450","1.26",,
"2021-09-30","GOOGL","Alphabet Inc. Class A Common S","NNM","2776429","2745696","1619222","1.71",,
"2021-09-30","GS","Goldman Sachs Group Inc.","NYSE","4443587","3843517","2750896","1.62",,
"2021-09-30","GWW","W.W. Grainger, Inc.","NYSE","746170","862849","229305","3.25",,
"2021-09-30","HCA","HCA Healthcare, Inc.","NYSE","2959760","3575649","1945086","1.52",,
"2021-09-30","HD","Home Depot, Inc.","NYSE","10185625","11397770","3419063","2.98",,
"2021-09-30","HLT","Hilton Worldwide Holdings Inc.","NYSE","7355294","7756810","2011227","3.66",,
"2021-09-30","HON","Honeywell International Inc. C","NNM","5962449","6273967","2709606","2.20",,
"2021-09-30","HOOD","Robinhood Markets, Inc. Class","NNM","22782020","22874324","6385357","3.57",,
"2021-09-30","HPE","Hewlett Packard Enterprise Com","NYSE","34563549","36812114","11541722","2.99",,
"2021-09-30","HWM","Howmet Aerospace Inc.","NYSE","9493053","7746331","3082491","3.08",,
"2021-09-30","IBKR","Interactive Brokers Group, Inc","NNM","2776145","2808003","970953","2.86",,
"2021-09-30","IBM","International Business Machine","NYSE","25805221","25464346","3992983","6.46",,
"2021-09-30","ICE","Intercontinental Exchange  Inc","NYSE","5132353","4368966","2598241","1.98",,
"2021-09-30","INTC","Intel Corporation Common Stock","NNM","58948195","61506679","21387976","2.76",,
"2021-09-30","INTU","Intuit Inc. Common Stock","NNM","1629954","1868361","1236457","1.32",,
"2021-09-30","ISRG","Intuitive Surgical, Inc. Commo","NNM","1011382","1321967","574501","1.76",,
"2021-09-30","ITW","Illinois Tool Works Inc.","NYSE","5290269","4826132","1059714","4.99",,
"2021-09-30","JNJ","Johnson & Johnson","NYSE","16340137","17266346","6660104","2.45",,
"2021-09-30","JPM","JPMorgan Chase & Co.","NYSE","18755321","18798139","12957932","1.45",,
"2021-09-30","KKR","KKR & Co. Inc.","NYSE","7899167","11235799","4441821","1.78",,
"2021-09-30","KLAC","KLA Corporation Common Stock","NNM","2651182","2904351","1208777","2.19",,
"2021-09-30","KMI","Kinder Morgan, Inc.","NYSE","37227847","33866502","14992088","2.48",,
"2021-09-30","KO","Coca-Cola Company","NYSE","33833500","27505339","17725800","1.91",,
"2021-09-30","LIN","Linde plc Ordinary Share","NYSE","2902456","3251890","1886950","1.54",,
"2021-09-30","LLY","Eli Lilly & Co.","NYSE","6410580","5749848","2966089","2.16",,
"2021-09-30","LMT","Lockheed Martin Corp.","NYSE","2356675","2450124","1508212","1.56",,
"2021-09-30","LOW","Lowe's Companies Inc.","NYSE","8563851","11395284","3410961","2.51",,
"2021-09-30","LRCX","Lam Research Corporation Commo","NNM","2219298","2275260","1364961","1.63",,
"2021-09-30","MA","Mastercard Incorporated","NYSE","5473013","5615529","3834602","1.43",,
"2021-09-30","MAR","Marriott International Class A","NNM","4831156","4047763","2047038","2.36",,
"2021-09-30","MCD","McDonald's Corporation","NYSE","6778487","6886224","3078700","2.20",,
"2021-09-30","MCK","McKesson Corporation","NYSE","2361338","2398556","830173","2.84",,
"2021-09-30","MCO","Moody's Corporation","NYSE","2262986","2270561","573879","3.94",,
"2021-09-30","MDLZ","Mondelez International, Inc. C","NNM","15409048","13257941","8213324","1.88",,
"2021-09-30","MDT","Medtronic plc","NYSE","8479470","8778743","3982901","2.13",,
"2021-09-30","META","Roundhill Ball Metaverse ETF","ARCA","107566","173405","186033","1.00",,
"2021-09-30","MMM","3M Company","NYSE","10788602","11585487","3285811","3.28",,
"2021-09-30","MNST","Monster Beverage Corporation","NNM","4876319","4132343","1733639","2.81",,
"2021-09-30","MO","Altria Group, Inc.","NYSE","13844264","13790614","7628982","1.81",,
"2021-09-30","MPC","MARATHON PETROLEUM CORPORATION","NYSE","20605661","18412856","5967799","3.45",,
"2021-09-30","MPWR","Monolithic Power Systems, Inc.","NNM","739034","871849","382266","1.93",,
"2021-09-30","MRK","Merck & Co., Inc.","NYSE","22562337","28180728","15959385","1.41",,
"2021-09-30","MRVL","Marvell Technology, Inc. Commo","NNM","13892849","13972128","5285805","2.63",,
"2021-09-30","MS","Morgan Stanley","NYSE","15537664","19016612","10478500","1.48",,
"2021-09-30","MSFT","Microsoft Corporation Common S","NNM","47171313","44204519","27897852","1.69",,
"2021-09-30","MSI","Motorola Solutions, Inc. New","NYSE","2176080","2028825","700911","3.10",,
"2021-09-30","MU","Micron Technology, Inc. Common","NNM","20209759","27314594","20189507","1.00",,
"2021-09-30","NEE","Nextra Energy, Inc.","NYSE","20461520","23212812","8177973","2.50",,
"2021-09-30","NEM","Newmont Corporation","NYSE","8016927","7659715","6982510","1.15",,
"2021-09-30","NET","Cloudflare, Inc. Class A commo","NYSE","10461924","9667588","3806428","2.75",,
"2021-09-30","NFLX","Netflix, Inc. Common Stock","NNM","9185120","10290955","3650017","2.52",,
"2021-09-30","NKE","Nike, Inc.","NYSE","12317687","11743133","10161349","1.21",,
"2021-09-30","NOC","Northrop Grumman Corp.","NYSE","1775534","1773023","801844","2.21",,
"2021-09-30","NOW","SERVICENOW, INC.","NYSE","3315621","3420031","989968","3.35",,
"2021-09-30","NSC","Norfolk Southern Corp.","NYSE","3369652","3466912","1337179","2.52",,
"2021-09-30","NVDA","NVIDIA Corporation Common Stoc","NNM","22415848","22682883","25120106","1.00",,
"2021-09-30","ORCL","Oracle Corp","NYSE","28122052","33794997","16089339","1.75",,
"2021-09-30","ORLY","O'Reilly Automotive, Inc. Comm","NNM","820768","997836","455724","1.80",,
"2021-09-30","PANW","PALO ALTO NETWORKS, INC","NYSE","6468458","5706746","1200459","5.39",,
"2021-09-30","PCAR","PACCAR Inc. Common Stock","NNM","5877372","7465610","2687404","2.19",,
"2021-09-30","PEP","PepsiCo, Inc. Common Stock","NNM","11357696","11719157","4484205","2.53",,
"2021-09-30","PFE","Pfizer Inc.","NYSE","52180504","54093535","26406188","1.98",,
"2021-09-30","PG","Procter & Gamble Company","NYSE","14338476","20579603","7585999","1.89",,
"2021-09-30","PGR","Progressive Corporation","NYSE","10170073","11385241","2419707","4.20",,
"2021-09-30","PH","Parker-Hannifin Corporation","NYSE","1436645","1340720","862875","1.66",,
"2021-09-30","PLD","PROLOGIS, INC.","NYSE","9450615","8177187","2912586","3.24",,
"2021-09-30","PLTR","Palantir Technologies Inc. Cla","NYSE","72390819","54489052","71925390","1.01",,
"2021-09-30","PM","Philip Morris International In","NYSE","9301906","9182486","5071741","1.83",,
"2021-09-30","PNC","PNC Financial Services Group","NYSE","6051423","5131727","1671186","3.62",,
"2021-09-30","PSX","PHILLIPS 66","NYSE","8227787","7575870","3223227","2.55",,
"2021-09-30","PWR","Quanta Services, Inc.","NYSE","3324380","2685010","1224333","2.72",,
"2021-09-30","QCOM","QUALCOMM Incorporated Common S","NNM","14893225","14631601","7249547","2.05",,
"2021-09-30","RCL","Royal Caribbean Group","NYSE","14632669","14398387","4252708","3.44",,
"2021-09-30","REGN","Regeneron Pharmaceuticals, Inc","NNM","1799182","1571172","663842","2.71",,
"2021-09-30","ROST","Ross Stores, Inc. Common Stock","NNM","4048801","3447804","1625323","2.49",,
"2021-09-30","RSG","Republic Services Inc.","NYSE","1624863","2042135","1275507","1.27",,
"2021-09-30","RTX","Raytheon Technologies Corporat","NYSE","14392254","16023314","7196396","2.00",,
"2021-09-30","SBUX","Starbucks Corporation Common S","NNM","11294508","10948320","5729686","1.97",,
"2021-09-30","SCCO","Southern Copper Corporation","NYSE","4153111","3897683","1106978","3.75",,
"2021-09-30","SCHW","The Charles Schwab Corporation","NYSE","15237872","14546265","6286417","2.42",,
"2021-09-30","SHW","The Sherwin-Williams Company","NYSE","3265282","2851320","1225342","2.66",,
"2021-09-30","SNOW","Snowflake Inc.","NYSE","13043652","11422635","4527964","2.88",,
"2021-09-30","SNPS","Synopsys, Inc. Common Stock","NNM","1761948","1563857","843861","2.09",,
"2021-09-30","SO","The Southern Company","NYSE","10071344","11971296","4403674","2.29",,
"2021-09-30","SPCX","The SPAC and New Issue ETF","ARCA","244512","248876","41213","5.93",,
"2021-09-30","SPG","Simon Property Group, Inc.","NYSE","13098097","13377345","2001862","6.54",,
"2021-09-30","SPGI","S&P Global Inc.","NYSE","17290296","17219559","1118098","15.46",,
"2021-09-30","SYK","Stryker Corporation","NYSE","4048899","3494820","1033801","3.92",,
"2021-09-30","T","AT&T Inc.","NYSE","109749474","112923466","37472055","2.93",,
"2021-09-30","TDG","TransDigm Group Incorporated","NYSE","2141644","2088500","301933","7.09",,
"2021-09-30","TFC","Truist Financial Corporation","NYSE","13361540","12492502","7145003","1.87",,
"2021-09-30","TGT","Target Corporation","NYSE","8514223","8412825","2842707","3.00",,
"2021-09-30","TJX","TJX Companies, Inc. (The)","NYSE","9379055","9643322","6595278","1.42",,
"2021-09-30","TMO","Thermo Fisher Scientific, Inc.","NYSE","2574836","2586833","1869534","1.38",,
"2021-09-30","TMUS","T-Mobile US, Inc. Common Stock","NNM","16054358","21878790","6103655","2.63",,
"2021-09-30","TRV","The Travelers Companies, Inc.","NYSE","4169308","4269478","1288171","3.24",,
"2021-09-30","TSLA","Tesla, Inc. Common Stock","NNM","29205723","26999741","20300731","1.44",,
"2021-09-30","TXN","Texas Instruments Incorporated","NNM","14360010","13625372","3595172","3.99",,
"2021-09-30","UBER","Uber Technologies, Inc.","NYSE","84109908","80148652","36340857","2.31",,
"2021-09-30","UNH","UNITEDHEALTH GROUP INCORPORATE","NYSE","6334061","6220128","2891005","2.19",,
"2021-09-30","UNP","Union Pacific Corp.","NYSE","6986257","7881189","3858717","1.81",,
"2021-09-30","UPS","United Parcel Service, Inc. Cl","NYSE","7811980","7456958","2770961","2.82",,
"2021-09-30","URI","United Rentals, Inc.","NYSE","1374873","1469216","704732","1.95",,
"2021-09-30","USB","U.S. Bancorp","NYSE","11355555","11796901","7295478","1.56",,
"2021-09-30","V","VISA Inc.","NYSE","24442116","26474673","7585169","3.22",,
"2021-09-30","VLO","Valero Energy Corporation","NYSE","11351196","12814413","3720652","3.05",,
"2021-09-30","VRT","Vertiv Holdings Co Class A Com","NYSE","11638263","12448234","2987322","3.90",,
"2021-09-30","VRTX","Vertex Pharmaceuticals Incorpo","NNM","5070095","4958803","1412292","3.59",,
"2021-09-30","VZ","Verizon Communications","NYSE","53498261","54015371","17461701","3.06",,
"2021-09-30","WDC","Western Digital Corporation Co","NNM","7307395","8507176","2754024","2.65",,
"2021-09-30","WELL","Welltower Inc.","NYSE","10989700","11096222","2009781","5.47",,
"2021-09-30","WFC","Wells Fargo & Co.","NYSE","45753349","47048930","29819192","1.53",,
"2021-09-30","WM","Waste Management, Inc.","NYSE","3848586","3772073","1558942","2.47",,
"2021-09-30","WMB","Williams Companies Inc.","NYSE","27314581","23790275","8968997","3.05",,
"2021-09-30","WMT","Walmart Inc.","NYSE","14359245","16538897","7988710","1.80",,
"2021-09-30","XOM","Exxon Mobil Corporation","NYSE","42523130","39523082","26507821","1.60",,
"2021-08-13","AAPL","Apple Inc. Common Stock","NNM","93105968","93114834","58359210","1.60",,
"2021-08-13","ABBV","ABBVIE INC.","NYSE","13091711","14450001","5674324","2.31",,
"2021-08-13","ABNB","Airbnb, Inc. Class A Common St","NNM","12501742","9971229","6630632","1.89",,
"2021-08-13","ABT","Abbott Laboratories","NYSE","10987079","11941015","3647604","3.01",,
"2021-08-13","ADBE","Adobe Inc. Common Stock","NNM","4970700","4778345","1214746","4.09",,
"2021-08-13","ADI","Analog Devices, Inc. Common St","NNM","41313653","42427238","3390427","12.19",,
"2021-08-13","ADP","Automatic Data Processing, Inc","NNM","4216771","4183546","1503212","2.81",,
"2021-08-13","AEP","American Electric Power Compan","NNM","7811987","7539263","2679681","2.92",,
"2021-08-13","AFL","Aflac Inc.","NYSE","14854703","15257273","2671996","5.56",,
"2021-08-13","AJG","Arthur J. Gallagher & Co.","NYSE","2749287","2413697","1003733","2.74",,
"2021-08-13","ALL","The Allstate Corporation","NYSE","5271765","4704718","1362179","3.87",,
"2021-08-13","AMAT","Applied Materials, Inc. Common","NNM","15560425","12851969","7103985","2.19",,
"2021-08-13","AMD","Advanced Micro Devices, Inc. C","NNM","70574877","89134119","126079676","1.00",,
"2021-08-13","AMGN","Amgen Inc. Common Stock","NNM","11237292","10713887","2749962","4.09",,
"2021-08-13","AMT","American Tower Corporation","NYSE","4170622","4353885","1124284","3.71",,
"2021-08-13","AMZN","Amazon.com, Inc. Common Stock","NNM","5094455","3917720","2657526","1.92",,
"2021-08-13","ANET","Arista Networks","NYSE","1385842","1371456","411844","3.36",,
"2021-08-13","AON","Aon plc Class A","NYSE","14163030","19633003","2038429","6.95",,
"2021-08-13","APD","Air Products & Chemicals, Inc.","NYSE","2216687","2308536","953607","2.32",,
"2021-08-13","APH","Amphenol Corporation","NYSE","4956068","4147456","1949402","2.54",,
"2021-08-13","APO","Apollo Global Management, Inc.","NYSE","20900351","21991824","2085781","10.02",,
"2021-08-13","APP","Applovin Corporation Class A C","NNM","6033659","5097026","874811","6.90",,
"2021-08-13","AVGO","Broadcom Inc. Common Stock","NNM","4689045","4775957","990422","4.73",,
"2021-08-13","AXP","American Express Company","NYSE","9552673","14867745","3277061","2.92",,
"2021-08-13","BA","Boeing Company","NYSE","9649887","9388445","8122906","1.19",,
"2021-08-13","BAC","Bank of America Corporation","NYSE","87698192","76862701","46318468","1.89",,
"2021-08-13","BKNG","Booking Holdings Inc. Common S","NNM","808589","694181","299478","2.70",,
"2021-08-13","BLK","Blackrock, Inc.","NYSE","1615808","1644877","366063","4.41",,
"2021-08-13","BMY","Bristol-Myers Squibb Co.","NYSE","19344302","21912157","6528044","2.96",,
"2021-08-13","BNY","BlackRock New York Municipal I","NYSE","9247","9016","34030","1.00",,
"2021-08-13","BRKA","Berkshire Hathaway Inc.","NYSE","376","421","1212","1.00",,
"2021-08-13","BRKB","BERKSHIRE HATHAWAY Class B","NYSE","10043804","9956939","3475729","2.89",,
"2021-08-13","BSX","Boston Scientific Corp.","NYSE","16806049","14260792","7445628","2.26",,
"2021-08-13","BX","Blackstone Inc.","NYSE","9380893","11174220","2895572","3.24",,
"2021-08-13","C","Citigroup Inc.","NYSE","36814941","32127226","17014319","2.16",,
"2021-08-13","CAT","Caterpillar Inc.","NYSE","9032732","6850312","3709974","2.43",,
"2021-08-13","CCZ","Comcast Holdings Corp. 2.0% Ex","NYSE","300","310","95","3.16",,
"2021-08-13","CDNS","Cadence Design Systems, Inc. C","NNM","2624373","2594794","981781","2.67",,
"2021-08-13","CI","CIGNA Corporation","NYSE","4310524","3735710","2557975","1.69",,
"2021-08-13","CL","Colgate-Palmolive Company","NYSE","11005302","9056323","3684292","2.99",,
"2021-08-13","CMCSA","Comcast Corporation Class A Co","NNM","68301598","69907375","9732890","7.02",,
"2021-08-13","CME","CME Group Inc. Class A Common","NNM","4606041","4717065","1173718","3.92",,
"2021-08-13","CMI","Cummins Inc.","NYSE","2960398","3490651","1144651","2.59",,
"2021-08-13","COF","Capital One Financial","NYSE","5155673","4514560","3087555","1.67",,
"2021-08-13","COP","ConocoPhillips","NYSE","15841412","14998068","6799506","2.33",,
"2021-08-13","COST","Costco Wholesale Corporation C","NNM","4819174","5196074","1572401","3.06",,
"2021-08-13","CRM","salesforce.com, inc.","NYSE","15345160","14027689","4220265","3.64",,
"2021-08-13","CRWD","CrowdStrike Holdings, Inc. Cla","NNM","10350566","8953960","2509959","4.12",,
"2021-08-13","CSCO","Cisco Systems, Inc. Common Sto","NNM","36677064","34082943","12400524","2.96",,
"2021-08-13","CSX","CSX Corporation Common Stock","NNM","21293521","20609867","7739881","2.75",,
"2021-08-13","CTAS","Cintas Corporation Common Stoc","NNM","1050391","1138192","363862","2.89",,
"2021-08-13","CVNA","Carvana Co.","NYSE","16149150","16148047","1295552","12.47",,
"2021-08-13","CVS","CVS HEALTH CORPORATION","NYSE","15852500","16097311","7341868","2.16",,
"2021-08-13","CVX","Chevron Corporation","NYSE","15259412","15495484","8223713","1.86",,
"2021-08-13","D","Dominion Energy, Inc Common St","NYSE","8597372","7080485","3015699","2.85",,
"2021-08-13","DASH","DoorDash, Inc.","NYSE","12132465","10988698","2640978","4.59",,
"2021-08-13","DDOG","Datadog, Inc. Class A Common S","NNM","13405273","13709586","4470663","3.00",,
"2021-08-13","DE","Deere & Company","NYSE","2890833","2836802","1031386","2.80",,
"2021-08-13","DELL","Dell Technologies Inc.","NYSE","7647921","7917642","1077760","7.10",,
"2021-08-13","DHR","Danaher Corporation","NYSE","6249599","6329253","1633163","3.83",,
"2021-08-13","DIS","The Walt Disney Company","NYSE","18715779","20458218","9546863","1.96",,
"2021-08-13","DLR","Digital Realty Trust, Inc.","NYSE","7153523","7357835","910156","7.86",,
"2021-08-13","DUK","Duke Energy Corporation","NYSE","7540604","7200471","2472155","3.05",,
"2021-08-13","ECL","Ecolab, Inc.","NYSE","2412367","2473062","691116","3.49",,
"2021-08-13","EMR","Emerson Electric Co.","NYSE","7442666","7696646","1873736","3.97",,
"2021-08-13","EOG","EOG Resources, Inc.","NYSE","10051962","8258729","6075805","1.65",,
"2021-08-13","EPD","Enterprise Products Partners L","NYSE","32842954","32846377","6619186","4.96",,
"2021-08-13","EQIX","Equinix, Inc. Common Stock REI","NNM","1269987","1292429","440633","2.88",,
"2021-08-13","FCX","Freeport-McMoran Inc.","NYSE","23659207","24596079","14373225","1.65",,
"2021-08-13","FDX","FedEx Corporation","NYSE","3810320","3091774","1957984","1.95",,
"2021-08-13","FTNT","Fortinet, Inc. Common Stock","NNM","2156696","1892235","1099372","1.96",,
"2021-08-13","GD","General Dynamics Corporation","NYSE","2441783","2403965","706484","3.46",,
"2021-08-13","GE","General Electric Company","NYSE","10537249","82135611","10892493","1.00","S",
"2021-08-13","GILD","Gilead Sciences, Inc. Common S","NNM","25704825","25726994","5637647","4.56",,
"2021-08-13","GLW","Corning Incorporated","NYSE","12643621","11028131","3128629","4.04",,
"2021-08-13","GM","General Motors Company","NYSE","23228824","20594059","20486876","1.13",,
"2021-08-13","GOOG","Alphabet Inc. Class C Capital","NNM","2589529","2454068","760042","3.41",,
"2021-08-13","GOOGL","Alphabet Inc. Class A Common S","NNM","3045395","2933691","923349","3.30",,
"2021-08-13","GS","Goldman Sachs Group Inc.","NYSE","4578554","4053848","2434864","1.88",,
"2021-08-13","GWW","W.W. Grainger, Inc.","NYSE","961318","991066","229759","4.18",,
"2021-08-13","HCA","HCA Healthcare, Inc.","NYSE","3732468","3578337","1205283","3.10",,
"2021-08-13","HD","Home Depot, Inc.","NYSE","11669945","12007585","2304075","5.06",,
"2021-08-13","HLT","Hilton Worldwide Holdings Inc.","NYSE","7231959","8353515","2079153","3.48",,
"2021-08-13","HON","Honeywell International Inc. C","NNM","8003891","8401612","1831010","4.37",,
"2021-08-13","HOOD","Robinhood Markets, Inc. Class","NNM","18953704","0","54044510","1.00",,
"2021-08-13","HPE","Hewlett Packard Enterprise Com","NYSE","34942686","37163801","5894553","5.93",,
"2021-08-13","HWM","Howmet Aerospace Inc.","NYSE","6819479","7618046","2924894","2.33",,
"2021-08-13","IBKR","Interactive Brokers Group, Inc","NNM","2828939","3097468","540909","5.23",,
"2021-08-13","IBM","International Business Machine","NYSE","25600763","25615018","3489231","7.34",,
"2021-08-13","ICE","Intercontinental Exchange  Inc","NYSE","5319464","5335125","1669397","3.19",,
"2021-08-13","INTC","Intel Corporation Common Stock","NNM","54359155","54501589","16613158","3.27",,
"2021-08-13","INTU","Intuit Inc. Common Stock","NNM","2082143","1928875","773698","2.69",,
"2021-08-13","ISRG","Intuitive Surgical, Inc. Commo","NNM","1205635","1304728","451151","2.67",,
"2021-08-13","ITW","Illinois Tool Works Inc.","NYSE","4358512","4359445","743130","5.87",,
"2021-08-13","JNJ","Johnson & Johnson","NYSE","16697897","17217900","4545342","3.67",,
"2021-08-13","JPM","JPMorgan Chase & Co.","NYSE","21798743","20458417","9840402","2.22",,
"2021-08-13","KKR","KKR & Co. Inc.","NYSE","8202650","8446710","2582306","3.18",,
"2021-08-13","KLAC","KLA Corporation Common Stock","NNM","2170641","2658741","980422","2.21",,
"2021-08-13","KMI","Kinder Morgan, Inc.","NYSE","35776907","37838050","13263424","2.70",,
"2021-08-13","KO","Coca-Cola Company","NYSE","28462020","32051341","9272897","3.07",,
"2021-08-13","LIN","Linde plc Ordinary Share","NYSE","2940926","2896363","1274559","2.31",,
"2021-08-13","LLY","Eli Lilly & Co.","NYSE","6146880","6770709","2737065","2.25",,
"2021-08-13","LMT","Lockheed Martin Corp.","NYSE","2628254","2648216","1019075","2.58",,
"2021-08-13","LOW","Lowe's Companies Inc.","NYSE","10773486","9774668","2710705","3.97",,
"2021-08-13","LRCX","Lam Research Corporation Commo","NNM","2302859","2296706","1277495","1.80",,
"2021-08-13","MA","Mastercard Incorporated","NYSE","5250638","5269969","3256500","1.61",,
"2021-08-13","MAR","Marriott International Class A","NNM","4818020","4821334","2279934","2.11",,
"2021-08-13","MCD","McDonald's Corporation","NYSE","6216413","6273915","2130442","2.92",,
"2021-08-13","MCK","McKesson Corporation","NYSE","3177977","2111519","1205691","2.64",,
"2021-08-13","MCO","Moody's Corporation","NYSE","1954500","2052449","532875","3.67",,
"2021-08-13","MDLZ","Mondelez International, Inc. C","NNM","14357429","12431283","5939705","2.42",,
"2021-08-13","MDT","Medtronic plc","NYSE","10846162","11102082","3296248","3.29",,
"2021-08-13","META","Roundhill Ball Metaverse ETF","ARCA","114289","23693","142456","1.00",,
"2021-08-13","MMM","3M Company","NYSE","10966691","10904704","1644172","6.67",,
"2021-08-13","MNST","Monster Beverage Corporation","NNM","4500330","4385968","2138880","2.10",,
"2021-08-13","MO","Altria Group, Inc.","NYSE","11216083","13264807","4947626","2.27",,
"2021-08-13","MPC","MARATHON PETROLEUM CORPORATION","NYSE","15747790","16075923","5473584","2.88",,
"2021-08-13","MPWR","Monolithic Power Systems, Inc.","NNM","935281","1074843","267027","3.50",,
"2021-08-13","MRK","Merck & Co., Inc.","NYSE","26693706","23173019","8625304","3.09",,
"2021-08-13","MRVL","Marvell Technology, Inc. Commo","NNM","14926465","16348324","4869130","3.07",,
"2021-08-13","MS","Morgan Stanley","NYSE","22233715","25431849","7878213","2.82",,
"2021-08-13","MSFT","Microsoft Corporation Common S","NNM","41985444","47983963","16215723","2.59",,
"2021-08-13","MSI","Motorola Solutions, Inc. New","NYSE","1766602","1505719","687995","2.57",,
"2021-08-13","MU","Micron Technology, Inc. Common","NNM","25651463","26618910","28217503","1.00",,
"2021-08-13","NEE","Nextra Energy, Inc.","NYSE","21399789","22396649","6304947","3.39",,
"2021-08-13","NEM","Newmont Corporation","NYSE","7660228","7133223","5224963","1.47",,
"2021-08-13","NET","Cloudflare, Inc. Class A commo","NYSE","11941279","14107212","4106514","2.91",,
"2021-08-13","NFLX","Netflix, Inc. Common Stock","NNM","9411019","10020669","1998189","4.71",,
"2021-08-13","NKE","Nike, Inc.","NYSE","11538168","11697620","4221150","2.73",,
"2021-08-13","NOC","Northrop Grumman Corp.","NYSE","1836955","1796864","468998","3.92",,
"2021-08-13","NOW","SERVICENOW, INC.","NYSE","3972552","4131919","770566","5.16",,
"2021-08-13","NSC","Norfolk Southern Corp.","NYSE","3207457","3075351","1002335","3.20",,
"2021-08-13","NVDA","NVIDIA Corporation Common Stoc","NNM","26935275","29954260","19839843","1.36",,
"2021-08-13","ORCL","Oracle Corp","NYSE","35741564","37100160","6933391","5.15",,
"2021-08-13","ORLY","O'Reilly Automotive, Inc. Comm","NNM","938389","762419","393130","2.39",,
"2021-08-13","PANW","PALO ALTO NETWORKS, INC","NYSE","4882883","5066298","959316","5.09",,
"2021-08-13","PCAR","PACCAR Inc. Common Stock","NNM","3487348","4981554","2938896","1.19",,
"2021-08-13","PEP","PepsiCo, Inc. Common Stock","NNM","8805082","9227580","3115338","2.83",,
"2021-08-13","PFE","Pfizer Inc.","NYSE","61418532","54504661","40555117","1.51",,
"2021-08-13","PG","Procter & Gamble Company","NYSE","16425890","17596514","5753539","2.85",,
"2021-08-13","PGR","Progressive Corporation","NYSE","11122525","10703641","1983206","5.61",,
"2021-08-13","PH","Parker-Hannifin Corporation","NYSE","1183622","1157967","1335876","1.00",,
"2021-08-13","PLD","PROLOGIS, INC.","NYSE","10132901","9689160","1949391","5.20",,
"2021-08-13","PLTR","Palantir Technologies Inc. Cla","NYSE","56349484","58395451","43490157","1.30",,
"2021-08-13","PM","Philip Morris International In","NYSE","7983749","9349473","2563983","3.11",,
"2021-08-13","PNC","PNC Financial Services Group","NYSE","5649377","5620663","1553998","3.64",,
"2021-08-13","PSX","PHILLIPS 66","NYSE","8658552","8288518","2653364","3.26",,
"2021-08-13","PWR","Quanta Services, Inc.","NYSE","2542293","2253543","938083","2.71",,
"2021-08-13","QCOM","QUALCOMM Incorporated Common S","NNM","15499903","15024986","6231504","2.49",,
"2021-08-13","RCL","Royal Caribbean Group","NYSE","15502012","13982837","4689286","3.31",,
"2021-08-13","REGN","Regeneron Pharmaceuticals, Inc","NNM","1413372","1594528","825205","1.71",,
"2021-08-13","ROST","Ross Stores, Inc. Common Stock","NNM","4086984","3693864","1272527","3.21",,
"2021-08-13","RSG","Republic Services Inc.","NYSE","2118753","1852821","979596","2.16",,
"2021-08-13","RTX","Raytheon Technologies Corporat","NYSE","14598154","14003598","3635730","4.02",,
"2021-08-13","SBUX","Starbucks Corporation Common S","NNM","8102453","11161207","5928328","1.37",,
"2021-08-13","SCCO","Southern Copper Corporation","NYSE","4938016","4315837","922245","5.35",,
"2021-08-13","SCHW","The Charles Schwab Corporation","NYSE","15724039","14463324","5371841","2.93",,
"2021-08-13","SHW","The Sherwin-Williams Company","NYSE","3090261","3260921","920253","3.36",,
"2021-08-13","SNOW","Snowflake Inc.","NYSE","11858117","11307432","3447609","3.44",,
"2021-08-13","SNPS","Synopsys, Inc. Common Stock","NNM","1545297","1551248","453796","3.41",,
"2021-08-13","SO","The Southern Company","NYSE","11559641","10348698","3830379","3.02",,
"2021-08-13","SPCX","The SPAC and New Issue ETF","ARCA","261900","256412","21193","12.36",,
"2021-08-13","SPG","Simon Property Group, Inc.","NYSE","13696529","13661873","2243253","6.11",,
"2021-08-13","SPGI","S&P Global Inc.","NYSE","17813411","18175851","1352521","13.17",,
"2021-08-13","SYK","Stryker Corporation","NYSE","2935948","2840250","1300220","2.26",,
"2021-08-13","T","AT&T Inc.","NYSE","108450881","105278403","24369465","4.45",,
"2021-08-13","TDG","TransDigm Group Incorporated","NYSE","2112954","2001460","228367","9.25",,
"2021-08-13","TFC","Truist Financial Corporation","NYSE","13375284","11163372","4595720","2.91",,
"2021-08-13","TGT","Target Corporation","NYSE","8119576","9273019","2691705","3.02",,
"2021-08-13","TJX","TJX Companies, Inc. (The)","NYSE","9946299","11801078","4848246","2.05",,
"2021-08-13","TMO","Thermo Fisher Scientific, Inc.","NYSE","2833514","2963563","835851","3.39",,
"2021-08-13","TMUS","T-Mobile US, Inc. Common Stock","NNM","11971612","10394819","3693313","3.24",,
"2021-08-13","TRV","The Travelers Companies, Inc.","NYSE","4383580","4831861","761010","5.76",,
"2021-08-13","TSLA","Tesla, Inc. Common Stock","NNM","26828057","29914139","17287331","1.55",,
"2021-08-13","TXN","Texas Instruments Incorporated","NNM","14021338","13801600","2963097","4.73",,
"2021-08-13","UBER","Uber Technologies, Inc.","NYSE","75657299","70409506","28639246","2.64",,
"2021-08-13","UNH","UNITEDHEALTH GROUP INCORPORATE","NYSE","6541612","6589829","1981367","3.30",,
"2021-08-13","UNP","Union Pacific Corp.","NYSE","6713543","5362667","2213689","3.03",,
"2021-08-13","UPS","United Parcel Service, Inc. Cl","NYSE","9242617","7585695","2307647","4.01",,
"2021-08-13","URI","United Rentals, Inc.","NYSE","1555848","1508939","663785","2.34",,
"2021-08-13","USB","U.S. Bancorp","NYSE","12776726","13080099","4275921","2.99",,
"2021-08-13","V","VISA Inc.","NYSE","27246335","27079994","7295040","3.73",,
"2021-08-13","VLO","Valero Energy Corporation","NYSE","12245878","12985887","3622585","3.38",,
"2021-08-13","VRT","Vertiv Holdings Co Class A Com","NYSE","13984836","13592669","2303128","6.07",,
"2021-08-13","VRTX","Vertex Pharmaceuticals Incorpo","NNM","5038756","4190385","2711616","1.86",,
"2021-08-13","VZ","Verizon Communications","NYSE","50816502","50193590","12435913","4.09",,
"2021-08-13","WDC","Western Digital Corporation Co","NNM","7940690","6233460","5429826","1.46",,
"2021-08-13","WELL","Welltower Inc.","NYSE","11840336","10463002","1930765","6.13",,
"2021-08-13","WFC","Wells Fargo & Co.","NYSE","50700845","47956822","25715394","1.97",,
"2021-08-13","WM","Waste Management, Inc.","NYSE","3675068","3145000","1198133","3.07",,
"2021-08-13","WMB","Williams Companies Inc.","NYSE","24984418","25269833","5480792","4.56",,
"2021-08-13","WMT","Walmart Inc.","NYSE","17695173","19508878","7674422","2.31",,
"2021-08-13","XOM","Exxon Mobil Corporation","NYSE","36367546","33224876","18175647","2.00",,
"2025-02-14","AAPL","Apple Inc. Common Stock","NNM","127893856","124917523","45049013","2.84",,
"2025-02-14","ABBV","ABBVIE INC.","NYSE","19623497","18931401","5232382","3.75",,
"2025-02-14","ABNB","Airbnb, Inc. Class A Common St","NNM","15352392","15333134","6622669","2.32",,
"2025-02-14","ABT","Abbott Laboratories","NYSE","22311682","18239173","5770708","3.87",,
"2025-02-14","ADBE","Adobe Inc. Common Stock","NNM","7371728","7709402","2986942","2.47",,
"2025-02-14","ADI","Analog Devices, Inc. Common St","NNM","7030181","8159308","3382980","2.08",,
"2025-02-14","ADP","Automatic Data Processing, Inc","NNM","6630329","5806068","1400440","4.73",,
"2025-02-14","AEP","American Electric Power Compan","NNM","9532354","7811241","2930265","3.25",,
"2025-02-14","AFL","Aflac Inc.","NYSE","8779250","8017584","2137198","4.11",,
"2025-02-14","AJG","Arthur J. Gallagher & Co.","NYSE","3616130","3084333","1645414","2.20",,
"2025-02-14","ALL","The Allstate Corporation","NYSE","2729225","2557315","1955843","1.40",,
"2025-02-14","AMAT","Applied Materials, Inc. Common","NNM","18667571","20084769","6199258","3.01",,
"2025-02-14","AMD","Advanced Micro Devices, Inc. C","NNM","52797087","47802951","47701092","1.11",,
"2025-02-14","AMGN","Amgen Inc. Common Stock","NNM","16076993","12741466","3393718","4.74",,
"2025-02-14","AMT","American Tower Corporation","NYSE","6025672","5699695","1732843","3.48",,
"2025-02-14","AMZN","Amazon.com, Inc. Common Stock","NNM","69693539","70760125","39172316","1.78",,
"2025-02-14","ANET","Arista Networks","NYSE","10981301","9877685","8324069","1.32",,
"2025-02-14","AON","Aon plc Class A","NYSE","5068980","4450586","880385","5.76",,
"2025-02-14","APD","Air Products & Chemicals, Inc.","NYSE","4740891","4358587","1898884","2.50",,
"2025-02-14","APH","Amphenol Corporation","NYSE","14556322","12652187","6946749","2.10",,
"2025-02-14","APO","Apollo Global Management, Inc.","NYSE","36637597","37037704","3163463","11.58",,
"2025-02-14","APP","Applovin Corporation Class A C","NNM","12385783","14100094","6696361","1.85",,
"2025-02-14","AVGO","Broadcom Inc. Common Stock","NNM","50728974","51886663","21530715","2.36",,
"2025-02-14","AXP","American Express Company","NYSE","8191250","8057014","2030845","4.03",,
"2025-02-14","BA","Boeing Company","NYSE","19182347","18753780","5868109","3.27",,
"2025-02-14","BAC","Bank of America Corporation","NYSE","79272659","57754684","29297944","2.71",,
"2025-02-14","BKNG","Booking Holdings Inc. Common S","NNM","762508","715666","255886","2.98",,
"2025-02-14","BLK","Blackrock, Inc.","NYSE","1457152","1567522","814254","1.79",,
"2025-02-14","BMY","Bristol-Myers Squibb Co.","NYSE","25592830","26695018","13373830","1.91",,
"2025-02-14","BNY","BlackRock New York Municipal I","NYSE","41065","31661","53352","1.00",,
"2025-02-14","BRKA","Berkshire Hathaway Inc.","NYSE","214","208","1283","1.00",,
"2025-02-14","BRKB","BERKSHIRE HATHAWAY Class B","NYSE","15408316","13640684","3291897","4.68",,
"2025-02-14","BSX","Boston Scientific Corp.","NYSE","11456307","10449826","6498679","1.76",,
"2025-02-14","BX","Blackstone Inc.","NYSE","9392015","10918914","3739019","2.51",,
"2025-02-14","C","Citigroup Inc.","NYSE","35463721","32814828","13327578","2.66",,
"2025-02-14","CAT","Caterpillar Inc.","NYSE","9846015","8089341","2462287","4.00",,
"2025-02-14","CCZ","Comcast Holdings Corp. 2.0% Ex","NYSE","31","108","11","2.82",,
"2025-02-14","CDNS","Cadence Design Systems, Inc. C","NNM","4288305","4075131","1275927","3.36",,
"2025-02-14","CEG","Constellation Energy Corporati","NNM","5965117","6297634","2683327","2.22",,
"2025-02-14","CI","The Cigna Group","NYSE","3669290","4115125","1696952","2.16",,
"2025-02-14","CL","Colgate-Palmolive Company","NYSE","9035713","9559328","4249580","2.13",,
"2025-02-14","CMCSA","Comcast Corporation Class A Co","NNM","51689787","53910769","29109987","1.78",,
"2025-02-14","CME","CME Group Inc. Class A Common","NNM","5023940","4484571","1720104","2.92",,
"2025-02-14","CMI","Cummins Inc.","NYSE","1632505","1305303","964455","1.69",,
"2025-02-14","COF","Capital One Financial","NYSE","19500065","16942069","2888498","6.75",,
"2025-02-14","COP","ConocoPhillips","NYSE","13375012","13153984","8216420","1.63",,
"2025-02-14","COST","Costco Wholesale Corporation C","NNM","6935102","5889145","1892825","3.66",,
"2025-02-14","CRM","Salesforce, Inc.","NYSE","9531940","9767800","6217576","1.53",,
"2025-02-14","CRWD","CrowdStrike Holdings, Inc. Cla","NNM","9865300","9386343","2837591","3.48",,
"2025-02-14","CSCO","Cisco Systems, Inc. Common Sto","NNM","58017675","56818191","21939913","2.64",,
"2025-02-14","CSX","CSX Corporation Common Stock","NNM","25711531","29427150","10509696","2.45",,
"2025-02-14","CTAS","Cintas Corporation Common Stoc","NNM","4834316","4224288","1486680","3.25",,
"2025-02-14","CVNA","Carvana Co.","NYSE","10486944","10917535","2185351","4.80",,
"2025-02-14","CVS","CVS HEALTH CORPORATION","NYSE","23600102","21351591","13555203","1.74",,
"2025-02-14","CVX","Chevron Corporation","NYSE","63754036","59066652","6576642","9.69",,
"2025-02-14","D","Dominion Energy, Inc Common St","NYSE","19587529","18498722","4992464","3.92",,
"2025-02-14","DASH","DoorDash, Inc. Class A Common","NNM","9581515","10677737","4703653","2.04",,
"2025-02-14","DDOG","Datadog, Inc. Class A Common S","NNM","11719955","13285234","6450159","1.82",,
"2025-02-14","DE","Deere & Company","NYSE","5430045","5360518","1509050","3.60",,
"2025-02-14","DELL","Dell Technologies Inc.","NYSE","14906086","14865840","8295503","1.80",,
"2025-02-14","DHR","Danaher Corporation","NYSE","6222905","5355810","6076648","1.02",,
"2025-02-14","DIS","The Walt Disney Company","NYSE","20264794","17610302","10157714","2.00",,
"2025-02-14","DLR","Digital Realty Trust, Inc.","NYSE","6756363","5929053","2231830","3.03",,
"2025-02-14","DUK","Duke Energy Corporation","NYSE","9614834","8698705","3624861","2.65",,
"2025-02-14","ECL","Ecolab, Inc.","NYSE","2381394","2382674","1473108","1.62",,
"2025-02-14","ELV","Elevance Health, Inc.","NYSE","3249711","2813248","1307845","2.48",,
"2025-02-14","EMR","Emerson Electric Co.","NYSE","14575546","12592250","2936650","4.96",,
"2025-02-14","EOG","EOG Resources, Inc.","NYSE","13408284","12054341","2413394","5.56",,
"2025-02-14","EPD","Enterprise Products Partners L","NYSE","26601614","26743671","5266174","5.05",,
"2025-02-14","EQIX","Equinix, Inc. Common Stock REI","NNM","1802891","1890331","436763","4.13",,
"2025-02-14","FCX","Freeport-McMoran Inc.","NYSE","26495133","20829942","16075121","1.65",,
"2025-02-14","FDX","FedEx Corporation","NYSE","3528272","3286341","1858160","1.90",,
"2025-02-14","FTNT","Fortinet, Inc. Common Stock","NNM","13588240","15171462","5308489","2.56",,
"2025-02-14","GD","General Dynamics Corporation","NYSE","3244466","3029647","1597196","2.03",,
"2025-02-14","GE","GE Aerospace","NYSE","11496026","11409406","4092500","2.81",,
"2025-02-14","GEV","GE Vernova Inc.","NYSE","3388393","4590159","2532548","1.34",,
"2025-02-14","GILD","Gilead Sciences, Inc. Common S","NNM","21162249","22930560","8295400","2.55",,
"2025-02-14","GLW","Corning Incorporated","NYSE","11277879","9545898","4427211","2.55",,
"2025-02-14","GM","General Motors Company","NYSE","25182059","25888415","10787530","2.33",,
"2025-02-14","GOOG","Alphabet Inc. Class C Capital","NNM","43612089","43984363","20913221","2.09",,
"2025-02-14","GOOGL","Alphabet Inc. Class A Common S","NNM","66236057","60154669","32611873","2.03",,
"2025-02-14","GS","Goldman Sachs Group Inc.","NYSE","4760667","4289355","2244819","2.12",,
"2025-02-14","GWW","W.W. Grainger, Inc.","NYSE","1162859","1351696","274579","4.24",,
"2025-02-14","HCA","HCA Healthcare, Inc.","NYSE","6038138","5325076","1554729","3.88",,
"2025-02-14","HD","Home Depot, Inc.","NYSE","10778867","10719348","2533293","4.25",,
"2025-02-14","HLT","Hilton Worldwide Holdings Inc.","NYSE","3967366","3999772","1838444","2.16",,
"2025-02-14","HON","Honeywell International Inc. C","NNM","7570278","6981355","5147036","1.47",,
"2025-02-14","HOOD","Robinhood Markets, Inc. Class","NNM","21761914","13550653","30453485","1.00",,
"2025-02-14","HPE","Hewlett Packard Enterprise Com","NYSE","37379214","32649618","11477454","3.26",,
"2025-02-14","HWM","Howmet Aerospace Inc.","NYSE","8925204","8996543","2527632","3.53",,
"2025-02-14","IBKR","Interactive Brokers Group, Inc","NNM","2438108","2358880","1884374","1.29",,
"2025-02-14","IBM","International Business Machine","NYSE","18115099","19621005","5004792","3.62",,
"2025-02-14","ICE","Intercontinental Exchange  Inc","NYSE","6169532","5472092","2693397","2.29",,
"2025-02-14","INTC","Intel Corporation Common Stock","NNM","137757192","108567230","115554613","1.19",,
"2025-02-14","INTU","Intuit Inc. Common Stock","NNM","3531289","3467489","1699046","2.08",,
"2025-02-14","ISRG","Intuitive Surgical, Inc. Commo","NNM","4412034","4219756","1237425","3.57",,
"2025-02-14","ITW","Illinois Tool Works Inc.","NYSE","6256333","5913771","1144639","5.47",,
"2025-02-14","JNJ","Johnson & Johnson","NYSE","18352866","18762304","7825742","2.35",,
"2025-02-14","JPM","JPMorgan Chase & Co.","NYSE","31008899","28766911","7042893","4.40",,
"2025-02-14","KKR","KKR & Co. Inc.","NYSE","11081397","10145081","5379840","2.06",,
"2025-02-14","KLAC","KLA Corporation Common Stock","NNM","2860448","2659031","839884","3.41",,
"2025-02-14","KMI","Kinder Morgan, Inc.","NYSE","37203283","46883386","14172957","2.62",,
"2025-02-14","KO","Coca-Cola Company","NYSE","42894759","29588758","18299017","2.34",,
"2025-02-14","LIN","Linde plc Ordinary Shares","NNM","4968187","5159029","2089155","2.38",,
"2025-02-14","LLY","Eli Lilly & Co.","NYSE","7081854","6767383","3649087","1.94",,
"2025-02-14","LMT","Lockheed Martin Corp.","NYSE","3264286","3052499","1575984","2.07",,
"2025-02-14","LOW","Lowe's Companies Inc.","NYSE","7440368","7368676","1989612","3.74",,
"2025-02-14","LRCX","Lam Research Corporation Commo","NNM","29017235","33728847","10124006","2.87",,
"2025-02-14","MA","Mastercard Incorporated","NYSE","5208136","4982513","2155172","2.42",,
"2025-02-14","MAR","Marriott International Class A","NNM","4098402","4326496","1832546","2.24",,
"2025-02-14","MCD","McDonald's Corporation","NYSE","8723692","7907182","3595193","2.43",,
"2025-02-14","MCK","McKesson Corporation","NYSE","1866473","1488818","929894","2.01",,
"2025-02-14","MCO","Moody's Corporation","NYSE","1909130","1611696","966099","1.98",,
"2025-02-14","MDLZ","Mondelez International, Inc. C","NNM","23933195","20381004","12636411","1.89",,
"2025-02-14","MDT","Medtronic plc","NYSE","13238986","13995854","6250096","2.12",,
"2025-02-14","META","Meta Platforms, Inc. Class A C","NNM","27482134","26723031","14880900","1.85",,
"2025-02-14","MMM","3M Company","NYSE","7534114","7290942","2788310","2.70",,
"2025-02-14","MNST","Monster Beverage Corporation","NNM","22241689","21120020","5634189","3.95",,
"2025-02-14","MO","Altria Group, Inc.","NYSE","34075104","32778625","5969551","5.71",,
"2025-02-14","MPC","MARATHON PETROLEUM CORPORATION","NYSE","8028626","7570756","3107951","2.58",,
"2025-02-14","MPWR","Monolithic Power Systems, Inc.","NNM","2719973","2744323","997226","2.73",,
"2025-02-14","MRK","Merck & Co., Inc.","NYSE","32207979","29603048","22531042","1.43",,
"2025-02-14","MRVL","Marvell Technology, Inc. Commo","NNM","19535097","15976305","12647641","1.54",,
"2025-02-14","MS","Morgan Stanley","NYSE","13131463","13751695","5032954","2.61",,
"2025-02-14","MSFT","Microsoft Corporation Common S","NNM","53633341","62492832","20467216","2.62",,
"2025-02-14","MSI","Motorola Solutions, Inc. New","NYSE","1830958","1950900","759996","2.41",,
"2025-02-14","MU","Micron Technology, Inc. Common","NNM","37871651","38287337","16606383","2.28",,
"2025-02-14","NEE","Nextra Energy, Inc.","NYSE","36533010","34656986","10126870","3.61",,
"2025-02-14","NEM","Newmont Corporation","NYSE","21636117","16479201","10681831","2.03",,
"2025-02-14","NET","Cloudflare, Inc. Class A commo","NYSE","8312803","7950291","5333132","1.56",,
"2025-02-14","NFLX","Netflix, Inc. Common Stock","NNM","7041888","6334053","3645414","1.93",,
"2025-02-14","NKE","Nike, Inc.","NYSE","33514828","28961169","13942117","2.40",,
"2025-02-14","NOC","Northrop Grumman Corp.","NYSE","2072644","1960130","941174","2.20",,
"2025-02-14","NOW","SERVICENOW, INC.","NYSE","3153388","3232151","1485817","2.12",,
"2025-02-14","NSC","Norfolk Southern Corp.","NYSE","2528939","2176746","940551","2.69",,
"2025-02-14","NVDA","NVIDIA Corporation Common Stoc","NNM","241662760","271436938","230785762","1.05",,
"2025-02-14","ORCL","Oracle Corp","NYSE","24003557","27223350","7521446","3.19",,
"2025-02-14","ORLY","O'Reilly Automotive, Inc. Comm","NNM","850581","974120","352249","2.41",,
"2025-02-14","PANW","Palo Alto Networks, Inc. Commo","NNM","23278265","22411459","6730528","3.46",,
"2025-02-14","PCAR","PACCAR Inc. Common Stock","NNM","8637412","8986932","2116938","4.08",,
"2025-02-14","PEP","PepsiCo, Inc. Common Stock","NNM","18037359","16998952","7400509","2.44",,
"2025-02-14","PFE","Pfizer Inc.","NYSE","89117210","73568473","42222092","2.11",,
"2025-02-14","PG","Procter & Gamble Company","NYSE","19599876","16011348","7015717","2.79",,
"2025-02-14","PGR","Progressive Corporation","NYSE","6402587","5425172","2114334","3.03",,
"2025-02-14","PH","Parker-Hannifin Corporation","NYSE","1125522","1030865","624303","1.80",,
"2025-02-14","PLD","PROLOGIS, INC.","NYSE","12155176","10958658","2948775","4.12",,
"2025-02-14","PLTR","Palantir Technologies Inc. Cla","NNM","79980715","70624230","110926482","1.00",,
"2025-02-14","PM","Philip Morris International In","NYSE","9592207","7155767","6693166","1.43",,
"2025-02-14","PNC","PNC Financial Services Group","NYSE","5005927","4671738","1682902","2.97",,
"2025-02-14","PSX","PHILLIPS 66","NYSE","7097045","6616648","3700040","1.92",,
"2025-02-14","PWR","Quanta Services, Inc.","NYSE","4013192","3809731","1314308","3.05",,
"2025-02-14","QCOM","QUALCOMM Incorporated Common S","NNM","16617647","18904890","8098649","2.05",,
"2025-02-14","RCL","Royal Caribbean Group","NYSE","11531399","11536614","1836958","6.28",,
"2025-02-14","REGN","Regeneron Pharmaceuticals, Inc","NNM","2204900","2187734","1068824","2.06",,
"2025-02-14","ROST","Ross Stores, Inc. Common Stock","NNM","5160986","5054166","2201975","2.34",,
"2025-02-14","RSG","Republic Services Inc.","NYSE","1976732","2307288","954133","2.07",,
"2025-02-14","RTX","RTX Corporation","NYSE","11060654","11199316","5029419","2.20",,
"2025-02-14","SBUX","Starbucks Corporation Common S","NNM","33913200","28522669","9478381","3.58",,
"2025-02-14","SCCO","Southern Copper Corporation","NYSE","5567025","5499213","1416495","3.93","S",
"2025-02-14","SCHW","The Charles Schwab Corporation","NYSE","22739450","13341907","20322364","1.12",,
"2025-02-14","SHW","The Sherwin-Williams Company","NYSE","4595774","5111007","1421487","3.23",,
"2025-02-14","SNOW","Snowflake Inc.","NYSE","9844392","9791143","4827135","2.04",,
"2025-02-14","SNPS","Synopsys, Inc. Common Stock","NNM","3587559","3512179","763506","4.70",,
"2025-02-14","SO","The Southern Company","NYSE","18600599","17875181","4548967","4.09",,
"2025-02-14","SPCX","The SPAC and New Issue ETF","NNM","6042","6033","848","7.13",,
"2025-02-14","SPG","Simon Property Group, Inc.","NYSE","5579542","5094056","1420755","3.93",,
"2025-02-14","SPGI","S&P Global Inc.","NYSE","2893864","2953854","1524059","1.90",,
"2025-02-14","SYK","Stryker Corporation","NYSE","4059882","3946928","1084474","3.74",,
"2025-02-14","T","AT&T Inc.","NYSE","98123494","87541381","34325724","2.86",,
"2025-02-14","TDG","TransDigm Group Incorporated","NYSE","1105439","1111509","336579","3.28",,
"2025-02-14","TFC","Truist Financial Corporation","NYSE","21170057","18634994","6603456","3.21",,
"2025-02-14","TGT","Target Corporation","NYSE","10893728","10872982","5075114","2.15",,
"2025-02-14","TJX","TJX Companies, Inc. (The)","NYSE","13615666","12573404","4067722","3.35",,
"2025-02-14","TMO","Thermo Fisher Scientific, Inc.","NYSE","3856421","3947987","2014459","1.91",,
"2025-02-14","TMUS","T-Mobile US, Inc. Common Stock","NNM","15131180","13554783","3567911","4.24",,
"2025-02-14","TRV","The Travelers Companies, Inc.","NYSE","3447996","3465275","1107374","3.11",,
"2025-02-14","TSLA","Tesla, Inc. Common Stock","NNM","61498198","59612004","81171592","1.00",,
"2025-02-14","TXN","Texas Instruments Incorporated","NNM","16458853","17522203","4874104","3.38",,
"2025-02-14","UBER","Uber Technologies, Inc.","NYSE","62215240","59544116","40598959","1.53",,
"2025-02-14","UNH","UNITEDHEALTH GROUP INCORPORATE","NYSE","7920168","7742397","3502606","2.26",,
"2025-02-14","UNP","Union Pacific Corp.","NYSE","5973205","6245186","2458745","2.43",,
"2025-02-14","UPS","United Parcel Service, Inc. Cl","NYSE","15240367","16729820","6791471","2.24",,
"2025-02-14","URI","United Rentals, Inc.","NYSE","1676123","1664267","499967","3.35",,
"2025-02-14","USB","U.S. Bancorp","NYSE","22954718","21417647","8342616","2.75",,
"2025-02-14","V","VISA Inc.","NYSE","23379763","26978022","5501408","4.25",,
"2025-02-14","VLO","Valero Energy Corporation","NYSE","12733130","12402495","3333972","3.82",,
"2025-02-14","VRT","Vertiv Holdings Co Class A Com","NYSE","10989308","14414858","9798723","1.12",,
"2025-02-14","VRTX","Vertex Pharmaceuticals Incorpo","NNM","5066603","4561796","1459354","3.47",,
"2025-02-14","VZ","Verizon Communications","NYSE","67758754","62986841","17096833","3.96",,
"2025-02-14","WBD","Warner Bros. Discovery, Inc. S","NNM","67352856","71379730","23695577","2.84",,
"2025-02-14","WDC","Western Digital Corporation Co","NNM","29571941","24194111","6210326","4.76",,
"2025-02-14","WELL","Welltower Inc.","NYSE","9364601","8814517","2769085","3.38",,
"2025-02-14","WFC","Wells Fargo & Co.","NYSE","28643554","27257902","15602748","1.84",,
"2025-02-14","WM","Waste Management, Inc.","NYSE","3729449","3949516","1441941","2.59",,
"2025-02-14","WMB","Williams Companies Inc.","NYSE","18012217","17328487","7479238","2.41",,
"2025-02-14","WMT","Walmart Inc.","NYSE","38204567","36287449","14625588","2.61",,
"2025-02-14","XOM","Exxon Mobil Corporation","NYSE","42079589","39895235","14057923","2.99",,
"2025-02-28","AAPL","Apple Inc. Common Stock","NNM","134441154","127893856","44925361","2.99",,
"2025-02-28","ABBV","ABBVIE INC.","NYSE","18506353","19623497","6618147","2.80",,
"2025-02-28","ABNB","Airbnb, Inc. Class A Common St","NNM","14382201","15352392","5683901","2.53",,
"2025-02-28","ABT","Abbott Laboratories","NYSE","22932064","22311682","5833190","3.93",,
"2025-02-28","ADBE","Adobe Inc. Common Stock","NNM","7663336","7371728","2787718","2.75",,
"2025-02-28","ADI","Analog Devices, Inc. Common St","NNM","7702601","7030181","5514087","1.40",,
"2025-02-28","ADP","Automatic Data Processing, Inc","NNM","6195804","6630329","1654609","3.74",,
"2025-02-28","AEP","American Electric Power Compan","NNM","9661173","9532354","3218787","3.00",,
"2025-02-28","AFL","Aflac Inc.","NYSE","9129554","8779250","2103381","4.34",,
"2025-02-28","AJG","Arthur J. Gallagher & Co.","NYSE","3890819","3616130","1248280","3.12",,
"2025-02-28","ALL","The Allstate Corporation","NYSE","2445595","2729225","1836608","1.33",,
"2025-02-28","AMAT","Applied Materials, Inc. Common","NNM","19352900","18667571","7736246","2.50",,
"2025-02-28","AMD","Advanced Micro Devices, Inc. C","NNM","56779479","52797087","35237402","1.61",,
"2025-02-28","AMGN","Amgen Inc. Common Stock","NNM","16158990","16076993","3126248","5.17",,
"2025-02-28","AMT","American Tower Corporation","NYSE","6178734","6025672","3003338","2.06",,
"2025-02-28","AMZN","Amazon.com, Inc. Common Stock","NNM","71124279","69693539","42924937","1.66",,
"2025-02-28","ANET","Arista Networks","NYSE","15209786","10981301","16288617","1.00",,
"2025-02-28","AON","Aon plc Class A","NYSE","5521761","5068980","1261733","4.38",,
"2025-02-28","APD","Air Products & Chemicals, Inc.","NYSE","4741974","4740891","1140215","4.16",,
"2025-02-28","APH","Amphenol Corporation","NYSE","14789779","14556322","8167041","1.81",,
"2025-02-28","APO","Apollo Global Management, Inc.","NYSE","36179633","36637597","3792967","9.54",,
"2025-02-28","APP","Applovin Corporation Class A C","NNM","13663023","12385783","11353323","1.20",,
"2025-02-28","AVGO","Broadcom Inc. Common Stock","NNM","57389406","50728974","26194967","2.19",,
"2025-02-28","AXP","American Express Company","NYSE","8259599","8191250","2501480","3.30",,
"2025-02-28","BA","Boeing Company","NYSE","17083675","19182347","6961655","2.45",,
"2025-02-28","BAC","Bank of America Corporation","NYSE","78488330","79272659","39695630","1.98",,
"2025-02-28","BKNG","Booking Holdings Inc. Common S","NNM","664811","762508","327187","2.03",,
"2025-02-28","BLK","Blackrock, Inc.","NYSE","1634784","1457152","964531","1.69",,
"2025-02-28","BMY","Bristol-Myers Squibb Co.","NYSE","30571531","25592830","11957015","2.56",,
"2025-02-28","BNY","BlackRock New York Municipal I","NYSE","40530","41065","25377","1.60",,
"2025-02-28","BRKA","Berkshire Hathaway Inc.","NYSE","204","214","1641","1.00",,
"2025-02-28","BRKB","BERKSHIRE HATHAWAY Class B","NYSE","14843126","15408316","4893890","3.03",,
"2025-02-28","BSX","Boston Scientific Corp.","NYSE","12873554","11456307","8036802","1.60",,
"2025-02-28","BX","Blackstone Inc.","NYSE","9168609","9392015","3611308","2.54",,
"2025-02-28","C","Citigroup Inc.","NYSE","34068788","35463721","14205743","2.40",,
"2025-02-28","CAT","Caterpillar Inc.","NYSE","10066949","9846015","2682965","3.75",,
"2025-02-28","CCZ","Comcast Holdings Corp. 2.0% Ex","NYSE","6","31","30","1.00",,
"2025-02-28","CDNS","Cadence Design Systems, Inc. C","NNM","4236399","4288305","3622430","1.17",,
"2025-02-28","CEG","Constellation Energy Corporati","NNM","6940027","5965117","4923885","1.41",,
"2025-02-28","CI","The Cigna Group","NYSE","3859901","3669290","2023295","1.91",,
"2025-02-28","CL","Colgate-Palmolive Company","NYSE","10718827","9035713","4477780","2.39",,
"2025-02-28","CMCSA","Comcast Corporation Class A Co","NNM","52052570","51689787","26064252","2.00",,
"2025-02-28","CME","CME Group Inc. Class A Common","NNM","5013683","5023940","1586578","3.16",,
"2025-02-28","CMI","Cummins Inc.","NYSE","1561706","1632505","866563","1.80",,
"2025-02-28","COF","Capital One Financial","NYSE","21607845","19500065","3871425","5.58",,
"2025-02-28","COP","ConocoPhillips","NYSE","15339397","13375012","7540637","2.03",,
"2025-02-28","COST","Costco Wholesale Corporation C","NNM","7080224","6935102","1931300","3.67",,
"2025-02-28","CRM","Salesforce, Inc.","NYSE","9641089","9531940","8691814","1.11",,
"2025-02-28","CRWD","CrowdStrike Holdings, Inc. Cla","NNM","8915347","9865300","3951464","2.26",,
"2025-02-28","CSCO","Cisco Systems, Inc. Common Sto","NNM","60228294","58017675","19153526","3.14",,
"2025-02-28","CSX","CSX Corporation Common Stock","NNM","26516689","25711531","14547806","1.82",,
"2025-02-28","CTAS","Cintas Corporation Common Stoc","NNM","3860423","4834316","1787337","2.16",,
"2025-02-28","CVNA","Carvana Co.","NYSE","9255546","10486944","5758108","1.61",,
"2025-02-28","CVS","CVS HEALTH CORPORATION","NYSE","20554799","23600102","9582082","2.15",,
"2025-02-28","CVX","Chevron Corporation","NYSE","62848848","63754036","6551180","9.59",,
"2025-02-28","D","Dominion Energy, Inc Common St","NYSE","21079971","19587529","4861444","4.34",,
"2025-02-28","DASH","DoorDash, Inc. Class A Common","NNM","10004537","9581515","4581595","2.18",,
"2025-02-28","DDOG","Datadog, Inc. Class A Common S","NNM","12914148","11719955","6365098","2.03",,
"2025-02-28","DE","Deere & Company","NYSE","4888001","5430045","1602846","3.05",,
"2025-02-28","DELL","Dell Technologies Inc.","NYSE","12454084","14906086","10005833","1.24",,
"2025-02-28","DHR","Danaher Corporation","NYSE","8172008","6222905","4916135","1.66",,
"2025-02-28","DIS","The Walt Disney Company","NYSE","21573023","20264794","8505011","2.54",,
"2025-02-28","DLR","Digital Realty Trust, Inc.","NYSE","7807659","6756363","2889104","2.70",,
"2025-02-28","DUK","Duke Energy Corporation","NYSE","10665851","9614834","3742057","2.85",,
"2025-02-28","ECL","Ecolab, Inc.","NYSE","2081275","2381394","1226362","1.70",,
"2025-02-28","ELV","Elevance Health, Inc.","NYSE","2479317","3249711","1593254","1.56",,
"2025-02-28","EMR","Emerson Electric Co.","NYSE","12969682","14575546","2275358","5.70",,
"2025-02-28","EOG","EOG Resources, Inc.","NYSE","13081955","13408284","3076839","4.25",,
"2025-02-28","EPD","Enterprise Products Partners L","NYSE","25420604","26601614","4739367","5.36",,
"2025-02-28","EQIX","Equinix, Inc. Common Stock REI","NNM","1926766","1802891","646951","2.98",,
"2025-02-28","FCX","Freeport-McMoran Inc.","NYSE","26017925","26495133","12842474","2.03",,
"2025-02-28","FDX","FedEx Corporation","NYSE","3605147","3528272","1548902","2.33",,
"2025-02-28","FTNT","Fortinet, Inc. Common Stock","NNM","17958676","13588240","5145098","3.49",,
"2025-02-28","GD","General Dynamics Corporation","NYSE","3061730","3244466","1775873","1.72",,
"2025-02-28","GE","GE Aerospace","NYSE","15666573","11496026","4073257","3.85",,
"2025-02-28","GEV","GE Vernova Inc.","NYSE","3985733","3388393","4671116","1.00",,
"2025-02-28","GILD","Gilead Sciences, Inc. Common S","NNM","22579856","21162249","8448426","2.67",,
"2025-02-28","GLW","Corning Incorporated","NYSE","12177978","11277879","5138342","2.37",,
"2025-02-28","GM","General Motors Company","NYSE","42802322","25182059","10639483","4.02",,
"2025-02-28","GOOG","Alphabet Inc. Class C Capital","NNM","38855537","43612089","20200498","1.92",,
"2025-02-28","GOOGL","Alphabet Inc. Class A Common S","NNM","63514099","66236057","32996889","1.92",,
"2025-02-28","GS","Goldman Sachs Group Inc.","NYSE","4835346","4760667","2792097","1.73",,
"2025-02-28","GWW","W.W. Grainger, Inc.","NYSE","1277283","1162859","278586","4.58",,
"2025-02-28","HCA","HCA Healthcare, Inc.","NYSE","5891356","6038138","1974624","2.98",,
"2025-02-28","HD","Home Depot, Inc.","NYSE","10098170","10778867","4363454","2.31",,
"2025-02-28","HLT","Hilton Worldwide Holdings Inc.","NYSE","3954524","3967366","1437174","2.75",,
"2025-02-28","HON","Honeywell International Inc. C","NNM","8233601","7570278","4425011","1.86",,
"2025-02-28","HOOD","Robinhood Markets, Inc. Class","NNM","23919881","21761914","41399365","1.00",,
"2025-02-28","HPE","Hewlett Packard Enterprise Com","NYSE","29982406","37379214","10981844","2.73",,
"2025-02-28","HWM","Howmet Aerospace Inc.","NYSE","9440268","8925204","3188096","2.96",,
"2025-02-28","IBKR","Interactive Brokers Group, Inc","NNM","3092214","2438108","2526893","1.22",,
"2025-02-28","IBM","International Business Machine","NYSE","16927171","18115099","4897326","3.46",,
"2025-02-28","ICE","Intercontinental Exchange  Inc","NYSE","6579530","6169532","3080772","2.14",,
"2025-02-28","INTC","Intel Corporation Common Stock","NNM","125523910","137757192","125920288","1.00",,
"2025-02-28","INTU","Intuit Inc. Common Stock","NNM","5029688","3531289","2579391","1.95",,
"2025-02-28","ISRG","Intuitive Surgical, Inc. Commo","NNM","4818517","4412034","1646989","2.93",,
"2025-02-28","ITW","Illinois Tool Works Inc.","NYSE","6624836","6256333","1024001","6.47",,
"2025-02-28","JNJ","Johnson & Johnson","NYSE","23102773","18352866","10191152","2.27",,
"2025-02-28","JPM","JPMorgan Chase & Co.","NYSE","29238674","31008899","9578403","3.05",,
"2025-02-28","KKR","KKR & Co. Inc.","NYSE","9581943","11081397","5676327","1.69",,
"2025-02-28","KLAC","KLA Corporation Common Stock","NNM","3347350","2860448","1102661","3.04",,
"2025-02-28","KMI","Kinder Morgan, Inc.","NYSE","38967808","37203283","14799218","2.63",,
"2025-02-28","KO","Coca-Cola Company","NYSE","37703522","42894759","18124857","2.08",,
"2025-02-28","LIN","Linde plc Ordinary Shares","NNM","5554822","4968187","2028411","2.74",,
"2025-02-28","LLY","Eli Lilly & Co.","NYSE","7237706","7081854","3638137","1.99",,
"2025-02-28","LMT","Lockheed Martin Corp.","NYSE","3400233","3264286","1849567","1.84",,
"2025-02-28","LOW","Lowe's Companies Inc.","NYSE","7318404","7440368","3258150","2.25",,
"2025-02-28","LRCX","Lam Research Corporation Commo","NNM","24858206","29017235","15643029","1.59",,
"2025-02-28","MA","Mastercard Incorporated","NYSE","5125285","5208136","2443802","2.10",,
"2025-02-28","MAR","Marriott International Class A","NNM","4971552","4098402","1705051","2.92",,
"2025-02-28","MCD","McDonald's Corporation","NYSE","11032280","8723692","3574359","3.09",,
"2025-02-28","MCK","McKesson Corporation","NYSE","1846222","1866473","859093","2.15",,
"2025-02-28","MCO","Moody's Corporation","NYSE","2742702","1909130","947667","2.89",,
"2025-02-28","MDLZ","Mondelez International, Inc. C","NNM","26830118","23933195","10754222","2.49",,
"2025-02-28","MDT","Medtronic plc","NYSE","13492249","13238986","8003851","1.69",,
"2025-02-28","META","Meta Platforms, Inc. Class A C","NNM","23941117","27482134","16362933","1.46",,
"2025-02-28","MMM","3M Company","NYSE","8537183","7534114","4535262","1.88",,
"2025-02-28","MNST","Monster Beverage Corporation","NNM","20964151","22241689","7963980","2.63",,
"2025-02-28","MO","Altria Group, Inc.","NYSE","37890284","34075104","8670364","4.37",,
"2025-02-28","MPC","MARATHON PETROLEUM CORPORATION","NYSE","8044941","8028626","2633976","3.05",,
"2025-02-28","MPWR","Monolithic Power Systems, Inc.","NNM","2602443","2719973","871083","2.99",,
"2025-02-28","MRK","Merck & Co., Inc.","NYSE","40943400","32207979","16829624","2.43",,
"2025-02-28","MRVL","Marvell Technology, Inc. Commo","NNM","24233307","19535097","15782866","1.54",,
"2025-02-28","MS","Morgan Stanley","NYSE","14288509","13131463","6298368","2.27",,
"2025-02-28","MSFT","Microsoft Corporation Common S","NNM","66334396","53633341","24885730","2.67",,
"2025-02-28","MSI","Motorola Solutions, Inc. New","NYSE","1844356","1830958","1103682","1.67",,
"2025-02-28","MU","Micron Technology, Inc. Common","NNM","32000669","37871651","19932696","1.61",,
"2025-02-28","NEE","Nextra Energy, Inc.","NYSE","39190492","36533010","11298908","3.47",,
"2025-02-28","NEM","Newmont Corporation","NYSE","19409567","21636117","12949332","1.50",,
"2025-02-28","NET","Cloudflare, Inc. Class A commo","NYSE","7295301","8312803","4313076","1.69",,
"2025-02-28","NFLX","Netflix, Inc. Common Stock","NNM","7375049","7041888","3834338","1.92",,
"2025-02-28","NKE","Nike, Inc.","NYSE","42120229","33514828","16427703","2.56",,
"2025-02-28","NOC","Northrop Grumman Corp.","NYSE","2297441","2072644","1252859","1.83",,
"2025-02-28","NOW","SERVICENOW, INC.","NYSE","3354705","3153388","1736482","1.93",,
"2025-02-28","NSC","Norfolk Southern Corp.","NYSE","2628772","2528939","1391552","1.89",,
"2025-02-28","NVDA","NVIDIA Corporation Common Stoc","NNM","241358114","241662760","269883275","1.00",,
"2025-02-28","ORCL","Oracle Corp","NYSE","21574871","24003557","9413361","2.29",,
"2025-02-28","ORLY","O'Reilly Automotive, Inc. Comm","NNM","963793","850581","332255","2.90",,
"2025-02-28","PANW","Palo Alto Networks, Inc. Commo","NNM","23778874","23278265","5286972","4.50",,
"2025-02-28","PCAR","PACCAR Inc. Common Stock","NNM","9248582","8637412","2611432","3.54",,
"2025-02-28","PEP","PepsiCo, Inc. Common Stock","NNM","20917247","18037359","8029524","2.61",,
"2025-02-28","PFE","Pfizer Inc.","NYSE","94955194","89117210","40758814","2.33",,
"2025-02-28","PG","Procter & Gamble Company","NYSE","18107870","19599876","7563090","2.39",,
"2025-02-28","PGR","Progressive Corporation","NYSE","6473115","6402587","3007054","2.15",,
"2025-02-28","PH","Parker-Hannifin Corporation","NYSE","1136736","1125522","718144","1.58",,
"2025-02-28","PLD","PROLOGIS, INC.","NYSE","13472722","12155176","3298467","4.08",,
"2025-02-28","PLTR","Palantir Technologies Inc. Cla","NNM","61179750","79980715","137244683","1.00",,
"2025-02-28","PM","Philip Morris International In","NYSE","17140060","9592207","7801912","2.20",,
"2025-02-28","PNC","PNC Financial Services Group","NYSE","4174216","5005927","1902242","2.19",,
"2025-02-28","PSX","PHILLIPS 66","NYSE","7281908","7097045","4957271","1.47",,
"2025-02-28","PWR","Quanta Services, Inc.","NYSE","4060726","4013192","2694375","1.51",,
"2025-02-28","QCOM","QUALCOMM Incorporated Common S","NNM","17263336","16617647","8924203","1.93",,
"2025-02-28","RCL","Royal Caribbean Group","NYSE","12422744","11531399","3345984","3.71",,
"2025-02-28","REGN","Regeneron Pharmaceuticals, Inc","NNM","2565723","2204900","778843","3.29",,
"2025-02-28","ROST","Ross Stores, Inc. Common Stock","NNM","5432932","5160986","2609792","2.08",,
"2025-02-28","RSG","Republic Services Inc.","NYSE","2180930","1976732","1158042","1.88",,
"2025-02-28","RTX","RTX Corporation","NYSE","11461979","11060654","5120266","2.24",,
"2025-02-28","SBUX","Starbucks Corporation Common S","NNM","34190067","33913200","9204636","3.71",,
"2025-02-28","SCCO","Southern Copper Corporation","NYSE","5912211","5567025","1163518","5.08",,
"2025-02-28","SCHW","The Charles Schwab Corporation","NYSE","16837726","22739450","9905555","1.70",,
"2025-02-28","SHW","The Sherwin-Williams Company","NYSE","6517740","4595774","2296301","2.84",,
"2025-02-28","SNDK","Sandisk Corporation Common Sto","NNM","8810660","200","7674967","1.15",,
"2025-02-28","SNOW","Snowflake Inc.","NYSE","10301381","9844392","8788359","1.17",,
"2025-02-28","SNPS","Synopsys, Inc. Common Stock","NNM","3798720","3587559","1601186","2.37",,
"2025-02-28","SO","The Southern Company","NYSE","20813683","18600599","5622472","3.70",,
"2025-02-28","SPCX","The SPAC and New Issue ETF","NNM","5925","6042","855","6.93",,
"2025-02-28","SPG","Simon Property Group, Inc.","NYSE","4198184","5579542","1316269","3.19",,
"2025-02-28","SPGI","S&P Global Inc.","NYSE","3617571","2893864","1320110","2.74",,
"2025-02-28","SYK","Stryker Corporation","NYSE","4731157","4059882","1340834","3.53",,
"2025-02-28","T","AT&T Inc.","NYSE","113402898","98123494","46218533","2.45",,
"2025-02-28","TDG","TransDigm Group Incorporated","NYSE","1024413","1105439","221521","4.62",,
"2025-02-28","TFC","Truist Financial Corporation","NYSE","22566146","21170057","6179385","3.65",,
"2025-02-28","TGT","Target Corporation","NYSE","11520090","10893728","6888155","1.67",,
"2025-02-28","TJX","TJX Companies, Inc. (The)","NYSE","12991645","13615666","5518949","2.35",,
"2025-02-28","TMO","Thermo Fisher Scientific, Inc.","NYSE","4147842","3856421","1875660","2.21",,
"2025-02-28","TMUS","T-Mobile US, Inc. Common Stock","NNM","13869601","15131180","3769079","3.68",,
"2025-02-28","TRV","The Travelers Companies, Inc.","NYSE","3504165","3447996","1288618","2.72",,
"2025-02-28","TSLA","Tesla, Inc. Common Stock","NNM","67129145","61498198","84714426","1.00",,
"2025-02-28","TXN","Texas Instruments Incorporated","NNM","17849758","16458853","7373343","2.42",,
"2025-02-28","UBER","Uber Technologies, Inc.","NYSE","56621663","62215240","18335061","3.09",,
"2025-02-28","UNH","UNITEDHEALTH GROUP INCORPORATE","NYSE","8693946","7920168","7626728","1.14",,
"2025-02-28","UNP","Union Pacific Corp.","NYSE","7659584","5973205","2905165","2.64",,
"2025-02-28","UPS","United Parcel Service, Inc. Cl","NYSE","15196986","15240367","5577585","2.72",,
"2025-02-28","URI","United Rentals, Inc.","NYSE","1753352","1676123","812652","2.16",,
"2025-02-28","USB","U.S. Bancorp","NYSE","25157305","22954718","8763644","2.87",,
"2025-02-28","V","VISA Inc.","NYSE","24228501","23379763","6995488","3.46",,
"2025-02-28","VLO","Valero Energy Corporation","NYSE","12419044","12733130","3136290","3.96",,
"2025-02-28","VRT","Vertiv Holdings Co Class A Com","NYSE","9892039","10989308","12540894","1.00",,
"2025-02-28","VRTX","Vertex Pharmaceuticals Incorpo","NNM","5484026","5066603","1395128","3.93",,
"2025-02-28","VZ","Verizon Communications","NYSE","64881029","67758754","21956985","2.95",,
"2025-02-28","WBD","Warner Bros. Discovery, Inc. S","NNM","64049621","67352856","50057714","1.28",,
"2025-02-28","WDC","Western Digital Corporation Co","NNM","32123617","29571941","9358656","3.43",,
"2025-02-28","WELL","Welltower Inc.","NYSE","10756696","9364601","3083531","3.49",,
"2025-02-28","WFC","Wells Fargo & Co.","NYSE","30497271","28643554","15870145","1.92",,
"2025-02-28","WM","Waste Management, Inc.","NYSE","3477618","3729449","1569479","2.22",,
"2025-02-28","WMB","Williams Companies Inc.","NYSE","16845026","18012217","8119495","2.07",,
"2025-02-28","WMT","Walmart Inc.","NYSE","40333744","38204567","27473393","1.47",,
"2025-02-28","XOM","Exxon Mobil Corporation","NYSE","47108076","42079589","14919162","3.16",,
"2023-02-15","AAPL","Apple Inc. Common Stock","NNM","104341256","115480341","79071301","1.32",,
"2023-02-15","ABBV","ABBVIE INC.","NYSE","11710881","10299848","6426713","1.82",,
"2023-02-15","ABNB","Airbnb, Inc. Class A Common St","NNM","20336541","22347874","8753183","2.32",,
"2023-02-15","ABT","Abbott Laboratories","NYSE","13189047","11995979","4111146","3.21",,
"2023-02-15","ADBE","Adobe Inc. Common Stock","NNM","5234465","5022279","2534160","2.07",,
"2023-02-15","ADI","Analog Devices, Inc. Common St","NNM","5406374","4810624","4010977","1.35",,
"2023-02-15","ADP","Automatic Data Processing, Inc","NNM","4778834","5334852","2002134","2.39",,
"2023-02-15","AEP","American Electric Power Compan","NNM","6531129","5530361","2606750","2.51",,
"2023-02-15","AFL","Aflac Inc.","NYSE","10289636","9385597","2603180","3.95",,
"2023-02-15","AJG","Arthur J. Gallagher & Co.","NYSE","1313903","1586903","782495","1.68",,
"2023-02-15","ALL","The Allstate Corporation","NYSE","3623475","2782687","1801471","2.01",,
"2023-02-15","AMAT","Applied Materials, Inc. Common","NNM","10296430","10408126","6153058","1.67",,
"2023-02-15","AMD","Advanced Micro Devices, Inc. C","NNM","31495240","30319349","66589766","1.00",,
"2023-02-15","AMGN","Amgen Inc. Common Stock","NNM","7435485","7897101","2983300","2.49",,
"2023-02-15","AMT","American Tower Corporation","NYSE","3106808","2838908","1795736","1.73",,
"2023-02-15","AMZN","Amazon.com, Inc. Common Stock","NNM","62131345","70392814","84950747","1.00",,
"2023-02-15","ANET","Arista Networks","NYSE","2727700","2623351","3221888","1.00",,
"2023-02-15","AON","Aon plc Class A","NYSE","1576747","1672043","881579","1.79",,
"2023-02-15","APD","Air Products & Chemicals, Inc.","NYSE","1911827","2047729","1634288","1.17",,
"2023-02-15","APH","Amphenol Corporation","NYSE","4249761","4366041","2564565","1.66",,
"2023-02-15","APO","Apollo Global Management, Inc.","NYSE","8960199","8582362","3016763","2.97",,
"2023-02-15","APP","Applovin Corporation Class A C","NNM","16154681","16091066","5099349","3.17",,
"2023-02-15","AVGO","Broadcom Inc. Common Stock","NNM","4879259","5216441","1955790","2.49",,
"2023-02-15","AXP","American Express Company","NYSE","7388892","6855905","3531940","2.09",,
"2023-02-15","BA","Boeing Company","NYSE","8829482","8573334","5980038","1.48",,
"2023-02-15","BAC","Bank of America Corporation","NYSE","53781114","50593013","33785201","1.59",,
"2023-02-15","BKNG","Booking Holdings Inc. Common S","NNM","540499","608930","341580","1.58",,
"2023-02-15","BLK","Blackrock, Inc.","NYSE","2563073","2512836","711302","3.60",,
"2023-02-15","BMY","Bristol-Myers Squibb Co.","NYSE","17721771","20722938","9229035","1.92",,
"2023-02-15","BNY","BlackRock New York Municipal I","NYSE","29172","44497","70033","1.00",,
"2023-02-15","BRKA","Berkshire Hathaway Inc.","NYSE","830","714","4387","1.00",,
"2023-02-15","BRKB","BERKSHIRE HATHAWAY Class B","NYSE","5275542","5349308","3484846","1.51",,
"2023-02-15","BSX","Boston Scientific Corp.","NYSE","9774100","13231534","7626944","1.28",,
"2023-02-15","BX","Blackstone Inc.","NYSE","17960659","20440098","4457336","4.03",,
"2023-02-15","C","Citigroup Inc.","NYSE","29161096","31318659","16245095","1.80",,
"2023-02-15","CAT","Caterpillar Inc.","NYSE","7258614","8403946","3531769","2.06",,
"2023-02-15","CDNS","Cadence Design Systems, Inc. C","NNM","3154691","2599914","1662511","1.90",,
"2023-02-15","CEG","Constellation Energy Corporati","NNM","4772516","4858502","1919921","2.49",,
"2023-02-15","CI","CIGNA Corporation","NYSE","2329286","2099205","1814107","1.28",,
"2023-02-15","CL","Colgate-Palmolive Company","NYSE","9680509","9815391","3771999","2.57",,
"2023-02-15","CMCSA","Comcast Corporation Class A Co","NNM","42913212","53640089","18198675","2.36",,
"2023-02-15","CME","CME Group Inc. Class A Common","NNM","3931272","3607223","2104430","1.87",,
"2023-02-15","CMI","Cummins Inc.","NYSE","2494560","2753117","866185","2.88",,
"2023-02-15","COF","Capital One Financial","NYSE","6485945","6706917","3143819","2.06",,
"2023-02-15","COP","ConocoPhillips","NYSE","11341257","10960998","8636083","1.31",,
"2023-02-15","COST","Costco Wholesale Corporation C","NNM","2986474","2974309","1725345","1.73",,
"2023-02-15","CRM","Salesforce, Inc.","NYSE","11018780","10441571","8107703","1.36",,
"2023-02-15","CRWD","CrowdStrike Holdings, Inc. Cla","NNM","8074708","8733989","4301673","1.88",,
"2023-02-15","CSCO","Cisco Systems, Inc. Common Sto","NNM","39047107","41318699","18725762","2.09",,
"2023-02-15","CSX","CSX Corporation Common Stock","NNM","16754753","18893983","12110667","1.38",,
"2023-02-15","CTAS","Cintas Corporation Common Stoc","NNM","1114732","1046584","332700","3.35",,
"2023-02-15","CVNA","Carvana Co.","NYSE","45910310","53436017","48924588","1.00",,
"2023-02-15","CVS","CVS HEALTH CORPORATION","NYSE","14663004","20623555","9704494","1.51",,
"2023-02-15","CVX","Chevron Corporation","NYSE","12689512","14295343","9657293","1.31",,
"2023-02-15","D","Dominion Energy, Inc Common St","NYSE","6842959","5843078","6022788","1.14",,
"2023-02-15","DASH","DoorDash, Inc.","NYSE","19731996","20937821","5334817","3.70",,
"2023-02-15","DDOG","Datadog, Inc. Class A Common S","NNM","14034740","14805286","5958412","2.36",,
"2023-02-15","DE","Deere & Company","NYSE","2305051","2524789","1517311","1.52",,
"2023-02-15","DELL","Dell Technologies Inc.","NYSE","6515501","9367716","3292071","1.98",,
"2023-02-15","DHR","Danaher Corporation","NYSE","3662854","4262434","2515551","1.46",,
"2023-02-15","DIS","The Walt Disney Company","NYSE","16947164","15964387","16276166","1.04",,
"2023-02-15","DLR","Digital Realty Trust, Inc.","NYSE","10113784","9913198","1671821","6.05",,
"2023-02-15","DUK","Duke Energy Corporation","NYSE","7897077","6731336","3151751","2.51",,
"2023-02-15","ECL","Ecolab, Inc.","NYSE","1730721","1877825","1452416","1.19",,
"2023-02-15","ELV","Elevance Health, Inc.","NYSE","1597245","1676237","1003692","1.59",,
"2023-02-15","EMR","Emerson Electric Co.","NYSE","5505275","6169926","4177245","1.32",,
"2023-02-15","EOG","EOG Resources, Inc.","NYSE","6392140","6888351","3477049","1.84",,
"2023-02-15","EPD","Enterprise Products Partners L","NYSE","12892637","10144418","4042575","3.19",,
"2023-02-15","EQIX","Equinix, Inc. Common Stock REI","NNM","1506075","1475242","335360","4.49",,
"2023-02-15","FCX","Freeport-McMoran Inc.","NYSE","18814609","19510590","10697418","1.76",,
"2023-02-15","FDX","FedEx Corporation","NYSE","5019003","4099993","2021694","2.48",,
"2023-02-15","FTNT","Fortinet, Inc. Common Stock","NNM","13274073","13508484","7692145","1.73",,
"2023-02-15","GD","General Dynamics Corporation","NYSE","2449006","2426923","1077005","2.27",,
"2023-02-15","GE","General Electric Company","NYSE","13400954","12036071","5128763","2.61",,
"2023-02-15","GILD","Gilead Sciences, Inc. Common S","NNM","15762304","15171088","7561068","2.08",,
"2023-02-15","GLW","Corning Incorporated","NYSE","9479782","9689636","4190416","2.26",,
"2023-02-15","GM","General Motors Company","NYSE","24665992","21162192","16442216","1.50",,
"2023-02-15","GOOG","Alphabet Inc. Class C Capital","NNM","28548352","32362323","46443319","1.00",,
"2023-02-15","GOOGL","Alphabet Inc. Class A Common S","NNM","41928875","37983712","61321091","1.00",,
"2023-02-15","GS","Goldman Sachs Group Inc.","NYSE","4027878","3936370","2097019","1.92",,
"2023-02-15","GWW","W.W. Grainger, Inc.","NYSE","1126237","1348339","384102","2.93",,
"2023-02-15","HCA","HCA Healthcare, Inc.","NYSE","3009291","2821118","957402","3.14",,
"2023-02-15","HD","Home Depot, Inc.","NYSE","10977689","11357536","3122439","3.52",,
"2023-02-15","HLT","Hilton Worldwide Holdings Inc.","NYSE","3835620","3597509","1891452","2.03",,
"2023-02-15","HON","Honeywell International Inc. C","NNM","4346114","5144031","3680227","1.18",,
"2023-02-15","HOOD","Robinhood Markets, Inc. Class","NNM","36329861","39425074","9809404","3.70",,
"2023-02-15","HPE","Hewlett Packard Enterprise Com","NYSE","26266975","27501321","14478368","1.81",,
"2023-02-15","HWM","Howmet Aerospace Inc.","NYSE","5359298","5776134","2807185","1.91",,
"2023-02-15","IBKR","Interactive Brokers Group, Inc","NNM","1716975","1981492","1205998","1.42",,
"2023-02-15","IBM","International Business Machine","NYSE","25693288","28623735","4322326","5.94",,
"2023-02-15","ICE","Intercontinental Exchange  Inc","NYSE","3838287","4862173","2256468","1.70",,
"2023-02-15","INTC","Intel Corporation Common Stock","NNM","75645151","77491796","43221109","1.75",,
"2023-02-15","INTU","Intuit Inc. Common Stock","NNM","2697859","2400578","1251445","2.16",,
"2023-02-15","ISRG","Intuitive Surgical, Inc. Commo","NNM","2205508","2524665","1490233","1.48",,
"2023-02-15","ITW","Illinois Tool Works Inc.","NYSE","5396209","6449202","1300721","4.15",,
"2023-02-15","JNJ","Johnson & Johnson","NYSE","8772917","9172098","7960077","1.10",,
"2023-02-15","JPM","JPMorgan Chase & Co.","NYSE","16437409","15359068","8556215","1.92",,
"2023-02-15","KKR","KKR & Co. Inc.","NYSE","11782171","12484253","3493831","3.37",,
"2023-02-15","KLAC","KLA Corporation Common Stock","NNM","1977123","1953039","1173015","1.69",,
"2023-02-15","KMI","Kinder Morgan, Inc.","NYSE","39949638","37584109","12279254","3.25",,
"2023-02-15","KO","Coca-Cola Company","NYSE","23947458","24872812","14450808","1.66",,
"2023-02-15","LIN","Linde plc Ordinary Share","NYSE","6185914","5041222","2766491","2.24",,
"2023-02-15","LLY","Eli Lilly & Co.","NYSE","5223228","4931706","3872196","1.35",,
"2023-02-15","LMT","Lockheed Martin Corp.","NYSE","2710286","2464508","1225902","2.21",,
"2023-02-15","LOW","Lowe's Companies Inc.","NYSE","10733864","10581587","2607085","4.12",,
"2023-02-15","LRCX","Lam Research Corporation Commo","NNM","2445661","2703068","1256172","1.95",,
"2023-02-15","MA","Mastercard Incorporated","NYSE","5978303","6264252","2355833","2.54",,
"2023-02-15","MAR","Marriott International Class A","NNM","4333687","4125234","1792441","2.42",,
"2023-02-15","MCD","McDonald's Corporation","NYSE","5108715","5287082","2868138","1.78",,
"2023-02-15","MCK","McKesson Corporation","NYSE","2207034","2702721","1188393","1.86",,
"2023-02-15","MCO","Moody's Corporation","NYSE","2358321","2754153","845651","2.79",,
"2023-02-15","MDLZ","Mondelez International, Inc. C","NNM","11460833","10615788","5684957","2.02",,
"2023-02-15","MDT","Medtronic plc","NYSE","11300833","11529569","5429693","2.08",,
"2023-02-15","META","Meta Platforms, Inc. Class A C","NNM","30587672","26814874","50809258","1.00",,
"2023-02-15","MMM","3M Company","NYSE","13131725","13329628","2818167","4.66",,
"2023-02-15","MNST","Monster Beverage Corporation","NNM","3530804","3400101","1792612","1.97",,
"2023-02-15","MO","Altria Group, Inc.","NYSE","15799418","14232856","7533742","2.10",,
"2023-02-15","MPC","MARATHON PETROLEUM CORPORATION","NYSE","12302606","12795864","3932584","3.13",,
"2023-02-15","MPWR","Monolithic Power Systems, Inc.","NNM","2781866","2815585","928833","3.00",,
"2023-02-15","MRK","Merck & Co., Inc.","NYSE","19469717","17148771","9042855","2.15",,
"2023-02-15","MRVL","Marvell Technology, Inc. Commo","NNM","20472178","19162419","10122560","2.02",,
"2023-02-15","MS","Morgan Stanley","NYSE","17940499","18617536","6513647","2.75",,
"2023-02-15","MSFT","Microsoft Corporation Common S","NNM","36520392","35766440","36972369","1.00",,
"2023-02-15","MSI","Motorola Solutions, Inc. New","NYSE","1125929","1318326","789026","1.43",,
"2023-02-15","MU","Micron Technology, Inc. Common","NNM","18044886","24979270","12590076","1.43",,
"2023-02-15","NEE","Nextra Energy, Inc.","NYSE","20999796","21315612","11121919","1.89",,
"2023-02-15","NEM","Newmont Corporation","NYSE","9090195","9976028","7781805","1.17",,
"2023-02-15","NET","Cloudflare, Inc. Class A commo","NYSE","21397007","22586107","8496249","2.52",,
"2023-02-15","NFLX","Netflix, Inc. Common Stock","NNM","8713369","8762362","6563627","1.33",,
"2023-02-15","NKE","Nike, Inc.","NYSE","11886616","12038861","5428694","2.19",,
"2023-02-15","NOC","Northrop Grumman Corp.","NYSE","1374550","1374022","1075562","1.28",,
"2023-02-15","NOW","SERVICENOW, INC.","NYSE","3540088","3439278","1639627","2.16",,
"2023-02-15","NSC","Norfolk Southern Corp.","NYSE","2177490","2287315","1515426","1.44",,
"2023-02-15","NVDA","NVIDIA Corporation Common Stoc","NNM","34650890","39684462","54243009","1.00",,
"2023-02-15","ORCL","Oracle Corp","NYSE","13419115","15102355","6244093","2.15",,
"2023-02-15","ORLY","O'Reilly Automotive, Inc. Comm","NNM","855103","798025","660237","1.30",,
"2023-02-15","PANW","Palo Alto Networks, Inc. Commo","NNM","19286700","19230824","3822108","5.05",,
"2023-02-15","PCAR","PACCAR Inc. Common Stock","NNM","6518658","4417803","2967566","2.20","S",
"2023-02-15","PEP","PepsiCo, Inc. Common Stock","NNM","10628434","9725837","5693200","1.87",,
"2023-02-15","PFE","Pfizer Inc.","NYSE","38020888","39168761","21613598","1.76",,
"2023-02-15","PG","Procter & Gamble Company","NYSE","13338484","13980346","6334366","2.11",,
"2023-02-15","PGR","Progressive Corporation","NYSE","3110604","2762366","2192876","1.42",,
"2023-02-15","PH","Parker-Hannifin Corporation","NYSE","1829818","1279656","1249265","1.46",,
"2023-02-15","PLD","PROLOGIS, INC.","NYSE","10612312","10305159","2503535","4.24",,
"2023-02-15","PLTR","Palantir Technologies Inc. Cla","NYSE","128778957","115710499","76029776","1.69",,
"2023-02-15","PM","Philip Morris International In","NYSE","6991969","7472549","3661842","1.91",,
"2023-02-15","PNC","PNC Financial Services Group","NYSE","4570291","5223707","1848601","2.47",,
"2023-02-15","PSX","PHILLIPS 66","NYSE","9499970","9575177","3276783","2.90",,
"2023-02-15","PWR","Quanta Services, Inc.","NYSE","4393342","4309523","823073","5.34",,
"2023-02-15","QCOM","QUALCOMM Incorporated Common S","NNM","10485763","10118979","8022287","1.31",,
"2023-02-15","RCL","Royal Caribbean Group","NYSE","20857380","20056849","5159853","4.04",,
"2023-02-15","REGN","Regeneron Pharmaceuticals, Inc","NNM","1338246","1457969","736122","1.82",,
"2023-02-15","ROST","Ross Stores, Inc. Common Stock","NNM","4532656","4359828","2324154","1.95",,
"2023-02-15","RSG","Republic Services Inc.","NYSE","2139785","2472363","1613793","1.33",,
"2023-02-15","RTX","Raytheon Technologies Corporat","NYSE","7575856","7280628","4394001","1.72",,
"2023-02-15","SBUX","Starbucks Corporation Common S","NNM","11252412","10984352","6822606","1.65",,
"2023-02-15","SCCO","Southern Copper Corporation","NYSE","6394819","6063137","1241754","5.15",,
"2023-02-15","SCHW","The Charles Schwab Corporation","NYSE","10660348","12030191","7171698","1.49",,
"2023-02-15","SHW","The Sherwin-Williams Company","NYSE","2100356","2308463","1578584","1.33",,
"2023-02-15","SNOW","Snowflake Inc.","NYSE","12722425","15011207","5235540","2.43",,
"2023-02-15","SNPS","Synopsys, Inc. Common Stock","NNM","1558865","1339005","812609","1.92",,
"2023-02-15","SO","The Southern Company","NYSE","9248207","10441354","3453963","2.68",,
"2023-02-15","SPCX","The SPAC and New Issue ETF","NNM","30195","36853","23558","1.28",,
"2023-02-15","SPG","Simon Property Group, Inc.","NYSE","5782623","6247134","1533725","3.77",,
"2023-02-15","SPGI","S&P Global Inc.","NYSE","4481747","3359671","1274746","3.52",,
"2023-02-15","SYK","Stryker Corporation","NYSE","5405777","5301069","1664920","3.25",,
"2023-02-15","T","AT&T Inc.","NYSE","87477386","88224692","30298380","2.89",,
"2023-02-15","TDG","TransDigm Group Incorporated","NYSE","1220764","1257672","486026","2.51",,
"2023-02-15","TFC","Truist Financial Corporation","NYSE","12919510","13738784","5280446","2.45",,
"2023-02-15","TGT","Target Corporation","NYSE","12527823","10431441","2655263","4.72",,
"2023-02-15","TJX","TJX Companies, Inc. (The)","NYSE","5946704","6105600","5580671","1.07",,
"2023-02-15","TMO","Thermo Fisher Scientific, Inc.","NYSE","2647689","2361661","1275609","2.08",,
"2023-02-15","TMUS","T-Mobile US, Inc. Common Stock","NNM","18190629","15857581","5187099","3.51",,
"2023-02-15","TRV","The Travelers Companies, Inc.","NYSE","3036063","3143890","1409793","2.15",,
"2023-02-15","TSLA","Tesla, Inc. Common Stock","NNM","82116960","90314882","200587880","1.00",,
"2023-02-15","TXN","Texas Instruments Incorporated","NNM","18152560","17430618","5679176","3.20",,
"2023-02-15","UBER","Uber Technologies, Inc.","NYSE","52147953","35727868","43001887","1.21",,
"2023-02-15","UNH","UNITEDHEALTH GROUP INCORPORATE","NYSE","4845047","5103784","4098527","1.18",,
"2023-02-15","UNP","Union Pacific Corp.","NYSE","4843963","4999346","2631522","1.84",,
"2023-02-15","UPS","United Parcel Service, Inc. Cl","NYSE","9891721","10412720","2617921","3.78",,
"2023-02-15","URI","United Rentals, Inc.","NYSE","3379677","3624753","700273","4.83",,
"2023-02-15","USB","U.S. Bancorp","NYSE","10317325","10447448","5716239","1.80",,
"2023-02-15","V","VISA Inc.","NYSE","33139773","32052279","4961999","6.68",,
"2023-02-15","VLO","Valero Energy Corporation","NYSE","9904027","9424325","3914598","2.53",,
"2023-02-15","VRT","Vertiv Holdings Co Class A Com","NYSE","12398696","14037527","3328605","3.72",,
"2023-02-15","VRTX","Vertex Pharmaceuticals Incorpo","NNM","2802256","3146273","1422998","1.97",,
"2023-02-15","VZ","Verizon Communications","NYSE","37916209","41119462","16228431","2.34",,
"2023-02-15","WBD","Warner Bros. Discovery, Inc. S","NNM","65380450","77864192","17468278","3.74",,
"2023-02-15","WDC","Western Digital Corporation Co","NNM","8732124","8216583","4663473","1.87",,
"2023-02-15","WELL","Welltower Inc.","NYSE","10476115","10203801","1928658","5.43",,
"2023-02-15","WFC","Wells Fargo & Co.","NYSE","27460517","21292554","17864330","1.54",,
"2023-02-15","WM","Waste Management, Inc.","NYSE","4305025","3976486","2063357","2.09",,
"2023-02-15","WMB","Williams Companies Inc.","NYSE","18811782","17802939","6888405","2.73",,
"2023-02-15","WMT","Walmart Inc.","NYSE","12526056","10451513","5027016","2.49",,
"2023-02-15","XOM","Exxon Mobil Corporation","NYSE","31577359","34197492","17748029","1.78",,
"2021-09-15","AAPL","Apple Inc. Common Stock","NNM","100926641","96838699","85877391","1.18",,
"2021-09-15","ABBV","ABBVIE INC.","NYSE","12990796","13549109","13345814","1.00",,
"2021-09-15","ABNB","Airbnb, Inc. Class A Common St","NNM","14648428","14050683","5652301","2.59",,
"2021-09-15","ABT","Abbott Laboratories","NYSE","11048897","10221589","3872425","2.85",,
"2021-09-15","ADBE","Adobe Inc. Common Stock","NNM","4569864","4702456","1565412","2.92",,
"2021-09-15","ADI","Analog Devices, Inc. Common St","NNM","12309675","12488061","5216037","2.36",,
"2021-09-15","ADP","Automatic Data Processing, Inc","NNM","3854195","3891345","1481939","2.60",,
"2021-09-15","AEP","American Electric Power Compan","NNM","7525431","7319325","2083509","3.61",,
"2021-09-15","AFL","Aflac Inc.","NYSE","15210650","15383819","2335266","6.51",,
"2021-09-15","AJG","Arthur J. Gallagher & Co.","NYSE","1875963","1849735","1194788","1.57",,
"2021-09-15","ALL","The Allstate Corporation","NYSE","5747486","8029862","1579175","3.64",,
"2021-09-15","AMAT","Applied Materials, Inc. Common","NNM","11754022","11997941","6757694","1.74",,
"2021-09-15","AMD","Advanced Micro Devices, Inc. C","NNM","62659363","64854437","37385504","1.68",,
"2021-09-15","AMGN","Amgen Inc. Common Stock","NNM","11628921","11212944","2411629","4.82",,
"2021-09-15","AMT","American Tower Corporation","NYSE","4424294","4195469","1430363","3.09",,
"2021-09-15","AMZN","Amazon.com, Inc. Common Stock","NNM","5330390","4916979","2736732","1.95",,
"2021-09-15","ANET","Arista Networks","NYSE","1489643","1362035","495469","3.01",,
"2021-09-15","AON","Aon plc Class A","NYSE","9779286","11170895","1299318","7.53",,
"2021-09-15","APD","Air Products & Chemicals, Inc.","NYSE","2291017","1843801","830257","2.76",,
"2021-09-15","APH","Amphenol Corporation","NYSE","5342927","5117096","1995075","2.68",,
"2021-09-15","APO","Apollo Global Management, Inc.","NYSE","20267693","21155029","1730157","11.71",,
"2021-09-15","APP","Applovin Corporation Class A C","NNM","6241890","6641969","1783119","3.50",,
"2021-09-15","AVGO","Broadcom Inc. Common Stock","NNM","4171483","4454091","1624838","2.57",,
"2021-09-15","AXP","American Express Company","NYSE","9244669","9355816","3461058","2.67",,
"2021-09-15","BA","Boeing Company","NYSE","8875003","8318339","8877826","1.00",,
"2021-09-15","BAC","Bank of America Corporation","NYSE","77934210","84378237","44355944","1.76",,
"2021-09-15","BKNG","Booking Holdings Inc. Common S","NNM","798620","823704","236197","3.38",,
"2021-09-15","BLK","Blackrock, Inc.","NYSE","1604733","1489909","401080","4.00",,
"2021-09-15","BMY","Bristol-Myers Squibb Co.","NYSE","20985264","20323806","9246393","2.27",,
"2021-09-15","BNY","BlackRock New York Municipal I","NYSE","18612","37283","42196","1.00",,
"2021-09-15","BRKA","Berkshire Hathaway Inc.","NYSE","492","450","1177","1.00",,
"2021-09-15","BRKB","BERKSHIRE HATHAWAY Class B","NYSE","10192703","10306575","4331624","2.35",,
"2021-09-15","BSX","Boston Scientific Corp.","NYSE","20542585","20004034","5579918","3.68",,
"2021-09-15","BX","Blackstone Inc.","NYSE","9542106","9618620","3042901","3.14",,
"2021-09-15","C","Citigroup Inc.","NYSE","34376316","37440299","16680072","2.06",,
"2021-09-15","CAT","Caterpillar Inc.","NYSE","7153342","7308857","2993326","2.39",,
"2021-09-15","CCZ","Comcast Holdings Corp. 2.0% Ex","NYSE","153","368","304","1.00",,
"2021-09-15","CDNS","Cadence Design Systems, Inc. C","NNM","2633919","2772890","930878","2.83",,
"2021-09-15","CI","CIGNA Corporation","NYSE","8891150","10030444","2281663","3.90",,
"2021-09-15","CL","Colgate-Palmolive Company","NYSE","8276141","8466896","3265001","2.53",,
"2021-09-15","CMCSA","Comcast Corporation Class A Co","NNM","68187401","68484395","19157312","3.56",,
"2021-09-15","CME","CME Group Inc. Class A Common","NNM","4294089","4724352","1337497","3.21",,
"2021-09-15","CMI","Cummins Inc.","NYSE","2831785","3133303","855412","3.31",,
"2021-09-15","COF","Capital One Financial","NYSE","4491130","4368652","3299888","1.36",,
"2021-09-15","COP","ConocoPhillips","NYSE","18474058","17092211","7427768","2.49",,
"2021-09-15","COST","Costco Wholesale Corporation C","NNM","5248620","5141691","1439426","3.65",,
"2021-09-15","CRM","salesforce.com, inc.","NYSE","14886806","15679547","5109910","2.91",,
"2021-09-15","CRWD","CrowdStrike Holdings, Inc. Cla","NNM","11522766","11431815","4245922","2.71",,
"2021-09-15","CSCO","Cisco Systems, Inc. Common Sto","NNM","42256223","41846217","15480917","2.73",,
"2021-09-15","CSX","CSX Corporation Common Stock","NNM","21773850","18264920","10664358","2.04",,
"2021-09-15","CTAS","Cintas Corporation Common Stoc","NNM","1324839","1161256","391686","3.38",,
"2021-09-15","CVNA","Carvana Co.","NYSE","15269243","15463427","630978","24.20",,
"2021-09-15","CVS","CVS HEALTH CORPORATION","NYSE","14818577","15316469","5029232","2.95",,
"2021-09-15","CVX","Chevron Corporation","NYSE","17552466","15862486","11165673","1.57",,
"2021-09-15","D","Dominion Energy, Inc Common St","NYSE","7357224","7518050","3135252","2.35",,
"2021-09-15","DASH","DoorDash, Inc.","NYSE","11745258","10127870","2985442","3.93",,
"2021-09-15","DDOG","Datadog, Inc. Class A Common S","NNM","12995250","13108848","2764025","4.70",,
"2021-09-15","DE","Deere & Company","NYSE","2700214","2730428","1879874","1.44",,
"2021-09-15","DELL","Dell Technologies Inc.","NYSE","8709807","7358375","2670964","3.26",,
"2021-09-15","DHR","Danaher Corporation","NYSE","5499741","5858430","1973902","2.79",,
"2021-09-15","DIS","The Walt Disney Company","NYSE","23395958","21277704","7168812","3.26",,
"2021-09-15","DLR","Digital Realty Trust, Inc.","NYSE","11197819","7324885","1824955","6.14",,
"2021-09-15","DUK","Duke Energy Corporation","NYSE","7146030","6873610","3015331","2.37",,
"2021-09-15","ECL","Ecolab, Inc.","NYSE","3009761","2447480","928645","3.24",,
"2021-09-15","EMR","Emerson Electric Co.","NYSE","6308035","6456690","2830522","2.23",,
"2021-09-15","EOG","EOG Resources, Inc.","NYSE","9802197","9956124","3924706","2.50",,
"2021-09-15","EPD","Enterprise Products Partners L","NYSE","34131571","33819181","4498587","7.59",,
"2021-09-15","EQIX","Equinix, Inc. Common Stock REI","NNM","1204367","1121560","488232","2.47",,
"2021-09-15","FCX","Freeport-McMoran Inc.","NYSE","23146686","22771021","15151093","1.53",,
"2021-09-15","FDX","FedEx Corporation","NYSE","3145216","3416346","1876420","1.68",,
"2021-09-15","FTNT","Fortinet, Inc. Common Stock","NNM","2128225","1854130","1050166","2.03",,
"2021-09-15","GD","General Dynamics Corporation","NYSE","2450810","2228718","1080338","2.27",,
"2021-09-15","GE","General Electric Company","NYSE","11522153","10948468","10263425","1.12",,
"2021-09-15","GILD","Gilead Sciences, Inc. Common S","NNM","20896352","22450164","6443650","3.24",,
"2021-09-15","GLW","Corning Incorporated","NYSE","14598516","13890156","4385854","3.33",,
"2021-09-15","GM","General Motors Company","NYSE","23377204","20550906","13900980","1.68",,
"2021-09-15","GOOG","Alphabet Inc. Class C Capital","NNM","2636694","2439826","970503","2.72",,
"2021-09-15","GOOGL","Alphabet Inc. Class A Common S","NNM","2745696","2994031","1162201","2.36",,
"2021-09-15","GS","Goldman Sachs Group Inc.","NYSE","3843517","4450943","2073807","1.85",,
"2021-09-15","GWW","W.W. Grainger, Inc.","NYSE","862849","954136","291596","2.96",,
"2021-09-15","HCA","HCA Healthcare, Inc.","NYSE","3575649","3707847","1267842","2.82",,
"2021-09-15","HD","Home Depot, Inc.","NYSE","11397770","10740238","2983277","3.82",,
"2021-09-15","HLT","Hilton Worldwide Holdings Inc.","NYSE","7756810","8415335","1838273","4.22",,
"2021-09-15","HON","Honeywell International Inc. C","NNM","6273967","6702000","2309221","2.72",,
"2021-09-15","HOOD","Robinhood Markets, Inc. Class","NNM","22874324","21210691","6059963","3.77",,
"2021-09-15","HPE","Hewlett Packard Enterprise Com","NYSE","36812114","36514830","11836233","3.11",,
"2021-09-15","HWM","Howmet Aerospace Inc.","NYSE","7746331","7741423","1621875","4.78",,
"2021-09-15","IBKR","Interactive Brokers Group, Inc","NNM","2808003","2280805","624205","4.50",,
"2021-09-15","IBM","International Business Machine","NYSE","25464346","25087625","3272143","7.78",,
"2021-09-15","ICE","Intercontinental Exchange  Inc","NYSE","4368966","5805424","2186050","2.00",,
"2021-09-15","INTC","Intel Corporation Common Stock","NNM","61506679","58851153","17707070","3.47",,
"2021-09-15","INTU","Intuit Inc. Common Stock","NNM","1868361","1934862","1011117","1.85",,
"2021-09-15","ISRG","Intuitive Surgical, Inc. Commo","NNM","1321967","1209144","499328","2.65",,
"2021-09-15","ITW","Illinois Tool Works Inc.","NYSE","4826132","4396535","919436","5.25",,
"2021-09-15","JNJ","Johnson & Johnson","NYSE","17266346","16389601","5877415","2.94",,
"2021-09-15","JPM","JPMorgan Chase & Co.","NYSE","18798139","19822983","9229613","2.04",,
"2021-09-15","KKR","KKR & Co. Inc.","NYSE","11235799","9333320","3040150","3.70",,
"2021-09-15","KLAC","KLA Corporation Common Stock","NNM","2904351","2739528","923004","3.15",,
"2021-09-15","KMI","Kinder Morgan, Inc.","NYSE","33866502","37874684","11828062","2.86",,
"2021-09-15","KO","Coca-Cola Company","NYSE","27505339","28160082","13953033","1.97",,
"2021-09-15","LIN","Linde plc Ordinary Share","NYSE","3251890","3538866","1208309","2.69",,
"2021-09-15","LLY","Eli Lilly & Co.","NYSE","5749848","6147246","2856881","2.01",,
"2021-09-15","LMT","Lockheed Martin Corp.","NYSE","2450124","2349019","1361835","1.80",,
"2021-09-15","LOW","Lowe's Companies Inc.","NYSE","11395284","14857023","2736524","4.16",,
"2021-09-15","LRCX","Lam Research Corporation Commo","NNM","2275260","2363185","1328593","1.71",,
"2021-09-15","MA","Mastercard Incorporated","NYSE","5615529","5653562","4441078","1.26",,
"2021-09-15","MAR","Marriott International Class A","NNM","4047763","4812071","1839234","2.20",,
"2021-09-15","MCD","McDonald's Corporation","NYSE","6886224","6354593","2205873","3.12",,
"2021-09-15","MCK","McKesson Corporation","NYSE","2398556","2052290","783070","3.06",,
"2021-09-15","MCO","Moody's Corporation","NYSE","2270561","2127844","428288","5.30",,
"2021-09-15","MDLZ","Mondelez International, Inc. C","NNM","13257941","13527845","5628530","2.36",,
"2021-09-15","MDT","Medtronic plc","NYSE","8778743","10620070","3413892","2.57",,
"2021-09-15","META","Roundhill Ball Metaverse ETF","ARCA","173405","59550","410770","1.00",,
"2021-09-15","MMM","3M Company","NYSE","11585487","10649972","3122234","3.71",,
"2021-09-15","MNST","Monster Beverage Corporation","NNM","4132343","4540570","1271935","3.25",,
"2021-09-15","MO","Altria Group, Inc.","NYSE","13790614","11418709","7336178","1.88",,
"2021-09-15","MPC","MARATHON PETROLEUM CORPORATION","NYSE","18412856","17432395","5751692","3.20",,
"2021-09-15","MPWR","Monolithic Power Systems, Inc.","NNM","871849","1003230","307856","2.83",,
"2021-09-15","MRK","Merck & Co., Inc.","NYSE","28180728","27417143","10931927","2.58",,
"2021-09-15","MRVL","Marvell Technology, Inc. Commo","NNM","13972128","16556100","3720062","3.76",,
"2021-09-15","MS","Morgan Stanley","NYSE","19016612","20717362","6436905","2.95",,
"2021-09-15","MSFT","Microsoft Corporation Common S","NNM","44204519","45696881","19545901","2.26",,
