"settlementDate","symbolCode","issueName","marketClassCode","currentShortPositionQuantity","previousShortPositionQuantity","averageDailyVolumeQuantity","daysToCoverQuantity","stockSplitFlag","revisionFlag"
"2021-09-15","MDLZ","Mondelez International, Inc. C","NNM","13257941","13527845","5628530","2.36",,
"2021-09-15","MDT","Medtronic plc","NYSE","8778743","10620070","3413892","2.57",,
"2021-09-15","META","Roundhill Ball Metaverse ETF","ARCA","173405","59550","410770","1.00",,
"2021-09-15","MMM","3M Company","NYSE","11585487","10649972","3122234","3.71",,
"2021-09-15","MNST","Monster Beverage Corporation","NNM","4132343","4540570","1271935","3.25",,
"2021-09-15","MO","Altria Group, Inc.","NYSE","13790614","11418709","7336178","1.88",,
"2021-09-15","MPC","MARATHON PETROLEUM CORPORATION","NYSE","18412856","17432395","5751692","3.20",,
"2021-09-15","MPWR","Monolithic Power Systems, Inc.","NNM","871849","1003230","307856","2.83",,
"2021-09-15","MRK","Merck & Co., Inc.","NYSE","28180728","27417143","10931927","2.58",,
"2021-09-15","MRVL","Marvell Technology, Inc. Commo","NNM","13972128","16556100","3720062","3.76",,
"2021-09-15","MS","Morgan Stanley","NYSE","19016612","20717362","6436905","2.95",,
"2021-09-15","MSFT","Microsoft Corporation Common S","NNM","44204519","45696881","19545901","2.26",,
"2021-09-15","MSI","Motorola Solutions, Inc. New","NYSE","2028825","2083563","715663","2.83",,
"2021-09-15","MU","Micron Technology, Inc. Common","NNM","27314594","25385564","14495178","1.88",,
"2021-09-15","NEE","Nextra Energy, Inc.","NYSE","23212812","20799041","5520833","4.20",,
"2021-09-15","NEM","Newmont Corporation","NYSE","7659715","7210226","5089763","1.50",,
"2021-09-15","NET","Cloudflare, Inc. Class A commo","NYSE","9667588","9633973","2578189","3.75",,
"2021-09-15","NFLX","Netflix, Inc. Common Stock","NNM","10290955","10187662","4170243","2.47",,
"2021-09-15","NKE","Nike, Inc.","NYSE","11743133","10664545","5946713","1.97",,
"2021-09-15","NOC","Northrop Grumman Corp.","NYSE","1773023","1516383","701952","2.53",,
"2021-09-15","NOW","SERVICENOW, INC.","NYSE","3420031","3682730","1043781","3.28",,
"2021-09-15","NSC","Norfolk Southern Corp.","NYSE","3466912","3050431","1322281","2.62",,
"2021-09-15","NVDA","NVIDIA Corporation Common Stoc","NNM","22682883","24041114","22293396","1.02",,
"2021-09-15","O","Realty Income Corporation","NYSE","26089604","26375629","4214314","6.19",,
"2021-09-15","ORCL","Oracle Corp","NYSE","33794997","33299003","12241103","2.76",,
"2021-09-15","ORLY","O'Reilly Automotive, Inc. Comm","NNM","997836","962717","431146","2.31",,
"2021-09-15","PANW","PALO ALTO NETWORKS, INC","NYSE","5706746","5947406","1400070","4.08",,
"2021-09-15","PCAR","PACCAR Inc. Common Stock","NNM","7465610","6002882","2701807","2.76",,
"2021-09-15","PEP","PepsiCo, Inc. Common Stock","NNM","11719157","9287931","3416767","3.43",,
"2021-09-15","PFE","Pfizer Inc.","NYSE","54093535","58674931","25431861","2.13",,
"2021-09-15","PG","Procter & Gamble Company","NYSE","20579603","17472019","6461923","3.18",,
"2021-09-15","PGR","Progressive Corporation","NYSE","11385241","10999347","2110267","5.40",,
"2021-09-15","PH","Parker-Hannifin Corporation","NYSE","1340720","972938","827296","1.62",,
"2021-09-15","PLD","PROLOGIS, INC.","NYSE","8177187","9486645","2387207","3.43",,
"2021-09-15","PLTR","Palantir Technologies Inc. Cla","NYSE","54489052","61405734","38780202","1.41",,
"2021-09-15","PM","Philip Morris International In","NYSE","9182486","7888443","4370154","2.10",,
"2021-09-15","PNC","PNC Financial Services Group","NYSE","5131727","4933867","1868741","2.75",,
"2021-09-15","PSX","PHILLIPS 66","NYSE","7575870","7646673","2963949","2.56",,
"2021-09-15","PWR","Quanta Services, Inc.","NYSE","2685010","2860762","1541358","1.74",,
"2021-09-15","QCOM","QUALCOMM Incorporated Common S","NNM","14631601","12590656","6467731","2.26",,
"2021-09-15","RCL","Royal Caribbean Group","NYSE","14398387","14770436","3396095","4.24",,
"2021-09-15","REGN","Regeneron Pharmaceuticals, Inc","NNM","1571172","1361400","727486","2.16",,
"2021-09-15","ROST","Ross Stores, Inc. Common Stock","NNM","3447804","3114948","1532060","2.25",,
"2021-09-15","RSG","Republic Services Inc.","NYSE","2042135","2358483","971998","2.10",,
"2021-09-15","RTX","Raytheon Technologies Corporat","NYSE","16023314","15245930","4460477","3.59",,
"2021-09-15","SBUX","Starbucks Corporation Common S","NNM","10948320","9382422","5270360","2.08",,
"2021-09-15","SCCO","Southern Copper Corporation","NYSE","3897683","4023414","683255","5.70",,
"2021-09-15","SCHW","The Charles Schwab Corporation","NYSE","14546265","14368744","3990422","3.65",,
"2021-09-15","SHW","The Sherwin-Williams Company","NYSE","2851320","2674480","1068681","2.67",,
"2021-09-15","SNOW","Snowflake Inc.","NYSE","11422635","10930450","4258048","2.68",,
"2021-09-15","SNPS","Synopsys, Inc. Common Stock","NNM","1563857","1577777","595149","2.63",,
"2021-09-15","SO","The Southern Company","NYSE","11971296","11460662","3932916","3.04",,
"2021-09-15","SPCX","The SPAC and New Issue ETF","ARCA","248876","263552","23674","10.51",,
"2021-09-15","SPG","Simon Property Group, Inc.","NYSE","13377345","12912035","1682167","7.95",,
"2021-09-15","SPGI","S&P Global Inc.","NYSE","17219559","16947156","988942","17.41",,
"2021-09-15","SYK","Stryker Corporation","NYSE","3494820","3412146","941613","3.71",,
"2021-09-15","T","AT&T Inc.","NYSE","112923466","109503649","33142901","3.41",,
"2021-09-15","TDG","TransDigm Group Incorporated","NYSE","2088500","1995735","261294","7.99",,
"2021-09-15","TFC","Truist Financial Corporation","NYSE","12492502","11444964","4045959","3.09",,
"2021-09-15","TGT","Target Corporation","NYSE","8412825","8853933","2546174","3.30",,
"2021-09-15","TJX","TJX Companies, Inc. (The)","NYSE","9643322","9902928","6002310","1.61",,
"2021-09-15","TMO","Thermo Fisher Scientific, Inc.","NYSE","2586833","2686268","1078927","2.40",,
"2021-09-15","TMUS","T-Mobile US, Inc. Common Stock","NNM","21878790","9709194","5637419","3.88",,
"2021-09-15","TRV","The Travelers Companies, Inc.","NYSE","4269478","4384511","1100164","3.88",,
"2021-09-15","TSLA","Tesla, Inc. Common Stock","NNM","26999741","27432219","16561475","1.63",,
"2021-09-15","TXN","Texas Instruments Incorporated","NNM","13625372","13559643","2902749","4.69",,
"2021-09-15","UBER","Uber Technologies, Inc.","NYSE","80148652","79553204","22028360","3.64",,
"2021-09-15","UNH","UNITEDHEALTH GROUP INCORPORATE","NYSE","6220128","6393679","2781341","2.24",,
"2021-09-15","UNP","Union Pacific Corp.","NYSE","7881189","5942200","3815263","2.07",,
"2021-09-15","UPS","United Parcel Service, Inc. Cl","NYSE","7456958","7967120","2314927","3.22",,
"2021-09-15","URI","United Rentals, Inc.","NYSE","1469216","1405129","465077","3.16",,
"2021-09-15","USB","U.S. Bancorp","NYSE","11796901","12751847","5088649","2.32",,
"2021-09-15","V","VISA Inc.","NYSE","26474673","25104183","9223725","2.87",,
"2021-09-15","VLO","Valero Energy Corporation","NYSE","12814413","12255141","3466193","3.70",,
"2021-09-15","VRT","Vertiv Holdings Co Class A Com","NYSE","12448234","13055325","2897003","4.30",,
"2021-09-15","VRTX","Vertex Pharmaceuticals Incorpo","NNM","4958803","4829182","1256445","3.95",,
"2021-09-15","VZ","Verizon Communications","NYSE","54015371","55649827","15223657","3.55",,
"2021-09-15","WDC","Western Digital Corporation Co","NNM","8507176","8048364","3635828","2.34",,
"2021-09-15","WELL","Welltower Inc.","NYSE","11096222","11633377","2140093","5.18",,
"2021-09-15","WFC","Wells Fargo & Co.","NYSE","47048930","47384692","32407954","1.45",,
"2021-09-15","WM","Waste Management, Inc.","NYSE","3772073","3829692","1475100","2.56",,
"2021-09-15","WMB","Williams Companies Inc.","NYSE","23790275","20366536","8886918","2.68",,
"2021-09-15","WMT","Walmart Inc.","NYSE","16538897","17335005","6339123","2.61",,
"2021-09-15","XOM","Exxon Mobil Corporation","NYSE","39523082","41211862","19137523","2.07",,
"2021-05-14","AAPL","Apple Inc. Common Stock","NNM","94747255","82710348","88622352","1.07",,
"2021-05-14","ABBV","ABBVIE INC.","NYSE","15283843","14886118","6093397","2.51",,
"2021-05-14","ABNB","Airbnb, Inc. Class A Common St","NNM","27438891","22563408","5923148","4.63",,
"2021-05-14","ABT","Abbott Laboratories","NYSE","14203592","13986254","4529230","3.14",,
"2021-05-14","ADBE","Adobe Inc. Common Stock","NNM","4873687","5424898","1856687","2.62",,
"2021-05-14","ADI","Analog Devices, Inc. Common St","NNM","37904731","36071373","3649229","10.39",,
"2021-05-14","ADP","Automatic Data Processing, Inc","NNM","4811911","3767916","1760734","2.73",,
"2021-05-14","AEP","American Electric Power Compan","NNM","9206061","6933878","2803218","3.28",,
"2021-05-14","AFL","Aflac Inc.","NYSE","12312002","11152538","2771633","4.44",,
"2021-05-14","AJG","Arthur J. Gallagher & Co.","NYSE","2483622","2162386","1277967","1.94",,
"2021-05-14","ALL","The Allstate Corporation","NYSE","4004880","4054647","1891515","2.12",,
"2021-05-14","AMAT","Applied Materials, Inc. Common","NNM","13334281","12181241","10243343","1.30",,
"2021-05-14","AMD","Advanced Micro Devices, Inc. C","NNM","84074854","85224498","43056227","1.95",,
"2021-05-14","AMGN","Amgen Inc. Common Stock","NNM","11460500","10614036","2720040","4.21",,
"2021-05-14","AMT","American Tower Corporation","NYSE","3380228","3160213","2334347","1.45",,
"2021-05-14","AMZN","Amazon.com, Inc. Common Stock","NNM","4812315","4772237","4279604","1.12",,
"2021-05-14","ANET","Arista Networks","NYSE","1622897","1802288","446218","3.64",,
"2021-05-14","AON","Aon plc Class A","NYSE","26934687","25874247","1401083","19.22",,
"2021-05-14","APD","Air Products & Chemicals, Inc.","NYSE","1984604","1729404","956658","2.07",,
"2021-05-14","APH","Amphenol Corporation","NYSE","5518029","4872351","2491009","2.22",,
"2021-05-14","APO","Apollo Global Management, Inc.","NYSE","18226362","18186392","2372591","7.68",,
"2021-05-14","APP","Applovin Corporation Class A C","NNM","4517378","3523965","968761","4.66",,
"2021-05-14","AVGO","Broadcom Inc. Common Stock","NNM","4059542","4017048","1743404","2.33",,
"2021-05-14","AXP","American Express Company","NYSE","6748896","6681433","2600823","2.59",,
"2021-05-14","BA","Boeing Company","NYSE","9987747","10616163","12343566","1.00",,
"2021-05-14","BAC","Bank of America Corporation","NYSE","90250536","80352138","37117628","2.43",,
"2021-05-14","BKNG","Booking Holdings Inc. Common S","NNM","686114","742922","321879","2.13",,
"2021-05-14","BLK","Blackrock, Inc.","NYSE","1903793","1795253","507279","3.75",,
"2021-05-14","BMY","Bristol-Myers Squibb Co.","NYSE","15986785","20969548","8943336","1.79",,
"2021-05-14","BNY","BlackRock New York Municipal I","NYSE","2875","12271","80515","1.00",,
"2021-05-14","BRKA","Berkshire Hathaway Inc.","NYSE","557","556","2315","1.00",,
"2021-05-14","BRKB","BERKSHIRE HATHAWAY Class B","NYSE","10621011","8992062","4665132","2.28",,
"2021-05-14","BSX","Boston Scientific Corp.","NYSE","11741620","16618349","6732467","1.74",,
"2021-05-14","BX","The Blackstone Group Inc.","NYSE","6762279","8453481","3005432","2.25",,
"2021-05-14","C","Citigroup Inc.","NYSE","26402927","24595159","16835010","1.57",,
"2021-05-14","CAT","Caterpillar Inc.","NYSE","5823732","6104838","3031152","1.92",,
"2021-05-14","CDNS","Cadence Design Systems, Inc. C","NNM","3061852","2728695","1545218","1.98",,
"2021-05-14","CI","CIGNA Corporation","NYSE","5623901","5090661","1471056","3.82",,
"2021-05-14","CL","Colgate-Palmolive Company","NYSE","7234884","7770897","3394832","2.13",,
"2021-05-14","CMCSA","Comcast Corporation Class A Co","NNM","73317259","72102172","15758386","4.65",,
"2021-05-14","CME","CME Group Inc. Class A Common","NNM","5450305","5063789","1488184","3.66",,
"2021-05-14","CMI","Cummins Inc.","NYSE","2973777","3244796","873547","3.40",,
"2021-05-14","COF","Capital One Financial","NYSE","5518293","4434682","2891869","1.91",,
"2021-05-14","COP","ConocoPhillips","NYSE","13471990","12105521","8253810","1.63",,
"2021-05-14","COST","Costco Wholesale Corporation C","NNM","4287622","3889460","1931263","2.22",,
"2021-05-14","CRM","salesforce.com, inc.","NYSE","25303073","22624599","4839687","5.23",,
"2021-05-14","CRWD","CrowdStrike Holdings, Inc. Cla","NNM","12901764","11984213","3296963","3.91",,
"2021-05-14","CSCO","Cisco Systems, Inc. Common Sto","NNM","39133739","44095877","18064631","2.17",,
"2021-05-14","CSX","CSX Corporation Common Stock","NNM","6304328","6278480","3141775","2.01",,
"2021-05-14","CTAS","Cintas Corporation Common Stoc","NNM","888496","798246","379379","2.34",,
"2021-05-14","CVNA","Carvana Co.","NYSE","16596440","17987399","2108225","7.87",,
"2021-05-14","CVS","CVS HEALTH CORPORATION","NYSE","20085296","16379944","8457040","2.37",,
"2021-05-14","CVX","Chevron Corporation","NYSE","16468871","17589422","9161464","1.80",,
"2021-05-14","D","Dominion Energy, Inc Common St","NYSE","8009847","8456041","3053437","2.62",,
"2021-05-14","DASH","DoorDash, Inc.","NYSE","14852687","13421158","2696954","5.51",,
"2021-05-14","DDOG","Datadog, Inc. Class A Common S","NNM","15727486","13809148","3813478","4.12",,
"2021-05-14","DE","Deere & Company","NYSE","2736975","2365173","1366164","2.00",,
"2021-05-14","DELL","Dell Technologies Inc.","NYSE","7302834","6857974","1933681","3.78",,
"2021-05-14","DHR","Danaher Corporation","NYSE","5734861","5792079","1612340","3.56",,
"2021-05-14","DIS","The Walt Disney Company","NYSE","21156092","21514372","7294834","2.90",,
"2021-05-14","DLR","Digital Realty Trust, Inc.","NYSE","8540084","8500300","1187352","7.19",,
"2021-05-14","DUK","Duke Energy Corporation","NYSE","7636051","6946156","3652262","2.09",,
"2021-05-14","ECL","Ecolab, Inc.","NYSE","2177376","2046871","773738","2.81",,
"2021-05-14","EMR","Emerson Electric Co.","NYSE","7381049","6985804","2852534","2.59",,
"2021-05-14","EOG","EOG Resources, Inc.","NYSE","8426038","9315434","4310458","1.95",,
"2021-05-14","EPD","Enterprise Products Partners L","NYSE","37521324","32720245","6988240","5.37",,
"2021-05-14","EQIX","Equinix, Inc. Common Stock REI","NNM","860712","1101608","413351","2.08",,
"2021-05-14","FCX","Freeport-McMoran Inc.","NYSE","28427491","20547991","29543445","1.00",,
"2021-05-14","FDX","FedEx Corporation","NYSE","3444640","3135038","2040855","1.69",,
"2021-05-14","FTNT","Fortinet, Inc. Common Stock","NNM","2605319","2713610","1023403","2.55",,
"2021-05-14","GD","General Dynamics Corporation","NYSE","2453022","2768273","1083484","2.26",,
"2021-05-14","GE","General Electric Company","NYSE","111292388","97486962","56312375","1.98",,
"2021-05-14","GILD","Gilead Sciences, Inc. Common S","NNM","25719713","28642716","7007428","3.67",,
"2021-05-14","GLW","Corning Incorporated","NYSE","8441618","7281543","3838944","2.20",,
"2021-05-14","GM","General Motors Company","NYSE","18641041","15191287","15386340","1.21",,
"2021-05-14","GOOG","Alphabet Inc. Class C Capital","NNM","2479034","2825801","1265191","1.96",,
"2021-05-14","GOOGL","Alphabet Inc. Class A Common S","NNM","2973838","3024797","1485869","2.00",,
"2021-05-14","GS","Goldman Sachs Group Inc.","NYSE","4971898","4390274","2634362","1.89",,
"2021-05-14","GWW","W.W. Grainger, Inc.","NYSE","558836","698855","237630","2.35",,
"2021-05-14","HCA","HCA Healthcare, Inc.","NYSE","3850074","2584826","1241983","3.10",,
"2021-05-14","HD","Home Depot, Inc.","NYSE","10772431","9312320","3751599","2.87",,
"2021-05-14","HLT","Hilton Worldwide Holdings Inc.","NYSE","7524935","8416863","1902022","3.96",,
"2021-05-14","HON","Honeywell International Inc. C","NNM","6467085","5376400","2347108","2.76",,
"2021-05-14","HPE","Hewlett Packard Enterprise Com","NYSE","24378219","24222914","7090218","3.44",,
"2021-05-14","HWM","Howmet Aerospace Inc.","NYSE","11730316","6191274","3046943","3.85",,
"2021-05-14","IBKR","Interactive Brokers Group, Inc","NNM","3360786","3503317","818360","4.11",,
"2021-05-14","IBM","International Business Machine","NYSE","25132045","28585173","5488196","4.58",,
"2021-05-14","ICE","Intercontinental Exchange  Inc","NYSE","4078115","3642278","2148668","1.90",,
"2021-05-14","INTC","Intel Corporation Common Stock","NNM","58766687","50068953","25394736","2.31",,
"2021-05-14","INTU","Intuit Inc. Common Stock","NNM","2303287","2201223","1043125","2.21",,
"2021-05-14","ISRG","Intuitive Surgical, Inc. Commo","NNM","1229417","1127791","436079","2.82",,
"2021-05-14","ITW","Illinois Tool Works Inc.","NYSE","2680754","3129919","853631","3.14",,
"2021-05-14","JNJ","Johnson & Johnson","NYSE","15438973","15084209","6410718","2.41",,
"2021-05-14","JPM","JPMorgan Chase & Co.","NYSE","19620953","17737882","11876231","1.65",,
"2021-05-14","KKR","KKR & Co. Inc.","NYSE","8346783","9190940","2583507","3.23",,
"2021-05-14","KLAC","KLA Corporation Common Stock","NNM","2274576","2119436","1139090","2.00",,
"2021-05-14","KMI","Kinder Morgan, Inc.","NYSE","25944676","27749164","14800198","1.75",,
"2021-05-14","KO","Coca-Cola Company","NYSE","31026629","27740653","11313109","2.74",,
"2021-05-14","LIN","Linde plc Ordinary Share","NYSE","3529767","2890985","1561238","2.26",,
"2021-05-14","LLY","Eli Lilly & Co.","NYSE","8287919","8909984","2396829","3.46",,
"2021-05-14","LMT","Lockheed Martin Corp.","NYSE","2885531","3557050","1157166","2.49",,
"2021-05-14","LOW","Lowe's Companies Inc.","NYSE","6826997","6813324","3834027","1.78",,
"2021-05-14","LRCX","Lam Research Corporation Commo","NNM","2679270","2318662","1496450","1.79",,
"2021-05-14","MA","Mastercard Incorporated","NYSE","5838747","6213083","2791775","2.09",,
"2021-05-14","MAR","Marriott International Class A","NNM","6220659","6107840","2249282","2.77",,
"2021-05-14","MCD","McDonald's Corporation","NYSE","6007004","6335774","2082973","2.88",,
"2021-05-14","MCK","McKesson Corporation","NYSE","1923475","2707139","1294655","1.49",,
"2021-05-14","MCO","Moody's Corporation","NYSE","1696528","1577625","611135","2.78",,
"2021-05-14","MDLZ","Mondelez International, Inc. C","NNM","13213593","12563841","6566697","2.01",,
"2021-05-14","MDT","Medtronic plc","NYSE","10166249","10706515","3839822","2.65",,
"2021-05-14","MMM","3M Company","NYSE","10073356","10020016","1842150","5.47",,
"2021-05-14","MNST","Monster Beverage Corporation","NNM","5649217","4721798","2392481","2.36",,
"2021-05-14","MO","Altria Group, Inc.","NYSE","14109138","11131275","6660451","2.12",,
"2021-05-14","MPC","MARATHON PETROLEUM CORPORATION","NYSE","24091165","29464878","6176864","3.90",,
"2021-05-14","MPWR","Monolithic Power Systems, Inc.","NNM","656296","580416","422197","1.55",,
"2021-05-14","MRK","Merck & Co., Inc.","NYSE","20786258","20471440","10316972","2.01",,
"2021-05-14","MRVL","Marvell Technology, Inc. Commo","NNM","12743014","17063361","7602399","1.68",,
"2021-05-14","MS","Morgan Stanley","NYSE","14038944","13186543","8442976","1.66",,
"2021-05-14","MSFT","Microsoft Corporation Common S","NNM","40526093","46696867","25677411","1.58",,
"2021-05-14","MSI","Motorola Solutions, Inc. New","NYSE","1886281","1759313","790059","2.39",,
"2021-05-14","MU","Micron Technology, Inc. Common","NNM","23594623","21386053","16552590","1.43",,
"2021-05-14","NEE","Nextra Energy, Inc.","NYSE","18582737","21168618","6656667","2.79",,
"2021-05-14","NEM","Newmont Corporation","NYSE","11079019","9004320","5926039","1.87",,
"2021-05-14","NET","Cloudflare, Inc. Class A commo","NYSE","15821656","13608891","5081333","3.11",,
"2021-05-14","NFLX","Netflix, Inc. Common Stock","NNM","9122498","9796027","3468573","2.63",,
"2021-05-14","NKE","Nike, Inc.","NYSE","13536099","14212341","5703277","2.37",,
"2021-05-14","NOC","Northrop Grumman Corp.","NYSE","2176173","2735266","873298","2.49",,
"2021-05-14","NOW","SERVICENOW, INC.","NYSE","3041968","2669537","1812906","1.68",,
"2021-05-14","NSC","Norfolk Southern Corp.","NYSE","2633487","2610533","912455","2.89",,
"2021-05-14","NVDA","NVIDIA Corporation Common Stoc","NNM","6683984","6652001","6150213","1.09",,
"2021-05-14","O","Realty Income Corporation","NYSE","15199555","11976643","3301426","4.60",,
"2021-05-14","ORCL","Oracle Corp","NYSE","30195972","30491069","12155882","2.48",,
"2021-05-14","ORLY","O'Reilly Automotive, Inc. Comm","NNM","1047541","976213","461957","2.27",,
"2021-05-14","PANW","PALO ALTO NETWORKS, INC","NYSE","4659601","5043237","688757","6.77",,
"2021-05-14","PCAR","PACCAR Inc. Common Stock","NNM","4633581","4824992","1913487","2.42",,
"2021-05-14","PEP","PepsiCo, Inc. Common Stock","NNM","10545263","9663770","4760229","2.22",,
"2021-05-14","PFE","Pfizer Inc.","NYSE","57321688","58020780","35557464","1.61",,
"2021-05-14","PG","Procter & Gamble Company","NYSE","13916698","13250759","7688241","1.81",,
"2021-05-14","PGR","Progressive Corporation","NYSE","6653792","5756251","2191667","3.04",,
"2021-05-14","PH","Parker-Hannifin Corporation","NYSE","1661623","960257","826894","2.01",,
"2021-05-14","PLD","PROLOGIS, INC.","NYSE","8916088","8995060","1920541","4.64",,
"2021-05-14","PLTR","Palantir Technologies Inc. Cla","NYSE","85266137","61941430","80158842","1.06",,
"2021-05-14","PM","Philip Morris International In","NYSE","9023587","9683042","3714257","2.43",,
"2021-05-14","PNC","PNC Financial Services Group","NYSE","5739388","5302115","1669667","3.44",,
"2021-05-14","PSX","PHILLIPS 66","NYSE","9657784","9554156","2199618","4.39",,
"2021-05-14","PWR","Quanta Services, Inc.","NYSE","2837173","3059592","955537","2.97",,
"2021-05-14","QCOM","QUALCOMM Incorporated Common S","NNM","21649069","16718120","9691787","2.23",,
"2021-05-14","RCL","Royal Caribbean Group","NYSE","10823831","10099285","3356875","3.22",,
"2021-05-14","REGN","Regeneron Pharmaceuticals, Inc","NNM","2233012","2337512","825887","2.70",,
"2021-05-14","ROST","Ross Stores, Inc. Common Stock","NNM","3571449","3570599","1411560","2.53",,
"2021-05-14","RSG","Republic Services Inc.","NYSE","1987239","1933396","1081964","1.84",,
"2021-05-14","RTX","Raytheon Technologies Corporat","NYSE","13297156","16711996","5594208","2.38",,
"2021-05-14","SBUX","Starbucks Corporation Common S","NNM","9746697","9619087","5458061","1.79",,
"2021-05-14","SCCO","Southern Copper Corporation","NYSE","5554430","4350313","1557449","3.57",,
"2021-05-14","SCHW","The Charles Schwab Corporation","NYSE","15505575","13658193","5881759","2.64",,
"2021-05-14","SHW","The Sherwin-Williams Company","NYSE","3484184","3411754","1118194","3.12",,
"2021-05-14","SNOW","Snowflake Inc.","NYSE","9515793","4998184","4048051","2.35",,
"2021-05-14","SNPS","Synopsys, Inc. Common Stock","NNM","1533859","1220554","867690","1.77",,
"2021-05-14","SO","The Southern Company","NYSE","11185497","10542680","3238662","3.45",,
"2021-05-14","SPCX","The SPAC and New Issue ETF","ARCA","414369","545346","78185","5.30",,
"2021-05-14","SPG","Simon Property Group, Inc.","NYSE","13635486","14291677","2963748","4.60",,
"2021-05-14","SPGI","S&P Global Inc.","NYSE","14145911","12808252","1306599","10.83",,
"2021-05-14","SYK","Stryker Corporation","NYSE","3015731","3097659","1028112","2.93",,
"2021-05-14","T","AT&T Inc.","NYSE","121494606","117486976","30118399","4.03",,
"2021-05-14","TDG","TransDigm Group Incorporated","NYSE","2058437","2082108","265861","7.74",,
"2021-05-14","TFC","Truist Financial Corporation","NYSE","12868299","10967404","4331348","2.97",,
"2021-05-14","TGT","Target Corporation","NYSE","5361337","6907706","2399839","2.23",,
"2021-05-14","TJX","TJX Companies, Inc. (The)","NYSE","7887117","8993188","5159975","1.53",,
"2021-05-14","TMO","Thermo Fisher Scientific, Inc.","NYSE","3515159","3193923","1328404","2.65",,
"2021-05-14","TMUS","T-Mobile US, Inc. Common Stock","NNM","11947839","12310118","4777203","2.50",,
"2021-05-14","TRV","The Travelers Companies, Inc.","NYSE","5205826","4895173","1069261","4.87",,
"2021-05-14","TSLA","Tesla, Inc. Common Stock","NNM","39869947","41382433","28531060","1.40",,
"2021-05-14","TXN","Texas Instruments Incorporated","NNM","12141159","12962613","4348063","2.79",,
"2021-05-14","UBER","Uber Technologies, Inc.","NYSE","67860677","61281159","29438801","2.31",,
"2021-05-14","UNH","UNITEDHEALTH GROUP INCORPORATE","NYSE","6881533","7030190","2380296","2.89",,
"2021-05-14","UNP","Union Pacific Corp.","NYSE","6248360","6768706","1951617","3.20",,
"2021-05-14","UPS","United Parcel Service, Inc. Cl","NYSE","9690985","10392447","3545020","2.73",,
"2021-05-14","URI","United Rentals, Inc.","NYSE","1788871","1888969","570607","3.14",,
"2021-05-14","USB","U.S. Bancorp","NYSE","10869464","12241954","5809563","1.87",,
"2021-05-14","V","VISA Inc.","NYSE","26399369","28466363","6023247","4.38",,
"2021-05-14","VLO","Valero Energy Corporation","NYSE","9170682","8355880","3455248","2.65",,
"2021-05-14","VRT","Vertiv Holdings Co Class A Com","NYSE","14874730","11818791","2300329","6.47",,
"2021-05-14","VRTX","Vertex Pharmaceuticals Incorpo","NNM","4114951","4633694","1161154","3.54",,
"2021-05-14","VZ","Verizon Communications","NYSE","43597341","40190843","15064239","2.89",,
"2021-05-14","WDC","Western Digital Corporation Co","NNM","5945072","5067585","3874348","1.53",,
"2021-05-14","WELL","Welltower Inc.","NYSE","5954911","5771941","1619854","3.68",,
"2021-05-14","WFC","Wells Fargo & Co.","NYSE","49101489","51467399","23183576","2.12",,
"2021-05-14","WM","Waste Management, Inc.","NYSE","3128359","4000640","1345770","2.32",,
"2021-05-14","WMB","Williams Companies Inc.","NYSE","24205411","20207310","8164599","2.96",,
"2021-05-14","WMT","Walmart Inc.","NYSE","15014866","12894482","6602666","2.27",,
"2021-05-14","XOM","Exxon Mobil Corporation","NYSE","36725860","45061396","24701788","1.49",,
"2025-01-31","AAPL","Apple Inc. Common Stock","NNM","124917523","135189465","71221819","1.75",,
"2025-01-31","ABBV","ABBVIE INC.","NYSE","18931401","18160016","6934408","2.73",,
"2025-01-31","ABNB","Airbnb, Inc. Class A Common St","NNM","15333134","15497467","4288370","3.58",,
"2025-01-31","ABT","Abbott Laboratories","NYSE","18239173","14968960","9242653","1.97",,
"2025-01-31","ADBE","Adobe Inc. Common Stock","NNM","7709402","8719177","3797810","2.03",,
"2025-01-31","ADI","Analog Devices, Inc. Common St","NNM","8159308","8425521","3515844","2.32",,
"2025-01-31","ADP","Automatic Data Processing, Inc","NNM","5806068","5448100","1813242","3.20",,
"2025-01-31","AEP","American Electric Power Compan","NNM","7811241","9531595","3471028","2.25",,
"2025-01-31","AFL","Aflac Inc.","NYSE","8017584","7784070","1611023","4.98",,
"2025-01-31","AJG","Arthur J. Gallagher & Co.","NYSE","3084333","3738081","1661653","1.86",,
"2025-01-31","ALL","The Allstate Corporation","NYSE","2557315","2436545","1414805","1.81",,
"2025-01-31","AMAT","Applied Materials, Inc. Common","NNM","20084769","19353223","7527572","2.67",,
"2025-01-31","AMD","Advanced Micro Devices, Inc. C","NNM","47802951","58914070","36329131","1.32",,
"2025-01-31","AMGN","Amgen Inc. Common Stock","NNM","12741466","11430890","2957641","4.31",,
"2025-01-31","AMT","American Tower Corporation","NYSE","5699695","5090077","2196955","2.59",,
"2025-01-31","AMZN","Amazon.com, Inc. Common Stock","NNM","70760125","81984850","34895980","2.03",,
"2025-01-31","ANET","Arista Networks","NYSE","9877685","12790406","12002915","1.00",,
"2025-01-31","AON","Aon plc Class A","NYSE","4450586","4603064","1212554","3.67",,
"2025-01-31","APD","Air Products & Chemicals, Inc.","NYSE","4358587","2937359","1880017","2.32",,
"2025-01-31","APH","Amphenol Corporation","NYSE","12652187","13619053","10295732","1.23",,
"2025-01-31","APO","Apollo Global Management, Inc.","NYSE","37037704","35828525","3234464","11.45",,
"2025-01-31","APP","Applovin Corporation Class A C","NNM","14100094","12490266","3857485","3.66",,
"2025-01-31","AVGO","Broadcom Inc. Common Stock","NNM","51886663","56225067","37347858","1.39",,
"2025-01-31","AXP","American Express Company","NYSE","8057014","8235626","2971335","2.71",,
"2025-01-31","BA","Boeing Company","NYSE","18753780","23000191","9177655","2.04",,
"2025-01-31","BAC","Bank of America Corporation","NYSE","57754684","72502049","37261897","1.55",,
"2025-01-31","BKNG","Booking Holdings Inc. Common S","NNM","715666","662109","283918","2.52",,
"2025-01-31","BLK","Blackrock, Inc.","NYSE","1567522","1321976","784879","2.00",,
"2025-01-31","BMY","Bristol-Myers Squibb Co.","NYSE","26695018","27515929","10097959","2.64",,
"2025-01-31","BNY","BlackRock New York Municipal I","NYSE","31661","29227","55525","1.00",,
"2025-01-31","BRKA","Berkshire Hathaway Inc.","NYSE","208","243","1534","1.00",,
"2025-01-31","BRKB","BERKSHIRE HATHAWAY Class B","NYSE","13640684","14877574","4227467","3.23",,
"2025-01-31","BSX","Boston Scientific Corp.","NYSE","10449826","14397966","6328021","1.65",,
"2025-01-31","BX","Blackstone Inc.","NYSE","10918914","12441859","3236310","3.37",,
"2025-01-31","C","Citigroup Inc.","NYSE","32814828","38723562","15773266","2.08",,
"2025-01-31","CAT","Caterpillar Inc.","NYSE","8089341","8326228","2615289","3.09",,
"2025-01-31","CDNS","Cadence Design Systems, Inc. C","NNM","4075131","4373946","1758790","2.32",,
"2025-01-31","CEG","Constellation Energy Corporati","NNM","6297634","6523634","6116625","1.03",,
"2025-01-31","CI","The Cigna Group","NYSE","4115125","4160155","2214991","1.86",,
"2025-01-31","CL","Colgate-Palmolive Company","NYSE","9559328","10077779","5511032","1.73",,
"2025-01-31","CMCSA","Comcast Corporation Class A Co","NNM","53910769","56698318","27079087","1.99",,
"2025-01-31","CME","CME Group Inc. Class A Common","NNM","4484571","4820775","1786959","2.51",,
"2025-01-31","CMI","Cummins Inc.","NYSE","1305303","1765289","897940","1.45",,
"2025-01-31","COF","Capital One Financial","NYSE","16942069","16623769","3876913","4.37",,
"2025-01-31","COP","ConocoPhillips","NYSE","13153984","12999886","5775530","2.28",,
"2025-01-31","COST","Costco Wholesale Corporation C","NNM","5889145","6355090","1935386","3.04",,
"2025-01-31","CRM","Salesforce, Inc.","NYSE","9767800","10424869","7278749","1.34",,
"2025-01-31","CRWD","CrowdStrike Holdings, Inc. Cla","NNM","9386343","9737729","3670207","2.56",,
"2025-01-31","CSCO","Cisco Systems, Inc. Common Sto","NNM","56818191","51293400","20136255","2.82",,
"2025-01-31","CSX","CSX Corporation Common Stock","NNM","29427150","31079159","17309991","1.70",,
"2025-01-31","CTAS","Cintas Corporation Common Stoc","NNM","4224288","4630826","1443093","2.93",,
"2025-01-31","CVNA","Carvana Co.","NYSE","10917535","13207178","2650211","4.12",,
"2025-01-31","CVS","CVS HEALTH CORPORATION","NYSE","21351591","16990142","12163107","1.76",,
"2025-01-31","CVX","Chevron Corporation","NYSE","59066652","61763108","8095176","7.30",,
"2025-01-31","D","Dominion Energy, Inc Common St","NYSE","18498722","18533093","4775193","3.87",,
"2025-01-31","DASH","DoorDash, Inc. Class A Common","NNM","10677737","10544063","2591645","4.12",,
"2025-01-31","DDOG","Datadog, Inc. Class A Common S","NNM","13285234","15037463","4997450","2.66",,
"2025-01-31","DE","Deere & Company","NYSE","5360518","5102401","1478167","3.63",,
"2025-01-31","DELL","Dell Technologies Inc.","NYSE","14865840","14438515","9148500","1.62",,
"2025-01-31","DHR","Danaher Corporation","NYSE","5355810","6126343","4083682","1.31",,
"2025-01-31","DIS","The Walt Disney Company","NYSE","17610302","19336592","7880893","2.23",,
"2025-01-31","DLR","Digital Realty Trust, Inc.","NYSE","5929053","7371886","2857173","2.08",,
"2025-01-31","DUK","Duke Energy Corporation","NYSE","8698705","8554498","3117627","2.79",,
"2025-01-31","ECL","Ecolab, Inc.","NYSE","2382674","2164700","1184657","2.01",,
"2025-01-31","ELV","Elevance Health, Inc.","NYSE","2813248","2914476","2018014","1.39",,
"2025-01-31","EMR","Emerson Electric Co.","NYSE","12592250","10740136","3497250","3.60",,
"2025-01-31","EOG","EOG Resources, Inc.","NYSE","12054341","13442478","2883147","4.18",,
"2025-01-31","EPD","Enterprise Products Partners L","NYSE","26743671","22830443","5348057","5.00",,
"2025-01-31","EQIX","Equinix, Inc. Common Stock REI","NNM","1890331","1802162","553967","3.41",,
"2025-01-31","FCX","Freeport-McMoran Inc.","NYSE","20829942","25961366","16275868","1.28",,
"2025-01-31","FDX","FedEx Corporation","NYSE","3286341","3570733","1688289","1.95",,
"2025-01-31","FTNT","Fortinet, Inc. Common Stock","NNM","15171462","14994571","3871933","3.92",,
"2025-01-31","GD","General Dynamics Corporation","NYSE","3029647","2901597","2087754","1.45",,
"2025-01-31","GE","GE Aerospace","NYSE","11409406","12439572","7197735","1.59",,
"2025-01-31","GEV","GE Vernova Inc.","NYSE","4590159","5270271","5577071","1.00",,
"2025-01-31","GILD","Gilead Sciences, Inc. Common S","NNM","22930560","25167786","7078455","3.24",,
"2025-01-31","GLW","Corning Incorporated","NYSE","9545898","10796616","8525671","1.12",,
"2025-01-31","GM","General Motors Company","NYSE","25888415","31606610","13531366","1.91",,
"2025-01-31","GOOG","Alphabet Inc. Class C Capital","NNM","43984363","43085284","16515607","2.66",,
"2025-01-31","GOOGL","Alphabet Inc. Class A Common S","NNM","60154669","65507753","26393461","2.28",,
"2025-01-31","GS","Goldman Sachs Group Inc.","NYSE","4289355","4328942","2886015","1.49",,
"2025-01-31","GWW","W.W. Grainger, Inc.","NYSE","1351696","1508565","333970","4.05",,
"2025-01-31","HCA","HCA Healthcare, Inc.","NYSE","5325076","4769703","1913491","2.78",,
"2025-01-31","HD","Home Depot, Inc.","NYSE","10719348","10629857","3058262","3.51",,
"2025-01-31","HLT","Hilton Worldwide Holdings Inc.","NYSE","3999772","3794780","1491475","2.68",,
"2025-01-31","HON","Honeywell International Inc. C","NNM","6981355","8796185","3414109","2.04",,
"2025-01-31","HOOD","Robinhood Markets, Inc. Class","NNM","13550653","17243918","21337981","1.00",,
"2025-01-31","HPE","Hewlett Packard Enterprise Com","NYSE","32649618","33998820","16822573","1.94",,
"2025-01-31","HWM","Howmet Aerospace Inc.","NYSE","8996543","9125451","2889106","3.11",,
"2025-01-31","IBKR","Interactive Brokers Group, Inc","NNM","2358880","1823356","2061173","1.14",,
"2025-01-31","IBM","International Business Machine","NYSE","19621005","21025717","5770866","3.40",,
"2025-01-31","ICE","Intercontinental Exchange  Inc","NYSE","5472092","6384890","3122805","1.75",,
"2025-01-31","INTC","Intel Corporation Common Stock","NNM","108567230","132689345","86169054","1.26",,
"2025-01-31","INTU","Intuit Inc. Common Stock","NNM","3467489","4067591","1858149","1.87",,
"2025-01-31","ISRG","Intuitive Surgical, Inc. Commo","NNM","4219756","4272941","2313735","1.82",,
"2025-01-31","ITW","Illinois Tool Works Inc.","NYSE","5913771","5915295","902795","6.55",,
"2025-01-31","JNJ","Johnson & Johnson","NYSE","18762304","17202144","10734241","1.75",,
"2025-01-31","JPM","JPMorgan Chase & Co.","NYSE","28766911","30263706","10241152","2.81",,
"2025-01-31","KKR","KKR & Co. Inc.","NYSE","10145081","10890286","3621714","2.80",,
"2025-01-31","KLAC","KLA Corporation Common Stock","NNM","2659031","3132335","1384201","1.92",,
"2025-01-31","KMI","Kinder Morgan, Inc.","NYSE","46883386","45591007","20869516","2.25",,
"2025-01-31","KO","Coca-Cola Company","NYSE","29588758","33491388","16058545","1.84",,
"2025-01-31","LIN","Linde plc Ordinary Shares","NNM","5159029","6501781","2268738","2.27",,
"2025-01-31","LLY","Eli Lilly & Co.","NYSE","6767383","7221237","3504181","1.93",,
"2025-01-31","LMT","Lockheed Martin Corp.","NYSE","3052499","2729511","1696686","1.80",,
"2025-01-31","LOW","Lowe's Companies Inc.","NYSE","7368676","7104292","2113872","3.49",,
"2025-01-31","LRCX","Lam Research Corporation Commo","NNM","33728847","37412627","15069110","2.24",,
"2025-01-31","MA","Mastercard Incorporated","NYSE","4982513","5579454","3084263","1.62",,
"2025-01-31","MAR","Marriott International Class A","NNM","4326496","5234234","1550018","2.79",,
"2025-01-31","MCD","McDonald's Corporation","NYSE","7907182","9665310","3054756","2.59",,
"2025-01-31","MCK","McKesson Corporation","NYSE","1488818","1595918","672300","2.21",,
"2025-01-31","MCO","Moody's Corporation","NYSE","1611696","1873608","604909","2.66",,
"2025-01-31","MDLZ","Mondelez International, Inc. C","NNM","20381004","22572541","10438483","1.95",,
"2025-01-31","MDT","Medtronic plc","NYSE","13995854","12852310","7131689","1.96",,
"2025-01-31","META","Meta Platforms, Inc. Class A C","NNM","26723031","25747752","17827067","1.50",,
"2025-01-31","MMM","3M Company","NYSE","7290942","6756515","5357360","1.36",,
"2025-01-31","MNST","Monster Beverage Corporation","NNM","21120020","23410051","7667334","2.75",,
"2025-01-31","MO","Altria Group, Inc.","NYSE","32778625","30611931","8922031","3.67",,
"2025-01-31","MPC","MARATHON PETROLEUM CORPORATION","NYSE","7570756","8340774","2607716","2.90",,
"2025-01-31","MPWR","Monolithic Power Systems, Inc.","NNM","2744323","2594479","996529","2.75",,
"2025-01-31","MRK","Merck & Co., Inc.","NYSE","29603048","34124663","12570208","2.36",,
"2025-01-31","MRVL","Marvell Technology, Inc. Commo","NNM","15976305","20253905","15526581","1.03",,
"2025-01-31","MS","Morgan Stanley","NYSE","13751695","12595077","8055419","1.71",,
"2025-01-31","MSFT","Microsoft Corporation Common S","NNM","62492832","61735926","27073172","2.31",,
"2025-01-31","MSI","Motorola Solutions, Inc. New","NYSE","1950900","2198913","751244","2.60",,
"2025-01-31","MU","Micron Technology, Inc. Common","NNM","38287337","42739272","24709916","1.55",,
"2025-01-31","NEE","Nextra Energy, Inc.","NYSE","34656986","35197604","13697862","2.53",,
"2025-01-31","NEM","Newmont Corporation","NYSE","16479201","19269395","7773031","2.12",,
"2025-01-31","NET","Cloudflare, Inc. Class A commo","NYSE","7950291","9369582","3426548","2.32",,
"2025-01-31","NFLX","Netflix, Inc. Common Stock","NNM","6334053","6392275","5648332","1.12",,
"2025-01-31","NKE","Nike, Inc.","NYSE","28961169","29961950","11413804","2.54",,
"2025-01-31","NOC","Northrop Grumman Corp.","NYSE","1960130","1958541","971255","2.02",,
"2025-01-31","NOW","SERVICENOW, INC.","NYSE","3232151","3490491","2105084","1.54",,
"2025-01-31","NSC","Norfolk Southern Corp.","NYSE","2176746","2078230","1575024","1.38",,
"2025-01-31","NVDA","NVIDIA Corporation Common Stoc","NNM","271436938","287064263","350554229","1.00",,
"2025-01-31","O","Realty Income Corporation","NYSE","18616868","14971429","4715259","3.95",,
"2025-01-31","ORCL","Oracle Corp","NYSE","27223350","20776854","20422080","1.33",,
"2025-01-31","ORLY","O'Reilly Automotive, Inc. Comm","NNM","974120","848031","325115","3.00",,
"2025-01-31","PANW","Palo Alto Networks, Inc. Commo","NNM","22411459","24589757","5738497","3.91",,
"2025-01-31","PCAR","PACCAR Inc. Common Stock","NNM","8986932","9262826","2565620","3.50",,
"2025-01-31","PEP","PepsiCo, Inc. Common Stock","NNM","16998952","22059790","5935036","2.86",,
"2025-01-31","PFE","Pfizer Inc.","NYSE","73568473","91783778","37688065","1.95",,
"2025-01-31","PG","Procter & Gamble Company","NYSE","16011348","16407729","7769251","2.06",,
"2025-01-31","PGR","Progressive Corporation","NYSE","5425172","6156409","2691408","2.02",,
"2025-01-31","PH","Parker-Hannifin Corporation","NYSE","1030865","1216241","746824","1.38",,
"2025-01-31","PLD","PROLOGIS, INC.","NYSE","10958658","9704682","4663599","2.35",,
"2025-01-31","PLTR","Palantir Technologies Inc. Cla","NNM","70624230","83787223","62572450","1.13",,
"2025-01-31","PM","Philip Morris International In","NYSE","7155767","9964694","5242894","1.36",,
"2025-01-31","PNC","PNC Financial Services Group","NYSE","4671738","5478810","2784391","1.68",,
"2025-01-31","PSX","PHILLIPS 66","NYSE","6616648","6771823","3074448","2.15",,
"2025-01-31","PWR","Quanta Services, Inc.","NYSE","3809731","4398271","1897704","2.01",,
"2025-01-31","QCOM","QUALCOMM Incorporated Common S","NNM","18904890","24014852","7759814","2.44",,
"2025-01-31","RCL","Royal Caribbean Group","NYSE","11536614","11254245","2820271","4.09",,
"2025-01-31","REGN","Regeneron Pharmaceuticals, Inc","NNM","2187734","2117354","913424","2.40",,
"2025-01-31","ROST","Ross Stores, Inc. Common Stock","NNM","5054166","5015037","2394420","2.11",,
"2025-01-31","RSG","Republic Services Inc.","NYSE","2307288","2527559","980941","2.35",,
"2025-01-31","RTX","RTX Corporation","NYSE","11199316","11781194","5288928","2.12",,
"2025-01-31","SBUX","Starbucks Corporation Common S","NNM","28522669","27779242","13086353","2.18",,
"2025-01-31","SCCO","Southern Copper Corporation","NYSE","5499213","6623234","1277128","4.31",,
"2025-01-31","SCHW","The Charles Schwab Corporation","NYSE","13341907","14823975","9808372","1.36",,
"2025-01-31","SHW","The Sherwin-Williams Company","NYSE","5111007","5038851","1682047","3.04",,
"2025-01-31","SNOW","Snowflake Inc.","NYSE","9791143","11414059","5266189","1.86",,
"2025-01-31","SNPS","Synopsys, Inc. Common Stock","NNM","3512179","3024318","1191520","2.95",,
"2025-01-31","SO","The Southern Company","NYSE","17875181","18812876","5802590","3.08",,
"2025-01-31","SPCX","The SPAC and New Issue ETF","NNM","6033","7447","688","8.77",,
"2025-01-31","SPG","Simon Property Group, Inc.","NYSE","5094056","5441248","1118829","4.55",,
"2025-01-31","SPGI","S&P Global Inc.","NYSE","2953854","2525119","1098143","2.69",,
"2025-01-31","SYK","Stryker Corporation","NYSE","3946928","4678032","1835809","2.15",,
"2025-01-31","T","AT&T Inc.","NYSE","87541381","88208350","42987602","2.04",,
"2025-01-31","TDG","TransDigm Group Incorporated","NYSE","1111509","1117348","209385","5.31",,
"2025-01-31","TFC","Truist Financial Corporation","NYSE","18634994","16825071","8519399","2.19",,
"2025-01-31","TGT","Target Corporation","NYSE","10872982","12349003","5264820","2.07",,
"2025-01-31","TJX","TJX Companies, Inc. (The)","NYSE","12573404","14594414","4147263","3.03",,
"2025-01-31","TMO","Thermo Fisher Scientific, Inc.","NYSE","3947987","3464629","2061597","1.92",,
"2025-01-31","TMUS","T-Mobile US, Inc. Common Stock","NNM","13554783","15252931","4102850","3.30",,
"2025-01-31","TRV","The Travelers Companies, Inc.","NYSE","3465275","3214865","1557465","2.22",,
"2025-01-31","TSLA","Tesla, Inc. Common Stock","NNM","59612004","63254084","70139920","1.00",,
"2025-01-31","TXN","Texas Instruments Incorporated","NNM","17522203","18725873","8623753","2.03",,
"2025-01-31","UBER","Uber Technologies, Inc.","NYSE","59544116","59304921","23087232","2.58",,
"2025-01-31","UNH","UNITEDHEALTH GROUP INCORPORATE","NYSE","7742397","7397506","4677677","1.66",,
"2025-01-31","UNP","Union Pacific Corp.","NYSE","6245186","5109229","3346697","1.87",,
"2025-01-31","UPS","United Parcel Service, Inc. Cl","NYSE","16729820","12376281","8660805","1.93",,
"2025-01-31","URI","United Rentals, Inc.","NYSE","1664267","1574563","720027","2.31",,
"2025-01-31","USB","U.S. Bancorp","NYSE","21417647","22554259","11177982","1.92",,
"2025-01-31","V","VISA Inc.","NYSE","26978022","26370593","5922720","4.56",,
"2025-01-31","VLO","Valero Energy Corporation","NYSE","12402495","14523260","3159369","3.93",,
"2025-01-31","VRT","Vertiv Holdings Co Class A Com","NYSE","14414858","13608922","14186240","1.02",,
"2025-01-31","VRTX","Vertex Pharmaceuticals Incorpo","NNM","4561796","4394404","1589768","2.87",,
"2025-01-31","VZ","Verizon Communications","NYSE","62986841","57489757","29284858","2.15",,
"2025-01-31","WBD","Warner Bros. Discovery, Inc. S","NNM","71379730","77149526","25066009","2.85",,
"2025-01-31","WDC","Western Digital Corporation Co","NNM","24194111","21868285","8246333","2.93",,
"2025-01-31","WELL","Welltower Inc.","NYSE","8814517","9452618","2623163","3.36",,
"2025-01-31","WFC","Wells Fargo & Co.","NYSE","27257902","33210697","14300742","1.91",,
"2025-01-31","WM","Waste Management, Inc.","NYSE","3949516","3715597","1912951","2.06",,
"2025-01-31","WMB","Williams Companies Inc.","NYSE","17328487","17304006","8401592","2.06",,
"2025-01-31","WMT","Walmart Inc.","NYSE","36287449","33630496","15393859","2.36",,
"2025-01-31","XOM","Exxon Mobil Corporation","NYSE","39895235","39092463","15693096","2.54",,
"2023-02-28","AAPL","Apple Inc. Common Stock","NNM","110773312","104341256","55269076","2.00",,
"2023-02-28","ABBV","ABBVIE INC.","NYSE","12704527","11710881","6104170","2.08",,
"2023-02-28","ABNB","Airbnb, Inc. Class A Common St","NNM","19150827","20336541","8325813","2.30",,
"2023-02-28","ABT","Abbott Laboratories","NYSE","13925643","13189047","5427911","2.57",,
"2023-02-28","ADBE","Adobe Inc. Common Stock","NNM","5491324","5234465","3627812","1.51",,
"2023-02-28","ADI","Analog Devices, Inc. Common St","NNM","5321482","5406374","3710396","1.43",,
"2023-02-28","ADP","Automatic Data Processing, Inc","NNM","4204716","4778834","1705295","2.47",,
"2023-02-28","AEP","American Electric Power Compan","NNM","7300098","6531129","3141179","2.32",,
"2023-02-28","AFL","Aflac Inc.","NYSE","9078207","10289636","2000578","4.54",,
"2023-02-28","AJG","Arthur J. Gallagher & Co.","NYSE","1799379","1313903","817885","2.20",,
"2023-02-28","ALL","The Allstate Corporation","NYSE","3812959","3623475","1599112","2.38",,
"2023-02-28","AMAT","Applied Materials, Inc. Common","NNM","12200985","10296430","7761850","1.57",,
"2023-02-28","AMD","Advanced Micro Devices, Inc. C","NNM","34227434","31495240","51543406","1.00",,
"2023-02-28","AMGN","Amgen Inc. Common Stock","NNM","7368918","7435485","2407820","3.06",,
"2023-02-28","AMT","American Tower Corporation","NYSE","2984581","3106808","2502165","1.19",,
"2023-02-28","AMZN","Amazon.com, Inc. Common Stock","NNM","59071892","62131345","53705498","1.10",,
"2023-02-28","ANET","Arista Networks","NYSE","3032240","2727700","1804540","1.68",,
"2023-02-28","AON","Aon plc Class A","NYSE","1599528","1576747","693270","2.31",,
"2023-02-28","APD","Air Products & Chemicals, Inc.","NYSE","2058168","1911827","1095359","1.88",,
"2023-02-28","APH","Amphenol Corporation","NYSE","4838881","4249761","2415374","2.00",,
"2023-02-28","APO","Apollo Global Management, Inc.","NYSE","8845564","8960199","2175851","4.07",,
"2023-02-28","APP","Applovin Corporation Class A C","NNM","15990431","16154681","2928390","5.46",,
"2023-02-28","AVGO","Broadcom Inc. Common Stock","NNM","4936876","4879259","1959842","2.52",,
"2023-02-28","AXP","American Express Company","NYSE","6223141","7388892","2236233","2.78",,
"2023-02-28","BA","Boeing Company","NYSE","8009076","8829482","4833028","1.66",,
"2023-02-28","BAC","Bank of America Corporation","NYSE","54017500","53781114","30644478","1.76",,
"2023-02-28","BKNG","Booking Holdings Inc. Common S","NNM","595097","540499","333098","1.79",,
"2023-02-28","BLK","Blackrock, Inc.","NYSE","2544297","2563073","647977","3.93",,
"2023-02-28","BMY","Bristol-Myers Squibb Co.","NYSE","17017804","17721771","6773225","2.51",,
"2023-02-28","BNY","BlackRock New York Municipal I","NYSE","44584","29172","40452","1.10",,
"2023-02-28","BRKA","Berkshire Hathaway Inc.","NYSE","763","830","4697","1.00",,
"2023-02-28","BRKB","BERKSHIRE HATHAWAY Class B","NYSE","5360191","5275542","3418369","1.57",,
"2023-02-28","BSX","Boston Scientific Corp.","NYSE","12689188","9774100","8041654","1.58",,
"2023-02-28","BX","Blackstone Inc.","NYSE","19288336","17960659","3103275","6.22",,
"2023-02-28","C","Citigroup Inc.","NYSE","30479791","29161096","14155890","2.15",,
"2023-02-28","CAT","Caterpillar Inc.","NYSE","6767799","7258614","2704832","2.50",,
"2023-02-28","CDNS","Cadence Design Systems, Inc. C","NNM","3641676","3154691","1772934","2.05",,
"2023-02-28","CEG","Constellation Energy Corporati","NNM","5175395","4772516","2856096","1.81",,
"2023-02-28","CI","The Cigna Group","NYSE","2696106","2329286","1670687","1.61",,
"2023-02-28","CL","Colgate-Palmolive Company","NYSE","9616564","9680509","3829680","2.51",,
"2023-02-28","CMCSA","Comcast Corporation Class A Co","NNM","41943100","42913212","18788704","2.23",,
"2023-02-28","CME","CME Group Inc. Class A Common","NNM","4062224","3931272","1592666","2.55",,
"2023-02-28","CMI","Cummins Inc.","NYSE","2396133","2494560","1003667","2.39",,
"2023-02-28","COF","Capital One Financial","NYSE","6129992","6485945","2364319","2.59",,
"2023-02-28","COP","ConocoPhillips","NYSE","12238666","11341257","7608941","1.61",,
"2023-02-28","COST","Costco Wholesale Corporation C","NNM","3065652","2986474","1547557","1.98",,
"2023-02-28","CRM","Salesforce, Inc.","NYSE","9167056","11018780","6271957","1.46",,
"2023-02-28","CRWD","CrowdStrike Holdings, Inc. Cla","NNM","7106733","8074708","4432798","1.60",,
"2023-02-28","CSCO","Cisco Systems, Inc. Common Sto","NNM","40187147","39047107","22593218","1.78",,
"2023-02-28","CSX","CSX Corporation Common Stock","NNM","21632493","16754753","15148559","1.43",,
"2023-02-28","CTAS","Cintas Corporation Common Stoc","NNM","1219252","1114732","313693","3.89",,
"2023-02-28","CVNA","Carvana Co.","NYSE","46315451","45910310","22229156","2.08",,
"2023-02-28","CVS","CVS HEALTH CORPORATION","NYSE","14706566","14663004","7818200","1.88",,
"2023-02-28","CVX","Chevron Corporation","NYSE","13929034","12689512","7352751","1.89",,
"2023-02-28","D","Dominion Energy, Inc Common St","NYSE","5367498","6842959","4816788","1.11",,
"2023-02-28","DASH","DoorDash, Inc.","NYSE","19572187","19731996","9450254","2.07",,
"2023-02-28","DDOG","Datadog, Inc. Class A Common S","NNM","12425845","14034740","5257134","2.36",,
"2023-02-28","DE","Deere & Company","NYSE","2281830","2305051","1850937","1.23",,
"2023-02-28","DELL","Dell Technologies Inc.","NYSE","6961812","6515501","3981384","1.75",,
"2023-02-28","DHR","Danaher Corporation","NYSE","3724709","3662854","2354641","1.58",,
"2023-02-28","DIS","The Walt Disney Company","NYSE","16943822","16947164","9234765","1.83",,
"2023-02-28","DLR","Digital Realty Trust, Inc.","NYSE","12476341","10113784","1885424","6.62",,
"2023-02-28","DUK","Duke Energy Corporation","NYSE","8008742","7897077","2538317","3.16",,
"2023-02-28","ECL","Ecolab, Inc.","NYSE","1595157","1730721","1111889","1.43",,
"2023-02-28","ELV","Elevance Health, Inc.","NYSE","1381607","1597245","1004649","1.38",,
"2023-02-28","EMR","Emerson Electric Co.","NYSE","6161738","5505275","3094833","1.99",,
"2023-02-28","EOG","EOG Resources, Inc.","NYSE","6251487","6392140","4963933","1.26",,
"2023-02-28","EPD","Enterprise Products Partners L","NYSE","15023510","12892637","3786061","3.97",,
"2023-02-28","EQIX","Equinix, Inc. Common Stock REI","NNM","1507321","1506075","426646","3.53",,
"2023-02-28","FCX","Freeport-McMoran Inc.","NYSE","19708173","18814609","11435298","1.72",,
"2023-02-28","FDX","FedEx Corporation","NYSE","5165691","5019003","1487211","3.47",,
"2023-02-28","FTNT","Fortinet, Inc. Common Stock","NNM","13613797","13274073","4150165","3.28",,
"2023-02-28","GD","General Dynamics Corporation","NYSE","2490319","2449006","955544","2.61",,
"2023-02-28","GE","General Electric Company","NYSE","13470327","13400954","6523795","2.06",,
"2023-02-28","GILD","Gilead Sciences, Inc. Common S","NNM","15664418","15762304","5665925","2.76",,
"2023-02-28","GLW","Corning Incorporated","NYSE","9176130","9479782","3683388","2.49",,
"2023-02-28","GM","General Motors Company","NYSE","23591162","24665992","14638928","1.61",,
"2023-02-28","GOOG","Alphabet Inc. Class C Capital","NNM","30190230","28548352","30188580","1.00",,
"2023-02-28","GOOGL","Alphabet Inc. Class A Common S","NNM","41581730","41928875","34524804","1.20",,
"2023-02-28","GS","Goldman Sachs Group Inc.","NYSE","4367735","4027878","2570050","1.70",,
"2023-02-28","GWW","W.W. Grainger, Inc.","NYSE","1099658","1126237","262413","4.19",,
"2023-02-28","HCA","HCA Healthcare, Inc.","NYSE","2979181","3009291","1398970","2.13",,
"2023-02-28","HD","Home Depot, Inc.","NYSE","12149968","10977689","5028030","2.42",,
"2023-02-28","HLT","Hilton Worldwide Holdings Inc.","NYSE","4626559","3835620","1274572","3.63",,
"2023-02-28","HON","Honeywell International Inc. C","NNM","4305602","4346114","2940885","1.46",,
"2023-02-28","HOOD","Robinhood Markets, Inc. Class","NNM","35431614","36329861","6163751","5.75",,
"2023-02-28","HPE","Hewlett Packard Enterprise Com","NYSE","24049479","26266975","9906142","2.43",,
"2023-02-28","HWM","Howmet Aerospace Inc.","NYSE","5959051","5359298","3009206","1.98",,
"2023-02-28","IBKR","Interactive Brokers Group, Inc","NNM","1535065","1716975","1038259","1.48",,
"2023-02-28","IBM","International Business Machine","NYSE","25977920","25693288","3566886","7.28",,
"2023-02-28","ICE","Intercontinental Exchange  Inc","NYSE","3622713","3838287","2826358","1.28",,
"2023-02-28","INTC","Intel Corporation Common Stock","NNM","70716601","75645151","50028202","1.41",,
"2023-02-28","INTU","Intuit Inc. Common Stock","NNM","2719107","2697859","2079048","1.31",,
"2023-02-28","ISRG","Intuitive Surgical, Inc. Commo","NNM","2046869","2205508","1502842","1.36",,
"2023-02-28","ITW","Illinois Tool Works Inc.","NYSE","5487169","5396209","918676","5.97",,
"2023-02-28","JNJ","Johnson & Johnson","NYSE","11724946","8772917","9653408","1.21",,
"2023-02-28","JPM","JPMorgan Chase & Co.","NYSE","18065269","16437409","9430904","1.92",,
"2023-02-28","KKR","KKR & Co. Inc.","NYSE","11815749","11782171","2468293","4.79",,
"2023-02-28","KLAC","KLA Corporation Common Stock","NNM","2414239","1977123","1007958","2.40",,
"2023-02-28","KMI","Kinder Morgan, Inc.","NYSE","37027245","39949638","12635517","2.93",,
"2023-02-28","KO","Coca-Cola Company","NYSE","20174603","23947458","13366490","1.51",,
"2023-02-28","LIN","Linde plc Ordinary Share","NYSE","5426880","6185914","4854867","1.12",,
"2023-02-28","LLY","Eli Lilly & Co.","NYSE","6806393","5223228","3010008","2.26",,
"2023-02-28","LMT","Lockheed Martin Corp.","NYSE","2395385","2710286","1204433","1.99",,
"2023-02-28","LOW","Lowe's Companies Inc.","NYSE","9938087","10733864","3025467","3.28",,
"2023-02-28","LRCX","Lam Research Corporation Commo","NNM","2539509","2445661","1102084","2.30",,
"2023-02-28","MA","Mastercard Incorporated","NYSE","5186243","5978303","2409741","2.15",,
"2023-02-28","MAR","Marriott International Class A","NNM","4481340","4333687","1796936","2.49",,
"2023-02-28","MCD","McDonald's Corporation","NYSE","5809193","5108715","2824781","2.06",,
"2023-02-28","MCK","McKesson Corporation","NYSE","2076563","2207034","828190","2.51",,
"2023-02-28","MCO","Moody's Corporation","NYSE","2373451","2358321","691554","3.43",,
"2023-02-28","MDLZ","Mondelez International, Inc. C","NNM","10367921","11460833","5562492","1.86",,
"2023-02-28","MDT","Medtronic plc","NYSE","11870990","11300833","6620381","1.79",,
"2023-02-28","META","Meta Platforms, Inc. Class A C","NNM","27448198","30587672","26518532","1.04",,
"2023-02-28","MMM","3M Company","NYSE","13178867","13131725","3101304","4.25",,
"2023-02-28","MNST","Monster Beverage Corporation","NNM","4804639","3530804","1925654","2.50",,
"2023-02-28","MO","Altria Group, Inc.","NYSE","17449285","15799418","7196106","2.42",,
"2023-02-28","MPC","MARATHON PETROLEUM CORPORATION","NYSE","11774433","12302606","3493308","3.37",,
"2023-02-28","MPWR","Monolithic Power Systems, Inc.","NNM","2839552","2781866","462912","6.13",,
"2023-02-28","MRK","Merck & Co., Inc.","NYSE","20552580","19469717","7245609","2.84",,
"2023-02-28","MRVL","Marvell Technology, Inc. Commo","NNM","17162460","20472178","9369971","1.83",,
"2023-02-28","MS","Morgan Stanley","NYSE","19153735","17940499","6191753","3.09",,
"2023-02-28","MSFT","Microsoft Corporation Common S","NNM","34298600","36520392","26018853","1.32",,
"2023-02-28","MSI","Motorola Solutions, Inc. New","NYSE","921199","1125929","733000","1.26",,
"2023-02-28","MU","Micron Technology, Inc. Common","NNM","18231794","18044886","11650450","1.56",,
"2023-02-28","NEE","Nextra Energy, Inc.","NYSE","18079316","20999796","9372855","1.93",,
"2023-02-28","NEM","Newmont Corporation","NYSE","9746790","9090195","8117054","1.20",,
"2023-02-28","NET","Cloudflare, Inc. Class A commo","NYSE","22222017","21397007","4789626","4.64",,
"2023-02-28","NFLX","Netflix, Inc. Common Stock","NNM","8129603","8713369","6291241","1.29",,
"2023-02-28","NKE","Nike, Inc.","NYSE","11733075","11886616","5183145","2.26",,
"2023-02-28","NOC","Northrop Grumman Corp.","NYSE","1487646","1374550","928874","1.60",,
"2023-02-28","NOW","SERVICENOW, INC.","NYSE","3470868","3540088","1304284","2.66",,
"2023-02-28","NSC","Norfolk Southern Corp.","NYSE","2682556","2177490","2525620","1.06",,
"2023-02-28","NVDA","NVIDIA Corporation Common Stoc","NNM","38825313","34650890","55140395","1.00",,
"2023-02-28","O","Realty Income Corporation","NYSE","13191488","12947173","3522712","3.74",,
"2023-02-28","ORCL","Oracle Corp","NYSE","15127261","13419115","6744359","2.24",,
"2023-02-28","ORLY","O'Reilly Automotive, Inc. Comm","NNM","917455","855103","478287","1.92",,
"2023-02-28","PANW","Palo Alto Networks, Inc. Commo","NNM","20033106","19286700","8051104","2.49",,
"2023-02-28","PCAR","PACCAR Inc. Common Stock","NNM","6519533","6518658","2538774","2.57",,
"2023-02-28","PEP","PepsiCo, Inc. Common Stock","NNM","11237213","10628434","4276414","2.63",,
"2023-02-28","PFE","Pfizer Inc.","NYSE","38492474","38020888","20780485","1.85",,
"2023-02-28","PG","Procter & Gamble Company","NYSE","14315859","13338484","6535448","2.19",,
"2023-02-28","PGR","Progressive Corporation","NYSE","3351086","3110604","2433727","1.38",,
"2023-02-28","PH","Parker-Hannifin Corporation","NYSE","1751971","1829818","741457","2.36",,
"2023-02-28","PLD","PROLOGIS, INC.","NYSE","9643516","10612312","2745296","3.51",,
"2023-02-28","PLTR","Palantir Technologies Inc. Cla","NYSE","157348302","128778957","55136296","2.85",,
"2023-02-28","PM","Philip Morris International In","NYSE","8276985","6991969","3935599","2.10",,
"2023-02-28","PNC","PNC Financial Services Group","NYSE","5218589","4570291","2104940","2.48",,
"2023-02-28","PSX","PHILLIPS 66","NYSE","9930592","9499970","2952369","3.36",,
"2023-02-28","PWR","Quanta Services, Inc.","NYSE","3881672","4393342","1302402","2.98",,
"2023-02-28","QCOM","QUALCOMM Incorporated Common S","NNM","8761368","10485763","6678893","1.31",,
"2023-02-28","RCL","Royal Caribbean Group","NYSE","19684431","20857380","2665451","7.39",,
"2023-02-28","REGN","Regeneron Pharmaceuticals, Inc","NNM","1197786","1338246","509375","2.35",,
"2023-02-28","ROST","Ross Stores, Inc. Common Stock","NNM","4013642","4532656","2339266","1.72",,
"2023-02-28","RSG","Republic Services Inc.","NYSE","1816316","2139785","1674832","1.08",,
"2023-02-28","RTX","Raytheon Technologies Corporat","NYSE","9249886","7575856","4121801","2.24",,
"2023-02-28","SBUX","Starbucks Corporation Common S","NNM","11779814","11252412","5952727","1.98",,
"2023-02-28","SCCO","Southern Copper Corporation","NYSE","6349477","6394819","1034847","6.14",,
"2023-02-28","SCHW","The Charles Schwab Corporation","NYSE","11193804","10660348","6196945","1.81",,
"2023-02-28","SHW","The Sherwin-Williams Company","NYSE","2541211","2100356","1745464","1.46",,
"2023-02-28","SNOW","Snowflake Inc.","NYSE","12195150","12722425","4630182","2.63",,
"2023-02-28","SNPS","Synopsys, Inc. Common Stock","NNM","1896399","1558865","1039973","1.82",,
"2023-02-28","SO","The Southern Company","NYSE","10212258","9248207","5026404","2.03",,
"2023-02-28","SPCX","The SPAC and New Issue ETF","NNM","21931","30195","2957","7.42",,
"2023-02-28","SPG","Simon Property Group, Inc.","NYSE","5616904","5782623","1351717","4.16",,
"2023-02-28","SPGI","S&P Global Inc.","NYSE","4248388","4481747","1350394","3.15",,
"2023-02-28","SYK","Stryker Corporation","NYSE","5227904","5405777","1089924","4.80",,
"2023-02-28","T","AT&T Inc.","NYSE","84218083","87477386","28725957","2.93",,
"2023-02-28","TDG","TransDigm Group Incorporated","NYSE","1214326","1220764","324661","3.74",,
"2023-02-28","TFC","Truist Financial Corporation","NYSE","14074858","12919510","5424780","2.59",,
"2023-02-28","TGT","Target Corporation","NYSE","9502157","12527823","4199143","2.26",,
"2023-02-28","TJX","TJX Companies, Inc. (The)","NYSE","6580037","5946704","6413207","1.03",,
"2023-02-28","TMO","Thermo Fisher Scientific, Inc.","NYSE","2499092","2647689","1221138","2.05",,
"2023-02-28","TMUS","T-Mobile US, Inc. Common Stock","NNM","20118865","18190629","4925326","4.08",,
"2023-02-28","TRV","The Travelers Companies, Inc.","NYSE","3152020","3036063","1244944","2.53",,
"2023-02-28","TSLA","Tesla, Inc. Common Stock","NNM","81397678","82116960","177187702","1.00",,
"2023-02-28","TXN","Texas Instruments Incorporated","NNM","16159869","18152560","4464556","3.62",,
"2023-02-28","UBER","Uber Technologies, Inc.","NYSE","55694222","52147953","22890761","2.43",,
"2023-02-28","UNH","UNITEDHEALTH GROUP INCORPORATE","NYSE","4836980","4845047","3090468","1.57",,
"2023-02-28","UNP","Union Pacific Corp.","NYSE","7264341","4843963","5680715","1.28",,
"2023-02-28","UPS","United Parcel Service, Inc. Cl","NYSE","11558294","9891721","2894896","3.99",,
"2023-02-28","URI","United Rentals, Inc.","NYSE","3245082","3379677","688923","4.71",,
"2023-02-28","USB","U.S. Bancorp","NYSE","9174812","10317325","4924847","1.86",,
"2023-02-28","V","VISA Inc.","NYSE","32432172","33139773","4984158","6.51",,
"2023-02-28","VLO","Valero Energy Corporation","NYSE","11294358","9904027","3315294","3.41",,
"2023-02-28","VRT","Vertiv Holdings Co Class A Com","NYSE","10009702","12398696","4997230","2.00",,
"2023-02-28","VRTX","Vertex Pharmaceuticals Incorpo","NNM","2681119","2802256","1070312","2.50",,
"2023-02-28","VZ","Verizon Communications","NYSE","35895316","37916209","16076641","2.23",,
"2023-02-28","WBD","Warner Bros. Discovery, Inc. S","NNM","67629734","65380450","23245748","2.91",,
"2023-02-28","WDC","Western Digital Corporation Co","NNM","8019893","8732124","2997751","2.68",,
"2023-02-28","WELL","Welltower Inc.","NYSE","12124570","10476115","2431888","4.99",,
"2023-02-28","WFC","Wells Fargo & Co.","NYSE","27237826","27460517","14758813","1.85",,
"2023-02-28","WM","Waste Management, Inc.","NYSE","4437745","4305025","1683152","2.64",,
"2023-02-28","WMB","Williams Companies Inc.","NYSE","20079454","18811782","7955976","2.52",,
"2023-02-28","WMT","Walmart Inc.","NYSE","12596095","12526056","8444459","1.49",,
"2023-02-28","XOM","Exxon Mobil Corporation","NYSE","32451292","31577359","14502516","2.24",,
"2023-03-31","AAPL","Apple Inc. Common Stock","NNM","111566048","107424880","66091204","1.69",,
"2023-03-31","ABBV","ABBVIE INC.","NYSE","16277617","14042497","7648766","2.13",,
"2023-03-31","ABNB","Airbnb, Inc. Class A Common St","NNM","16295793","15288876","4502901","3.62",,
"2023-03-31","ABT","Abbott Laboratories","NYSE","12601955","12844945","5662905","2.23",,
"2023-03-31","ADBE","Adobe Inc. Common Stock","NNM","5861258","4845262","3671550","1.60",,
"2023-03-31","ADI","Analog Devices, Inc. Common St","NNM","5179441","5543363","3689447","1.40",,
"2023-03-31","ADP","Automatic Data Processing, Inc","NNM","5017576","4313770","2382884","2.11",,
"2023-03-31","AEP","American Electric Power Compan","NNM","7758921","6473748","3503068","2.21",,
"2023-03-31","AFL","Aflac Inc.","NYSE","8382030","8784491","2759302","3.04",,
"2023-03-31","AJG","Arthur J. Gallagher & Co.","NYSE","1723237","1979199","1129530","1.53",,
"2023-03-31","ALL","The Allstate Corporation","NYSE","2612718","3793060","2781822","1.00",,
"2023-03-31","AMAT","Applied Materials, Inc. Common","NNM","15264279","15140532","7124420","2.14",,
"2023-03-31","AMD","Advanced Micro Devices, Inc. C","NNM","35253606","34984812","77805593","1.00",,
"2023-03-31","AMGN","Amgen Inc. Common Stock","NNM","7833483","7611706","2720824","2.88",,
"2023-03-31","AMT","American Tower Corporation","NYSE","3309805","3234445","2186918","1.51",,
"2023-03-31","AMZN","Amazon.com, Inc. Common Stock","NNM","64287021","56470494","59068764","1.09",,
"2023-03-31","ANET","Arista Networks","NYSE","3516158","3306500","3326406","1.06",,
"2023-03-31","AON","Aon plc Class A","NYSE","2002483","1753274","1056939","1.89",,
"2023-03-31","APD","Air Products & Chemicals, Inc.","NYSE","1919967","2103744","1113776","1.72",,
"2023-03-31","APH","Amphenol Corporation","NYSE","5963886","5182037","2607638","2.29",,
"2023-03-31","APO","Apollo Global Management, Inc.","NYSE","9757134","8346607","3597363","2.71",,
"2023-03-31","APP","Applovin Corporation Class A C","NNM","14414975","15120464","2678076","5.38",,
"2023-03-31","AVGO","Broadcom Inc. Common Stock","NNM","5202423","5680127","2716405","1.92",,
"2023-03-31","AXP","American Express Company","NYSE","5844598","6127845","4074372","1.43",,
"2023-03-31","BA","Boeing Company","NYSE","8201248","8581966","5732978","1.43",,
"2023-03-31","BAC","Bank of America Corporation","NYSE","99402275","94185805","86426094","1.15",,
"2023-03-31","BKNG","Booking Holdings Inc. Common S","NNM","749799","609614","332565","2.25",,
"2023-03-31","BLK","Blackrock, Inc.","NYSE","2335419","2652156","746956","3.13",,
"2023-03-31","BMY","Bristol-Myers Squibb Co.","NYSE","17270593","20807024","8311384","2.08",,
"2023-03-31","BNY","BlackRock New York Municipal I","NYSE","2064","21255","49504","1.00",,
"2023-03-31","BRKA","Berkshire Hathaway Inc.","NYSE","738","659","4668","1.00",,
"2023-03-31","BRKB","BERKSHIRE HATHAWAY Class B","NYSE","6683705","6439517","5031410","1.33",,
"2023-03-31","BSX","Boston Scientific Corp.","NYSE","15163369","14309099","8712003","1.74",,
"2023-03-31","BX","Blackstone Inc.","NYSE","24041521","21169702","6855666","3.51",,
"2023-03-31","C","Citigroup Inc.","NYSE","37699079","45292577","24151785","1.56",,
"2023-03-31","CAT","Caterpillar Inc.","NYSE","7681499","7445457","3141647","2.45",,
"2023-03-31","CDNS","Cadence Design Systems, Inc. C","NNM","3388323","4454938","2250394","1.51",,
"2023-03-31","CEG","Constellation Energy Corporati","NNM","5958118","6269948","2302238","2.59",,
"2023-03-31","CI","The Cigna Group","NYSE","3133381","2772739","2238130","1.40",,
"2023-03-31","CL","Colgate-Palmolive Company","NYSE","10689460","9899901","4568725","2.34",,
"2023-03-31","CMCSA","Comcast Corporation Class A Co","NNM","36732382","47329627","19717308","1.86",,
"2023-03-31","CME","CME Group Inc. Class A Common","NNM","4295863","4137156","2150366","2.00",,
"2023-03-31","CMI","Cummins Inc.","NYSE","2435227","3021965","1428537","1.70",,
"2023-03-31","COF","Capital One Financial","NYSE","6897689","6423371","3611696","1.91",,
"2023-03-31","COP","ConocoPhillips","NYSE","10841811","13220257","7697382","1.41",,
"2023-03-31","COST","Costco Wholesale Corporation C","NNM","3364027","3519397","1809383","1.86",,
"2023-03-31","CRM","Salesforce, Inc.","NYSE","9894072","10741778","7254318","1.36",,
"2023-03-31","CRWD","CrowdStrike Holdings, Inc. Cla","NNM","8377875","7591546","3916787","2.14",,
"2023-03-31","CSCO","Cisco Systems, Inc. Common Sto","NNM","41857253","41356975","20950643","2.00",,
"2023-03-31","CSX","CSX Corporation Common Stock","NNM","19263042","18883765","14247193","1.35",,
"2023-03-31","CTAS","Cintas Corporation Common Stoc","NNM","1315871","1232446","424055","3.10",,
"2023-03-31","CVNA","Carvana Co.","NYSE","47634488","46326217","14119629","3.37",,
"2023-03-31","CVS","CVS HEALTH CORPORATION","NYSE","13577531","12813952","7955459","1.71",,
"2023-03-31","CVX","Chevron Corporation","NYSE","13985775","15467390","9879243","1.42",,
"2023-03-31","D","Dominion Energy, Inc Common St","NYSE","6717041","6831837","4185961","1.60",,
"2023-03-31","DASH","DoorDash, Inc.","NYSE","20322385","19508010","3337113","6.09",,
"2023-03-31","DDOG","Datadog, Inc. Class A Common S","NNM","11185396","10361452","4767081","2.35",,
"2023-03-31","DE","Deere & Company","NYSE","2675118","2671323","1535272","1.74",,
"2023-03-31","DELL","Dell Technologies Inc.","NYSE","6673170","7335530","4885071","1.37",,
"2023-03-31","DHR","Danaher Corporation","NYSE","4383508","3454816","2355245","1.86",,
"2023-03-31","DIS","The Walt Disney Company","NYSE","18122531","17805608","8342298","2.17",,
"2023-03-31","DLR","Digital Realty Trust, Inc.","NYSE","14297419","13774897","3399046","4.21",,
"2023-03-31","DUK","Duke Energy Corporation","NYSE","6302833","7257899","3438370","1.83",,
"2023-03-31","ECL","Ecolab, Inc.","NYSE","2130993","1812463","1282022","1.66",,
"2023-03-31","ELV","Elevance Health, Inc.","NYSE","1648730","2082681","1160608","1.42",,
"2023-03-31","EMR","Emerson Electric Co.","NYSE","5613294","6367586","3291508","1.71",,
"2023-03-31","EOG","EOG Resources, Inc.","NYSE","7399279","6863955","4812794","1.54",,
"2023-03-31","EPD","Enterprise Products Partners L","NYSE","14766954","14731547","5174098","2.85",,
"2023-03-31","EQIX","Equinix, Inc. Common Stock REI","NNM","1604009","1495249","465152","3.45",,
"2023-03-31","FCX","Freeport-McMoran Inc.","NYSE","17072178","19920338","13669002","1.25",,
"2023-03-31","FDX","FedEx Corporation","NYSE","4323874","4822807","3158593","1.37",,
"2023-03-31","FTNT","Fortinet, Inc. Common Stock","NNM","12792024","13508491","4487004","2.85",,
"2023-03-31","GD","General Dynamics Corporation","NYSE","2497266","2742949","1276824","1.96",,
"2023-03-31","GE","General Electric Company","NYSE","16553654","16719230","6833839","2.42",,
"2023-03-31","GILD","Gilead Sciences, Inc. Common S","NNM","15475585","15203723","6084049","2.54",,
"2023-03-31","GLW","Corning Incorporated","NYSE","9047251","8116589","4061720","2.23",,
"2023-03-31","GM","General Motors Company","NYSE","27779742","30161898","14556710","1.91",,
"2023-03-31","GOOG","Alphabet Inc. Class C Capital","NNM","29937248","33455083","33968089","1.00",,
"2023-03-31","GOOGL","Alphabet Inc. Class A Common S","NNM","41644829","42318498","39749148","1.05",,
"2023-03-31","GS","Goldman Sachs Group Inc.","NYSE","3530008","5056592","2855434","1.24",,
"2023-03-31","GWW","W.W. Grainger, Inc.","NYSE","1163300","1070111","278704","4.17",,
"2023-03-31","HCA","HCA Healthcare, Inc.","NYSE","2251911","2699885","1033942","2.18",,
"2023-03-31","HD","Home Depot, Inc.","NYSE","13577638","12952079","4627768","2.93",,
"2023-03-31","HLT","Hilton Worldwide Holdings Inc.","NYSE","3809287","3793927","1860830","2.05",,
"2023-03-31","HON","Honeywell International Inc. C","NNM","4987955","4906458","2977207","1.68",,
"2023-03-31","HOOD","Robinhood Markets, Inc. Class","NNM","35270165","35224050","6344801","5.56",,
"2023-03-31","HPE","Hewlett Packard Enterprise Com","NYSE","30390926","28243078","14405403","2.11",,
"2023-03-31","HWM","Howmet Aerospace Inc.","NYSE","4471436","5167088","3820659","1.17",,
"2023-03-31","IBKR","Interactive Brokers Group, Inc","NNM","1442423","1211901","1299287","1.11",,
"2023-03-31","IBM","International Business Machine","NYSE","23815369","25701964","7089830","3.36",,
"2023-03-31","ICE","Intercontinental Exchange  Inc","NYSE","3808331","3342316","3094822","1.23",,
"2023-03-31","INTC","Intel Corporation Common Stock","NNM","81008378","80916206","56075907","1.44",,
"2023-03-31","INTU","Intuit Inc. Common Stock","NNM","3027786","2662658","1775685","1.71",,
"2023-03-31","ISRG","Intuitive Surgical, Inc. Commo","NNM","2412832","2089571","1730873","1.39",,
"2023-03-31","ITW","Illinois Tool Works Inc.","NYSE","6410340","5768027","1392806","4.60",,
"2023-03-31","JNJ","Johnson & Johnson","NYSE","12673644","12588922","8307499","1.53",,
"2023-03-31","JPM","JPMorgan Chase & Co.","NYSE","16469513","20628355","19117846","1.00",,
"2023-03-31","KKR","KKR & Co. Inc.","NYSE","9110652","9815833","2978250","3.06",,
"2023-03-31","KLAC","KLA Corporation Common Stock","NNM","2208546","2339417","1198547","1.84",,
"2023-03-31","KMI","Kinder Morgan, Inc.","NYSE","38513171","37084489","13693937","2.81",,
"2023-03-31","KO","Coca-Cola Company","NYSE","24238641","22194632","13836443","1.75",,
"2023-03-31","LIN","Linde plc Ordinary Share","NYSE","3607998","4080520","1958325","1.84",,
"2023-03-31","LLY","Eli Lilly & Co.","NYSE","7229324","8115570","3357320","2.15",,
"2023-03-31","LMT","Lockheed Martin Corp.","NYSE","1928577","2756205","1679583","1.15",,
"2023-03-31","LOW","Lowe's Companies Inc.","NYSE","8653251","8556023","3099311","2.79",,
"2023-03-31","LRCX","Lam Research Corporation Commo","NNM","2826589","2299230","1424794","1.98",,
"2023-03-31","MA","Mastercard Incorporated","NYSE","4946658","4864908","3357763","1.47",,
"2023-03-31","MAR","Marriott International Class A","NNM","4915392","4050354","2008727","2.45",,
"2023-03-31","MCD","McDonald's Corporation","NYSE","5630411","6294615","2643056","2.13",,
"2023-03-31","MCK","McKesson Corporation","NYSE","2026186","2052237","934585","2.17",,
"2023-03-31","MCO","Moody's Corporation","NYSE","2423548","2341862","749597","3.23",,
"2023-03-31","MDLZ","Mondelez International, Inc. C","NNM","12932222","9264994","7348024","1.76",,
"2023-03-31","MDT","Medtronic plc","NYSE","7748607","12710755","6141776","1.26",,
"2023-03-31","META","Meta Platforms, Inc. Class A C","NNM","28851996","28684969","28737808","1.00",,
"2023-03-31","MMM","3M Company","NYSE","12887083","13528941","3696193","3.49",,
"2023-03-31","MNST","Monster Beverage Corporation","NNM","10262549","4884754","4222295","2.43","S",
"2023-03-31","MO","Altria Group, Inc.","NYSE","17025184","15894431","12632429","1.35",,
"2023-03-31","MPC","MARATHON PETROLEUM CORPORATION","NYSE","11358482","12212509","4797100","2.37",,
"2023-03-31","MPWR","Monolithic Power Systems, Inc.","NNM","2492479","2558212","512246","4.87",,
"2023-03-31","MRK","Merck & Co., Inc.","NYSE","22071464","19544549","9350513","2.36",,
"2023-03-31","MRVL","Marvell Technology, Inc. Commo","NNM","18327897","18905013","10951429","1.67",,
"2023-03-31","MS","Morgan Stanley","NYSE","18238875","19318149","8954714","2.04",,
"2023-03-31","MSFT","Microsoft Corporation Common S","NNM","41113563","35907039","36114446","1.14",,
"2023-03-31","MSI","Motorola Solutions, Inc. New","NYSE","1224529","1251989","731668","1.67",,
"2023-03-31","MU","Micron Technology, Inc. Common","NNM","29857200","21140251","22693184","1.32",,
"2023-03-31","NEE","Nextra Energy, Inc.","NYSE","13443935","15686617","7476169","1.80",,
"2023-03-31","NEM","Newmont Corporation","NYSE","18164296","14231843","9375566","1.94",,
"2023-03-31","NET","Cloudflare, Inc. Class A commo","NYSE","21087403","21730289","3900341","5.41",,
"2023-03-31","NFLX","Netflix, Inc. Common Stock","NNM","9045237","8413366","7731864","1.17",,
"2023-03-31","NKE","Nike, Inc.","NYSE","12299801","10583765","8294018","1.48",,
"2023-03-31","NOC","Northrop Grumman Corp.","NYSE","1350945","1370902","812410","1.66",,
"2023-03-31","NOW","SERVICENOW, INC.","NYSE","3986377","3394345","1461279","2.73",,
"2023-03-31","NSC","Norfolk Southern Corp.","NYSE","2192452","2274152","1572516","1.39",,
"2023-03-31","NVDA","NVIDIA Corporation Common Stoc","NNM","36075552","37702262","51050839","1.00",,
"2023-03-31","O","Realty Income Corporation","NYSE","21792968","16561340","3977951","5.48",,
"2023-03-31","ORCL","Oracle Corp","NYSE","14720851","14372202","8234076","1.79",,
"2023-03-31","ORLY","O'Reilly Automotive, Inc. Comm","NNM","1004051","896446","381853","2.63",,
"2023-03-31","PANW","Palo Alto Networks, Inc. Commo","NNM","19551396","18495752","3248019","6.02",,
"2023-03-31","PCAR","PACCAR Inc. Common Stock","NNM","8530125","7652621","2943697","2.90",,
"2023-03-31","PEP","PepsiCo, Inc. Common Stock","NNM","10830716","11594824","4420478","2.45",,
"2023-03-31","PFE","Pfizer Inc.","NYSE","49071593","44140799","21103950","2.33",,
"2023-03-31","PG","Procter & Gamble Company","NYSE","15110674","13456886","6983384","2.16",,
"2023-03-31","PGR","Progressive Corporation","NYSE","3607445","3807414","2959477","1.22",,
"2023-03-31","PH","Parker-Hannifin Corporation","NYSE","1595926","1763684","1018639","1.57",,
"2023-03-31","PLD","PROLOGIS, INC.","NYSE","12438501","8873808","3855938","3.23",,
"2023-03-31","PLTR","Palantir Technologies Inc. Cla","NYSE","133281473","139137397","22235297","5.99",,
"2023-03-31","PM","Philip Morris International In","NYSE","8271312","9544797","6358942","1.30",,
"2023-03-31","PNC","PNC Financial Services Group","NYSE","4121178","4393768","4642969","1.00",,
"2023-03-31","PSX","PHILLIPS 66","NYSE","9344180","11054565","4475445","2.09",,
"2023-03-31","PWR","Quanta Services, Inc.","NYSE","3956236","3711773","915093","4.32",,
"2023-03-31","QCOM","QUALCOMM Incorporated Common S","NNM","11700271","10305509","7371079","1.59",,
"2023-03-31","RCL","Royal Caribbean Group","NYSE","17828101","18874543","3792264","4.70",,
"2023-03-31","REGN","Regeneron Pharmaceuticals, Inc","NNM","1300556","1213603","775824","1.68",,
"2023-03-31","ROST","Ross Stores, Inc. Common Stock","NNM","6599473","5196945","2596388","2.54",,
"2023-03-31","RSG","Republic Services Inc.","NYSE","2175996","1575944","1301833","1.67",,
"2023-03-31","RTX","Raytheon Technologies Corporat","NYSE","9425613","9807283","4506102","2.09",,
"2023-03-31","SBUX","Starbucks Corporation Common S","NNM","11672798","12657500","5989243","1.95",,
"2023-03-31","SCCO","Southern Copper Corporation","NYSE","5715611","5858490","1216435","4.70",,
"2023-03-31","SCHW","The Charles Schwab Corporation","NYSE","25051737","15776108","42537513","1.00",,
"2023-03-31","SHW","The Sherwin-Williams Company","NYSE","2350475","2420372","1459116","1.61",,
"2023-03-31","SNOW","Snowflake Inc.","NYSE","13446645","13946781","4754008","2.83",,
"2023-03-31","SNPS","Synopsys, Inc. Common Stock","NNM","1609171","1873273","894208","1.80",,
"2023-03-31","SO","The Southern Company","NYSE","15663593","11542651","5697186","2.75",,
"2023-03-31","SPCX","The SPAC and New Issue ETF","NNM","37060","20500","1838","20.16",,
"2023-03-31","SPG","Simon Property Group, Inc.","NYSE","6382759","5415928","2173300","2.94",,
"2023-03-31","SPGI","S&P Global Inc.","NYSE","3310933","4155620","1421871","2.33",,
"2023-03-31","SYK","Stryker Corporation","NYSE","6883189","5988308","1216056","5.66",,
"2023-03-31","T","AT&T Inc.","NYSE","82850846","85446119","28538500","2.90",,
"2023-03-31","TDG","TransDigm Group Incorporated","NYSE","1154600","1174047","283183","4.08",,
"2023-03-31","TFC","Truist Financial Corporation","NYSE","21955248","18761831","23515036","1.00",,
"2023-03-31","TGT","Target Corporation","NYSE","8781294","9053029","3750404","2.34",,
"2023-03-31","TJX","TJX Companies, Inc. (The)","NYSE","6724830","5910100","4539129","1.48",,
"2023-03-31","TMO","Thermo Fisher Scientific, Inc.","NYSE","3040054","2880296","1122190","2.71",,
"2023-03-31","TMUS","T-Mobile US, Inc. Common Stock","NNM","32187667","22614489","5466361","5.89",,
"2023-03-31","TRV","The Travelers Companies, Inc.","NYSE","3216130","3639884","1896844","1.70",,
"2023-03-31","TSLA","Tesla, Inc. Common Stock","NNM","85568280","87004969","131040705","1.00",,
"2023-03-31","TXN","Texas Instruments Incorporated","NNM","19620239","17543401","5510337","3.56",,
"2023-03-31","UBER","Uber Technologies, Inc.","NYSE","52847686","45258448","19030659","2.78",,
"2023-03-31","UNH","UNITEDHEALTH GROUP INCORPORATE","NYSE","5033258","5382273","3221709","1.56",,
"2023-03-31","UNP","Union Pacific Corp.","NYSE","5877553","5115386","4573131","1.29",,
"2023-03-31","UPS","United Parcel Service, Inc. Cl","NYSE","14113840","11006168","4314044","3.27",,
"2023-03-31","URI","United Rentals, Inc.","NYSE","2984507","3112068","1211768","2.46",,
"2023-03-31","USB","U.S. Bancorp","NYSE","25635325","12249705","28195861","1.00",,
"2023-03-31","V","VISA Inc.","NYSE","30474357","32751302","8516105","3.58",,
"2023-03-31","VLO","Valero Energy Corporation","NYSE","10180283","12663830","5315616","1.92",,
"2023-03-31","VRT","Vertiv Holdings Co Class A Com","NYSE","9894965","10073125","2902326","3.41",,
"2023-03-31","VRTX","Vertex Pharmaceuticals Incorpo","NNM","3501355","2923408","1179812","2.97",,
"2023-03-31","VZ","Verizon Communications","NYSE","34725380","42428995","19592167","1.77",,
"2023-03-31","WBD","Warner Bros. Discovery, Inc. S","NNM","69941302","68610089","15034770","4.65",,
"2023-03-31","WDC","Western Digital Corporation Co","NNM","7948870","7932455","3564623","2.23",,
"2023-03-31","WELL","Welltower Inc.","NYSE","12235875","12294115","2514610","4.87",,
"2023-03-31","WFC","Wells Fargo & Co.","NYSE","36555002","30015317","30152427","1.21",,
"2023-03-31","WM","Waste Management, Inc.","NYSE","5906774","4613228","2016581","2.93",,
"2023-03-31","WMB","Williams Companies Inc.","NYSE","21837656","20007227","7337116","2.98",,
"2023-03-31","WMT","Walmart Inc.","NYSE","10177406","9959212","8425104","1.21",,
"2023-03-31","XOM","Exxon Mobil Corporation","NYSE","35228228","35146212","20260260","1.74",,
"2023-03-15","AAPL","Apple Inc. Common Stock","NNM","107424880","110773312","66017030","1.63",,
"2023-03-15","ABBV","ABBVIE INC.","NYSE","14042497","12704527","5654965","2.48",,
"2023-03-15","ABNB","Airbnb, Inc. Class A Common St","NNM","15288876","19150827","5134901","2.98",,
"2023-03-15","ABT","Abbott Laboratories","NYSE","12844945","13925643","5573718","2.30",,
"2023-03-15","ADBE","Adobe Inc. Common Stock","NNM","4845262","5491324","3458382","1.40",,
"2023-03-15","ADI","Analog Devices, Inc. Common St","NNM","5543363","5321482","3170486","1.75",,
"2023-03-15","ADP","Automatic Data Processing, Inc","NNM","4313770","4204716","1985596","2.17",,
"2023-03-15","AEP","American Electric Power Compan","NNM","6473748","7300098","2859886","2.26",,
"2023-03-15","AFL","Aflac Inc.","NYSE","8784491","9078207","2866370","3.06",,
"2023-03-15","AJG","Arthur J. Gallagher & Co.","NYSE","1979199","1799379","1184264","1.67",,
"2023-03-15","ALL","The Allstate Corporation","NYSE","3793060","3812959","1963903","1.93",,
"2023-03-15","AMAT","Applied Materials, Inc. Common","NNM","15140532","12200985","6772680","2.24",,
"2023-03-15","AMD","Advanced Micro Devices, Inc. C","NNM","34984812","34227434","65544557","1.00",,
"2023-03-15","AMGN","Amgen Inc. Common Stock","NNM","7611706","7368918","2444045","3.11",,
"2023-03-15","AMT","American Tower Corporation","NYSE","3234445","2984581","2201456","1.47",,
"2023-03-15","AMZN","Amazon.com, Inc. Common Stock","NNM","56470494","59071892","58237000","1.00",,
"2023-03-15","ANET","Arista Networks","NYSE","3306500","3032240","2620151","1.26",,
"2023-03-15","AON","Aon plc Class A","NYSE","1753274","1599528","891112","1.97",,
"2023-03-15","APD","Air Products & Chemicals, Inc.","NYSE","2103744","2058168","998737","2.11",,
"2023-03-15","APH","Amphenol Corporation","NYSE","5182037","4838881","2320447","2.23",,
"2023-03-15","APO","Apollo Global Management, Inc.","NYSE","8346607","8845564","4994204","1.67",,
"2023-03-15","APP","Applovin Corporation Class A C","NNM","15120464","15990431","2006234","7.54",,
"2023-03-15","AVGO","Broadcom Inc. Common Stock","NNM","5680127","4936876","2458596","2.31",,
"2023-03-15","AXP","American Express Company","NYSE","6127845","6223141","3812562","1.61",,
"2023-03-15","BA","Boeing Company","NYSE","8581966","8009076","6366037","1.35",,
"2023-03-15","BAC","Bank of America Corporation","NYSE","94185805","54017500","93101255","1.01",,
"2023-03-15","BKNG","Booking Holdings Inc. Common S","NNM","609614","595097","355427","1.72",,
"2023-03-15","BLK","Blackrock, Inc.","NYSE","2652156","2544297","750712","3.53",,
"2023-03-15","BMY","Bristol-Myers Squibb Co.","NYSE","20807024","17017804","7921431","2.63",,
"2023-03-15","BNY","BlackRock New York Municipal I","NYSE","21255","44584","69801","1.00",,
"2023-03-15","BRKA","Berkshire Hathaway Inc.","NYSE","659","763","4677","1.00",,
"2023-03-15","BRKB","BERKSHIRE HATHAWAY Class B","NYSE","6439517","5360191","4445803","1.45",,
"2023-03-15","BSX","Boston Scientific Corp.","NYSE","14309099","12689188","7732064","1.85",,
"2023-03-15","BX","Blackstone Inc.","NYSE","21169702","19288336","6372237","3.32",,
"2023-03-15","C","Citigroup Inc.","NYSE","45292577","30479791","27307782","1.66",,
"2023-03-15","CAT","Caterpillar Inc.","NYSE","7445457","6767799","3537546","2.10",,
"2023-03-15","CDNS","Cadence Design Systems, Inc. C","NNM","4454938","3641676","1838228","2.42",,
"2023-03-15","CEG","Constellation Energy Corporati","NNM","6269948","5175395","2249537","2.79",,
"2023-03-15","CI","The Cigna Group","NYSE","2772739","2696106","1657426","1.67",,
"2023-03-15","CL","Colgate-Palmolive Company","NYSE","9899901","9616564","4211523","2.35",,
"2023-03-15","CMCSA","Comcast Corporation Class A Co","NNM","47329627","41943100","18468229","2.56",,
"2023-03-15","CME","CME Group Inc. Class A Common","NNM","4137156","4062224","1881559","2.20",,
"2023-03-15","CMI","Cummins Inc.","NYSE","3021965","2396133","1312485","2.30",,
"2023-03-15","COF","Capital One Financial","NYSE","6423371","6129992","3721749","1.73",,
"2023-03-15","COP","ConocoPhillips","NYSE","13220257","12238666","6490584","2.04",,
"2023-03-15","COST","Costco Wholesale Corporation C","NNM","3519397","3065652","2438303","1.44",,
"2023-03-15","CRM","Salesforce, Inc.","NYSE","10741778","9167056","12764817","1.00",,
"2023-03-15","CRWD","CrowdStrike Holdings, Inc. Cla","NNM","7591546","7106733","8008807","1.00",,
"2023-03-15","CSCO","Cisco Systems, Inc. Common Sto","NNM","41356975","40187147","15832318","2.61",,
"2023-03-15","CSX","CSX Corporation Common Stock","NNM","18883765","21632493","14376973","1.31",,
"2023-03-15","CTAS","Cintas Corporation Common Stoc","NNM","1232446","1219252","306077","4.03",,
"2023-03-15","CVNA","Carvana Co.","NYSE","46326217","46315451","11614587","3.99",,
"2023-03-15","CVS","CVS HEALTH CORPORATION","NYSE","12813952","14706566","8945506","1.43",,
"2023-03-15","CVX","Chevron Corporation","NYSE","15467390","13929034","7945221","1.95",,
"2023-03-15","D","Dominion Energy, Inc Common St","NYSE","6831837","5367498","4957249","1.38",,
"2023-03-15","DASH","DoorDash, Inc.","NYSE","19508010","19572187","4594215","4.25",,
"2023-03-15","DDOG","Datadog, Inc. Class A Common S","NNM","10361452","12425845","6166053","1.68",,
"2023-03-15","DE","Deere & Company","NYSE","2671323","2281830","1545877","1.73",,
"2023-03-15","DELL","Dell Technologies Inc.","NYSE","7335530","6961812","5326094","1.38",,
"2023-03-15","DHR","Danaher Corporation","NYSE","3454816","3724709","2504194","1.38",,
"2023-03-15","DIS","The Walt Disney Company","NYSE","17805608","16943822","8776927","2.03",,
"2023-03-15","DLR","Digital Realty Trust, Inc.","NYSE","13774897","12476341","2232871","6.17",,
"2023-03-15","DUK","Duke Energy Corporation","NYSE","7257899","8008742","3232605","2.25",,
"2023-03-15","ECL","Ecolab, Inc.","NYSE","1812463","1595157","1119910","1.62",,
"2023-03-15","ELV","Elevance Health, Inc.","NYSE","2082681","1381607","1197658","1.74",,
"2023-03-15","EMR","Emerson Electric Co.","NYSE","6367586","6161738","3536494","1.80",,
"2023-03-15","EOG","EOG Resources, Inc.","NYSE","6863955","6251487","4519867","1.52",,
"2023-03-15","EPD","Enterprise Products Partners L","NYSE","14731547","15023510","4462319","3.30",,
"2023-03-15","EQIX","Equinix, Inc. Common Stock REI","NNM","1495249","1507321","401318","3.73",,
"2023-03-15","FCX","Freeport-McMoran Inc.","NYSE","19920338","19708173","14693346","1.36",,
"2023-03-15","FDX","FedEx Corporation","NYSE","4822807","5165691","1877434","2.57",,
"2023-03-15","FTNT","Fortinet, Inc. Common Stock","NNM","13508491","13613797","4068883","3.32",,
"2023-03-15","GD","General Dynamics Corporation","NYSE","2742949","2490319","1313795","2.09",,
"2023-03-15","GE","General Electric Company","NYSE","16719230","13470327","11065189","1.51",,
"2023-03-15","GILD","Gilead Sciences, Inc. Common S","NNM","15203723","15664418","5349794","2.84",,
"2023-03-15","GLW","Corning Incorporated","NYSE","8116589","9176130","4185992","1.94",,
"2023-03-15","GM","General Motors Company","NYSE","30161898","23591162","14670781","2.06",,
"2023-03-15","GOOG","Alphabet Inc. Class C Capital","NNM","33455083","30190230","28768523","1.16",,
"2023-03-15","GOOGL","Alphabet Inc. Class A Common S","NNM","42318498","41581730","34622690","1.22",,
"2023-03-15","GS","Goldman Sachs Group Inc.","NYSE","5056592","4367735","3400189","1.49",,
"2023-03-15","GWW","W.W. Grainger, Inc.","NYSE","1070111","1099658","278928","3.84",,
"2023-03-15","HCA","HCA Healthcare, Inc.","NYSE","2699885","2979181","1312880","2.06",,
"2023-03-15","HD","Home Depot, Inc.","NYSE","12952079","12149968","4438542","2.92",,
"2023-03-15","HLT","Hilton Worldwide Holdings Inc.","NYSE","3793927","4626559","1766593","2.15",,
"2023-03-15","HON","Honeywell International Inc. C","NNM","4906458","4305602","3345029","1.47",,
"2023-03-15","HOOD","Robinhood Markets, Inc. Class","NNM","35224050","35431614","6795455","5.18",,
"2023-03-15","HPE","Hewlett Packard Enterprise Com","NYSE","28243078","24049479","14636694","1.93",,
"2023-03-15","HWM","Howmet Aerospace Inc.","NYSE","5167088","5959051","4122712","1.25",,
"2023-03-15","IBKR","Interactive Brokers Group, Inc","NNM","1211901","1535065","1489299","1.00",,
"2023-03-15","IBM","International Business Machine","NYSE","25701964","25977920","4819556","5.33",,
"2023-03-15","ICE","Intercontinental Exchange  Inc","NYSE","3342316","3622713","3959191","1.00",,
"2023-03-15","INTC","Intel Corporation Common Stock","NNM","80916206","70716601","46796468","1.73",,
"2023-03-15","INTU","Intuit Inc. Common Stock","NNM","2662658","2719107","1793256","1.48",,
"2023-03-15","ISRG","Intuitive Surgical, Inc. Commo","NNM","2089571","2046869","1403689","1.49",,
"2023-03-15","ITW","Illinois Tool Works Inc.","NYSE","5768027","5487169","1025134","5.63",,
"2023-03-15","JNJ","Johnson & Johnson","NYSE","12588922","11724946","7821618","1.61",,
"2023-03-15","JPM","JPMorgan Chase & Co.","NYSE","20628355","18065269","20826254","1.00",,
"2023-03-15","KKR","KKR & Co. Inc.","NYSE","9815833","11815749","3705526","2.65",,
"2023-03-15","KLAC","KLA Corporation Common Stock","NNM","2339417","2414239","942362","2.48",,
"2023-03-15","KMI","Kinder Morgan, Inc.","NYSE","37084489","37027245","13235240","2.80",,
"2023-03-15","KO","Coca-Cola Company","NYSE","22194632","20174603","15403151","1.44",,
"2023-03-15","LIN","Linde plc Ordinary Share","NYSE","4080520","5426880","2653174","1.54",,
"2023-03-15","LLY","Eli Lilly & Co.","NYSE","8115570","6806393","3620721","2.24",,
"2023-03-15","LMT","Lockheed Martin Corp.","NYSE","2756205","2395385","1296101","2.13",,
"2023-03-15","LOW","Lowe's Companies Inc.","NYSE","8556023","9938087","3890353","2.20",,
"2023-03-15","LRCX","Lam Research Corporation Commo","NNM","2299230","2539509","1113027","2.07",,
"2023-03-15","MA","Mastercard Incorporated","NYSE","4864908","5186243","2559064","1.90",,
"2023-03-15","MAR","Marriott International Class A","NNM","4050354","4481340","1790868","2.26",,
"2023-03-15","MCD","McDonald's Corporation","NYSE","6294615","5809193","2733432","2.30",,
"2023-03-15","MCK","McKesson Corporation","NYSE","2052237","2076563","1091113","1.88",,
"2023-03-15","MCO","Moody's Corporation","NYSE","2341862","2373451","920996","2.54",,
"2023-03-15","MDLZ","Mondelez International, Inc. C","NNM","9264994","10367921","6016041","1.54",,
"2023-03-15","MDT","Medtronic plc","NYSE","12710755","11870990","6075149","2.09",,
"2023-03-15","META","Meta Platforms, Inc. Class A C","NNM","28684969","27448198","31241176","1.00",,
"2023-03-15","MMM","3M Company","NYSE","13528941","13178867","4200633","3.22",,
"2023-03-15","MNST","Monster Beverage Corporation","NNM","4884754","4804639","2284577","2.14",,
"2023-03-15","MO","Altria Group, Inc.","NYSE","15894431","17449285","7682671","2.07",,
"2023-03-15","MPC","MARATHON PETROLEUM CORPORATION","NYSE","12212509","11774433","3982223","3.07",,
"2023-03-15","MPWR","Monolithic Power Systems, Inc.","NNM","2558212","2839552","393841","6.50",,
"2023-03-15","MRK","Merck & Co., Inc.","NYSE","19544549","20552580","9487439","2.06",,
"2023-03-15","MRVL","Marvell Technology, Inc. Commo","NNM","18905013","17162460","18420562","1.03",,
"2023-03-15","MS","Morgan Stanley","NYSE","19318149","19153735","8891967","2.17",,
"2023-03-15","MSFT","Microsoft Corporation Common S","NNM","35907039","34298600","28504392","1.26",,
"2023-03-15","MSI","Motorola Solutions, Inc. New","NYSE","1251989","921199","639446","1.96",,
"2023-03-15","MU","Micron Technology, Inc. Common","NNM","21140251","18231794","13586665","1.56",,
"2023-03-15","NEE","Nextra Energy, Inc.","NYSE","15686617","18079316","9601147","1.63",,
"2023-03-15","NEM","Newmont Corporation","NYSE","14231843","9746790","8573689","1.66",,
"2023-03-15","NET","Cloudflare, Inc. Class A commo","NYSE","21730289","22222017","4009875","5.42",,
"2023-03-15","NFLX","Netflix, Inc. Common Stock","NNM","8413366","8129603","5783766","1.45",,
"2023-03-15","NKE","Nike, Inc.","NYSE","10583765","11733075","5222191","2.03",,
"2023-03-15","NOC","Northrop Grumman Corp.","NYSE","1370902","1487646","979944","1.40",,
"2023-03-15","NOW","SERVICENOW, INC.","NYSE","3394345","3470868","1232211","2.75",,
"2023-03-15","NSC","Norfolk Southern Corp.","NYSE","2274152","2682556","1660745","1.37",,
"2023-03-15","NVDA","NVIDIA Corporation Common Stoc","NNM","37702262","38825313","46530861","1.00",,
"2023-03-15","O","Realty Income Corporation","NYSE","16561340","13191488","4219688","3.92",,
"2023-03-15","ORCL","Oracle Corp","NYSE","14372202","15127261","8270464","1.74",,
"2023-03-15","ORLY","O'Reilly Automotive, Inc. Comm","NNM","896446","917455","400009","2.24",,
"2023-03-15","PANW","Palo Alto Networks, Inc. Commo","NNM","18495752","20033106","4056312","4.56",,
"2023-03-15","PCAR","PACCAR Inc. Common Stock","NNM","7652621","6519533","3513247","2.18",,
"2023-03-15","PEP","PepsiCo, Inc. Common Stock","NNM","11594824","11237213","4907664","2.36",,
"2023-03-15","PFE","Pfizer Inc.","NYSE","44140799","38492474","22802773","1.94",,
"2023-03-15","PG","Procter & Gamble Company","NYSE","13456886","14315859","6466409","2.08",,
"2023-03-15","PGR","Progressive Corporation","NYSE","3807414","3351086","2598299","1.47",,
"2023-03-15","PH","Parker-Hannifin Corporation","NYSE","1763684","1751971","1079884","1.63",,
"2023-03-15","PLD","PROLOGIS, INC.","NYSE","8873808","9643516","3034810","2.92",,
"2023-03-15","PLTR","Palantir Technologies Inc. Cla","NYSE","139137397","157348302","36150376","3.85",,
"2023-03-15","PM","Philip Morris International In","NYSE","9544797","8276985","4482749","2.13",,
"2023-03-15","PNC","PNC Financial Services Group","NYSE","4393768","5218589","5356522","1.00",,
"2023-03-15","PSX","PHILLIPS 66","NYSE","11054565","9930592","4537156","2.44",,
"2023-03-15","PWR","Quanta Services, Inc.","NYSE","3711773","3881672","913897","4.06",,
"2023-03-15","QCOM","QUALCOMM Incorporated Common S","NNM","10305509","8761368","7336820","1.40",,
"2023-03-15","RCL","Royal Caribbean Group","NYSE","18874543","19684431","3766769","5.01",,
"2023-03-15","REGN","Regeneron Pharmaceuticals, Inc","NNM","1213603","1197786","552014","2.20",,
"2023-03-15","ROST","Ross Stores, Inc. Common Stock","NNM","5196945","4013642","2676429","1.94",,
"2023-03-15","RSG","Republic Services Inc.","NYSE","1575944","1816316","1642284","1.00",,
"2023-03-15","RTX","Raytheon Technologies Corporat","NYSE","9807283","9249886","5329500","1.84",,
"2023-03-15","SBUX","Starbucks Corporation Common S","NNM","12657500","11779814","5447564","2.32",,
"2023-03-15","SCCO","Southern Copper Corporation","NYSE","5858490","6349477","1494540","3.92",,
"2023-03-15","SCHW","The Charles Schwab Corporation","NYSE","15776108","11193804","47056587","1.00",,
"2023-03-15","SHW","The Sherwin-Williams Company","NYSE","2420372","2541211","1470514","1.65",,
"2023-03-15","SNOW","Snowflake Inc.","NYSE","13946781","12195150","8152612","1.71",,
"2023-03-15","SNPS","Synopsys, Inc. Common Stock","NNM","1873273","1896399","733998","2.55",,
"2023-03-15","SO","The Southern Company","NYSE","11542651","10212258","4772671","2.42",,
"2023-03-15","SPCX","The SPAC and New Issue ETF","NNM","20500","21931","913","22.45",,
"2023-03-15","SPG","Simon Property Group, Inc.","NYSE","5415928","5616904","1685482","3.21",,
"2023-03-15","SPGI","S&P Global Inc.","NYSE","4155620","4248388","1619609","2.57",,
"2023-03-15","SYK","Stryker Corporation","NYSE","5988308","5227904","1313894","4.56",,
"2023-03-15","T","AT&T Inc.","NYSE","85446119","84218083","28875745","2.96",,
"2023-03-15","TDG","TransDigm Group Incorporated","NYSE","1174047","1214326","300325","3.91",,
"2023-03-15","TFC","Truist Financial Corporation","NYSE","18761831","14074858","20490524","1.00",,
"2023-03-15","TGT","Target Corporation","NYSE","9053029","9502157","2686187","3.37",,
"2023-03-15","TJX","TJX Companies, Inc. (The)","NYSE","5910100","6580037","5286404","1.12",,
"2023-03-15","TMO","Thermo Fisher Scientific, Inc.","NYSE","2880296","2499092","1243585","2.32",,
"2023-03-15","TMUS","T-Mobile US, Inc. Common Stock","NNM","22614489","20118865","5437151","4.16",,
"2023-03-15","TRV","The Travelers Companies, Inc.","NYSE","3639884","3152020","1591174","2.29",,
"2023-03-15","TSLA","Tesla, Inc. Common Stock","NNM","87004969","81397678","158091021","1.00",,
"2023-03-15","TXN","Texas Instruments Incorporated","NNM","17543401","16159869","4638595","3.78",,
"2023-03-15","UBER","Uber Technologies, Inc.","NYSE","45258448","55694222","23195417","1.95",,
"2023-03-15","UNH","UNITEDHEALTH GROUP INCORPORATE","NYSE","5382273","4836980","3095979","1.74",,
"2023-03-15","UNP","Union Pacific Corp.","NYSE","5115386","7264341","3398022","1.51",,
"2023-03-15","UPS","United Parcel Service, Inc. Cl","NYSE","11006168","11558294","3112426","3.54",,
"2023-03-15","URI","United Rentals, Inc.","NYSE","3112068","3245082","991584","3.14",,
"2023-03-15","USB","U.S. Bancorp","NYSE","12249705","9174812","15260185","1.00",,
"2023-03-15","V","VISA Inc.","NYSE","32751302","32432172","5961965","5.49",,
"2023-03-15","VLO","Valero Energy Corporation","NYSE","12663830","11294358","4699738","2.69",,
"2023-03-15","VRT","Vertiv Holdings Co Class A Com","NYSE","10073125","10009702","3363014","3.00",,
"2023-03-15","VRTX","Vertex Pharmaceuticals Incorpo","NNM","2923408","2681119","1023097","2.86",,
"2023-03-15","VZ","Verizon Communications","NYSE","42428995","35895316","22182959","1.91",,
"2023-03-15","WBD","Warner Bros. Discovery, Inc. S","NNM","68610089","67629734","15883429","4.32",,
"2023-03-15","WDC","Western Digital Corporation Co","NNM","7932455","8019893","4163935","1.91",,
"2023-03-15","WELL","Welltower Inc.","NYSE","12294115","12124570","2922291","4.21",,
"2023-03-15","WFC","Wells Fargo & Co.","NYSE","30015317","27237826","33510227","1.00",,
"2023-03-15","WM","Waste Management, Inc.","NYSE","4613228","4437745","1952240","2.36",,
"2023-03-15","WMB","Williams Companies Inc.","NYSE","20007227","20079454","7935049","2.52",,
"2023-03-15","WMT","Walmart Inc.","NYSE","9959212","12596095","6707746","1.48",,
"2023-03-15","XOM","Exxon Mobil Corporation","NYSE","35146212","32451292","15402918","2.28",,
"2024-11-29","AAPL","Apple Inc. Common Stock","NNM","154104746","141037864","43437628","3.55",,
"2024-11-29","ABBV","ABBVIE INC.","NYSE","19324304","20169830","7366002","2.62",,
"2024-11-29","ABNB","Airbnb, Inc. Class A Common St","NNM","14092465","13344389","4600974","3.06",,
"2024-11-29","ABT","Abbott Laboratories","NYSE","13568339","12052833","4903932","2.77",,
"2024-11-29","ADBE","Adobe Inc. Common Stock","NNM","5895669","6616429","2189148","2.69",,
"2024-11-29","ADI","Analog Devices, Inc. Common St","NNM","7362771","6294486","3717327","1.98",,
"2024-11-29","ADP","Automatic Data Processing, Inc","NNM","5492813","5207532","1599819","3.43",,
"2024-11-29","AEP","American Electric Power Compan","NNM","8179635","7633696","2339158","3.50",,
"2024-11-29","AFL","Aflac Inc.","NYSE","7862770","8262002","1684382","4.67",,
"2024-11-29","AJG","Arthur J. Gallagher & Co.","NYSE","2854929","2758127","1085238","2.63",,
"2024-11-29","ALL","The Allstate Corporation","NYSE","2374228","2024363","1850365","1.28",,
"2024-11-29","AMAT","Applied Materials, Inc. Common","NNM","17152492","16902815","6825150","2.51",,
"2024-11-29","AMD","Advanced Micro Devices, Inc. C","NNM","45029617","49389555","27779304","1.62",,
"2024-11-29","AMGN","Amgen Inc. Common Stock","NNM","11137469","9805318","5300251","2.10",,
"2024-11-29","AMT","American Tower Corporation","NYSE","4877735","4987554","2198657","2.22",,
"2024-11-29","AMZN","Amazon.com, Inc. Common Stock","NNM","80493150","83771987","35880697","2.24",,
"2024-11-29","ANET","Arista Networks","NYSE","2791243","3000967","2282395","1.22",,
"2024-11-29","AON","Aon plc Class A","NYSE","4790224","4723292","887199","5.40",,
"2024-11-29","APD","Air Products & Chemicals, Inc.","NYSE","3380401","3196159","1792866","1.89",,
"2024-11-29","APH","Amphenol Corporation","NYSE","14977797","14226647","5660722","2.65",,
"2024-11-29","APO","Apollo Global Management, Inc.","NYSE","27221299","27171594","3936782","6.91",,
"2024-11-29","APP","Applovin Corporation Class A C","NNM","16937321","16672056","5849393","2.90",,
"2024-11-29","AVGO","Broadcom Inc. Common Stock","NNM","66375328","68361685","18651808","3.56",,
"2024-11-29","AXP","American Express Company","NYSE","8624748","8934109","2423081","3.56",,
"2024-11-29","BA","Boeing Company","NYSE","20789112","22550331","9218020","2.26",,
"2024-11-29","BAC","Bank of America Corporation","NYSE","74685555","81283650","32424447","2.30",,
"2024-11-29","BKNG","Booking Holdings Inc. Common S","NNM","583446","624056","219567","2.66",,
"2024-11-29","BLK","Blackrock, Inc.","NYSE","1926939","2138587","680629","2.83",,
"2024-11-29","BMY","Bristol-Myers Squibb Co.","NYSE","25600720","25773897","9236440","2.77",,
"2024-11-29","BNY","BlackRock New York Municipal I","NYSE","34054","20886","64434","1.00",,
"2024-11-29","BRKA","Berkshire Hathaway Inc.","NYSE","221","246","1673","1.00",,
"2024-11-29","BRKB","BERKSHIRE HATHAWAY Class B","NYSE","15066252","15582000","3882627","3.88",,
"2024-11-29","BSX","Boston Scientific Corp.","NYSE","12247383","11024434","5655508","2.17",,
"2024-11-29","BX","Blackstone Inc.","NYSE","16428899","17003220","3351310","4.90",,
"2024-11-29","C","Citigroup Inc.","NYSE","32899831","33547783","12667919","2.60",,
"2024-11-29","CAT","Caterpillar Inc.","NYSE","8878994","9755079","2059462","4.31",,
"2024-11-29","CDNS","Cadence Design Systems, Inc. C","NNM","3807736","3627911","1338561","2.84",,
"2024-11-29","CEG","Constellation Energy Corporati","NNM","6494375","5394852","2734677","2.37",,
"2024-11-29","CI","The Cigna Group","NYSE","3185262","3580164","1554983","2.05",,
"2024-11-29","CL","Colgate-Palmolive Company","NYSE","8913925","11204119","4146416","2.15",,
"2024-11-29","CMCSA","Comcast Corporation Class A Co","NNM","55181520","57845087","17987960","3.07",,
"2024-11-29","CME","CME Group Inc. Class A Common","NNM","4898451","3812422","2151162","2.28",,
"2024-11-29","CMI","Cummins Inc.","NYSE","1708302","1600213","484354","3.53",,
"2024-11-29","COF","Capital One Financial","NYSE","16257977","15705830","2514346","6.47",,
"2024-11-29","COP","ConocoPhillips","NYSE","14253779","24865467","8890245","1.60",,
"2024-11-29","COST","Costco Wholesale Corporation C","NNM","6588840","6485763","1831750","3.60",,
"2024-11-29","CRM","Salesforce, Inc.","NYSE","11699240","13516352","5566336","2.10",,
"2024-11-29","CRWD","CrowdStrike Holdings, Inc. Cla","NNM","8587778","8324750","4551258","1.89",,
"2024-11-29","CSCO","Cisco Systems, Inc. Common Sto","NNM","56745492","62452068","19688458","2.88",,
"2024-11-29","CSX","CSX Corporation Common Stock","NNM","28872217","23811923","9179829","3.15",,
"2024-11-29","CTAS","Cintas Corporation Common Stoc","NNM","5510883","6645550","1399959","3.94",,
"2024-11-29","CVNA","Carvana Co.","NYSE","13499907","13002352","2787618","4.84",,
"2024-11-29","CVS","CVS HEALTH CORPORATION","NYSE","17771960","21392872","10636138","1.67",,
"2024-11-29","CVX","Chevron Corporation","NYSE","63812468","63308265","6990710","9.13",,
"2024-11-29","D","Dominion Energy, Inc Common St","NYSE","17061940","15256827","4250921","4.01",,
"2024-11-29","DASH","DoorDash, Inc. Class A Common","NNM","9705170","11630425","3022461","3.21",,
"2024-11-29","DDOG","Datadog, Inc. Class A Common S","NNM","16023589","11365944","6144383","2.61",,
"2024-11-29","DE","Deere & Company","NYSE","5076184","5077220","1930833","2.63",,
"2024-11-29","DELL","Dell Technologies Inc.","NYSE","13890813","10136710","11571073","1.20",,
"2024-11-29","DHR","Danaher Corporation","NYSE","5419649","5052312","2790206","1.94",,
"2024-11-29","DIS","The Walt Disney Company","NYSE","18797277","19812238","9613903","1.96",,
"2024-11-29","DLR","Digital Realty Trust, Inc.","NYSE","6425811","6646901","2183587","2.94",,
"2024-11-29","DUK","Duke Energy Corporation","NYSE","10023376","10490018","3050916","3.29",,
"2024-11-29","ECL","Ecolab, Inc.","NYSE","2002914","1904278","1217654","1.64",,
"2024-11-29","ELV","Elevance Health, Inc.","NYSE","2817457","3132470","1695198","1.66",,
"2024-11-29","EMR","Emerson Electric Co.","NYSE","11240879","11288453","2869407","3.92",,
"2024-11-29","EOG","EOG Resources, Inc.","NYSE","12908781","13284264","2873397","4.49",,
"2024-11-29","EPD","Enterprise Products Partners L","NYSE","22929656","21526897","4410680","5.20",,
"2024-11-29","EQIX","Equinix, Inc. Common Stock REI","NNM","1646773","1550174","682193","2.41",,
"2024-11-29","FCX","Freeport-McMoran Inc.","NYSE","23896876","24312550","10004298","2.39",,
"2024-11-29","FDX","FedEx Corporation","NYSE","4030388","4255352","1493414","2.70",,
"2024-11-29","FTNT","Fortinet, Inc. Common Stock","NNM","12754824","12621880","5212796","2.45",,
"2024-11-29","GD","General Dynamics Corporation","NYSE","3308504","2905953","1365507","2.42",,
"2024-11-29","GE","GE Aerospace","NYSE","11240383","12131626","3961613","2.84",,
"2024-11-29","GEV","GE Vernova Inc.","NYSE","5875855","5186517","2606598","2.25",,
"2024-11-29","GILD","Gilead Sciences, Inc. Common S","NNM","23413412","18059419","6087358","3.85",,
"2024-11-29","GLW","Corning Incorporated","NYSE","10022100","10020660","4215638","2.38",,
"2024-11-29","GM","General Motors Company","NYSE","34127526","34716920","15058509","2.27",,
"2024-11-29","GOOG","Alphabet Inc. Class C Capital","NNM","41658458","43488506","18820987","2.21",,
"2024-11-29","GOOGL","Alphabet Inc. Class A Common S","NNM","69788857","68676244","27385008","2.55",,
"2024-11-29","GS","Goldman Sachs Group Inc.","NYSE","5045866","4786452","2000325","2.52",,
"2024-11-29","GWW","W.W. Grainger, Inc.","NYSE","1596541","1577493","196975","8.11",,
"2024-11-29","HCA","HCA Healthcare, Inc.","NYSE","3526275","2972182","1529360","2.31",,
"2024-11-29","HD","Home Depot, Inc.","NYSE","10536862","9680760","3516223","3.00",,
"2024-11-29","HLT","Hilton Worldwide Holdings Inc.","NYSE","4550089","5284197","1187574","3.83",,
"2024-11-29","HON","Honeywell International Inc. C","NNM","8377716","10631326","3752045","2.23",,
"2024-11-29","HOOD","Robinhood Markets, Inc. Class","NNM","16365320","23851390","24533947","1.00",,
"2024-11-29","HPE","Hewlett Packard Enterprise Com","NYSE","34301023","33641586","11875395","2.89",,
"2024-11-29","HWM","Howmet Aerospace Inc.","NYSE","8130461","7780062","2624153","3.10",,
"2024-11-29","IBKR","Interactive Brokers Group, Inc","NNM","2331558","1822410","1092841","2.13",,
"2024-11-29","IBM","International Business Machine","NYSE","21147201","21480812","4295671","4.92",,
"2024-11-29","ICE","Intercontinental Exchange  Inc","NYSE","7055400","6472104","2636918","2.68",,
"2024-11-29","INTC","Intel Corporation Common Stock","NNM","113436506","117711214","57122467","1.99",,
"2024-11-29","INTU","Intuit Inc. Common Stock","NNM","3845378","3781430","2037920","1.89",,
"2024-11-29","ISRG","Intuitive Surgical, Inc. Commo","NNM","3463762","4153981","1216386","2.85",,
"2024-11-29","ITW","Illinois Tool Works Inc.","NYSE","5671357","5528535","831753","6.82",,
"2024-11-29","JNJ","Johnson & Johnson","NYSE","18540719","17476968","7887128","2.35",,
"2024-11-29","JPM","JPMorgan Chase & Co.","NYSE","30703075","30115062","7679548","4.00",,
"2024-11-29","KKR","KKR & Co. Inc.","NYSE","11136195","11089162","3397251","3.28",,
"2024-11-29","KLAC","KLA Corporation Common Stock","NNM","2985568","2814848","1195618","2.50",,
"2024-11-29","KMI","Kinder Morgan, Inc.","NYSE","41993333","40293681","13688169","3.07",,
"2024-11-29","KO","Coca-Cola Company","NYSE","28438280","33663791","18142657","1.57",,
"2024-11-29","LIN","Linde plc Ordinary Shares","NNM","5467063","5216862","2154893","2.54",,
"2024-11-29","LLY","Eli Lilly & Co.","NYSE","5836746","6543322","5059888","1.15",,
"2024-11-29","LMT","Lockheed Martin Corp.","NYSE","2399587","2650679","1374467","1.75",,
"2024-11-29","LOW","Lowe's Companies Inc.","NYSE","6309682","5568934","2649193","2.38",,
"2024-11-29","LRCX","Lam Research Corporation Commo","NNM","33697874","32289441","10315334","3.27",,
"2024-11-29","MA","Mastercard Incorporated","NYSE","6290468","5952462","2722763","2.31",,
"2024-11-29","MAR","Marriott International Class A","NNM","5467231","5081856","1162721","4.70",,
"2024-11-29","MCD","McDonald's Corporation","NYSE","9973736","8982205","2919053","3.42",,
"2024-11-29","MCK","McKesson Corporation","NYSE","1910720","2092732","672377","2.84",,
"2024-11-29","MCO","Moody's Corporation","NYSE","1621462","1445598","684002","2.37",,
"2024-11-29","MDLZ","Mondelez International, Inc. C","NNM","11341374","10783961","6771334","1.67",,
"2024-11-29","MDT","Medtronic plc","NYSE","10006993","11894265","7439100","1.35",,
"2024-11-29","META","Meta Platforms, Inc. Class A C","NNM","30451548","29824736","10180266","2.99",,
"2024-11-29","MMM","3M Company","NYSE","6340286","6665086","2742813","2.31",,
"2024-11-29","MNST","Monster Beverage Corporation","NNM","20536994","20046410","4384904","4.68",,
"2024-11-29","MO","Altria Group, Inc.","NYSE","28405931","29463595","7112978","3.99",,
"2024-11-29","MPC","MARATHON PETROLEUM CORPORATION","NYSE","7964977","6878621","1812820","4.39",,
"2024-11-29","MPWR","Monolithic Power Systems, Inc.","NNM","2092966","2515277","1129334","1.85",,
"2024-11-29","MRK","Merck & Co., Inc.","NYSE","32788187","26322944","14326465","2.29",,
"2024-11-29","MRVL","Marvell Technology, Inc. Commo","NNM","20087228","20360508","7965644","2.52",,
"2024-11-29","MS","Morgan Stanley","NYSE","15327829","16669924","6343580","2.42",,
"2024-11-29","MSFT","Microsoft Corporation Common S","NNM","63089851","56018482","21334768","2.96",,
"2024-11-29","MSI","Motorola Solutions, Inc. New","NYSE","1480911","1379672","821590","1.80",,
"2024-11-29","MU","Micron Technology, Inc. Common","NNM","33896317","34336103","15765018","2.15",,
"2024-11-29","NEE","Nextra Energy, Inc.","NYSE","33326206","34213261","9707763","3.43",,
"2024-11-29","NEM","Newmont Corporation","NYSE","16735639","17035969","9333904","1.79",,
"2024-11-29","NET","Cloudflare, Inc. Class A commo","NYSE","8281780","8694790","2936844","2.82",,
"2024-11-29","NFLX","Netflix, Inc. Common Stock","NNM","7421817","7670169","3686891","2.01",,
"2024-11-29","NKE","Nike, Inc.","NYSE","25281526","24886970","11739633","2.15",,
"2024-11-29","NOC","Northrop Grumman Corp.","NYSE","1634685","1706942","766392","2.13",,
"2024-11-29","NOW","SERVICENOW, INC.","NYSE","3213706","3239055","1278605","2.51",,
"2024-11-29","NSC","Norfolk Southern Corp.","NYSE","2156581","2220812","1047510","2.06",,
"2024-11-29","NVDA","NVIDIA Corporation Common Stoc","NNM","264082083","276390339","254297938","1.04",,
"2024-11-29","O","Realty Income Corporation","NYSE","18721346","15425313","3807954","4.92",,
"2024-11-29","ORCL","Oracle Corp","NYSE","20878491","21170106","8011647","2.61",,
"2024-11-29","ORLY","O'Reilly Automotive, Inc. Comm","NNM","807407","890636","337617","2.39",,
"2024-11-29","PANW","Palo Alto Networks, Inc. Commo","NNM","11093722","11550175","4273560","2.60",,
"2024-11-29","PCAR","PACCAR Inc. Common Stock","NNM","11088549","12446372","1791607","6.19",,
"2024-11-29","PEP","PepsiCo, Inc. Common Stock","NNM","19546465","17668210","5714679","3.42",,
"2024-11-29","PFE","Pfizer Inc.","NYSE","90384090","94541302","43414711","2.08",,
"2024-11-29","PG","Procter & Gamble Company","NYSE","20615176","17634134","7919638","2.60",,
"2024-11-29","PGR","Progressive Corporation","NYSE","4341071","4278636","2386195","1.82",,
"2024-11-29","PH","Parker-Hannifin Corporation","NYSE","1291223","1347822","509455","2.53",,
"2024-11-29","PLD","PROLOGIS, INC.","NYSE","10544815","11971116","3595674","2.93",,
"2024-11-29","PLTR","Palantir Technologies Inc. Cla","NNM","76144399","85397297","66806155","1.14",,
"2024-11-29","PM","Philip Morris International In","NYSE","9153539","8331044","4156950","2.20",,
"2024-11-29","PNC","PNC Financial Services Group","NYSE","5153816","5057564","1872265","2.75",,
"2024-11-29","PSX","PHILLIPS 66","NYSE","7185654","7160294","2524912","2.85",,
"2024-11-29","PWR","Quanta Services, Inc.","NYSE","4385723","4452534","813038","5.39",,
"2024-11-29","QCOM","QUALCOMM Incorporated Common S","NNM","23667434","23102286","8361975","2.83",,
"2024-11-29","RCL","Royal Caribbean Group","NYSE","12555024","12115976","1528017","8.22",,
"2024-11-29","REGN","Regeneron Pharmaceuticals, Inc","NNM","1799097","1785884","838083","2.15",,
"2024-11-29","ROST","Ross Stores, Inc. Common Stock","NNM","4221656","4027896","3786687","1.11",,
"2024-11-29","RSG","Republic Services Inc.","NYSE","2115614","2563063","970600","2.18",,
"2024-11-29","RTX","RTX Corporation","NYSE","10682686","14651740","4374693","2.44",,
"2024-11-29","SBUX","Starbucks Corporation Common S","NNM","31748292","30791244","6702856","4.74",,
"2024-11-29","SCCO","Southern Copper Corporation","NYSE","6731812","7134909","857944","7.85",,
"2024-11-29","SCHW","The Charles Schwab Corporation","NYSE","17411809","16887482","6751227","2.58",,
"2024-11-29","SHW","The Sherwin-Williams Company","NYSE","5610280","6413444","1959616","2.86",,
"2024-11-29","SNOW","Snowflake Inc.","NYSE","13635416","13215344","14972332","1.00",,
"2024-11-29","SNPS","Synopsys, Inc. Common Stock","NNM","2840574","2846030","771559","3.68",,
"2024-11-29","SO","The Southern Company","NYSE","19478090","17307256","4118404","4.73",,
"2024-11-29","SPCX","The SPAC and New Issue ETF","NNM","7430","7516","1950","3.81",,
"2024-11-29","SPG","Simon Property Group, Inc.","NYSE","4891000","5182827","1584891","3.09",,
"2024-11-29","SPGI","S&P Global Inc.","NYSE","4110184","3897708","1285944","3.20",,
"2024-11-29","SYK","Stryker Corporation","NYSE","4239818","4774989","1303299","3.25",,
"2024-11-29","T","AT&T Inc.","NYSE","122673722","107430341","31925598","3.84",,
"2024-11-29","TDG","TransDigm Group Incorporated","NYSE","856836","868986","361996","2.37",,
"2024-11-29","TFC","Truist Financial Corporation","NYSE","17981998","12779842","7685928","2.34",,
"2024-11-29","TGT","Target Corporation","NYSE","13779045","13026497","16744067","1.00",,
"2024-11-29","TJX","TJX Companies, Inc. (The)","NYSE","14545394","11927946","5834900","2.49",,
"2024-11-29","TMO","Thermo Fisher Scientific, Inc.","NYSE","3539109","3231843","2442432","1.45",,
"2024-11-29","TMUS","T-Mobile US, Inc. Common Stock","NNM","15111275","14210419","3036644","4.98",,
"2024-11-29","TRV","The Travelers Companies, Inc.","NYSE","3226551","3861145","1303442","2.48",,
"2024-11-29","TSLA","Tesla, Inc. Common Stock","NNM","77192871","76444266","75481098","1.02",,
"2024-11-29","TXN","Texas Instruments Incorporated","NNM","18691109","21765130","6607687","2.83",,
"2024-11-29","UBER","Uber Technologies, Inc.","NYSE","60349858","58209634","19575960","3.08",,
"2024-11-29","UNH","UNITEDHEALTH GROUP INCORPORATE","NYSE","7919756","8136680","3082888","2.57",,
"2024-11-29","UNP","Union Pacific Corp.","NYSE","5718171","4720373","2393871","2.39",,
"2024-11-29","UPS","United Parcel Service, Inc. Cl","NYSE","14001268","15386449","3428486","4.08",,
"2024-11-29","URI","United Rentals, Inc.","NYSE","1885029","1874172","477798","3.95",,
"2024-11-29","USB","U.S. Bancorp","NYSE","21596494","21687638","6769548","3.19",,
"2024-11-29","V","VISA Inc.","NYSE","23450156","20339629","6424167","3.65",,
"2024-11-29","VLO","Valero Energy Corporation","NYSE","14204870","14133603","2346615","6.05",,
"2024-11-29","VRT","Vertiv Holdings Co Class A Com","NYSE","15165357","16658970","8539699","1.78",,
"2024-11-29","VRTX","Vertex Pharmaceuticals Incorpo","NNM","3671223","4110712","1425519","2.58",,
"2024-11-29","VZ","Verizon Communications","NYSE","64407943","53305624","15466225","4.16",,
"2024-11-29","WBD","Warner Bros. Discovery, Inc. S","NNM","94788712","104751779","30731908","3.08",,
"2024-11-29","WDC","Western Digital Corporation Co","NNM","21744437","18103389","5698040","3.82",,
"2024-11-29","WELL","Welltower Inc.","NYSE","10685584","9300542","3000523","3.56",,
"2024-11-29","WFC","Wells Fargo & Co.","NYSE","39695990","36596779","17854298","2.22",,
"2024-11-29","WM","Waste Management, Inc.","NYSE","2576066","3042181","1495042","1.72",,
"2024-11-29","WMB","Williams Companies Inc.","NYSE","14560154","14446863","7226399","2.01",,
"2024-11-29","WMT","Walmart Inc.","NYSE","37914238","35552801","21073081","1.80",,
"2024-11-29","XOM","Exxon Mobil Corporation","NYSE","41121556","41581871","14122346","2.91",,
"2023-04-14","AAPL","Apple Inc. Common Stock","NNM","114987957","111566048","51432368","2.24",,
"2023-04-14","ABBV","ABBVIE INC.","NYSE","15143142","16277617","4154212","3.65",,
"2023-04-14","ABNB","Airbnb, Inc. Class A Common St","NNM","18688566","16295793","5784066","3.23",,
"2023-04-14","ABT","Abbott Laboratories","NYSE","12598207","12601955","5524067","2.28",,
"2023-04-14","ADBE","Adobe Inc. Common Stock","NNM","5192651","5861258","2116580","2.45",,
"2023-04-14","ADI","Analog Devices, Inc. Common St","NNM","5496295","5179441","2664289","2.06",,
"2023-04-14","ADP","Automatic Data Processing, Inc","NNM","4317460","5017576","1754337","2.46",,
"2023-04-14","AEP","American Electric Power Compan","NNM","6193216","7758921","2707857","2.29",,
"2023-04-14","AFL","Aflac Inc.","NYSE","8891032","8382030","2184769","4.07",,
"2023-04-14","AJG","Arthur J. Gallagher & Co.","NYSE","2105884","1723237","837249","2.52",,
"2023-04-14","ALL","The Allstate Corporation","NYSE","2655308","2612718","1691189","1.57",,
"2023-04-14","AMAT","Applied Materials, Inc. Common","NNM","12183378","15264279","5176823","2.35",,
"2023-04-14","AMD","Advanced Micro Devices, Inc. C","NNM","29840045","35253606","47948575","1.00",,
"2023-04-14","AMGN","Amgen Inc. Common Stock","NNM","7986552","7833483","2093315","3.82",,
"2023-04-14","AMT","American Tower Corporation","NYSE","3846508","3309805","2072489","1.86",,
"2023-04-14","AMZN","Amazon.com, Inc. Common Stock","NNM","59071722","64287021","50204070","1.18",,
"2023-04-14","ANET","Arista Networks","NYSE","3263704","3516158","1979948","1.65",,
"2023-04-14","AON","Aon plc Class A","NYSE","2009752","2002483","679238","2.96",,
"2023-04-14","APD","Air Products & Chemicals, Inc.","NYSE","1901874","1919967","790284","2.41",,
"2023-04-14","APH","Amphenol Corporation","NYSE","5933645","5963886","2217433","2.68",,
"2023-04-14","APO","Apollo Global Management, Inc.","NYSE","10012933","9757134","1847337","5.42",,
"2023-04-14","APP","Applovin Corporation Class A C","NNM","14492157","14414975","2508211","5.78",,
"2023-04-14","AVGO","Broadcom Inc. Common Stock","NNM","5398020","5202423","1556716","3.47",,
"2023-04-14","AXP","American Express Company","NYSE","5713896","5844598","2683241","2.13",,
"2023-04-14","BA","Boeing Company","NYSE","8236120","8201248","6578892","1.25",,
"2023-04-14","BAC","Bank of America Corporation","NYSE","92565820","99402275","52696172","1.76",,
"2023-04-14","BKNG","Booking Holdings Inc. Common S","NNM","714448","749799","247139","2.89",,
"2023-04-14","BLK","Blackrock, Inc.","NYSE","2156536","2335419","582079","3.70",,
"2023-04-14","BMY","Bristol-Myers Squibb Co.","NYSE","17875536","17270593","6820526","2.62",,
"2023-04-14","BNY","BlackRock New York Municipal I","NYSE","5942","2064","42441","1.00",,
"2023-04-14","BRKA","Berkshire Hathaway Inc.","NYSE","1234","738","5499","1.00",,
"2023-04-14","BRKB","BERKSHIRE HATHAWAY Class B","NYSE","6346549","6683705","3050972","2.08",,
"2023-04-14","BSX","Boston Scientific Corp.","NYSE","15441244","15163369","8271788","1.87",,
"2023-04-14","BX","Blackstone Inc.","NYSE","24016478","24041521","3953365","6.07",,
"2023-04-14","C","Citigroup Inc.","NYSE","30232439","37699079","16084597","1.88",,
"2023-04-14","CAT","Caterpillar Inc.","NYSE","7239180","7681499","3359116","2.16",,
"2023-04-14","CDNS","Cadence Design Systems, Inc. C","NNM","3339348","3388323","1565703","2.13",,
"2023-04-14","CEG","Constellation Energy Corporati","NNM","6183145","5958118","1359726","4.55",,
"2023-04-14","CI","The Cigna Group","NYSE","2801604","3133381","2088679","1.34",,
"2023-04-14","CL","Colgate-Palmolive Company","NYSE","10612765","10689460","3973775","2.67",,
"2023-04-14","CMCSA","Comcast Corporation Class A Co","NNM","39727119","36732382","17099770","2.32",,
"2023-04-14","CME","CME Group Inc. Class A Common","NNM","4437030","4295863","1367680","3.24",,
"2023-04-14","CMI","Cummins Inc.","NYSE","2326981","2435227","1063376","2.19",,
"2023-04-14","COF","Capital One Financial","NYSE","7716187","6897689","2646698","2.92",,
"2023-04-14","COP","ConocoPhillips","NYSE","12063615","10841811","6469078","1.86",,
"2023-04-14","COST","Costco Wholesale Corporation C","NNM","3755002","3364027","2016727","1.86",,
"2023-04-14","CRM","Salesforce, Inc.","NYSE","9135847","9894072","5028160","1.82",,
"2023-04-14","CRWD","CrowdStrike Holdings, Inc. Cla","NNM","7855619","8377875","4149572","1.89",,
"2023-04-14","CSCO","Cisco Systems, Inc. Common Sto","NNM","48271555","41857253","14269747","3.38",,
"2023-04-14","CSX","CSX Corporation Common Stock","NNM","19660712","19263042","13375241","1.47",,
"2023-04-14","CTAS","Cintas Corporation Common Stoc","NNM","1229887","1315871","309757","3.97",,
"2023-04-14","CVNA","Carvana Co.","NYSE","48442957","47634488","11343467","4.27",,
"2023-04-14","CVS","CVS HEALTH CORPORATION","NYSE","12753851","13577531","8462001","1.51",,
"2023-04-14","CVX","Chevron Corporation","NYSE","16239678","13985775","6889907","2.36",,
"2023-04-14","D","Dominion Energy, Inc Common St","NYSE","7278644","6717041","2869151","2.54",,
"2023-04-14","DASH","DoorDash, Inc.","NYSE","19344749","20322385","2976840","6.50",,
"2023-04-14","DDOG","Datadog, Inc. Class A Common S","NNM","11693882","11185396","4487183","2.61",,
"2023-04-14","DE","Deere & Company","NYSE","2811119","2675118","1831661","1.53",,
"2023-04-14","DELL","Dell Technologies Inc.","NYSE","7849365","6673170","3906083","2.01",,
"2023-04-14","DHR","Danaher Corporation","NYSE","4487887","4383508","2221826","2.02",,
"2023-04-14","DIS","The Walt Disney Company","NYSE","19170368","18122531","7754412","2.47",,
"2023-04-14","DLR","Digital Realty Trust, Inc.","NYSE","15543525","14297419","3108850","5.00",,
"2023-04-14","DUK","Duke Energy Corporation","NYSE","8717148","6302833","3489479","2.50",,
"2023-04-14","ECL","Ecolab, Inc.","NYSE","1821630","2130993","1097323","1.66",,
"2023-04-14","ELV","Elevance Health, Inc.","NYSE","1635716","1648730","1032272","1.58",,
"2023-04-14","EMR","Emerson Electric Co.","NYSE","5188173","5613294","3937540","1.32",,
"2023-04-14","EOG","EOG Resources, Inc.","NYSE","9616303","7399279","3118894","3.08",,
"2023-04-14","EPD","Enterprise Products Partners L","NYSE","12992980","14766954","4241055","3.06",,
"2023-04-14","EQIX","Equinix, Inc. Common Stock REI","NNM","1610349","1604009","368798","4.37",,
"2023-04-14","FCX","Freeport-McMoran Inc.","NYSE","19691826","17072178","11299435","1.74",,
"2023-04-14","FDX","FedEx Corporation","NYSE","4655871","4323874","2632842","1.77",,
"2023-04-14","FTNT","Fortinet, Inc. Common Stock","NNM","11966848","12792024","3829574","3.12",,
"2023-04-14","GD","General Dynamics Corporation","NYSE","2868289","2497266","1149277","2.50",,
"2023-04-14","GE","General Electric Company","NYSE","16379373","16553654","6616067","2.48",,
"2023-04-14","GILD","Gilead Sciences, Inc. Common S","NNM","15250561","15475585","4352975","3.50",,
"2023-04-14","GLW","Corning Incorporated","NYSE","8684354","9047251","3526627","2.46",,
"2023-04-14","GM","General Motors Company","NYSE","26346740","27779742","12042535","2.19",,
"2023-04-14","GOOG","Alphabet Inc. Class C Capital","NNM","32145546","29937248","22321211","1.44",,
"2023-04-14","GOOGL","Alphabet Inc. Class A Common S","NNM","46238501","41644829","28327221","1.63",,
"2023-04-14","GS","Goldman Sachs Group Inc.","NYSE","3568807","3530008","1618168","2.21",,
"2023-04-14","GWW","W.W. Grainger, Inc.","NYSE","1157108","1163300","315899","3.66",,
"2023-04-14","HCA","HCA Healthcare, Inc.","NYSE","1991961","2251911","1177221","1.69",,
"2023-04-14","HD","Home Depot, Inc.","NYSE","14112296","13577638","3218605","4.38",,
"2023-04-14","HLT","Hilton Worldwide Holdings Inc.","NYSE","4313814","3809287","1474151","2.93",,
"2023-04-14","HON","Honeywell International Inc. C","NNM","6143654","4987955","2776295","2.21",,
"2023-04-14","HOOD","Robinhood Markets, Inc. Class","NNM","35320000","35270165","7062124","5.00",,
"2023-04-14","HPE","Hewlett Packard Enterprise Com","NYSE","29982370","30390926","9629801","3.11",,
"2023-04-14","HWM","Howmet Aerospace Inc.","NYSE","4529659","4471436","3238040","1.40",,
"2023-04-14","IBKR","Interactive Brokers Group, Inc","NNM","1499767","1442423","793320","1.89",,
"2023-04-14","IBM","International Business Machine","NYSE","24682942","23815369","3630974","6.80",,
"2023-04-14","ICE","Intercontinental Exchange  Inc","NYSE","4904076","3808331","2469492","1.99",,
"2023-04-14","INTC","Intel Corporation Common Stock","NNM","69785497","81008378","36478238","1.91",,
"2023-04-14","INTU","Intuit Inc. Common Stock","NNM","3863414","3027786","1232960","3.13",,
"2023-04-14","ISRG","Intuitive Surgical, Inc. Commo","NNM","2416195","2412832","1323000","1.83",,
"2023-04-14","ITW","Illinois Tool Works Inc.","NYSE","6143469","6410340","1036066","5.93",,
"2023-04-14","JNJ","Johnson & Johnson","NYSE","14066776","12673644","7929307","1.77",,
"2023-04-14","JPM","JPMorgan Chase & Co.","NYSE","17185476","16469513","14436260","1.19",,
"2023-04-14","KKR","KKR & Co. Inc.","NYSE","9079148","9110652","2478290","3.66",,
"2023-04-14","KLAC","KLA Corporation Common Stock","NNM","2034341","2208546","856966","2.37",,
"2023-04-14","KMI","Kinder Morgan, Inc.","NYSE","44111558","38513171","10365881","4.26",,
"2023-04-14","KO","Coca-Cola Company","NYSE","24615233","24238641","10271621","2.40",,
"2023-04-14","LIN","Linde plc Ordinary Share","NYSE","3081293","3607998","1627918","1.89",,
"2023-04-14","LLY","Eli Lilly & Co.","NYSE","7571148","7229324","2810618","2.69",,
"2023-04-14","LMT","Lockheed Martin Corp.","NYSE","1912379","1928577","1138307","1.68",,
"2023-04-14","LOW","Lowe's Companies Inc.","NYSE","8373783","8653251","2567944","3.26",,
"2023-04-14","LRCX","Lam Research Corporation Commo","NNM","2872059","2826589","1145340","2.51",,
"2023-04-14","MA","Mastercard Incorporated","NYSE","4952638","4946658","2389182","2.07",,
"2023-04-14","MAR","Marriott International Class A","NNM","4830077","4915392","1361147","3.55",,
"2023-04-14","MCD","McDonald's Corporation","NYSE","6536927","5630411","2387021","2.74",,
"2023-04-14","MCK","McKesson Corporation","NYSE","1999285","2026186","971880","2.06",,
"2023-04-14","MCO","Moody's Corporation","NYSE","2532916","2423548","629477","4.02",,
"2023-04-14","MDLZ","Mondelez International, Inc. C","NNM","14162720","12932222","5265078","2.69",,
"2023-04-14","MDT","Medtronic plc","NYSE","8184128","7748607","4590910","1.78",,
"2023-04-14","META","Meta Platforms, Inc. Class A C","NNM","28148029","28851996","20060350","1.40",,
"2023-04-14","MMM","3M Company","NYSE","13043151","12887083","3038642","4.29",,
"2023-04-14","MNST","Monster Beverage Corporation","NNM","10800191","10262549","3864899","2.79",,
"2023-04-14","MO","Altria Group, Inc.","NYSE","15197972","17025184","6661102","2.28",,
"2023-04-14","MPC","MARATHON PETROLEUM CORPORATION","NYSE","11516305","11358482","3592530","3.21",,
"2023-04-14","MPWR","Monolithic Power Systems, Inc.","NNM","2344959","2492479","340320","6.89",,
"2023-04-14","MRK","Merck & Co., Inc.","NYSE","21337832","22071464","6503716","3.28",,
"2023-04-14","MRVL","Marvell Technology, Inc. Commo","NNM","16077333","18327897","8831905","1.82",,
"2023-04-14","MS","Morgan Stanley","NYSE","18538097","18238875","5915184","3.13",,
"2023-04-14","MSFT","Microsoft Corporation Common S","NNM","40038879","41113563","25014346","1.60",,
"2023-04-14","MSI","Motorola Solutions, Inc. New","NYSE","1283554","1224529","749086","1.71",,
"2023-04-14","MU","Micron Technology, Inc. Common","NNM","26482086","29857200","22946594","1.15",,
"2023-04-14","NEE","Nextra Energy, Inc.","NYSE","15606671","13443935","5986187","2.61",,
"2023-04-14","NEM","Newmont Corporation","NYSE","16493323","18164296","10351015","1.59",,
"2023-04-14","NET","Cloudflare, Inc. Class A commo","NYSE","20235169","21087403","3902286","5.19",,
"2023-04-14","NFLX","Netflix, Inc. Common Stock","NNM","8040531","9045237","4409930","1.82",,
"2023-04-14","NKE","Nike, Inc.","NYSE","12077757","12299801","4692608","2.57",,
"2023-04-14","NOC","Northrop Grumman Corp.","NYSE","1437804","1350945","580503","2.48",,
"2023-04-14","NOW","SERVICENOW, INC.","NYSE","3779706","3986377","1684635","2.24",,
"2023-04-14","NSC","Norfolk Southern Corp.","NYSE","3540192","2192452","1991304","1.78",,
"2023-04-14","NVDA","NVIDIA Corporation Common Stoc","NNM","33783023","36075552","39780774","1.00",,
"2023-04-14","O","Realty Income Corporation","NYSE","23317714","21792968","4429243","5.26",,
"2023-04-14","ORCL","Oracle Corp","NYSE","16334392","14720851","7703412","2.12",,
"2023-04-14","ORLY","O'Reilly Automotive, Inc. Comm","NNM","976794","1004051","309305","3.16",,
"2023-04-14","PANW","Palo Alto Networks, Inc. Commo","NNM","18075057","19551396","2494219","7.25",,
"2023-04-14","PCAR","PACCAR Inc. Common Stock","NNM","8703102","8530125","2612254","3.33",,
"2023-04-14","PEP","PepsiCo, Inc. Common Stock","NNM","11439926","10830716","3423430","3.34",,
"2023-04-14","PFE","Pfizer Inc.","NYSE","41369976","49071593","20771778","1.99",,
"2023-04-14","PG","Procter & Gamble Company","NYSE","13136122","15110674","5693464","2.31",,
"2023-04-14","PGR","Progressive Corporation","NYSE","3761904","3607445","3001581","1.25",,
"2023-04-14","PH","Parker-Hannifin Corporation","NYSE","1696282","1595926","1048547","1.62",,
"2023-04-14","PLD","PROLOGIS, INC.","NYSE","12345793","12438501","2674800","4.62",,
"2023-04-14","PLTR","Palantir Technologies Inc. Cla","NYSE","130068122","133281473","32092252","4.05",,
"2023-04-14","PM","Philip Morris International In","NYSE","7425116","8271312","3181609","2.33",,
"2023-04-14","PNC","PNC Financial Services Group","NYSE","5797190","4121178","4840871","1.20",,
"2023-04-14","PSX","PHILLIPS 66","NYSE","9521170","9344180","3557498","2.68",,
"2023-04-14","PWR","Quanta Services, Inc.","NYSE","4815508","3956236","793331","6.07",,
"2023-04-14","QCOM","QUALCOMM Incorporated Common S","NNM","10035013","11700271","5763027","1.74",,
"2023-04-14","RCL","Royal Caribbean Group","NYSE","17804295","17828101","2659213","6.70",,
"2023-04-14","REGN","Regeneron Pharmaceuticals, Inc","NNM","1213046","1300556","436038","2.78",,
"2023-04-14","ROST","Ross Stores, Inc. Common Stock","NNM","5627559","6599473","2051008","2.74",,
"2023-04-14","RSG","Republic Services Inc.","NYSE","1756709","2175996","952616","1.84",,
"2023-04-14","RTX","Raytheon Technologies Corporat","NYSE","9136066","9425613","3760147","2.43",,
"2023-04-14","SBUX","Starbucks Corporation Common S","NNM","12371042","11672798","4070129","3.04",,
"2023-04-14","SCCO","Southern Copper Corporation","NYSE","5710295","5715611","959084","5.95",,
"2023-04-14","SCHW","The Charles Schwab Corporation","NYSE","28545538","25051737","26537514","1.08",,
"2023-04-14","SHW","The Sherwin-Williams Company","NYSE","2472802","2350475","1339760","1.85",,
"2023-04-14","SNOW","Snowflake Inc.","NYSE","12700705","13446645","5998018","2.12",,
"2023-04-14","SNPS","Synopsys, Inc. Common Stock","NNM","1548544","1609171","698221","2.22",,
"2023-04-14","SO","The Southern Company","NYSE","15719075","15663593","3798225","4.14",,
"2023-04-14","SPCX","The SPAC and New Issue ETF","NNM","36078","37060","1320","27.33",,
"2023-04-14","SPG","Simon Property Group, Inc.","NYSE","6529110","6382759","1407022","4.64",,
"2023-04-14","SPGI","S&P Global Inc.","NYSE","2586813","3310933","1031426","2.51",,
"2023-04-14","SYK","Stryker Corporation","NYSE","4445623","6883189","1112473","4.00",,
"2023-04-14","T","AT&T Inc.","NYSE","86295975","82850846","28930022","2.98",,
"2023-04-14","TDG","TransDigm Group Incorporated","NYSE","1191409","1154600","195149","6.11",,
"2023-04-14","TFC","Truist Financial Corporation","NYSE","29084313","21955248","12737237","2.28",,
"2023-04-14","TGT","Target Corporation","NYSE","10432224","8781294","2669465","3.91",,
"2023-04-14","TJX","TJX Companies, Inc. (The)","NYSE","6642405","6724830","4066925","1.63",,
"2023-04-14","TMO","Thermo Fisher Scientific, Inc.","NYSE","2947256","3040054","950281","3.10",,
"2023-04-14","TMUS","T-Mobile US, Inc. Common Stock","NNM","31337535","32187667","5210069","6.01",,
"2023-04-14","TRV","The Travelers Companies, Inc.","NYSE","3112355","3216130","1156921","2.69",,
"2023-04-14","TSLA","Tesla, Inc. Common Stock","NNM","88567444","85568280","130078522","1.00",,
"2023-04-14","TXN","Texas Instruments Incorporated","NNM","19218064","19620239","3856754","4.98",,
"2023-04-14","UBER","Uber Technologies, Inc.","NYSE","55138859","52847686","16296911","3.38",,
"2023-04-14","UNH","UNITEDHEALTH GROUP INCORPORATE","NYSE","5205242","5033258","3787771","1.37",,
"2023-04-14","UNP","Union Pacific Corp.","NYSE","5196562","5877553","2698366","1.93",,
"2023-04-14","UPS","United Parcel Service, Inc. Cl","NYSE","14000160","14113840","2586768","5.41",,
"2023-04-14","URI","United Rentals, Inc.","NYSE","2814991","2984507","1142215","2.46",,
"2023-04-14","USB","U.S. Bancorp","NYSE","25929496","25635325","12470948","2.08",,
"2023-04-14","V","VISA Inc.","NYSE","31328236","30474357","5778970","5.42",,
"2023-04-14","VLO","Valero Energy Corporation","NYSE","10957839","10180283","4436316","2.47",,
"2023-04-14","VRT","Vertiv Holdings Co Class A Com","NYSE","11237803","9894965","3074651","3.65",,
"2023-04-14","VRTX","Vertex Pharmaceuticals Incorpo","NNM","3379762","3501355","916290","3.69",,
"2023-04-14","VZ","Verizon Communications","NYSE","40672122","34725380","16590374","2.45",,
"2023-04-14","WBD","Warner Bros. Discovery, Inc. S","NNM","68544029","69941302","20348469","3.37",,
"2023-04-14","WDC","Western Digital Corporation Co","NNM","7060619","7948870","5003138","1.41",,
"2023-04-14","WELL","Welltower Inc.","NYSE","12991017","12235875","1949647","6.66",,
"2023-04-14","WFC","Wells Fargo & Co.","NYSE","35310534","36555002","24243462","1.46",,
"2023-04-14","WM","Waste Management, Inc.","NYSE","5979952","5906774","1981511","3.02",,
"2023-04-14","WMB","Williams Companies Inc.","NYSE","23372451","21837656","6570977","3.56",,
"2023-04-14","WMT","Walmart Inc.","NYSE","12272796","10177406","5561113","2.21",,
"2023-04-14","XOM","Exxon Mobil Corporation","NYSE","37818574","35228228","15147235","2.50",,
"2025-01-15","AAPL","Apple Inc. Common Stock","NNM","135189465","157007887","45239163","2.99",,"R"
"2025-01-15","ABBV","ABBVIE INC.","NYSE","18160016","17003576","5344987","3.40",,
"2025-01-15","ABNB","Airbnb, Inc. Class A Common St","NNM","15497467","14364863","3663143","4.23",,
"2025-01-15","ABT","Abbott Laboratories","NYSE","14968960","14317431","4868228","3.07",,
"2025-01-15","ADBE","Adobe Inc. Common Stock","NNM","8719177","8587581","4159866","2.10",,
"2025-01-15","ADI","Analog Devices, Inc. Common St","NNM","8425521","9565028","2973690","2.83",,
"2025-01-15","ADP","Automatic Data Processing, Inc","NNM","5448100","6121416","1618267","3.37",,
"2025-01-15","AEP","American Electric Power Compan","NNM","9531595","10078779","3541783","2.69",,
"2025-01-15","AFL","Aflac Inc.","NYSE","7784070","7256033","1685660","4.62",,
"2025-01-15","AJG","Arthur J. Gallagher & Co.","NYSE","3738081","9373239","2305023","1.62",,
"2025-01-15","ALL","The Allstate Corporation","NYSE","2436545","2402065","2299512","1.06",,
"2025-01-15","AMAT","Applied Materials, Inc. Common","NNM","19353223","18477179","5697144","3.40",,
"2025-01-15","AMD","Advanced Micro Devices, Inc. C","NNM","58914070","59401477","41770258","1.41",,
"2025-01-15","AMGN","Amgen Inc. Common Stock","NNM","11430890","11168292","3099734","3.69",,
"2025-01-15","AMT","American Tower Corporation","NYSE","5090077","5022645","2407966","2.11",,
"2025-01-15","AMZN","Amazon.com, Inc. Common Stock","NNM","81984850","82861847","29455636","2.78",,
"2025-01-15","ANET","Arista Networks","NYSE","12790406","13001292","6260843","2.04",,
"2025-01-15","AON","Aon plc Class A","NYSE","4603064","4567641","989281","4.65",,
"2025-01-15","APD","Air Products & Chemicals, Inc.","NYSE","2937359","2866647","1681729","1.75",,
"2025-01-15","APH","Amphenol Corporation","NYSE","13619053","13939851","5588384","2.44",,
"2025-01-15","APO","Apollo Global Management, Inc.","NYSE","35828525","36719444","3495725","10.25",,
"2025-01-15","APP","Applovin Corporation Class A C","NNM","12490266","18001180","4214848","2.96",,
"2025-01-15","AVGO","Broadcom Inc. Common Stock","NNM","56225067","56948625","24516980","2.29",,
"2025-01-15","AXP","American Express Company","NYSE","8235626","8572088","2344815","3.51",,
"2025-01-15","BA","Boeing Company","NYSE","23000191","25061735","8252787","2.79",,
"2025-01-15","BAC","Bank of America Corporation","NYSE","72502049","73992719","36618972","1.98",,
"2025-01-15","BKNG","Booking Holdings Inc. Common S","NNM","662109","716830","222240","2.98",,
"2025-01-15","BLK","Blackrock, Inc.","NYSE","1321976","1364118","815580","1.62",,
"2025-01-15","BMY","Bristol-Myers Squibb Co.","NYSE","27515929","24932099","9285364","2.96",,
"2025-01-15","BNY","BlackRock New York Municipal I","NYSE","29227","25852","44429","1.00",,
"2025-01-15","BRKA","Berkshire Hathaway Inc.","NYSE","243","246","1500","1.00",,
"2025-01-15","BRKB","BERKSHIRE HATHAWAY Class B","NYSE","14877574","14540819","4004202","3.72",,
"2025-01-15","BSX","Boston Scientific Corp.","NYSE","14397966","14523331","5362048","2.69",,
"2025-01-15","BX","Blackstone Inc.","NYSE","12441859","13279685","2849059","4.37",,
"2025-01-15","C","Citigroup Inc.","NYSE","38723562","36434036","18537988","2.09",,
"2025-01-15","CAT","Caterpillar Inc.","NYSE","8326228","9045845","2006588","4.15",,
"2025-01-15","CDNS","Cadence Design Systems, Inc. C","NNM","4373946","4480517","1373432","3.18",,
"2025-01-15","CEG","Constellation Energy Corporati","NNM","6523634","5798018","6061119","1.08",,
"2025-01-15","CI","The Cigna Group","NYSE","4160155","4835532","1453245","2.86",,
"2025-01-15","CL","Colgate-Palmolive Company","NYSE","10077779","9238600","5203970","1.94",,
"2025-01-15","CMCSA","Comcast Corporation Class A Co","NNM","56698318","53502552","24138668","2.35",,
"2025-01-15","CME","CME Group Inc. Class A Common","NNM","4820775","4320607","2051203","2.35",,
"2025-01-15","CMI","Cummins Inc.","NYSE","1765289","1767303","596289","2.96",,
"2025-01-15","COF","Capital One Financial","NYSE","16623769","16045739","3055634","5.44",,
"2025-01-15","COP","ConocoPhillips","NYSE","12999886","11991462","5633489","2.31",,
"2025-01-15","COST","Costco Wholesale Corporation C","NNM","6355090","6541237","1872942","3.39",,
"2025-01-15","CRM","Salesforce, Inc.","NYSE","10424869","10337780","5136356","2.03",,
"2025-01-15","CRWD","CrowdStrike Holdings, Inc. Cla","NNM","9737729","9211504","2758484","3.53",,
"2025-01-15","CSCO","Cisco Systems, Inc. Common Sto","NNM","51293400","54248059","17334333","2.96",,
"2025-01-15","CSX","CSX Corporation Common Stock","NNM","31079159","33552119","13628592","2.28",,
"2025-01-15","CTAS","Cintas Corporation Common Stoc","NNM","4630826","5243794","2228931","2.08",,
"2025-01-15","CVNA","Carvana Co.","NYSE","13207178","13399682","6345981","2.08",,
"2025-01-15","CVS","CVS HEALTH CORPORATION","NYSE","16990142","18097574","14877388","1.14",,
"2025-01-15","CVX","Chevron Corporation","NYSE","61763108","60884081","7980979","7.74",,
"2025-01-15","D","Dominion Energy, Inc Common St","NYSE","18533093","14179140","4060766","4.56",,
"2025-01-15","DASH","DoorDash, Inc. Class A Common","NNM","10544063","10392527","2390159","4.41",,
"2025-01-15","DDOG","Datadog, Inc. Class A Common S","NNM","15037463","14297587","3118129","4.82",,
"2025-01-15","DE","Deere & Company","NYSE","5102401","5337163","1267195","4.03",,
"2025-01-15","DELL","Dell Technologies Inc.","NYSE","14438515","13278310","7440803","1.94",,
"2025-01-15","DHR","Danaher Corporation","NYSE","6126343","5565010","3196280","1.92",,
"2025-01-15","DIS","The Walt Disney Company","NYSE","19336592","19524490","6707239","2.88",,"R"
"2025-01-15","DLR","Digital Realty Trust, Inc.","NYSE","7371886","7922746","1875104","3.93",,
"2025-01-15","DUK","Duke Energy Corporation","NYSE","8554498","8295018","3083733","2.77",,
"2025-01-15","ECL","Ecolab, Inc.","NYSE","2164700","2362071","1129984","1.92",,
"2025-01-15","ELV","Elevance Health, Inc.","NYSE","2914476","3626261","1564762","1.86",,
"2025-01-15","EMR","Emerson Electric Co.","NYSE","10740136","10878740","2380607","4.51",,
"2025-01-15","EOG","EOG Resources, Inc.","NYSE","13442478","13489759","3399033","3.95",,
"2025-01-15","EPD","Enterprise Products Partners L","NYSE","22830443","21538426","3913972","5.83",,
"2025-01-15","EQIX","Equinix, Inc. Common Stock REI","NNM","1802162","1815485","507828","3.55",,
"2025-01-15","FCX","Freeport-McMoran Inc.","NYSE","25961366","26089955","12402645","2.09",,
"2025-01-15","FDX","FedEx Corporation","NYSE","3570733","3557517","1516499","2.35",,
"2025-01-15","FTNT","Fortinet, Inc. Common Stock","NNM","14994571","16044056","4235722","3.54",,
"2025-01-15","GD","General Dynamics Corporation","NYSE","2901597","4095884","1394641","2.08",,
"2025-01-15","GE","GE Aerospace","NYSE","12439572","13181407","5411328","2.30",,
"2025-01-15","GEV","GE Vernova Inc.","NYSE","5270271","5160790","2827570","1.86",,
"2025-01-15","GILD","Gilead Sciences, Inc. Common S","NNM","25167786","25656042","6425204","3.92",,
"2025-01-15","GLW","Corning Incorporated","NYSE","10796616","10868557","3863461","2.79",,
"2025-01-15","GM","General Motors Company","NYSE","31606610","35764202","8408127","3.76",,
"2025-01-15","GOOG","Alphabet Inc. Class C Capital","NNM","43085284","41944329","15719973","2.74",,
"2025-01-15","GOOGL","Alphabet Inc. Class A Common S","NNM","65507753","65558834","22849132","2.87",,
"2025-01-15","GS","Goldman Sachs Group Inc.","NYSE","4328942","4554613","2385029","1.82",,
"2025-01-15","GWW","W.W. Grainger, Inc.","NYSE","1508565","1592669","274829","5.49",,
"2025-01-15","HCA","HCA Healthcare, Inc.","NYSE","4769703","4401009","1499905","3.18",,
"2025-01-15","HD","Home Depot, Inc.","NYSE","10629857","10963047","3319387","3.20",,
"2025-01-15","HLT","Hilton Worldwide Holdings Inc.","NYSE","3794780","4165422","1221181","3.11",,
"2025-01-15","HON","Honeywell International Inc. C","NNM","8796185","9681578","3552713","2.48",,
"2025-01-15","HOOD","Robinhood Markets, Inc. Class","NNM","17243918","14806323","20370243","1.00",,
"2025-01-15","HPE","Hewlett Packard Enterprise Com","NYSE","33998820","28698100","16164029","2.10",,
"2025-01-15","HWM","Howmet Aerospace Inc.","NYSE","9125451","8347613","2647813","3.45",,
"2025-01-15","IBKR","Interactive Brokers Group, Inc","NNM","1823356","1657747","1187679","1.54",,
"2025-01-15","IBM","International Business Machine","NYSE","21025717","21842736","3216071","6.54",,
"2025-01-15","ICE","Intercontinental Exchange  Inc","NYSE","6384890","6660221","3268830","1.95",,
"2025-01-15","INTC","Intel Corporation Common Stock","NNM","132689345","116394227","56484088","2.35",,"R"
"2025-01-15","INTU","Intuit Inc. Common Stock","NNM","4067591","4060831","1472789","2.76",,
"2025-01-15","ISRG","Intuitive Surgical, Inc. Commo","NNM","4272941","4398463","1582769","2.70",,
"2025-01-15","ITW","Illinois Tool Works Inc.","NYSE","5915295","6121678","890360","6.64",,
"2025-01-15","JNJ","Johnson & Johnson","NYSE","17202144","16457492","8305936","2.07",,
"2025-01-15","JPM","JPMorgan Chase & Co.","NYSE","30263706","29516434","10797388","2.80",,
"2025-01-15","KKR","KKR & Co. Inc.","NYSE","10890286","11762850","3426929","3.18",,
"2025-01-15","KLAC","KLA Corporation Common Stock","NNM","3132335","3243046","1181666","2.65",,
"2025-01-15","KMI","Kinder Morgan, Inc.","NYSE","45591007","42759381","12186794","3.74",,
"2025-01-15","KO","Coca-Cola Company","NYSE","33491388","32924745","16313006","2.05",,
"2025-01-15","LIN","Linde plc Ordinary Shares","NNM","6501781","6552863","2439912","2.66",,
"2025-01-15","LLY","Eli Lilly & Co.","NYSE","7221237","6098698","4283739","1.69",,
"2025-01-15","LMT","Lockheed Martin Corp.","NYSE","2729511","3001951","1150353","2.37",,
"2025-01-15","LOW","Lowe's Companies Inc.","NYSE","7104292","6816909","2392860","2.97",,
"2025-01-15","LRCX","Lam Research Corporation Commo","NNM","37412627","34064980","10170577","3.68",,
"2025-01-15","MA","Mastercard Incorporated","NYSE","5579454","5560441","2607437","2.14",,
"2025-01-15","MAR","Marriott International Class A","NNM","5234234","5263128","1254223","4.17",,
"2025-01-15","MCD","McDonald's Corporation","NYSE","9665310","9441531","2976453","3.25",,
"2025-01-15","MCK","McKesson Corporation","NYSE","1595918","1569663","651452","2.45",,
"2025-01-15","MCO","Moody's Corporation","NYSE","1873608","1559306","607175","3.09",,
"2025-01-15","MDLZ","Mondelez International, Inc. C","NNM","22572541","20395717","9919376","2.28",,"R"
"2025-01-15","MDT","Medtronic plc","NYSE","12852310","9807864","8510095","1.51",,
"2025-01-15","META","Meta Platforms, Inc. Class A C","NNM","25747752","25194083","13230780","1.95",,
"2025-01-15","MMM","3M Company","NYSE","6756515","6500476","3810379","1.77",,
"2025-01-15","MNST","Monster Beverage Corporation","NNM","23410051","22420041","4873851","4.80",,
"2025-01-15","MO","Altria Group, Inc.","NYSE","30611931","29577386","6712818","4.56",,
"2025-01-15","MPC","MARATHON PETROLEUM CORPORATION","NYSE","8340774","7914659","2985153","2.79",,
"2025-01-15","MPWR","Monolithic Power Systems, Inc.","NNM","2594479","2852221","649303","4.00",,
"2025-01-15","MRK","Merck & Co., Inc.","NYSE","34124663","30926600","9053022","3.77",,
"2025-01-15","MRVL","Marvell Technology, Inc. Commo","NNM","20253905","19554106","10203985","1.98",,
"2025-01-15","MS","Morgan Stanley","NYSE","12595077","13774572","6815789","1.85",,
"2025-01-15","MSFT","Microsoft Corporation Common S","NNM","61735926","62178630","17806051","3.47",,
"2025-01-15","MSI","Motorola Solutions, Inc. New","NYSE","2198913","2290149","744357","2.95",,"R"
"2025-01-15","MU","Micron Technology, Inc. Common","NNM","42739272","42300359","28118750","1.52",,
"2025-01-15","NEE","Nextra Energy, Inc.","NYSE","35197604","34605682","10088906","3.49",,
"2025-01-15","NEM","Newmont Corporation","NYSE","19269395","19602185","8884188","2.17",,
"2025-01-15","NET","Cloudflare, Inc. Class A commo","NYSE","9369582","8170137","2761602","3.39",,
"2025-01-15","NFLX","Netflix, Inc. Common Stock","NNM","6392275","6903526","3053532","2.09",,
"2025-01-15","NKE","Nike, Inc.","NYSE","29961950","27897928","13188367","2.27",,
"2025-01-15","NOC","Northrop Grumman Corp.","NYSE","1958541","1946308","748269","2.62",,
"2025-01-15","NOW","SERVICENOW, INC.","NYSE","3490491","3607991","1242624","2.81",,
"2025-01-15","NSC","Norfolk Southern Corp.","NYSE","2078230","2124493","954700","2.18",,
"2025-01-15","NVDA","NVIDIA Corporation Common Stoc","NNM","287064263","287895394","228358034","1.26",,
"2025-01-15","O","Realty Income Corporation","NYSE","14971429","14688654","5094579","2.94",,
"2025-01-15","ORCL","Oracle Corp","NYSE","20776854","19644932","8214598","2.53",,
"2025-01-15","ORLY","O'Reilly Automotive, Inc. Comm","NNM","848031","1033327","310385","2.73",,
"2025-01-15","PANW","Palo Alto Networks, Inc. Commo","NNM","24589757","25280598","6500630","3.78",,
"2025-01-15","PCAR","PACCAR Inc. Common Stock","NNM","9262826","8455819","2191562","4.23",,
"2025-01-15","PEP","PepsiCo, Inc. Common Stock","NNM","22059790","20069828","7263153","3.04",,
"2025-01-15","PFE","Pfizer Inc.","NYSE","91783778","75708169","33747882","2.72",,"R"
"2025-01-15","PG","Procter & Gamble Company","NYSE","16407729","17261205","6903103","2.38",,
"2025-01-15","PGR","Progressive Corporation","NYSE","6156409","5616403","2679816","2.30",,
"2025-01-15","PH","Parker-Hannifin Corporation","NYSE","1216241","1379841","569679","2.13",,
"2025-01-15","PLD","PROLOGIS, INC.","NYSE","9704682","12720785","4415639","2.20",,
"2025-01-15","PLTR","Palantir Technologies Inc. Cla","NNM","83787223","98489947","75608896","1.11",,
"2025-01-15","PM","Philip Morris International In","NYSE","9964694","9208976","4510778","2.21",,
"2025-01-15","PNC","PNC Financial Services Group","NYSE","5478810","4600545","2155943","2.54",,
"2025-01-15","PSX","PHILLIPS 66","NYSE","6771823","6369636","3008807","2.25",,
"2025-01-15","PWR","Quanta Services, Inc.","NYSE","4398271","4592731","982125","4.48",,
"2025-01-15","QCOM","QUALCOMM Incorporated Common S","NNM","24014852","25055385","7002859","3.43",,
"2025-01-15","RCL","Royal Caribbean Group","NYSE","11254245","12207120","2032696","5.54",,
"2025-01-15","REGN","Regeneron Pharmaceuticals, Inc","NNM","2117354","2095552","834775","2.54",,
"2025-01-15","ROST","Ross Stores, Inc. Common Stock","NNM","5015037","5097014","2170754","2.31",,
"2025-01-15","RSG","Republic Services Inc.","NYSE","2527559","2709331","1046169","2.42",,
"2025-01-15","RTX","RTX Corporation","NYSE","11781194","11396767","3956959","2.98",,
"2025-01-15","SBUX","Starbucks Corporation Common S","NNM","27779242","28127341","6589981","4.22",,
"2025-01-15","SCCO","Southern Copper Corporation","NYSE","6623234","6468472","868133","7.63",,
"2025-01-15","SCHW","The Charles Schwab Corporation","NYSE","14823975","13505654","8077185","1.84",,"R"
"2025-01-15","SHW","The Sherwin-Williams Company","NYSE","5038851","5474672","1683460","2.99",,
"2025-01-15","SNOW","Snowflake Inc.","NYSE","11414059","10216218","5175491","2.21",,
"2025-01-15","SNPS","Synopsys, Inc. Common Stock","NNM","3024318","2959199","996398","3.04",,
"2025-01-15","SO","The Southern Company","NYSE","18812876","18338555","4598203","4.09",,
"2025-01-15","SPCX","The SPAC and New Issue ETF","NNM","7447","10864","712","10.46",,
"2025-01-15","SPG","Simon Property Group, Inc.","NYSE","5441248","4828775","1475609","3.69",,
"2025-01-15","SPGI","S&P Global Inc.","NYSE","2525119","2787887","1419570","1.78",,
"2025-01-15","SYK","Stryker Corporation","NYSE","4678032","4616627","1313314","3.56",,
"2025-01-15","T","AT&T Inc.","NYSE","88208350","105349990","35187846","2.51",,
"2025-01-15","TDG","TransDigm Group Incorporated","NYSE","1117348","1186492","264798","4.22",,
"2025-01-15","TFC","Truist Financial Corporation","NYSE","16825071","16095542","7135760","2.36",,
"2025-01-15","TGT","Target Corporation","NYSE","12349003","12273004","4651908","2.65",,
"2025-01-15","TJX","TJX Companies, Inc. (The)","NYSE","14594414","11668257","4613725","3.16",,
"2025-01-15","TMO","Thermo Fisher Scientific, Inc.","NYSE","3464629","3520153","2182279","1.59",,
"2025-01-15","TMUS","T-Mobile US, Inc. Common Stock","NNM","15252931","14470380","3718355","4.10",,
"2025-01-15","TRV","The Travelers Companies, Inc.","NYSE","3214865","3296738","1404521","2.29",,
"2025-01-15","TSLA","Tesla, Inc. Common Stock","NNM","63254084","67379077","81212823","1.00",,
"2025-01-15","TXN","Texas Instruments Incorporated","NNM","18725873","20275642","5019044","3.73",,
"2025-01-15","UBER","Uber Technologies, Inc.","NYSE","59304921","52339722","27826018","2.13",,
"2025-01-15","UNH","UNITEDHEALTH GROUP INCORPORATE","NYSE","7397506","8180532","4420117","1.67",,
"2025-01-15","UNP","Union Pacific Corp.","NYSE","5109229","5392528","2387916","2.14",,
"2025-01-15","UPS","United Parcel Service, Inc. Cl","NYSE","12376281","11920443","4510293","2.74",,
"2025-01-15","URI","United Rentals, Inc.","NYSE","1574563","1657558","742609","2.12",,
"2025-01-15","USB","U.S. Bancorp","NYSE","22554259","22517187","8028983","2.81",,
"2025-01-15","V","VISA Inc.","NYSE","26370593","30261769","5876849","4.49",,
"2025-01-15","VLO","Valero Energy Corporation","NYSE","14523260","15232276","2974188","4.88",,
"2025-01-15","VRT","Vertiv Holdings Co Class A Com","NYSE","13608922","13150464","6236536","2.18",,
"2025-01-15","VRTX","Vertex Pharmaceuticals Incorpo","NNM","4394404","3955628","1538051","2.86",,
"2025-01-15","VZ","Verizon Communications","NYSE","57489757","57203572","23318145","2.47",,
"2025-01-15","WBD","Warner Bros. Discovery, Inc. S","NNM","77149526","80046562","28048194","2.75",,
"2025-01-15","WDC","Western Digital Corporation Co","NNM","21868285","20603680","4731081","4.62",,
"2025-01-15","WELL","Welltower Inc.","NYSE","9452618","9439187","2347187","4.03",,
"2025-01-15","WFC","Wells Fargo & Co.","NYSE","33210697","30063300","15932169","2.08",,
"2025-01-15","WM","Waste Management, Inc.","NYSE","3715597","3364175","1703268","2.18",,
"2025-01-15","WMB","Williams Companies Inc.","NYSE","17304006","17879736","6947923","2.49",,
"2025-01-15","WMT","Walmart Inc.","NYSE","33630496","34845036","14724652","2.28",,
"2025-01-15","XOM","Exxon Mobil Corporation","NYSE","39092463","40223318","15013464","2.60",,
"2021-04-30","AAPL","Apple Inc. Common Stock","NNM","82710348","127637729","81584876","1.01",,"R"
"2021-04-30","ABBV","ABBVIE INC.","NYSE","14886118","18705085","4964401","3.00",,
"2021-04-30","ABNB","Airbnb, Inc. Class A Common St","NNM","22563408","18985335","2969083","7.60",,
"2021-04-30","ABT","Abbott Laboratories","NYSE","13986254","14598473","5186021","2.70",,
"2021-04-30","ADBE","Adobe Inc. Common Stock","NNM","5424898","5290138","1631312","3.33",,
"2021-04-30","ADI","Analog Devices, Inc. Common St","NNM","36071373","36665238","2837765","12.71",,"R"
"2021-04-30","ADP","Automatic Data Processing, Inc","NNM","3767916","3834984","1455109","2.59",,
"2021-04-30","AEP","American Electric Power Compan","NNM","6933878","11686783","2581809","2.69",,
"2021-04-30","AFL","Aflac Inc.","NYSE","11152538","10749943","2705732","4.12",,
"2021-04-30","AJG","Arthur J. Gallagher & Co.","NYSE","2162386","2096927","593847","3.64",,
"2021-04-30","ALL","The Allstate Corporation","NYSE","4054647","4578800","1247567","3.25",,
"2021-04-30","AMAT","Applied Materials, Inc. Common","NNM","12181241","10829320","7831206","1.56",,
"2021-04-30","AMD","Advanced Micro Devices, Inc. C","NNM","85224498","82698029","47595706","1.79",,
"2021-04-30","AMGN","Amgen Inc. Common Stock","NNM","10614036","10966034","2742068","3.87",,
"2021-04-30","AMT","American Tower Corporation","NYSE","3160213","2736072","1340067","2.36",,
"2021-04-30","AMZN","Amazon.com, Inc. Common Stock","NNM","4772237","5736566","3404206","1.40",,"R"
"2021-04-30","ANET","Arista Networks","NYSE","1802288","1992627","273590","6.59",,
"2021-04-30","AON","Aon plc Class A","NYSE","25874247","23886925","1520358","17.02",,
"2021-04-30","APD","Air Products & Chemicals, Inc.","NYSE","1729404","2802787","679416","2.55",,
"2021-04-30","APH","Amphenol Corporation","NYSE","4872351","5133509","3081057","1.58",,
"2021-04-30","APO","Apollo Global Management, Inc.","NYSE","18186392","15450506","1901182","9.57",,
"2021-04-30","APP","Applovin Corporation Class A C","NNM","3523965","0","1775397","1.98",,
"2021-04-30","AVGO","Broadcom Inc. Common Stock","NNM","4017048","4928794","1807922","2.22",,
"2021-04-30","AXP","American Express Company","NYSE","6681433","6498564","2982655","2.24",,
"2021-04-30","BA","Boeing Company","NYSE","10616163","9859577","12193332","1.00",,"R"
"2021-04-30","BAC","Bank of America Corporation","NYSE","80352138","83482822","39592691","2.03",,
"2021-04-30","BKNG","Booking Holdings Inc. Common S","NNM","742922","837084","316310","2.35",,
"2021-04-30","BLK","Blackrock, Inc.","NYSE","1795253","2003292","435149","4.13",,
"2021-04-30","BMY","Bristol-Myers Squibb Co.","NYSE","20969548","18981117","11058988","1.90",,
"2021-04-30","BNY","BlackRock New York Municipal I","NYSE","12271","30750","93372","1.00",,
"2021-04-30","BRKA","Berkshire Hathaway Inc.","NYSE","556","583","1739","1.00",,
"2021-04-30","BRKB","BERKSHIRE HATHAWAY Class B","NYSE","8992062","9208474","3498050","2.57",,
"2021-04-30","BSX","Boston Scientific Corp.","NYSE","16618349","14611114","9618394","1.73",,
"2021-04-30","BX","The Blackstone Group Inc.","NYSE","8453481","6118057","3689592","2.29",,
"2021-04-30","C","Citigroup Inc.","NYSE","24595159","21299558","16655597","1.48",,
"2021-04-30","CAT","Caterpillar Inc.","NYSE","6104838","6340298","2430737","2.51",,
"2021-04-30","CDNS","Cadence Design Systems, Inc. C","NNM","2728695","3360720","2075142","1.31",,
"2021-04-30","CI","CIGNA Corporation","NYSE","5090661","4693274","1112308","4.58",,
"2021-04-30","CL","Colgate-Palmolive Company","NYSE","7770897","6802343","4037681","1.92",,
"2021-04-30","CMCSA","Comcast Corporation Class A Co","NNM","72102172","71234702","13910168","5.18",,
"2021-04-30","CME","CME Group Inc. Class A Common","NNM","5063789","4659718","1096374","4.62",,
"2021-04-30","CMI","Cummins Inc.","NYSE","3244796","3799077","895669","3.62",,
"2021-04-30","COF","Capital One Financial","NYSE","4434682","4399913","2655546","1.67",,
"2021-04-30","COP","ConocoPhillips","NYSE","12105521","12150393","7222710","1.68",,
"2021-04-30","COST","Costco Wholesale Corporation C","NNM","3889460","3723036","1656139","2.35",,
"2021-04-30","CRM","salesforce.com, inc.","NYSE","22624599","22518355","3926889","5.76",,"R"
"2021-04-30","CRWD","CrowdStrike Holdings, Inc. Cla","NNM","11984213","11679438","2906656","4.12",,
"2021-04-30","CSCO","Cisco Systems, Inc. Common Sto","NNM","44095877","51015548","15385308","2.87",,"R"
"2021-04-30","CSX","CSX Corporation Common Stock","NNM","6278480","6167346","3860324","1.63",,
"2021-04-30","CTAS","Cintas Corporation Common Stoc","NNM","798246","857148","282239","2.83",,
"2021-04-30","CVNA","Carvana Co.","NYSE","17987399","17255894","1005767","17.88",,
"2021-04-30","CVS","CVS HEALTH CORPORATION","NYSE","16379944","13334792","5177789","3.16",,"R"
"2021-04-30","CVX","Chevron Corporation","NYSE","17589422","14071091","7294218","2.41",,
"2021-04-30","D","Dominion Energy, Inc Common St","NYSE","8456041","9472635","2996297","2.82",,
"2021-04-30","DASH","DoorDash, Inc.","NYSE","13421158","12462716","1768707","7.59",,
"2021-04-30","DDOG","Datadog, Inc. Class A Common S","NNM","13809148","14121351","2221538","6.22",,
"2021-04-30","DE","Deere & Company","NYSE","2365173","2535862","1200355","1.97",,
"2021-04-30","DELL","Dell Technologies Inc.","NYSE","6857974","7617844","2367894","2.90",,
"2021-04-30","DHR","Danaher Corporation","NYSE","5792079","5197638","1974103","2.93",,"R"
"2021-04-30","DIS","The Walt Disney Company","NYSE","21514372","22996465","6537128","3.29",,"R"
"2021-04-30","DLR","Digital Realty Trust, Inc.","NYSE","8500300","8718828","1080262","7.87",,
"2021-04-30","DUK","Duke Energy Corporation","NYSE","6946156","9142531","2892744","2.40",,
"2021-04-30","ECL","Ecolab, Inc.","NYSE","2046871","2445721","821277","2.49",,
"2021-04-30","EMR","Emerson Electric Co.","NYSE","6985804","8509690","2021345","3.46",,
"2021-04-30","EOG","EOG Resources, Inc.","NYSE","9315434","10210394","2899444","3.21",,
"2021-04-30","EPD","Enterprise Products Partners L","NYSE","32720245","36797939","4455748","7.34",,
"2021-04-30","EQIX","Equinix, Inc. Common Stock REI","NNM","1101608","1316237","318854","3.45",,
"2021-04-30","FCX","Freeport-McMoran Inc.","NYSE","20547991","12289206","19436936","1.06",,
"2021-04-30","FDX","FedEx Corporation","NYSE","3135038","3214416","1827331","1.72",,
"2021-04-30","FTNT","Fortinet, Inc. Common Stock","NNM","2713610","3152506","891064","3.05",,
"2021-04-30","GD","General Dynamics Corporation","NYSE","2768273","2866939","1037181","2.67",,
"2021-04-30","GE","General Electric Company","NYSE","97486962","106875532","60958696","1.60",,
"2021-04-30","GILD","Gilead Sciences, Inc. Common S","NNM","28642716","26010103","6283387","4.56",,
"2021-04-30","GLW","Corning Incorporated","NYSE","7281543","8785068","3648791","2.00",,
"2021-04-30","GM","General Motors Company","NYSE","15191287","19894270","12819413","1.19",,
"2021-04-30","GOOG","Alphabet Inc. Class C Capital","NNM","2825801","2764570","1336575","2.11",,"R"
"2021-04-30","GOOGL","Alphabet Inc. Class A Common S","NNM","3024797","4171095","1601925","1.89",,
"2021-04-30","GS","Goldman Sachs Group Inc.","NYSE","4390274","5077241","2470134","1.78",,
"2021-04-30","GWW","W.W. Grainger, Inc.","NYSE","698855","966623","230023","3.04",,
"2021-04-30","HCA","HCA Healthcare, Inc.","NYSE","2584826","2476569","1541792","1.68",,
"2021-04-30","HD","Home Depot, Inc.","NYSE","9312320","10478315","3577497","2.60",,
"2021-04-30","HLT","Hilton Worldwide Holdings Inc.","NYSE","8416863","10014673","1496067","5.63",,
"2021-04-30","HON","Honeywell International, Inc.","NYSE","5376400","6630035","2632790","2.04",,
"2021-04-30","HPE","Hewlett Packard Enterprise Com","NYSE","24222914","28461691","13738418","1.76",,
"2021-04-30","HWM","Howmet Aerospace Inc.","NYSE","6191274","9479846","2399974","2.58",,
"2021-04-30","IBKR","Interactive Brokers Group, Inc","NNM","3503317","3423312","800349","4.38",,
"2021-04-30","IBM","International Business Machine","NYSE","28585173","27652123","6295891","4.54",,
"2021-04-30","ICE","Intercontinental Exchange  Inc","NYSE","3642278","3655815","1925879","1.89",,
"2021-04-30","INTC","Intel Corporation Common Stock","NNM","50068953","54563936","30881887","1.62",,"R"
"2021-04-30","INTU","Intuit Inc. Common Stock","NNM","2201223","2877264","751808","2.93",,"R"
"2021-04-30","ISRG","Intuitive Surgical, Inc. Commo","NNM","1127791","1213883","718663","1.57",,
"2021-04-30","ITW","Illinois Tool Works Inc.","NYSE","3129919","3899714","897108","3.49",,
"2021-04-30","JNJ","Johnson & Johnson","NYSE","15084209","15021787","7012800","2.15",,
"2021-04-30","JPM","JPMorgan Chase & Co.","NYSE","17737882","17934952","11496996","1.54",,
"2021-04-30","KKR","KKR & Co. Inc.","NYSE","9190940","9250032","1852540","4.96",,
"2021-04-30","KLAC","KLA Corporation Common Stock","NNM","2119436","2496508","1099896","1.93",,
"2021-04-30","KMI","Kinder Morgan, Inc.","NYSE","27749164","27944217","15054328","1.84",,
"2021-04-30","KO","Coca-Cola Company","NYSE","27740653","24787829","12271938","2.26",,
"2021-04-30","LIN","Linde plc Ordinary Share","NYSE","2890985","3589086","1158529","2.50",,
"2021-04-30","LLY","Eli Lilly & Co.","NYSE","8909984","6376547","3054270","2.92",,
"2021-04-30","LMT","Lockheed Martin Corp.","NYSE","3557050","4123895","1281286","2.78",,
"2021-04-30","LOW","Lowe's Companies Inc.","NYSE","6813324","7008627","3502618","1.95",,
"2021-04-30","LRCX","Lam Research Corporation Commo","NNM","2318662","2083845","1341087","1.73",,
"2021-04-30","MA","Mastercard Incorporated","NYSE","6213083","5676285","2811417","2.21",,
"2021-04-30","MAR","Marriott International Class A","NNM","6107840","6906520","1638320","3.73",,
"2021-04-30","MCD","McDonald's Corporation","NYSE","6335774","7265292","2174188","2.91",,
"2021-04-30","MCK","McKesson Corporation","NYSE","2707139","2736649","664574","4.07",,
"2021-04-30","MCO","Moody's Corporation","NYSE","1577625","1576652","884634","1.78",,
"2021-04-30","MDLZ","Mondelez International, Inc. C","NNM","12563841","11531577","7789629","1.61",,
"2021-04-30","MDT","Medtronic plc","NYSE","10706515","11663359","3795547","2.82",,
"2021-04-30","MMM","3M Company","NYSE","10020016","10277752","2323703","4.31",,
"2021-04-30","MNST","Monster Beverage Corporation","NNM","4721798","4944411","1538659","3.07",,
"2021-04-30","MO","Altria Group, Inc.","NYSE","11131275","11747539","15002591","1.00",,
"2021-04-30","MPC","MARATHON PETROLEUM CORPORATION","NYSE","29464878","33021274","4594628","6.41",,
"2021-04-30","MPWR","Monolithic Power Systems, Inc.","NNM","580416","643192","247389","2.35",,
"2021-04-30","MRK","Merck & Co., Inc.","NYSE","20471440","21022852","10840369","1.89",,
"2021-04-30","MRVL","Marvell Technology, Inc. Commo","NNM","17063361","45921901","10019873","1.70",,
"2021-04-30","MS","Morgan Stanley","NYSE","13186543","9934030","11139751","1.18",,
"2021-04-30","MSFT","Microsoft Corporation Common S","NNM","46696867","61156879","25184365","1.85",,
"2021-04-30","MSI","Motorola Solutions, Inc. New","NYSE","1759313","2125588","514077","3.42",,
"2021-04-30","MU","Micron Technology, Inc. Common","NNM","21386053","31776398","16922350","1.26",,
"2021-04-30","NEE","Nextra Energy, Inc.","NYSE","21168618","26503281","7019510","3.02",,
"2021-04-30","NEM","Newmont Corporation","NYSE","9004320","8372004","4992223","1.80",,
"2021-04-30","NET","Cloudflare, Inc. Class A commo","NYSE","13608891","13676195","3721712","3.66",,
"2021-04-30","NFLX","Netflix, Inc. Common Stock","NNM","9796027","10193314","6749888","1.45",,
"2021-04-30","NKE","Nike, Inc.","NYSE","14212341","11940941","6876097","2.07",,
"2021-04-30","NOC","Northrop Grumman Corp.","NYSE","2735266","3211416","880920","3.11",,
"2021-04-30","NOW","SERVICENOW, INC.","NYSE","2669537","2859149","1575004","1.69",,
"2021-04-30","NSC","Norfolk Southern Corp.","NYSE","2610533","3183441","1096301","2.38",,
"2021-04-30","NVDA","NVIDIA Corporation Common Stoc","NNM","6652001","9395933","5757322","1.16",,
"2021-04-30","O","Realty Income Corporation","NYSE","11976643","11937157","2546566","4.70",,
"2021-04-30","ORCL","Oracle Corp","NYSE","30491069","30772355","11338356","2.69",,
"2021-04-30","ORLY","O'Reilly Automotive, Inc. Comm","NNM","976213","1169514","453009","2.15",,
"2021-04-30","PANW","PALO ALTO NETWORKS, INC","NYSE","5043237","5101188","724374","6.96",,
"2021-04-30","PCAR","PACCAR Inc. Common Stock","NNM","4824992","5391667","1936497","2.49",,
"2021-04-30","PEP","PepsiCo, Inc. Common Stock","NNM","9663770","10015566","4885284","1.98",,
"2021-04-30","PFE","Pfizer Inc.","NYSE","58020780","60891029","25608171","2.27",,
"2021-04-30","PG","Procter & Gamble Company","NYSE","13250759","13368842","7333525","1.81",,
"2021-04-30","PGR","Progressive Corporation","NYSE","5756251","5540209","1909254","3.01",,
"2021-04-30","PH","Parker-Hannifin Corporation","NYSE","960257","1284521","658062","1.46",,
"2021-04-30","PLD","PROLOGIS, INC.","NYSE","8995060","7174118","2035263","4.42",,
"2021-04-30","PLTR","Palantir Technologies Inc. Cla","NYSE","61941430","55552982","35076921","1.77",,
"2021-04-30","PM","Philip Morris International In","NYSE","9683042","8607694","4497676","2.15",,
"2021-04-30","PNC","PNC Financial Services Group","NYSE","5302115","5843386","1677025","3.16",,
"2021-04-30","PSX","PHILLIPS 66","NYSE","9554156","8645082","2113931","4.52",,
"2021-04-30","PWR","Quanta Services, Inc.","NYSE","3059592","2587581","760205","4.02",,
"2021-04-30","QCOM","QUALCOMM Incorporated Common S","NNM","16718120","23301434","8955073","1.87",,
"2021-04-30","RCL","Royal Caribbean Group","NYSE","10099285","9803282","2841492","3.55",,
"2021-04-30","REGN","Regeneron Pharmaceuticals, Inc","NNM","2337512","2748057","698412","3.35",,
"2021-04-30","ROST","Ross Stores, Inc. Common Stock","NNM","3570599","3805868","1171947","3.05",,
"2021-04-30","RSG","Republic Services Inc.","NYSE","1933396","1922214","834145","2.32",,
"2021-04-30","RTX","Raytheon Technologies Corporat","NYSE","16711996","13109148","7113955","2.35",,
"2021-04-30","SBUX","Starbucks Corporation Common S","NNM","9619087","11761423","6166812","1.56",,
"2021-04-30","SCCO","Southern Copper Corporation","NYSE","4350313","4377882","1041831","4.18",,
"2021-04-30","SCHW","The Charles Schwab Corporation","NYSE","13658193","13260353","7378704","1.85",,
"2021-04-30","SHW","The Sherwin-Williams Company","NYSE","3411754","4538789","1220426","2.80",,
"2021-04-30","SNOW","Snowflake Inc.","NYSE","4998184","5696340","1733458","2.88",,
"2021-04-30","SNPS","Synopsys, Inc. Common Stock","NNM","1220554","1316389","678780","1.80",,
"2021-04-30","SO","The Southern Company","NYSE","10542680","11036497","3678601","2.87",,
"2021-04-30","SPCX","The SPAC and New Issue ETF","ARCA","545346","552318","85228","6.40",,
"2021-04-30","SPG","Simon Property Group, Inc.","NYSE","14291677","15313565","2340083","6.11",,
"2021-04-30","SPGI","S&P Global Inc.","NYSE","12808252","11948842","1222786","10.47",,
"2021-04-30","SYK","Stryker Corporation","NYSE","3097659","3116545","927466","3.34",,
"2021-04-30","T","AT&T Inc.","NYSE","117486976","128048460","37787538","3.11",,
"2021-04-30","TDG","TransDigm Group Incorporated","NYSE","2082108","1926392","213117","9.77",,
"2021-04-30","TFC","Truist Financial Corporation","NYSE","10967404","10270806","5045850","2.17",,
"2021-04-30","TGT","Target Corporation","NYSE","6907706","7676071","2323449","2.97",,
"2021-04-30","TJX","TJX Companies, Inc. (The)","NYSE","8993188","10227291","3829553","2.35",,
"2021-04-30","TMO","Thermo Fisher Scientific, Inc.","NYSE","3193923","3242189","1499381","2.13",,
"2021-04-30","TMUS","T-Mobile US, Inc. Common Stock","NNM","12310118","15764862","2761878","4.46",,
"2021-04-30","TRV","The Travelers Companies, Inc.","NYSE","4895173","4437883","1098365","4.46",,
"2021-04-30","TSLA","Tesla, Inc. Common Stock","NNM","41382433","51176090","28138768","1.47",,
"2021-04-30","TXN","Texas Instruments Incorporated","NNM","12962613","13112463","4463634","2.90",,
"2021-04-30","UBER","Uber Technologies, Inc.","NYSE","61281159","64721301","14462133","4.24",,
"2021-04-30","UNH","UNITEDHEALTH GROUP INCORPORATE","NYSE","7030190","6640571","2325986","3.02",,
"2021-04-30","UNP","Union Pacific Corp.","NYSE","6768706","8202089","2537698","2.67",,
"2021-04-30","UPS","United Parcel Service, Inc. Cl","NYSE","10392447","9839742","4424085","2.35",,"R"
"2021-04-30","URI","United Rentals, Inc.","NYSE","1888969","2249435","661459","2.86",,
"2021-04-30","USB","U.S. Bancorp","NYSE","12241954","11782227","6012969","2.04",,
"2021-04-30","V","VISA Inc.","NYSE","28466363","27829939","6465823","4.40",,
"2021-04-30","VLO","Valero Energy Corporation","NYSE","8355880","8147594","3265294","2.56",,
"2021-04-30","VRT","Vertiv Holdings Co Class A Com","NYSE","11818791","10989714","3514010","3.36",,
"2021-04-30","VRTX","Vertex Pharmaceuticals Incorpo","NNM","4633694","4894133","1317128","3.52",,
"2021-04-30","VZ","Verizon Communications","NYSE","40190843","45464855","15799509","2.54",,
"2021-04-30","WDC","Western Digital Corporation Co","NNM","5067585","5854744","3640583","1.39",,
"2021-04-30","WELL","Welltower Inc.","NYSE","5771941","6518064","1475790","3.91",,
"2021-04-30","WFC","Wells Fargo & Co.","NYSE","51467399","47709980","27932624","1.84",,
"2021-04-30","WM","Waste Management, Inc.","NYSE","4000640","4254487","1313721","3.05",,
"2021-04-30","WMB","Williams Companies Inc.","NYSE","20207310","22262955","6049977","3.34",,
"2021-04-30","WMT","Walmart Inc.","NYSE","12894482","14908188","6155326","2.09",,
"2021-04-30","XOM","Exxon Mobil Corporation","NYSE","45061396","48512824","18785003","2.40",,
"2024-12-13","AAPL","Apple Inc. Common Stock","NNM","156458273","154104746","39757888","3.94",,
"2024-12-13","ABBV","ABBVIE INC.","NYSE","18531930","19324304","5290162","3.50",,
"2024-12-13","ABNB","Airbnb, Inc. Class A Common St","NNM","15161502","14092465","4422769","3.43",,
"2024-12-13","ABT","Abbott Laboratories","NYSE","12100780","13568339","4426568","2.73",,
"2024-12-13","ADBE","Adobe Inc. Common Stock","NNM","6839335","5895669","5425489","1.26",,
"2024-12-13","ADI","Analog Devices, Inc. Common St","NNM","7506538","7362771","2866252","2.62",,
"2024-12-13","ADP","Automatic Data Processing, Inc","NNM","6076647","5492813","1928208","3.15",,
"2024-12-13","AEP","American Electric Power Compan","NNM","8643249","8179635","2312315","3.74",,
"2024-12-13","AFL","Aflac Inc.","NYSE","7886891","7862770","2159702","3.65",,
"2024-12-13","AJG","Arthur J. Gallagher & Co.","NYSE","7339170","2854929","3401566","2.16",,
"2024-12-13","ALL","The Allstate Corporation","NYSE","2315744","2374228","1456935","1.59",,
"2024-12-13","AMAT","Applied Materials, Inc. Common","NNM","17648989","17152492","7022454","2.51",,
"2024-12-13","AMD","Advanced Micro Devices, Inc. C","NNM","51636463","45029617","38658641","1.34",,
"2024-12-13","AMGN","Amgen Inc. Common Stock","NNM","11534229","11137469","3820318","3.02",,
"2024-12-13","AMT","American Tower Corporation","NYSE","4545159","4877735","2420722","1.88",,
"2024-12-13","AMZN","Amazon.com, Inc. Common Stock","NNM","83302458","80493150","37344481","2.23",,
"2024-12-13","ANET","Arista Networks","NYSE","13632358","2791243","5589527","2.44",,
"2024-12-13","AON","Aon plc Class A","NYSE","4287943","4790224","1269192","3.38",,
"2024-12-13","APD","Air Products & Chemicals, Inc.","NYSE","2803546","3380401","1042842","2.69",,
"2024-12-13","APH","Amphenol Corporation","NYSE","11707206","14977797","5293838","2.21",,
"2024-12-13","APO","Apollo Global Management, Inc.","NYSE","30418047","27221299","5932242","5.13",,
"2024-12-13","APP","Applovin Corporation Class A C","NNM","17564228","16937321","7309442","2.40",,
"2024-12-13","AVGO","Broadcom Inc. Common Stock","NNM","68550490","66375328","37186784","1.84",,
"2024-12-13","AXP","American Express Company","NYSE","8725963","8624748","2119625","4.12",,
"2024-12-13","BA","Boeing Company","NYSE","22878954","20789112","10497852","2.18",,
"2024-12-13","BAC","Bank of America Corporation","NYSE","75075582","74685555","32349708","2.32",,
"2024-12-13","BKNG","Booking Holdings Inc. Common S","NNM","696853","583446","199691","3.49",,
"2024-12-13","BLK","Blackrock, Inc.","NYSE","1580493","1926939","787474","2.01",,
"2024-12-13","BMY","Bristol-Myers Squibb Co.","NYSE","27657195","25600720","9037967","3.06",,
"2024-12-13","BNY","BlackRock New York Municipal I","NYSE","33058","34054","77833","1.00",,
"2024-12-13","BRKA","Berkshire Hathaway Inc.","NYSE","202","221","2010","1.00",,
"2024-12-13","BRKB","BERKSHIRE HATHAWAY Class B","NYSE","15249523","15066252","3781466","4.03",,
"2024-12-13","BSX","Boston Scientific Corp.","NYSE","12327400","12247383","3745322","3.29",,
"2024-12-13","BX","Blackstone Inc.","NYSE","15554855","16428899","2984820","5.21",,
"2024-12-13","C","Citigroup Inc.","NYSE","36139914","32899831","13493494","2.68",,
"2024-12-13","CAT","Caterpillar Inc.","NYSE","8656038","8878994","1656329","5.23",,
"2024-12-13","CDNS","Cadence Design Systems, Inc. C","NNM","4486112","3807736","1746321","2.57",,
"2024-12-13","CEG","Constellation Energy Corporati","NNM","5096740","6494375","2278701","2.24",,
"2024-12-13","CI","The Cigna Group","NYSE","4607862","3185262","2417178","1.91",,
"2024-12-13","CL","Colgate-Palmolive Company","NYSE","9285872","8913925","4243974","2.19",,
"2024-12-13","CMCSA","Comcast Corporation Class A Co","NNM","49985350","55181520","21103406","2.37",,
"2024-12-13","CME","CME Group Inc. Class A Common","NNM","4726046","4898451","2883932","1.64",,
"2024-12-13","CMI","Cummins Inc.","NYSE","1807916","1708302","728628","2.48",,
"2024-12-13","COF","Capital One Financial","NYSE","15598682","16257977","2425371","6.43",,
"2024-12-13","COP","ConocoPhillips","NYSE","13001893","14253779","6491324","2.00",,
"2024-12-13","COST","Costco Wholesale Corporation C","NNM","6454378","6588840","1967069","3.28",,
"2024-12-13","CRM","Salesforce, Inc.","NYSE","12236079","11699240","9112446","1.34",,
"2024-12-13","CRWD","CrowdStrike Holdings, Inc. Cla","NNM","8984100","8587778","3432277","2.62",,
"2024-12-13","CSCO","Cisco Systems, Inc. Common Sto","NNM","56833840","56745492","16680245","3.41",,
"2024-12-13","CSX","CSX Corporation Common Stock","NNM","34074265","28872217","11543103","2.95",,
"2024-12-13","CTAS","Cintas Corporation Common Stoc","NNM","5941219","5510883","1732480","3.43",,
"2024-12-13","CVNA","Carvana Co.","NYSE","12442417","13499907","2109519","5.90",,
"2024-12-13","CVS","CVS HEALTH CORPORATION","NYSE","19026084","17771960","12960089","1.47",,
"2024-12-13","CVX","Chevron Corporation","NYSE","63834990","63812468","8178552","7.81",,
"2024-12-13","D","Dominion Energy, Inc Common St","NYSE","17990883","17061940","5274869","3.41",,
"2024-12-13","DASH","DoorDash, Inc. Class A Common","NNM","10259034","9705170","2443980","4.20",,
"2024-12-13","DDOG","Datadog, Inc. Class A Common S","NNM","15406510","16023589","6065513","2.54",,
"2024-12-13","DE","Deere & Company","NYSE","4952603","5076184","1170194","4.23",,
"2024-12-13","DELL","Dell Technologies Inc.","NYSE","11734178","13890813","8564251","1.37",,
"2024-12-13","DHR","Danaher Corporation","NYSE","5734583","5419649","3332200","1.72",,
"2024-12-13","DIS","The Walt Disney Company","NYSE","20848811","18797277","7685112","2.71",,
"2024-12-13","DLR","Digital Realty Trust, Inc.","NYSE","6994152","6425811","1820805","3.84",,
"2024-12-13","DUK","Duke Energy Corporation","NYSE","9090211","10023376","3064309","2.97",,
"2024-12-13","ECL","Ecolab, Inc.","NYSE","1928939","2002914","999034","1.93",,
"2024-12-13","ELV","Elevance Health, Inc.","NYSE","3446396","2817457","2050105","1.68",,
"2024-12-13","EMR","Emerson Electric Co.","NYSE","12257153","11240879","2706463","4.53",,
"2024-12-13","EOG","EOG Resources, Inc.","NYSE","13248060","12908781","3028610","4.37",,
"2024-12-13","EPD","Enterprise Products Partners L","NYSE","22862104","22929656","4143182","5.52",,
"2024-12-13","EQIX","Equinix, Inc. Common Stock REI","NNM","1727703","1646773","411559","4.20",,
"2024-12-13","FCX","Freeport-McMoran Inc.","NYSE","24581851","23896876","12286330","2.00",,
"2024-12-13","FDX","FedEx Corporation","NYSE","3532151","4030388","1516489","2.33",,
"2024-12-13","FTNT","Fortinet, Inc. Common Stock","NNM","15278835","12754824","3742589","4.08",,
"2024-12-13","GD","General Dynamics Corporation","NYSE","3499932","3308504","1753580","2.00",,
"2024-12-13","GE","GE Aerospace","NYSE","11858237","11240383","5583345","2.12",,
"2024-12-13","GEV","GE Vernova Inc.","NYSE","6074870","5875855","3002394","2.02",,
"2024-12-13","GILD","Gilead Sciences, Inc. Common S","NNM","21977968","23413412","7090005","3.10",,
"2024-12-13","GLW","Corning Incorporated","NYSE","10681270","10022100","3996192","2.67",,
"2024-12-13","GM","General Motors Company","NYSE","36714128","34127526","10330171","3.55",,
"2024-12-13","GOOG","Alphabet Inc. Class C Capital","NNM","50032870","41658458","21773545","2.30",,
"2024-12-13","GOOGL","Alphabet Inc. Class A Common S","NNM","70957721","69788857","32579426","2.18",,
"2024-12-13","GS","Goldman Sachs Group Inc.","NYSE","4354292","5045866","1708173","2.55",,
"2024-12-13","GWW","W.W. Grainger, Inc.","NYSE","1578931","1596541","222017","7.11",,
"2024-12-13","HCA","HCA Healthcare, Inc.","NYSE","4775368","3526275","1303966","3.66",,
"2024-12-13","HD","Home Depot, Inc.","NYSE","11465624","10536862","3030096","3.78",,
"2024-12-13","HLT","Hilton Worldwide Holdings Inc.","NYSE","4206464","4550089","1376024","3.06",,
"2024-12-13","HON","Honeywell International Inc. C","NNM","8806866","8377716","3349868","2.63",,
"2024-12-13","HOOD","Robinhood Markets, Inc. Class","NNM","14643543","16365320","27688468","1.00",,
"2024-12-13","HPE","Hewlett Packard Enterprise Com","NYSE","40436825","34301023","17953485","2.25",,
"2024-12-13","HWM","Howmet Aerospace Inc.","NYSE","8473407","8130461","2298615","3.69",,
"2024-12-13","IBKR","Interactive Brokers Group, Inc","NNM","2001580","2331558","1206861","1.66",,
"2024-12-13","IBM","International Business Machine","NYSE","23135892","21147201","3962982","5.84",,
"2024-12-13","ICE","Intercontinental Exchange  Inc","NYSE","6418531","7055400","3269721","1.96",,
"2024-12-13","INTC","Intel Corporation Common Stock","NNM","105175582","113436506","99767088","1.05",,
"2024-12-13","INTU","Intuit Inc. Common Stock","NNM","3976591","3845378","1442988","2.76",,
"2024-12-13","ISRG","Intuitive Surgical, Inc. Commo","NNM","3698940","3463762","1136634","3.25",,
"2024-12-13","ITW","Illinois Tool Works Inc.","NYSE","5638239","5671357","724139","7.79",,
"2024-12-13","JNJ","Johnson & Johnson","NYSE","17572993","18540719","8799853","2.00",,
"2024-12-13","JPM","JPMorgan Chase & Co.","NYSE","29186698","30703075","7557174","3.86",,
"2024-12-13","KKR","KKR & Co. Inc.","NYSE","11553135","11136195","3803025","3.04",,
"2024-12-13","KLAC","KLA Corporation Common Stock","NNM","3236620","2985568","1126083","2.87",,
"2024-12-13","KMI","Kinder Morgan, Inc.","NYSE","44901788","41993333","11877389","3.78",,
"2024-12-13","KO","Coca-Cola Company","NYSE","34768358","28438280","20722163","1.68",,
"2024-12-13","LIN","Linde plc Ordinary Shares","NNM","5774611","5467063","2093146","2.76",,
"2024-12-13","LLY","Eli Lilly & Co.","NYSE","5791186","5836746","3028463","1.91",,
"2024-12-13","LMT","Lockheed Martin Corp.","NYSE","2825916","2399587","1275664","2.22",,
"2024-12-13","LOW","Lowe's Companies Inc.","NYSE","6806586","6309682","2299923","2.96",,
"2024-12-13","LRCX","Lam Research Corporation Commo","NNM","31838317","33697874","11461534","2.78",,
"2024-12-13","MA","Mastercard Incorporated","NYSE","5543874","6290468","2256202","2.46",,
"2024-12-13","MAR","Marriott International Class A","NNM","5331335","5467231","1057937","5.04",,
"2024-12-13","MCD","McDonald's Corporation","NYSE","9003934","9973736","3021843","2.98",,
"2024-12-13","MCK","McKesson Corporation","NYSE","2036992","1910720","772380","2.64",,
"2024-12-13","MCO","Moody's Corporation","NYSE","1483229","1621462","493596","3.00",,
"2024-12-13","MDLZ","Mondelez International, Inc. C","NNM","13746339","11341374","9911575","1.39",,
"2024-12-13","MDT","Medtronic plc","NYSE","11315871","10006993","5468931","2.07",,
"2024-12-13","META","Meta Platforms, Inc. Class A C","NNM","29331202","30451548","11579395","2.53",,
"2024-12-13","MMM","3M Company","NYSE","6029083","6340286","3002397","2.01",,
"2024-12-13","MNST","Monster Beverage Corporation","NNM","21822037","20536994","4585214","4.76",,
"2024-12-13","MO","Altria Group, Inc.","NYSE","28336534","28405931","7320816","3.87",,
"2024-12-13","MPC","MARATHON PETROLEUM CORPORATION","NYSE","8575831","7964977","2492108","3.44",,
"2024-12-13","MPWR","Monolithic Power Systems, Inc.","NNM","2324251","2092966","811782","2.86",,
"2024-12-13","MRK","Merck & Co., Inc.","NYSE","32027522","32788187","13075455","2.45",,
"2024-12-13","MRVL","Marvell Technology, Inc. Commo","NNM","25132820","20087228","23040893","1.09",,
"2024-12-13","MS","Morgan Stanley","NYSE","14043545","15327829","5935631","2.37",,
"2024-12-13","MSFT","Microsoft Corporation Common S","NNM","60224820","63089851","20111370","2.99",,
"2024-12-13","MSI","Motorola Solutions, Inc. New","NYSE","2036242","1480911","1092285","1.86",,
"2024-12-13","MU","Micron Technology, Inc. Common","NNM","33076611","33896317","17680312","1.87",,
"2024-12-13","NEE","Nextra Energy, Inc.","NYSE","35397570","33326206","8304932","4.26",,
"2024-12-13","NEM","Newmont Corporation","NYSE","18131278","16735639","9531700","1.90",,
"2024-12-13","NET","Cloudflare, Inc. Class A commo","NYSE","8381159","8281780","2878892","2.91",,
"2024-12-13","NFLX","Netflix, Inc. Common Stock","NNM","7237161","7421817","2729349","2.65",,
"2024-12-13","NKE","Nike, Inc.","NYSE","23851098","25281526","10921597","2.18",,
"2024-12-13","NOC","Northrop Grumman Corp.","NYSE","2042396","1634685","861211","2.37",,
"2024-12-13","NOW","SERVICENOW, INC.","NYSE","3596491","3213706","1248667","2.88",,
"2024-12-13","NSC","Norfolk Southern Corp.","NYSE","2281549","2156581","1186637","1.92",,
"2024-12-13","NVDA","NVIDIA Corporation Common Stoc","NNM","279745590","264082083","189494299","1.48",,
"2024-12-13","O","Realty Income Corporation","NYSE","14848258","18721346","4427852","3.35",,
"2024-12-13","ORCL","Oracle Corp","NYSE","20455487","20878491","11993851","1.71",,
"2024-12-13","ORLY","O'Reilly Automotive, Inc. Comm","NNM","812788","807407","282546","2.88",,
"2024-12-13","PANW","Palo Alto Networks, Inc. Commo","NNM","11389828","11093722","2065297","5.51",,
"2024-12-13","PCAR","PACCAR Inc. Common Stock","NNM","11193969","11088549","1892682","5.91",,
"2024-12-13","PEP","PepsiCo, Inc. Common Stock","NNM","20916137","19546465","6218201","3.36",,
"2024-12-13","PFE","Pfizer Inc.","NYSE","85365045","90384090","39901419","2.14",,
"2024-12-13","PG","Procter & Gamble Company","NYSE","17762347","20615176","5802187","3.06",,
"2024-12-13","PGR","Progressive Corporation","NYSE","4988689","4341071","3018853","1.65",,
"2024-12-13","PH","Parker-Hannifin Corporation","NYSE","1302727","1291223","510006","2.55",,
"2024-12-13","PLD","PROLOGIS, INC.","NYSE","12898796","10544815","3586919","3.60",,
"2024-12-13","PLTR","Palantir Technologies Inc. Cla","NNM","77284537","76144399","88657348","1.00",,
"2024-12-13","PM","Philip Morris International In","NYSE","11387352","9153539","4900637","2.32",,
"2024-12-13","PNC","PNC Financial Services Group","NYSE","4998517","5153816","1654447","3.02",,
"2024-12-13","PSX","PHILLIPS 66","NYSE","7409653","7185654","2675120","2.77",,
"2024-12-13","PWR","Quanta Services, Inc.","NYSE","4224704","4385723","1019294","4.14",,
"2024-12-13","QCOM","QUALCOMM Incorporated Common S","NNM","22882780","23667434","8011560","2.86",,
"2024-12-13","RCL","Royal Caribbean Group","NYSE","11674052","12555024","1912351","6.10",,
"2024-12-13","REGN","Regeneron Pharmaceuticals, Inc","NNM","1879771","1799097","849615","2.21",,
"2024-12-13","ROST","Ross Stores, Inc. Common Stock","NNM","4848187","4221656","2493324","1.94",,
"2024-12-13","RSG","Republic Services Inc.","NYSE","2214182","2115614","898291","2.46",,
"2024-12-13","RTX","RTX Corporation","NYSE","11732472","10682686","4417427","2.66",,
"2024-12-13","SBUX","Starbucks Corporation Common S","NNM","30374796","31748292","6798207","4.47",,
"2024-12-13","SCCO","Southern Copper Corporation","NYSE","6545646","6731812","820640","7.98",,
"2024-12-13","SCHW","The Charles Schwab Corporation","NYSE","15343352","17411809","7177307","2.14",,
"2024-12-13","SHW","The Sherwin-Williams Company","NYSE","5496477","5610280","1485481","3.70",,
"2024-12-13","SNOW","Snowflake Inc.","NYSE","12534836","13635416","6671791","1.88",,
"2024-12-13","SNPS","Synopsys, Inc. Common Stock","NNM","2830633","2840574","1714224","1.65",,
"2024-12-13","SO","The Southern Company","NYSE","18166503","19478090","3914358","4.64",,
"2024-12-13","SPCX","The SPAC and New Issue ETF","NNM","7518","7430","2669","2.82",,
"2024-12-13","SPG","Simon Property Group, Inc.","NYSE","5210349","4891000","1540882","3.38",,
"2024-12-13","SPGI","S&P Global Inc.","NYSE","3317389","4110184","1140381","2.91",,
"2024-12-13","SYK","Stryker Corporation","NYSE","4282615","4239818","1023977","4.18",,
"2024-12-13","T","AT&T Inc.","NYSE","106638743","122673722","38866212","2.74",,
"2024-12-13","TDG","TransDigm Group Incorporated","NYSE","883777","856836","273871","3.23",,
"2024-12-13","TFC","Truist Financial Corporation","NYSE","20288098","17981998","7685502","2.64",,
"2024-12-13","TGT","Target Corporation","NYSE","12668909","13779045","7068166","1.79",,
"2024-12-13","TJX","TJX Companies, Inc. (The)","NYSE","13220920","14545394","4955004","2.67",,
"2024-12-13","TMO","Thermo Fisher Scientific, Inc.","NYSE","3956381","3539109","2186515","1.81",,
"2024-12-13","TMUS","T-Mobile US, Inc. Common Stock","NNM","14496650","15111275","3489570","4.15",,
"2024-12-13","TRV","The Travelers Companies, Inc.","NYSE","2926390","3226551","1504567","1.95",,
"2024-12-13","TSLA","Tesla, Inc. Common Stock","NNM","80765425","77192871","82132352","1.00",,
"2024-12-13","TXN","Texas Instruments Incorporated","NNM","18655730","18691109","5362662","3.48",,
"2024-12-13","UBER","Uber Technologies, Inc.","NYSE","62095653","60349858","37069568","1.68",,
"2024-12-13","UNH","UNITEDHEALTH GROUP INCORPORATE","NYSE","6432331","7919756","6980481","1.00",,
"2024-12-13","UNP","Union Pacific Corp.","NYSE","5691905","5718171","2916768","1.95",,
"2024-12-13","UPS","United Parcel Service, Inc. Cl","NYSE","13333324","14001268","5291336","2.52",,
"2024-12-13","URI","United Rentals, Inc.","NYSE","1750592","1885029","519541","3.37",,
"2024-12-13","USB","U.S. Bancorp","NYSE","22922982","21596494","6164344","3.72",,
"2024-12-13","V","VISA Inc.","NYSE","25087968","23450156","4864024","5.16",,
"2024-12-13","VLO","Valero Energy Corporation","NYSE","14867010","14204870","2338266","6.36",,
"2024-12-13","VRT","Vertiv Holdings Co Class A Com","NYSE","12911420","15165357","6872914","1.88",,
"2024-12-13","VRTX","Vertex Pharmaceuticals Incorpo","NNM","3512605","3671223","1076276","3.26",,
"2024-12-13","VZ","Verizon Communications","NYSE","62359296","64407943","15198034","4.10",,
"2024-12-13","WBD","Warner Bros. Discovery, Inc. S","NNM","94757814","94788712","33332618","2.84",,
"2024-12-13","WDC","Western Digital Corporation Co","NNM","20847932","21744437","4762980","4.38",,
"2024-12-13","WELL","Welltower Inc.","NYSE","10094177","10685584","2590100","3.90",,
"2024-12-13","WFC","Wells Fargo & Co.","NYSE","37660024","39695990","14909193","2.53",,
"2024-12-13","WM","Waste Management, Inc.","NYSE","3292623","2576066","1636223","2.01",,
"2024-12-13","WMB","Williams Companies Inc.","NYSE","17092161","14560154","7848819","2.18",,
"2024-12-13","WMT","Walmart Inc.","NYSE","40037418","37914238","17256871","2.32",,
"2024-12-13","XOM","Exxon Mobil Corporation","NYSE","45251281","41121556","17433182","2.60",,
"2023-04-28","AAPL","Apple Inc. Common Stock","NNM","124657645","114987957","50671368","2.46",,
"2023-04-28","ABBV","ABBVIE INC.","NYSE","15646239","15143142","6241239","2.51",,
"2023-04-28","ABNB","Airbnb, Inc. Class A Common St","NNM","20979565","18688566","4463951","4.70",,
"2023-04-28","ABT","Abbott Laboratories","NYSE","11241109","12598207","6181020","1.82",,
"2023-04-28","ADBE","Adobe Inc. Common Stock","NNM","5544872","5192651","1974071","2.81",,
"2023-04-28","ADI","Analog Devices, Inc. Common St","NNM","5278576","5496295","2664063","1.98",,
"2023-04-28","ADP","Automatic Data Processing, Inc","NNM","4300972","4317460","1684859","2.55",,
"2023-04-28","AEP","American Electric Power Compan","NNM","6123218","6193216","2034361","3.01",,
"2023-04-28","AFL","Aflac Inc.","NYSE","8726263","8891032","2509768","3.48",,
"2023-04-28","AJG","Arthur J. Gallagher & Co.","NYSE","2152105","2105884","1038517","2.07",,
"2023-04-28","ALL","The Allstate Corporation","NYSE","2464067","2655308","1722181","1.43",,
"2023-04-28","AMAT","Applied Materials, Inc. Common","NNM","10369955","12183378","6510114","1.59",,
"2023-04-28","AMD","Advanced Micro Devices, Inc. C","NNM","27721747","29840045","46321177","1.00",,
"2023-04-28","AMGN","Amgen Inc. Common Stock","NNM","7613222","7986552","1796958","4.24",,
"2023-04-28","AMT","American Tower Corporation","NYSE","4176693","3846508","1712342","2.44",,
"2023-04-28","AMZN","Amazon.com, Inc. Common Stock","NNM","61476248","59071722","77007302","1.00",,
"2023-04-28","ANET","Arista Networks","NYSE","4040233","3263704","2251305","1.79",,
"2023-04-28","AON","Aon plc Class A","NYSE","2184017","2009752","1062289","2.06",,
"2023-04-28","APD","Air Products & Chemicals, Inc.","NYSE","1721789","1901874","727176","2.37",,
"2023-04-28","APH","Amphenol Corporation","NYSE","6318967","5933645","3381261","1.87",,
"2023-04-28","APO","Apollo Global Management, Inc.","NYSE","9639934","10012933","1870781","5.15",,
"2023-04-28","APP","Applovin Corporation Class A C","NNM","15231975","14492157","2246732","6.78",,
"2023-04-28","AVGO","Broadcom Inc. Common Stock","NNM","6078272","5398020","1699534","3.58",,
"2023-04-28","AXP","American Express Company","NYSE","6315058","5713896","3675828","1.72",,
"2023-04-28","BA","Boeing Company","NYSE","7749403","8236120","5098207","1.52",,
"2023-04-28","BAC","Bank of America Corporation","NYSE","93721347","92565820","55399018","1.69",,
"2023-04-28","BKNG","Booking Holdings Inc. Common S","NNM","718301","714448","260741","2.75",,
"2023-04-28","BLK","Blackrock, Inc.","NYSE","2185097","2156536","524501","4.17",,
"2023-04-28","BMY","Bristol-Myers Squibb Co.","NYSE","18924937","17875536","7300411","2.59",,
"2023-04-28","BNY","BlackRock New York Municipal I","NYSE","8306","5942","53118","1.00",,
"2023-04-28","BRKA","Berkshire Hathaway Inc.","NYSE","1178","1234","5168","1.00",,
"2023-04-28","BRKB","BERKSHIRE HATHAWAY Class B","NYSE","5784479","6346549","2765646","2.09",,
"2023-04-28","BSX","Boston Scientific Corp.","NYSE","17965415","15441244","12890913","1.39",,
"2023-04-28","BX","Blackstone Inc.","NYSE","24413446","24016478","4908535","4.97",,
"2023-04-28","C","Citigroup Inc.","NYSE","30511240","30232439","16121896","1.89",,
"2023-04-28","CAT","Caterpillar Inc.","NYSE","6576699","7239180","3286868","2.00",,
"2023-04-28","CDNS","Cadence Design Systems, Inc. C","NNM","3388415","3339348","1791799","1.89",,
"2023-04-28","CEG","Constellation Energy Corporati","NNM","6422951","6183145","1641106","3.91",,
"2023-04-28","CI","The Cigna Group","NYSE","3755689","2801604","1547358","2.43",,
"2023-04-28","CL","Colgate-Palmolive Company","NYSE","12678203","10612765","6299497","2.01",,
"2023-04-28","CMCSA","Comcast Corporation Class A Co","NNM","40543880","39727119","17969284","2.26",,
"2023-04-28","CME","CME Group Inc. Class A Common","NNM","4357606","4437030","1334408","3.27",,
"2023-04-28","CMI","Cummins Inc.","NYSE","1990738","2326981","667678","2.98",,
"2023-04-28","COF","Capital One Financial","NYSE","7656746","7716187","2873137","2.66",,
"2023-04-28","COP","ConocoPhillips","NYSE","11156923","12063615","5507419","2.03",,
"2023-04-28","COST","Costco Wholesale Corporation C","NNM","3499555","3755002","1528355","2.29",,
"2023-04-28","CRM","Salesforce, Inc.","NYSE","8531836","9135847","4459385","1.91",,
"2023-04-28","CRWD","CrowdStrike Holdings, Inc. Cla","NNM","7499883","7855619","3052766","2.46",,
"2023-04-28","CSCO","Cisco Systems, Inc. Common Sto","NNM","50426409","48271555","21920639","2.30",,
"2023-04-28","CSX","CSX Corporation Common Stock","NNM","18109568","19660712","15318908","1.18",,
"2023-04-28","CTAS","Cintas Corporation Common Stoc","NNM","1097218","1229887","320315","3.43",,
"2023-04-28","CVNA","Carvana Co.","NYSE","48887223","48442957","7265813","6.73",,
"2023-04-28","CVS","CVS HEALTH CORPORATION","NYSE","16891380","12753851","8486786","1.99",,
"2023-04-28","CVX","Chevron Corporation","NYSE","14208226","16239678","6895427","2.06",,
"2023-04-28","D","Dominion Energy, Inc Common St","NYSE","6125436","7278644","3859912","1.59",,
"2023-04-28","DASH","DoorDash, Inc.","NYSE","19347490","19344749","2990759","6.47",,
"2023-04-28","DDOG","Datadog, Inc. Class A Common S","NNM","9950365","11693882","4965956","2.00",,
"2023-04-28","DE","Deere & Company","NYSE","2874706","2811119","1623894","1.77",,
"2023-04-28","DELL","Dell Technologies Inc.","NYSE","10646661","7849365","4676139","2.28",,
"2023-04-28","DHR","Danaher Corporation","NYSE","4633891","4487887","4597362","1.01",,
"2023-04-28","DIS","The Walt Disney Company","NYSE","18141781","19170368","8682209","2.09",,
"2023-04-28","DLR","Digital Realty Trust, Inc.","NYSE","15571174","15543525","2886277","5.39",,
"2023-04-28","DUK","Duke Energy Corporation","NYSE","7792918","8717148","2237214","3.48",,
"2023-04-28","ECL","Ecolab, Inc.","NYSE","1754018","1821630","841793","2.08",,
"2023-04-28","ELV","Elevance Health, Inc.","NYSE","1977320","1635716","1421841","1.39",,
"2023-04-28","EMR","Emerson Electric Co.","NYSE","5266656","5188173","3578410","1.47",,
"2023-04-28","EOG","EOG Resources, Inc.","NYSE","7849088","9616303","2856355","2.75",,
"2023-04-28","EPD","Enterprise Products Partners L","NYSE","12545383","12992980","3962083","3.17",,
"2023-04-28","EQIX","Equinix, Inc. Common Stock REI","NNM","1615169","1610349","318659","5.07",,
"2023-04-28","FCX","Freeport-McMoran Inc.","NYSE","20296676","19691826","13624918","1.49",,
"2023-04-28","FDX","FedEx Corporation","NYSE","4084665","4655871","1618712","2.52",,
"2023-04-28","FTNT","Fortinet, Inc. Common Stock","NNM","11404385","11966848","3769429","3.03",,
"2023-04-28","GD","General Dynamics Corporation","NYSE","3349495","2868289","1312993","2.55",,
"2023-04-28","GE","General Electric Company","NYSE","15511092","16379373","6427884","2.41",,
"2023-04-28","GILD","Gilead Sciences, Inc. Common S","NNM","19278956","15250561","6133259","3.14",,
"2023-04-28","GLW","Corning Incorporated","NYSE","6962344","8684354","6239045","1.12",,
"2023-04-28","GM","General Motors Company","NYSE","32539926","26346740","16325214","1.99",,
"2023-04-28","GOOG","Alphabet Inc. Class C Capital","NNM","34626603","32145546","26020846","1.33",,
"2023-04-28","GOOGL","Alphabet Inc. Class A Common S","NNM","47245258","46238501","34754253","1.36",,
"2023-04-28","GS","Goldman Sachs Group Inc.","NYSE","3603389","3568807","2731277","1.32",,
"2023-04-28","GWW","W.W. Grainger, Inc.","NYSE","1123600","1157108","280618","4.00",,
"2023-04-28","HCA","HCA Healthcare, Inc.","NYSE","2209470","1991961","1863642","1.19",,
"2023-04-28","HD","Home Depot, Inc.","NYSE","14059718","14112296","3351714","4.19",,
"2023-04-28","HLT","Hilton Worldwide Holdings Inc.","NYSE","4308908","4313814","1932455","2.23",,
"2023-04-28","HON","Honeywell International Inc. C","NNM","4914314","6143654","2385808","2.06",,
"2023-04-28","HOOD","Robinhood Markets, Inc. Class","NNM","34103851","35320000","5121257","6.66",,
"2023-04-28","HPE","Hewlett Packard Enterprise Com","NYSE","29481376","29982370","10459041","2.82",,
"2023-04-28","HWM","Howmet Aerospace Inc.","NYSE","4218186","4529659","2447819","1.72",,
"2023-04-28","IBKR","Interactive Brokers Group, Inc","NNM","1476881","1499767","1145900","1.29",,
"2023-04-28","IBM","International Business Machine","NYSE","26108365","24682942","5100146","5.12",,
"2023-04-28","ICE","Intercontinental Exchange  Inc","NYSE","4567376","4904076","1973089","2.31",,
"2023-04-28","INTC","Intel Corporation Common Stock","NNM","56787929","69785497","39729075","1.43",,
"2023-04-28","INTU","Intuit Inc. Common Stock","NNM","3730895","3863414","1430447","2.61",,
"2023-04-28","ISRG","Intuitive Surgical, Inc. Commo","NNM","2813016","2416195","2448414","1.15",,
"2023-04-28","ITW","Illinois Tool Works Inc.","NYSE","5959361","6143469","867057","6.87",,
"2023-04-28","JNJ","Johnson & Johnson","NYSE","12739987","14066776","7470763","1.71",,
"2023-04-28","JPM","JPMorgan Chase & Co.","NYSE","18681417","17185476","11293901","1.65",,
"2023-04-28","KKR","KKR & Co. Inc.","NYSE","9120260","9079148","2727873","3.34",,
"2023-04-28","KLAC","KLA Corporation Common Stock","NNM","1908340","2034341","1221685","1.56",,
"2023-04-28","KMI","Kinder Morgan, Inc.","NYSE","37997197","44111558","12195530","3.12",,
"2023-04-28","KO","Coca-Cola Company","NYSE","24379079","24615233","12090923","2.02",,
"2023-04-28","LIN","Linde plc Ordinary Share","NYSE","3353649","3081293","1524963","2.20",,
"2023-04-28","LLY","Eli Lilly & Co.","NYSE","6198527","7571148","3080855","2.01",,
"2023-04-28","LMT","Lockheed Martin Corp.","NYSE","1996352","1912379","1293264","1.54",,
"2023-04-28","LOW","Lowe's Companies Inc.","NYSE","8513412","8373783","2724974","3.12",,
"2023-04-28","LRCX","Lam Research Corporation Commo","NNM","2610253","2872059","1599764","1.63",,
"2023-04-28","MA","Mastercard Incorporated","NYSE","4929704","4952638","2567189","1.92",,
"2023-04-28","MAR","Marriott International Class A","NNM","5656538","4830077","1787367","3.16",,
"2023-04-28","MCD","McDonald's Corporation","NYSE","6589498","6536927","2926802","2.25",,
"2023-04-28","MCK","McKesson Corporation","NYSE","2043273","1999285","807045","2.53",,
"2023-04-28","MCO","Moody's Corporation","NYSE","2552300","2532916","713005","3.58",,
"2023-04-28","MDLZ","Mondelez International, Inc. C","NNM","14145284","14162720","6146876","2.30",,
"2023-04-28","MDT","Medtronic plc","NYSE","11409019","8184128","8204140","1.39",,
"2023-04-28","META","Meta Platforms, Inc. Class A C","NNM","27160811","28148029","26487973","1.03",,
"2023-04-28","MMM","3M Company","NYSE","12291984","13043151","3450886","3.56",,
"2023-04-28","MNST","Monster Beverage Corporation","NNM","10942657","10800191","3207307","3.41",,
"2023-04-28","MO","Altria Group, Inc.","NYSE","16533330","15197972","7967751","2.08",,
"2023-04-28","MPC","MARATHON PETROLEUM CORPORATION","NYSE","11978190","11516305","3646033","3.29",,
"2023-04-28","MPWR","Monolithic Power Systems, Inc.","NNM","2183318","2344959","372124","5.87",,
"2023-04-28","MRK","Merck & Co., Inc.","NYSE","19104521","21337832","6252115","3.06",,
"2023-04-28","MRVL","Marvell Technology, Inc. Commo","NNM","24207135","16077333","11401118","2.12",,
"2023-04-28","MS","Morgan Stanley","NYSE","21840539","18538097","7628824","2.86",,
"2023-04-28","MSFT","Microsoft Corporation Common S","NNM","44308393","40038879","32553044","1.36",,
"2023-04-28","MSI","Motorola Solutions, Inc. New","NYSE","1262374","1283554","635344","1.99",,
"2023-04-28","MU","Micron Technology, Inc. Common","NNM","25920841","26482086","14517995","1.79",,
"2023-04-28","NEE","Nextra Energy, Inc.","NYSE","15047517","15606671","7084098","2.12",,
"2023-04-28","NEM","Newmont Corporation","NYSE","16693029","16493323","7064644","2.36",,
"2023-04-28","NET","Cloudflare, Inc. Class A commo","NYSE","19080088","20235169","6968708","2.74",,
"2023-04-28","NFLX","Netflix, Inc. Common Stock","NNM","8396268","8040531","8748093","1.00",,
"2023-04-28","NKE","Nike, Inc.","NYSE","11721758","12077757","3971753","2.95",,
"2023-04-28","NOC","Northrop Grumman Corp.","NYSE","1450584","1437804","864641","1.68",,
"2023-04-28","NOW","SERVICENOW, INC.","NYSE","3629603","3779706","1879046","1.93",,
"2023-04-28","NSC","Norfolk Southern Corp.","NYSE","2939654","3540192","1512563","1.94",,
"2023-04-28","NVDA","NVIDIA Corporation Common Stoc","NNM","32599217","33783023","38466036","1.00",,
"2023-04-28","O","Realty Income Corporation","NYSE","24381332","23317714","3007792","8.11",,
"2023-04-28","ORCL","Oracle Corp","NYSE","14580959","16334392","6109019","2.39",,
"2023-04-28","ORLY","O'Reilly Automotive, Inc. Comm","NNM","978026","976794","371460","2.63",,
"2023-04-28","PANW","Palo Alto Networks, Inc. Commo","NNM","18851587","18075057","2629028","7.17",,
"2023-04-28","PCAR","PACCAR Inc. Common Stock","NNM","8174820","8703102","4176806","1.96",,
"2023-04-28","PEP","PepsiCo, Inc. Common Stock","NNM","11908488","11439926","3882528","3.07",,
"2023-04-28","PFE","Pfizer Inc.","NYSE","43867104","41369976","20070000","2.19",,
"2023-04-28","PG","Procter & Gamble Company","NYSE","15745491","13136122","6439596","2.45",,
"2023-04-28","PGR","Progressive Corporation","NYSE","3735122","3761904","2164710","1.73",,
"2023-04-28","PH","Parker-Hannifin Corporation","NYSE","1536096","1696282","670173","2.29",,
"2023-04-28","PLD","PROLOGIS, INC.","NYSE","12186720","12345793","3080253","3.96",,
"2023-04-28","PLTR","Palantir Technologies Inc. Cla","NYSE","123515705","130068122","21388222","5.77",,
"2023-04-28","PM","Philip Morris International In","NYSE","7330467","7425116","4315874","1.70",,
"2023-04-28","PNC","PNC Financial Services Group","NYSE","7191351","5797190","4518164","1.59",,
"2023-04-28","PSX","PHILLIPS 66","NYSE","10021034","9521170","3102746","3.23",,
"2023-04-28","PWR","Quanta Services, Inc.","NYSE","4059732","4815508","584195","6.95",,
"2023-04-28","QCOM","QUALCOMM Incorporated Common S","NNM","9389968","10035013","5683223","1.65",,
"2023-04-28","RCL","Royal Caribbean Group","NYSE","18493610","17804295","2923528","6.33",,
"2023-04-28","REGN","Regeneron Pharmaceuticals, Inc","NNM","1178357","1213046","481789","2.45",,
"2023-04-28","ROST","Ross Stores, Inc. Common Stock","NNM","5787976","5627559","1567804","3.69",,
"2023-04-28","RSG","Republic Services Inc.","NYSE","1847917","1756709","1215858","1.52",,
"2023-04-28","RTX","Raytheon Technologies Corporat","NYSE","9243520","9136066","4191388","2.21",,
"2023-04-28","SBUX","Starbucks Corporation Common S","NNM","14600990","12371042","5970236","2.45",,
"2023-04-28","SCCO","Southern Copper Corporation","NYSE","4791130","5710295","1254166","3.82",,
"2023-04-28","SCHW","The Charles Schwab Corporation","NYSE","30920816","28545538","23379873","1.32",,
"2023-04-28","SHW","The Sherwin-Williams Company","NYSE","2512961","2472802","1531520","1.64",,
"2023-04-28","SNOW","Snowflake Inc.","NYSE","13203026","12700705","4859393","2.72",,
"2023-04-28","SNPS","Synopsys, Inc. Common Stock","NNM","1345358","1548544","566326","2.38",,
"2023-04-28","SO","The Southern Company","NYSE","15103110","15719075","3480287","4.34",,
"2023-04-28","SPCX","The SPAC and New Issue ETF","NNM","35425","36078","1181","30.00",,
"2023-04-28","SPG","Simon Property Group, Inc.","NYSE","6081856","6529110","1031953","5.89",,
"2023-04-28","SPGI","S&P Global Inc.","NYSE","2184893","2586813","1199717","1.82",,
"2023-04-28","SYK","Stryker Corporation","NYSE","3951660","4445623","1260917","3.13",,
"2023-04-28","T","AT&T Inc.","NYSE","82983111","86295975","51699234","1.61",,
"2023-04-28","TDG","TransDigm Group Incorporated","NYSE","1149104","1191409","218329","5.26",,
"2023-04-28","TFC","Truist Financial Corporation","NYSE","29571171","29084313","14355445","2.06",,
"2023-04-28","TGT","Target Corporation","NYSE","10125487","10432224","2708391","3.74",,
"2023-04-28","TJX","TJX Companies, Inc. (The)","NYSE","6561623","6642405","4046336","1.62",,
"2023-04-28","TMO","Thermo Fisher Scientific, Inc.","NYSE","3057415","2947256","1801768","1.70",,
"2023-04-28","TMUS","T-Mobile US, Inc. Common Stock","NNM","28121482","31337535","5248872","5.36",,
"2023-04-28","TRV","The Travelers Companies, Inc.","NYSE","2807213","3112355","1629253","1.72",,
"2023-04-28","TSLA","Tesla, Inc. Common Stock","NNM","95005307","88567444","133310830","1.00",,
"2023-04-28","TXN","Texas Instruments Incorporated","NNM","18860822","19218064","5237133","3.60",,
"2023-04-28","UBER","Uber Technologies, Inc.","NYSE","52883267","55138859","21609927","2.45",,
"2023-04-28","UNH","UNITEDHEALTH GROUP INCORPORATE","NYSE","5215746","5205242","3221240","1.62",,
"2023-04-28","UNP","Union Pacific Corp.","NYSE","4534761","5196562","2856541","1.59",,
"2023-04-28","UPS","United Parcel Service, Inc. Cl","NYSE","12959244","14000160","4387177","2.95",,
"2023-04-28","URI","United Rentals, Inc.","NYSE","2900347","2814991","1056526","2.75",,
"2023-04-28","USB","U.S. Bancorp","NYSE","35843296","25929496","21291324","1.68",,
"2023-04-28","V","VISA Inc.","NYSE","30989291","31328236","6754934","4.59",,
"2023-04-28","VLO","Valero Energy Corporation","NYSE","10525768","10957839","4919855","2.14",,
"2023-04-28","VRT","Vertiv Holdings Co Class A Com","NYSE","10094102","11237803","5488746","1.84",,
"2023-04-28","VRTX","Vertex Pharmaceuticals Incorpo","NNM","3235493","3379762","1142131","2.83",,
"2023-04-28","VZ","Verizon Communications","NYSE","43680097","40672122","21606724","2.02",,
"2023-04-28","WBD","Warner Bros. Discovery, Inc. S","NNM","62235446","68544029","16227384","3.84",,
"2023-04-28","WDC","Western Digital Corporation Co","NNM","8184962","7060619","3434374","2.38",,
"2023-04-28","WELL","Welltower Inc.","NYSE","13083360","12991017","1828178","7.16",,
"2023-04-28","WFC","Wells Fargo & Co.","NYSE","35156672","35310534","23274881","1.51",,
"2023-04-28","WM","Waste Management, Inc.","NYSE","4971135","5979952","1613359","3.08",,
"2023-04-28","WMB","Williams Companies Inc.","NYSE","21508290","23372451","4783943","4.50",,
"2023-04-28","WMT","Walmart Inc.","NYSE","10924565","12272796","5058230","2.16",,
"2023-04-28","XOM","Exxon Mobil Corporation","NYSE","40579803","37818574","15697153","2.59",,
"2021-04-15","AAPL","Apple Inc. Common Stock","NNM","127937929","99488771","79235398","1.61",,"R"
"2021-04-15","ABBV","ABBVIE INC.","NYSE","18705085","15802515","6367460","2.94",,"R"
"2021-04-15","ABNB","Airbnb, Inc. Class A Common St","NNM","18985335","16430214","3027481","6.27",,
"2021-04-15","ABT","Abbott Laboratories","NYSE","14598473","13444315","4024791","3.63",,"R"
"2021-04-15","ADBE","Adobe Inc. Common Stock","NNM","5290138","5138829","1867227","2.83",,"R"
"2021-04-15","ADI","Analog Devices, Inc. Common St","NNM","36910638","36570662","2058532","17.93",,
"2021-04-15","ADP","Automatic Data Processing, Inc","NNM","3834984","4777752","1421271","2.70",,
"2021-04-15","AEP","American Electric Power Compan","NNM","11686783","7771403","2156063","5.42",,
"2021-04-15","AFL","Aflac Inc.","NYSE","10749943","10285091","2316381","4.64",,
"2021-04-15","AJG","Arthur J. Gallagher & Co.","NYSE","2096927","2606727","661308","3.17",,
"2021-04-15","ALL","The Allstate Corporation","NYSE","4578800","5246223","1533517","2.99",,
"2021-04-15","AMAT","Applied Materials, Inc. Common","NNM","10829320","11767289","10891772","1.00",,"R"
"2021-04-15","AMD","Advanced Micro Devices, Inc. C","NNM","82698029","81563521","34619160","2.39",,
"2021-04-15","AMGN","Amgen Inc. Common Stock","NNM","10966034","11339856","1623370","6.76",,"R"
"2021-04-15","AMT","American Tower Corporation","NYSE","2736072","3296352","1638144","1.67",,"R"
"2021-04-15","AMZN","Amazon.com, Inc. Common Stock","NNM","5755866","4973512","2897523","1.99",,"R"
"2021-04-15","ANET","Arista Networks","NYSE","1992627","2115592","295859","6.74",,
"2021-04-15","AON","Aon plc Class A","NYSE","23886925","22896477","1203411","19.85",,
"2021-04-15","APD","Air Products & Chemicals, Inc.","NYSE","2802787","1623416","717315","3.91",,"R"
"2021-04-15","APH","Amphenol Corporation","NYSE","5133509","4495111","2552785","2.01",,
"2021-04-15","APO","Apollo Global Management, Inc.","NYSE","15450506","13185990","2054470","7.52",,
"2021-04-15","AVGO","Broadcom Inc. Common Stock","NNM","4928794","6362269","1674070","2.94",,"R"
"2021-04-15","AXP","American Express Company","NYSE","6498564","6676848","2106265","3.09",,
"2021-04-15","BA","Boeing Company","NYSE","9862577","9493670","10689348","1.00",,"R"
"2021-04-15","BAC","Bank of America Corporation","NYSE","83482822","84615844","43713962","1.91",,"R"
"2021-04-15","BKNG","Booking Holdings Inc. Common S","NNM","837084","821262","396428","2.11",,"R"
"2021-04-15","BLK","Blackrock, Inc.","NYSE","2003292","2086680","456706","4.39",,
"2021-04-15","BMY","Bristol-Myers Squibb Co.","NYSE","18981117","16311633","8836473","2.15",,"R"
"2021-04-15","BNY","BlackRock New York Municipal I","NYSE","30750","77165","59012","1.00",,
"2021-04-15","BRKA","Berkshire Hathaway Inc.","NYSE","583","871","1300","1.00",,
"2021-04-15","BRKB","BERKSHIRE HATHAWAY Class B","NYSE","9208474","10878431","3742406","2.46",,"R"
"2021-04-15","BSX","Boston Scientific Corp.","NYSE","14611114","14326499","4734303","3.09",,"R"
"2021-04-15","BX","The Blackstone Group Inc.","NYSE","6118057","6609418","1810421","3.38",,
"2021-04-15","C","Citigroup Inc.","NYSE","21299558","24113285","13426195","1.59",,"R"
"2021-04-15","CAT","Caterpillar Inc.","NYSE","6340298","6255685","2228220","2.85",,"R"
"2021-04-15","CDNS","Cadence Design Systems, Inc. C","NNM","3360720","4174107","1249973","2.69",,
"2021-04-15","CI","CIGNA Corporation","NYSE","4693274","4477242","1326575","3.54",,"R"
"2021-04-15","CL","Colgate-Palmolive Company","NYSE","6802343","6924602","3711538","1.83",,"R"
"2021-04-15","CMCSA","Comcast Corporation Class A Co","NNM","71234702","76070585","13699493","5.20",,"R"
"2021-04-15","CME","CME Group Inc. Class A Common","NNM","4659718","5260918","1019946","4.57",,
"2021-04-15","CMI","Cummins Inc.","NYSE","3799077","2575605","914138","4.16",,
"2021-04-15","COF","Capital One Financial","NYSE","4399913","4797304","2118781","2.08",,
"2021-04-15","COP","ConocoPhillips","NYSE","12150393","13919488","7987936","1.52",,
"2021-04-15","COST","Costco Wholesale Corporation C","NNM","3723036","4152458","1908861","1.95",,"R"
"2021-04-15","CRM","salesforce.com, inc.","NYSE","22738355","18952221","5287731","4.30",,
"2021-04-15","CRWD","CrowdStrike Holdings, Inc. Cla","NNM","11679438","10920572","3402057","3.43",,
"2021-04-15","CSCO","Cisco Systems, Inc. Common Sto","NNM","51222248","53276821","14168096","3.62",,"R"
"2021-04-15","CSX","CSX Corporation Common Stock","NNM","6167346","7051972","2235941","2.76",,"R"
"2021-04-15","CTAS","Cintas Corporation Common Stoc","NNM","857148","918865","307331","2.79",,
"2021-04-15","CVNA","Carvana Co.","NYSE","17255894","16692389","802100","21.51",,
"2021-04-15","CVS","CVS HEALTH CORPORATION","NYSE","14607992","14560468","4689205","3.12",,"R"
"2021-04-15","CVX","Chevron Corporation","NYSE","14071091","15739800","7335011","1.92",,"R"
"2021-04-15","D","Dominion Energy, Inc Common St","NYSE","9472635","9473092","2462474","3.85",,
"2021-04-15","DASH","DoorDash, Inc.","NYSE","12462716","13922372","2661268","4.68",,
"2021-04-15","DDOG","Datadog, Inc. Class A Common S","NNM","14121351","16934722","3124765","4.52",,
"2021-04-15","DE","Deere & Company","NYSE","2535862","2933268","1129384","2.25",,
"2021-04-15","DELL","Dell Technologies Inc.","NYSE","7617844","7418266","2195783","3.47",,
"2021-04-15","DHR","Danaher Corporation","NYSE","5307338","4573256","2343752","2.26",,"R"
"2021-04-15","DIS","The Walt Disney Company","NYSE","23278065","20722946","6575081","3.54",,"R"
"2021-04-15","DLR","Digital Realty Trust, Inc.","NYSE","8718828","7311920","1147961","7.60",,
"2021-04-15","DUK","Duke Energy Corporation","NYSE","9142531","8450040","2990081","3.06",,
"2021-04-15","ECL","Ecolab, Inc.","NYSE","2445721","2163218","646598","3.78",,
"2021-04-15","EMR","Emerson Electric Co.","NYSE","8509690","7777214","2626392","3.24",,
"2021-04-15","EOG","EOG Resources, Inc.","NYSE","10210394","11800865","3583533","2.85",,
"2021-04-15","EPD","Enterprise Products Partners L","NYSE","36797939","35367632","4889482","7.53",,
"2021-04-15","EQIX","Equinix, Inc. Common Stock REI","NNM","1316237","1177037","370287","3.55",,"R"
"2021-04-15","FCX","Freeport-McMoran Inc.","NYSE","12289206","19399366","16575157","1.00",,
"2021-04-15","FDX","FedEx Corporation","NYSE","3214416","3407708","1494917","2.15",,"R"
"2021-04-15","FTNT","Fortinet, Inc. Common Stock","NNM","3152506","3971562","803047","3.93",,
"2021-04-15","GD","General Dynamics Corporation","NYSE","2866939","3212541","929524","3.08",,
"2021-04-15","GE","General Electric Company","NYSE","106875532","96210429","46784511","2.28",,"R"
"2021-04-15","GILD","Gilead Sciences, Inc. Common S","NNM","26010103","23000904","5670045","4.59",,"R"
"2021-04-15","GLW","Corning Incorporated","NYSE","8785068","9881778","3732986","2.35",,
"2021-04-15","GM","General Motors Company","NYSE","19894270","17966647","17256756","1.15",,
"2021-04-15","GOOG","Alphabet Inc. Class C Capital","NNM","2804170","2778924","1261551","2.22",,"R"
"2021-04-15","GOOGL","Alphabet Inc. Class A Common S","NNM","4171095","2969581","1366099","3.05",,"R"
"2021-04-15","GS","Goldman Sachs Group Inc.","NYSE","5077241","4720704","3037460","1.67",,"R"
"2021-04-15","GWW","W.W. Grainger, Inc.","NYSE","966623","816632","225716","4.28",,
"2021-04-15","HCA","HCA Healthcare, Inc.","NYSE","2476569","2858287","1183821","2.09",,"R"
"2021-04-15","HD","Home Depot, Inc.","NYSE","10478315","9938490","3568493","2.94",,"R"
"2021-04-15","HLT","Hilton Worldwide Holdings Inc.","NYSE","10014673","8390600","1814729","5.52",,
"2021-04-15","HON","Honeywell International, Inc.","NYSE","6630035","6709832","2141260","3.10",,"R"
"2021-04-15","HPE","Hewlett Packard Enterprise Com","NYSE","28461691","31032856","8395882","3.39",,
"2021-04-15","HWM","Howmet Aerospace Inc.","NYSE","9479846","10502479","2500433","3.79",,
"2021-04-15","IBKR","Interactive Brokers Group, Inc","NNM","3423312","3490214","662741","5.17",,
"2021-04-15","IBM","International Business Machine","NYSE","27652123","27009286","4090956","6.76",,
"2021-04-15","ICE","Intercontinental Exchange  Inc","NYSE","3655815","4411772","1793477","2.04",,
"2021-04-15","INTC","Intel Corporation Common Stock","NNM","54856836","54960079","25877472","2.12",,"R"
"2021-04-15","INTU","Intuit Inc. Common Stock","NNM","2907264","2282702","1060518","2.74",,"R"
"2021-04-15","ISRG","Intuitive Surgical, Inc. Commo","NNM","1213883","1322794","354650","3.42",,"R"
"2021-04-15","ITW","Illinois Tool Works Inc.","NYSE","3899714","4441520","914808","4.26",,"R"
"2021-04-15","JNJ","Johnson & Johnson","NYSE","15021787","15339892","6892225","2.18",,"R"
"2021-04-15","JPM","JPMorgan Chase & Co.","NYSE","17934952","20291788","13282898","1.35",,"R"
"2021-04-15","KKR","KKR & Co. Inc.","NYSE","9250032","9610754","2091341","4.42",,
"2021-04-15","KLAC","KLA Corporation Common Stock","NNM","2496508","2656241","1183606","2.11",,
"2021-04-15","KMI","Kinder Morgan, Inc.","NYSE","27944217","29093542","10700730","2.61",,
"2021-04-15","KO","Coca-Cola Company","NYSE","24787829","29798248","10782871","2.30",,"R"
"2021-04-15","LIN","Linde plc Ordinary Share","NYSE","3589086","4067407","1557897","2.30",,
"2021-04-15","LLY","Eli Lilly & Co.","NYSE","6376547","7581020","2407199","2.65",,"R"
"2021-04-15","LMT","Lockheed Martin Corp.","NYSE","4123895","3937974","1129944","3.65",,"R"
"2021-04-15","LOW","Lowe's Companies Inc.","NYSE","7008627","7353826","2873111","2.44",,"R"
"2021-04-15","LRCX","Lam Research Corporation Commo","NNM","2083845","2141061","1486513","1.40",,"R"
"2021-04-15","MA","Mastercard Incorporated","NYSE","5676285","5069367","2532730","2.24",,
"2021-04-15","MAR","Marriott International Class A","NNM","6906520","7148288","1565154","4.41",,
"2021-04-15","MCD","McDonald's Corporation","NYSE","7265292","6089967","2358418","3.08",,"R"
"2021-04-15","MCK","McKesson Corporation","NYSE","2736649","2751459","694812","3.94",,
"2021-04-15","MCO","Moody's Corporation","NYSE","1576652","2096401","542551","2.91",,
"2021-04-15","MDLZ","Mondelez International, Inc. C","NNM","11531577","14537291","5849224","1.97",,"R"
"2021-04-15","MDT","Medtronic plc","NYSE","11663359","7836239","4419103","2.64",,"R"
"2021-04-15","MMM","3M Company","NYSE","10277752","10594541","1690866","6.08",,"R"
"2021-04-15","MNST","Monster Beverage Corporation","NNM","4944411","5468064","1567034","3.16",,"R"
"2021-04-15","MO","Altria Group, Inc.","NYSE","11747539","13703922","5961770","1.97",,"R"
"2021-04-15","MPC","MARATHON PETROLEUM CORPORATION","NYSE","33021274","34496117","4048776","8.16",,
"2021-04-15","MPWR","Monolithic Power Systems, Inc.","NNM","643192","689583","304587","2.11",,
"2021-04-15","MRK","Merck & Co., Inc.","NYSE","21022852","23579107","8445969","2.49",,"R"
"2021-04-15","MRVL","Marvell Technology Group Ltd.","NNM","45921901","41426605","7926944","5.79",,
"2021-04-15","MS","Morgan Stanley","NYSE","9934030","12163559","8808527","1.13",,"R"
"2021-04-15","MSFT","Microsoft Corporation Common S","NNM","61156879","47331147","23462098","2.61",,"R"
"2021-04-15","MSI","Motorola Solutions, Inc. New","NYSE","2125588","1975496","598041","3.55",,
"2021-04-15","MU","Micron Technology, Inc. Common","NNM","31776398","22770022","19664731","1.62",,"R"
"2021-04-15","NEE","Nextra Energy, Inc.","NYSE","26503281","20433301","5648415","4.69",,
"2021-04-15","NEM","Newmont Corporation","NYSE","8372004","11270443","5178632","1.62",,
"2021-04-15","NET","Cloudflare, Inc. Class A commo","NYSE","13676195","13040202","4088905","3.34",,"R"
"2021-04-15","NFLX","Netflix, Inc. Common Stock","NNM","10193314","8823439","2957466","3.45",,"R"
"2021-04-15","NKE","Nike, Inc.","NYSE","11940941","10610967","5912123","2.02",,"R"
"2021-04-15","NOC","Northrop Grumman Corp.","NYSE","3211416","3846203","797719","4.03",,
"2021-04-15","NOW","SERVICENOW, INC.","NYSE","2859149","3171802","1101998","2.59",,"R"
"2021-04-15","NSC","Norfolk Southern Corp.","NYSE","3183441","2517860","825856","3.85",,"R"
"2021-04-15","NVDA","NVIDIA Corporation Common Stoc","NNM","9395933","6099715","8426996","1.11",,"R"
"2021-04-15","O","Realty Income Corporation","NYSE","11937157","11129582","2009632","5.94",,
"2021-04-15","ORCL","Oracle Corp","NYSE","30772355","23717900","12859733","2.39",,
"2021-04-15","ORLY","O'Reilly Automotive, Inc. Comm","NNM","1169514","1075212","369171","3.17",,
"2021-04-15","PANW","PALO ALTO NETWORKS, INC","NYSE","5101188","4949696","888693","5.74",,"R"
"2021-04-15","PCAR","PACCAR Inc. Common Stock","NNM","5391667","5450146","1319728","4.09",,
"2021-04-15","PEP","PepsiCo, Inc. Common Stock","NNM","10015566","11515076","4632297","2.16",,"R"
"2021-04-15","PFE","Pfizer Inc.","NYSE","60891029","64458922","22364488","2.72",,"R"
"2021-04-15","PG","Procter & Gamble Company","NYSE","13368842","15537728","6905470","1.94",,"R"
"2021-04-15","PGR","Progressive Corporation","NYSE","5540209","6094375","2190565","2.53",,
"2021-04-15","PH","Parker-Hannifin Corporation","NYSE","1284521","1477398","647182","1.98",,"R"
"2021-04-15","PLD","PROLOGIS, INC.","NYSE","7174118","7752761","2341405","3.06",,"R"
"2021-04-15","PLTR","Palantir Technologies Inc. Cla","NYSE","55552982","57739991","54317902","1.02",,
"2021-04-15","PM","Philip Morris International In","NYSE","8607694","9686563","3966617","2.17",,"R"
"2021-04-15","PNC","PNC Financial Services Group","NYSE","5843386","6270428","1434213","4.07",,
"2021-04-15","PSX","PHILLIPS 66","NYSE","8645082","9075772","2399085","3.60",,
"2021-04-15","PWR","Quanta Services, Inc.","NYSE","2587581","1703801","1227039","2.11",,
"2021-04-15","QCOM","QUALCOMM Incorporated Common S","NNM","23301434","22065666","8541119","2.73",,"R"
"2021-04-15","RCL","Royal Caribbean Group","NYSE","9803282","10258799","3323173","2.95",,
"2021-04-15","REGN","Regeneron Pharmaceuticals, Inc","NNM","2748057","2209137","742275","3.70",,
"2021-04-15","ROST","Ross Stores, Inc. Common Stock","NNM","3805868","3315039","1447016","2.63",,"R"
"2021-04-15","RSG","Republic Services Inc.","NYSE","1922214","1686425","883143","2.18",,
"2021-04-15","RTX","Raytheon Technologies Corporat","NYSE","13109148","13262158","5192682","2.52",,"R"
"2021-04-15","SBUX","Starbucks Corporation Common S","NNM","11761423","11323876","4742469","2.48",,"R"
"2021-04-15","SCCO","Southern Copper Corporation","NYSE","4377882","4538467","899265","4.87",,
"2021-04-15","SCHW","The Charles Schwab Corporation","NYSE","13260353","16853762","5853232","2.27",,
"2021-04-15","SHW","The Sherwin-Williams Company","NYSE","4538789","1262124","1188904","3.82","S","R"
"2021-04-15","SNOW","Snowflake Inc.","NYSE","5696340","8124397","2857845","1.99",,
"2021-04-15","SNPS","Synopsys, Inc. Common Stock","NNM","1316389","1649291","731982","1.80",,
"2021-04-15","SO","The Southern Company","NYSE","11036497","9880743","2916042","3.78",,"R"
"2021-04-15","SPCX","The SPAC and New Issue ETF","ARCA","552318","614260","86923","6.35",,
"2021-04-15","SPG","Simon Property Group, Inc.","NYSE","15313565","16214506","2417907","6.33",,
"2021-04-15","SPGI","S&P Global Inc.","NYSE","11948842","11872428","958359","12.47",,
"2021-04-15","SYK","Stryker Corporation","NYSE","3116545","3601448","938238","3.32",,
"2021-04-15","T","AT&T Inc.","NYSE","128048460","116815272","32603750","3.93",,"R"
"2021-04-15","TDG","TransDigm Group Incorporated","NYSE","1926392","2012701","189464","10.17",,
"2021-04-15","TFC","Truist Financial Corporation","NYSE","10270806","10638543","3830758","2.68",,"R"
"2021-04-15","TGT","Target Corporation","NYSE","7676071","8664905","2384787","3.22",,"R"
"2021-04-15","TJX","TJX Companies, Inc. (The)","NYSE","10227291","11373151","4351674","2.35",,"R"
"2021-04-15","TMO","Thermo Fisher Scientific, Inc.","NYSE","3242189","2706282","1268772","2.56",,"R"
"2021-04-15","TMUS","T-Mobile US, Inc. Common Stock","NNM","15764862","14102715","3112817","5.06",,"R"
"2021-04-15","TRV","The Travelers Companies, Inc.","NYSE","4437883","5402727","1409663","3.15",,
"2021-04-15","TSLA","Tesla, Inc. Common Stock","NNM","51176090","46269602","29945470","1.71",,
"2021-04-15","TXN","Texas Instruments Incorporated","NNM","13112463","14231810","3434408","3.82",,"R"
"2021-04-15","UBER","Uber Technologies, Inc.","NYSE","64721301","63105132","15442884","4.19",,"R"
"2021-04-15","UNH","UNITEDHEALTH GROUP INCORPORATE","NYSE","6640571","7209521","2397043","2.77",,"R"
"2021-04-15","UNP","Union Pacific Corp.","NYSE","8202089","7131826","1770394","4.63",,"R"
"2021-04-15","UPS","United Parcel Service, Inc. Cl","NYSE","9972742","8825971","2316744","4.30",,"R"
"2021-04-15","URI","United Rentals, Inc.","NYSE","2249435","2686856","582466","3.86",,
"2021-04-15","USB","U.S. Bancorp","NYSE","11782227","14389132","5071644","2.32",,
"2021-04-15","V","VISA Inc.","NYSE","27829939","26389622","6284005","4.43",,
"2021-04-15","VLO","Valero Energy Corporation","NYSE","8147594","9115437","3232740","2.52",,
"2021-04-15","VRT","Vertiv Holdings Co Class A Com","NYSE","10989714","12791410","2667264","4.12",,
"2021-04-15","VRTX","Vertex Pharmaceuticals Incorpo","NNM","4894133","4150820","1595354","3.07",,"R"
"2021-04-15","VZ","Verizon Communications","NYSE","45464855","47373182","13191628","3.45",,"R"
"2021-04-15","WDC","Western Digital Corporation Co","NNM","5854744","5278652","3425208","1.71",,
"2021-04-15","WELL","Welltower Inc.","NYSE","6518064","6539603","1912650","3.41",,
"2021-04-15","WFC","Wells Fargo & Co.","NYSE","47709980","48594262","24892492","1.92",,"R"
"2021-04-15","WM","Waste Management, Inc.","NYSE","4254487","4087781","1392711","3.05",,"R"
"2021-04-15","WMB","Williams Companies Inc.","NYSE","22262955","19306119","5675827","3.92",,
"2021-04-15","WMT","Walmart Inc.","NYSE","14908188","13476414","7162071","2.08",,"R"
"2021-04-15","XOM","Exxon Mobil Corporation","NYSE","48512824","48084925","19745112","2.46",,"R"
"2023-05-15","AAPL","Apple Inc. Common Stock","NNM","109878751","124657645","58826640","1.87",,
"2023-05-15","ABBV","ABBVIE INC.","NYSE","11973229","15646239","4721112","2.54",,
"2023-05-15","ABNB","Airbnb, Inc. Class A Common St","NNM","23235271","20979565","10380272","2.24",,
"2023-05-15","ABT","Abbott Laboratories","NYSE","12952898","11241109","3772036","3.43",,
"2023-05-15","ADBE","Adobe Inc. Common Stock","NNM","5920582","5544872","3599677","1.64",,
"2023-05-15","ADI","Analog Devices, Inc. Common St","NNM","5864511","5278576","2509569","2.34",,
"2023-05-15","ADP","Automatic Data Processing, Inc","NNM","5148054","4300972","1357851","3.79",,
"2023-05-15","AEP","American Electric Power Compan","NNM","6476441","6123218","2428905","2.67",,
"2023-05-15","AFL","Aflac Inc.","NYSE","11102838","8726263","2288292","4.85",,
"2023-05-15","AJG","Arthur J. Gallagher & Co.","NYSE","2184762","2152105","827024","2.64",,
"2023-05-15","ALL","The Allstate Corporation","NYSE","2717522","2464067","2048059","1.33",,
"2023-05-15","AMAT","Applied Materials, Inc. Common","NNM","11025944","10369955","4254948","2.59",,
"2023-05-15","AMD","Advanced Micro Devices, Inc. C","NNM","33486011","27721747","78378292","1.00",,
"2023-05-15","AMGN","Amgen Inc. Common Stock","NNM","7589269","7613222","1914874","3.96",,
"2023-05-15","AMT","American Tower Corporation","NYSE","4255030","4176693","1762565","2.41",,
"2023-05-15","AMZN","Amazon.com, Inc. Common Stock","NNM","65543904","61476248","60507680","1.08",,
"2023-05-15","ANET","Arista Networks","NYSE","4462663","4040233","4078371","1.09",,
"2023-05-15","AON","Aon plc Class A","NYSE","1739887","2184017","751831","2.31",,
"2023-05-15","APD","Air Products & Chemicals, Inc.","NYSE","1617465","1721789","919221","1.76",,
"2023-05-15","APH","Amphenol Corporation","NYSE","5508816","6318967","2577323","2.14",,
"2023-05-15","APO","Apollo Global Management, Inc.","NYSE","9742999","9639934","2735841","3.56",,
"2023-05-15","APP","Applovin Corporation Class A C","NNM","15056750","15231975","4059759","3.71",,
"2023-05-15","AVGO","Broadcom Inc. Common Stock","NNM","6559659","6078272","1786560","3.67",,
"2023-05-15","AXP","American Express Company","NYSE","6649556","6315058","2935890","2.26",,
"2023-05-15","BA","Boeing Company","NYSE","7699206","7749403","4577910","1.68",,
"2023-05-15","BAC","Bank of America Corporation","NYSE","82466254","93721347","46447064","1.78",,
"2023-05-15","BKNG","Booking Holdings Inc. Common S","NNM","667068","718301","352821","1.89",,
"2023-05-15","BLK","Blackrock, Inc.","NYSE","2186544","2185097","577928","3.78",,
"2023-05-15","BMY","Bristol-Myers Squibb Co.","NYSE","21489068","18924937","8689989","2.47",,
"2023-05-15","BNY","BlackRock New York Municipal I","NYSE","16011","8306","56631","1.00",,
"2023-05-15","BRKA","Berkshire Hathaway Inc.","NYSE","951","1178","5910","1.00",,
"2023-05-15","BRKB","BERKSHIRE HATHAWAY Class B","NYSE","5606425","5784479","2770572","2.02",,
"2023-05-15","BSX","Boston Scientific Corp.","NYSE","16051683","17965415","9199987","1.74",,
"2023-05-15","BX","Blackstone Inc.","NYSE","21532692","24413446","3823558","5.63",,
"2023-05-15","C","Citigroup Inc.","NYSE","30172120","30511240","13911012","2.17",,
"2023-05-15","CAT","Caterpillar Inc.","NYSE","7543462","6576699","2784615","2.71",,
"2023-05-15","CDNS","Cadence Design Systems, Inc. C","NNM","3751270","3388415","1286363","2.92",,
"2023-05-15","CEG","Constellation Energy Corporati","NNM","7153283","6422951","2331636","3.07",,
"2023-05-15","CI","The Cigna Group","NYSE","3023701","3755689","1980907","1.53",,
"2023-05-15","CL","Colgate-Palmolive Company","NYSE","14004715","12678203","5225664","2.68",,
"2023-05-15","CMCSA","Comcast Corporation Class A Co","NNM","40171074","40543880","18093617","2.22",,
"2023-05-15","CME","CME Group Inc. Class A Common","NNM","4106006","4357606","997591","4.12",,
"2023-05-15","CMI","Cummins Inc.","NYSE","1790868","1990738","1038899","1.72",,
"2023-05-15","COF","Capital One Financial","NYSE","8241194","7656746","3426099","2.41",,
"2023-05-15","COP","ConocoPhillips","NYSE","10141296","11156923","5908374","1.72",,
"2023-05-15","COST","Costco Wholesale Corporation C","NNM","3363195","3499555","1465237","2.30",,
"2023-05-15","CRM","Salesforce, Inc.","NYSE","9082344","8531836","4882237","1.86",,
"2023-05-15","CRWD","CrowdStrike Holdings, Inc. Cla","NNM","7197247","7499883","3168394","2.27",,
"2023-05-15","CSCO","Cisco Systems, Inc. Common Sto","NNM","50179839","50426409","15231766","3.29",,
"2023-05-15","CSX","CSX Corporation Common Stock","NNM","18987509","18109568","8978998","2.11",,
"2023-05-15","CTAS","Cintas Corporation Common Stoc","NNM","1221518","1097218","319107","3.83",,
"2023-05-15","CVNA","Carvana Co.","NYSE","48246176","48887223","29914390","1.61",,
"2023-05-15","CVS","CVS HEALTH CORPORATION","NYSE","15245999","16891380","8351005","1.83",,
"2023-05-15","CVX","Chevron Corporation","NYSE","15394786","14208226","6410264","2.40",,
"2023-05-15","D","Dominion Energy, Inc Common St","NYSE","5661112","6125436","3525090","1.61",,
"2023-05-15","DASH","DoorDash, Inc.","NYSE","18329790","19347490","4939921","3.71",,
"2023-05-15","DDOG","Datadog, Inc. Class A Common S","NNM","9297396","9950365","7267440","1.28",,
"2023-05-15","DE","Deere & Company","NYSE","2649350","2874706","1403370","1.89",,
"2023-05-15","DELL","Dell Technologies Inc.","NYSE","10338667","10646661","3906393","2.65",,
"2023-05-15","DHR","Danaher Corporation","NYSE","4118210","4633891","3139630","1.31",,
"2023-05-15","DIS","The Walt Disney Company","NYSE","24191437","18141781","16101840","1.50",,
"2023-05-15","DLR","Digital Realty Trust, Inc.","NYSE","16181842","15571174","1925847","8.40",,
"2023-05-15","DUK","Duke Energy Corporation","NYSE","7982357","7792918","2816527","2.83",,
"2023-05-15","ECL","Ecolab, Inc.","NYSE","1676223","1754018","1061922","1.58",,
"2023-05-15","ELV","Elevance Health, Inc.","NYSE","1844649","1977320","765335","2.41",,
"2023-05-15","EMR","Emerson Electric Co.","NYSE","4906674","5266656","3059273","1.60",,
"2023-05-15","EOG","EOG Resources, Inc.","NYSE","7968414","7849088","3297361","2.42",,
"2023-05-15","EPD","Enterprise Products Partners L","NYSE","12541116","12545383","4990466","2.51",,
"2023-05-15","EQIX","Equinix, Inc. Common Stock REI","NNM","1470864","1615169","380797","3.86",,
"2023-05-15","FCX","Freeport-McMoran Inc.","NYSE","21506403","20296676","12636412","1.70",,
"2023-05-15","FDX","FedEx Corporation","NYSE","3802211","4084665","1272220","2.99",,
"2023-05-15","FTNT","Fortinet, Inc. Common Stock","NNM","10842274","11404385","5286077","2.05",,
"2023-05-15","GD","General Dynamics Corporation","NYSE","3108642","3349495","1325723","2.34",,
"2023-05-15","GE","General Electric Company","NYSE","13473101","15511092","5038793","2.67",,
"2023-05-15","GILD","Gilead Sciences, Inc. Common S","NNM","17982399","19278956","4599698","3.91",,
"2023-05-15","GLW","Corning Incorporated","NYSE","6210949","6962344","3757210","1.65",,
"2023-05-15","GM","General Motors Company","NYSE","33023832","32539926","14512410","2.28",,
"2023-05-15","GOOG","Alphabet Inc. Class C Capital","NNM","35633260","34626603","27143231","1.31",,
"2023-05-15","GOOGL","Alphabet Inc. Class A Common S","NNM","55956918","47245258","37335838","1.50",,
"2023-05-15","GS","Goldman Sachs Group Inc.","NYSE","3267260","3603389","1762018","1.85",,
"2023-05-15","GWW","W.W. Grainger, Inc.","NYSE","1169725","1123600","237505","4.93",,
"2023-05-15","HCA","HCA Healthcare, Inc.","NYSE","2307280","2209470","1094475","2.11",,
"2023-05-15","HD","Home Depot, Inc.","NYSE","14118285","14059718","3625917","3.89",,
"2023-05-15","HLT","Hilton Worldwide Holdings Inc.","NYSE","4310237","4308908","1476773","2.92",,
"2023-05-15","HON","Honeywell International Inc. C","NNM","5315367","4914314","2205284","2.41",,
"2023-05-15","HOOD","Robinhood Markets, Inc. Class","NNM","34472299","34103851","9409141","3.66",,
"2023-05-15","HPE","Hewlett Packard Enterprise Com","NYSE","31590486","29481376","10040110","3.15",,
"2023-05-15","HWM","Howmet Aerospace Inc.","NYSE","4233008","4218186","3141902","1.35",,
"2023-05-15","IBKR","Interactive Brokers Group, Inc","NNM","1485267","1476881","896391","1.66",,
"2023-05-15","IBM","International Business Machine","NYSE","25980557","26108365","4044068","6.42",,
"2023-05-15","ICE","Intercontinental Exchange  Inc","NYSE","4317229","4567376","2002390","2.16",,
"2023-05-15","INTC","Intel Corporation Common Stock","NNM","67740247","56787929","36060935","1.88",,
"2023-05-15","INTU","Intuit Inc. Common Stock","NNM","3544411","3730895","1389149","2.55",,
"2023-05-15","ISRG","Intuitive Surgical, Inc. Commo","NNM","2622836","2813016","1285898","2.04",,
"2023-05-15","ITW","Illinois Tool Works Inc.","NYSE","5777950","5959361","1236643","4.67",,
"2023-05-15","JNJ","Johnson & Johnson","NYSE","13476638","12739987","5531219","2.44",,
"2023-05-15","JPM","JPMorgan Chase & Co.","NYSE","17268947","18681417","11223442","1.54",,
"2023-05-15","KKR","KKR & Co. Inc.","NYSE","12516155","9120260","3277764","3.82",,
"2023-05-15","KLAC","KLA Corporation Common Stock","NNM","2216601","1908340","798136","2.78",,
"2023-05-15","KMI","Kinder Morgan, Inc.","NYSE","38881288","37997197","12951369","3.00",,
"2023-05-15","KO","Coca-Cola Company","NYSE","23384418","24379079","9546959","2.45",,
"2023-05-15","LIN","Linde plc Ordinary Share","NYSE","3194990","3353649","1246134","2.56",,
"2023-05-15","LLY","Eli Lilly & Co.","NYSE","6096994","6198527","3776933","1.61",,
"2023-05-15","LMT","Lockheed Martin Corp.","NYSE","1940906","1996352","903084","2.15",,
"2023-05-15","LOW","Lowe's Companies Inc.","NYSE","9767769","8513412","2413026","4.05",,
"2023-05-15","LRCX","Lam Research Corporation Commo","NNM","2849059","2610253","1043517","2.73",,
"2023-05-15","MA","Mastercard Incorporated","NYSE","5348163","4929704","2117516","2.53",,
"2023-05-15","MAR","Marriott International Class A","NNM","5483508","5656538","1806692","3.04",,
"2023-05-15","MCD","McDonald's Corporation","NYSE","7007148","6589498","2033553","3.45",,
"2023-05-15","MCK","McKesson Corporation","NYSE","1828409","2043273","1261540","1.45",,
"2023-05-15","MCO","Moody's Corporation","NYSE","2534143","2552300","730233","3.47",,
"2023-05-15","MDLZ","Mondelez International, Inc. C","NNM","15269810","14145284","5284074","2.89",,
"2023-05-15","MDT","Medtronic plc","NYSE","10699680","11409019","4486123","2.39",,
"2023-05-15","META","Meta Platforms, Inc. Class A C","NNM","27501044","27160811","22005650","1.25",,
"2023-05-15","MMM","3M Company","NYSE","11900558","12291984","2532859","4.70",,
"2023-05-15","MNST","Monster Beverage Corporation","NNM","10863420","10942657","5137902","2.11",,
"2023-05-15","MO","Altria Group, Inc.","NYSE","15660869","16533330","6406292","2.44",,
"2023-05-15","MPC","MARATHON PETROLEUM CORPORATION","NYSE","12316116","11978190","4888274","2.52",,
"2023-05-15","MPWR","Monolithic Power Systems, Inc.","NNM","2060584","2183318","718853","2.87",,
"2023-05-15","MRK","Merck & Co., Inc.","NYSE","19616990","19104521","5763703","3.40",,
"2023-05-15","MRVL","Marvell Technology, Inc. Commo","NNM","29415611","24207135","11062845","2.66",,
"2023-05-15","MS","Morgan Stanley","NYSE","20449987","21840539","6482596","3.15",,
"2023-05-15","MSFT","Microsoft Corporation Common S","NNM","42337959","44308393","23727800","1.78",,
"2023-05-15","MSI","Motorola Solutions, Inc. New","NYSE","1234486","1262374","727690","1.70",,
"2023-05-15","MU","Micron Technology, Inc. Common","NNM","26270341","25920841","13526480","1.94",,
"2023-05-15","NEE","Nextra Energy, Inc.","NYSE","14586606","15047517","6339690","2.30",,
"2023-05-15","NEM","Newmont Corporation","NYSE","17145765","16693029","7406308","2.32",,
"2023-05-15","NET","Cloudflare, Inc. Class A commo","NYSE","20290385","19080088","7583918","2.68",,
"2023-05-15","NFLX","Netflix, Inc. Common Stock","NNM","9903830","8396268","5030405","1.97",,
"2023-05-15","NKE","Nike, Inc.","NYSE","14565616","11721758","4964758","2.93",,
"2023-05-15","NOC","Northrop Grumman Corp.","NYSE","1363741","1450584","583711","2.34",,
"2023-05-15","NOW","SERVICENOW, INC.","NYSE","3738250","3629603","1432685","2.61",,
"2023-05-15","NSC","Norfolk Southern Corp.","NYSE","2754892","2939654","1398546","1.97",,
"2023-05-15","NVDA","NVIDIA Corporation Common Stoc","NNM","28834999","32599217","35924495","1.00",,
"2023-05-15","O","Realty Income Corporation","NYSE","25187016","24381332","2624257","9.60",,
"2023-05-15","ORCL","Oracle Corp","NYSE","14784496","14580959","5770283","2.56",,
"2023-05-15","ORLY","O'Reilly Automotive, Inc. Comm","NNM","916606","978026","380038","2.41",,
"2023-05-15","PANW","Palo Alto Networks, Inc. Commo","NNM","20932875","18851587","3938958","5.31",,
"2023-05-15","PCAR","PACCAR Inc. Common Stock","NNM","8408739","8174820","2338599","3.60",,
"2023-05-15","PEP","PepsiCo, Inc. Common Stock","NNM","12749715","11908488","3417094","3.73",,
"2023-05-15","PFE","Pfizer Inc.","NYSE","45923601","43867104","22461811","2.04",,
"2023-05-15","PG","Procter & Gamble Company","NYSE","14312195","15745491","4736838","3.02",,
"2023-05-15","PGR","Progressive Corporation","NYSE","3398502","3735122","3770177","1.00",,
"2023-05-15","PH","Parker-Hannifin Corporation","NYSE","1623355","1536096","982450","1.65",,
"2023-05-15","PLD","PROLOGIS, INC.","NYSE","12088737","12186720","2246129","5.38",,
"2023-05-15","PLTR","Palantir Technologies Inc. Cla","NYSE","158428302","123515705","74998953","2.11",,
"2023-05-15","PM","Philip Morris International In","NYSE","7044623","7330467","2987873","2.36",,
"2023-05-15","PNC","PNC Financial Services Group","NYSE","8332317","7191351","4688589","1.78",,
"2023-05-15","PSX","PHILLIPS 66","NYSE","9608573","10021034","3625509","2.65",,
"2023-05-15","PWR","Quanta Services, Inc.","NYSE","4218005","4059732","821899","5.13",,
"2023-05-15","QCOM","QUALCOMM Incorporated Common S","NNM","9637206","9389968","9593864","1.00",,
"2023-05-15","RCL","Royal Caribbean Group","NYSE","18772970","18493610","4427349","4.24",,
"2023-05-15","REGN","Regeneron Pharmaceuticals, Inc","NNM","1212640","1178357","574903","2.11",,
"2023-05-15","ROST","Ross Stores, Inc. Common Stock","NNM","5788447","5787976","1763015","3.28",,
"2023-05-15","RSG","Republic Services Inc.","NYSE","2370776","1847917","1113422","2.13",,
"2023-05-15","RTX","Raytheon Technologies Corporat","NYSE","9105816","9243520","3389592","2.69",,
"2023-05-15","SBUX","Starbucks Corporation Common S","NNM","14093026","14600990","7767620","1.81",,
"2023-05-15","SCCO","Southern Copper Corporation","NYSE","5626367","4791130","1271428","4.43",,
"2023-05-15","SCHW","The Charles Schwab Corporation","NYSE","27661766","30920816","18093724","1.53",,
"2023-05-15","SHW","The Sherwin-Williams Company","NYSE","2509472","2512961","1329263","1.89",,
"2023-05-15","SNOW","Snowflake Inc.","NYSE","12834933","13203026","4348700","2.95",,
"2023-05-15","SNPS","Synopsys, Inc. Common Stock","NNM","1354512","1345358","625766","2.16",,
"2023-05-15","SO","The Southern Company","NYSE","17202914","15103110","3877094","4.44",,
"2023-05-15","SPCX","The SPAC and New Issue ETF","NNM","33809","35425","1882","17.96",,
"2023-05-15","SPG","Simon Property Group, Inc.","NYSE","6180844","6081856","1378232","4.48",,
"2023-05-15","SPGI","S&P Global Inc.","NYSE","4655701","2184893","958700","4.86",,
"2023-05-15","SYK","Stryker Corporation","NYSE","3121579","3951660","1402942","2.23",,
"2023-05-15","T","AT&T Inc.","NYSE","83532082","82983111","29964424","2.79",,
"2023-05-15","TDG","TransDigm Group Incorporated","NYSE","1203344","1149104","329990","3.65",,
"2023-05-15","TFC","Truist Financial Corporation","NYSE","29864516","29571171","17524772","1.70",,
"2023-05-15","TGT","Target Corporation","NYSE","9593090","10125487","2536719","3.78",,
"2023-05-15","TJX","TJX Companies, Inc. (The)","NYSE","6653206","6561623","4127988","1.61",,
"2023-05-15","TMO","Thermo Fisher Scientific, Inc.","NYSE","3006417","3057415","1431430","2.10",,
"2023-05-15","TMUS","T-Mobile US, Inc. Common Stock","NNM","28847368","28121482","4931946","5.85",,
"2023-05-15","TRV","The Travelers Companies, Inc.","NYSE","3072771","2807213","947123","3.24",,
"2023-05-15","TSLA","Tesla, Inc. Common Stock","NNM","95153797","95005307","113397791","1.00",,
"2023-05-15","TXN","Texas Instruments Incorporated","NNM","16479306","18860822","4517032","3.65",,
"2023-05-15","UBER","Uber Technologies, Inc.","NYSE","52885336","52883267","37893556","1.40",,
"2023-05-15","UNH","UNITEDHEALTH GROUP INCORPORATE","NYSE","5200059","5215746","2070874","2.51",,
"2023-05-15","UNP","Union Pacific Corp.","NYSE","4311246","4534761","1873481","2.30",,
"2023-05-15","UPS","United Parcel Service, Inc. Cl","NYSE","13812899","12959244","3087856","4.47",,
"2023-05-15","URI","United Rentals, Inc.","NYSE","2913366","2900347","945116","3.08",,
"2023-05-15","USB","U.S. Bancorp","NYSE","43235255","35843296","22649816","1.91",,
"2023-05-15","V","VISA Inc.","NYSE","33380251","30989291","4402239","7.58",,
"2023-05-15","VLO","Valero Energy Corporation","NYSE","10022520","10525768","4346446","2.31",,
"2023-05-15","VRT","Vertiv Holdings Co Class A Com","NYSE","8992798","10094102","3041776","2.96",,
"2023-05-15","VRTX","Vertex Pharmaceuticals Incorpo","NNM","3225508","3235493","1036625","3.11",,
"2023-05-15","VZ","Verizon Communications","NYSE","44962088","43680097","14770067","3.04",,
"2023-05-15","WBD","Warner Bros. Discovery, Inc. S","NNM","80406484","62235446","21383029","3.76",,
"2023-05-15","WDC","Western Digital Corporation Co","NNM","7845816","8184962","3978874","1.97",,
"2023-05-15","WELL","Welltower Inc.","NYSE","15475429","13083360","2572424","6.02",,
"2023-05-15","WFC","Wells Fargo & Co.","NYSE","34217884","35156672","26233630","1.30",,
"2023-05-15","WM","Waste Management, Inc.","NYSE","4673082","4971135","1289447","3.62",,
"2023-05-15","WMB","Williams Companies Inc.","NYSE","21814544","21508290","6708410","3.25",,
"2023-05-15","WMT","Walmart Inc.","NYSE","13555835","10924565","4659579","2.91",,
"2023-05-15","XOM","Exxon Mobil Corporation","NYSE","33521685","40579803","15543165","2.16",,
"2024-12-31","AAPL","Apple Inc. Common Stock","NNM","157008120","156458273","52132884","3.01",,
"2024-12-31","ABBV","ABBVIE INC.","NYSE","17003576","18531930","6202845","2.74",,
"2024-12-31","ABNB","Airbnb, Inc. Class A Common St","NNM","14364863","15161502","4272970","3.36",,
"2024-12-31","ABT","Abbott Laboratories","NYSE","14317431","12100780","5059409","2.83",,
"2024-12-31","ADBE","Adobe Inc. Common Stock","NNM","8587581","6839335","4580861","1.87",,
"2024-12-31","ADI","Analog Devices, Inc. Common St","NNM","9565028","7506538","2893067","3.31",,
"2024-12-31","ADP","Automatic Data Processing, Inc","NNM","6121416","6076647","1859617","3.29",,
"2024-12-31","AEP","American Electric Power Compan","NNM","10078779","8643249","2643896","3.81",,
"2024-12-31","AFL","Aflac Inc.","NYSE","7256033","7886891","2175464","3.34",,
"2024-12-31","AJG","Arthur J. Gallagher & Co.","NYSE","9373239","7339170","2476522","3.78",,
"2024-12-31","ALL","The Allstate Corporation","NYSE","2402065","2315744","1198998","2.00",,
"2024-12-31","AMAT","Applied Materials, Inc. Common","NNM","18477179","17648989","6254754","2.95",,
"2024-12-31","AMD","Advanced Micro Devices, Inc. C","NNM","59401477","51636463","38587213","1.54",,
"2024-12-31","AMGN","Amgen Inc. Common Stock","NNM","11168292","11534229","3985034","2.80",,
"2024-12-31","AMT","American Tower Corporation","NYSE","5022645","4545159","2726715","1.84",,
"2024-12-31","AMZN","Amazon.com, Inc. Common Stock","NNM","82861847","83302458","34807225","2.38",,
"2024-12-31","ANET","Arista Networks","NYSE","13001292","13632358","5514747","2.36",,
"2024-12-31","AON","Aon plc Class A","NYSE","4567641","4287943","765140","5.97",,
"2024-12-31","APD","Air Products & Chemicals, Inc.","NYSE","2866647","2803546","892343","3.21",,
"2024-12-31","APH","Amphenol Corporation","NYSE","13939851","11707206","6476753","2.15",,
"2024-12-31","APO","Apollo Global Management, Inc.","NYSE","36719444","30418047","12293006","2.99",,
"2024-12-31","APP","Applovin Corporation Class A C","NNM","18001180","17564228","4453674","4.04",,
"2024-12-31","AVGO","Broadcom Inc. Common Stock","NNM","56948625","68550490","51760163","1.10",,
"2024-12-31","AXP","American Express Company","NYSE","8572088","8725963","2548679","3.36",,
"2024-12-31","BA","Boeing Company","NYSE","25061735","22878954","12128596","2.07",,
"2024-12-31","BAC","Bank of America Corporation","NYSE","73992719","75075582","29878567","2.48",,
"2024-12-31","BKNG","Booking Holdings Inc. Common S","NNM","716830","696853","208031","3.45",,
"2024-12-31","BLK","Blackrock, Inc.","NYSE","1364118","1580493","748655","1.82",,
"2024-12-31","BMY","Bristol-Myers Squibb Co.","NYSE","24932099","27657195","13055161","1.91",,
"2024-12-31","BNY","BlackRock New York Municipal I","NYSE","25852","33058","95687","1.00",,
"2024-12-31","BRKA","Berkshire Hathaway Inc.","NYSE","246","202","1452","1.00",,
"2024-12-31","BRKB","BERKSHIRE HATHAWAY Class B","NYSE","14540819","15249523","4430025","3.28",,
"2024-12-31","BSX","Boston Scientific Corp.","NYSE","14523331","12327400","5104130","2.85",,
"2024-12-31","BX","Blackstone Inc.","NYSE","13279685","15554855","4048682","3.28",,
"2024-12-31","C","Citigroup Inc.","NYSE","36434036","36139914","11420089","3.19",,
"2024-12-31","CAT","Caterpillar Inc.","NYSE","9045845","8656038","1968871","4.59",,
"2024-12-31","CDNS","Cadence Design Systems, Inc. C","NNM","4480517","4486112","1411950","3.17",,
"2024-12-31","CEG","Constellation Energy Corporati","NNM","5798018","5096740","2249793","2.58",,
"2024-12-31","CI","The Cigna Group","NYSE","4835532","4607862","2535389","1.91",,
"2024-12-31","CL","Colgate-Palmolive Company","NYSE","9238600","9285872","4397259","2.10",,
"2024-12-31","CMCSA","Comcast Corporation Class A Co","NNM","53502552","49985350","20936405","2.56",,
"2024-12-31","CME","CME Group Inc. Class A Common","NNM","4320607","4726046","1731111","2.50",,
"2024-12-31","CMI","Cummins Inc.","NYSE","1767303","1807916","608673","2.90",,
"2024-12-31","COF","Capital One Financial","NYSE","16045739","15598682","2353166","6.82",,
"2024-12-31","COP","ConocoPhillips","NYSE","11991462","13001893","8702102","1.38",,
"2024-12-31","COST","Costco Wholesale Corporation C","NNM","6541237","6454378","2226899","2.94",,
"2024-12-31","CRM","Salesforce, Inc.","NYSE","10337780","12236079","5766610","1.79",,
"2024-12-31","CRWD","CrowdStrike Holdings, Inc. Cla","NNM","9211504","8984100","3317666","2.78",,
"2024-12-31","CSCO","Cisco Systems, Inc. Common Sto","NNM","54248059","56833840","22111196","2.45",,
"2024-12-31","CSX","CSX Corporation Common Stock","NNM","33552119","34074265","10881495","3.08",,
"2024-12-31","CTAS","Cintas Corporation Common Stoc","NNM","5243794","5941219","2955995","1.77",,
"2024-12-31","CVNA","Carvana Co.","NYSE","13399682","12442417","2780109","4.82",,
"2024-12-31","CVS","CVS HEALTH CORPORATION","NYSE","18097574","19026084","17450510","1.04",,
"2024-12-31","CVX","Chevron Corporation","NYSE","60884081","63834990","10603190","5.74",,
"2024-12-31","D","Dominion Energy, Inc Common St","NYSE","14179140","17990883","3802959","3.73",,
"2024-12-31","DASH","DoorDash, Inc. Class A Common","NNM","10392527","10259034","2433353","4.27",,
"2024-12-31","DDOG","Datadog, Inc. Class A Common S","NNM","14297587","15406510","3219877","4.44",,
"2024-12-31","DE","Deere & Company","NYSE","5337163","4952603","1105909","4.83",,
"2024-12-31","DELL","Dell Technologies Inc.","NYSE","13278310","11734178","5921020","2.24",,
"2024-12-31","DHR","Danaher Corporation","NYSE","5565010","5734583","3277343","1.70",,
"2024-12-31","DIS","The Walt Disney Company","NYSE","19547739","20848811","8252408","2.37",,
"2024-12-31","DLR","Digital Realty Trust, Inc.","NYSE","7922746","6994152","1798350","4.41",,
"2024-12-31","DUK","Duke Energy Corporation","NYSE","8295018","9090211","3404642","2.44",,
"2024-12-31","ECL","Ecolab, Inc.","NYSE","2362071","1928939","1128356","2.09",,
"2024-12-31","ELV","Elevance Health, Inc.","NYSE","3626261","3446396","1831518","1.98",,
"2024-12-31","EMR","Emerson Electric Co.","NYSE","10878740","12257153","3293237","3.30",,
"2024-12-31","EOG","EOG Resources, Inc.","NYSE","13489759","13248060","3581129","3.77",,
"2024-12-31","EPD","Enterprise Products Partners L","NYSE","21538426","22862104","3679165","5.85",,
"2024-12-31","EQIX","Equinix, Inc. Common Stock REI","NNM","1815485","1727703","512557","3.54",,
"2024-12-31","FCX","Freeport-McMoran Inc.","NYSE","26089955","24581851","10858750","2.40",,
"2024-12-31","FDX","FedEx Corporation","NYSE","3557517","3532151","2634613","1.35",,
"2024-12-31","FTNT","Fortinet, Inc. Common Stock","NNM","16044056","15278835","4069383","3.94",,
"2024-12-31","GD","General Dynamics Corporation","NYSE","4095884","3499932","1760112","2.33",,
"2024-12-31","GE","GE Aerospace","NYSE","13181407","11858237","5061459","2.60",,
"2024-12-31","GEV","GE Vernova Inc.","NYSE","5160790","6074870","2859786","1.80",,
"2024-12-31","GILD","Gilead Sciences, Inc. Common S","NNM","25656042","21977968","6455207","3.97",,
"2024-12-31","GLW","Corning Incorporated","NYSE","10868557","10681270","3812452","2.85",,
"2024-12-31","GM","General Motors Company","NYSE","35764202","36714128","9783669","3.66",,
"2024-12-31","GOOG","Alphabet Inc. Class C Capital","NNM","41944329","50032870","20498357","2.05",,
"2024-12-31","GOOGL","Alphabet Inc. Class A Common S","NNM","65558834","70957721","28669393","2.29",,
"2024-12-31","GS","Goldman Sachs Group Inc.","NYSE","4554613","4354292","1991321","2.29",,
"2024-12-31","GWW","W.W. Grainger, Inc.","NYSE","1592669","1578931","270809","5.88",,
"2024-12-31","HCA","HCA Healthcare, Inc.","NYSE","4401009","4775368","1315473","3.35",,
"2024-12-31","HD","Home Depot, Inc.","NYSE","10963047","11465624","3197231","3.43",,
"2024-12-31","HLT","Hilton Worldwide Holdings Inc.","NYSE","4165422","4206464","1267862","3.29",,
"2024-12-31","HON","Honeywell International Inc. C","NNM","9681578","8806866","4271483","2.27",,
"2024-12-31","HOOD","Robinhood Markets, Inc. Class","NNM","14806323","14643543","20904435","1.00",,
"2024-12-31","HPE","Hewlett Packard Enterprise Com","NYSE","28698100","40436825","14452423","1.99",,
"2024-12-31","HWM","Howmet Aerospace Inc.","NYSE","8347613","8473407","2059595","4.05",,
"2024-12-31","IBKR","Interactive Brokers Group, Inc","NNM","1657747","2001580","919426","1.80",,
"2024-12-31","IBM","International Business Machine","NYSE","21842736","23135892","3809624","5.73",,
"2024-12-31","ICE","Intercontinental Exchange  Inc","NYSE","6660221","6418531","2925457","2.28",,
"2024-12-31","INTC","Intel Corporation Common Stock","NNM","116394307","105175582","60955851","1.91",,
"2024-12-31","INTU","Intuit Inc. Common Stock","NNM","4060831","3976591","1590984","2.55",,
"2024-12-31","ISRG","Intuitive Surgical, Inc. Commo","NNM","4398463","3698940","1415538","3.11",,
"2024-12-31","ITW","Illinois Tool Works Inc.","NYSE","6121678","5638239","969570","6.31",,
"2024-12-31","JNJ","Johnson & Johnson","NYSE","16457492","17572993","8167374","2.02",,
"2024-12-31","JPM","JPMorgan Chase & Co.","NYSE","29516434","29186698","9608669","3.07",,
"2024-12-31","KKR","KKR & Co. Inc.","NYSE","11762850","11553135","3060451","3.84",,
"2024-12-31","KLAC","KLA Corporation Common Stock","NNM","3243046","3236620","1010371","3.21",,
"2024-12-31","KMI","Kinder Morgan, Inc.","NYSE","42759381","44901788","12157645","3.52",,
"2024-12-31","KO","Coca-Cola Company","NYSE","32924745","34768358","16719466","1.97",,
"2024-12-31","LIN","Linde plc Ordinary Shares","NNM","6552863","5774611","2577071","2.54",,
"2024-12-31","LLY","Eli Lilly & Co.","NYSE","6098698","5791186","3353556","1.82",,
"2024-12-31","LMT","Lockheed Martin Corp.","NYSE","3001951","2825916","1274512","2.36",,
"2024-12-31","LOW","Lowe's Companies Inc.","NYSE","6816909","6806586","2401173","2.84",,
"2024-12-31","LRCX","Lam Research Corporation Commo","NNM","34064980","31838317","12186061","2.80",,
"2024-12-31","MA","Mastercard Incorporated","NYSE","5560441","5543874","2768984","2.01",,
"2024-12-31","MAR","Marriott International Class A","NNM","5263128","5331335","1129272","4.66",,
"2024-12-31","MCD","McDonald's Corporation","NYSE","9441531","9003934","2931896","3.22",,
"2024-12-31","MCK","McKesson Corporation","NYSE","1569663","2036992","804267","1.95",,
"2024-12-31","MCO","Moody's Corporation","NYSE","1559306","1483229","573686","2.72",,
"2024-12-31","MDLZ","Mondelez International, Inc. C","NNM","20395733","13746339","11245696","1.81",,
"2024-12-31","MDT","Medtronic plc","NYSE","9807864","11315871","6031743","1.63",,
"2024-12-31","META","Meta Platforms, Inc. Class A C","NNM","25194083","29331202","13283525","1.90",,
"2024-12-31","MMM","3M Company","NYSE","6500476","6029083","2864084","2.27",,
"2024-12-31","MNST","Monster Beverage Corporation","NNM","22420041","21822037","4692254","4.78",,
"2024-12-31","MO","Altria Group, Inc.","NYSE","29577386","28336534","9067110","3.26",,
"2024-12-31","MPC","MARATHON PETROLEUM CORPORATION","NYSE","7914659","8575831","3581976","2.21",,
"2024-12-31","MPWR","Monolithic Power Systems, Inc.","NNM","2852221","2324251","796039","3.58",,
"2024-12-31","MRK","Merck & Co., Inc.","NYSE","30926600","32027522","10511424","2.94",,
"2024-12-31","MRVL","Marvell Technology, Inc. Commo","NNM","19554106","25132820","15115084","1.29",,
"2024-12-31","MS","Morgan Stanley","NYSE","13774572","14043545","5806001","2.37",,
"2024-12-31","MSFT","Microsoft Corporation Common S","NNM","62178630","60224820","21403095","2.91",,
"2024-12-31","MSI","Motorola Solutions, Inc. New","NYSE","2290151","2036242","891675","2.57",,
"2024-12-31","MU","Micron Technology, Inc. Common","NNM","42300359","33076611","35638671","1.19",,
"2024-12-31","NEE","Nextra Energy, Inc.","NYSE","34605682","35397570","9668701","3.58",,
"2024-12-31","NEM","Newmont Corporation","NYSE","19602185","18131278","10611275","1.85",,
"2024-12-31","NET","Cloudflare, Inc. Class A commo","NYSE","8170137","8381159","2314140","3.53",,
"2024-12-31","NFLX","Netflix, Inc. Common Stock","NNM","6903526","7237161","2677697","2.58",,
"2024-12-31","NKE","Nike, Inc.","NYSE","27897928","23851098","15191556","1.84",,
"2024-12-31","NOC","Northrop Grumman Corp.","NYSE","1946308","2042396","620719","3.14",,
"2024-12-31","NOW","SERVICENOW, INC.","NYSE","3607991","3596491","1110605","3.25",,
"2024-12-31","NSC","Norfolk Southern Corp.","NYSE","2124493","2281549","1233791","1.72",,
"2024-12-31","NVDA","NVIDIA Corporation Common Stoc","NNM","287895394","279745590","197427582","1.46",,
"2024-12-31","O","Realty Income Corporation","NYSE","14688654","14848258","6624770","2.22",,
"2024-12-31","ORCL","Oracle Corp","NYSE","19644932","20455487","6955210","2.82",,
"2024-12-31","ORLY","O'Reilly Automotive, Inc. Comm","NNM","1033327","812788","363990","2.84",,
"2024-12-31","PANW","Palo Alto Networks, Inc. Commo","NNM","25280598","11389828","4789636","5.28","S",
"2024-12-31","PCAR","PACCAR Inc. Common Stock","NNM","8455819","11193969","2315962","3.65",,
"2024-12-31","PEP","PepsiCo, Inc. Common Stock","NNM","20069828","20916137","7193368","2.79",,
"2024-12-31","PFE","Pfizer Inc.","NYSE","75709116","85365045","46147044","1.64",,
"2024-12-31","PG","Procter & Gamble Company","NYSE","17261205","17762347","6897216","2.50",,
"2024-12-31","PGR","Progressive Corporation","NYSE","5616403","4988689","2280316","2.46",,
"2024-12-31","PH","Parker-Hannifin Corporation","NYSE","1379841","1302727","621578","2.22",,
"2024-12-31","PLD","PROLOGIS, INC.","NYSE","12720785","12898796","5287010","2.41",,
"2024-12-31","PLTR","Palantir Technologies Inc. Cla","NNM","98489947","77284537","99068021","1.00",,
"2024-12-31","PM","Philip Morris International In","NYSE","9208976","11387352","4843181","1.90",,
"2024-12-31","PNC","PNC Financial Services Group","NYSE","4600545","4998517","1832482","2.51",,
"2024-12-31","PSX","PHILLIPS 66","NYSE","6369636","7409653","3534315","1.80",,
"2024-12-31","PWR","Quanta Services, Inc.","NYSE","4592731","4224704","1012562","4.54",,
"2024-12-31","QCOM","QUALCOMM Incorporated Common S","NNM","25055385","22882780","7738840","3.24",,
"2024-12-31","RCL","Royal Caribbean Group","NYSE","12207120","11674052","2011044","6.07",,
"2024-12-31","REGN","Regeneron Pharmaceuticals, Inc","NNM","2095552","1879771","852546","2.46",,
"2024-12-31","ROST","Ross Stores, Inc. Common Stock","NNM","5097014","4848187","2265010","2.25",,
"2024-12-31","RSG","Republic Services Inc.","NYSE","2709331","2214182","1118970","2.42",,
"2024-12-31","RTX","RTX Corporation","NYSE","11396767","11732472","4223904","2.70",,
"2024-12-31","SBUX","Starbucks Corporation Common S","NNM","28127341","30374796","10615679","2.65",,
"2024-12-31","SCCO","Southern Copper Corporation","NYSE","6468472","6545646","715973","9.03",,
"2024-12-31","SCHW","The Charles Schwab Corporation","NYSE","13505655","15343352","7474922","1.81",,
"2024-12-31","SHW","The Sherwin-Williams Company","NYSE","5474672","5496477","1442630","3.79",,
"2024-12-31","SNOW","Snowflake Inc.","NYSE","10216218","12534836","4455273","2.29",,
"2024-12-31","SNPS","Synopsys, Inc. Common Stock","NNM","2959199","2830633","1007844","2.94",,
"2024-12-31","SO","The Southern Company","NYSE","18338555","18166503","3753379","4.89",,
"2024-12-31","SPCX","The SPAC and New Issue ETF","NNM","10864","7518","2272","4.78",,
"2024-12-31","SPG","Simon Property Group, Inc.","NYSE","4828775","5210349","1567353","3.08",,
"2024-12-31","SPGI","S&P Global Inc.","NYSE","2787887","3317389","1210566","2.30",,
"2024-12-31","SYK","Stryker Corporation","NYSE","4616627","4282615","1295367","3.56",,
"2024-12-31","T","AT&T Inc.","NYSE","105349990","106638743","34629338","3.04",,
"2024-12-31","TDG","TransDigm Group Incorporated","NYSE","1186492","883777","330861","3.59",,
"2024-12-31","TFC","Truist Financial Corporation","NYSE","16095542","20288098","6540427","2.46",,
"2024-12-31","TGT","Target Corporation","NYSE","12273004","12668909","4636705","2.65",,
"2024-12-31","TJX","TJX Companies, Inc. (The)","NYSE","11668257","13220920","5469160","2.13",,
"2024-12-31","TMO","Thermo Fisher Scientific, Inc.","NYSE","3520153","3956381","1634269","2.15",,
"2024-12-31","TMUS","T-Mobile US, Inc. Common Stock","NNM","14470380","14496650","3955994","3.66",,
"2024-12-31","TRV","The Travelers Companies, Inc.","NYSE","3296738","2926390","1139232","2.89",,
"2024-12-31","TSLA","Tesla, Inc. Common Stock","NNM","67379077","80765425","97574248","1.00",,
"2024-12-31","TXN","Texas Instruments Incorporated","NNM","20275642","18655730","4998267","4.06",,
"2024-12-31","UBER","Uber Technologies, Inc.","NYSE","52339722","62095653","23354877","2.24",,
"2024-12-31","UNH","UNITEDHEALTH GROUP INCORPORATE","NYSE","8180532","6432331","6738980","1.21",,
"2024-12-31","UNP","Union Pacific Corp.","NYSE","5392528","5691905","2484506","2.17",,
"2024-12-31","UPS","United Parcel Service, Inc. Cl","NYSE","11920443","13333324","4497746","2.65",,
"2024-12-31","URI","United Rentals, Inc.","NYSE","1657558","1750592","508368","3.26",,
"2024-12-31","USB","U.S. Bancorp","NYSE","22517187","22922982","7180874","3.14",,
"2024-12-31","V","VISA Inc.","NYSE","30261769","25087968","7549703","4.01",,
"2024-12-31","VLO","Valero Energy Corporation","NYSE","15232276","14867010","3475288","4.38",,
"2024-12-31","VRT","Vertiv Holdings Co Class A Com","NYSE","13150464","12911420","4690396","2.80",,
"2024-12-31","VRTX","Vertex Pharmaceuticals Incorpo","NNM","3955628","3512605","2473678","1.60",,
"2024-12-31","VZ","Verizon Communications","NYSE","57203572","62359296","20054501","2.85",,
"2024-12-31","WBD","Warner Bros. Discovery, Inc. S","NNM","80046562","94757814","24948800","3.21",,
"2024-12-31","WDC","Western Digital Corporation Co","NNM","20603680","20847932","5505773","3.74",,
"2024-12-31","WELL","Welltower Inc.","NYSE","9439187","10094177","3300888","2.86",,
"2024-12-31","WFC","Wells Fargo & Co.","NYSE","30063300","37660024","15806974","1.90",,
"2024-12-31","WM","Waste Management, Inc.","NYSE","3364175","3292623","1774925","1.90",,
"2024-12-31","WMB","Williams Companies Inc.","NYSE","17879736","17092161","6602314","2.71",,
"2024-12-31","WMT","Walmart Inc.","NYSE","34845036","40037418","19051193","1.83",,
"2024-12-31","XOM","Exxon Mobil Corporation","NYSE","40223318","45251281","16435386","2.45",,
"2024-10-15","AAPL","Apple Inc. Common Stock","NNM","140919653","141741381","39312270","3.58",,
"2024-10-15","ABBV","ABBVIE INC.","NYSE","16183592","14856279","4156403","3.89",,
"2024-10-15","ABNB","Airbnb, Inc. Class A Common St","NNM","13769543","13799659","2983225","4.62",,
"2024-10-15","ABT","Abbott Laboratories","NYSE","13982880","11828281","4438791","3.15",,
"2024-10-15","ADBE","Adobe Inc. Common Stock","NNM","6065203","6496793","3024308","2.01",,
"2024-10-15","ADI","Analog Devices, Inc. Common St","NNM","9435925","9617348","2197741","4.29",,
"2024-10-15","ADP","Automatic Data Processing, Inc","NNM","6536001","7064444","1252858","5.22",,
"2024-10-15","AEP","American Electric Power Compan","NNM","6960652","7853990","2316877","3.00",,
"2024-10-15","AFL","Aflac Inc.","NYSE","9769998","11599710","1961524","4.98",,
"2024-10-15","AJG","Arthur J. Gallagher & Co.","NYSE","2827778","2374901","1072185","2.64",,
"2024-10-15","ALL","The Allstate Corporation","NYSE","2206900","1736467","1373056","1.61",,
"2024-10-15","AMAT","Applied Materials, Inc. Common","NNM","15683445","16260842","5395324","2.91",,
"2024-10-15","AMD","Advanced Micro Devices, Inc. C","NNM","47405570","44605073","39571533","1.20",,
"2024-10-15","AMGN","Amgen Inc. Common Stock","NNM","9372122","9813815","1637909","5.72",,
"2024-10-15","AMT","American Tower Corporation","NYSE","4736244","3614819","1841499","2.57",,
"2024-10-15","AMZN","Amazon.com, Inc. Common Stock","NNM","83924197","92617939","30175380","2.78",,
"2024-10-15","ANET","Arista Networks","NYSE","2624270","2521495","1583969","1.66",,
"2024-10-15","AON","Aon plc Class A","NYSE","4700927","4561815","878684","5.35",,
"2024-10-15","APD","Air Products & Chemicals, Inc.","NYSE","4383760","4592467","1745176","2.51",,
"2024-10-15","APH","Amphenol Corporation","NYSE","12752259","12446342","6750906","1.89",,
"2024-10-15","APO","Apollo Global Management, Inc.","NYSE","21928806","21477732","3501795","6.26",,
"2024-10-15","APP","Applovin Corporation Class A C","NNM","21883187","20596472","3611720","6.06",,
"2024-10-15","AVGO","Broadcom Inc. Common Stock","NNM","65330732","64009975","19465012","3.36",,
"2024-10-15","AXP","American Express Company","NYSE","8352895","8841905","2221880","3.76",,
"2024-10-15","BA","Boeing Company","NYSE","14424028","12752698","8760629","1.65",,
"2024-10-15","BAC","Bank of America Corporation","NYSE","60322629","67381669","32448564","1.86",,
"2024-10-15","BKNG","Booking Holdings Inc. Common S","NNM","710447","705707","158528","4.48",,
"2024-10-15","BLK","Blackrock, Inc.","NYSE","1956013","1801385","574434","3.41",,
"2024-10-15","BMY","Bristol-Myers Squibb Co.","NYSE","22501723","20033587","11785017","1.91",,
"2024-10-15","BNY","BlackRock New York Municipal I","NYSE","60587","67258","36515","1.66",,
"2024-10-15","BRKA","Berkshire Hathaway Inc.","NYSE","225","217","1496","1.00",,
"2024-10-15","BRKB","BERKSHIRE HATHAWAY Class B","NYSE","14815428","14662595","2880586","5.14",,
"2024-10-15","BSX","Boston Scientific Corp.","NYSE","11306700","10921304","5400305","2.09",,
"2024-10-15","BX","Blackstone Inc.","NYSE","17190045","18015790","2307384","7.45",,
"2024-10-15","C","Citigroup Inc.","NYSE","31251559","35735324","12459967","2.51",,
"2024-10-15","CAT","Caterpillar Inc.","NYSE","11811318","11748588","2089624","5.65",,
"2024-10-15","CDNS","Cadence Design Systems, Inc. C","NNM","3287120","3358305","1423957","2.31",,
"2024-10-15","CEG","Constellation Energy Corporati","NNM","4844521","5718797","3440062","1.41",,
"2024-10-15","CI","The Cigna Group","NYSE","2842818","3077196","1016682","2.80",,
"2024-10-15","CL","Colgate-Palmolive Company","NYSE","10314038","10200842","4439394","2.32",,
"2024-10-15","CMCSA","Comcast Corporation Class A Co","NNM","57787044","50868333","13389800","4.32",,
"2024-10-15","CME","CME Group Inc. Class A Common","NNM","3631078","3644468","1737518","2.09",,
"2024-10-15","CMI","Cummins Inc.","NYSE","2164722","2338232","517368","4.18",,
"2024-10-15","COF","Capital One Financial","NYSE","10263390","9860566","2054388","5.00",,
"2024-10-15","COP","ConocoPhillips","NYSE","22805336","21266967","6149442","3.71",,
"2024-10-15","COST","Costco Wholesale Corporation C","NNM","6145704","6823294","1630516","3.77",,
"2024-10-15","CRM","Salesforce, Inc.","NYSE","13142597","15935745","4799509","2.74",,
"2024-10-15","CRWD","CrowdStrike Holdings, Inc. Cla","NNM","8944988","10090709","3655177","2.45",,
"2024-10-15","CSCO","Cisco Systems, Inc. Common Sto","NNM","57072600","48426250","12388912","4.61",,
"2024-10-15","CSX","CSX Corporation Common Stock","NNM","27656797","24050732","9606806","2.88",,
"2024-10-15","CTAS","Cintas Corporation Common Stoc","NNM","5952096","6193516","1227183","4.85",,
"2024-10-15","CVNA","Carvana Co.","NYSE","13643176","14548313","2600782","5.25",,
"2024-10-15","CVS","CVS HEALTH CORPORATION","NYSE","20798053","19748955","13832932","1.50",,
"2024-10-15","CVX","Chevron Corporation","NYSE","53508915","53858673","6290608","8.51",,
"2024-10-15","D","Dominion Energy, Inc Common St","NYSE","15267236","17127775","3152224","4.84",,
"2024-10-15","DASH","DoorDash, Inc. Class A Common","NNM","12340611","12605339","3124306","3.95",,
"2024-10-15","DDOG","Datadog, Inc. Class A Common S","NNM","9062445","8068420","3371407","2.69",,
"2024-10-15","DE","Deere & Company","NYSE","4903320","5516057","880120","5.57",,
"2024-10-15","DELL","Dell Technologies Inc.","NYSE","10339221","14026548","6665894","1.55",,
"2024-10-15","DHR","Danaher Corporation","NYSE","5324404","5644106","1465709","3.63",,
"2024-10-15","DIS","The Walt Disney Company","NYSE","18080077","20605221","7839375","2.31",,
"2024-10-15","DLR","Digital Realty Trust, Inc.","NYSE","7882252","8021831","1275326","6.18",,
"2024-10-15","DUK","Duke Energy Corporation","NYSE","9831016","10560709","4018721","2.45",,
"2024-10-15","ECL","Ecolab, Inc.","NYSE","1861742","2017516","719900","2.59",,
"2024-10-15","ELV","Elevance Health, Inc.","NYSE","2668434","2416411","1353379","1.97",,
"2024-10-15","EMR","Emerson Electric Co.","NYSE","8629096","8755165","2338951","3.69",,
"2024-10-15","EOG","EOG Resources, Inc.","NYSE","11469782","12203029","2449181","4.68",,
"2024-10-15","EPD","Enterprise Products Partners L","NYSE","15800823","15317048","3051485","5.18",,
"2024-10-15","EQIX","Equinix, Inc. Common Stock REI","NNM","1334479","1161172","315082","4.24",,
"2024-10-15","FCX","Freeport-McMoran Inc.","NYSE","24408940","22871620","9950642","2.45",,
"2024-10-15","FDX","FedEx Corporation","NYSE","3936357","4413512","1302716","3.02",,
"2024-10-15","FTNT","Fortinet, Inc. Common Stock","NNM","12951386","12986849","3872540","3.34",,
"2024-10-15","GD","General Dynamics Corporation","NYSE","2692579","3677915","956532","2.81",,
"2024-10-15","GE","GE Aerospace","NYSE","10892821","10197310","3213490","3.39",,
"2024-10-15","GEV","GE Vernova Inc.","NYSE","4875843","4774310","2117455","2.30",,
"2024-10-15","GILD","Gilead Sciences, Inc. Common S","NNM","16482604","17735062","4732457","3.48",,
"2024-10-15","GLW","Corning Incorporated","NYSE","11161833","11991899","4266875","2.62",,
"2024-10-15","GM","General Motors Company","NYSE","32760278","30674661","11820425","2.77",,
"2024-10-15","GOOG","Alphabet Inc. Class C Capital","NNM","38030425","36073354","13270468","2.87",,
"2024-10-15","GOOGL","Alphabet Inc. Class A Common S","NNM","68512841","71086657","20392379","3.36",,
"2024-10-15","GS","Goldman Sachs Group Inc.","NYSE","4776372","4428140","1870114","2.55",,
"2024-10-15","GWW","W.W. Grainger, Inc.","NYSE","1647542","1594858","200856","8.20",,
"2024-10-15","HCA","HCA Healthcare, Inc.","NYSE","2859826","2682450","1156640","2.47",,
"2024-10-15","HD","Home Depot, Inc.","NYSE","11260137","10064939","3304289","3.41",,
"2024-10-15","HLT","Hilton Worldwide Holdings Inc.","NYSE","4231359","4376792","1223952","3.46",,
"2024-10-15","HON","Honeywell International Inc. C","NNM","7972955","6620082","2997420","2.66",,
"2024-10-15","HOOD","Robinhood Markets, Inc. Class","NNM","22736210","26645125","15751231","1.44",,
"2024-10-15","HPE","Hewlett Packard Enterprise Com","NYSE","37031300","37713921","11809273","3.14",,
"2024-10-15","HWM","Howmet Aerospace Inc.","NYSE","7898351","8307629","1930644","4.09",,
"2024-10-15","IBKR","Interactive Brokers Group, Inc","NNM","1383244","1704979","1011699","1.37",,
"2024-10-15","IBM","International Business Machine","NYSE","23688921","22712455","3500684","6.77",,
"2024-10-15","ICE","Intercontinental Exchange  Inc","NYSE","5928138","5612460","2371899","2.50",,
"2024-10-15","INTC","Intel Corporation Common Stock","NNM","103263136","117683577","53622435","1.93",,
"2024-10-15","INTU","Intuit Inc. Common Stock","NNM","3432505","2988535","1283222","2.67",,
"2024-10-15","ISRG","Intuitive Surgical, Inc. Commo","NNM","3550255","3739311","1004029","3.54",,
"2024-10-15","ITW","Illinois Tool Works Inc.","NYSE","6245270","6700831","658231","9.49",,
"2024-10-15","JNJ","Johnson & Johnson","NYSE","18659251","19739403","5532198","3.37",,
"2024-10-15","JPM","JPMorgan Chase & Co.","NYSE","28074345","27540755","8737532","3.21",,
"2024-10-15","KKR","KKR & Co. Inc.","NYSE","11629900","13399163","2341809","4.97",,
"2024-10-15","KLAC","KLA Corporation Common Stock","NNM","2533600","2442419","882481","2.87",,
"2024-10-15","KMI","Kinder Morgan, Inc.","NYSE","45058049","39909381","15143855","2.98",,
"2024-10-15","KO","Coca-Cola Company","NYSE","31869171","33950953","10822816","2.94",,
"2024-10-15","LIN","Linde plc Ordinary Shares","NNM","5282272","4987045","1352886","3.90",,
"2024-10-15","LLY","Eli Lilly & Co.","NYSE","5786764","5789265","2081752","2.78",,
"2024-10-15","LMT","Lockheed Martin Corp.","NYSE","2404799","2376789","906842","2.65",,
"2024-10-15","LOW","Lowe's Companies Inc.","NYSE","6735382","6550005","2045959","3.29",,
"2024-10-15","LRCX","Lam Research Corporation Commo","NNM","29336124","3222540","10253400","2.86","S",
"2024-10-15","MA","Mastercard Incorporated","NYSE","6264290","5528929","2061395","3.04",,
"2024-10-15","MAR","Marriott International Class A","NNM","5024906","4756527","1247539","4.03",,
"2024-10-15","MCD","McDonald's Corporation","NYSE","9470645","9815016","2233335","4.24",,
"2024-10-15","MCK","McKesson Corporation","NYSE","2103457","2393880","835297","2.52",,
"2024-10-15","MCO","Moody's Corporation","NYSE","1766912","1553688","835823","2.11",,
"2024-10-15","MDLZ","Mondelez International, Inc. C","NNM","13937405","13214349","4719629","2.95",,
"2024-10-15","MDT","Medtronic plc","NYSE","10766623","10665162","3934770","2.74",,
"2024-10-15","META","Meta Platforms, Inc. Class A C","NNM","31259402","32456739","10023000","3.12",,
"2024-10-15","MMM","3M Company","NYSE","7604273","7339374","2655752","2.86",,
"2024-10-15","MNST","Monster Beverage Corporation","NNM","22740349","22905455","5495276","4.14",,
"2024-10-15","MO","Altria Group, Inc.","NYSE","26165907","25113050","6582370","3.98",,
"2024-10-15","MPC","MARATHON PETROLEUM CORPORATION","NYSE","8781369","9658742","2631814","3.34",,
"2024-10-15","MPWR","Monolithic Power Systems, Inc.","NNM","1291726","1557192","425536","3.04",,
"2024-10-15","MRK","Merck & Co., Inc.","NYSE","26041803","27261544","8609042","3.02",,
"2024-10-15","MRVL","Marvell Technology, Inc. Commo","NNM","18118492","17339088","10882653","1.66",,
"2024-10-15","MS","Morgan Stanley","NYSE","16835118","16365796","5226287","3.22",,
"2024-10-15","MSFT","Microsoft Corporation Common S","NNM","60313798","59527028","16871572","3.57",,
"2024-10-15","MSI","Motorola Solutions, Inc. New","NYSE","1576250","1374349","581886","2.71",,
"2024-10-15","MU","Micron Technology, Inc. Common","NNM","35196409","34170202","22485030","1.57",,
"2024-10-15","NEE","Nextra Energy, Inc.","NYSE","27993610","34266987","9244319","3.03",,
"2024-10-15","NEM","Newmont Corporation","NYSE","18292344","18743085","6485862","2.82",,
"2024-10-15","NET","Cloudflare, Inc. Class A commo","NYSE","9767883","10181759","2800320","3.49",,
"2024-10-15","NFLX","Netflix, Inc. Common Stock","NNM","7167190","7215932","2553582","2.81",,
"2024-10-15","NKE","Nike, Inc.","NYSE","23393086","22764753","14175392","1.65",,
"2024-10-15","NOC","Northrop Grumman Corp.","NYSE","1353871","1462725","523604","2.59",,
"2024-10-15","NOW","SERVICENOW, INC.","NYSE","3532114","3877371","1061274","3.33",,
"2024-10-15","NSC","Norfolk Southern Corp.","NYSE","2050816","2216935","1007165","2.04",,
"2024-10-15","NVDA","NVIDIA Corporation Common Stoc","NNM","255835181","251090067","266721334","1.00",,
"2024-10-15","O","Realty Income Corporation","NYSE","16318776","19276784","3932641","4.15",,
"2024-10-15","ORCL","Oracle Corp","NYSE","19287752","16959793","6552101","2.94",,
"2024-10-15","ORLY","O'Reilly Automotive, Inc. Comm","NNM","1156949","1316459","239759","4.83",,
"2024-10-15","PANW","Palo Alto Networks, Inc. Commo","NNM","9122945","9605599","2397125","3.81",,
"2024-10-15","PCAR","PACCAR Inc. Common Stock","NNM","14336318","14607907","2408431","5.95",,
"2024-10-15","PEP","PepsiCo, Inc. Common Stock","NNM","17398618","17908413","5736158","3.03",,
"2024-10-15","PFE","Pfizer Inc.","NYSE","70944172","67620137","31955948","2.22",,
"2024-10-15","PG","Procter & Gamble Company","NYSE","16883721","20417804","6704454","2.52",,
"2024-10-15","PGR","Progressive Corporation","NYSE","5350943","4733588","2114348","2.53",,
"2024-10-15","PH","Parker-Hannifin Corporation","NYSE","988170","1089955","416247","2.37",,
"2024-10-15","PLD","PROLOGIS, INC.","NYSE","9744656","11761179","3292768","2.96",,
"2024-10-15","PLTR","Palantir Technologies Inc. Cla","NYSE","95592527","97631384","56254948","1.70",,
"2024-10-15","PM","Philip Morris International In","NYSE","8233875","8326970","4076103","2.02",,
"2024-10-15","PNC","PNC Financial Services Group","NYSE","5609476","5840122","1622746","3.46",,
"2024-10-15","PSX","PHILLIPS 66","NYSE","6623508","6531297","1975542","3.35",,
"2024-10-15","PWR","Quanta Services, Inc.","NYSE","4054950","4801696","610225","6.65",,
"2024-10-15","QCOM","QUALCOMM Incorporated Common S","NNM","25034568","25675702","6743016","3.71",,
"2024-10-15","RCL","Royal Caribbean Group","NYSE","11395868","10988788","1750537","6.51",,
"2024-10-15","REGN","Regeneron Pharmaceuticals, Inc","NNM","1715921","1731813","635138","2.70",,
"2024-10-15","ROST","Ross Stores, Inc. Common Stock","NNM","4655022","3919745","2023482","2.30",,
"2024-10-15","RSG","Republic Services Inc.","NYSE","2719670","2770505","937809","2.90",,
"2024-10-15","RTX","RTX Corporation","NYSE","12796184","11617785","4057795","3.15",,
"2024-10-15","SBUX","Starbucks Corporation Common S","NNM","28291085","28406492","5897441","4.80",,
"2024-10-15","SCCO","Southern Copper Corporation","NYSE","6336070","6330883","925023","6.85",,
"2024-10-15","SCHW","The Charles Schwab Corporation","NYSE","18160759","17871144","8666799","2.10",,
"2024-10-15","SHW","The Sherwin-Williams Company","NYSE","2489214","2405831","918892","2.71",,
"2024-10-15","SNOW","Snowflake Inc.","NYSE","12600994","13169649","5627719","2.24",,
"2024-10-15","SNPS","Synopsys, Inc. Common Stock","NNM","2660105","2877767","925776","2.87",,
"2024-10-15","SO","The Southern Company","NYSE","19034230","20953489","3924367","4.85",,
"2024-10-15","SPCX","The SPAC and New Issue ETF","NNM","7267","7235","431","16.86",,
"2024-10-15","SPG","Simon Property Group, Inc.","NYSE","5700212","5928917","1098986","5.19",,
"2024-10-15","SPGI","S&P Global Inc.","NYSE","3565952","3689825","848908","4.20",,
"2024-10-15","SYK","Stryker Corporation","NYSE","4303248","5094660","834632","5.16",,
"2024-10-15","T","AT&T Inc.","NYSE","114863813","129611737","28236996","4.07",,
"2024-10-15","TDG","TransDigm Group Incorporated","NYSE","814572","767396","158469","5.14",,
"2024-10-15","TFC","Truist Financial Corporation","NYSE","14540262","13302882","8069057","1.80",,
"2024-10-15","TGT","Target Corporation","NYSE","14241979","15442292","3402949","4.19",,
"2024-10-15","TJX","TJX Companies, Inc. (The)","NYSE","13662339","11064735","5412408","2.52",,
"2024-10-15","TMO","Thermo Fisher Scientific, Inc.","NYSE","3051829","3448257","1141914","2.67",,
"2024-10-15","TMUS","T-Mobile US, Inc. Common Stock","NNM","14292142","13914162","2720720","5.25",,
"2024-10-15","TRV","The Travelers Companies, Inc.","NYSE","3396315","3774168","1025210","3.31",,
"2024-10-15","TSLA","Tesla, Inc. Common Stock","NNM","79364249","74332630","82726604","1.00",,
"2024-10-15","TXN","Texas Instruments Incorporated","NNM","18891777","19267754","4446550","4.25",,
"2024-10-15","UBER","Uber Technologies, Inc.","NYSE","55166675","52601040","17679368","3.12",,
"2024-10-15","UNH","UNITEDHEALTH GROUP INCORPORATE","NYSE","7728234","7861303","3354061","2.30",,
"2024-10-15","UNP","Union Pacific Corp.","NYSE","3831236","4253847","1935804","1.98",,
"2024-10-15","UPS","United Parcel Service, Inc. Cl","NYSE","13941411","13671083","2751812","5.07",,
"2024-10-15","URI","United Rentals, Inc.","NYSE","2348249","2734723","440089","5.34",,
"2024-10-15","USB","U.S. Bancorp","NYSE","18300954","19445828","6342289","2.89",,
"2024-10-15","V","VISA Inc.","NYSE","22087691","23356823","4478248","4.93",,
"2024-10-15","VLO","Valero Energy Corporation","NYSE","13260942","13443489","2862382","4.63",,
"2024-10-15","VRT","Vertiv Holdings Co Class A Com","NYSE","18015249","18901563","5974860","3.02",,
"2024-10-15","VRTX","Vertex Pharmaceuticals Incorpo","NNM","4291428","4076349","993680","4.32",,
"2024-10-15","VZ","Verizon Communications","NYSE","48590245","51304396","12827862","3.79",,
"2024-10-15","WBD","Warner Bros. Discovery, Inc. S","NNM","104960931","99238850","21926226","4.79",,
"2024-10-15","WDC","Western Digital Corporation Co","NNM","17911212","19539444","4096407","4.37",,
"2024-10-15","WELL","Welltower Inc.","NYSE","8594005","11037296","2107374","4.08",,
"2024-10-15","WFC","Wells Fargo & Co.","NYSE","35722597","31012072","16701632","2.14",,
"2024-10-15","WM","Waste Management, Inc.","NYSE","3086081","3296846","1120277","2.75",,
"2024-10-15","WMB","Williams Companies Inc.","NYSE","20891279","21198234","5984510","3.49",,
"2024-10-15","WMT","Walmart Inc.","NYSE","32508336","31120121","13086646","2.48",,
"2024-10-15","XOM","Exxon Mobil Corporation","NYSE","41269219","38837390","14767679","2.79",,
"2024-11-15","AAPL","Apple Inc. Common Stock","NNM","141037864","133040194","44920191","3.14",,
"2024-11-15","ABBV","ABBVIE INC.","NYSE","20169830","18125235","8086873","2.49",,
"2024-11-15","ABNB","Airbnb, Inc. Class A Common St","NNM","13344389","14779972","6766365","1.97",,
"2024-11-15","ABT","Abbott Laboratories","NYSE","12052833","14073057","5604120","2.15",,
"2024-11-15","ADBE","Adobe Inc. Common Stock","NNM","6616429","6456152","3036792","2.18",,
"2024-11-15","ADI","Analog Devices, Inc. Common St","NNM","6294486","7434644","3173400","1.98",,
"2024-11-15","ADP","Automatic Data Processing, Inc","NNM","5207532","6505108","1577068","3.30",,
"2024-11-15","AEP","American Electric Power Compan","NNM","7633696","7452431","3940547","1.94",,
"2024-11-15","AFL","Aflac Inc.","NYSE","8262002","9109402","2140789","3.86",,
"2024-11-15","AJG","Arthur J. Gallagher & Co.","NYSE","2758127","2861709","832692","3.31",,
"2024-11-15","ALL","The Allstate Corporation","NYSE","2024363","1958406","1456402","1.39",,
"2024-11-15","AMAT","Applied Materials, Inc. Common","NNM","16902815","16710241","7053544","2.40",,
"2024-11-15","AMD","Advanced Micro Devices, Inc. C","NNM","49389555","57100812","32626054","1.51",,
"2024-11-15","AMGN","Amgen Inc. Common Stock","NNM","9805318","8822777","3047366","3.22",,
"2024-11-15","AMT","American Tower Corporation","NYSE","4987554","4761833","3231183","1.54",,
"2024-11-15","AMZN","Amazon.com, Inc. Common Stock","NNM","83771987","76617971","51922688","1.61",,
"2024-11-15","ANET","Arista Networks","NYSE","3000967","2718072","2733299","1.10",,
"2024-11-15","AON","Aon plc Class A","NYSE","4723292","4690316","1175838","4.02",,
"2024-11-15","APD","Air Products & Chemicals, Inc.","NYSE","3196159","3542974","1510469","2.12",,
"2024-11-15","APH","Amphenol Corporation","NYSE","14226647","10889869","6896851","2.06",,
"2024-11-15","APO","Apollo Global Management, Inc.","NYSE","27171594","27324069","3911792","6.95",,
"2024-11-15","APP","Applovin Corporation Class A C","NNM","16672056","18787489","9327599","1.79",,
"2024-11-15","AVGO","Broadcom Inc. Common Stock","NNM","68361685","67682866","17518743","3.90",,
"2024-11-15","AXP","American Express Company","NYSE","8934109","7876451","2695296","3.31",,
"2024-11-15","BA","Boeing Company","NYSE","22550331","18890919","16968090","1.33",,
"2024-11-15","BAC","Bank of America Corporation","NYSE","81283650","63840556","44046814","1.85",,
"2024-11-15","BKNG","Booking Holdings Inc. Common S","NNM","624056","796836","283871","2.20",,
"2024-11-15","BLK","Blackrock, Inc.","NYSE","2138587","2045947","653846","3.27",,
"2024-11-15","BMY","Bristol-Myers Squibb Co.","NYSE","25773897","23421095","13911472","1.85",,
"2024-11-15","BNY","BlackRock New York Municipal I","NYSE","20886","72170","63609","1.00",,
"2024-11-15","BRKA","Berkshire Hathaway Inc.","NYSE","246","219","2055","1.00",,
"2024-11-15","BRKB","BERKSHIRE HATHAWAY Class B","NYSE","15582000","14672802","4320117","3.61",,
"2024-11-15","BSX","Boston Scientific Corp.","NYSE","11024434","12914627","5742863","1.92",,
"2024-11-15","BX","Blackstone Inc.","NYSE","17003220","19645403","3173690","5.36",,
"2024-11-15","C","Citigroup Inc.","NYSE","33547783","30500997","16820140","1.99",,
"2024-11-15","CAT","Caterpillar Inc.","NYSE","9755079","10585951","2324083","4.20",,
"2024-11-15","CDNS","Cadence Design Systems, Inc. C","NNM","3627911","3918569","1762300","2.06",,
"2024-11-15","CEG","Constellation Energy Corporati","NNM","5394852","4702700","4487889","1.20",,
"2024-11-15","CI","The Cigna Group","NYSE","3580164","3454218","2023543","1.77",,
"2024-11-15","CL","Colgate-Palmolive Company","NYSE","11204119","10422577","4919352","2.28",,
"2024-11-15","CMCSA","Comcast Corporation Class A Co","NNM","57845087","61277901","18831524","3.07",,
"2024-11-15","CME","CME Group Inc. Class A Common","NNM","3812422","3828528","1776731","2.15",,
"2024-11-15","CMI","Cummins Inc.","NYSE","1600213","1689199","734014","2.18",,
"2024-11-15","COF","Capital One Financial","NYSE","15705830","11170845","4382119","3.58",,
"2024-11-15","COP","ConocoPhillips","NYSE","24865467","22356105","5530428","4.50",,
"2024-11-15","COST","Costco Wholesale Corporation C","NNM","6485763","5993302","2025379","3.20",,
"2024-11-15","CRM","Salesforce, Inc.","NYSE","13516352","13152832","6946802","1.95",,
"2024-11-15","CRWD","CrowdStrike Holdings, Inc. Cla","NNM","8324750","8040430","3203542","2.60",,
"2024-11-15","CSCO","Cisco Systems, Inc. Common Sto","NNM","62452068","58777504","20787415","3.00",,
"2024-11-15","CSX","CSX Corporation Common Stock","NNM","23811923","22606107","13347574","1.78",,
"2024-11-15","CTAS","Cintas Corporation Common Stoc","NNM","6645550","6184271","1327885","5.00",,
"2024-11-15","CVNA","Carvana Co.","NYSE","13002352","13379658","2693550","4.83",,
"2024-11-15","CVS","CVS HEALTH CORPORATION","NYSE","21392872","21854042","14764687","1.45",,
"2024-11-15","CVX","Chevron Corporation","NYSE","63308265","58858134","8322910","7.61",,
"2024-11-15","D","Dominion Energy, Inc Common St","NYSE","15256827","16591612","5550854","2.75",,
"2024-11-15","DASH","DoorDash, Inc. Class A Common","NNM","11630425","11186962","3206508","3.63",,
"2024-11-15","DDOG","Datadog, Inc. Class A Common S","NNM","11365944","9796104","5554005","2.05",,
"2024-11-15","DE","Deere & Company","NYSE","5077220","5372805","1249518","4.06",,
"2024-11-15","DELL","Dell Technologies Inc.","NYSE","10136710","9429070","7203416","1.41",,
"2024-11-15","DHR","Danaher Corporation","NYSE","5052312","5213324","2895299","1.75",,
"2024-11-15","DIS","The Walt Disney Company","NYSE","19812238","17535028","14854218","1.33",,
"2024-11-15","DLR","Digital Realty Trust, Inc.","NYSE","6646901","6652211","2361217","2.82",,
"2024-11-15","DUK","Duke Energy Corporation","NYSE","10490018","9462895","3527983","2.97",,
"2024-11-15","ECL","Ecolab, Inc.","NYSE","1904278","1764752","1043765","1.82",,
"2024-11-15","ELV","Elevance Health, Inc.","NYSE","3132470","2846378","2093892","1.50",,
"2024-11-15","EMR","Emerson Electric Co.","NYSE","11288453","9292327","3787105","2.98",,
"2024-11-15","EOG","EOG Resources, Inc.","NYSE","13284264","12008134","2959277","4.49",,
"2024-11-15","EPD","Enterprise Products Partners L","NYSE","21526897","19379171","4609936","4.67",,
"2024-11-15","EQIX","Equinix, Inc. Common Stock REI","NNM","1550174","1343857","454019","3.41",,
"2024-11-15","FCX","Freeport-McMoran Inc.","NYSE","24312550","23584019","12030718","2.02",,
"2024-11-15","FDX","FedEx Corporation","NYSE","4255352","4157045","1501126","2.83",,
"2024-11-15","FTNT","Fortinet, Inc. Common Stock","NNM","12621880","12574079","6586714","1.92",,
"2024-11-15","GD","General Dynamics Corporation","NYSE","2905953","3084087","1190848","2.44",,
"2024-11-15","GE","GE Aerospace","NYSE","12131626","11267620","4394827","2.76",,
"2024-11-15","GEV","GE Vernova Inc.","NYSE","5186517","4671895","3075783","1.69",,
"2024-11-15","GILD","Gilead Sciences, Inc. Common S","NNM","18059419","17744662","8490239","2.13",,
"2024-11-15","GLW","Corning Incorporated","NYSE","10020660","10020919","4305416","2.33",,
"2024-11-15","GM","General Motors Company","NYSE","34716920","29645644","12171317","2.85",,
"2024-11-15","GOOG","Alphabet Inc. Class C Capital","NNM","43488506","40437009","17045901","2.55",,
"2024-11-15","GOOGL","Alphabet Inc. Class A Common S","NNM","68676244","64260354","25468667","2.70",,
"2024-11-15","GS","Goldman Sachs Group Inc.","NYSE","4786452","4532562","2833708","1.69",,
"2024-11-15","GWW","W.W. Grainger, Inc.","NYSE","1577493","1560360","250115","6.31",,
"2024-11-15","HCA","HCA Healthcare, Inc.","NYSE","2972182","2595877","1608283","1.85",,
"2024-11-15","HD","Home Depot, Inc.","NYSE","9680760","10566922","3887257","2.49",,
"2024-11-15","HLT","Hilton Worldwide Holdings Inc.","NYSE","5284197","4116240","1538510","3.43",,
"2024-11-15","HON","Honeywell International Inc. C","NNM","10631326","9280196","5781781","1.84",,
"2024-11-15","HOOD","Robinhood Markets, Inc. Class","NNM","23851390","19955900","24233845","1.00",,
"2024-11-15","HPE","Hewlett Packard Enterprise Com","NYSE","33641586","33082561","11034273","3.05",,
"2024-11-15","HWM","Howmet Aerospace Inc.","NYSE","7780062","7387499","2470851","3.15",,
"2024-11-15","IBKR","Interactive Brokers Group, Inc","NNM","1822410","1506923","1119219","1.63",,
"2024-11-15","IBM","International Business Machine","NYSE","21480812","20975544","3510868","6.12",,
"2024-11-15","ICE","Intercontinental Exchange  Inc","NYSE","6472104","4331451","3195269","2.03",,
"2024-11-15","INTC","Intel Corporation Common Stock","NNM","117711214","105534514","82615289","1.42",,
"2024-11-15","INTU","Intuit Inc. Common Stock","NNM","3781430","3839706","1682296","2.25",,
"2024-11-15","ISRG","Intuitive Surgical, Inc. Commo","NNM","4153981","3850554","1416979","2.93",,
"2024-11-15","ITW","Illinois Tool Works Inc.","NYSE","5528535","5306547","891562","6.20",,
"2024-11-15","JNJ","Johnson & Johnson","NYSE","17476968","18107294","7487144","2.33",,
"2024-11-15","JPM","JPMorgan Chase & Co.","NYSE","30115062","26261659","10885116","2.77",,
"2024-11-15","KKR","KKR & Co. Inc.","NYSE","11089162","11421985","3243391","3.42",,
"2024-11-15","KLAC","KLA Corporation Common Stock","NNM","2814848","2312762","1222560","2.30",,
"2024-11-15","KMI","Kinder Morgan, Inc.","NYSE","40293681","42757546","15277152","2.64",,
"2024-11-15","KO","Coca-Cola Company","NYSE","33663791","30816595","15343370","2.19",,
"2024-11-15","LIN","Linde plc Ordinary Shares","NNM","5216862","5401428","1894188","2.75",,
"2024-11-15","LLY","Eli Lilly & Co.","NYSE","6543322","6624655","4914543","1.33",,
"2024-11-15","LMT","Lockheed Martin Corp.","NYSE","2650679","2303213","1192765","2.22",,
"2024-11-15","LOW","Lowe's Companies Inc.","NYSE","5568934","6985500","2307061","2.41",,
"2024-11-15","LRCX","Lam Research Corporation Commo","NNM","32289441","32548196","10522143","3.07",,
"2024-11-15","MA","Mastercard Incorporated","NYSE","5952462","6387471","2607823","2.28",,
"2024-11-15","MAR","Marriott International Class A","NNM","5081856","4874818","1610826","3.15",,
"2024-11-15","MCD","McDonald's Corporation","NYSE","8982205","8770607","3150435","2.85",,
"2024-11-15","MCK","McKesson Corporation","NYSE","2092732","2042293","1245688","1.68",,
"2024-11-15","MCO","Moody's Corporation","NYSE","1445598","1826351","730276","1.98",,
"2024-11-15","MDLZ","Mondelez International, Inc. C","NNM","10783961","12760420","6511171","1.66",,
"2024-11-15","MDT","Medtronic plc","NYSE","11894265","10177612","6512410","1.83",,
"2024-11-15","META","Meta Platforms, Inc. Class A C","NNM","29824736","30497460","13123391","2.27",,
"2024-11-15","MMM","3M Company","NYSE","6665086","7007979","3332436","2.00",,
"2024-11-15","MNST","Monster Beverage Corporation","NNM","20046410","20774038","7868141","2.55",,
"2024-11-15","MO","Altria Group, Inc.","NYSE","29463595","26624015","7425299","3.97",,
"2024-11-15","MPC","MARATHON PETROLEUM CORPORATION","NYSE","6878621","8041674","2315392","2.97",,
"2024-11-15","MPWR","Monolithic Power Systems, Inc.","NNM","2515277","1494353","1541905","1.63",,
"2024-11-15","MRK","Merck & Co., Inc.","NYSE","26322944","26228480","9994292","2.63",,
"2024-11-15","MRVL","Marvell Technology, Inc. Commo","NNM","20360508","18192614","10702288","1.90",,
"2024-11-15","MS","Morgan Stanley","NYSE","16669924","14758218","7672820","2.17",,
"2024-11-15","MSFT","Microsoft Corporation Common S","NNM","56018482","62516096","22446377","2.50",,
"2024-11-15","MSI","Motorola Solutions, Inc. New","NYSE","1379672","1342847","751357","1.84",,
"2024-11-15","MU","Micron Technology, Inc. Common","NNM","34336103","35555244","16254027","2.11",,
"2024-11-15","NEE","Nextra Energy, Inc.","NYSE","34213261","32228060","14276415","2.40",,
"2024-11-15","NEM","Newmont Corporation","NYSE","17035969","18544707","13047809","1.31",,
"2024-11-15","NET","Cloudflare, Inc. Class A commo","NYSE","8694790","10139098","3926538","2.21",,
"2024-11-15","NFLX","Netflix, Inc. Common Stock","NNM","7670169","8047066","2765489","2.77",,
"2024-11-15","NKE","Nike, Inc.","NYSE","24886970","23123085","9483198","2.62",,
"2024-11-15","NOC","Northrop Grumman Corp.","NYSE","1706942","1438896","760086","2.25",,
"2024-11-15","NOW","SERVICENOW, INC.","NYSE","3239055","3387549","1175643","2.76",,
"2024-11-15","NSC","Norfolk Southern Corp.","NYSE","2220812","2193094","1268547","1.75",,
"2024-11-15","NVDA","NVIDIA Corporation Common Stoc","NNM","276390339","246400791","199063996","1.39",,
"2024-11-15","O","Realty Income Corporation","NYSE","15425313","18406283","5901463","2.61",,
"2024-11-15","ORCL","Oracle Corp","NYSE","21170106","18701969","7126919","2.97",,
"2024-11-15","ORLY","O'Reilly Automotive, Inc. Comm","NNM","890636","935885","375892","2.37",,
"2024-11-15","PANW","Palo Alto Networks, Inc. Commo","NNM","11550175","10273350","2057168","5.61",,
"2024-11-15","PCAR","PACCAR Inc. Common Stock","NNM","12446372","13543098","2697684","4.61",,
"2024-11-15","PEP","PepsiCo, Inc. Common Stock","NNM","17668210","18589583","5468663","3.23",,
"2024-11-15","PFE","Pfizer Inc.","NYSE","94541302","61869322","57662546","1.64",,
"2024-11-15","PG","Procter & Gamble Company","NYSE","17634134","18719292","7153485","2.47",,
"2024-11-15","PGR","Progressive Corporation","NYSE","4278636","5110331","2415238","1.77",,
"2024-11-15","PH","Parker-Hannifin Corporation","NYSE","1347822","1031188","795837","1.69",,
"2024-11-15","PLD","PROLOGIS, INC.","NYSE","11971116","10399043","3680105","3.25",,
"2024-11-15","PLTR","Palantir Technologies Inc. Cla","NYSE","85397297","85457185","100598207","1.00",,
"2024-11-15","PM","Philip Morris International In","NYSE","8331044","10018211","6364477","1.31",,
"2024-11-15","PNC","PNC Financial Services Group","NYSE","5057564","4804451","2256597","2.24",,
"2024-11-15","PSX","PHILLIPS 66","NYSE","7160294","6058637","2357792","3.04",,
"2024-11-15","PWR","Quanta Services, Inc.","NYSE","4452534","3836232","1061708","4.19",,
"2024-11-15","QCOM","QUALCOMM Incorporated Common S","NNM","23102286","23338097","9893811","2.34",,
"2024-11-15","RCL","Royal Caribbean Group","NYSE","12115976","11306371","1889087","6.41",,
"2024-11-15","REGN","Regeneron Pharmaceuticals, Inc","NNM","1785884","1852823","817313","2.19",,
"2024-11-15","ROST","Ross Stores, Inc. Common Stock","NNM","4027896","4704048","3011327","1.34",,
"2024-11-15","RSG","Republic Services Inc.","NYSE","2563063","2590522","1008918","2.54",,
"2024-11-15","RTX","RTX Corporation","NYSE","14651740","12392430","5855356","2.50",,
"2024-11-15","SBUX","Starbucks Corporation Common S","NNM","30791244","25169487","7788098","3.95",,
"2024-11-15","SCCO","Southern Copper Corporation","NYSE","7134909","6978352","912383","7.82","S",
"2024-11-15","SCHW","The Charles Schwab Corporation","NYSE","16887482","16966848","9634508","1.75",,
"2024-11-15","SHW","The Sherwin-Williams Company","NYSE","6413444","3049081","3559650","1.80",,
"2024-11-15","SNOW","Snowflake Inc.","NYSE","13215344","11770047","5345189","2.47",,
"2024-11-15","SNPS","Synopsys, Inc. Common Stock","NNM","2846030","2609236","827108","3.44",,
"2024-11-15","SO","The Southern Company","NYSE","17307256","18389833","4297381","4.03",,
"2024-11-15","SPCX","The SPAC and New Issue ETF","NNM","7516","7434","1301","5.78",,
"2024-11-15","SPG","Simon Property Group, Inc.","NYSE","5182827","5191057","1298373","3.99",,
"2024-11-15","SPGI","S&P Global Inc.","NYSE","3897708","4453296","1365189","2.86",,
"2024-11-15","SYK","Stryker Corporation","NYSE","4774989","4052200","1468346","3.25",,
"2024-11-15","T","AT&T Inc.","NYSE","107430341","116870950","30455019","3.53",,
"2024-11-15","TDG","TransDigm Group Incorporated","NYSE","868986","889000","324854","2.68",,
"2024-11-15","TFC","Truist Financial Corporation","NYSE","12779842","13346697","9939613","1.29",,
"2024-11-15","TGT","Target Corporation","NYSE","13026497","13978443","4030889","3.23",,
"2024-11-15","TJX","TJX Companies, Inc. (The)","NYSE","11927946","12898079","5389861","2.21",,
"2024-11-15","TMO","Thermo Fisher Scientific, Inc.","NYSE","3231843","2933571","1622001","1.99",,
"2024-11-15","TMUS","T-Mobile US, Inc. Common Stock","NNM","14210419","13845139","3385506","4.20",,
"2024-11-15","TRV","The Travelers Companies, Inc.","NYSE","3861145","3746703","1191474","3.24",,
"2024-11-15","TSLA","Tesla, Inc. Common Stock","NNM","76444266","77944508","127500997","1.00",,
"2024-11-15","TXN","Texas Instruments Incorporated","NNM","21765130","22456444","5609839","3.88",,
"2024-11-15","UBER","Uber Technologies, Inc.","NYSE","58209634","49709794","20919642","2.78",,
"2024-11-15","UNH","UNITEDHEALTH GROUP INCORPORATE","NYSE","8136680","7058985","3569132","2.28",,
"2024-11-15","UNP","Union Pacific Corp.","NYSE","4720373","5013639","2712961","1.74",,
"2024-11-15","UPS","United Parcel Service, Inc. Cl","NYSE","15386449","13654058","3510998","4.38",,
"2024-11-15","URI","United Rentals, Inc.","NYSE","1874172","2107727","674413","2.78",,
"2024-11-15","USB","U.S. Bancorp","NYSE","21687638","18386035","9104454","2.38",,
"2024-11-15","V","VISA Inc.","NYSE","20339629","19618439","5378572","3.78",,
"2024-11-15","VLO","Valero Energy Corporation","NYSE","14133603","13982507","2251251","6.28",,
"2024-11-15","VRT","Vertiv Holdings Co Class A Com","NYSE","16658970","18442016","5648151","2.95",,
"2024-11-15","VRTX","Vertex Pharmaceuticals Incorpo","NNM","4110712","4504708","1421813","2.89",,
"2024-11-15","VZ","Verizon Communications","NYSE","53305624","50450230","18220729","2.93",,
"2024-11-15","WBD","Warner Bros. Discovery, Inc. S","NNM","104751779","99611118","39610414","2.64",,
"2024-11-15","WDC","Western Digital Corporation Co","NNM","18103389","16253399","4329186","4.18",,
"2024-11-15","WELL","Welltower Inc.","NYSE","9300542","9666967","2454486","3.79",,
"2024-11-15","WFC","Wells Fargo & Co.","NYSE","36596779","34963714","20208269","1.81",,
"2024-11-15","WM","Waste Management, Inc.","NYSE","3042181","3019215","1513462","2.01",,
"2024-11-15","WMB","Williams Companies Inc.","NYSE","14446863","17666574","6337807","2.28",,
"2024-11-15","WMT","Walmart Inc.","NYSE","35552801","31701110","13706276","2.59",,
"2024-11-15","XOM","Exxon Mobil Corporation","NYSE","41581871","45136555","14848498","2.80",,
"2023-05-31","AAPL","Apple Inc. Common Stock","NNM","117654782","109883384","56986553","2.06",,"R"
"2023-05-31","ABBV","ABBVIE INC.","NYSE","11379723","11973229","6230027","1.83",,
"2023-05-31","ABNB","Airbnb, Inc. Class A Common St","NNM","24371864","23235404","6622542","3.68",,"R"
"2023-05-31","ABT","Abbott Laboratories","NYSE","13434952","12952998","4608936","2.91",,"R"
"2023-05-31","ADBE","Adobe Inc. Common Stock","NNM","6161947","5920594","4188598","1.47",,"R"
"2023-05-31","ADI","Analog Devices, Inc. Common St","NNM","6390511","5864536","5182173","1.23",,"R"
"2023-05-31","ADP","Automatic Data Processing, Inc","NNM","5444336","5148054","2212615","2.46",,
"2023-05-31","AEP","American Electric Power Compan","NNM","6435245","6476441","2692198","2.39",,
"2023-05-31","AFL","Aflac Inc.","NYSE","11002206","11102838","2290294","4.80",,
"2023-05-31","AJG","Arthur J. Gallagher & Co.","NYSE","1850669","2184762","977452","1.89",,
"2023-05-31","ALL","The Allstate Corporation","NYSE","2818329","2717529","1891223","1.49",,"R"
"2023-05-31","AMAT","Applied Materials, Inc. Common","NNM","12895196","11025954","7875165","1.64",,"R"
"2023-05-31","AMD","Advanced Micro Devices, Inc. C","NNM","36497332","33487293","81768504","1.00",,"R"
"2023-05-31","AMGN","Amgen Inc. Common Stock","NNM","7413614","7589269","2672467","2.77",,
"2023-05-31","AMT","American Tower Corporation","NYSE","4096320","4255030","2416757","1.69",,
"2023-05-31","AMZN","Amazon.com, Inc. Common Stock","NNM","74822746","65545309","69672419","1.07",,"R"
"2023-05-31","ANET","Arista Networks","NYSE","6451718","4462666","4452680","1.45",,"R"
"2023-05-31","AON","Aon plc Class A","NYSE","2085813","1739887","825883","2.53",,
"2023-05-31","APD","Air Products & Chemicals, Inc.","NYSE","2025702","1617465","802607","2.52",,
"2023-05-31","APH","Amphenol Corporation","NYSE","5687649","5508816","4209823","1.35",,
"2023-05-31","APO","Apollo Global Management, Inc.","NYSE","9874584","9742999","2412523","4.09",,
"2023-05-31","APP","Applovin Corporation Class A C","NNM","13869022","15056750","2809831","4.94",,
"2023-05-31","AVGO","Broadcom Inc. Common Stock","NNM","7293675","6559661","4534489","1.61",,"R"
"2023-05-31","AXP","American Express Company","NYSE","6410921","6649556","3011143","2.13",,
"2023-05-31","BA","Boeing Company","NYSE","9019374","7699561","4231574","2.13",,"R"
"2023-05-31","BAC","Bank of America Corporation","NYSE","68839540","82466261","48809915","1.41",,"R"
"2023-05-31","BKNG","Booking Holdings Inc. Common S","NNM","768579","667075","377081","2.04",,"R"
"2023-05-31","BLK","Blackrock, Inc.","NYSE","2181093","2186564","791423","2.76",,"R"
"2023-05-31","BMY","Bristol-Myers Squibb Co.","NYSE","18844653","21489068","9176163","2.05",,
"2023-05-31","BNY","BlackRock New York Municipal I","NYSE","3485","16011","58732","1.00",,
"2023-05-31","BRKA","Berkshire Hathaway Inc.","NYSE","804","951","6536","1.00",,
"2023-05-31","BRKB","BERKSHIRE HATHAWAY Class B","NYSE","6315460","5606425","3552667","1.78",,
"2023-05-31","BSX","Boston Scientific Corp.","NYSE","12361550","16051683","9303611","1.33",,
"2023-05-31","BX","Blackstone Inc.","NYSE","20953014","21533610","4103030","5.11",,"R"
"2023-05-31","C","Citigroup Inc.","NYSE","26300551","30172250","15570140","1.69",,"R"
"2023-05-31","CAT","Caterpillar Inc.","NYSE","7360751","7543467","3050777","2.41",,"R"
"2023-05-31","CDNS","Cadence Design Systems, Inc. C","NNM","3648915","3751270","2282548","1.60",,
"2023-05-31","CEG","Constellation Energy Corporati","NNM","8284517","7153283","2657677","3.12",,
"2023-05-31","CI","The Cigna Group","NYSE","2362486","3023701","1605296","1.47",,
"2023-05-31","CL","Colgate-Palmolive Company","NYSE","12426612","14004715","6579436","1.89",,
"2023-05-31","CMCSA","Comcast Corporation Class A Co","NNM","37850570","40171356","23316614","1.62",,"R"
"2023-05-31","CME","CME Group Inc. Class A Common","NNM","5029299","4106006","1647597","3.05",,
"2023-05-31","CMI","Cummins Inc.","NYSE","2181082","1790873","894544","2.44",,"R"
"2023-05-31","COF","Capital One Financial","NYSE","8931533","8241194","4476568","2.00",,
"2023-05-31","COP","ConocoPhillips","NYSE","11066229","10141316","7060729","1.57",,"R"
"2023-05-31","COST","Costco Wholesale Corporation C","NNM","3568368","3363200","2444078","1.46",,"R"
"2023-05-31","CRM","Salesforce, Inc.","NYSE","9691065","9083153","7088253","1.37",,"R"
"2023-05-31","CRWD","CrowdStrike Holdings, Inc. Cla","NNM","7196396","7197377","4777102","1.51",,"R"
"2023-05-31","CSCO","Cisco Systems, Inc. Common Sto","NNM","56374160","50179839","25279701","2.23",,
"2023-05-31","CSX","CSX Corporation Common Stock","NNM","18963610","18987509","12060878","1.57",,
"2023-05-31","CTAS","Cintas Corporation Common Stoc","NNM","1114203","1221518","327677","3.40",,
"2023-05-31","CVNA","Carvana Co.","NYSE","48048285","48252587","16760660","2.87",,"R"
"2023-05-31","CVS","CVS HEALTH CORPORATION","NYSE","14942932","15245999","9014613","1.66",,
"2023-05-31","CVX","Chevron Corporation","NYSE","16680908","15394811","8532138","1.96",,"R"
"2023-05-31","D","Dominion Energy, Inc Common St","NYSE","5468445","5661114","3951630","1.38",,"R"
"2023-05-31","DASH","DoorDash, Inc.","NYSE","16279457","18329873","3296119","4.94",,"R"
"2023-05-31","DDOG","Datadog, Inc. Class A Common S","NNM","10254760","9297521","4432968","2.31",,"R"
"2023-05-31","DE","Deere & Company","NYSE","3019501","2649350","2616292","1.15",,
"2023-05-31","DELL","Dell Technologies Inc.","NYSE","8483250","10338667","4573396","1.85",,
"2023-05-31","DHR","Danaher Corporation","NYSE","4318437","4118210","4030549","1.07",,
"2023-05-31","DIS","The Walt Disney Company","NYSE","23679737","24191492","14358059","1.65",,"R"
"2023-05-31","DLR","Digital Realty Trust, Inc.","NYSE","16493985","16181858","3836497","4.30",,"R"
"2023-05-31","DUK","Duke Energy Corporation","NYSE","8223107","7982357","3038277","2.71",,
"2023-05-31","ECL","Ecolab, Inc.","NYSE","1784647","1676223","986063","1.81",,
"2023-05-31","ELV","Elevance Health, Inc.","NYSE","1911206","1844649","1140397","1.68",,
"2023-05-31","EMR","Emerson Electric Co.","NYSE","5869582","4906674","3049350","1.92",,
"2023-05-31","EOG","EOG Resources, Inc.","NYSE","8095158","7968414","3469813","2.33",,
"2023-05-31","EPD","Enterprise Products Partners L","NYSE","10996828","12541116","4106230","2.68",,
"2023-05-31","EQIX","Equinix, Inc. Common Stock REI","NNM","1544484","1470865","578789","2.67",,"R"
"2023-05-31","FCX","Freeport-McMoran Inc.","NYSE","21276017","21507823","12514284","1.70",,"R"
"2023-05-31","FDX","FedEx Corporation","NYSE","3438699","3802218","1694573","2.03",,"R"
"2023-05-31","FTNT","Fortinet, Inc. Common Stock","NNM","12723542","10842274","5438824","2.34",,
"2023-05-31","GD","General Dynamics Corporation","NYSE","3287007","3108642","1282687","2.56",,
"2023-05-31","GE","General Electric Company","NYSE","13247225","13475229","5543072","2.39",,"R"
"2023-05-31","GILD","Gilead Sciences, Inc. Common S","NNM","15281827","17982399","5668601","2.70",,
"2023-05-31","GLW","Corning Incorporated","NYSE","5682623","6210949","5171763","1.10",,
"2023-05-31","GM","General Motors Company","NYSE","33198454","33024440","13080121","2.54",,"R"
"2023-05-31","GOOG","Alphabet Inc. Class C Capital","NNM","35165711","35633827","29220817","1.20",,"R"
"2023-05-31","GOOGL","Alphabet Inc. Class A Common S","NNM","51272391","55956928","37078763","1.38",,"R"
"2023-05-31","GS","Goldman Sachs Group Inc.","NYSE","3645468","3267260","1879289","1.94",,
"2023-05-31","GWW","W.W. Grainger, Inc.","NYSE","1167320","1169803","270576","4.31",,"R"
"2023-05-31","HCA","HCA Healthcare, Inc.","NYSE","2301175","2307280","1197024","1.92",,
"2023-05-31","HD","Home Depot, Inc.","NYSE","13360317","14118285","6988251","1.91",,
"2023-05-31","HLT","Hilton Worldwide Holdings Inc.","NYSE","4254672","4310238","1674789","2.54",,"R"
"2023-05-31","HON","Honeywell International Inc. C","NNM","6067501","5315367","2307734","2.63",,
"2023-05-31","HOOD","Robinhood Markets, Inc. Class","NNM","32732764","34472329","5911038","5.54",,"R"
"2023-05-31","HPE","Hewlett Packard Enterprise Com","NYSE","29675083","31590486","17030821","1.74",,
"2023-05-31","HWM","Howmet Aerospace Inc.","NYSE","3615413","4233008","2561526","1.41",,
"2023-05-31","IBKR","Interactive Brokers Group, Inc","NNM","1281818","1485267","774115","1.66",,
"2023-05-31","IBM","International Business Machine","NYSE","24329618","25980607","4702731","5.17",,"R"
"2023-05-31","ICE","Intercontinental Exchange  Inc","NYSE","3955117","4317229","2487198","1.59",,
"2023-05-31","INTC","Intel Corporation Common Stock","NNM","66586548","67741531","51502735","1.29",,"R"
"2023-05-31","INTU","Intuit Inc. Common Stock","NNM","3330740","3544411","3078213","1.08",,
"2023-05-31","ISRG","Intuitive Surgical, Inc. Commo","NNM","2606724","2622836","1453686","1.79",,
"2023-05-31","ITW","Illinois Tool Works Inc.","NYSE","5860620","5777950","1265033","4.63",,
"2023-05-31","JNJ","Johnson & Johnson","NYSE","14765679","13476639","6479409","2.28",,"R"
"2023-05-31","JPM","JPMorgan Chase & Co.","NYSE","17187232","17270062","10168566","1.69",,"R"
"2023-05-31","KKR","KKR & Co. Inc.","NYSE","10030131","12516160","2650113","3.78",,"R"
"2023-05-31","KLAC","KLA Corporation Common Stock","NNM","2538883","2216635","1241379","2.05",,"R"
"2023-05-31","KMI","Kinder Morgan, Inc.","NYSE","40479216","38881288","13627657","2.97",,
"2023-05-31","KO","Coca-Cola Company","NYSE","20427645","23384481","17339839","1.18",,"R"
"2023-05-31","LIN","Linde plc Ordinary Share","NYSE","3187394","3194990","1667763","1.91",,
"2023-05-31","LLY","Eli Lilly & Co.","NYSE","5998614","6097238","3082267","1.95",,"R"
"2023-05-31","LMT","Lockheed Martin Corp.","NYSE","1706726","1940914","1056734","1.62",,"R"
"2023-05-31","LOW","Lowe's Companies Inc.","NYSE","13062260","9767969","3535649","3.69",,"R"
"2023-05-31","LRCX","Lam Research Corporation Commo","NNM","3396245","2849069","1645438","2.06",,"R"
"2023-05-31","MA","Mastercard Incorporated","NYSE","5536267","5348167","3830457","1.45",,"R"
"2023-05-31","MAR","Marriott International Class A","NNM","5886436","5483526","1517147","3.88",,"R"
"2023-05-31","MCD","McDonald's Corporation","NYSE","5402698","7008446","2686523","2.01",,"R"
"2023-05-31","MCK","McKesson Corporation","NYSE","1593416","1828409","980488","1.63",,
"2023-05-31","MCO","Moody's Corporation","NYSE","2472051","2534143","881060","2.81",,
"2023-05-31","MDLZ","Mondelez International, Inc. C","NNM","14031291","15269850","6532869","2.15",,"R"
"2023-05-31","MDT","Medtronic plc","NYSE","8853683","10699685","7052249","1.26",,"R"
"2023-05-31","META","Meta Platforms, Inc. Class A C","NNM","27791142","27506285","22183118","1.25",,"R"
"2023-05-31","MMM","3M Company","NYSE","12247350","11900558","3622033","3.38",,
"2023-05-31","MNST","Monster Beverage Corporation","NNM","9774950","10863782","4518050","2.16",,"R"
"2023-05-31","MO","Altria Group, Inc.","NYSE","15019318","15660869","6934523","2.17",,
"2023-05-31","MPC","MARATHON PETROLEUM CORPORATION","NYSE","12829510","12316116","4447502","2.88",,
"2023-05-31","MPWR","Monolithic Power Systems, Inc.","NNM","2790411","2060584","943551","2.96",,
"2023-05-31","MRK","Merck & Co., Inc.","NYSE","15648576","19617100","7197314","2.17",,"R"
"2023-05-31","MRVL","Marvell Technology, Inc. Commo","NNM","27211746","29415611","28030989","1.00",,
"2023-05-31","MS","Morgan Stanley","NYSE","22256360","20449987","7210395","3.09",,
"2023-05-31","MSFT","Microsoft Corporation Common S","NNM","46395809","42338907","30745225","1.51",,"R"
"2023-05-31","MSI","Motorola Solutions, Inc. New","NYSE","1129499","1234486","894508","1.26",,
"2023-05-31","MU","Micron Technology, Inc. Common","NNM","29606600","26271181","24037519","1.23",,"R"
"2023-05-31","NEE","Nextra Energy, Inc.","NYSE","14656647","14586648","7064898","2.07",,"R"
"2023-05-31","NEM","Newmont Corporation","NYSE","20153068","17145815","9241118","2.18",,"R"
"2023-05-31","NET","Cloudflare, Inc. Class A commo","NYSE","21032575","20290817","6575546","3.20",,"R"
"2023-05-31","NFLX","Netflix, Inc. Common Stock","NNM","9135043","9904180","8131129","1.12",,"R"
"2023-05-31","NKE","Nike, Inc.","NYSE","15248706","14565618","10196671","1.50",,"R"
"2023-05-31","NOC","Northrop Grumman Corp.","NYSE","1265241","1363741","735820","1.72",,
"2023-05-31","NOW","SERVICENOW, INC.","NYSE","4069948","3738262","2055774","1.98",,"R"
"2023-05-31","NSC","Norfolk Southern Corp.","NYSE","2451702","2754892","1562764","1.57",,
"2023-05-31","NVDA","NVIDIA Corporation Common Stoc","NNM","26884245","28841207","70186427","1.00",,"R"
"2023-05-31","O","Realty Income Corporation","NYSE","29323065","25187016","4008061","7.32",,
"2023-05-31","ORCL","Oracle Corp","NYSE","16068990","14784526","10217063","1.57",,"R"
"2023-05-31","ORLY","O'Reilly Automotive, Inc. Comm","NNM","781571","916625","529484","1.48",,"R"
"2023-05-31","PANW","Palo Alto Networks, Inc. Commo","NNM","19518527","20933006","6694888","2.92",,"R"
"2023-05-31","PCAR","PACCAR Inc. Common Stock","NNM","9672695","8408739","2554754","3.79",,
"2023-05-31","PEP","PepsiCo, Inc. Common Stock","NNM","9646440","12749745","6174931","1.56",,"R"
"2023-05-31","PFE","Pfizer Inc.","NYSE","55777927","45923613","39178360","1.42",,"R"
"2023-05-31","PG","Procter & Gamble Company","NYSE","13212663","14312215","7092805","1.86",,"R"
"2023-05-31","PGR","Progressive Corporation","NYSE","3309772","3398510","3634410","1.00",,"R"
"2023-05-31","PH","Parker-Hannifin Corporation","NYSE","1768774","1623355","740507","2.39",,
"2023-05-31","PLD","PROLOGIS, INC.","NYSE","12423824","12088737","3807858","3.26",,
"2023-05-31","PLTR","Palantir Technologies Inc. Cla","NYSE","148364266","158428442","115200332","1.29",,"R"
"2023-05-31","PM","Philip Morris International In","NYSE","7092090","7044623","5779748","1.23",,
"2023-05-31","PNC","PNC Financial Services Group","NYSE","7604287","8332317","2664438","2.85",,
"2023-05-31","PSX","PHILLIPS 66","NYSE","9528039","9608573","3366612","2.83",,
"2023-05-31","PWR","Quanta Services, Inc.","NYSE","4058142","4218005","1040497","3.90",,
"2023-05-31","QCOM","QUALCOMM Incorporated Common S","NNM","9812978","9637211","10513197","1.00",,"R"
"2023-05-31","RCL","Royal Caribbean Group","NYSE","19227621","18775440","3374292","5.70",,"R"
"2023-05-31","REGN","Regeneron Pharmaceuticals, Inc","NNM","1141603","1212640","550534","2.07",,
"2023-05-31","ROST","Ross Stores, Inc. Common Stock","NNM","3611022","5788447","3176175","1.14",,
"2023-05-31","RSG","Republic Services Inc.","NYSE","2439716","2370776","1348189","1.81",,
"2023-05-31","RTX","Raytheon Technologies Corporat","NYSE","10610595","9105816","4630275","2.29",,
"2023-05-31","SBUX","Starbucks Corporation Common S","NNM","13612902","14093296","6478169","2.10",,"R"
"2023-05-31","SCCO","Southern Copper Corporation","NYSE","6735764","5626407","1317333","5.11",,"R"
"2023-05-31","SCHW","The Charles Schwab Corporation","NYSE","27889539","27661808","13772712","2.02",,"R"
"2023-05-31","SHW","The Sherwin-Williams Company","NYSE","2947454","2509472","1435568","2.05",,
"2023-05-31","SNOW","Snowflake Inc.","NYSE","14395361","12845462","9136352","1.58",,"R"
"2023-05-31","SNPS","Synopsys, Inc. Common Stock","NNM","1725362","1354512","1643759","1.05",,
"2023-05-31","SO","The Southern Company","NYSE","13523115","17202914","4501498","3.00",,
"2023-05-31","SPCX","The SPAC and New Issue ETF","NNM","33763","33809","1397","24.17",,
"2023-05-31","SPG","Simon Property Group, Inc.","NYSE","5897131","6180949","1465434","4.02",,"R"
"2023-05-31","SPGI","S&P Global Inc.","NYSE","4074302","4655701","1200695","3.39",,
"2023-05-31","SYK","Stryker Corporation","NYSE","3117797","3121579","1360321","2.29",,
"2023-05-31","T","AT&T Inc.","NYSE","94183676","83532082","48305363","1.95",,
"2023-05-31","TDG","TransDigm Group Incorporated","NYSE","1082861","1203344","299671","3.61",,
"2023-05-31","TFC","Truist Financial Corporation","NYSE","33306653","29864516","13464290","2.47",,
"2023-05-31","TGT","Target Corporation","NYSE","9654049","9593289","8003350","1.21",,"R"
"2023-05-31","TJX","TJX Companies, Inc. (The)","NYSE","7891527","6653206","6378667","1.24",,
"2023-05-31","TMO","Thermo Fisher Scientific, Inc.","NYSE","3106812","3006417","1778183","1.75",,
"2023-05-31","TMUS","T-Mobile US, Inc. Common Stock","NNM","29144729","28847386","7388750","3.94",,"R"
"2023-05-31","TRV","The Travelers Companies, Inc.","NYSE","2883153","3072771","1240802","2.32",,
"2023-05-31","TSLA","Tesla, Inc. Common Stock","NNM","91194312","95218774","130384317","1.00",,"R"
"2023-05-31","TXN","Texas Instruments Incorporated","NNM","18475629","16479306","5931536","3.11",,
"2023-05-31","UBER","Uber Technologies, Inc.","NYSE","46015970","52889902","22094819","2.08",,"R"
"2023-05-31","UNH","UNITEDHEALTH GROUP INCORPORATE","NYSE","5521881","5200061","2835089","1.95",,"R"
"2023-05-31","UNP","Union Pacific Corp.","NYSE","4136418","4311246","2349156","1.76",,
"2023-05-31","UPS","United Parcel Service, Inc. Cl","NYSE","11108832","13812899","3009386","3.69",,
"2023-05-31","URI","United Rentals, Inc.","NYSE","2784270","2913366","830940","3.35",,
"2023-05-31","USB","U.S. Bancorp","NYSE","38300671","43235355","15258314","2.51",,"R"
"2023-05-31","V","VISA Inc.","NYSE","31404583","33380261","7257179","4.33",,"R"
"2023-05-31","VLO","Valero Energy Corporation","NYSE","10567206","10022520","4846380","2.18",,
"2023-05-31","VRT","Vertiv Holdings Co Class A Com","NYSE","8351277","8992798","8320634","1.00",,
"2023-05-31","VRTX","Vertex Pharmaceuticals Incorpo","NNM","3072125","3225508","1650385","1.86",,
"2023-05-31","VZ","Verizon Communications","NYSE","50395407","44962088","22927371","2.20",,
"2023-05-31","WBD","Warner Bros. Discovery, Inc. S","NNM","92030380","80406494","19652576","4.68",,"R"
"2023-05-31","WDC","Western Digital Corporation Co","NNM","7368584","7845816","4314525","1.71",,
"2023-05-31","WELL","Welltower Inc.","NYSE","13862756","15475429","2325459","5.96",,
"2023-05-31","WFC","Wells Fargo & Co.","NYSE","36011056","34218274","22722627","1.58",,"R"
"2023-05-31","WM","Waste Management, Inc.","NYSE","4678277","4673082","1428829","3.27",,
"2023-05-31","WMB","Williams Companies Inc.","NYSE","20478524","21814544","7008974","2.92",,
"2023-05-31","WMT","Walmart Inc.","NYSE","14549808","13555851","7658115","1.90",,"R"
"2023-05-31","XOM","Exxon Mobil Corporation","NYSE","34410426","33522077","14672531","2.35",,"R"
"2024-09-30","AAPL","Apple Inc. Common Stock","NNM","141741381","130539888","73471915","1.93",,
"2024-09-30","ABBV","ABBVIE INC.","NYSE","14856279","17793512","4937252","3.01",,
"2024-09-30","ABNB","Airbnb, Inc. Class A Common St","NNM","13799659","14310234","4827933","2.86",,
"2024-09-30","ABT","Abbott Laboratories","NYSE","11828281","13364651","5314870","2.23",,
"2024-09-30","ADBE","Adobe Inc. Common Stock","NNM","6496793","6068334","3675733","1.77",,
"2024-09-30","ADI","Analog Devices, Inc. Common St","NNM","9617348","8278010","3031857","3.17",,
"2024-09-30","ADP","Automatic Data Processing, Inc","NNM","7064444","6737390","1713878","4.12",,
"2024-09-30","AEP","American Electric Power Compan","NNM","7853990","8615650","2828280","2.78",,
"2024-09-30","AFL","Aflac Inc.","NYSE","11599710","12844631","2860146","4.06",,
"2024-09-30","AJG","Arthur J. Gallagher & Co.","NYSE","2374901","2828683","1065047","2.23",,
"2024-09-30","ALL","The Allstate Corporation","NYSE","1736467","1929808","1473573","1.18",,
"2024-09-30","AMAT","Applied Materials, Inc. Common","NNM","16260842","16623294","6137202","2.65",,
"2024-09-30","AMD","Advanced Micro Devices, Inc. C","NNM","44605073","46399604","30856949","1.45",,
"2024-09-30","AMGN","Amgen Inc. Common Stock","NNM","9813815","8996899","2374404","4.13",,
"2024-09-30","AMT","American Tower Corporation","NYSE","3614819","3954628","2288425","1.58",,
"2024-09-30","AMZN","Amazon.com, Inc. Common Stock","NNM","92617939","83843599","40431485","2.29",,
"2024-09-30","ANET","Arista Networks","NYSE","2521495","2703217","1447293","1.74",,
"2024-09-30","AON","Aon plc Class A","NYSE","4561815","4241746","802714","5.68",,
"2024-09-30","APD","Air Products & Chemicals, Inc.","NYSE","4592467","3343215","1505724","3.05",,
"2024-09-30","APH","Amphenol Corporation","NYSE","12446342","10093817","6015307","2.07",,
"2024-09-30","APO","Apollo Global Management, Inc.","NYSE","21477732","20004637","2814219","7.63",,
"2024-09-30","APP","Applovin Corporation Class A C","NNM","20596472","17282010","5780319","3.56",,
"2024-09-30","AVGO","Broadcom Inc. Common Stock","NNM","64009975","55645166","30585068","2.09",,
"2024-09-30","AXP","American Express Company","NYSE","8841905","9321407","2645557","3.34",,
"2024-09-30","BA","Boeing Company","NYSE","12752698","12610981","9885289","1.29",,
"2024-09-30","BAC","Bank of America Corporation","NYSE","67381669","69937342","38270269","1.76",,
"2024-09-30","BKNG","Booking Holdings Inc. Common S","NNM","705707","774922","224229","3.15",,
"2024-09-30","BLK","Blackrock, Inc.","NYSE","1801385","1817676","507669","3.55",,
"2024-09-30","BMY","Bristol-Myers Squibb Co.","NYSE","20033587","21792101","13898561","1.44",,
"2024-09-30","BNY","BlackRock New York Municipal I","NYSE","67258","25594","49910","1.35",,
"2024-09-30","BRKA","Berkshire Hathaway Inc.","NYSE","217","234","1510","1.00",,
"2024-09-30","BRKB","BERKSHIRE HATHAWAY Class B","NYSE","14662595","14254648","3770844","3.89",,
"2024-09-30","BSX","Boston Scientific Corp.","NYSE","10921304","12198678","5594202","1.95",,
"2024-09-30","BX","Blackstone Inc.","NYSE","18015790","18591576","3689721","4.88",,
"2024-09-30","C","Citigroup Inc.","NYSE","35735324","39159384","12999927","2.75",,
"2024-09-30","CAT","Caterpillar Inc.","NYSE","11748588","10829660","3018673","3.89",,
"2024-09-30","CDNS","Cadence Design Systems, Inc. C","NNM","3358305","3564574","1609914","2.09",,
"2024-09-30","CEG","Constellation Energy Corporati","NNM","5718797","6486058","5032943","1.14",,
"2024-09-30","CI","The Cigna Group","NYSE","3077196","3612805","1183261","2.60",,
"2024-09-30","CL","Colgate-Palmolive Company","NYSE","10200842","8481428","4622040","2.21",,
"2024-09-30","CMCSA","Comcast Corporation Class A Co","NNM","50868333","52411433","22799840","2.23",,
"2024-09-30","CME","CME Group Inc. Class A Common","NNM","3644468","3828423","2055414","1.77",,
"2024-09-30","CMI","Cummins Inc.","NYSE","2338232","2242190","745654","3.14",,
"2024-09-30","COF","Capital One Financial","NYSE","9860566","9017767","2163874","4.56",,
"2024-09-30","COP","ConocoPhillips","NYSE","21266967","21099535","10096468","2.11",,
"2024-09-30","COST","Costco Wholesale Corporation C","NNM","6823294","7116743","2250922","3.03",,
"2024-09-30","CRM","Salesforce, Inc.","NYSE","15935745","14133143","6759756","2.36",,
"2024-09-30","CRWD","CrowdStrike Holdings, Inc. Cla","NNM","10090709","8616527","5102791","1.98",,
"2024-09-30","CSCO","Cisco Systems, Inc. Common Sto","NNM","48426250","52152058","19811813","2.44",,
"2024-09-30","CSX","CSX Corporation Common Stock","NNM","24050732","20113752","11416906","2.11",,
"2024-09-30","CTAS","Cintas Corporation Common Stoc","NNM","6193516","7545854","1720515","3.60",,
"2024-09-30","CVNA","Carvana Co.","NYSE","14548313","13996296","3878282","3.75",,
"2024-09-30","CVS","CVS HEALTH CORPORATION","NYSE","19748955","17404750","8817224","2.24",,
"2024-09-30","CVX","Chevron Corporation","NYSE","53858673","57125132","8658801","6.22",,
"2024-09-30","D","Dominion Energy, Inc Common St","NYSE","17127775","17007893","4559751","3.76",,
"2024-09-30","DASH","DoorDash, Inc. Class A Common","NNM","12605339","13169840","3471270","3.63",,
"2024-09-30","DDOG","Datadog, Inc. Class A Common S","NNM","8068420","8086242","2514422","3.21",,
"2024-09-30","DE","Deere & Company","NYSE","5516057","4986719","1323588","4.17",,
"2024-09-30","DELL","Dell Technologies Inc.","NYSE","14026548","11965579","15804215","1.00",,
"2024-09-30","DHR","Danaher Corporation","NYSE","5644106","7008528","2907134","1.94",,
"2024-09-30","DIS","The Walt Disney Company","NYSE","20605221","21753960","9953476","2.07",,
"2024-09-30","DLR","Digital Realty Trust, Inc.","NYSE","8021831","10498789","2189079","3.66",,
"2024-09-30","DUK","Duke Energy Corporation","NYSE","10560709","11630804","3472837","3.04",,
"2024-09-30","ECL","Ecolab, Inc.","NYSE","2017516","1629370","1024689","1.97",,
"2024-09-30","ELV","Elevance Health, Inc.","NYSE","2416411","2200722","977408","2.47",,
"2024-09-30","EMR","Emerson Electric Co.","NYSE","8755165","7032365","3345509","2.62",,
"2024-09-30","EOG","EOG Resources, Inc.","NYSE","12203029","12282649","4207649","2.90",,
"2024-09-30","EPD","Enterprise Products Partners L","NYSE","15317048","16064781","3055118","5.01",,
"2024-09-30","EQIX","Equinix, Inc. Common Stock REI","NNM","1161172","1506428","505486","2.30",,
"2024-09-30","FCX","Freeport-McMoran Inc.","NYSE","22871620","18657365","16408509","1.39",,
"2024-09-30","FDX","FedEx Corporation","NYSE","4413512","2790554","3867805","1.14",,
"2024-09-30","FTNT","Fortinet, Inc. Common Stock","NNM","12986849","14523750","4366445","2.97",,
"2024-09-30","GD","General Dynamics Corporation","NYSE","3677915","2399213","1650950","2.23",,
"2024-09-30","GE","GE Aerospace","NYSE","10197310","13239167","5371408","1.90",,
"2024-09-30","GEV","GE Vernova Inc.","NYSE","4774310","5221288","3271616","1.46",,
"2024-09-30","GILD","Gilead Sciences, Inc. Common S","NNM","17735062","19947511","8705963","2.04",,
"2024-09-30","GLW","Corning Incorporated","NYSE","11991899","10683897","4863019","2.47",,
"2024-09-30","GM","General Motors Company","NYSE","30674661","34112376","14274872","2.15",,
"2024-09-30","GOOG","Alphabet Inc. Class C Capital","NNM","36073354","42926953","18076534","2.00",,
"2024-09-30","GOOGL","Alphabet Inc. Class A Common S","NNM","71086657","79576572","23364730","3.04",,
"2024-09-30","GS","Goldman Sachs Group Inc.","NYSE","4428140","4995309","1846568","2.40",,
"2024-09-30","GWW","W.W. Grainger, Inc.","NYSE","1594858","1614759","209294","7.62",,
"2024-09-30","HCA","HCA Healthcare, Inc.","NYSE","2682450","3796589","1183097","2.27",,
"2024-09-30","HD","Home Depot, Inc.","NYSE","10064939","10169676","3436967","2.93",,
"2024-09-30","HLT","Hilton Worldwide Holdings Inc.","NYSE","4376792","4230010","1647172","2.66",,
"2024-09-30","HON","Honeywell International Inc. C","NNM","6620082","6825376","2362202","2.80",,
"2024-09-30","HOOD","Robinhood Markets, Inc. Class","NNM","26645125","23783820","11639693","2.29",,
"2024-09-30","HPE","Hewlett Packard Enterprise Com","NYSE","37713921","40028048","18147811","2.08",,
"2024-09-30","HWM","Howmet Aerospace Inc.","NYSE","8307629","8261369","2435270","3.41",,
"2024-09-30","IBKR","Interactive Brokers Group, Inc","NNM","1704979","1535393","966387","1.76",,
"2024-09-30","IBM","International Business Machine","NYSE","22712455","23158888","4397927","5.16",,
"2024-09-30","ICE","Intercontinental Exchange  Inc","NYSE","5612460","5709930","2894849","1.94",,
"2024-09-30","INTC","Intel Corporation Common Stock","NNM","117683577","116716222","134121408","1.00",,
"2024-09-30","INTU","Intuit Inc. Common Stock","NNM","2988535","3452682","1369147","2.18",,
"2024-09-30","ISRG","Intuitive Surgical, Inc. Commo","NNM","3739311","3965539","1207275","3.10",,
"2024-09-30","ITW","Illinois Tool Works Inc.","NYSE","6700831","6086057","916356","7.31",,
"2024-09-30","JNJ","Johnson & Johnson","NYSE","19739403","23027472","6144735","3.21",,
"2024-09-30","JPM","JPMorgan Chase & Co.","NYSE","27540755","27749266","9456345","2.91",,
"2024-09-30","KKR","KKR & Co. Inc.","NYSE","13399163","12915567","2880535","4.65",,
"2024-09-30","KLAC","KLA Corporation Common Stock","NNM","2442419","2451753","873993","2.79",,
"2024-09-30","KMI","Kinder Morgan, Inc.","NYSE","39909381","42185692","12527188","3.19",,
"2024-09-30","KO","Coca-Cola Company","NYSE","33950953","40649996","15815862","2.15",,
"2024-09-30","LIN","Linde plc Ordinary Shares","NNM","4987045","5108427","1558580","3.20",,
"2024-09-30","LLY","Eli Lilly & Co.","NYSE","5789265","6582632","3212288","1.80",,
"2024-09-30","LMT","Lockheed Martin Corp.","NYSE","2376789","2927117","1070073","2.22",,
"2024-09-30","LOW","Lowe's Companies Inc.","NYSE","6550005","7535296","2253870","2.91",,
"2024-09-30","LRCX","Lam Research Corporation Commo","NNM","3222540","2203930","1398273","2.30",,
"2024-09-30","MA","Mastercard Incorporated","NYSE","5528929","5364338","2809565","1.97",,
"2024-09-30","MAR","Marriott International Class A","NNM","4756527","4875121","1508503","3.15",,
"2024-09-30","MCD","McDonald's Corporation","NYSE","9815016","9145979","2741697","3.58",,
"2024-09-30","MCK","McKesson Corporation","NYSE","2393880","1982221","1302822","1.84",,
"2024-09-30","MCO","Moody's Corporation","NYSE","1553688","1696375","836842","1.86",,
"2024-09-30","MDLZ","Mondelez International, Inc. C","NNM","13214349","14794901","5601374","2.36",,
"2024-09-30","MDT","Medtronic plc","NYSE","10665162","12695601","8128803","1.31",,
"2024-09-30","META","Meta Platforms, Inc. Class A C","NNM","32456739","32245792","13417492","2.42",,
"2024-09-30","MMM","3M Company","NYSE","7339374","8553328","4046866","1.81",,
"2024-09-30","MNST","Monster Beverage Corporation","NNM","22905455","24576564","6617616","3.46",,
"2024-09-30","MO","Altria Group, Inc.","NYSE","25113050","26890437","9953995","2.52",,
"2024-09-30","MPC","MARATHON PETROLEUM CORPORATION","NYSE","9658742","9950153","3711126","2.60",,
"2024-09-30","MPWR","Monolithic Power Systems, Inc.","NNM","1557192","1425256","526148","2.96",,
"2024-09-30","MRK","Merck & Co., Inc.","NYSE","27261544","24814031","10588285","2.57",,
"2024-09-30","MRVL","Marvell Technology, Inc. Commo","NNM","17339088","18989503","10194879","1.70",,
"2024-09-30","MS","Morgan Stanley","NYSE","16365796","15231851","5657205","2.89",,
"2024-09-30","MSFT","Microsoft Corporation Common S","NNM","59527028","67500308","19982394","2.98",,
"2024-09-30","MSI","Motorola Solutions, Inc. New","NYSE","1374349","1523150","683297","2.01",,
"2024-09-30","MU","Micron Technology, Inc. Common","NNM","34170202","36954122","36984172","1.00",,
"2024-09-30","NEE","Nextra Energy, Inc.","NYSE","34266987","38420148","10955842","3.13",,
"2024-09-30","NEM","Newmont Corporation","NYSE","18743085","21144906","9971412","1.88",,
"2024-09-30","NET","Cloudflare, Inc. Class A commo","NYSE","10181759","9796125","2374575","4.29",,
"2024-09-30","NFLX","Netflix, Inc. Common Stock","NNM","7215932","7888145","2816652","2.56",,
"2024-09-30","NKE","Nike, Inc.","NYSE","22764753","23353332","16173663","1.41",,
"2024-09-30","NOC","Northrop Grumman Corp.","NYSE","1462725","1589311","590425","2.48",,
"2024-09-30","NOW","SERVICENOW, INC.","NYSE","3877371","3435826","1458563","2.66",,
"2024-09-30","NSC","Norfolk Southern Corp.","NYSE","2216935","2455735","1084714","2.04",,
"2024-09-30","NVDA","NVIDIA Corporation Common Stoc","NNM","251090067","275330404","281785988","1.00",,
"2024-09-30","O","Realty Income Corporation","NYSE","19276784","18182844","5564295","3.46",,
"2024-09-30","ORCL","Oracle Corp","NYSE","16959793","18776290","11091483","1.53",,
"2024-09-30","ORLY","O'Reilly Automotive, Inc. Comm","NNM","1316459","1300972","383409","3.43",,
"2024-09-30","PANW","Palo Alto Networks, Inc. Commo","NNM","9605599","10451872","2355561","4.08",,
"2024-09-30","PCAR","PACCAR Inc. Common Stock","NNM","14607907","14470666","2494873","5.86",,
"2024-09-30","PEP","PepsiCo, Inc. Common Stock","NNM","17908413","18003463","6341529","2.82",,
"2024-09-30","PFE","Pfizer Inc.","NYSE","67620137","74837204","29246643","2.31",,
"2024-09-30","PG","Procter & Gamble Company","NYSE","20417804","20802676","8595428","2.38",,
"2024-09-30","PGR","Progressive Corporation","NYSE","4733588","5144828","2415582","1.96",,
"2024-09-30","PH","Parker-Hannifin Corporation","NYSE","1089955","1159939","649446","1.68",,
"2024-09-30","PLD","PROLOGIS, INC.","NYSE","11761179","14679433","3920594","3.00",,
"2024-09-30","PLTR","Palantir Technologies Inc. Cla","NYSE","97631384","67110092","95928891","1.02",,
"2024-09-30","PM","Philip Morris International In","NYSE","8326970","9420646","7442890","1.12",,
"2024-09-30","PNC","PNC Financial Services Group","NYSE","5840122","5504909","1589677","3.67",,
"2024-09-30","PSX","PHILLIPS 66","NYSE","6531297","7573323","3904254","1.67",,
"2024-09-30","PWR","Quanta Services, Inc.","NYSE","4801696","3754814","780587","6.15",,
"2024-09-30","QCOM","QUALCOMM Incorporated Common S","NNM","25675702","23813324","9319885","2.75",,
"2024-09-30","RCL","Royal Caribbean Group","NYSE","10988788","10579025","1958865","5.61",,
"2024-09-30","REGN","Regeneron Pharmaceuticals, Inc","NNM","1731813","1976159","747406","2.32",,
"2024-09-30","ROST","Ross Stores, Inc. Common Stock","NNM","3919745","4357907","2042137","1.92",,
"2024-09-30","RSG","Republic Services Inc.","NYSE","2770505","2554325","1124097","2.46",,
"2024-09-30","RTX","RTX Corporation","NYSE","11617785","12578799","6884259","1.69",,
"2024-09-30","SBUX","Starbucks Corporation Common S","NNM","28406492","28721387","9073055","3.13",,
"2024-09-30","SCCO","Southern Copper Corporation","NYSE","6330883","6783528","1429553","4.43",,
"2024-09-30","SCHW","The Charles Schwab Corporation","NYSE","17871144","16236997","8010899","2.23",,
"2024-09-30","SHW","The Sherwin-Williams Company","NYSE","2405831","3077079","1257878","1.91",,
"2024-09-30","SNOW","Snowflake Inc.","NYSE","13169649","11503568","9537216","1.38",,
"2024-09-30","SNPS","Synopsys, Inc. Common Stock","NNM","2877767","2678044","1016691","2.83",,
"2024-09-30","SO","The Southern Company","NYSE","20953489","17763143","5125322","4.09",,
"2024-09-30","SPCX","The SPAC and New Issue ETF","NNM","7235","7657","691","10.47",,
"2024-09-30","SPG","Simon Property Group, Inc.","NYSE","5928917","5676110","2041601","2.90",,
"2024-09-30","SPGI","S&P Global Inc.","NYSE","3689825","3798018","1074636","3.43",,
"2024-09-30","SYK","Stryker Corporation","NYSE","5094660","4272245","1080203","4.72",,
"2024-09-30","T","AT&T Inc.","NYSE","129611737","143378919","36463684","3.55",,
"2024-09-30","TDG","TransDigm Group Incorporated","NYSE","767396","733339","205853","3.73",,
"2024-09-30","TFC","Truist Financial Corporation","NYSE","13302882","16292862","7538959","1.76",,
"2024-09-30","TGT","Target Corporation","NYSE","15442292","14288436","3588383","4.30",,
"2024-09-30","TJX","TJX Companies, Inc. (The)","NYSE","11064735","10775942","3947689","2.80",,
"2024-09-30","TMO","Thermo Fisher Scientific, Inc.","NYSE","3448257","3991406","1257576","2.74",,
"2024-09-30","TMUS","T-Mobile US, Inc. Common Stock","NNM","13914162","14856601","4760929","2.92",,
"2024-09-30","TRV","The Travelers Companies, Inc.","NYSE","3774168","3621294","1094268","3.45",,
"2024-09-30","TSLA","Tesla, Inc. Common Stock","NNM","74332630","77219507","77953284","1.00",,
"2024-09-30","TXN","Texas Instruments Incorporated","NNM","19267754","19117216","5100521","3.78",,
"2024-09-30","UBER","Uber Technologies, Inc.","NYSE","52601040","51740420","13258906","3.97",,
"2024-09-30","UNH","UNITEDHEALTH GROUP INCORPORATE","NYSE","7861303","8553097","3116260","2.52",,
"2024-09-30","UNP","Union Pacific Corp.","NYSE","4253847","4507634","2746022","1.55",,
"2024-09-30","UPS","United Parcel Service, Inc. Cl","NYSE","13671083","12870054","4824130","2.83",,
"2024-09-30","URI","United Rentals, Inc.","NYSE","2734723","2621880","470561","5.81",,
"2024-09-30","USB","U.S. Bancorp","NYSE","19445828","17805608","8065363","2.41",,
"2024-09-30","V","VISA Inc.","NYSE","23356823","21387993","9779842","2.39",,
"2024-09-30","VLO","Valero Energy Corporation","NYSE","13443489","13287737","3455597","3.89",,
"2024-09-30","VRT","Vertiv Holdings Co Class A Com","NYSE","18901563","19430322","7569035","2.50",,
"2024-09-30","VRTX","Vertex Pharmaceuticals Incorpo","NNM","4076349","4335229","1046356","3.90",,
"2024-09-30","VZ","Verizon Communications","NYSE","51304396","56023012","21484934","2.39",,
"2024-09-30","WBD","Warner Bros. Discovery, Inc. S","NNM","99238850","101754040","29573270","3.36",,
"2024-09-30","WDC","Western Digital Corporation Co","NNM","19539444","18407641","5222746","3.74",,
"2024-09-30","WELL","Welltower Inc.","NYSE","11037296","12598993","3404644","3.24",,
"2024-09-30","WFC","Wells Fargo & Co.","NYSE","31012072","32051583","20608720","1.50",,
"2024-09-30","WM","Waste Management, Inc.","NYSE","3296846","3171604","1509614","2.18",,
"2024-09-30","WMB","Williams Companies Inc.","NYSE","21198234","27143630","5555309","3.82",,
"2024-09-30","WMT","Walmart Inc.","NYSE","31120121","44373464","18371606","1.69",,
"2024-09-30","XOM","Exxon Mobil Corporation","NYSE","38837390","43661322","15758008","2.46",,
"2021-03-31","AAPL","Apple Inc. Common Stock","NNM","101484668","107011007","99065815","1.02",,
"2021-03-31","ABBV","ABBVIE INC.","NYSE","16800575","16201312","7621513","2.20",,
"2021-03-31","ABNB","Airbnb, Inc. Class A Common St","NNM","16430214","13623647","3635680","4.52",,
"2021-03-31","ABT","Abbott Laboratories","NYSE","13641906","12729708","4893397","2.79",,
"2021-03-31","ADBE","Adobe Inc. Common Stock","NNM","5202840","5068426","3137024","1.66",,
"2021-03-31","ADI","Analog Devices, Inc. Common St","NNM","36570662","35587742","2788261","13.12",,
"2021-03-31","ADP","Automatic Data Processing, Inc","NNM","4777752","5279670","2413613","1.98",,
"2021-03-31","AEP","American Electric Power Compan","NNM","7771403","8779629","3329441","2.33",,
"2021-03-31","AFL","Aflac Inc.","NYSE","10285091","11750146","3604925","2.85",,
"2021-03-31","AJG","Arthur J. Gallagher & Co.","NYSE","2606727","2156841","999602","2.61",,
"2021-03-31","ALL","The Allstate Corporation","NYSE","5246223","4423675","2676311","1.96",,
"2021-03-31","AMAT","Applied Materials, Inc. Common","NNM","11890015","10477844","10266948","1.16",,
"2021-03-31","AMD","Advanced Micro Devices, Inc. C","NNM","81563521","83627064","39423266","2.07",,
"2021-03-31","AMGN","Amgen Inc. Common Stock","NNM","11385512","9876578","3236569","3.52",,
"2021-03-31","AMT","American Tower Corporation","NYSE","3333369","3602639","2169620","1.54",,
"2021-03-31","AMZN","Amazon.com, Inc. Common Stock","NNM","5056076","4680520","2954766","1.71",,
"2021-03-31","ANET","Arista Networks","NYSE","2115592","2166221","553474","3.82",,
"2021-03-31","AON","Aon plc Class A","NYSE","22896477","24692549","1885990","12.14",,
"2021-03-31","APD","Air Products & Chemicals, Inc.","NYSE","1632427","1650350","1077582","1.51",,
"2021-03-31","APH","Amphenol Corporation","NYSE","4495111","4745448","2311672","1.94",,
"2021-03-31","APO","Apollo Global Management, Inc.","NYSE","13185990","8221354","3299402","4.00",,
"2021-03-31","AVGO","Broadcom Inc. Common Stock","NNM","6440483","4836652","3090632","2.08",,
"2021-03-31","AXP","American Express Company","NYSE","6676848","8665305","2925771","2.28",,
"2021-03-31","BA","Boeing Company","NYSE","9662429","11184866","19552306","1.00",,
"2021-03-31","BAC","Bank of America Corporation","NYSE","86455878","83766640","56747900","1.52",,
"2021-03-31","BKNG","Booking Holdings Inc. Common S","NNM","823619","801313","393652","2.09",,
"2021-03-31","BLK","Blackrock, Inc.","NYSE","2086680","1910493","599284","3.48",,
"2021-03-31","BMY","Bristol-Myers Squibb Co.","NYSE","16860291","25157645","12192853","1.38",,
"2021-03-31","BNY","BlackRock New York Municipal I","NYSE","77165","57689","25058","3.08",,
"2021-03-31","BRKA","Berkshire Hathaway Inc.","NYSE","871","1100","1912","1.00",,
"2021-03-31","BRKB","BERKSHIRE HATHAWAY Class B","NYSE","10953625","12319183","5974747","1.83",,
"2021-03-31","BSX","Boston Scientific Corp.","NYSE","15089930","17777974","6512250","2.32",,
"2021-03-31","BX","The Blackstone Group Inc.","NYSE","6609418","6640474","2291025","2.88",,
"2021-03-31","C","Citigroup Inc.","NYSE","24832446","32235570","16582503","1.50",,
"2021-03-31","CAT","Caterpillar Inc.","NYSE","6397175","6581277","3454199","1.85",,
"2021-03-31","CDNS","Cadence Design Systems, Inc. C","NNM","4174107","3917018","1600504","2.61",,
"2021-03-31","CI","CIGNA Corporation","NYSE","4549809","4698918","1845576","2.47",,
"2021-03-31","CL","Colgate-Palmolive Company","NYSE","7172625","6737658","4958283","1.45",,
"2021-03-31","CMCSA","Comcast Corporation Class A Co","NNM","77114022","82193990","17480082","4.41",,
"2021-03-31","CME","CME Group Inc. Class A Common","NNM","5260918","5057186","1494761","3.52",,
"2021-03-31","CMI","Cummins Inc.","NYSE","2575605","3092807","1043874","2.47",,
"2021-03-31","COF","Capital One Financial","NYSE","4797304","5846672","2526435","1.90",,
"2021-03-31","COP","ConocoPhillips","NYSE","13919488","16823306","10368471","1.34",,
"2021-03-31","COST","Costco Wholesale Corporation C","NNM","4333608","4490210","3068984","1.41",,
"2021-03-31","CRM","salesforce.com, inc.","NYSE","18952221","19751747","5308441","3.57",,
"2021-03-31","CRWD","CrowdStrike Holdings, Inc. Cla","NNM","10920572","9114855","5273752","2.07",,
"2021-03-31","CSCO","Cisco Systems, Inc. Common Sto","NNM","53541921","51289255","26360143","2.03",,
"2021-03-31","CSX","CSX Corporation Common Stock","NNM","7251442","8855458","4233298","1.71",,
"2021-03-31","CTAS","Cintas Corporation Common Stoc","NNM","918865","978787","384791","2.39",,
"2021-03-31","CVNA","Carvana Co.","NYSE","16692389","16754361","1293129","12.91",,
"2021-03-31","CVS","CVS HEALTH CORPORATION","NYSE","15106332","17286212","6580455","2.30",,
"2021-03-31","CVX","Chevron Corporation","NYSE","15787779","22845451","10475575","1.51",,
"2021-03-31","D","Dominion Energy, Inc Common St","NYSE","9473092","8255918","3655954","2.59",,
"2021-03-31","DASH","DoorDash, Inc.","NYSE","13922372","12737154","2151895","6.47",,
"2021-03-31","DDOG","Datadog, Inc. Class A Common S","NNM","16934722","14937436","3471354","4.88",,
"2021-03-31","DE","Deere & Company","NYSE","2933268","3218299","1834517","1.60",,
"2021-03-31","DELL","Dell Technologies Inc.","NYSE","7418266","5865134","2543852","2.92",,
"2021-03-31","DHR","Danaher Corporation","NYSE","4722622","5723320","2650320","1.78",,
"2021-03-31","DIS","The Walt Disney Company","NYSE","21066675","24347456","10705596","1.97",,
"2021-03-31","DLR","Digital Realty Trust, Inc.","NYSE","7311920","7370710","1540904","4.75",,
"2021-03-31","DUK","Duke Energy Corporation","NYSE","8450040","6760477","4157648","2.03",,
"2021-03-31","ECL","Ecolab, Inc.","NYSE","2163218","2432927","1202106","1.80",,
"2021-03-31","EMR","Emerson Electric Co.","NYSE","7777214","9563619","3174018","2.45",,
"2021-03-31","EOG","EOG Resources, Inc.","NYSE","11800865","11989188","4295152","2.75",,
"2021-03-31","EPD","Enterprise Products Partners L","NYSE","35367632","24832355","5822287","6.07",,
"2021-03-31","EQIX","Equinix, Inc. Common Stock REI","NNM","1186807","1231594","412644","2.88",,
"2021-03-31","FCX","Freeport-McMoran Inc.","NYSE","19399366","26169403","24892804","1.00",,
"2021-03-31","FDX","FedEx Corporation","NYSE","3435955","3905371","3144790","1.09",,
"2021-03-31","FTNT","Fortinet, Inc. Common Stock","NNM","3971562","5139506","1319051","3.01",,
"2021-03-31","GD","General Dynamics Corporation","NYSE","3212541","4051127","1145909","2.80",,
"2021-03-31","GE","General Electric Company","NYSE","98958162","106634885","58919898","1.68",,
"2021-03-31","GILD","Gilead Sciences, Inc. Common S","NNM","23435889","22515269","7122667","3.29",,
"2021-03-31","GLW","Corning Incorporated","NYSE","9881778","10919211","5494778","1.80",,
"2021-03-31","GM","General Motors Company","NYSE","17966647","18324351","19854983","1.00",,
"2021-03-31","GOOG","Alphabet Inc. Class C Capital","NNM","2797960","3143930","1338031","2.09",,
"2021-03-31","GOOGL","Alphabet Inc. Class A Common S","NNM","3048630","3111317","1413210","2.16",,
"2021-03-31","GS","Goldman Sachs Group Inc.","NYSE","4790562","4628013","2774476","1.73",,
"2021-03-31","GWW","W.W. Grainger, Inc.","NYSE","816632","806608","282124","2.89",,
"2021-03-31","HCA","HCA Healthcare, Inc.","NYSE","2947787","2716229","1451799","2.03",,
"2021-03-31","HD","Home Depot, Inc.","NYSE","10117517","7990116","5420018","1.87",,
"2021-03-31","HLT","Hilton Worldwide Holdings Inc.","NYSE","8390600","8942984","2275063","3.69",,
"2021-03-31","HON","Honeywell International, Inc.","NYSE","6872676","6974232","3147090","2.18",,
"2021-03-31","HPE","Hewlett Packard Enterprise Com","NYSE","31032856","34681597","10162282","3.05",,
"2021-03-31","HWM","Howmet Aerospace Inc.","NYSE","10502479","9348216","3141602","3.34",,
"2021-03-31","IBKR","Interactive Brokers Group, Inc","NNM","3490214","3551749","832087","4.19",,
"2021-03-31","IBM","International Business Machine","NYSE","27009286","29098388","4807172","5.62",,
"2021-03-31","ICE","Intercontinental Exchange  Inc","NYSE","4411772","4400604","1943543","2.27",,
"2021-03-31","INTC","Intel Corporation Common Stock","NNM","56961244","60030228","33989226","1.68",,
"2021-03-31","INTU","Intuit Inc. Common Stock","NNM","2295708","2747180","1581538","1.45",,
"2021-03-31","ISRG","Intuitive Surgical, Inc. Commo","NNM","1356793","1539251","450475","3.01",,
"2021-03-31","ITW","Illinois Tool Works Inc.","NYSE","4460261","3605091","1412738","3.16",,
"2021-03-31","JNJ","Johnson & Johnson","NYSE","16301782","17037745","6901404","2.36",,
"2021-03-31","JPM","JPMorgan Chase & Co.","NYSE","20670345","21030572","18024464","1.15",,
"2021-03-31","KKR","KKR & Co. Inc.","NYSE","9610754","9488060","2082303","4.62",,
"2021-03-31","KLAC","KLA Corporation Common Stock","NNM","2656241","3047825","1589368","1.67",,
"2021-03-31","KMI","Kinder Morgan, Inc.","NYSE","29093542","35942767","14783857","1.97",,
"2021-03-31","KO","Coca-Cola Company","NYSE","31501746","21237899","19501647","1.62",,
"2021-03-31","LIN","Linde plc Ordinary Share","NYSE","4067407","3599383","1776968","2.29",,
"2021-03-31","LLY","Eli Lilly & Co.","NYSE","7720272","6978695","3543755","2.18",,
"2021-03-31","LMT","Lockheed Martin Corp.","NYSE","4013556","3045945","2034396","1.97",,
"2021-03-31","LOW","Lowe's Companies Inc.","NYSE","7364021","9118044","3975607","1.85",,
"2021-03-31","LRCX","Lam Research Corporation Commo","NNM","2141365","1944272","1546440","1.38",,
"2021-03-31","MA","Mastercard Incorporated","NYSE","5069367","6642712","4183950","1.21",,
"2021-03-31","MAR","Marriott International Class A","NNM","7148288","8282900","2709163","2.64",,
"2021-03-31","MCD","McDonald's Corporation","NYSE","6147138","5991608","3484064","1.76",,
"2021-03-31","MCK","McKesson Corporation","NYSE","2751459","2580074","922418","2.98",,
"2021-03-31","MCO","Moody's Corporation","NYSE","2096401","2453245","768627","2.73",,
"2021-03-31","MDLZ","Mondelez International, Inc. C","NNM","15900062","15141806","8356106","1.90",,
"2021-03-31","MDT","Medtronic plc","NYSE","7897950","7510344","4690669","1.68",,
"2021-03-31","MMM","3M Company","NYSE","10624406","9947806","2679948","3.96",,
"2021-03-31","MNST","Monster Beverage Corporation","NNM","5636223","5491535","1953133","2.89",,
"2021-03-31","MO","Altria Group, Inc.","NYSE","14302596","15868398","11817609","1.21",,
"2021-03-31","MPC","MARATHON PETROLEUM CORPORATION","NYSE","34496117","36223577","6364790","5.42",,
"2021-03-31","MPWR","Monolithic Power Systems, Inc.","NNM","689583","607944","437533","1.58",,
"2021-03-31","MRK","Merck & Co., Inc.","NYSE","23743732","18138252","14355374","1.65",,
"2021-03-31","MRVL","Marvell Technology Group Ltd.","NNM","41426605","41347552","9581366","4.32",,
"2021-03-31","MS","Morgan Stanley","NYSE","12268172","15804159","10136602","1.21",,
"2021-03-31","MSFT","Microsoft Corporation Common S","NNM","48428331","49574419","28052647","1.73",,
"2021-03-31","MSI","Motorola Solutions, Inc. New","NYSE","1975496","1862540","749659","2.64",,
"2021-03-31","MU","Micron Technology, Inc. Common","NNM","22898839","19242827","21974253","1.04",,
"2021-03-31","NEE","Nextra Energy, Inc.","NYSE","20433301","22344140","10059981","2.03",,
"2021-03-31","NEM","Newmont Corporation","NYSE","11270443","8447610","8244060","1.37",,
"2021-03-31","NET","Cloudflare, Inc. Class A commo","NYSE","13087116","12596182","2963048","4.42",,
"2021-03-31","NFLX","Netflix, Inc. Common Stock","NNM","8971598","9170099","3463788","2.59",,
"2021-03-31","NKE","Nike, Inc.","NYSE","10634144","11020044","9080123","1.17",,
"2021-03-31","NOC","Northrop Grumman Corp.","NYSE","3846203","4624872","1021403","3.77",,
"2021-03-31","NOW","SERVICENOW, INC.","NYSE","3182939","2684236","1542709","2.06",,
"2021-03-31","NSC","Norfolk Southern Corp.","NYSE","2548723","2480285","1133952","2.25",,
"2021-03-31","NVDA","NVIDIA Corporation Common Stoc","NNM","6210288","6773000","6244640","1.00",,
"2021-03-31","O","Realty Income Corporation","NYSE","11129582","10047729","3118234","3.57",,
"2021-03-31","ORCL","Oracle Corp","NYSE","23717900","30362623","13317564","1.78",,
"2021-03-31","ORLY","O'Reilly Automotive, Inc. Comm","NNM","1075212","1160019","523574","2.05",,
"2021-03-31","PANW","PALO ALTO NETWORKS, INC","NYSE","5168904","5158820","1144149","4.52",,
"2021-03-31","PCAR","PACCAR Inc. Common Stock","NNM","5450146","5147251","1560201","3.49",,
"2021-03-31","PEP","PepsiCo, Inc. Common Stock","NNM","12094465","11516543","6424321","1.88",,
"2021-03-31","PFE","Pfizer Inc.","NYSE","65927888","68324457","26920857","2.45",,
"2021-03-31","PG","Procter & Gamble Company","NYSE","16750356","16041457","8609676","1.95",,
"2021-03-31","PGR","Progressive Corporation","NYSE","6094375","5989262","2678894","2.27",,
"2021-03-31","PH","Parker-Hannifin Corporation","NYSE","1497097","1640408","753984","1.99",,
"2021-03-31","PLD","PROLOGIS, INC.","NYSE","7925679","7727029","2783882","2.85",,
"2021-03-31","PLTR","Palantir Technologies Inc. Cla","NYSE","57739991","45410382","56165161","1.03",,
"2021-03-31","PM","Philip Morris International In","NYSE","10188332","8446350","5285799","1.93",,
"2021-03-31","PNC","PNC Financial Services Group","NYSE","6270428","5797686","1994585","3.14",,
"2021-03-31","PSX","PHILLIPS 66","NYSE","9075772","10634180","2725571","3.33",,
"2021-03-31","PWR","Quanta Services, Inc.","NYSE","1703801","2215479","1157673","1.47",,
"2021-03-31","QCOM","QUALCOMM Incorporated Common S","NNM","22183057","21932727","9499780","2.34",,
"2021-03-31","RCL","Royal Caribbean Group","NYSE","10258799","10709731","4295326","2.39",,
"2021-03-31","REGN","Regeneron Pharmaceuticals, Inc","NNM","2209137","2657365","937326","2.36",,
"2021-03-31","ROST","Ross Stores, Inc. Common Stock","NNM","3374736","5494626","2167566","1.56",,
"2021-03-31","RSG","Republic Services Inc.","NYSE","1686425","2559752","1195713","1.41",,
"2021-03-31","RTX","Raytheon Technologies Corporat","NYSE","13614590","17107945","6869986","1.98",,
"2021-03-31","SBUX","Starbucks Corporation Common S","NNM","11415613","13758011","7805247","1.46",,
"2021-03-31","SCCO","Southern Copper Corporation","NYSE","4538467","4881618","1239605","3.66",,
"2021-03-31","SCHW","The Charles Schwab Corporation","NYSE","16853762","18007697","6209447","2.71",,
"2021-03-31","SHW","The Sherwin-Williams Company","NYSE","1270137","1267320","443943","2.86",,
"2021-03-31","SNOW","Snowflake Inc.","NYSE","8124397","8500619","4274100","1.90",,
"2021-03-31","SNPS","Synopsys, Inc. Common Stock","NNM","1649291","1807106","917351","1.80",,
"2021-03-31","SO","The Southern Company","NYSE","10045513","9229721","3838000","2.62",,
"2021-03-31","SPCX","The SPAC and New Issue ETF","ARCA","614260","662585","156730","3.92",,
"2021-03-31","SPG","Simon Property Group, Inc.","NYSE","16214506","16583233","3183120","5.09",,
"2021-03-31","SPGI","S&P Global Inc.","NYSE","11872428","10515800","1311639","9.05",,
"2021-03-31","SYK","Stryker Corporation","NYSE","3601448","3482455","1187127","3.03",,
"2021-03-31","T","AT&T Inc.","NYSE","118317293","111084516","38094989","3.11",,
"2021-03-31","TDG","TransDigm Group Incorporated","NYSE","2012701","1991317","203747","9.88",,
"2021-03-31","TFC","Truist Financial Corporation","NYSE","10667347","12190632","6468034","1.65",,
"2021-03-31","TGT","Target Corporation","NYSE","8800521","8278446","3488918","2.52",,
"2021-03-31","TJX","TJX Companies, Inc. (The)","NYSE","11513439","15164601","6341874","1.82",,
"2021-03-31","TMO","Thermo Fisher Scientific, Inc.","NYSE","2721903","3137970","1670136","1.63",,
"2021-03-31","TMUS","T-Mobile US, Inc. Common Stock","NNM","14298814","14992766","4079678","3.50",,
"2021-03-31","TRV","The Travelers Companies, Inc.","NYSE","5402727","5363137","1556747","3.47",,
"2021-03-31","TSLA","Tesla, Inc. Common Stock","NNM","46269602","44732793","32738286","1.41",,
"2021-03-31","TXN","Texas Instruments Incorporated","NNM","14293303","14526226","4624923","3.09",,
"2021-03-31","UBER","Uber Technologies, Inc.","NYSE","63441312","64043495","13321631","4.76",,
"2021-03-31","UNH","UNITEDHEALTH GROUP INCORPORATE","NYSE","7438041","6884948","3268558","2.28",,
"2021-03-31","UNP","Union Pacific Corp.","NYSE","7232737","8242888","3287362","2.20",,
"2021-03-31","UPS","United Parcel Service, Inc. Cl","NYSE","9053705","8804880","3685543","2.46",,
"2021-03-31","URI","United Rentals, Inc.","NYSE","2686856","2977317","706109","3.81",,
"2021-03-31","USB","U.S. Bancorp","NYSE","14389132","15953867","9851286","1.46",,
"2021-03-31","V","VISA Inc.","NYSE","26389622","27224406","9877719","2.67",,
"2021-03-31","VLO","Valero Energy Corporation","NYSE","9115437","12680679","3898619","2.34",,
"2021-03-31","VRT","Vertiv Holdings Co Class A Com","NYSE","12791410","11913964","3951911","3.24",,
"2021-03-31","VRTX","Vertex Pharmaceuticals Incorpo","NNM","4246144","4979026","1601923","2.65",,
"2021-03-31","VZ","Verizon Communications","NYSE","47499966","47340886","18416252","2.58",,
"2021-03-31","WDC","Western Digital Corporation Co","NNM","5278652","5833968","4051401","1.30",,
"2021-03-31","WELL","Welltower Inc.","NYSE","6539603","7832269","1885339","3.47",,
"2021-03-31","WFC","Wells Fargo & Co.","NYSE","50564154","58473871","33109165","1.53",,
"2021-03-31","WM","Waste Management, Inc.","NYSE","4202576","4411305","2242942","1.87",,
"2021-03-31","WMB","Williams Companies Inc.","NYSE","19306119","23890901","8824478","2.19",,
"2021-03-31","WMT","Walmart Inc.","NYSE","13715609","14415710","8974119","1.53",,
"2021-03-31","XOM","Exxon Mobil Corporation","NYSE","48871610","64293245","31585237","1.55",,
"2024-10-31","AAPL","Apple Inc. Common Stock","NNM","133040194","140919653","40794392","3.26",,
"2024-10-31","ABBV","ABBVIE INC.","NYSE","18125235","16183592","5839781","3.10",,
"2024-10-31","ABNB","Airbnb, Inc. Class A Common St","NNM","14779972","13769543","3114939","4.74",,
"2024-10-31","ABT","Abbott Laboratories","NYSE","14073057","13982880","5448462","2.58",,
"2024-10-31","ADBE","Adobe Inc. Common Stock","NNM","6456152","6065203","2257686","2.86",,
"2024-10-31","ADI","Analog Devices, Inc. Common St","NNM","7434644","9435925","2420651","3.07",,
"2024-10-31","ADP","Automatic Data Processing, Inc","NNM","6505108","6536001","1722554","3.78",,
"2024-10-31","AEP","American Electric Power Compan","NNM","7452431","6960652","2640727","2.82",,
"2024-10-31","AFL","Aflac Inc.","NYSE","9109402","9769998","2016637","4.52",,
"2024-10-31","AJG","Arthur J. Gallagher & Co.","NYSE","2861709","2827778","840976","3.40",,
"2024-10-31","ALL","The Allstate Corporation","NYSE","1958406","2206900","1503162","1.30",,
"2024-10-31","AMAT","Applied Materials, Inc. Common","NNM","16710241","15683445","6448018","2.59",,
"2024-10-31","AMD","Advanced Micro Devices, Inc. C","NNM","57100812","47405570","38321013","1.49",,
"2024-10-31","AMGN","Amgen Inc. Common Stock","NNM","8822777","9372122","1751873","5.04",,
"2024-10-31","AMT","American Tower Corporation","NYSE","4761833","4736244","2046716","2.33",,
"2024-10-31","AMZN","Amazon.com, Inc. Common Stock","NNM","76617971","83924197","33007820","2.32",,
"2024-10-31","ANET","Arista Networks","NYSE","2718072","2624270","1463099","1.86",,
"2024-10-31","AON","Aon plc Class A","NYSE","4690316","4700927","1080346","4.34",,
"2024-10-31","APD","Air Products & Chemicals, Inc.","NYSE","3542974","4383760","1355420","2.61",,
"2024-10-31","APH","Amphenol Corporation","NYSE","10889869","12752259","8061086","1.35",,
"2024-10-31","APO","Apollo Global Management, Inc.","NYSE","27324069","21928806","2324329","11.76",,
"2024-10-31","APP","Applovin Corporation Class A C","NNM","18787489","21883187","3186672","5.90",,
"2024-10-31","AVGO","Broadcom Inc. Common Stock","NNM","67682866","65330732","18565413","3.65",,
"2024-10-31","AXP","American Express Company","NYSE","7876451","8352895","3123093","2.52",,
"2024-10-31","BA","Boeing Company","NYSE","18890919","14424028","20225172","1.00",,
"2024-10-31","BAC","Bank of America Corporation","NYSE","63840556","60322629","30495166","2.09",,
"2024-10-31","BKNG","Booking Holdings Inc. Common S","NNM","796836","710447","198655","4.01",,
"2024-10-31","BLK","Blackrock, Inc.","NYSE","2045947","1956013","451449","4.53",,
"2024-10-31","BMY","Bristol-Myers Squibb Co.","NYSE","23421095","22501723","8382976","2.79",,
"2024-10-31","BNY","BlackRock New York Municipal I","NYSE","72170","60587","51162","1.41",,
"2024-10-31","BRKA","Berkshire Hathaway Inc.","NYSE","219","225","1442","1.00",,
"2024-10-31","BRKB","BERKSHIRE HATHAWAY Class B","NYSE","14672802","14815428","3541480","4.14",,
"2024-10-31","BSX","Boston Scientific Corp.","NYSE","12914627","11306700","8253816","1.56",,
"2024-10-31","BX","Blackstone Inc.","NYSE","19645403","17190045","3756071","5.23",,
"2024-10-31","C","Citigroup Inc.","NYSE","30500997","31251559","12783015","2.39",,
"2024-10-31","CAT","Caterpillar Inc.","NYSE","10585951","11811318","2235180","4.74",,
"2024-10-31","CDNS","Cadence Design Systems, Inc. C","NNM","3918569","3287120","2889329","1.36",,
"2024-10-31","CEG","Constellation Energy Corporati","NNM","4702700","4844521","2047621","2.30",,
"2024-10-31","CI","The Cigna Group","NYSE","3454218","2842818","2248588","1.54",,
"2024-10-31","CL","Colgate-Palmolive Company","NYSE","10422577","10314038","4604862","2.26",,
"2024-10-31","CMCSA","Comcast Corporation Class A Co","NNM","61277901","57787044","19164225","3.20",,
"2024-10-31","CME","CME Group Inc. Class A Common","NNM","3828528","3631078","1413379","2.71",,
"2024-10-31","CMI","Cummins Inc.","NYSE","1689199","2164722","609722","2.77",,
"2024-10-31","COF","Capital One Financial","NYSE","11170845","10263390","3085493","3.62",,
"2024-10-31","COP","ConocoPhillips","NYSE","22356105","22805336","5135125","4.35",,
"2024-10-31","COST","Costco Wholesale Corporation C","NNM","5993302","6145704","1449732","4.13",,
"2024-10-31","CRM","Salesforce, Inc.","NYSE","13152832","13142597","3357818","3.92",,
"2024-10-31","CRWD","CrowdStrike Holdings, Inc. Cla","NNM","8040430","8944988","3144308","2.56",,
"2024-10-31","CSCO","Cisco Systems, Inc. Common Sto","NNM","58777504","57072600","17567711","3.35",,
"2024-10-31","CSX","CSX Corporation Common Stock","NNM","22606107","27656797","14218633","1.59",,
"2024-10-31","CTAS","Cintas Corporation Common Stoc","NNM","6184271","5952096","1047402","5.90",,
"2024-10-31","CVNA","Carvana Co.","NYSE","13379658","13643176","3524750","3.80",,
"2024-10-31","CVS","CVS HEALTH CORPORATION","NYSE","21854042","20798053","12507683","1.75",,
"2024-10-31","CVX","Chevron Corporation","NYSE","58858134","53508915","6020839","9.78",,
"2024-10-31","D","Dominion Energy, Inc Common St","NYSE","16591612","15267236","4295957","3.86",,
"2024-10-31","DASH","DoorDash, Inc. Class A Common","NNM","11186962","12340611","2925667","3.82",,
"2024-10-31","DDOG","Datadog, Inc. Class A Common S","NNM","9796104","9062445","2740674","3.57",,
"2024-10-31","DE","Deere & Company","NYSE","5372805","4903320","833807","6.44",,
"2024-10-31","DELL","Dell Technologies Inc.","NYSE","9429070","10339221","5878535","1.60",,
"2024-10-31","DHR","Danaher Corporation","NYSE","5213324","5324404","3321867","1.57",,
"2024-10-31","DIS","The Walt Disney Company","NYSE","17535028","18080077","7459281","2.35",,
"2024-10-31","DLR","Digital Realty Trust, Inc.","NYSE","6652211","7882252","2055314","3.24",,
"2024-10-31","DUK","Duke Energy Corporation","NYSE","9462895","9831016","3124577","3.03",,
"2024-10-31","ECL","Ecolab, Inc.","NYSE","1764752","1861742","1010728","1.75",,
"2024-10-31","ELV","Elevance Health, Inc.","NYSE","2846378","2668434","2594835","1.10",,
"2024-10-31","EMR","Emerson Electric Co.","NYSE","9292327","8629096","2181745","4.26",,
"2024-10-31","EOG","EOG Resources, Inc.","NYSE","12008134","11469782","2391724","5.02",,
"2024-10-31","EPD","Enterprise Products Partners L","NYSE","19379171","15800823","3867563","5.01",,
"2024-10-31","EQIX","Equinix, Inc. Common Stock REI","NNM","1343857","1334479","485566","2.77",,
"2024-10-31","FCX","Freeport-McMoran Inc.","NYSE","23584019","24408940","9340559","2.52",,
"2024-10-31","FDX","FedEx Corporation","NYSE","4157045","3936357","1269991","3.27",,
"2024-10-31","FTNT","Fortinet, Inc. Common Stock","NNM","12574079","12951386","3301984","3.81",,
"2024-10-31","GD","General Dynamics Corporation","NYSE","3084087","2692579","1166799","2.64",,
"2024-10-31","GE","GE Aerospace","NYSE","11267620","10892821","5574613","2.02",,
"2024-10-31","GEV","GE Vernova Inc.","NYSE","4671895","4875843","2563421","1.82",,
"2024-10-31","GILD","Gilead Sciences, Inc. Common S","NNM","17744662","16482604","5268150","3.37",,
"2024-10-31","GLW","Corning Incorporated","NYSE","10020919","11161833","5315421","1.89",,
"2024-10-31","GM","General Motors Company","NYSE","29645644","32760278","13445721","2.20",,
"2024-10-31","GOOG","Alphabet Inc. Class C Capital","NNM","40437009","38030425","19266331","2.10",,
"2024-10-31","GOOGL","Alphabet Inc. Class A Common S","NNM","64260354","68512841","28374560","2.26",,
"2024-10-31","GS","Goldman Sachs Group Inc.","NYSE","4532562","4776372","1776601","2.55",,
"2024-10-31","GWW","W.W. Grainger, Inc.","NYSE","1560360","1647542","214408","7.28",,
"2024-10-31","HCA","HCA Healthcare, Inc.","NYSE","2595877","2859826","1614178","1.61",,
"2024-10-31","HD","Home Depot, Inc.","NYSE","10566922","11260137","2870011","3.68",,
"2024-10-31","HLT","Hilton Worldwide Holdings Inc.","NYSE","4116240","4231359","1469968","2.80",,
"2024-10-31","HON","Honeywell International Inc. C","NNM","9280196","7972955","4974518","1.87",,
"2024-10-31","HOOD","Robinhood Markets, Inc. Class","NNM","19955900","22736210","15146308","1.32",,
"2024-10-31","HPE","Hewlett Packard Enterprise Com","NYSE","33082561","37031300","11142661","2.97",,
"2024-10-31","HWM","Howmet Aerospace Inc.","NYSE","7387499","7898351","2218184","3.33",,
"2024-10-31","IBKR","Interactive Brokers Group, Inc","NNM","1506923","1383244","916070","1.64",,
"2024-10-31","IBM","International Business Machine","NYSE","20975544","23688921","5593071","3.75",,
"2024-10-31","ICE","Intercontinental Exchange  Inc","NYSE","4331451","5928138","3335911","1.30",,
"2024-10-31","INTC","Intel Corporation Common Stock","NNM","105534514","103263136","55986788","1.88",,
"2024-10-31","INTU","Intuit Inc. Common Stock","NNM","3839706","3432505","1139346","3.37",,
"2024-10-31","ISRG","Intuitive Surgical, Inc. Commo","NNM","3850554","3550255","1403378","2.74",,
"2024-10-31","ITW","Illinois Tool Works Inc.","NYSE","5306547","6245270","893132","5.94",,
"2024-10-31","JNJ","Johnson & Johnson","NYSE","18107294","18659251","6014568","3.01",,
"2024-10-31","JPM","JPMorgan Chase & Co.","NYSE","26261659","28074345","6852190","3.83",,
"2024-10-31","KKR","KKR & Co. Inc.","NYSE","11421985","11629900","2930590","3.90",,
"2024-10-31","KLAC","KLA Corporation Common Stock","NNM","2312762","2533600","1288828","1.79",,
"2024-10-31","KMI","Kinder Morgan, Inc.","NYSE","42757546","45058049","13552735","3.15",,
"2024-10-31","KO","Coca-Cola Company","NYSE","30816595","31869171","14707907","2.10",,
"2024-10-31","LIN","Linde plc Ordinary Shares","NNM","5401428","5282272","1643304","3.29",,
"2024-10-31","LLY","Eli Lilly & Co.","NYSE","6624655","5786764","3824266","1.73",,
"2024-10-31","LMT","Lockheed Martin Corp.","NYSE","2303213","2404799","1121768","2.05",,
"2024-10-31","LOW","Lowe's Companies Inc.","NYSE","6985500","6735382","2215312","3.15",,
"2024-10-31","LRCX","Lam Research Corporation Commo","NNM","32548196","29336124","15761369","2.07",,
"2024-10-31","MA","Mastercard Incorporated","NYSE","6387471","6264290","2501192","2.55",,
"2024-10-31","MAR","Marriott International Class A","NNM","4874818","5024906","1095949","4.45",,
"2024-10-31","MCD","McDonald's Corporation","NYSE","8770607","9470645","6152093","1.43",,
"2024-10-31","MCK","McKesson Corporation","NYSE","2042293","2103457","725955","2.81",,
"2024-10-31","MCO","Moody's Corporation","NYSE","1826351","1766912","703716","2.60",,
"2024-10-31","MDLZ","Mondelez International, Inc. C","NNM","12760420","13937405","6241722","2.04",,
"2024-10-31","MDT","Medtronic plc","NYSE","10177612","10766623","5269994","1.93",,
"2024-10-31","META","Meta Platforms, Inc. Class A C","NNM","30497460","31259402","12783305","2.39",,
"2024-10-31","MMM","3M Company","NYSE","7007979","7604273","4778825","1.47",,
"2024-10-31","MNST","Monster Beverage Corporation","NNM","20774038","22740349","4888235","4.25",,
"2024-10-31","MO","Altria Group, Inc.","NYSE","26624015","26165907","7960655","3.34",,
"2024-10-31","MPC","MARATHON PETROLEUM CORPORATION","NYSE","8041674","8781369","2318382","3.47",,
"2024-10-31","MPWR","Monolithic Power Systems, Inc.","NNM","1494353","1291726","752580","1.99",,
"2024-10-31","MRK","Merck & Co., Inc.","NYSE","26228480","26041803","10298616","2.55",,
"2024-10-31","MRVL","Marvell Technology, Inc. Commo","NNM","18192614","18118492","9081621","2.00",,
"2024-10-31","MS","Morgan Stanley","NYSE","14758218","16835118","7481361","1.97",,
"2024-10-31","MSFT","Microsoft Corporation Common S","NNM","62516096","60313798","20959345","2.98",,
"2024-10-31","MSI","Motorola Solutions, Inc. New","NYSE","1342847","1576250","627233","2.14",,
"2024-10-31","MU","Micron Technology, Inc. Common","NNM","35555244","35196409","16108110","2.21",,
"2024-10-31","NEE","Nextra Energy, Inc.","NYSE","32228060","27993610","9827634","3.28",,
"2024-10-31","NEM","Newmont Corporation","NYSE","18544707","18292344","13798643","1.34",,
"2024-10-31","NET","Cloudflare, Inc. Class A commo","NYSE","10139098","9767883","1770737","5.73",,
"2024-10-31","NFLX","Netflix, Inc. Common Stock","NNM","8047066","7167190","4700377","1.71",,
"2024-10-31","NKE","Nike, Inc.","NYSE","23123085","23393086","9175131","2.52",,
"2024-10-31","NOC","Northrop Grumman Corp.","NYSE","1438896","1353871","805841","1.79",,
"2024-10-31","NOW","SERVICENOW, INC.","NYSE","3387549","3532114","1468348","2.31",,
"2024-10-31","NSC","Norfolk Southern Corp.","NYSE","2193094","2050816","1326326","1.65",,
"2024-10-31","NVDA","NVIDIA Corporation Common Stoc","NNM","246400791","255835181","222406545","1.11",,
"2024-10-31","O","Realty Income Corporation","NYSE","18406283","16318776","4516518","4.08",,
"2024-10-31","ORCL","Oracle Corp","NYSE","18701969","19287752","5192725","3.60",,
"2024-10-31","ORLY","O'Reilly Automotive, Inc. Comm","NNM","935885","1156949","332312","2.82",,
"2024-10-31","PANW","Palo Alto Networks, Inc. Commo","NNM","10273350","9122945","1866440","5.50",,
"2024-10-31","PCAR","PACCAR Inc. Common Stock","NNM","13543098","14336318","2875820","4.71",,
"2024-10-31","PEP","PepsiCo, Inc. Common Stock","NNM","18589583","17398618","4719424","3.94",,
"2024-10-31","PFE","Pfizer Inc.","NYSE","61869322","70944172","36154684","1.71",,
"2024-10-31","PG","Procter & Gamble Company","NYSE","18719292","16883721","6096361","3.07",,
"2024-10-31","PGR","Progressive Corporation","NYSE","5110331","5350943","1953820","2.62",,
"2024-10-31","PH","Parker-Hannifin Corporation","NYSE","1031188","988170","599831","1.72",,
"2024-10-31","PLD","PROLOGIS, INC.","NYSE","10399043","9744656","4141940","2.51",,
"2024-10-31","PLTR","Palantir Technologies Inc. Cla","NYSE","85457185","95592527","37584660","2.27",,
"2024-10-31","PM","Philip Morris International In","NYSE","10018211","8233875","5593077","1.79",,
"2024-10-31","PNC","PNC Financial Services Group","NYSE","4804451","5609476","1779774","2.70",,
"2024-10-31","PSX","PHILLIPS 66","NYSE","6058637","6623508","2312299","2.62",,
"2024-10-31","PWR","Quanta Services, Inc.","NYSE","3836232","4054950","703755","5.45",,
"2024-10-31","QCOM","QUALCOMM Incorporated Common S","NNM","23338097","25034568","6965590","3.35",,
"2024-10-31","RCL","Royal Caribbean Group","NYSE","11306371","11395868","1903153","5.94",,
"2024-10-31","REGN","Regeneron Pharmaceuticals, Inc","NNM","1852823","1715921","852996","2.17",,
"2024-10-31","ROST","Ross Stores, Inc. Common Stock","NNM","4704048","4655022","2238968","2.10",,
"2024-10-31","RSG","Republic Services Inc.","NYSE","2590522","2719670","797568","3.25",,
"2024-10-31","RTX","RTX Corporation","NYSE","12392430","12796184","4443548","2.79",,
"2024-10-31","SBUX","Starbucks Corporation Common S","NNM","25169487","28291085","8566771","2.94",,
"2024-10-31","SCCO","Southern Copper Corporation","NYSE","6978352","6336070","954202","7.31",,
"2024-10-31","SCHW","The Charles Schwab Corporation","NYSE","16966848","18160759","7110140","2.39",,
"2024-10-31","SHW","The Sherwin-Williams Company","NYSE","3049081","2489214","1491358","2.04",,
"2024-10-31","SNOW","Snowflake Inc.","NYSE","11770047","12600994","3925966","3.00",,
"2024-10-31","SNPS","Synopsys, Inc. Common Stock","NNM","2609236","2660105","946648","2.76",,
"2024-10-31","SO","The Southern Company","NYSE","18389833","19034230","4421177","4.16",,
"2024-10-31","SPCX","The SPAC and New Issue ETF","NNM","7434","7267","2383","3.12",,
"2024-10-31","SPG","Simon Property Group, Inc.","NYSE","5191057","5700212","1079192","4.81",,
"2024-10-31","SPGI","S&P Global Inc.","NYSE","4453296","3565952","1263125","3.53",,
"2024-10-31","SYK","Stryker Corporation","NYSE","4052200","4303248","1253381","3.23",,
"2024-10-31","T","AT&T Inc.","NYSE","116870950","114863813","37254696","3.14",,
"2024-10-31","TDG","TransDigm Group Incorporated","NYSE","889000","814572","175086","5.08",,
"2024-10-31","TFC","Truist Financial Corporation","NYSE","13346697","14540262","7696257","1.73",,
"2024-10-31","TGT","Target Corporation","NYSE","13978443","14241979","3210258","4.35",,
"2024-10-31","TJX","TJX Companies, Inc. (The)","NYSE","12898079","13662339","3600190","3.58",,
"2024-10-31","TMO","Thermo Fisher Scientific, Inc.","NYSE","2933571","3051829","1459780","2.01",,
"2024-10-31","TMUS","T-Mobile US, Inc. Common Stock","NNM","13845139","14292142","4353945","3.18",,
"2024-10-31","TRV","The Travelers Companies, Inc.","NYSE","3746703","3396315","1283530","2.92",,
"2024-10-31","TSLA","Tesla, Inc. Common Stock","NNM","77944508","79364249","82618395","1.00",,
"2024-10-31","TXN","Texas Instruments Incorporated","NNM","22456444","18891777","5848621","3.84",,
"2024-10-31","UBER","Uber Technologies, Inc.","NYSE","49709794","55166675","17867965","2.78",,
"2024-10-31","UNH","UNITEDHEALTH GROUP INCORPORATE","NYSE","7058985","7728234","3104025","2.27",,
"2024-10-31","UNP","Union Pacific Corp.","NYSE","5013639","3831236","2670788","1.88",,
"2024-10-31","UPS","United Parcel Service, Inc. Cl","NYSE","13654058","13941411","4359065","3.13",,
"2024-10-31","URI","United Rentals, Inc.","NYSE","2107727","2348249","491982","4.28",,
"2024-10-31","USB","U.S. Bancorp","NYSE","18386035","18300954","9864665","1.86",,
"2024-10-31","V","VISA Inc.","NYSE","19618439","22087691","6620919","2.96",,
"2024-10-31","VLO","Valero Energy Corporation","NYSE","13982507","13260942","2622988","5.33",,
"2024-10-31","VRT","Vertiv Holdings Co Class A Com","NYSE","18442016","18015249","7088276","2.60",,
"2024-10-31","VRTX","Vertex Pharmaceuticals Incorpo","NNM","4504708","4291428","995692","4.52",,
"2024-10-31","VZ","Verizon Communications","NYSE","50450230","48590245","20074118","2.51",,
"2024-10-31","WBD","Warner Bros. Discovery, Inc. S","NNM","99611118","104960931","23241751","4.29",,
"2024-10-31","WDC","Western Digital Corporation Co","NNM","16253399","17911212","6362798","2.55",,
"2024-10-31","WELL","Welltower Inc.","NYSE","9666967","8594005","2363854","4.09",,
"2024-10-31","WFC","Wells Fargo & Co.","NYSE","34963714","35722597","16955610","2.06",,
"2024-10-31","WM","Waste Management, Inc.","NYSE","3019215","3086081","1383253","2.18",,
"2024-10-31","WMB","Williams Companies Inc.","NYSE","17666574","20891279","5576768","3.17",,
"2024-10-31","WMT","Walmart Inc.","NYSE","31701110","32508336","10917210","2.90",,
"2024-10-31","XOM","Exxon Mobil Corporation","NYSE","45136555","41269219","11686767","3.86",,
"2023-06-15","AAPL","Apple Inc. Common Stock","NNM","121254451","117654782","64653388","1.88",,
"2023-06-15","ABBV","ABBVIE INC.","NYSE","11306241","11379723","5706714","1.98",,
"2023-06-15","ABNB","Airbnb, Inc. Class A Common St","NNM","25402604","24371864","6432455","3.95",,
"2023-06-15","ABT","Abbott Laboratories","NYSE","11817214","13434952","4870610","2.43",,
"2023-06-15","ADBE","Adobe Inc. Common Stock","NNM","5700222","6161947","5635544","1.01",,
"2023-06-15","ADI","Analog Devices, Inc. Common St","NNM","7476053","6390511","3634669","2.06",,
"2023-06-15","ADP","Automatic Data Processing, Inc","NNM","5152514","5444336","1524815","3.38",,
"2023-06-15","AEP","American Electric Power Compan","NNM","6284562","6435245","2890799","2.17",,
"2023-06-15","AFL","Aflac Inc.","NYSE","11677700","11002206","2207143","5.29",,
"2023-06-15","AJG","Arthur J. Gallagher & Co.","NYSE","1644159","1850669","719570","2.28",,
"2023-06-15","ALL","The Allstate Corporation","NYSE","3092499","2818329","1678152","1.84",,
"2023-06-15","AMAT","Applied Materials, Inc. Common","NNM","14336449","12895196","5194183","2.76",,
"2023-06-15","AMD","Advanced Micro Devices, Inc. C","NNM","39525360","36497332","78840169","1.00",,
"2023-06-15","AMGN","Amgen Inc. Common Stock","NNM","7199362","7413614","2622372","2.75",,
"2023-06-15","AMT","American Tower Corporation","NYSE","2982313","4096320","1894135","1.57",,
"2023-06-15","AMZN","Amazon.com, Inc. Common Stock","NNM","81213619","74822746","57498667","1.41",,
"2023-06-15","ANET","Arista Networks","NYSE","5550980","6451718","3365722","1.65",,
"2023-06-15","AON","Aon plc Class A","NYSE","2079626","2085813","684048","3.04",,
"2023-06-15","APD","Air Products & Chemicals, Inc.","NYSE","1828821","2025702","825642","2.22",,
"2023-06-15","APH","Amphenol Corporation","NYSE","5445796","5687649","2461377","2.21",,
"2023-06-15","APO","Apollo Global Management, Inc.","NYSE","10743728","9874584","2925664","3.67",,
"2023-06-15","APP","Applovin Corporation Class A C","NNM","16315307","13869022","3077754","5.30",,
"2023-06-15","AVGO","Broadcom Inc. Common Stock","NNM","5788122","7293675","4012306","1.44",,
"2023-06-15","AXP","American Express Company","NYSE","7095717","6410921","2997260","2.37",,
"2023-06-15","BA","Boeing Company","NYSE","8681635","9019374","6752440","1.29",,
"2023-06-15","BAC","Bank of America Corporation","NYSE","72834085","68839540","44353342","1.64",,
"2023-06-15","BKNG","Booking Holdings Inc. Common S","NNM","867886","768579","301188","2.88",,
"2023-06-15","BLK","Blackrock, Inc.","NYSE","2104193","2181093","575716","3.65",,
"2023-06-15","BMY","Bristol-Myers Squibb Co.","NYSE","18339025","18844653","6974987","2.63",,
"2023-06-15","BNY","BlackRock New York Municipal I","NYSE","9704","3485","45434","1.00",,
"2023-06-15","BRKA","Berkshire Hathaway Inc.","NYSE","778","804","6352","1.00",,
"2023-06-15","BRKB","BERKSHIRE HATHAWAY Class B","NYSE","6503307","6315460","3439901","1.89",,
"2023-06-15","BSX","Boston Scientific Corp.","NYSE","8722993","12361550","7225099","1.21",,
"2023-06-15","BX","Blackstone Inc.","NYSE","19256556","20953014","3877976","4.97",,
"2023-06-15","C","Citigroup Inc.","NYSE","27450246","26300551","14956097","1.84",,
"2023-06-15","CAT","Caterpillar Inc.","NYSE","7797542","7360751","3953308","1.97",,
"2023-06-15","CDNS","Cadence Design Systems, Inc. C","NNM","4388384","3648915","1929063","2.27",,
"2023-06-15","CEG","Constellation Energy Corporati","NNM","7800446","8284517","2661042","2.93",,
"2023-06-15","CI","The Cigna Group","NYSE","3051787","2362486","1796967","1.70",,
"2023-06-15","CL","Colgate-Palmolive Company","NYSE","10101628","12426612","4000240","2.53",,
"2023-06-15","CMCSA","Comcast Corporation Class A Co","NNM","38838357","37850570","17944262","2.16",,
"2023-06-15","CME","CME Group Inc. Class A Common","NNM","4149284","5029299","1602351","2.59",,
"2023-06-15","CMI","Cummins Inc.","NYSE","2215216","2181082","1173000","1.89",,
"2023-06-15","COF","Capital One Financial","NYSE","9348736","8931533","2863511","3.26",,
"2023-06-15","COP","ConocoPhillips","NYSE","9925104","11066229","4929418","2.01",,
"2023-06-15","COST","Costco Wholesale Corporation C","NNM","4105424","3568368","1717407","2.39",,
"2023-06-15","CRM","Salesforce, Inc.","NYSE","10931494","9691065","9931159","1.10",,
"2023-06-15","CRWD","CrowdStrike Holdings, Inc. Cla","NNM","7457909","7196396","5114638","1.46",,
"2023-06-15","CSCO","Cisco Systems, Inc. Common Sto","NNM","57935915","56374160","16902050","3.43",,
"2023-06-15","CSX","CSX Corporation Common Stock","NNM","20416895","18963610","12062936","1.69",,
"2023-06-15","CTAS","Cintas Corporation Common Stoc","NNM","1159297","1114203","331318","3.50",,
"2023-06-15","CVNA","Carvana Co.","NYSE","47640684","48048285","52406256","1.00",,
"2023-06-15","CVS","CVS HEALTH CORPORATION","NYSE","15339620","14942932","8854702","1.73",,
"2023-06-15","CVX","Chevron Corporation","NYSE","18834613","16680908","7812217","2.41",,
"2023-06-15","D","Dominion Energy, Inc Common St","NYSE","5124544","5468445","4574026","1.12",,
"2023-06-15","DASH","DoorDash, Inc.","NYSE","15954444","16279457","3286321","4.85",,
"2023-06-15","DDOG","Datadog, Inc. Class A Common S","NNM","10216008","10254760","4442193","2.30",,
"2023-06-15","DE","Deere & Company","NYSE","2927797","3019501","1810807","1.62",,
"2023-06-15","DELL","Dell Technologies Inc.","NYSE","9340077","8483250","5327592","1.75",,
"2023-06-15","DHR","Danaher Corporation","NYSE","4122065","4318437","2400305","1.72",,
"2023-06-15","DIS","The Walt Disney Company","NYSE","20196336","23679737","12841841","1.57",,
"2023-06-15","DLR","Digital Realty Trust, Inc.","NYSE","17221945","16493985","3066591","5.62",,
"2023-06-15","DUK","Duke Energy Corporation","NYSE","7155154","8223107","3049972","2.35",,
"2023-06-15","ECL","Ecolab, Inc.","NYSE","1829613","1784647","1064305","1.72",,
"2023-06-15","ELV","Elevance Health, Inc.","NYSE","1818112","1911206","1532044","1.19",,
"2023-06-15","EMR","Emerson Electric Co.","NYSE","6643296","5869582","2936845","2.26",,
"2023-06-15","EOG","EOG Resources, Inc.","NYSE","7506887","8095158","3707708","2.02",,
"2023-06-15","EPD","Enterprise Products Partners L","NYSE","12782113","10996828","4000564","3.20",,
"2023-06-15","EQIX","Equinix, Inc. Common Stock REI","NNM","1670700","1544484","411981","4.06",,
"2023-06-15","FCX","Freeport-McMoran Inc.","NYSE","19163464","21276017","12603873","1.52",,
"2023-06-15","FDX","FedEx Corporation","NYSE","3038017","3438699","1817773","1.67",,
"2023-06-15","FTNT","Fortinet, Inc. Common Stock","NNM","13882173","12723542","5250462","2.64",,
"2023-06-15","GD","General Dynamics Corporation","NYSE","2858212","3287007","1025795","2.79",,
"2023-06-15","GE","General Electric Company","NYSE","13911164","13247225","5180126","2.69",,
"2023-06-15","GILD","Gilead Sciences, Inc. Common S","NNM","16323915","15281827","6025917","2.71",,
"2023-06-15","GLW","Corning Incorporated","NYSE","6313559","5682623","4657184","1.36",,
"2023-06-15","GM","General Motors Company","NYSE","32839725","33198454","16184047","2.03",,
"2023-06-15","GOOG","Alphabet Inc. Class C Capital","NNM","31178685","35165711","23282830","1.34",,
"2023-06-15","GOOGL","Alphabet Inc. Class A Common S","NNM","53559852","51272391","30745109","1.74",,
"2023-06-15","GS","Goldman Sachs Group Inc.","NYSE","3632708","3645468","2417074","1.50",,
"2023-06-15","GWW","W.W. Grainger, Inc.","NYSE","1200551","1167320","301380","3.98",,
"2023-06-15","HCA","HCA Healthcare, Inc.","NYSE","3168589","2301175","1144541","2.77",,
"2023-06-15","HD","Home Depot, Inc.","NYSE","10248681","13360317","3961758","2.59",,
"2023-06-15","HLT","Hilton Worldwide Holdings Inc.","NYSE","4207528","4254672","1496041","2.81",,
"2023-06-15","HON","Honeywell International Inc. C","NNM","5961604","6067501","2105625","2.83",,
"2023-06-15","HOOD","Robinhood Markets, Inc. Class","NNM","27434204","32732764","7695301","3.57",,
"2023-06-15","HPE","Hewlett Packard Enterprise Com","NYSE","29973548","29675083","16481404","1.82",,
"2023-06-15","HWM","Howmet Aerospace Inc.","NYSE","3934417","3615413","2403302","1.64",,
"2023-06-15","IBKR","Interactive Brokers Group, Inc","NNM","1170484","1281818","700915","1.67",,
"2023-06-15","IBM","International Business Machine","NYSE","26986528","24329618","4312816","6.26",,
"2023-06-15","ICE","Intercontinental Exchange  Inc","NYSE","4942383","3955117","2264747","2.18",,
"2023-06-15","INTC","Intel Corporation Common Stock","NNM","67404002","66586548","49568706","1.36",,
"2023-06-15","INTU","Intuit Inc. Common Stock","NNM","3372630","3330740","1803437","1.87",,
"2023-06-15","ISRG","Intuitive Surgical, Inc. Commo","NNM","2964581","2606724","1350376","2.20",,
"2023-06-15","ITW","Illinois Tool Works Inc.","NYSE","6285592","5860620","992487","6.33",,
"2023-06-15","JNJ","Johnson & Johnson","NYSE","14350190","14765679","6551698","2.19",,
"2023-06-15","JPM","JPMorgan Chase & Co.","NYSE","18448113","17187232","9148270","2.02",,
"2023-06-15","KKR","KKR & Co. Inc.","NYSE","10295594","10030131","2441893","4.22",,
"2023-06-15","KLAC","KLA Corporation Common Stock","NNM","2326535","2538883","1046057","2.22",,
"2023-06-15","KMI","Kinder Morgan, Inc.","NYSE","39925022","40479216","12605486","3.17",,
"2023-06-15","KO","Coca-Cola Company","NYSE","17642864","20427645","14045632","1.26",,
"2023-06-15","LIN","Linde plc Ordinary Share","NYSE","3242372","3187394","1402541","2.31",,
"2023-06-15","LLY","Eli Lilly & Co.","NYSE","5675557","5998614","2217092","2.56",,
"2023-06-15","LMT","Lockheed Martin Corp.","NYSE","1930220","1706726","922473","2.09",,
"2023-06-15","LOW","Lowe's Companies Inc.","NYSE","11457745","13062260","2761474","4.15",,
"2023-06-15","LRCX","Lam Research Corporation Commo","NNM","3276696","3396245","1228543","2.67",,
"2023-06-15","MA","Mastercard Incorporated","NYSE","4725124","5536267","2696723","1.75",,
"2023-06-15","MAR","Marriott International Class A","NNM","5746006","5886436","1692505","3.39",,
"2023-06-15","MCD","McDonald's Corporation","NYSE","6361626","5402698","2486625","2.56",,
"2023-06-15","MCK","McKesson Corporation","NYSE","1739584","1593416","737421","2.36",,
"2023-06-15","MCO","Moody's Corporation","NYSE","2071670","2472051","747580","2.77",,
"2023-06-15","MDLZ","Mondelez International, Inc. C","NNM","12966972","14031291","5289690","2.45",,
"2023-06-15","MDT","Medtronic plc","NYSE","6774362","8853683","5682125","1.19",,
"2023-06-15","META","Meta Platforms, Inc. Class A C","NNM","27888767","27791142","20486896","1.36",,
"2023-06-15","MMM","3M Company","NYSE","11541226","12247350","4703926","2.45",,
"2023-06-15","MNST","Monster Beverage Corporation","NNM","9897107","9774950","3733182","2.65",,
"2023-06-15","MO","Altria Group, Inc.","NYSE","16153721","15019318","7957532","2.03",,
"2023-06-15","MPC","MARATHON PETROLEUM CORPORATION","NYSE","12187949","12829510","3339605","3.65",,
"2023-06-15","MPWR","Monolithic Power Systems, Inc.","NNM","2266790","2790411","586217","3.87",,
"2023-06-15","MRK","Merck & Co., Inc.","NYSE","14958159","15648576","7310106","2.05",,
"2023-06-15","MRVL","Marvell Technology, Inc. Commo","NNM","22434516","27211746","16229966","1.38",,
"2023-06-15","MS","Morgan Stanley","NYSE","21718082","22256360","6783877","3.20",,
"2023-06-15","MSFT","Microsoft Corporation Common S","NNM","44270818","46395809","26615446","1.66",,
"2023-06-15","MSI","Motorola Solutions, Inc. New","NYSE","1088810","1129499","926786","1.17",,
"2023-06-15","MU","Micron Technology, Inc. Common","NNM","21708735","29606600","14606738","1.49",,
"2023-06-15","NEE","Nextra Energy, Inc.","NYSE","16670184","14656647","7496218","2.22",,
"2023-06-15","NEM","Newmont Corporation","NYSE","22613916","20153068","7690672","2.94",,
"2023-06-15","NET","Cloudflare, Inc. Class A commo","NYSE","18379952","21032575","5700803","3.22",,
"2023-06-15","NFLX","Netflix, Inc. Common Stock","NNM","10121517","9135043","7674483","1.32",,
"2023-06-15","NKE","Nike, Inc.","NYSE","19386032","15248706","9951727","1.95",,
"2023-06-15","NOC","Northrop Grumman Corp.","NYSE","1367800","1265241","717240","1.91",,
"2023-06-15","NOW","SERVICENOW, INC.","NYSE","4160907","4069948","1449252","2.87",,
"2023-06-15","NSC","Norfolk Southern Corp.","NYSE","2107499","2451702","1109934","1.90",,
"2023-06-15","NVDA","NVIDIA Corporation Common Stoc","NNM","27508937","26884245","50538617","1.00",,
"2023-06-15","O","Realty Income Corporation","NYSE","34465794","29323065","4019239","8.58",,
"2023-06-15","ORCL","Oracle Corp","NYSE","16974333","16068990","17762347","1.00",,
"2023-06-15","ORLY","O'Reilly Automotive, Inc. Comm","NNM","963981","781571","483295","1.99",,
"2023-06-15","PANW","Palo Alto Networks, Inc. Commo","NNM","20639809","19518527","6235753","3.31",,
"2023-06-15","PCAR","PACCAR Inc. Common Stock","NNM","9264052","9672695","2148201","4.31",,
"2023-06-15","PEP","PepsiCo, Inc. Common Stock","NNM","10976989","9646440","4099273","2.68",,
"2023-06-15","PFE","Pfizer Inc.","NYSE","55119826","55777927","21832375","2.52",,
"2023-06-15","PG","Procter & Gamble Company","NYSE","13314865","13212663","5496924","2.42",,
"2023-06-15","PGR","Progressive Corporation","NYSE","2665007","3309772","2136810","1.25",,
"2023-06-15","PH","Parker-Hannifin Corporation","NYSE","1435734","1768774","946511","1.52",,
"2023-06-15","PLD","PROLOGIS, INC.","NYSE","9621315","12423824","2936417","3.28",,
"2023-06-15","PLTR","Palantir Technologies Inc. Cla","NYSE","138141520","148364266","108259634","1.28",,
"2023-06-15","PM","Philip Morris International In","NYSE","5190242","7092090","3928638","1.32",,
"2023-06-15","PNC","PNC Financial Services Group","NYSE","7298085","7604287","2759036","2.65",,
"2023-06-15","PSX","PHILLIPS 66","NYSE","9549213","9528039","3132218","3.05",,
"2023-06-15","PWR","Quanta Services, Inc.","NYSE","4185109","4058142","684954","6.11",,
"2023-06-15","QCOM","QUALCOMM Incorporated Common S","NNM","12647267","9812978","8438150","1.50",,
"2023-06-15","RCL","Royal Caribbean Group","NYSE","21009007","19227621","4637918","4.53",,
"2023-06-15","REGN","Regeneron Pharmaceuticals, Inc","NNM","1229750","1141603","483837","2.54",,
"2023-06-15","ROST","Ross Stores, Inc. Common Stock","NNM","2684908","3611022","2498407","1.07",,
"2023-06-15","RSG","Republic Services Inc.","NYSE","2421050","2439716","934149","2.59",,
"2023-06-15","RTX","Raytheon Technologies Corporat","NYSE","10732972","10610595","4408501","2.43",,
"2023-06-15","SBUX","Starbucks Corporation Common S","NNM","15273474","13612902","6748259","2.26",,
"2023-06-15","SCCO","Southern Copper Corporation","NYSE","6495264","6735764","1068617","6.08",,
"2023-06-15","SCHW","The Charles Schwab Corporation","NYSE","25824643","27889539","11592353","2.23",,
"2023-06-15","SHW","The Sherwin-Williams Company","NYSE","2878886","2947454","1241013","2.32",,
"2023-06-15","SNOW","Snowflake Inc.","NYSE","13753148","14395361","6553250","2.10",,
"2023-06-15","SNPS","Synopsys, Inc. Common Stock","NNM","1725278","1725362","939048","1.84",,
"2023-06-15","SO","The Southern Company","NYSE","12445915","13523115","4305141","2.89",,
"2023-06-15","SPCX","The SPAC and New Issue ETF","NNM","26279","33763","2223","11.82",,
"2023-06-15","SPG","Simon Property Group, Inc.","NYSE","5706326","5897131","1413132","4.04",,
"2023-06-15","SPGI","S&P Global Inc.","NYSE","4007195","4074302","1172073","3.42",,
"2023-06-15","SYK","Stryker Corporation","NYSE","3107564","3117797","1221012","2.55",,
"2023-06-15","T","AT&T Inc.","NYSE","90350836","94183676","40249648","2.24",,
"2023-06-15","TDG","TransDigm Group Incorporated","NYSE","1073362","1082861","210209","5.11",,
"2023-06-15","TFC","Truist Financial Corporation","NYSE","36432536","33306653","11746738","3.10",,
"2023-06-15","TGT","Target Corporation","NYSE","10261493","9654049","8757475","1.17",,
"2023-06-15","TJX","TJX Companies, Inc. (The)","NYSE","7232137","7891527","4979730","1.45",,
"2023-06-15","TMO","Thermo Fisher Scientific, Inc.","NYSE","2757697","3106812","1651063","1.67",,
"2023-06-15","TMUS","T-Mobile US, Inc. Common Stock","NNM","28611331","29144729","10552262","2.71",,
"2023-06-15","TRV","The Travelers Companies, Inc.","NYSE","2648175","2883153","1112854","2.38",,
"2023-06-15","TSLA","Tesla, Inc. Common Stock","NNM","96484129","91194312","163964356","1.00",,
"2023-06-15","TXN","Texas Instruments Incorporated","NNM","16874081","18475629","4462322","3.78",,
"2023-06-15","UBER","Uber Technologies, Inc.","NYSE","51106838","46015970","21117340","2.42",,
"2023-06-15","UNH","UNITEDHEALTH GROUP INCORPORATE","NYSE","4701176","5521881","4538525","1.04",,
"2023-06-15","UNP","Union Pacific Corp.","NYSE","4503317","4136418","2501046","1.80",,
"2023-06-15","UPS","United Parcel Service, Inc. Cl","NYSE","10174705","11108832","3184204","3.20",,
"2023-06-15","URI","United Rentals, Inc.","NYSE","2691097","2784270","1035982","2.60",,
"2023-06-15","USB","U.S. Bancorp","NYSE","37556258","38300671","14304887","2.63",,
"2023-06-15","V","VISA Inc.","NYSE","30647269","31404583","7465205","4.11",,
"2023-06-15","VLO","Valero Energy Corporation","NYSE","10673794","10567206","4212114","2.53",,
"2023-06-15","VRT","Vertiv Holdings Co Class A Com","NYSE","9235944","8351277","4455532","2.07",,
"2023-06-15","VRTX","Vertex Pharmaceuticals Incorpo","NNM","2732362","3072125","1186331","2.30",,
"2023-06-15","VZ","Verizon Communications","NYSE","44047700","50395407","23274044","1.89",,
"2023-06-15","WBD","Warner Bros. Discovery, Inc. S","NNM","83573790","92030380","26713588","3.13",,
"2023-06-15","WDC","Western Digital Corporation Co","NNM","8013305","7368584","3127032","2.56",,
"2023-06-15","WELL","Welltower Inc.","NYSE","14402550","13862756","2583356","5.58",,
"2023-06-15","WFC","Wells Fargo & Co.","NYSE","32024194","36011056","16782782","1.91",,
"2023-06-15","WM","Waste Management, Inc.","NYSE","4321694","4678277","1394738","3.10",,
"2023-06-15","WMB","Williams Companies Inc.","NYSE","21727372","20478524","8285302","2.62",,
"2023-06-15","WMT","Walmart Inc.","NYSE","16192301","14549808","6013389","2.69",,
"2023-06-15","XOM","Exxon Mobil Corporation","NYSE","34463391","34410426","13890911","2.48",,
"2021-03-15","AAPL","Apple Inc. Common Stock","NNM","107011007","100799312","113581967","1.00",,
"2021-03-15","ABBV","ABBVIE INC.","NYSE","16201312","15429290","5534524","2.93",,
"2021-03-15","ABNB","Airbnb, Inc. Class A Common St","NNM","13623647","13503361","7529212","1.81",,
"2021-03-15","ABT","Abbott Laboratories","NYSE","12729708","9794067","4631275","2.75",,
"2021-03-15","ADBE","Adobe Inc. Common Stock","NNM","5068426","4781814","2894925","1.75",,
"2021-03-15","ADI","Analog Devices, Inc. Common St","NNM","35587742","35250974","3480354","10.23",,
"2021-03-15","ADP","Automatic Data Processing, Inc","NNM","5279670","4687010","1767490","2.99",,
"2021-03-15","AEP","American Electric Power Compan","NNM","8779629","7436641","3045917","2.88",,
"2021-03-15","AFL","Aflac Inc.","NYSE","11750146","9565420","3571250","3.29",,
"2021-03-15","AJG","Arthur J. Gallagher & Co.","NYSE","2156841","1908249","811971","2.66",,
"2021-03-15","ALL","The Allstate Corporation","NYSE","4423675","3765225","2008671","2.20",,
"2021-03-15","AMAT","Applied Materials, Inc. Common","NNM","10477844","11497018","8269378","1.27",,
"2021-03-15","AMD","Advanced Micro Devices, Inc. C","NNM","83627064","79247010","41005199","2.04",,
"2021-03-15","AMGN","Amgen Inc. Common Stock","NNM","9876578","8101042","2378431","4.15",,
"2021-03-15","AMT","American Tower Corporation","NYSE","3602639","3800621","2805786","1.28",,
"2021-03-15","AMZN","Amazon.com, Inc. Common Stock","NNM","4680520","4317030","3319054","1.41",,
"2021-03-15","ANET","Arista Networks","NYSE","2166221","1821354","527516","4.11",,
"2021-03-15","AON","Aon plc Class A","NYSE","24692549","24779890","1363886","18.10",,
"2021-03-15","APD","Air Products & Chemicals, Inc.","NYSE","1650350","1780365","847434","1.95",,
"2021-03-15","APH","Amphenol Corporation","NYSE","4745448","2059667","2872237","1.65","S",
"2021-03-15","APO","Apollo Global Management, Inc.","NYSE","8221354","6377984","2984119","2.76",,
"2021-03-15","AVGO","Broadcom Inc. Common Stock","NNM","4836652","4236054","2641617","1.83",,
"2021-03-15","AXP","American Express Company","NYSE","8665305","8786627","3501103","2.48",,
"2021-03-15","BA","Boeing Company","NYSE","11184866","9284018","21358402","1.00",,
"2021-03-15","BAC","Bank of America Corporation","NYSE","83766640","72256646","54406522","1.54",,
"2021-03-15","BKNG","Booking Holdings Inc. Common S","NNM","801313","772452","393992","2.03",,
"2021-03-15","BLK","Blackrock, Inc.","NYSE","1910493","1467870","649041","2.94",,
"2021-03-15","BMY","Bristol-Myers Squibb Co.","NYSE","25157645","28190063","10404466","2.42",,
"2021-03-15","BNY","BlackRock New York Municipal I","NYSE","57689","40104","22460","2.57",,
"2021-03-15","BRKA","Berkshire Hathaway Inc.","NYSE","1100","652","2598","1.00",,
"2021-03-15","BRKB","BERKSHIRE HATHAWAY Class B","NYSE","12319183","10068438","6012422","2.05",,
"2021-03-15","BSX","Boston Scientific Corp.","NYSE","17777974","17808102","7686634","2.31",,
"2021-03-15","BX","The Blackstone Group Inc.","NYSE","6640474","6590393","3396706","1.95",,
"2021-03-15","C","Citigroup Inc.","NYSE","32235570","26363976","21265896","1.52",,
"2021-03-15","CAT","Caterpillar Inc.","NYSE","6581277","6111931","2878564","2.29",,
"2021-03-15","CDNS","Cadence Design Systems, Inc. C","NNM","3917018","3546841","2360766","1.66",,
"2021-03-15","CI","CIGNA Corporation","NYSE","4698918","4886305","1859307","2.53",,
"2021-03-15","CL","Colgate-Palmolive Company","NYSE","6737658","7661393","5264414","1.28",,
"2021-03-15","CMCSA","Comcast Corporation Class A Co","NNM","82193990","76227990","19523210","4.21",,
"2021-03-15","CME","CME Group Inc. Class A Common","NNM","5057186","5274037","1917334","2.64",,
"2021-03-15","CMI","Cummins Inc.","NYSE","3092807","3058605","951632","3.25",,
"2021-03-15","COF","Capital One Financial","NYSE","5846672","4932635","2645703","2.21",,
"2021-03-15","COP","ConocoPhillips","NYSE","16823306","16087481","9670777","1.74",,
"2021-03-15","COST","Costco Wholesale Corporation C","NNM","4490210","4212513","4464267","1.01",,
"2021-03-15","CRM","salesforce.com, inc.","NYSE","19751747","19739173","8995032","2.20",,
"2021-03-15","CRWD","CrowdStrike Holdings, Inc. Cla","NNM","9114855","8816292","4019209","2.27",,
"2021-03-15","CSCO","Cisco Systems, Inc. Common Sto","NNM","51289255","43841227","20434798","2.51",,
"2021-03-15","CSX","CSX Corporation Common Stock","NNM","8855458","7313915","2685137","3.30",,
"2021-03-15","CTAS","Cintas Corporation Common Stoc","NNM","978787","917309","469006","2.09",,
"2021-03-15","CVNA","Carvana Co.","NYSE","16754361","17251583","1696172","9.88",,
"2021-03-15","CVS","CVS HEALTH CORPORATION","NYSE","17286212","18603852","6338675","2.73",,
"2021-03-15","CVX","Chevron Corporation","NYSE","22845451","18168902","14457232","1.58",,
"2021-03-15","D","Dominion Energy, Inc Common St","NYSE","8255918","7055534","5040613","1.64",,
"2021-03-15","DASH","DoorDash, Inc.","NYSE","12737154","9763367","5783914","2.20",,
"2021-03-15","DDOG","Datadog, Inc. Class A Common S","NNM","14937436","13879333","4340854","3.44",,
"2021-03-15","DE","Deere & Company","NYSE","3218299","2745216","1693861","1.90",,
"2021-03-15","DELL","Dell Technologies Inc.","NYSE","5865134","5053951","2381247","2.46",,
"2021-03-15","DHR","Danaher Corporation","NYSE","5723320","5025552","2551124","2.24",,
"2021-03-15","DIS","The Walt Disney Company","NYSE","24347456","23243654","12537264","1.94",,
"2021-03-15","DLR","Digital Realty Trust, Inc.","NYSE","7370710","6446344","1965362","3.75",,
"2021-03-15","DUK","Duke Energy Corporation","NYSE","6760477","6445380","3108216","2.18",,
"2021-03-15","ECL","Ecolab, Inc.","NYSE","2432927","2159067","918052","2.65",,
"2021-03-15","EMR","Emerson Electric Co.","NYSE","9563619","8248585","2725815","3.51",,
"2021-03-15","EOG","EOG Resources, Inc.","NYSE","11989188","12792653","4603372","2.60",,
"2021-03-15","EPD","Enterprise Products Partners L","NYSE","24832355","35938981","7903233","3.14",,
"2021-03-15","EQIX","Equinix, Inc. Common Stock REI","NNM","1231594","788823","765897","1.61",,
"2021-03-15","FCX","Freeport-McMoran Inc.","NYSE","26169403","23178485","22405964","1.17",,
"2021-03-15","FDX","FedEx Corporation","NYSE","3905371","3106928","1946464","2.01",,
"2021-03-15","FTNT","Fortinet, Inc. Common Stock","NNM","5139506","3839400","1508942","3.41",,
"2021-03-15","GD","General Dynamics Corporation","NYSE","4051127","4178456","1102036","3.68",,
"2021-03-15","GE","General Electric Company","NYSE","106634885","77331673","133011400","1.00",,
"2021-03-15","GILD","Gilead Sciences, Inc. Common S","NNM","22515269","23826782","8669681","2.60",,
"2021-03-15","GLW","Corning Incorporated","NYSE","10919211","8321025","4552652","2.40",,
"2021-03-15","GM","General Motors Company","NYSE","18324351","16172832","21629912","1.00",,
"2021-03-15","GOOG","Alphabet Inc. Class C Capital","NNM","3143930","2901383","1442055","2.18",,
"2021-03-15","GOOGL","Alphabet Inc. Class A Common S","NNM","3111317","3075148","1569158","1.98",,
"2021-03-15","GS","Goldman Sachs Group Inc.","NYSE","4628013","4546139","2861174","1.62",,
"2021-03-15","GWW","W.W. Grainger, Inc.","NYSE","806608","793347","301899","2.67",,
"2021-03-15","HCA","HCA Healthcare, Inc.","NYSE","2716229","2790014","1623694","1.67",,
"2021-03-15","HD","Home Depot, Inc.","NYSE","7990116","7873276","4550696","1.76",,
"2021-03-15","HLT","Hilton Worldwide Holdings Inc.","NYSE","8942984","9551343","2325588","3.85",,
"2021-03-15","HON","Honeywell International, Inc.","NYSE","6974232","6301818","2580932","2.70",,
"2021-03-15","HPE","Hewlett Packard Enterprise Com","NYSE","34681597","32184620","13703483","2.53",,
"2021-03-15","HWM","Howmet Aerospace Inc.","NYSE","9348216","5123353","3859069","2.42",,
"2021-03-15","IBKR","Interactive Brokers Group, Inc","NNM","3551749","3093780","709111","5.01",,
"2021-03-15","IBM","International Business Machine","NYSE","29098388","30005072","5628651","5.17",,
"2021-03-15","ICE","Intercontinental Exchange  Inc","NYSE","4400604","5979067","2277362","1.93",,
"2021-03-15","INTC","Intel Corporation Common Stock","NNM","60030228","60924461","27922990","2.15",,
"2021-03-15","INTU","Intuit Inc. Common Stock","NNM","2747180","2857511","1373227","2.00",,
"2021-03-15","ISRG","Intuitive Surgical, Inc. Commo","NNM","1539251","1278854","547384","2.81",,
"2021-03-15","ITW","Illinois Tool Works Inc.","NYSE","3605091","3483667","932053","3.87",,
"2021-03-15","JNJ","Johnson & Johnson","NYSE","17037745","15223637","7131879","2.39",,
"2021-03-15","JPM","JPMorgan Chase & Co.","NYSE","21030572","23256676","14025964","1.50",,
"2021-03-15","KKR","KKR & Co. Inc.","NYSE","9488060","9204601","3154654","3.01",,
"2021-03-15","KLAC","KLA Corporation Common Stock","NNM","3047825","2691359","1422718","2.14",,
"2021-03-15","KMI","Kinder Morgan, Inc.","NYSE","35942767","38059650","16532122","2.17",,
"2021-03-15","KO","Coca-Cola Company","NYSE","21237899","21894339","17175747","1.24",,
"2021-03-15","LIN","Linde plc Ordinary Share","NYSE","3599383","3590399","1785439","2.02",,
"2021-03-15","LLY","Eli Lilly & Co.","NYSE","6978695","5643182","3417665","2.04",,
"2021-03-15","LMT","Lockheed Martin Corp.","NYSE","3045945","3096776","1824114","1.67",,
"2021-03-15","LOW","Lowe's Companies Inc.","NYSE","9118044","8276560","4280760","2.13",,
"2021-03-15","LRCX","Lam Research Corporation Commo","NNM","1944272","2771625","1657212","1.17",,
"2021-03-15","MA","Mastercard Incorporated","NYSE","6642712","6414858","4054787","1.64",,
"2021-03-15","MAR","Marriott International Class A","NNM","8282900","7483839","2434998","3.40",,
"2021-03-15","MCD","McDonald's Corporation","NYSE","5991608","5069245","3050430","1.96",,
"2021-03-15","MCK","McKesson Corporation","NYSE","2580074","1721344","1005114","2.57",,
"2021-03-15","MCO","Moody's Corporation","NYSE","2453245","2192299","765147","3.21",,
"2021-03-15","MDLZ","Mondelez International, Inc. C","NNM","15141806","13733405","8608082","1.76",,
"2021-03-15","MDT","Medtronic plc","NYSE","7510344","7476252","3786129","1.98",,
"2021-03-15","MMM","3M Company","NYSE","9947806","9256221","2275979","4.37",,
"2021-03-15","MNST","Monster Beverage Corporation","NNM","5491535","4752553","2101392","2.61",,
"2021-03-15","MO","Altria Group, Inc.","NYSE","15868398","15979526","9714844","1.63",,
"2021-03-15","MPC","MARATHON PETROLEUM CORPORATION","NYSE","36223577","34038891","5614504","6.45",,
"2021-03-15","MPWR","Monolithic Power Systems, Inc.","NNM","607944","644466","540576","1.12",,
"2021-03-15","MRK","Merck & Co., Inc.","NYSE","18138252","20384636","11963341","1.52",,
"2021-03-15","MRVL","Marvell Technology Group Ltd.","NNM","41347552","35319592","16884389","2.45",,
"2021-03-15","MS","Morgan Stanley","NYSE","15804159","25454189","10799389","1.46",,
"2021-03-15","MSFT","Microsoft Corporation Common S","NNM","49574419","41632106","28977053","1.71",,
"2021-03-15","MSI","Motorola Solutions, Inc. New","NYSE","1862540","1741941","639957","2.91",,
"2021-03-15","MU","Micron Technology, Inc. Common","NNM","19242827","18716010","21633975","1.00",,
"2021-03-15","NEE","Nextra Energy, Inc.","NYSE","22344140","21360634","9370428","2.38",,
"2021-03-15","NEM","Newmont Corporation","NYSE","8447610","7976844","6558865","1.29",,
"2021-03-15","NET","Cloudflare, Inc. Class A commo","NYSE","12596182","9990983","5102705","2.47",,
"2021-03-15","NFLX","Netflix, Inc. Common Stock","NNM","9170099","7898882","3751638","2.44",,
"2021-03-15","NKE","Nike, Inc.","NYSE","11020044","10279399","4941615","2.23",,
"2021-03-15","NOC","Northrop Grumman Corp.","NYSE","4624872","5377167","1050808","4.40",,
"2021-03-15","NOW","SERVICENOW, INC.","NYSE","2684236","2713793","1818121","1.48",,
"2021-03-15","NSC","Norfolk Southern Corp.","NYSE","2480285","2398176","1174157","2.11",,
"2021-03-15","NVDA","NVIDIA Corporation Common Stoc","NNM","6773000","5676397","9300643","1.00",,
"2021-03-15","O","Realty Income Corporation","NYSE","10047729","10584862","3057029","3.29",,
"2021-03-15","ORCL","Oracle Corp","NYSE","30362623","32071334","18791659","1.62",,
"2021-03-15","ORLY","O'Reilly Automotive, Inc. Comm","NNM","1160019","1195404","546365","2.12",,
"2021-03-15","PANW","PALO ALTO NETWORKS, INC","NYSE","5158820","5249007","1085157","4.75",,
"2021-03-15","PCAR","PACCAR Inc. Common Stock","NNM","5147251","4162392","1799960","2.86",,
"2021-03-15","PEP","PepsiCo, Inc. Common Stock","NNM","11516543","10029505","6599609","1.75",,
"2021-03-15","PFE","Pfizer Inc.","NYSE","68324457","67646027","27641754","2.47",,
"2021-03-15","PG","Procter & Gamble Company","NYSE","16041457","16370478","7892898","2.03",,
"2021-03-15","PGR","Progressive Corporation","NYSE","5989262","5201243","2571606","2.33",,
"2021-03-15","PH","Parker-Hannifin Corporation","NYSE","1640408","1594822","984447","1.67",,
"2021-03-15","PLD","PROLOGIS, INC.","NYSE","7727029","7428942","2995342","2.58",,
"2021-03-15","PLTR","Palantir Technologies Inc. Cla","NYSE","45410382","56425604","92175038","1.00",,
"2021-03-15","PM","Philip Morris International In","NYSE","8446350","9377689","3697634","2.28",,
"2021-03-15","PNC","PNC Financial Services Group","NYSE","5797686","6216719","1762304","3.29",,
"2021-03-15","PSX","PHILLIPS 66","NYSE","10634180","11564886","2419107","4.40",,
"2021-03-15","PWR","Quanta Services, Inc.","NYSE","2215479","2010952","1295285","1.71",,
"2021-03-15","QCOM","QUALCOMM Incorporated Common S","NNM","21932727","17240878","11275299","1.95",,
"2021-03-15","RCL","Royal Caribbean Group","NYSE","10709731","12106861","7424492","1.44",,
"2021-03-15","REGN","Regeneron Pharmaceuticals, Inc","NNM","2657365","2320909","789806","3.36",,
"2021-03-15","ROST","Ross Stores, Inc. Common Stock","NNM","5494626","5871980","3306190","1.66",,
"2021-03-15","RSG","Republic Services Inc.","NYSE","2559752","3310615","1382221","1.85",,
"2021-03-15","RTX","Raytheon Technologies Corporat","NYSE","17107945","13523306","6415237","2.67",,
"2021-03-15","SBUX","Starbucks Corporation Common S","NNM","13758011","11581691","5060777","2.72",,
"2021-03-15","SCCO","Southern Copper Corporation","NYSE","4881618","5172514","1153040","4.23",,
"2021-03-15","SCHW","The Charles Schwab Corporation","NYSE","18007697","18202595","7674124","2.35",,
"2021-03-15","SHW","The Sherwin-Williams Company","NYSE","1267320","1215198","539921","2.35",,
"2021-03-15","SNOW","Snowflake Inc.","NYSE","8500619","8701262","7260171","1.17",,
"2021-03-15","SNPS","Synopsys, Inc. Common Stock","NNM","1807106","1786432","1205975","1.50",,
"2021-03-15","SO","The Southern Company","NYSE","9229721","8428930","3959599","2.33",,
"2021-03-15","SPCX","The SPAC and New Issue ETF","ARCA","662585","622144","226257","2.93",,
"2021-03-15","SPG","Simon Property Group, Inc.","NYSE","16583233","16141367","3445168","4.81",,
"2021-03-15","SPGI","S&P Global Inc.","NYSE","10515800","8623125","1554008","6.77",,
"2021-03-15","SYK","Stryker Corporation","NYSE","3482455","3162761","977973","3.56",,
"2021-03-15","T","AT&T Inc.","NYSE","111084516","115573551","46472246","2.39",,
"2021-03-15","TDG","TransDigm Group Incorporated","NYSE","1991317","1871571","240147","8.29",,
"2021-03-15","TFC","Truist Financial Corporation","NYSE","12190632","13175236","5575750","2.19",,
"2021-03-15","TGT","Target Corporation","NYSE","8278446","6559940","5844733","1.42",,
"2021-03-15","TJX","TJX Companies, Inc. (The)","NYSE","15164601","14188081","7978984","1.90",,
"2021-03-15","TMO","Thermo Fisher Scientific, Inc.","NYSE","3137970","2752423","1970830","1.59",,
"2021-03-15","TMUS","T-Mobile US, Inc. Common Stock","NNM","14992766","13218022","5573944","2.69",,
"2021-03-15","TRV","The Travelers Companies, Inc.","NYSE","5363137","5158423","1264097","4.24",,
"2021-03-15","TSLA","Tesla, Inc. Common Stock","NNM","44732793","44000524","44095543","1.01",,
"2021-03-15","TXN","Texas Instruments Incorporated","NNM","14526226","14419325","5018525","2.89",,
"2021-03-15","UBER","Uber Technologies, Inc.","NYSE","64043495","57782840","19853353","3.23",,
"2021-03-15","UNH","UNITEDHEALTH GROUP INCORPORATE","NYSE","6884948","5350877","3152851","2.18",,
"2021-03-15","UNP","Union Pacific Corp.","NYSE","8242888","4998746","2607278","3.16",,
"2021-03-15","UPS","United Parcel Service, Inc. Cl","NYSE","8804880","7460407","2636779","3.34",,
"2021-03-15","URI","United Rentals, Inc.","NYSE","2977317","3489866","645802","4.61",,
"2021-03-15","USB","U.S. Bancorp","NYSE","15953867","14827928","7636992","2.09",,
"2021-03-15","V","VISA Inc.","NYSE","27224406","24282158","7990077","3.41",,
"2021-03-15","VLO","Valero Energy Corporation","NYSE","12680679","11381097","3882983","3.27",,
"2021-03-15","VRT","Vertiv Holdings Co Class A Com","NYSE","11913964","11133986","5055374","2.36",,
"2021-03-15","VRTX","Vertex Pharmaceuticals Incorpo","NNM","4979026","4352495","1921214","2.59",,
"2021-03-15","VZ","Verizon Communications","NYSE","47340886","47261144","20330258","2.33",,
"2021-03-15","WDC","Western Digital Corporation Co","NNM","5833968","6371925","5448869","1.07",,
"2021-03-15","WELL","Welltower Inc.","NYSE","7832269","8409459","2227813","3.52",,
"2021-03-15","WFC","Wells Fargo & Co.","NYSE","58473871","52296133","30229313","1.93",,
"2021-03-15","WM","Waste Management, Inc.","NYSE","4411305","3787700","2439318","1.81",,
"2021-03-15","WMB","Williams Companies Inc.","NYSE","23890901","21720044","8845091","2.70",,
"2021-03-15","WMT","Walmart Inc.","NYSE","14415710","15334987","11119928","1.30",,
"2021-03-15","XOM","Exxon Mobil Corporation","NYSE","64293245","54383952","32439282","1.98",,
"2024-07-15","AAPL","Apple Inc. Common Stock","NNM","135383184","132235437","55946376","2.42",,
"2024-07-15","ABBV","ABBVIE INC.","NYSE","16379203","16220658","4249739","3.85",,
"2024-07-15","ABNB","Airbnb, Inc. Class A Common St","NNM","11134233","12354991","3505777","3.18",,
"2024-07-15","ABT","Abbott Laboratories","NYSE","10749052","13000568","4852408","2.22",,
"2024-07-15","ADBE","Adobe Inc. Common Stock","NNM","6201201","6953603","2476058","2.50",,
"2024-07-15","ADI","Analog Devices, Inc. Common St","NNM","10053410","9138680","2343651","4.29",,
"2024-07-15","ADP","Automatic Data Processing, Inc","NNM","4764504","4783354","1495548","3.19",,
"2024-07-15","AEP","American Electric Power Compan","NNM","7916882","7691098","1936437","4.09",,
"2024-07-15","AFL","Aflac Inc.","NYSE","15472433","14902942","1678718","9.22",,
"2024-07-15","AJG","Arthur J. Gallagher & Co.","NYSE","3169620","3349978","648065","4.89",,
"2024-07-15","ALL","The Allstate Corporation","NYSE","2572125","2517211","1099936","2.34",,
"2024-07-15","AMAT","Applied Materials, Inc. Common","NNM","15727993","15621126","4170957","3.77",,
"2024-07-15","AMD","Advanced Micro Devices, Inc. C","NNM","46204114","41616896","54071256","1.00",,
"2024-07-15","AMGN","Amgen Inc. Common Stock","NNM","9581607","8984675","1670868","5.73",,
"2024-07-15","AMT","American Tower Corporation","NYSE","5973969","6017191","1654963","3.61",,
"2024-07-15","AMZN","Amazon.com, Inc. Common Stock","NNM","75649118","78354688","37099786","2.04",,
"2024-07-15","ANET","Arista Networks","NYSE","3141157","3358092","1606159","1.96",,
"2024-07-15","AON","Aon plc Class A","NYSE","3348579","3647143","1034517","3.24",,
"2024-07-15","APD","Air Products & Chemicals, Inc.","NYSE","2838421","3245333","1551130","1.83",,
"2024-07-15","APH","Amphenol Corporation","NYSE","12516316","14855729","4828733","2.59",,
"2024-07-15","APO","Apollo Global Management, Inc.","NYSE","19119133","20452323","1864071","10.26",,
"2024-07-15","APP","Applovin Corporation Class A C","NNM","17090519","15676675","2968796","5.76",,
"2024-07-15","AVGO","Broadcom Inc. Common Stock","NNM","50829200","5373935","38124523","1.33","S",
"2024-07-15","AXP","American Express Company","NYSE","8373073","7564457","2283940","3.67",,
"2024-07-15","BA","Boeing Company","NYSE","13488977","14311628","5180033","2.60",,
"2024-07-15","BAC","Bank of America Corporation","NYSE","72006147","67402548","29209906","2.47",,
"2024-07-15","BKNG","Booking Holdings Inc. Common S","NNM","769759","790591","172516","4.46",,
"2024-07-15","BLK","Blackrock, Inc.","NYSE","1572142","1697369","538082","2.92",,
"2024-07-15","BMY","Bristol-Myers Squibb Co.","NYSE","32058667","31622026","15033886","2.13",,
"2024-07-15","BNY","BlackRock New York Municipal I","NYSE","10051","13500","30976","1.00",,
"2024-07-15","BRKA","Berkshire Hathaway Inc.","NYSE","207","255","1993","1.00",,
"2024-07-15","BRKB","BERKSHIRE HATHAWAY Class B","NYSE","9438966","10101903","3716691","2.54",,
"2024-07-15","BSX","Boston Scientific Corp.","NYSE","11525968","11251869","4290063","2.69",,
"2024-07-15","BX","Blackstone Inc.","NYSE","17492025","19407608","2796646","6.25",,
"2024-07-15","C","Citigroup Inc.","NYSE","28822099","29051138","14409563","2.00",,
"2024-07-15","CAT","Caterpillar Inc.","NYSE","10429445","10376681","2427993","4.30",,
"2024-07-15","CDNS","Cadence Design Systems, Inc. C","NNM","3161456","3714784","1090137","2.90",,
"2024-07-15","CEG","Constellation Energy Corporati","NNM","4009736","4457557","2135776","1.88",,
"2024-07-15","CI","The Cigna Group","NYSE","3208232","3775766","1330098","2.41",,
"2024-07-15","CL","Colgate-Palmolive Company","NYSE","8929271","10352953","3173786","2.81",,
"2024-07-15","CMCSA","Comcast Corporation Class A Co","NNM","58554972","51034405","16085492","3.64",,
"2024-07-15","CME","CME Group Inc. Class A Common","NNM","4629546","4506882","2771475","1.67",,
"2024-07-15","CMI","Cummins Inc.","NYSE","2475256","2135899","722242","3.43",,
"2024-07-15","COF","Capital One Financial","NYSE","8573711","9367340","2257201","3.80",,
"2024-07-15","COP","ConocoPhillips","NYSE","18064255","15893418","4126936","4.38",,
"2024-07-15","COST","Costco Wholesale Corporation C","NNM","7110581","7151276","2266523","3.14",,
"2024-07-15","CRM","Salesforce, Inc.","NYSE","13897386","13245381","5927768","2.34",,
"2024-07-15","CRWD","CrowdStrike Holdings, Inc. Cla","NNM","8336584","12614368","3022974","2.76",,
"2024-07-15","CSCO","Cisco Systems, Inc. Common Sto","NNM","56150684","47754809","17078952","3.29",,
"2024-07-15","CSX","CSX Corporation Common Stock","NNM","29487669","32810389","9714717","3.04",,
"2024-07-15","CTAS","Cintas Corporation Common Stoc","NNM","1457669","1731241","308228","4.73",,
"2024-07-15","CVNA","Carvana Co.","NYSE","18845763","21891762","4039303","4.67",,
"2024-07-15","CVS","CVS HEALTH CORPORATION","NYSE","17816744","18428931","7484276","2.38",,
"2024-07-15","CVX","Chevron Corporation","NYSE","49188935","49763884","5838923","8.42",,
"2024-07-15","D","Dominion Energy, Inc Common St","NYSE","15406394","15839025","2882724","5.34",,
"2024-07-15","DASH","DoorDash, Inc. Class A Common","NNM","13921192","16588758","3387733","4.11",,
"2024-07-15","DDOG","Datadog, Inc. Class A Common S","NNM","9852980","10869868","3191681","3.09",,
"2024-07-15","DE","Deere & Company","NYSE","3223692","4127718","1391136","2.32",,
"2024-07-15","DELL","Dell Technologies Inc.","NYSE","9941943","11125898","9623608","1.03",,
"2024-07-15","DHR","Danaher Corporation","NYSE","6547380","8613615","2975513","2.20",,
"2024-07-15","DIS","The Walt Disney Company","NYSE","22357111","18614277","8851333","2.53",,
"2024-07-15","DLR","Digital Realty Trust, Inc.","NYSE","9741524","10170360","1238386","7.87",,
"2024-07-15","DUK","Duke Energy Corporation","NYSE","9402570","9684762","2473082","3.80",,
"2024-07-15","ECL","Ecolab, Inc.","NYSE","1692831","2004999","960503","1.76",,
"2024-07-15","ELV","Elevance Health, Inc.","NYSE","1760245","2191078","843538","2.09",,
"2024-07-15","EMR","Emerson Electric Co.","NYSE","6909554","7010228","1910951","3.62",,
"2024-07-15","EOG","EOG Resources, Inc.","NYSE","10133360","10210811","2523426","4.02",,
"2024-07-15","EPD","Enterprise Products Partners L","NYSE","13319486","14862559","2908780","4.58",,
"2024-07-15","EQIX","Equinix, Inc. Common Stock REI","NNM","1611652","1746627","356467","4.52",,
"2024-07-15","FCX","Freeport-McMoran Inc.","NYSE","19814503","21644171","8541636","2.32",,
"2024-07-15","FDX","FedEx Corporation","NYSE","4009077","3730809","1668527","2.40",,
"2024-07-15","FTNT","Fortinet, Inc. Common Stock","NNM","17003384","16057460","4006711","4.24",,
"2024-07-15","GD","General Dynamics Corporation","NYSE","1709782","1986016","1041050","1.64",,
"2024-07-15","GE","GE Aerospace","NYSE","11114365","13733743","4403745","2.52",,
"2024-07-15","GEV","GE Vernova Inc.","NYSE","4392773","6843787","2064377","2.13",,
"2024-07-15","GILD","Gilead Sciences, Inc. Common S","NNM","21250019","22995005","5520498","3.85",,
"2024-07-15","GLW","Corning Incorporated","NYSE","18602979","19143947","11956307","1.56",,
"2024-07-15","GM","General Motors Company","NYSE","42540322","50389004","11035122","3.85",,
"2024-07-15","GOOG","Alphabet Inc. Class C Capital","NNM","45714908","42854852","12237948","3.74",,
"2024-07-15","GOOGL","Alphabet Inc. Class A Common S","NNM","71534234","70084395","18044813","3.96",,
"2024-07-15","GS","Goldman Sachs Group Inc.","NYSE","5534484","4735938","2316422","2.39",,
"2024-07-15","GWW","W.W. Grainger, Inc.","NYSE","1442757","1365633","254392","5.67",,
"2024-07-15","HCA","HCA Healthcare, Inc.","NYSE","2365090","2540860","1449643","1.63",,
"2024-07-15","HD","Home Depot, Inc.","NYSE","8632911","7729849","3091446","2.79",,
"2024-07-15","HLT","Hilton Worldwide Holdings Inc.","NYSE","3639690","3334813","1393172","2.61",,
"2024-07-15","HON","Honeywell International Inc. C","NNM","7114311","7663375","1777144","4.00",,
"2024-07-15","HOOD","Robinhood Markets, Inc. Class","NNM","30364513","34316578","11600598","2.62",,
"2024-07-15","HPE","Hewlett Packard Enterprise Com","NYSE","24179637","27055736","11767337","2.05",,
"2024-07-15","HWM","Howmet Aerospace Inc.","NYSE","10072541","11038575","2314588","4.35",,
"2024-07-15","IBKR","Interactive Brokers Group, Inc","NNM","2450331","2886051","810178","3.02",,
"2024-07-15","IBM","International Business Machine","NYSE","21506626","21239223","2893628","7.43",,
"2024-07-15","ICE","Intercontinental Exchange  Inc","NYSE","6042002","5120142","2743677","2.20",,
"2024-07-15","INTC","Intel Corporation Common Stock","NNM","94940855","96013687","52321756","1.81",,
"2024-07-15","INTU","Intuit Inc. Common Stock","NNM","3741427","3740394","1156791","3.23",,
"2024-07-15","ISRG","Intuitive Surgical, Inc. Commo","NNM","4304015","4872732","1241101","3.47",,
"2024-07-15","ITW","Illinois Tool Works Inc.","NYSE","5285757","5731811","917884","5.76",,
"2024-07-15","JNJ","Johnson & Johnson","NYSE","17985418","21174103","5441656","3.31",,
"2024-07-15","JPM","JPMorgan Chase & Co.","NYSE","22577873","23084908","9458856","2.39",,
"2024-07-15","KKR","KKR & Co. Inc.","NYSE","16979340","23145197","2886314","5.88",,
"2024-07-15","KLAC","KLA Corporation Common Stock","NNM","2549745","2721145","552495","4.61",,
"2024-07-15","KMI","Kinder Morgan, Inc.","NYSE","43808821","46222187","12782447","3.43",,
"2024-07-15","KO","Coca-Cola Company","NYSE","31179764","31822619","10347037","3.01",,
"2024-07-15","LIN","Linde plc Ordinary Shares","NNM","4654595","4979891","1513389","3.08",,
"2024-07-15","LLY","Eli Lilly & Co.","NYSE","6314668","5994960","2808970","2.25",,
"2024-07-15","LMT","Lockheed Martin Corp.","NYSE","1711501","2153981","614649","2.78",,
"2024-07-15","LOW","Lowe's Companies Inc.","NYSE","9037886","9436822","2386364","3.79",,
"2024-07-15","LRCX","Lam Research Corporation Commo","NNM","2542744","2494582","723033","3.52",,
"2024-07-15","MA","Mastercard Incorporated","NYSE","4408893","4402612","2720265","1.62",,
"2024-07-15","MAR","Marriott International Class A","NNM","5641116","6358976","1261813","4.47",,
"2024-07-15","MCD","McDonald's Corporation","NYSE","9817294","8767571","3827490","2.56",,
"2024-07-15","MCK","McKesson Corporation","NYSE","1850913","1853134","609109","3.04",,
"2024-07-15","MCO","Moody's Corporation","NYSE","1746629","1875567","534726","3.27",,
"2024-07-15","MDLZ","Mondelez International, Inc. C","NNM","14586549","12410923","7035913","2.07",,
"2024-07-15","MDT","Medtronic plc","NYSE","13680567","15223477","5630579","2.43",,
"2024-07-15","META","Meta Platforms, Inc. Class A C","NNM","29858953","30432951","12777276","2.34",,
"2024-07-15","MMM","3M Company","NYSE","7667107","8072130","3023444","2.54",,
"2024-07-15","MNST","Monster Beverage Corporation","NNM","23380962","22830628","5505309","4.25",,
"2024-07-15","MO","Altria Group, Inc.","NYSE","25613516","26469121","7089361","3.61",,
"2024-07-15","MPC","MARATHON PETROLEUM CORPORATION","NYSE","7911279","8360966","2190202","3.61",,
"2024-07-15","MPWR","Monolithic Power Systems, Inc.","NNM","1748418","1778439","373877","4.68",,
"2024-07-15","MRK","Merck & Co., Inc.","NYSE","24568947","23350136","6563150","3.74",,
"2024-07-15","MRVL","Marvell Technology, Inc. Commo","NNM","37388842","43895608","8645296","4.32",,
"2024-07-15","MS","Morgan Stanley","NYSE","12991484","10065749","6127510","2.12",,
"2024-07-15","MSFT","Microsoft Corporation Common S","NNM","61931266","64474720","15832051","3.91",,
"2024-07-15","MSI","Motorola Solutions, Inc. New","NYSE","1791019","1944650","551535","3.25",,
"2024-07-15","MU","Micron Technology, Inc. Common","NNM","24054703","27598173","21994842","1.09",,
"2024-07-15","NEE","Nextra Energy, Inc.","NYSE","33661098","38155210","9382213","3.59",,
"2024-07-15","NEM","Newmont Corporation","NYSE","17307183","17029788","7077596","2.45",,
"2024-07-15","NET","Cloudflare, Inc. Class A commo","NYSE","8764963","9481957","2228444","3.93",,
"2024-07-15","NFLX","Netflix, Inc. Common Stock","NNM","7387665","7937926","2738426","2.70",,
"2024-07-15","NKE","Nike, Inc.","NYSE","23735867","22660783","23207375","1.02",,
"2024-07-15","NOC","Northrop Grumman Corp.","NYSE","1256797","1670697","639769","1.96",,
"2024-07-15","NOW","SERVICENOW, INC.","NYSE","3270712","3293340","1292534","2.53",,
"2024-07-15","NSC","Norfolk Southern Corp.","NYSE","2755581","2300338","980193","2.81",,
"2024-07-15","NVDA","NVIDIA Corporation Common Stoc","NNM","280295880","300415949","252621975","1.11",,
"2024-07-15","O","Realty Income Corporation","NYSE","17730817","18742832","4255380","4.17",,
"2024-07-15","ORCL","Oracle Corp","NYSE","14416859","13293530","7200813","2.00",,
"2024-07-15","ORLY","O'Reilly Automotive, Inc. Comm","NNM","1187797","1168616","329359","3.61",,
"2024-07-15","PANW","Palo Alto Networks, Inc. Commo","NNM","11171902","11796099","2121481","5.27",,
"2024-07-15","PCAR","PACCAR Inc. Common Stock","NNM","13620182","12574648","2079256","6.55",,
"2024-07-15","PEP","PepsiCo, Inc. Common Stock","NNM","18699383","19651095","5591358","3.34",,
"2024-07-15","PFE","Pfizer Inc.","NYSE","55701935","59890401","27934615","1.99",,
"2024-07-15","PG","Procter & Gamble Company","NYSE","19060802","20104125","5342252","3.57",,
"2024-07-15","PGR","Progressive Corporation","NYSE","4663221","4614418","2187083","2.13",,
"2024-07-15","PH","Parker-Hannifin Corporation","NYSE","1341210","1433364","586024","2.29",,
"2024-07-15","PLD","PROLOGIS, INC.","NYSE","11788172","11204056","2783786","4.23",,
"2024-07-15","PLTR","Palantir Technologies Inc. Cla","NYSE","81122898","79876062","42801512","1.90",,
"2024-07-15","PM","Philip Morris International In","NYSE","8448399","9922002","3674860","2.30",,
"2024-07-15","PNC","PNC Financial Services Group","NYSE","6318991","5705066","1861232","3.40",,
"2024-07-15","PSX","PHILLIPS 66","NYSE","8790408","8998381","1836371","4.79",,
"2024-07-15","PWR","Quanta Services, Inc.","NYSE","4304742","4541802","822059","5.24",,
"2024-07-15","QCOM","QUALCOMM Incorporated Common S","NNM","28566603","27851029","6357894","4.49",,
"2024-07-15","RCL","Royal Caribbean Group","NYSE","16501919","15863453","1888747","8.74",,
"2024-07-15","REGN","Regeneron Pharmaceuticals, Inc","NNM","1892424","2037891","373354","5.07",,
"2024-07-15","ROST","Ross Stores, Inc. Common Stock","NNM","3799365","4546868","1633753","2.33",,
"2024-07-15","RSG","Republic Services Inc.","NYSE","2689865","2423292","1208805","2.23",,
"2024-07-15","RTX","RTX Corporation","NYSE","16391825","17282499","5932407","2.76",,
"2024-07-15","SBUX","Starbucks Corporation Common S","NNM","23138502","25614615","9354961","2.47",,
"2024-07-15","SCCO","Southern Copper Corporation","NYSE","6652094","6671856","909796","7.31",,
"2024-07-15","SCHW","The Charles Schwab Corporation","NYSE","16952968","15438232","5181271","3.27",,
"2024-07-15","SHW","The Sherwin-Williams Company","NYSE","3645706","4153279","1546906","2.36",,
"2024-07-15","SNOW","Snowflake Inc.","NYSE","12654297","13173597","6249836","2.02",,
"2024-07-15","SNPS","Synopsys, Inc. Common Stock","NNM","3811281","3995488","576660","6.61",,
"2024-07-15","SO","The Southern Company","NYSE","18642715","18600654","2824533","6.60",,
"2024-07-15","SPCX","The SPAC and New Issue ETF","NNM","8247","9476","2802","2.94",,
"2024-07-15","SPG","Simon Property Group, Inc.","NYSE","4558911","4590494","1072851","4.25",,
"2024-07-15","SPGI","S&P Global Inc.","NYSE","2199014","2252139","982416","2.24",,
"2024-07-15","SYK","Stryker Corporation","NYSE","3857627","4110123","831032","4.64",,
"2024-07-15","T","AT&T Inc.","NYSE","101541061","112271917","29788322","3.41",,
"2024-07-15","TDG","TransDigm Group Incorporated","NYSE","737745","884115","243573","3.03",,
"2024-07-15","TFC","Truist Financial Corporation","NYSE","14806570","15546617","5998483","2.47",,
"2024-07-15","TGT","Target Corporation","NYSE","10897021","8818265","3431971","3.18",,
"2024-07-15","TJX","TJX Companies, Inc. (The)","NYSE","12557557","14045394","4277520","2.94",,
"2024-07-15","TMO","Thermo Fisher Scientific, Inc.","NYSE","3044705","3386849","1327643","2.29",,
"2024-07-15","TMUS","T-Mobile US, Inc. Common Stock","NNM","19147195","19519439","3156382","6.07",,
"2024-07-15","TRV","The Travelers Companies, Inc.","NYSE","4039106","3538311","1103523","3.66",,
"2024-07-15","TSLA","Tesla, Inc. Common Stock","NNM","104460574","105201302","162196035","1.00",,
"2024-07-15","TXN","Texas Instruments Incorporated","NNM","19713611","19673189","3652209","5.40",,
"2024-07-15","UBER","Uber Technologies, Inc.","NYSE","49300126","51946351","12771479","3.86",,
"2024-07-15","UNH","UNITEDHEALTH GROUP INCORPORATE","NYSE","7027843","7689132","3550631","1.98",,
"2024-07-15","UNP","Union Pacific Corp.","NYSE","4885384","5043510","1723531","2.83",,
"2024-07-15","UPS","United Parcel Service, Inc. Cl","NYSE","13313450","14487454","3186870","4.18",,
"2024-07-15","URI","United Rentals, Inc.","NYSE","2862520","2749621","523726","5.47",,
"2024-07-15","USB","U.S. Bancorp","NYSE","15565123","17113946","7771629","2.00",,
"2024-07-15","V","VISA Inc.","NYSE","21242591","22901105","7656536","2.77",,
"2024-07-15","VLO","Valero Energy Corporation","NYSE","14740628","14895874","2408232","6.12",,
"2024-07-15","VRT","Vertiv Holdings Co Class A Com","NYSE","14974600","13468977","6897947","2.17",,
"2024-07-15","VRTX","Vertex Pharmaceuticals Incorpo","NNM","4124520","4102631","818649","5.04",,
"2024-07-15","VZ","Verizon Communications","NYSE","49682312","46457794","15147131","3.28",,
"2024-07-15","WBD","Warner Bros. Discovery, Inc. S","NNM","133019773","128733503","22419885","5.93",,
"2024-07-15","WDC","Western Digital Corporation Co","NNM","21457356","24078011","3534715","6.07",,
"2024-07-15","WELL","Welltower Inc.","NYSE","10741581","11654078","2734352","3.93",,
"2024-07-15","WFC","Wells Fargo & Co.","NYSE","33703539","30702592","17613762","1.91",,
"2024-07-15","WM","Waste Management, Inc.","NYSE","3718010","3761214","1342715","2.77",,
"2024-07-15","WMB","Williams Companies Inc.","NYSE","19922330","20211009","3891447","5.12",,
"2024-07-15","WMT","Walmart Inc.","NYSE","36798392","36555504","11658032","3.16",,
"2024-07-15","XOM","Exxon Mobil Corporation","NYSE","35426781","42099757","11854955","2.99",,
"2024-09-13","AAPL","Apple Inc. Common Stock","NNM","130539888","135042504","45742038","2.85",,
"2024-09-13","ABBV","ABBVIE INC.","NYSE","17793512","19493508","4559518","3.90",,
"2024-09-13","ABNB","Airbnb, Inc. Class A Common St","NNM","14310234","13237160","3739712","3.83",,"R"
"2024-09-13","ABT","Abbott Laboratories","NYSE","13364651","12752770","4347370","3.07",,
"2024-09-13","ADBE","Adobe Inc. Common Stock","NNM","6068334","5340401","3377615","1.80",,
"2024-09-13","ADI","Analog Devices, Inc. Common St","NNM","8278010","8640527","2833580","2.92",,
"2024-09-13","ADP","Automatic Data Processing, Inc","NNM","6737390","5516224","1649900","4.08",,
"2024-09-13","AEP","American Electric Power Compan","NNM","8615650","7841220","2690418","3.20",,
"2024-09-13","AFL","Aflac Inc.","NYSE","12844631","14033013","2343970","5.48",,
"2024-09-13","AJG","Arthur J. Gallagher & Co.","NYSE","2828683","2686372","626623","4.51",,
"2024-09-13","ALL","The Allstate Corporation","NYSE","1929808","2082681","1481060","1.30",,
"2024-09-13","AMAT","Applied Materials, Inc. Common","NNM","16623294","15185584","7423124","2.24",,
"2024-09-13","AMD","Advanced Micro Devices, Inc. C","NNM","46399604","50212398","35222305","1.32",,
"2024-09-13","AMGN","Amgen Inc. Common Stock","NNM","8996899","8477354","1734626","5.19",,
"2024-09-13","AMT","American Tower Corporation","NYSE","3954628","4061812","2207485","1.79",,
"2024-09-13","AMZN","Amazon.com, Inc. Common Stock","NNM","83843599","81267520","35038118","2.39",,
"2024-09-13","ANET","Arista Networks","NYSE","2703217","2471607","1758222","1.54",,
"2024-09-13","AON","Aon plc Class A","NYSE","4241746","4398045","786378","5.39",,
"2024-09-13","APD","Air Products & Chemicals, Inc.","NYSE","3343215","3287236","1085486","3.08",,
"2024-09-13","APH","Amphenol Corporation","NYSE","10093817","10008978","7204428","1.40",,
"2024-09-13","APO","Apollo Global Management, Inc.","NYSE","20004637","20240390","3232717","6.19",,
"2024-09-13","APP","Applovin Corporation Class A C","NNM","17282010","15246226","4895902","3.53",,
"2024-09-13","AVGO","Broadcom Inc. Common Stock","NNM","55645166","54738162","38972846","1.43",,
"2024-09-13","AXP","American Express Company","NYSE","9321407","9292241","2970837","3.14",,
"2024-09-13","BA","Boeing Company","NYSE","12610981","12335865","9241220","1.36",,
"2024-09-13","BAC","Bank of America Corporation","NYSE","69937342","69661204","41551259","1.68",,
"2024-09-13","BKNG","Booking Holdings Inc. Common S","NNM","774922","629539","219125","3.54",,
"2024-09-13","BLK","Blackrock, Inc.","NYSE","1817676","1860787","438647","4.14",,
"2024-09-13","BMY","Bristol-Myers Squibb Co.","NYSE","21792101","22257179","8949475","2.44",,
"2024-09-13","BNY","BlackRock New York Municipal I","NYSE","25594","10650","65448","1.00",,
"2024-09-13","BRKA","Berkshire Hathaway Inc.","NYSE","234","257","2214","1.00",,
"2024-09-13","BRKB","BERKSHIRE HATHAWAY Class B","NYSE","14254648","14529031","5007537","2.85",,
"2024-09-13","BSX","Boston Scientific Corp.","NYSE","12198678","11024151","4652352","2.62",,
"2024-09-13","BX","Blackstone Inc.","NYSE","18591576","16963663","2783023","6.68",,
"2024-09-13","C","Citigroup Inc.","NYSE","39159384","37846882","14335262","2.73",,
"2024-09-13","CAT","Caterpillar Inc.","NYSE","10829660","10101973","2390882","4.53",,
"2024-09-13","CDNS","Cadence Design Systems, Inc. C","NNM","3564574","3339698","1873453","1.90",,
"2024-09-13","CEG","Constellation Energy Corporati","NNM","6486058","5971220","2782261","2.33",,
"2024-09-13","CI","The Cigna Group","NYSE","3612805","3343251","1342694","2.69",,
"2024-09-13","CL","Colgate-Palmolive Company","NYSE","8481428","8701345","4180459","2.03",,
"2024-09-13","CMCSA","Comcast Corporation Class A Co","NNM","52411433","51780668","17005778","3.08",,
"2024-09-13","CME","CME Group Inc. Class A Common","NNM","3828423","3885704","2548736","1.50",,
"2024-09-13","CMI","Cummins Inc.","NYSE","2242190","2135823","628502","3.57",,
"2024-09-13","COF","Capital One Financial","NYSE","9017767","9148138","2653317","3.40",,
"2024-09-13","COP","ConocoPhillips","NYSE","21099535","20886729","6060341","3.48",,"R"
"2024-09-13","COST","Costco Wholesale Corporation C","NNM","7116743","7332130","1716152","4.15",,
"2024-09-13","CRM","Salesforce, Inc.","NYSE","14133143","11967742","4935120","2.86",,
"2024-09-13","CRWD","CrowdStrike Holdings, Inc. Cla","NNM","8616527","8354186","3392464","2.54",,
"2024-09-13","CSCO","Cisco Systems, Inc. Common Sto","NNM","52152058","60191550","15075695","3.46",,
"2024-09-13","CSX","CSX Corporation Common Stock","NNM","20113752","24645473","10346838","1.94",,
"2024-09-13","CTAS","Cintas Corporation Common Stoc","NNM","7545854","1431636","1365714","5.53","S",
"2024-09-13","CVNA","Carvana Co.","NYSE","13996296","13858863","2755646","5.08",,
"2024-09-13","CVS","CVS HEALTH CORPORATION","NYSE","17404750","18495652","8634419","2.02",,
"2024-09-13","CVX","Chevron Corporation","NYSE","57125132","52258318","8343989","6.85",,"R"
"2024-09-13","D","Dominion Energy, Inc Common St","NYSE","17007893","16355781","3319093","5.12",,
"2024-09-13","DASH","DoorDash, Inc. Class A Common","NNM","13169840","11727375","2473517","5.32",,
"2024-09-13","DDOG","Datadog, Inc. Class A Common S","NNM","8086242","8537016","3057780","2.64",,
"2024-09-13","DE","Deere & Company","NYSE","4986719","5036328","1442158","3.46",,
"2024-09-13","DELL","Dell Technologies Inc.","NYSE","11965579","11051487","10964962","1.09",,
"2024-09-13","DHR","Danaher Corporation","NYSE","7008528","6600284","2447811","2.86",,
"2024-09-13","DIS","The Walt Disney Company","NYSE","21753960","22959235","7717979","2.82",,
"2024-09-13","DLR","Digital Realty Trust, Inc.","NYSE","10498789","8086845","1548620","6.78",,
"2024-09-13","DUK","Duke Energy Corporation","NYSE","11630804","10626847","2938759","3.96",,
"2024-09-13","ECL","Ecolab, Inc.","NYSE","1629370","1821794","848164","1.92",,
"2024-09-13","ELV","Elevance Health, Inc.","NYSE","2200722","1776654","880257","2.50",,
"2024-09-13","EMR","Emerson Electric Co.","NYSE","7032365","7145624","3022820","2.33",,
"2024-09-13","EOG","EOG Resources, Inc.","NYSE","12282649","11904784","3813052","3.22",,
"2024-09-13","EPD","Enterprise Products Partners L","NYSE","16064781","15734495","2989214","5.37",,
"2024-09-13","EQIX","Equinix, Inc. Common Stock REI","NNM","1506428","1553503","447461","3.37",,
"2024-09-13","FCX","Freeport-McMoran Inc.","NYSE","18657365","20942725","11438205","1.63",,
"2024-09-13","FDX","FedEx Corporation","NYSE","2790554","3049266","1006238","2.77",,
"2024-09-13","FTNT","Fortinet, Inc. Common Stock","NNM","14523750","13719373","4943658","2.94",,
"2024-09-13","GD","General Dynamics Corporation","NYSE","2399213","2318597","1164079","2.06",,
"2024-09-13","GE","GE Aerospace","NYSE","13239167","13471486","4585461","2.89",,
"2024-09-13","GEV","GE Vernova Inc.","NYSE","5221288","4666157","3340694","1.56",,
"2024-09-13","GILD","Gilead Sciences, Inc. Common S","NNM","19947511","19797475","6983742","2.86",,
"2024-09-13","GLW","Corning Incorporated","NYSE","10683897","11866374","3897131","2.74",,
"2024-09-13","GM","General Motors Company","NYSE","34112376","40368887","13770689","2.48",,
"2024-09-13","GOOG","Alphabet Inc. Class C Capital","NNM","42926953","41106251","20662805","2.08",,
"2024-09-13","GOOGL","Alphabet Inc. Class A Common S","NNM","79576572","72054342","30280772","2.63",,
"2024-09-13","GS","Goldman Sachs Group Inc.","NYSE","4995309","5867313","2078606","2.40",,
"2024-09-13","GWW","W.W. Grainger, Inc.","NYSE","1614759","1620216","190429","8.48",,
"2024-09-13","HCA","HCA Healthcare, Inc.","NYSE","3796589","3049102","1256464","3.02",,
"2024-09-13","HD","Home Depot, Inc.","NYSE","10169676","10437339","2799252","3.63",,
"2024-09-13","HLT","Hilton Worldwide Holdings Inc.","NYSE","4230010","4198694","1601433","2.64",,
"2024-09-13","HON","Honeywell International Inc. C","NNM","6825376","6796628","2002472","3.41",,
"2024-09-13","HOOD","Robinhood Markets, Inc. Class","NNM","23783820","21338911","11433917","2.08",,
"2024-09-13","HPE","Hewlett Packard Enterprise Com","NYSE","40028048","20756217","33270498","1.20",,
"2024-09-13","HWM","Howmet Aerospace Inc.","NYSE","8261369","8497262","2509008","3.29",,
"2024-09-13","IBKR","Interactive Brokers Group, Inc","NNM","1535393","2550835","774189","1.98",,
"2024-09-13","IBM","International Business Machine","NYSE","23158888","20613667","3896640","5.94",,
"2024-09-13","ICE","Intercontinental Exchange  Inc","NYSE","5709930","6249238","2798391","2.04",,
"2024-09-13","INTC","Intel Corporation Common Stock","NNM","116716222","108162831","71074264","1.64",,
"2024-09-13","INTU","Intuit Inc. Common Stock","NNM","3452682","3161274","1065841","3.24",,
"2024-09-13","ISRG","Intuitive Surgical, Inc. Commo","NNM","3965539","3944802","1240547","3.20",,
"2024-09-13","ITW","Illinois Tool Works Inc.","NYSE","6086057","5842227","860041","7.08",,
"2024-09-13","JNJ","Johnson & Johnson","NYSE","23027472","21126116","5862843","3.93",,
"2024-09-13","JPM","JPMorgan Chase & Co.","NYSE","27749266","27675352","11385956","2.44",,
"2024-09-13","KKR","KKR & Co. Inc.","NYSE","12915567","12998006","3105080","4.16",,
"2024-09-13","KLAC","KLA Corporation Common Stock","NNM","2451753","2697689","1007119","2.43",,
"2024-09-13","KMI","Kinder Morgan, Inc.","NYSE","42185692","43450730","10879353","3.88",,
"2024-09-13","KO","Coca-Cola Company","NYSE","40649996","39141866","14699791","2.77",,
"2024-09-13","LIN","Linde plc Ordinary Shares","NNM","5108427","5227913","1681368","3.04",,
"2024-09-13","LLY","Eli Lilly & Co.","NYSE","6582632","6271825","2519646","2.61",,
"2024-09-13","LMT","Lockheed Martin Corp.","NYSE","2927117","2638976","864530","3.39",,
"2024-09-13","LOW","Lowe's Companies Inc.","NYSE","7535296","7009320","2071922","3.64",,
"2024-09-13","LRCX","Lam Research Corporation Commo","NNM","2203930","2566131","1326899","1.66",,
"2024-09-13","MA","Mastercard Incorporated","NYSE","5364338","5913355","2243525","2.39",,
"2024-09-13","MAR","Marriott International Class A","NNM","4875121","4217757","1685809","2.89",,
"2024-09-13","MCD","McDonald's Corporation","NYSE","9145979","10033251","2741217","3.34",,
"2024-09-13","MCK","McKesson Corporation","NYSE","1982221","1897162","1427775","1.39",,
"2024-09-13","MCO","Moody's Corporation","NYSE","1696375","1552212","716050","2.37",,
"2024-09-13","MDLZ","Mondelez International, Inc. C","NNM","14794901","13980304","6581368","2.25",,
"2024-09-13","MDT","Medtronic plc","NYSE","12695601","16497538","6440647","1.97",,
"2024-09-13","META","Meta Platforms, Inc. Class A C","NNM","32245792","33250771","10823292","2.98",,
"2024-09-13","MMM","3M Company","NYSE","8553328","7899555","3321630","2.58",,
"2024-09-13","MNST","Monster Beverage Corporation","NNM","24576564","27920108","5431354","4.52",,
"2024-09-13","MO","Altria Group, Inc.","NYSE","26890437","26158428","8016093","3.35",,
"2024-09-13","MPC","MARATHON PETROLEUM CORPORATION","NYSE","9950153","8113821","2874855","3.46",,
"2024-09-13","MPWR","Monolithic Power Systems, Inc.","NNM","1425256","1543351","572485","2.49",,
"2024-09-13","MRK","Merck & Co., Inc.","NYSE","24814031","25914739","9601406","2.58",,
"2024-09-13","MRVL","Marvell Technology, Inc. Commo","NNM","18989503","21008483","12878317","1.47",,
"2024-09-13","MS","Morgan Stanley","NYSE","15231851","14856333","6056458","2.51",,
"2024-09-13","MSFT","Microsoft Corporation Common S","NNM","67500308","65801156","17248764","3.91",,
"2024-09-13","MSI","Motorola Solutions, Inc. New","NYSE","1523150","1672440","841885","1.81",,
"2024-09-13","MU","Micron Technology, Inc. Common","NNM","36954122","35979258","21304902","1.73",,
"2024-09-13","NEE","Nextra Energy, Inc.","NYSE","38420148","37196544","8376886","4.59",,
"2024-09-13","NEM","Newmont Corporation","NYSE","21144906","17042431","6829328","3.10",,
"2024-09-13","NET","Cloudflare, Inc. Class A commo","NYSE","9796125","9448690","1669560","5.87",,
"2024-09-13","NFLX","Netflix, Inc. Common Stock","NNM","7888145","8068710","2394945","3.29",,
"2024-09-13","NKE","Nike, Inc.","NYSE","23353332","19143833","8677451","2.69",,
"2024-09-13","NOC","Northrop Grumman Corp.","NYSE","1589311","1412908","547909","2.90",,
"2024-09-13","NOW","SERVICENOW, INC.","NYSE","3435826","3088614","966780","3.55",,
"2024-09-13","NSC","Norfolk Southern Corp.","NYSE","2455735","1946010","1404856","1.75",,
"2024-09-13","NVDA","NVIDIA Corporation Common Stoc","NNM","275330404","260873913","349068543","1.00",,
"2024-09-13","O","Realty Income Corporation","NYSE","18182844","16033985","3831353","4.75",,
"2024-09-13","ORCL","Oracle Corp","NYSE","18776290","17583119","16142239","1.16",,
"2024-09-13","ORLY","O'Reilly Automotive, Inc. Comm","NNM","1300972","1354791","314738","4.13",,
"2024-09-13","PANW","Palo Alto Networks, Inc. Commo","NNM","10451872","10786321","2341323","4.46",,
"2024-09-13","PCAR","PACCAR Inc. Common Stock","NNM","14470666","13915297","2654653","5.45",,
"2024-09-13","PEP","PepsiCo, Inc. Common Stock","NNM","18003463","18716749","5054725","3.56",,
"2024-09-13","PFE","Pfizer Inc.","NYSE","74837204","65379732","30950626","2.42",,
"2024-09-13","PG","Procter & Gamble Company","NYSE","20802676","20814862","6433213","3.23",,
"2024-09-13","PGR","Progressive Corporation","NYSE","5144828","5355358","2333366","2.20",,
"2024-09-13","PH","Parker-Hannifin Corporation","NYSE","1159939","1071444","535021","2.17",,
"2024-09-13","PLD","PROLOGIS, INC.","NYSE","14679433","12737159","3474629","4.22",,
"2024-09-13","PLTR","Palantir Technologies Inc. Cla","NYSE","67110092","54064393","60848327","1.10",,
"2024-09-13","PM","Philip Morris International In","NYSE","9420646","10207543","5500623","1.71",,
"2024-09-13","PNC","PNC Financial Services Group","NYSE","5504909","5231723","1911571","2.88",,
"2024-09-13","PSX","PHILLIPS 66","NYSE","7573323","7140651","3465659","2.19",,
"2024-09-13","PWR","Quanta Services, Inc.","NYSE","3754814","3923812","746758","5.03",,
"2024-09-13","QCOM","QUALCOMM Incorporated Common S","NNM","23813324","22397859","7530655","3.16",,
"2024-09-13","RCL","Royal Caribbean Group","NYSE","10579025","11097902","1712838","6.18",,
"2024-09-13","REGN","Regeneron Pharmaceuticals, Inc","NNM","1976159","2099594","473178","4.18",,
"2024-09-13","ROST","Ross Stores, Inc. Common Stock","NNM","4357907","3599569","2314735","1.88",,
"2024-09-13","RSG","Republic Services Inc.","NYSE","2554325","2270787","853850","2.99",,
"2024-09-13","RTX","RTX Corporation","NYSE","12578799","13850283","4652235","2.70",,
"2024-09-13","SBUX","Starbucks Corporation Common S","NNM","28721387","31167242","10678057","2.69",,
"2024-09-13","SCCO","Southern Copper Corporation","NYSE","6783528","6347373","1147341","5.91",,
"2024-09-13","SCHW","The Charles Schwab Corporation","NYSE","16236997","15963921","7886410","2.06",,
"2024-09-13","SHW","The Sherwin-Williams Company","NYSE","3077079","3097047","1198387","2.57",,
"2024-09-13","SNOW","Snowflake Inc.","NYSE","11503568","12575733","4282855","2.69",,
"2024-09-13","SNPS","Synopsys, Inc. Common Stock","NNM","2678044","2932110","1481184","1.81",,
"2024-09-13","SO","The Southern Company","NYSE","17763143","17647452","4173786","4.26",,"R"
"2024-09-13","SPCX","The SPAC and New Issue ETF","NNM","7657","7985","1088","7.04",,
"2024-09-13","SPG","Simon Property Group, Inc.","NYSE","5676110","4982775","1508858","3.76",,
"2024-09-13","SPGI","S&P Global Inc.","NYSE","3798018","4242105","1019413","3.73",,
"2024-09-13","SYK","Stryker Corporation","NYSE","4272245","4447858","1109742","3.85",,
"2024-09-13","T","AT&T Inc.","NYSE","143378919","122339050","47601599","3.01",,
"2024-09-13","TDG","TransDigm Group Incorporated","NYSE","733339","755100","149854","4.89",,
"2024-09-13","TFC","Truist Financial Corporation","NYSE","16292862","17582218","7991277","2.04",,
"2024-09-13","TGT","Target Corporation","NYSE","14288436","14487877","3810089","3.75",,
"2024-09-13","TJX","TJX Companies, Inc. (The)","NYSE","10775942","12190171","4792847","2.25",,
"2024-09-13","TMO","Thermo Fisher Scientific, Inc.","NYSE","3991406","3544030","1357525","2.94",,
"2024-09-13","TMUS","T-Mobile US, Inc. Common Stock","NNM","14856601","17425468","3547556","4.19",,
"2024-09-13","TRV","The Travelers Companies, Inc.","NYSE","3621294","3195921","1500452","2.41",,
"2024-09-13","TSLA","Tesla, Inc. Common Stock","NNM","77219507","78698016","82966896","1.00",,
"2024-09-13","TXN","Texas Instruments Incorporated","NNM","19117216","21362313","5675467","3.37",,
"2024-09-13","UBER","Uber Technologies, Inc.","NYSE","51740420","51851539","14650188","3.53",,
"2024-09-13","UNH","UNITEDHEALTH GROUP INCORPORATE","NYSE","8553097","7821716","2962034","2.89",,
"2024-09-13","UNP","Union Pacific Corp.","NYSE","4507634","4849916","2311099","1.95",,
"2024-09-13","UPS","United Parcel Service, Inc. Cl","NYSE","12870054","13340973","4317832","2.98",,
"2024-09-13","URI","United Rentals, Inc.","NYSE","2621880","2799955","424097","6.18",,
"2024-09-13","USB","U.S. Bancorp","NYSE","17805608","17424691","8187364","2.17",,
"2024-09-13","V","VISA Inc.","NYSE","21387993","22158345","6522233","3.28",,
"2024-09-13","VLO","Valero Energy Corporation","NYSE","13287737","12969353","3123841","4.25",,
"2024-09-13","VRT","Vertiv Holdings Co Class A Com","NYSE","19430322","18798302","7240509","2.68",,
"2024-09-13","VRTX","Vertex Pharmaceuticals Incorpo","NNM","4335229","4380989","927790","4.67",,
"2024-09-13","VZ","Verizon Communications","NYSE","56023012","45950335","25172047","2.23",,
"2024-09-13","WBD","Warner Bros. Discovery, Inc. S","NNM","101754040","114384330","36948066","2.75",,
"2024-09-13","WDC","Western Digital Corporation Co","NNM","18407641","17364233","3800168","4.84",,
"2024-09-13","WELL","Welltower Inc.","NYSE","12598993","11003888","3045074","4.14",,
"2024-09-13","WFC","Wells Fargo & Co.","NYSE","32051583","36584953","21505390","1.49",,
"2024-09-13","WM","Waste Management, Inc.","NYSE","3171604","3103395","1781716","1.78",,
"2024-09-13","WMB","Williams Companies Inc.","NYSE","27143630","21364038","4773287","5.69",,
"2024-09-13","WMT","Walmart Inc.","NYSE","44373464","42742494","17342736","2.56",,
"2024-09-13","XOM","Exxon Mobil Corporation","NYSE","43661322","44138745","16344847","2.67",,
"2024-08-15","AAPL","Apple Inc. Common Stock","NNM","121598771","117696224","61190351","1.99",,
"2024-08-15","ABBV","ABBVIE INC.","NYSE","20188371","17530408","5099439","3.96",,
"2024-08-15","ABNB","Airbnb, Inc. Class A Common St","NNM","13287208","11057217","8103763","1.64",,
"2024-08-15","ABT","Abbott Laboratories","NYSE","12681454","13633848","6544195","1.94",,
"2024-08-15","ADBE","Adobe Inc. Common Stock","NNM","5228232","5071437","2155040","2.43",,
"2024-08-15","ADI","Analog Devices, Inc. Common St","NNM","8480403","7788448","4129134","2.05",,
"2024-08-15","ADP","Automatic Data Processing, Inc","NNM","4890991","4229927","1681800","2.91",,
"2024-08-15","AEP","American Electric Power Compan","NNM","7246234","8669611","3622377","2.00",,
"2024-08-15","AFL","Aflac Inc.","NYSE","14125634","16131861","2625220","5.38",,
"2024-08-15","AJG","Arthur J. Gallagher & Co.","NYSE","2328308","2649949","775440","3.00",,
"2024-08-15","ALL","The Allstate Corporation","NYSE","2128666","2325742","1649347","1.29",,
"2024-08-15","AMAT","Applied Materials, Inc. Common","NNM","12912326","12329967","8037979","1.61",,
"2024-08-15","AMD","Advanced Micro Devices, Inc. C","NNM","48226352","43316162","55958872","1.00",,
"2024-08-15","AMGN","Amgen Inc. Common Stock","NNM","9238213","9788625","2336002","3.95",,
"2024-08-15","AMT","American Tower Corporation","NYSE","4043079","5086453","3123415","1.29",,
"2024-08-15","AMZN","Amazon.com, Inc. Common Stock","NNM","80798431","71868501","57099925","1.42",,
"2024-08-15","ANET","Arista Networks","NYSE","2616422","2089047","1962912","1.33",,
"2024-08-15","AON","Aon plc Class A","NYSE","4176522","4022482","1085940","3.85",,
"2024-08-15","APD","Air Products & Chemicals, Inc.","NYSE","3141761","3529362","1326022","2.37",,
"2024-08-15","APH","Amphenol Corporation","NYSE","10487176","10091764","8436940","1.24",,
"2024-08-15","APO","Apollo Global Management, Inc.","NYSE","20600363","20248746","4799158","4.29",,
"2024-08-15","APP","Applovin Corporation Class A C","NNM","14622295","14387257","4953783","2.95",,
"2024-08-15","AVGO","Broadcom Inc. Common Stock","NNM","50861543","50938944","27242120","1.87",,
"2024-08-15","AXP","American Express Company","NYSE","9421681","8893422","3107451","3.03",,
"2024-08-15","BA","Boeing Company","NYSE","13557806","12215013","6961261","1.95",,
"2024-08-15","BAC","Bank of America Corporation","NYSE","62670171","70526067","43552668","1.44",,
"2024-08-15","BKNG","Booking Holdings Inc. Common S","NNM","609579","582757","387794","1.57",,
"2024-08-15","BLK","Blackrock, Inc.","NYSE","1520080","1460199","553225","2.75",,
"2024-08-15","BMY","Bristol-Myers Squibb Co.","NYSE","28009757","26419786","14820390","1.89",,
"2024-08-15","BNY","BlackRock New York Municipal I","NYSE","13619","15941","54904","1.00",,
"2024-08-15","BRKA","Berkshire Hathaway Inc.","NYSE","208","231","1878","1.00",,
"2024-08-15","BRKB","BERKSHIRE HATHAWAY Class B","NYSE","12278961","11359321","3946408","3.11",,
"2024-08-15","BSX","Boston Scientific Corp.","NYSE","10743082","10803265","4833468","2.22",,
"2024-08-15","BX","Blackstone Inc.","NYSE","16990728","19549344","3414975","4.98",,
"2024-08-15","C","Citigroup Inc.","NYSE","37753899","29125825","17338059","2.18",,
"2024-08-15","CAT","Caterpillar Inc.","NYSE","10842620","10751174","3015547","3.60",,
"2024-08-15","CDNS","Cadence Design Systems, Inc. C","NNM","3279921","2808681","2720640","1.21",,
"2024-08-15","CEG","Constellation Energy Corporati","NNM","5136392","6240502","4118778","1.25",,
"2024-08-15","CI","The Cigna Group","NYSE","3462863","3304206","1737126","1.99",,
"2024-08-15","CL","Colgate-Palmolive Company","NYSE","8170688","8909401","4264950","1.92",,
"2024-08-15","CMCSA","Comcast Corporation Class A Co","NNM","53368557","55776405","17103516","3.12",,
"2024-08-15","CME","CME Group Inc. Class A Common","NNM","3841734","3463340","1853981","2.07",,
"2024-08-15","CMI","Cummins Inc.","NYSE","2067875","2305413","987199","2.09",,
"2024-08-15","COF","Capital One Financial","NYSE","8668427","8709569","2375828","3.65",,
"2024-08-15","COP","ConocoPhillips","NYSE","19983012","15892127","7038449","2.84",,
"2024-08-15","COST","Costco Wholesale Corporation C","NNM","6845690","6550275","1976980","3.46",,
"2024-08-15","CRM","Salesforce, Inc.","NYSE","13970349","13619474","4828651","2.89",,
"2024-08-15","CRWD","CrowdStrike Holdings, Inc. Cla","NNM","8473443","8290148","7439796","1.14",,
"2024-08-15","CSCO","Cisco Systems, Inc. Common Sto","NNM","52036345","52557866","23935188","2.17",,
"2024-08-15","CSX","CSX Corporation Common Stock","NNM","25658187","25121939","12008002","2.14",,
"2024-08-15","CTAS","Cintas Corporation Common Stoc","NNM","1511900","1351783","359089","4.21",,
"2024-08-15","CVNA","Carvana Co.","NYSE","15415357","15059972","4966897","3.10",,
"2024-08-15","CVS","CVS HEALTH CORPORATION","NYSE","17418674","19988081","9637332","1.81",,
"2024-08-15","CVX","Chevron Corporation","NYSE","50613403","50141460","9560534","5.29",,
"2024-08-15","D","Dominion Energy, Inc Common St","NYSE","15829381","15438150","4159315","3.81",,
"2024-08-15","DASH","DoorDash, Inc. Class A Common","NNM","10844033","11850345","6029230","1.80",,
"2024-08-15","DDOG","Datadog, Inc. Class A Common S","NNM","8503237","8303950","4952628","1.72",,
"2024-08-15","DE","Deere & Company","NYSE","4033594","3745803","2061141","1.96",,
"2024-08-15","DELL","Dell Technologies Inc.","NYSE","8704781","8949780","13081123","1.00",,
"2024-08-15","DHR","Danaher Corporation","NYSE","6388609","6161401","2244999","2.85",,
"2024-08-15","DIS","The Walt Disney Company","NYSE","21113655","22027274","16567684","1.27",,
"2024-08-15","DLR","Digital Realty Trust, Inc.","NYSE","8122825","8576401","1437361","5.65",,
"2024-08-15","DUK","Duke Energy Corporation","NYSE","10849176","8796645","3643349","2.98",,
"2024-08-15","ECL","Ecolab, Inc.","NYSE","1728699","1832595","1193425","1.45",,
"2024-08-15","ELV","Elevance Health, Inc.","NYSE","1668367","1999697","773329","2.16",,
"2024-08-15","EMR","Emerson Electric Co.","NYSE","6774995","7045302","3665591","1.85",,
"2024-08-15","EOG","EOG Resources, Inc.","NYSE","9558405","10158214","3363459","2.84",,
"2024-08-15","EPD","Enterprise Products Partners L","NYSE","13953934","10880028","7067197","1.97",,
"2024-08-15","EQIX","Equinix, Inc. Common Stock REI","NNM","1405384","1451974","520574","2.70",,
"2024-08-15","FCX","Freeport-McMoran Inc.","NYSE","20777980","21513784","12663725","1.64",,
"2024-08-15","FDX","FedEx Corporation","NYSE","2875025","2738946","1550459","1.85",,
"2024-08-15","FTNT","Fortinet, Inc. Common Stock","NNM","12979465","17112888","8214068","1.58",,
"2024-08-15","GD","General Dynamics Corporation","NYSE","1914140","1798945","940260","2.04",,
"2024-08-15","GE","GE Aerospace","NYSE","10541412","9948390","4736395","2.23",,
"2024-08-15","GEV","GE Vernova Inc.","NYSE","3865298","4049411","2857044","1.35",,
"2024-08-15","GILD","Gilead Sciences, Inc. Common S","NNM","16765272","17844574","5955932","2.81",,
"2024-08-15","GLW","Corning Incorporated","NYSE","11844671","14490268","5683570","2.08",,
"2024-08-15","GM","General Motors Company","NYSE","37077328","35134681","14773369","2.51",,
"2024-08-15","GOOG","Alphabet Inc. Class C Capital","NNM","42046936","40721420","19932076","2.11",,
"2024-08-15","GOOGL","Alphabet Inc. Class A Common S","NNM","69353838","65675575","30850501","2.25",,
"2024-08-15","GS","Goldman Sachs Group Inc.","NYSE","5320389","5610953","2637920","2.02",,
"2024-08-15","GWW","W.W. Grainger, Inc.","NYSE","1433932","1444342","269592","5.32",,
"2024-08-15","HCA","HCA Healthcare, Inc.","NYSE","2657703","2555281","1032966","2.57",,
"2024-08-15","HD","Home Depot, Inc.","NYSE","9554971","9124106","3829762","2.49",,
"2024-08-15","HLT","Hilton Worldwide Holdings Inc.","NYSE","4049432","3812398","2111711","1.92",,
"2024-08-15","HON","Honeywell International Inc. C","NNM","5529246","5812906","3174079","1.74",,
"2024-08-15","HOOD","Robinhood Markets, Inc. Class","NNM","33690269","33959193","24938085","1.35",,
"2024-08-15","HPE","Hewlett Packard Enterprise Com","NYSE","24399895","24797996","12648040","1.93",,
"2024-08-15","HWM","Howmet Aerospace Inc.","NYSE","7984901","6939127","3137744","2.54",,
"2024-08-15","IBKR","Interactive Brokers Group, Inc","NNM","2472891","2252816","986947","2.51",,
"2024-08-15","IBM","International Business Machine","NYSE","20441840","20649542","3306039","6.18",,
"2024-08-15","ICE","Intercontinental Exchange  Inc","NYSE","5892100","5765305","3342157","1.76",,
"2024-08-15","INTC","Intel Corporation Common Stock","NNM","119658050","91160118","108253084","1.11",,
"2024-08-15","INTU","Intuit Inc. Common Stock","NNM","3446497","3398112","1195195","2.88",,
"2024-08-15","ISRG","Intuitive Surgical, Inc. Commo","NNM","3740195","3386475","1505761","2.48",,
"2024-08-15","ITW","Illinois Tool Works Inc.","NYSE","5650761","5342279","912182","6.19",,
"2024-08-15","JNJ","Johnson & Johnson","NYSE","19814375","18848671","7590547","2.61",,
"2024-08-15","JPM","JPMorgan Chase & Co.","NYSE","25294448","25030221","9393062","2.69",,
"2024-08-15","KKR","KKR & Co. Inc.","NYSE","12767949","12859473","4361843","2.93",,
"2024-08-15","KLAC","KLA Corporation Common Stock","NNM","2245827","2013157","1233008","1.82",,
"2024-08-15","KMI","Kinder Morgan, Inc.","NYSE","40470677","42962245","13343179","3.03",,
"2024-08-15","KO","Coca-Cola Company","NYSE","36349453","33076238","14968518","2.43",,
"2024-08-15","LIN","Linde plc Ordinary Shares","NNM","4920709","4920717","1534112","3.21",,
"2024-08-15","LLY","Eli Lilly & Co.","NYSE","6302720","5409020","4587448","1.37",,
"2024-08-15","LMT","Lockheed Martin Corp.","NYSE","2548711","2513479","1073734","2.37",,
"2024-08-15","LOW","Lowe's Companies Inc.","NYSE","9180699","9638926","2486910","3.69",,
"2024-08-15","LRCX","Lam Research Corporation Commo","NNM","2395631","2097865","1576235","1.52",,
"2024-08-15","MA","Mastercard Incorporated","NYSE","5346766","5175939","2401878","2.23",,
"2024-08-15","MAR","Marriott International Class A","NNM","4782098","5831751","2046591","2.34",,
"2024-08-15","MCD","McDonald's Corporation","NYSE","9848381","10363067","4037928","2.44",,
"2024-08-15","MCK","McKesson Corporation","NYSE","2056552","1889263","1327910","1.55",,
"2024-08-15","MCO","Moody's Corporation","NYSE","1561826","1395076","852639","1.83",,
"2024-08-15","MDLZ","Mondelez International, Inc. C","NNM","13372901","12542029","7010736","1.91",,
"2024-08-15","MDT","Medtronic plc","NYSE","14837648","13416612","5117360","2.90",,
"2024-08-15","META","Meta Platforms, Inc. Class A C","NNM","31595221","27863566","18713206","1.69",,
"2024-08-15","MMM","3M Company","NYSE","8720710","8204395","3857760","2.26",,
"2024-08-15","MNST","Monster Beverage Corporation","NNM","21580592","23169119","8772047","2.46",,
"2024-08-15","MO","Altria Group, Inc.","NYSE","24190318","25045991","8669621","2.79",,
"2024-08-15","MPC","MARATHON PETROLEUM CORPORATION","NYSE","7404953","7985675","2363654","3.13",,
"2024-08-15","MPWR","Monolithic Power Systems, Inc.","NNM","1462942","1320614","710460","2.06",,
"2024-08-15","MRK","Merck & Co., Inc.","NYSE","24811334","26717858","10365041","2.39",,
"2024-08-15","MRVL","Marvell Technology, Inc. Commo","NNM","36512625","35532335","12210614","2.99",,
"2024-08-15","MS","Morgan Stanley","NYSE","14439916","16393758","6914755","2.09",,
"2024-08-15","MSFT","Microsoft Corporation Common S","NNM","54789102","57774674","23554382","2.33",,
"2024-08-15","MSI","Motorola Solutions, Inc. New","NYSE","1547986","1624263","892614","1.73",,
"2024-08-15","MU","Micron Technology, Inc. Common","NNM","31423825","23169385","27040204","1.16",,
"2024-08-15","NEE","Nextra Energy, Inc.","NYSE","35196777","32387845","8034593","4.38",,
"2024-08-15","NEM","Newmont Corporation","NYSE","18091644","17073998","7259377","2.49",,
"2024-08-15","NET","Cloudflare, Inc. Class A commo","NYSE","9729877","9460520","3302028","2.95",,
"2024-08-15","NFLX","Netflix, Inc. Common Stock","NNM","7395297","6488690","3251597","2.27",,
"2024-08-15","NKE","Nike, Inc.","NYSE","22384620","23022782","12701455","1.76",,
"2024-08-15","NOC","Northrop Grumman Corp.","NYSE","1636734","1409881","781082","2.10",,
"2024-08-15","NOW","SERVICENOW, INC.","NYSE","2944396","3056446","1189813","2.47",,
"2024-08-15","NSC","Norfolk Southern Corp.","NYSE","1937071","1933980","946217","2.05",,
"2024-08-15","NVDA","NVIDIA Corporation Common Stoc","NNM","293539007","275196949","393606195","1.00",,
"2024-08-15","O","Realty Income Corporation","NYSE","16192172","17998202","6535274","2.48",,
"2024-08-15","ORCL","Oracle Corp","NYSE","18670917","15545412","6546640","2.85",,
"2024-08-15","ORLY","O'Reilly Automotive, Inc. Comm","NNM","1125907","1381935","354771","3.17",,
"2024-08-15","PANW","Palo Alto Networks, Inc. Commo","NNM","11734793","11139431","3108087","3.78",,
"2024-08-15","PCAR","PACCAR Inc. Common Stock","NNM","14776889","13185118","3001319","4.92",,
"2024-08-15","PEP","PepsiCo, Inc. Common Stock","NNM","16117676","16714731","5141667","3.13",,
"2024-08-15","PFE","Pfizer Inc.","NYSE","61731098","65334514","31623685","1.95",,
"2024-08-15","PG","Procter & Gamble Company","NYSE","21840552","19921249","8029241","2.72",,
"2024-08-15","PGR","Progressive Corporation","NYSE","4612270","5032068","2419285","1.91",,
"2024-08-15","PH","Parker-Hannifin Corporation","NYSE","1010514","1025402","841972","1.20",,
"2024-08-15","PLD","PROLOGIS, INC.","NYSE","10514656","11564805","3361807","3.13",,
"2024-08-15","PLTR","Palantir Technologies Inc. Cla","NYSE","60156736","63446106","68582321","1.00",,
"2024-08-15","PM","Philip Morris International In","NYSE","9550592","9124673","5577100","1.71",,
"2024-08-15","PNC","PNC Financial Services Group","NYSE","4710825","4958415","1951603","2.41",,
"2024-08-15","PSX","PHILLIPS 66","NYSE","7511798","8118428","2423761","3.10",,
"2024-08-15","PWR","Quanta Services, Inc.","NYSE","4198960","4240157","1113002","3.77",,
"2024-08-15","QCOM","QUALCOMM Incorporated Common S","NNM","30129609","30223007","11179214","2.70",,
"2024-08-15","RCL","Royal Caribbean Group","NYSE","15480513","16244081","3556815","4.35",,
"2024-08-15","REGN","Regeneron Pharmaceuticals, Inc","NNM","2110709","2010425","558072","3.78",,
"2024-08-15","ROST","Ross Stores, Inc. Common Stock","NNM","3378861","3051261","1807126","1.87",,
"2024-08-15","RSG","Republic Services Inc.","NYSE","2471492","2515617","1277914","1.93",,
"2024-08-15","RTX","RTX Corporation","NYSE","18225555","17673959","6017420","3.03",,
"2024-08-15","SBUX","Starbucks Corporation Common S","NNM","33402027","22142622","27885231","1.20",,
"2024-08-15","SCCO","Southern Copper Corporation","NYSE","6233374","6499748","1061878","5.87","S",
"2024-08-15","SCHW","The Charles Schwab Corporation","NYSE","18419747","17488116","8433458","2.18",,
"2024-08-15","SHW","The Sherwin-Williams Company","NYSE","3443808","4159283","1831799","1.88",,
"2024-08-15","SNOW","Snowflake Inc.","NYSE","11193647","11502896","5448929","2.05",,
"2024-08-15","SNPS","Synopsys, Inc. Common Stock","NNM","2607179","3231785","1269572","2.05",,
"2024-08-15","SO","The Southern Company","NYSE","19784197","18422017","4726676","4.19",,
"2024-08-15","SPCX","The SPAC and New Issue ETF","NNM","7256","8448","970","7.48",,
"2024-08-15","SPG","Simon Property Group, Inc.","NYSE","4879690","4885335","1500765","3.25",,
"2024-08-15","SPGI","S&P Global Inc.","NYSE","3971274","2094047","1003242","3.96",,
"2024-08-15","SYK","Stryker Corporation","NYSE","3747604","3177201","1388158","2.70",,
"2024-08-15","T","AT&T Inc.","NYSE","102833714","101037466","32635722","3.15",,
"2024-08-15","TDG","TransDigm Group Incorporated","NYSE","875532","788201","266778","3.28",,
"2024-08-15","TFC","Truist Financial Corporation","NYSE","14533445","13954831","7142947","2.03",,
"2024-08-15","TGT","Target Corporation","NYSE","13079887","12088965","4502554","2.90",,
"2024-08-15","TJX","TJX Companies, Inc. (The)","NYSE","12264304","11316493","5376693","2.28",,
"2024-08-15","TMO","Thermo Fisher Scientific, Inc.","NYSE","3317185","3580161","1345946","2.46",,
"2024-08-15","TMUS","T-Mobile US, Inc. Common Stock","NNM","16651677","15927509","4632751","3.59",,
"2024-08-15","TRV","The Travelers Companies, Inc.","NYSE","3105248","3860759","1230297","2.52",,
"2024-08-15","TSLA","Tesla, Inc. Common Stock","NNM","81972363","86969962","75560689","1.08",,
"2024-08-15","TXN","Texas Instruments Incorporated","NNM","18658182","20321450","5696294","3.28",,
"2024-08-15","UBER","Uber Technologies, Inc.","NYSE","50267561","43795610","22764819","2.21",,
"2024-08-15","UNH","UNITEDHEALTH GROUP INCORPORATE","NYSE","8319020","8246807","3339590","2.49",,
"2024-08-15","UNP","Union Pacific Corp.","NYSE","4320419","4364340","1963129","2.20",,
"2024-08-15","UPS","United Parcel Service, Inc. Cl","NYSE","14529389","13733986","4212922","3.45",,
"2024-08-15","URI","United Rentals, Inc.","NYSE","2862629","2571944","521534","5.49",,
"2024-08-15","USB","U.S. Bancorp","NYSE","16501717","17687059","8109299","2.03",,
"2024-08-15","V","VISA Inc.","NYSE","18266792","22117990","11690123","1.56",,
"2024-08-15","VLO","Valero Energy Corporation","NYSE","13825420","13509407","2318491","5.96",,
"2024-08-15","VRT","Vertiv Holdings Co Class A Com","NYSE","19855604","18748247","10590854","1.87",,
"2024-08-15","VRTX","Vertex Pharmaceuticals Incorpo","NNM","4423702","5080317","1401711","3.16",,
"2024-08-15","VZ","Verizon Communications","NYSE","47446003","47992126","16486559","2.88",,
"2024-08-15","WBD","Warner Bros. Discovery, Inc. S","NNM","138803385","114978826","41740710","3.33",,
"2024-08-15","WDC","Western Digital Corporation Co","NNM","17461867","17945498","9144628","1.91",,
"2024-08-15","WELL","Welltower Inc.","NYSE","9712214","9725858","2697568","3.60",,
"2024-08-15","WFC","Wells Fargo & Co.","NYSE","29565807","30554098","18099131","1.63",,
"2024-08-15","WM","Waste Management, Inc.","NYSE","2977926","3569602","1733992","1.72",,
"2024-08-15","WMB","Williams Companies Inc.","NYSE","21717275","23851741","6347182","3.42",,
"2024-08-15","WMT","Walmart Inc.","NYSE","40136802","37358146","21606686","1.86",,
"2024-08-15","XOM","Exxon Mobil Corporation","NYSE","39285644","38338504","14125485","2.78",,
"2024-07-31","AAPL","Apple Inc. Common Stock","NNM","117696224","135383184","48246946","2.44",,
"2024-07-31","ABBV","ABBVIE INC.","NYSE","17530408","16379203","5711531","3.07",,
"2024-07-31","ABNB","Airbnb, Inc. Class A Common St","NNM","11057217","11134233","3735386","2.96",,
"2024-07-31","ABT","Abbott Laboratories","NYSE","13633848","10749052","10031587","1.36",,
"2024-07-31","ADBE","Adobe Inc. Common Stock","NNM","5071437","6201201","2157472","2.35",,
"2024-07-31","ADI","Analog Devices, Inc. Common St","NNM","7788448","10053410","3663350","2.13",,
"2024-07-31","ADP","Automatic Data Processing, Inc","NNM","4229927","4764504","1622526","2.61",,
"2024-07-31","AEP","American Electric Power Compan","NNM","8669611","7916882","2822318","3.07",,
"2024-07-31","AFL","Aflac Inc.","NYSE","16131861","15472433","2088647","7.72",,
"2024-07-31","AJG","Arthur J. Gallagher & Co.","NYSE","2649949","3169620","830395","3.19",,
"2024-07-31","ALL","The Allstate Corporation","NYSE","2325742","2572125","1567729","1.48",,
"2024-07-31","AMAT","Applied Materials, Inc. Common","NNM","12329967","15727993","7179146","1.72",,
"2024-07-31","AMD","Advanced Micro Devices, Inc. C","NNM","43316162","46204114","57958258","1.00",,
"2024-07-31","AMGN","Amgen Inc. Common Stock","NNM","9788625","9581607","1879014","5.21",,
"2024-07-31","AMT","American Tower Corporation","NYSE","5086453","5973969","1767282","2.88",,
"2024-07-31","AMZN","Amazon.com, Inc. Common Stock","NNM","71868501","75649118","40942395","1.76",,
"2024-07-31","ANET","Arista Networks","NYSE","2089047","3141157","2829271","1.00",,
"2024-07-31","AON","Aon plc Class A","NYSE","4022482","3348579","1452857","2.77",,
"2024-07-31","APD","Air Products & Chemicals, Inc.","NYSE","3529362","2838421","1702750","2.07",,
"2024-07-31","APH","Amphenol Corporation","NYSE","10091764","12516316","9726231","1.04",,
"2024-07-31","APO","Apollo Global Management, Inc.","NYSE","20248746","19119133","2145102","9.44",,
"2024-07-31","APP","Applovin Corporation Class A C","NNM","14387257","17090519","2501559","5.75",,
"2024-07-31","AVGO","Broadcom Inc. Common Stock","NNM","50938944","50829200","29747754","1.71",,"R"
"2024-07-31","AXP","American Express Company","NYSE","8893422","8373073","3007055","2.96",,
"2024-07-31","BA","Boeing Company","NYSE","12215013","13488977","6478635","1.89",,
"2024-07-31","BAC","Bank of America Corporation","NYSE","70526067","72006147","48001736","1.47",,
"2024-07-31","BKNG","Booking Holdings Inc. Common S","NNM","582757","769759","249877","2.33",,
"2024-07-31","BLK","Blackrock, Inc.","NYSE","1460199","1572142","673220","2.17",,
"2024-07-31","BMY","Bristol-Myers Squibb Co.","NYSE","26419786","32058667","19236757","1.37",,
"2024-07-31","BNY","BlackRock New York Municipal I","NYSE","15941","10051","45045","1.00",,
"2024-07-31","BRKA","Berkshire Hathaway Inc.","NYSE","231","207","1696","1.00",,
"2024-07-31","BRKB","BERKSHIRE HATHAWAY Class B","NYSE","11359321","9438966","3550581","3.20",,
