"settlementDate","symbolCode","issueName","marketClassCode","currentShortPositionQuantity","previousShortPositionQuantity","averageDailyVolumeQuantity","daysToCoverQuantity","stockSplitFlag","revisionFlag"
"2024-01-12","SHW","The Sherwin-Williams Company","NYSE","2374416","2457077","1657961","1.43",,
"2024-01-12","SNOW","Snowflake Inc.","NYSE","11119857","11218747","4543940","2.45",,
"2024-01-12","SNPS","Synopsys, Inc. Common Stock","NNM","2797583","2322053","1447313","1.93",,
"2024-01-12","SO","The Southern Company","NYSE","13166162","12392515","3875952","3.40",,
"2024-01-12","SPCX","The SPAC and New Issue ETF","NNM","8449","11835","1006","8.40",,
"2024-01-12","SPG","Simon Property Group, Inc.","NYSE","4351432","4597063","1307185","3.33",,
"2024-01-12","SPGI","S&P Global Inc.","NYSE","3173217","3742285","1007099","3.15",,
"2024-01-12","SYK","Stryker Corporation","NYSE","4741137","4897526","1211097","3.91",,
"2024-01-12","T","AT&T Inc.","NYSE","90884033","90370167","37832839","2.40",,
"2024-01-12","TDG","TransDigm Group Incorporated","NYSE","1116665","1067630","216808","5.15",,
"2024-01-12","TFC","Truist Financial Corporation","NYSE","17829219","18246990","8811645","2.02",,
"2024-01-12","TGT","Target Corporation","NYSE","8207241","8536810","3374316","2.43",,
"2024-01-12","TJX","TJX Companies, Inc. (The)","NYSE","10931416","10751688","4522191","2.42",,
"2024-01-12","TMO","Thermo Fisher Scientific, Inc.","NYSE","2923490","2928211","2129934","1.37",,
"2024-01-12","TMUS","T-Mobile US, Inc. Common Stock","NNM","25243088","24476984","4179191","6.04",,
"2024-01-12","TRV","The Travelers Companies, Inc.","NYSE","2795717","2598682","1463569","1.91",,
"2024-01-12","TSLA","Tesla, Inc. Common Stock","NNM","80466304","86666279","102259321","1.00",,
"2024-01-12","TXN","Texas Instruments Incorporated","NNM","15464752","15292711","5021735","3.08",,
"2024-01-12","UBER","Uber Technologies, Inc.","NYSE","71706293","84708352","26846839","2.67",,
"2024-01-12","UNH","UNITEDHEALTH GROUP INCORPORATE","NYSE","6255636","6526468","3196041","1.96",,
"2024-01-12","UNP","Union Pacific Corp.","NYSE","4759729","7657372","2281935","2.09",,
"2024-01-12","UPS","United Parcel Service, Inc. Cl","NYSE","12160224","11628143","3072998","3.96",,
"2024-01-12","URI","United Rentals, Inc.","NYSE","3738924","3894357","542301","6.89",,
"2024-01-12","USB","U.S. Bancorp","NYSE","24958143","22666091","7775883","3.21",,
"2024-01-12","V","VISA Inc.","NYSE","30472784","30330403","4837414","6.30",,
"2024-01-12","VLO","Valero Energy Corporation","NYSE","8956542","9617167","2741050","3.27",,
"2024-01-12","VRT","Vertiv Holdings Co Class A Com","NYSE","13516356","14910414","4371205","3.09",,
"2024-01-12","VRTX","Vertex Pharmaceuticals Incorpo","NNM","3353775","3256021","1207989","2.78",,
"2024-01-12","VZ","Verizon Communications","NYSE","45621516","38956834","24149842","1.89",,
"2024-01-12","WBD","Warner Bros. Discovery, Inc. S","NNM","86210416","84842149","19751170","4.36",,
"2024-01-12","WDC","Western Digital Corporation Co","NNM","15416314","13308707","4509406","3.42",,
"2024-01-12","WELL","Welltower Inc.","NYSE","6452238","7566338","1969504","3.28",,
"2024-01-12","WFC","Wells Fargo & Co.","NYSE","30721553","29729482","17739987","1.73",,
"2024-01-12","WM","Waste Management, Inc.","NYSE","4600933","4445095","1354162","3.40",,
"2024-01-12","WMB","Williams Companies Inc.","NYSE","16938868","18480140","7073940","2.39",,
"2024-01-12","WMT","Walmart Inc.","NYSE","12375340","11403285","6496192","1.91",,
"2024-01-12","XOM","Exxon Mobil Corporation","NYSE","87078979","82048939","19682698","4.42",,
"2023-11-15","AAPL","Apple Inc. Common Stock","NNM","105837123","98190963","60959948","1.74",,
"2023-11-15","ABBV","ABBVIE INC.","NYSE","11146141","13234197","5762024","1.93",,
"2023-11-15","ABNB","Airbnb, Inc. Class A Common St","NNM","25034247","29161973","7310318","3.42",,
"2023-11-15","ABT","Abbott Laboratories","NYSE","12082065","9882343","5510972","2.19",,
"2023-11-15","ADBE","Adobe Inc. Common Stock","NNM","5261064","4029392","2774712","1.90",,"R"
"2023-11-15","ADI","Analog Devices, Inc. Common St","NNM","7045111","6288931","3398980","2.07",,
"2023-11-15","ADP","Automatic Data Processing, Inc","NNM","4438043","4244830","1731129","2.56",,
"2023-11-15","AEP","American Electric Power Compan","NNM","6445713","5542307","3803881","1.69",,
"2023-11-15","AFL","Aflac Inc.","NYSE","11339403","11311665","2471741","4.59",,"R"
"2023-11-15","AJG","Arthur J. Gallagher & Co.","NYSE","2271469","1936902","931579","2.44",,
"2023-11-15","ALL","The Allstate Corporation","NYSE","3191381","3742773","1596025","2.00",,
"2023-11-15","AMAT","Applied Materials, Inc. Common","NNM","21808501","21908646","5166730","4.22",,
"2023-11-15","AMD","Advanced Micro Devices, Inc. C","NNM","40903051","31511742","65193369","1.00",,
"2023-11-15","AMGN","Amgen Inc. Common Stock","NNM","6773456","6411341","2280059","2.97",,"R"
"2023-11-15","AMT","American Tower Corporation","NYSE","6169447","5552127","2260807","2.73",,
"2023-11-15","AMZN","Amazon.com, Inc. Common Stock","NNM","86562101","75158089","49030892","1.77",,
"2023-11-15","ANET","Arista Networks","NYSE","3327272","2913043","2598011","1.28",,"R"
"2023-11-15","AON","Aon plc Class A","NYSE","1890706","1728600","818705","2.31",,
"2023-11-15","APD","Air Products & Chemicals, Inc.","NYSE","1688339","1558702","1706985","1.00",,"R"
"2023-11-15","APH","Amphenol Corporation","NYSE","6844955","5602207","2371705","2.89",,
"2023-11-15","APO","Apollo Global Management, Inc.","NYSE","13120877","12793071","2656153","4.94",,
"2023-11-15","APP","Applovin Corporation Class A C","NNM","15596148","15846710","4676616","3.33",,"R"
"2023-11-15","AVGO","Broadcom Inc. Common Stock","NNM","7436809","6735636","1984811","3.75",,
"2023-11-15","AXP","American Express Company","NYSE","6969020","6242430","2374838","2.93",,
"2023-11-15","BA","Boeing Company","NYSE","11290376","10239438","5522031","2.04",,
"2023-11-15","BAC","Bank of America Corporation","NYSE","66545380","70593570","44342684","1.50",,"R"
"2023-11-15","BKNG","Booking Holdings Inc. Common S","NNM","676856","567485","327252","2.07",,
"2023-11-15","BLK","Blackrock, Inc.","NYSE","1198013","1510318","642978","1.86",,
"2023-11-15","BMY","Bristol-Myers Squibb Co.","NYSE","26796832","23401767","13751474","1.95",,
"2023-11-15","BNY","BlackRock New York Municipal I","NYSE","17426","17062","63328","1.00",,
"2023-11-15","BRKA","Berkshire Hathaway Inc.","NYSE","537","409","7951","1.00",,
"2023-11-15","BRKB","BERKSHIRE HATHAWAY Class B","NYSE","7665107","7469936","3428722","2.24",,
"2023-11-15","BSX","Boston Scientific Corp.","NYSE","11850495","9137424","7740391","1.53",,
"2023-11-15","BX","Blackstone Inc.","NYSE","31512086","37075266","3307216","9.53",,
"2023-11-15","C","Citigroup Inc.","NYSE","33074145","25037254","18103712","1.83",,
"2023-11-15","CAT","Caterpillar Inc.","NYSE","9798315","6543950","3778416","2.59",,"R"
"2023-11-15","CCZ","Comcast Holdings Corp. 2.0% Ex","NYSE","63","63","55","1.15",,
"2023-11-15","CDNS","Cadence Design Systems, Inc. C","NNM","2975348","2439978","1450910","2.05",,
"2023-11-15","CEG","Constellation Energy Corporati","NNM","5559211","5730104","1807705","3.08",,
"2023-11-15","CI","The Cigna Group","NYSE","3390352","3353601","1977257","1.71",,
"2023-11-15","CL","Colgate-Palmolive Company","NYSE","11607434","9307332","3841578","3.02",,"R"
"2023-11-15","CMCSA","Comcast Corporation Class A Co","NNM","44832688","45670272","19051146","2.35",,
"2023-11-15","CME","CME Group Inc. Class A Common","NNM","3438433","3596372","1671214","2.06",,
"2023-11-15","CMI","Cummins Inc.","NYSE","1369668","1461337","1002696","1.37",,
"2023-11-15","COF","Capital One Financial","NYSE","8630012","11329313","2644370","3.26",,"R"
"2023-11-15","COP","ConocoPhillips","NYSE","11448447","12017388","5602907","2.04",,
"2023-11-15","COST","Costco Wholesale Corporation C","NNM","5314104","4406904","1750766","3.04",,"R"
"2023-11-15","CRM","Salesforce, Inc.","NYSE","8008321","7137143","4249571","1.88",,"R"
"2023-11-15","CRWD","CrowdStrike Holdings, Inc. Cla","NNM","6149782","5385248","2730064","2.25",,
"2023-11-15","CSCO","Cisco Systems, Inc. Common Sto","NNM","49932738","44852738","17744587","2.81",,
"2023-11-15","CSX","CSX Corporation Common Stock","NNM","17676880","17196859","11541646","1.53",,
"2023-11-15","CTAS","Cintas Corporation Common Stoc","NNM","1297412","1119952","356944","3.63",,
"2023-11-15","CVNA","Carvana Co.","NYSE","31981008","32658938","10602430","3.02",,
"2023-11-15","CVS","CVS HEALTH CORPORATION","NYSE","15839096","15874418","7546626","2.10",,
"2023-11-15","CVX","Chevron Corporation","NYSE","25455456","23717675","11435957","2.23",,
"2023-11-15","D","Dominion Energy, Inc Common St","NYSE","9444634","9469705","8463515","1.12",,
"2023-11-15","DASH","DoorDash, Inc. Class A Common","NNM","16087347","17276007","5382757","2.99",,"R"
"2023-11-15","DDOG","Datadog, Inc. Class A Common S","NNM","9112443","9557163","8334236","1.09",,"R"
"2023-11-15","DE","Deere & Company","NYSE","3114122","2909458","1343405","2.32",,"R"
"2023-11-15","DELL","Dell Technologies Inc.","NYSE","11923742","9463152","4218462","2.83",,
"2023-11-15","DHR","Danaher Corporation","NYSE","5872939","6028202","2594609","2.26",,
"2023-11-15","DIS","The Walt Disney Company","NYSE","21302375","20207941","18766287","1.14",,
"2023-11-15","DLR","Digital Realty Trust, Inc.","NYSE","14907845","15411584","1647839","9.05",,
"2023-11-15","DUK","Duke Energy Corporation","NYSE","7319894","7294464","3710358","1.97",,
"2023-11-15","ECL","Ecolab, Inc.","NYSE","2047875","1929910","1005948","2.04",,"R"
"2023-11-15","ELV","Elevance Health, Inc.","NYSE","1962489","2064274","950310","2.07",,
"2023-11-15","EMR","Emerson Electric Co.","NYSE","5859031","6048132","4259814","1.38",,
"2023-11-15","EOG","EOG Resources, Inc.","NYSE","7083030","6352010","3402194","2.08",,
"2023-11-15","EPD","Enterprise Products Partners L","NYSE","18780948","18067067","5056778","3.71",,
"2023-11-15","EQIX","Equinix, Inc. Common Stock REI","NNM","1722708","1494611","360447","4.78",,
"2023-11-15","FCX","Freeport-McMoran Inc.","NYSE","17687811","17118116","10394714","1.70",,
"2023-11-15","FDX","FedEx Corporation","NYSE","3729094","3069711","1381832","2.70",,"R"
"2023-11-15","FTNT","Fortinet, Inc. Common Stock","NNM","11543828","11110490","11932519","1.00",,"R"
"2023-11-15","GD","General Dynamics Corporation","NYSE","2603132","2548170","1238680","2.10",,
"2023-11-15","GE","General Electric Company","NYSE","7825278","7595784","5343908","1.46",,
"2023-11-15","GILD","Gilead Sciences, Inc. Common S","NNM","18127206","19503923","7056888","2.57",,
"2023-11-15","GLW","Corning Incorporated","NYSE","7473103","7507817","3539096","2.11",,
"2023-11-15","GM","General Motors Company","NYSE","32342219","28565725","17500569","1.85",,
"2023-11-15","GOOG","Alphabet Inc. Class C Capital","NNM","34362520","30204181","19108982","1.80",,
"2023-11-15","GOOGL","Alphabet Inc. Class A Common S","NNM","45749594","40941172","25630182","1.78",,
"2023-11-15","GS","Goldman Sachs Group Inc.","NYSE","4092648","3516927","2260160","1.81",,"R"
"2023-11-15","GWW","W.W. Grainger, Inc.","NYSE","1063065","821943","306743","3.47",,"R"
"2023-11-15","HCA","HCA Healthcare, Inc.","NYSE","2500639","2512997","1484872","1.68",,
"2023-11-15","HD","Home Depot, Inc.","NYSE","8380150","7976839","3787277","2.21",,
"2023-11-15","HLT","Hilton Worldwide Holdings Inc.","NYSE","4803129","4400692","1511196","3.18",,
"2023-11-15","HON","Honeywell International Inc. C","NNM","6284709","5284515","2770515","2.27",,
"2023-11-15","HOOD","Robinhood Markets, Inc. Class","NNM","27778845","24462986","11023015","2.52",,
"2023-11-15","HPE","Hewlett Packard Enterprise Com","NYSE","34662194","31243369","7812520","4.44",,"R"
"2023-11-15","HWM","Howmet Aerospace Inc.","NYSE","2878712","2742588","3167822","1.00",,
"2023-11-15","IBKR","Interactive Brokers Group, Inc","NNM","1849124","1834334","1004521","1.84",,"R"
"2023-11-15","IBM","International Business Machine","NYSE","26240149","25937912","3829357","6.85",,
"2023-11-15","ICE","Intercontinental Exchange  Inc","NYSE","3773709","3540558","2622561","1.44",,
"2023-11-15","INTC","Intel Corporation Common Stock","NNM","71292181","56836814","36258302","1.97",,
"2023-11-15","INTU","Intuit Inc. Common Stock","NNM","4101922","3341464","1581844","2.59",,"R"
"2023-11-15","ISRG","Intuitive Surgical, Inc. Commo","NNM","3453204","2895652","1619235","2.13",,
"2023-11-15","ITW","Illinois Tool Works Inc.","NYSE","7933582","8108726","1054625","7.52",,
"2023-11-15","JNJ","Johnson & Johnson","NYSE","13194433","14526947","5854396","2.25",,
"2023-11-15","JPM","JPMorgan Chase & Co.","NYSE","17181105","16181940","8331262","2.06",,"R"
"2023-11-15","KKR","KKR & Co. Inc.","NYSE","7824093","6628994","3706324","2.11",,
"2023-11-15","KLAC","KLA Corporation Common Stock","NNM","2358262","2171250","971218","2.43",,"R"
"2023-11-15","KMI","Kinder Morgan, Inc.","NYSE","30548860","30360706","14077232","2.17",,"R"
"2023-11-15","KO","Coca-Cola Company","NYSE","23588443","23701151","12492900","1.89",,
"2023-11-15","LIN","Linde plc Ordinary Shares","NNM","3338059","2670088","1519169","2.20",,
"2023-11-15","LLY","Eli Lilly & Co.","NYSE","5844896","5401043","4535116","1.29",,"R"
"2023-11-15","LMT","Lockheed Martin Corp.","NYSE","2146725","2094224","1332991","1.61",,"R"
"2023-11-15","LOW","Lowe's Companies Inc.","NYSE","9499059","10745567","2825588","3.36",,"R"
"2023-11-15","LRCX","Lam Research Corporation Commo","NNM","2768665","2828791","952394","2.91",,
"2023-11-15","MA","Mastercard Incorporated","NYSE","4708776","4692161","2442807","1.93",,
"2023-11-15","MAR","Marriott International Class A","NNM","6258460","6082866","1726748","3.62",,"R"
"2023-11-15","MCD","McDonald's Corporation","NYSE","7063802","6688243","2857878","2.47",,"R"
"2023-11-15","MCK","McKesson Corporation","NYSE","1679411","1487359","919819","1.83",,"R"
"2023-11-15","MCO","Moody's Corporation","NYSE","2277313","1786561","864346","2.63",,
"2023-11-15","MDLZ","Mondelez International, Inc. C","NNM","15571439","13749404","7506823","2.07",,
"2023-11-15","MDT","Medtronic plc","NYSE","8681488","7501389","6767398","1.28",,"R"
"2023-11-15","META","Meta Platforms, Inc. Class A C","NNM","31598809","31773457","16504978","1.91",,
"2023-11-15","MMM","3M Company","NYSE","10607642","10921700","2767728","3.83",,"R"
"2023-11-15","MNST","Monster Beverage Corporation","NNM","13742161","13721452","6117263","2.25",,
"2023-11-15","MO","Altria Group, Inc.","NYSE","15131704","17478212","9548045","1.58",,"R"
"2023-11-15","MPC","MARATHON PETROLEUM CORPORATION","NYSE","9887447","9742800","2967039","3.33",,"R"
"2023-11-15","MPWR","Monolithic Power Systems, Inc.","NNM","1294283","1064005","625268","2.07",,
"2023-11-15","MRK","Merck & Co., Inc.","NYSE","18021513","16406535","6651148","2.71",,
"2023-11-15","MRVL","Marvell Technology, Inc. Commo","NNM","15529587","15552689","9094753","1.71",,
"2023-11-15","MS","Morgan Stanley","NYSE","21129138","20157087","9574040","2.21",,
"2023-11-15","MSFT","Microsoft Corporation Common S","NNM","47353456","39454552","25290696","1.87",,"R"
"2023-11-15","MSI","Motorola Solutions, Inc. New","NYSE","1238126","899902","917227","1.35",,
"2023-11-15","MU","Micron Technology, Inc. Common","NNM","20474734","19642294","12431670","1.65",,
"2023-11-15","NEE","Nextra Energy, Inc.","NYSE","22072367","21746015","12518766","1.76",,"R"
"2023-11-15","NEM","Newmont Corporation","NYSE","30578394","44268929","24931234","1.23",,
"2023-11-15","NET","Cloudflare, Inc. Class A commo","NYSE","20267363","19641603","5840582","3.47",,
"2023-11-15","NFLX","Netflix, Inc. Common Stock","NNM","9983597","9547903","3669091","2.72",,
"2023-11-15","NKE","Nike, Inc.","NYSE","17193517","17714327","8228756","2.09",,
"2023-11-15","NOC","Northrop Grumman Corp.","NYSE","1557201","1404255","913134","1.71",,"R"
"2023-11-15","NOW","SERVICENOW, INC.","NYSE","3066455","2660178","1370160","2.24",,
"2023-11-15","NSC","Norfolk Southern Corp.","NYSE","2738822","2664876","1220960","2.24",,"R"
"2023-11-15","NVDA","NVIDIA Corporation Common Stoc","NNM","27551755","26165997","41521148","1.00",,
"2023-11-15","ORCL","Oracle Corp","NYSE","17038879","16678320","7111746","2.40",,
"2023-11-15","ORLY","O'Reilly Automotive, Inc. Comm","NNM","1458589","1334767","397639","3.67",,
"2023-11-15","PANW","Palo Alto Networks, Inc. Commo","NNM","18339071","17756219","4598518","3.99",,"R"
"2023-11-15","PCAR","PACCAR Inc. Common Stock","NNM","5408663","5026417","1971033","2.74",,
"2023-11-15","PEP","PepsiCo, Inc. Common Stock","NNM","15414411","14411532","5420487","2.84",,
"2023-11-15","PFE","Pfizer Inc.","NYSE","57497598","47179598","30723904","1.87",,
"2023-11-15","PG","Procter & Gamble Company","NYSE","13911851","14509502","6325760","2.20",,
"2023-11-15","PGR","Progressive Corporation","NYSE","4441965","4343574","2698229","1.65",,
"2023-11-15","PH","Parker-Hannifin Corporation","NYSE","914507","1053991","827939","1.10",,
"2023-11-15","PLD","PROLOGIS, INC.","NYSE","10044549","10482434","3557018","2.82",,
"2023-11-15","PLTR","Palantir Technologies Inc. Cla","NYSE","146736470","155102347","81044004","1.81",,"R"
"2023-11-15","PM","Philip Morris International In","NYSE","5357881","5211185","5145553","1.04",,
"2023-11-15","PNC","PNC Financial Services Group","NYSE","5151716","5400129","2039443","2.53",,"R"
"2023-11-15","PSX","PHILLIPS 66","NYSE","7818741","7562904","2484546","3.15",,
"2023-11-15","PWR","Quanta Services, Inc.","NYSE","4400118","3849757","1861288","2.36",,
"2023-11-15","QCOM","QUALCOMM Incorporated Common S","NNM","17990952","14216238","10544582","1.71",,
"2023-11-15","RCL","Royal Caribbean Group","NYSE","16929080","17172620","3098139","5.46",,
"2023-11-15","REGN","Regeneron Pharmaceuticals, Inc","NNM","1399746","1308907","603823","2.32",,
"2023-11-15","ROST","Ross Stores, Inc. Common Stock","NNM","4008506","3928144","1929034","2.08",,
"2023-11-15","RSG","Republic Services Inc.","NYSE","2208102","2159385","1286151","1.72",,
"2023-11-15","RTX","RTX Corporation","NYSE","89752211","111441802","11908333","7.54",,"R"
"2023-11-15","SBUX","Starbucks Corporation Common S","NNM","11297603","10310532","10132950","1.11",,
"2023-11-15","SCCO","Southern Copper Corporation","NYSE","5452002","5564765","858416","6.35",,
"2023-11-15","SCHW","The Charles Schwab Corporation","NYSE","19952882","20441918","10901661","1.83",,
"2023-11-15","SHW","The Sherwin-Williams Company","NYSE","3000409","2952499","1280571","2.34",,
"2023-11-15","SNOW","Snowflake Inc.","NYSE","9573211","10379728","5253895","1.82",,
"2023-11-15","SNPS","Synopsys, Inc. Common Stock","NNM","1907794","1602723","846166","2.25",,"R"
"2023-11-15","SO","The Southern Company","NYSE","11717553","11295978","5252539","2.23",,
"2023-11-15","SPCX","The SPAC and New Issue ETF","NNM","6847","6828","1079","6.35",,
"2023-11-15","SPG","Simon Property Group, Inc.","NYSE","4272980","3968686","1549779","2.76",,
"2023-11-15","SPGI","S&P Global Inc.","NYSE","5111405","2185428","1430079","3.57",,
"2023-11-15","SYK","Stryker Corporation","NYSE","3716288","3408193","1730471","2.15",,"R"
"2023-11-15","T","AT&T Inc.","NYSE","107365923","104422973","30728001","3.49",,
"2023-11-15","TDG","TransDigm Group Incorporated","NYSE","1230499","1157447","323473","3.80",,
"2023-11-15","TFC","Truist Financial Corporation","NYSE","10423737","11590102","8854933","1.18",,
"2023-11-15","TGT","Target Corporation","NYSE","7023462","6778442","7094997","1.00",,
"2023-11-15","TJX","TJX Companies, Inc. (The)","NYSE","11813428","8331301","6618594","1.78",,"R"
"2023-11-15","TMO","Thermo Fisher Scientific, Inc.","NYSE","2717167","2746125","1882022","1.44",,"R"
"2023-11-15","TMUS","T-Mobile US, Inc. Common Stock","NNM","27298510","25773430","3931747","6.94",,
"2023-11-15","TRV","The Travelers Companies, Inc.","NYSE","2982499","2782254","1260706","2.37",,"R"
"2023-11-15","TSLA","Tesla, Inc. Common Stock","NNM","92715309","84273502","128636235","1.00",,
"2023-11-15","TXN","Texas Instruments Incorporated","NNM","17433156","16417584","6278233","2.78",,
"2023-11-15","UBER","Uber Technologies, Inc.","NYSE","49994059","46664553","31361032","1.59",,"R"
"2023-11-15","UNH","UNITEDHEALTH GROUP INCORPORATE","NYSE","5946428","5930844","2330343","2.55",,"R"
"2023-11-15","UNP","Union Pacific Corp.","NYSE","6557090","6110035","2171421","3.02",,
"2023-11-15","UPS","United Parcel Service, Inc. Cl","NYSE","10875679","10869532","3714273","2.93",,
"2023-11-15","URI","United Rentals, Inc.","NYSE","3469773","2992920","751552","4.62",,
"2023-11-15","USB","U.S. Bancorp","NYSE","28806464","30738249","9988367","2.88",,
"2023-11-15","V","VISA Inc.","NYSE","30945990","30896593","6482372","4.77",,
"2023-11-15","VLO","Valero Energy Corporation","NYSE","10941013","11482882","3003616","3.64",,
"2023-11-15","VRT","Vertiv Holdings Co Class A Com","NYSE","9846415","8774530","5740332","1.72",,"R"
"2023-11-15","VRTX","Vertex Pharmaceuticals Incorpo","NNM","2507003","2593068","1528993","1.64",,"R"
"2023-11-15","VZ","Verizon Communications","NYSE","53862890","48456211","19158958","2.81",,
"2023-11-15","WBD","Warner Bros. Discovery, Inc. S","NNM","103895741","102045830","30705784","3.38",,
"2023-11-15","WDC","Western Digital Corporation Co","NNM","16159518","8536812","6105683","2.65",,
"2023-11-15","WELL","Welltower Inc.","NYSE","8237486","9220533","4481569","1.84",,
"2023-11-15","WFC","Wells Fargo & Co.","NYSE","29884407","22593308","16607818","1.80",,
"2023-11-15","WM","Waste Management, Inc.","NYSE","5772373","5268760","1475339","3.91",,
"2023-11-15","WMB","Williams Companies Inc.","NYSE","25517065","23000185","6185665","4.13",,
"2023-11-15","WMT","Walmart Inc.","NYSE","13932240","14719492","5853016","2.38",,"R"
"2023-11-15","XOM","Exxon Mobil Corporation","NYSE","63699320","71280171","21202297","3.00",,
"2023-09-29","AAPL","Apple Inc. Common Stock","NNM","94725628","107325921","58263940","1.63",,
"2023-09-29","ABBV","ABBVIE INC.","NYSE","12311421","11931380","3650875","3.37",,
"2023-09-29","ABNB","Airbnb, Inc. Class A Common St","NNM","34801619","25636305","5267383","6.61",,
"2023-09-29","ABT","Abbott Laboratories","NYSE","10180964","10607491","4470974","2.28",,
"2023-09-29","ADBE","Adobe Inc. Common Stock","NNM","4227560","4335154","2734134","1.55",,
"2023-09-29","ADI","Analog Devices, Inc. Common St","NNM","7565148","6384919","2847367","2.66",,
"2023-09-29","ADP","Automatic Data Processing, Inc","NNM","4239543","4097106","1341919","3.16",,
"2023-09-29","AEP","American Electric Power Compan","NNM","4375389","4670551","2671458","1.64",,
"2023-09-29","AFL","Aflac Inc.","NYSE","12548848","12707842","2027634","6.19",,
"2023-09-29","AJG","Arthur J. Gallagher & Co.","NYSE","2020240","1789289","835359","2.42",,
"2023-09-29","ALL","The Allstate Corporation","NYSE","3931912","3449867","1722333","2.28",,
"2023-09-29","AMAT","Applied Materials, Inc. Common","NNM","22343929","19907106","5477008","4.08",,
"2023-09-29","AMD","Advanced Micro Devices, Inc. C","NNM","28964119","30062210","52321388","1.00",,
"2023-09-29","AMGN","Amgen Inc. Common Stock","NNM","6409080","6269239","2199603","2.91",,
"2023-09-29","AMT","American Tower Corporation","NYSE","4883260","5176442","2501611","1.95",,
"2023-09-29","AMZN","Amazon.com, Inc. Common Stock","NNM","76818818","80249295","58250902","1.32",,
"2023-09-29","ANET","Arista Networks","NYSE","2768199","3446711","1565185","1.77",,
"2023-09-29","AON","Aon plc Class A","NYSE","1593728","1635158","554234","2.88",,
"2023-09-29","APD","Air Products & Chemicals, Inc.","NYSE","1668113","1761071","701246","2.38",,
"2023-09-29","APH","Amphenol Corporation","NYSE","5502696","4907721","2521922","2.18",,
"2023-09-29","APO","Apollo Global Management, Inc.","NYSE","13312870","13493304","1898974","7.01",,
"2023-09-29","APP","Applovin Corporation Class A C","NNM","16748286","19067097","2897503","5.78",,
"2023-09-29","AVGO","Broadcom Inc. Common Stock","NNM","6254827","6340185","2044873","3.06",,
"2023-09-29","AXP","American Express Company","NYSE","6282419","6473692","2724862","2.31",,
"2023-09-29","BA","Boeing Company","NYSE","7392010","7525309","4566467","1.62",,
"2023-09-29","BAC","Bank of America Corporation","NYSE","61268519","59905781","35913502","1.71",,
"2023-09-29","BKNG","Booking Holdings Inc. Common S","NNM","612738","723669","225985","2.71",,
"2023-09-29","BLK","Blackrock, Inc.","NYSE","2205398","2607577","510487","4.32",,
"2023-09-29","BMY","Bristol-Myers Squibb Co.","NYSE","31592942","36982160","10077947","3.13",,
"2023-09-29","BNY","BlackRock New York Municipal I","NYSE","21560","3281","48002","1.00",,
"2023-09-29","BRKA","Berkshire Hathaway Inc.","NYSE","534","686","8219","1.00",,
"2023-09-29","BRKB","BERKSHIRE HATHAWAY Class B","NYSE","8966569","8469321","3199945","2.80",,
"2023-09-29","BSX","Boston Scientific Corp.","NYSE","14575595","11876181","9173810","1.59",,
"2023-09-29","BX","Blackstone Inc.","NYSE","34568788","21813678","5330900","6.48",,
"2023-09-29","C","Citigroup Inc.","NYSE","25009659","26697113","13952070","1.79",,
"2023-09-29","CAT","Caterpillar Inc.","NYSE","6090908","6325528","1930385","3.16",,
"2023-09-29","CCZ","Comcast Holdings Corp. 2.0% Ex","NYSE","88","0","203","1.00",,
"2023-09-29","CDNS","Cadence Design Systems, Inc. C","NNM","2679867","2709940","906193","2.96",,
"2023-09-29","CEG","Constellation Energy Corporati","NNM","7512472","6928677","1848467","4.06",,
"2023-09-29","CI","The Cigna Group","NYSE","2839809","3242959","1044817","2.72",,
"2023-09-29","CL","Colgate-Palmolive Company","NYSE","8755920","9035510","3607776","2.43",,
"2023-09-29","CMCSA","Comcast Corporation Class A Co","NNM","38971404","40729970","14686809","2.65",,
"2023-09-29","CME","CME Group Inc. Class A Common","NNM","3657179","3540232","1084745","3.37",,
"2023-09-29","CMI","Cummins Inc.","NYSE","2062135","1777541","756984","2.72",,
"2023-09-29","COF","Capital One Financial","NYSE","9631204","8617567","1791625","5.38",,
"2023-09-29","COP","ConocoPhillips","NYSE","13128844","12898721","4382904","3.00",,
"2023-09-29","COST","Costco Wholesale Corporation C","NNM","4334278","4065471","1895447","2.29",,
"2023-09-29","CRM","Salesforce, Inc.","NYSE","7818568","7421208","4242462","1.84",,
"2023-09-29","CRWD","CrowdStrike Holdings, Inc. Cla","NNM","5975230","6372800","2896013","2.06",,
"2023-09-29","CSCO","Cisco Systems, Inc. Common Sto","NNM","47865726","62333094","16611331","2.88",,
"2023-09-29","CSX","CSX Corporation Common Stock","NNM","18520766","17851774","13130791","1.41",,
"2023-09-29","CTAS","Cintas Corporation Common Stoc","NNM","1212105","1118091","442920","2.74",,
"2023-09-29","CVNA","Carvana Co.","NYSE","31834127","33162611","8661344","3.68",,
"2023-09-29","CVS","CVS HEALTH CORPORATION","NYSE","14668932","16100233","7564915","1.94",,
"2023-09-29","CVX","Chevron Corporation","NYSE","15846290","17258436","6754403","2.35",,
"2023-09-29","D","Dominion Energy, Inc Common St","NYSE","8984091","7456029","5383731","1.67",,
"2023-09-29","DASH","DoorDash, Inc. Class A Common","NNM","16734343","14479246","3186232","5.25",,
"2023-09-29","DDOG","Datadog, Inc. Class A Common S","NNM","14315571","13189994","2820486","5.08",,
"2023-09-29","DE","Deere & Company","NYSE","2863624","2380174","1633067","1.75",,
"2023-09-29","DELL","Dell Technologies Inc.","NYSE","9529693","9545409","4101334","2.32",,
"2023-09-29","DHR","Danaher Corporation","NYSE","5720197","6313572","2223154","2.57",,
"2023-09-29","DIS","The Walt Disney Company","NYSE","21757532","19462808","13601758","1.60",,
"2023-09-29","DLR","Digital Realty Trust, Inc.","NYSE","15639849","16480428","2019375","7.74",,
"2023-09-29","DUK","Duke Energy Corporation","NYSE","9114108","9468624","3243341","2.81",,
"2023-09-29","ECL","Ecolab, Inc.","NYSE","2208270","1818063","942098","2.34",,
"2023-09-29","ELV","Elevance Health, Inc.","NYSE","2237895","1945408","1028235","2.18",,
"2023-09-29","EMR","Emerson Electric Co.","NYSE","6527910","6960232","2092330","3.12",,
"2023-09-29","EOG","EOG Resources, Inc.","NYSE","7037796","7630196","3080335","2.28",,
"2023-09-29","EPD","Enterprise Products Partners L","NYSE","19282763","15806055","5629353","3.43",,
"2023-09-29","EQIX","Equinix, Inc. Common Stock REI","NNM","1544914","1635476","377714","4.09",,
"2023-09-29","FCX","Freeport-McMoran Inc.","NYSE","16008280","15276134","9671447","1.66",,
"2023-09-29","FDX","FedEx Corporation","NYSE","3978300","2429016","2894550","1.37",,
"2023-09-29","FTNT","Fortinet, Inc. Common Stock","NNM","11638269","8677529","3849080","3.02",,
"2023-09-29","GD","General Dynamics Corporation","NYSE","2109605","2254644","844600","2.50",,
"2023-09-29","GE","General Electric Company","NYSE","11628812","12314202","4217935","2.76",,
"2023-09-29","GILD","Gilead Sciences, Inc. Common S","NNM","20235060","18334509","4321564","4.68",,
"2023-09-29","GLW","Corning Incorporated","NYSE","6199278","7858287","2930791","2.12",,
"2023-09-29","GM","General Motors Company","NYSE","33240644","33991402","10658506","3.12",,
"2023-09-29","GOOG","Alphabet Inc. Class C Capital","NNM","30330232","33797780","18760214","1.62",,
"2023-09-29","GOOGL","Alphabet Inc. Class A Common S","NNM","42503885","46080635","25178383","1.69",,
"2023-09-29","GS","Goldman Sachs Group Inc.","NYSE","3198171","3770955","1419965","2.25",,
"2023-09-29","GWW","W.W. Grainger, Inc.","NYSE","978866","1075775","212581","4.60",,
"2023-09-29","HCA","HCA Healthcare, Inc.","NYSE","2397537","2517569","1173859","2.04",,
"2023-09-29","HD","Home Depot, Inc.","NYSE","9014161","9890297","2581847","3.49",,
"2023-09-29","HLT","Hilton Worldwide Holdings Inc.","NYSE","4969918","5506904","1771678","2.81",,
"2023-09-29","HON","Honeywell International Inc. C","NNM","5482599","5327650","2774231","1.98",,
"2023-09-29","HOOD","Robinhood Markets, Inc. Class","NNM","22563330","23048496","4975186","4.54",,
"2023-09-29","HPE","Hewlett Packard Enterprise Com","NYSE","32929458","32023061","9215838","3.57",,
"2023-09-29","HWM","Howmet Aerospace Inc.","NYSE","4187503","3569943","2075340","2.02",,
"2023-09-29","IBKR","Interactive Brokers Group, Inc","NNM","2202467","2314017","964441","2.28",,
"2023-09-29","IBM","International Business Machine","NYSE","28775392","28890704","4704259","6.12",,
"2023-09-29","ICE","Intercontinental Exchange  Inc","NYSE","3004359","4167313","2634598","1.14",,
"2023-09-29","INTC","Intel Corporation Common Stock","NNM","56325495","67255298","37481109","1.50",,
"2023-09-29","INTU","Intuit Inc. Common Stock","NNM","3266231","3558570","1223956","2.67",,
"2023-09-29","ISRG","Intuitive Surgical, Inc. Commo","NNM","2963576","3072079","1441415","2.06",,
"2023-09-29","ITW","Illinois Tool Works Inc.","NYSE","7741437","6849263","887477","8.72",,
"2023-09-29","JNJ","Johnson & Johnson","NYSE","17728409","22255715","6206244","2.86",,
"2023-09-29","JPM","JPMorgan Chase & Co.","NYSE","17414414","20154592","7893440","2.21",,
"2023-09-29","KKR","KKR & Co. Inc.","NYSE","8283931","10351462","2994567","2.77",,
"2023-09-29","KLAC","KLA Corporation Common Stock","NNM","2210056","1979038","868164","2.55",,
"2023-09-29","KMI","Kinder Morgan, Inc.","NYSE","29529276","34693692","12163485","2.43",,
"2023-09-29","KO","Coca-Cola Company","NYSE","23040297","23146809","13305275","1.73",,
"2023-09-29","LIN","Linde plc Ordinary Share","NYSE","2846695","2572360","1336089","2.13",,
"2023-09-29","LLY","Eli Lilly & Co.","NYSE","5654300","6267421","2388757","2.37",,
"2023-09-29","LMT","Lockheed Martin Corp.","NYSE","1906481","2386941","1073881","1.78",,
"2023-09-29","LOW","Lowe's Companies Inc.","NYSE","11906021","10049300","2958605","4.02",,
"2023-09-29","LRCX","Lam Research Corporation Commo","NNM","2845511","2629516","1049041","2.71",,
"2023-09-29","MA","Mastercard Incorporated","NYSE","4734231","4728753","2147921","2.20",,
"2023-09-29","MAR","Marriott International Class A","NNM","5904360","6462889","1862226","3.17",,
"2023-09-29","MCD","McDonald's Corporation","NYSE","6597055","6954874","2375356","2.78",,
"2023-09-29","MCK","McKesson Corporation","NYSE","2068193","1827261","821676","2.52",,
"2023-09-29","MCO","Moody's Corporation","NYSE","1522129","1491108","587078","2.59",,
"2023-09-29","MDLZ","Mondelez International, Inc. C","NNM","12396843","12444708","5933279","2.09",,
"2023-09-29","MDT","Medtronic plc","NYSE","9521955","7594132","5506762","1.73",,
"2023-09-29","META","Meta Platforms, Inc. Class A C","NNM","30647383","31459921","21768722","1.41",,
"2023-09-29","MMM","3M Company","NYSE","11116303","12762313","3458941","3.21",,
"2023-09-29","MNST","Monster Beverage Corporation","NNM","12492242","10875577","5250836","2.38",,
"2023-09-29","MO","Altria Group, Inc.","NYSE","14912615","14483439","6870627","2.17",,
"2023-09-29","MPC","MARATHON PETROLEUM CORPORATION","NYSE","10855139","13306903","3117848","3.48",,
"2023-09-29","MPWR","Monolithic Power Systems, Inc.","NNM","1685591","1361673","485847","3.47",,
"2023-09-29","MRK","Merck & Co., Inc.","NYSE","14830810","13878917","5428750","2.73",,
"2023-09-29","MRVL","Marvell Technology, Inc. Commo","NNM","13562100","15667550","8523930","1.59",,
"2023-09-29","MS","Morgan Stanley","NYSE","20974350","20528411","5940779","3.53",,
"2023-09-29","MSFT","Microsoft Corporation Common S","NNM","39514918","41145504","21913891","1.80",,
"2023-09-29","MSI","Motorola Solutions, Inc. New","NYSE","848704","820695","601000","1.41",,
"2023-09-29","MU","Micron Technology, Inc. Common","NNM","19725285","24973921","18814575","1.05",,
"2023-09-29","NEE","Nextra Energy, Inc.","NYSE","19476110","18338352","13631826","1.43",,
"2023-09-29","NEM","Newmont Corporation","NYSE","31808803","28811758","9416599","3.38",,
"2023-09-29","NET","Cloudflare, Inc. Class A commo","NYSE","19751472","19325172","4205205","4.70",,
"2023-09-29","NFLX","Netflix, Inc. Common Stock","NNM","8530217","8726222","4187115","2.04",,
"2023-09-29","NKE","Nike, Inc.","NYSE","17658157","16948181","11909856","1.48",,
"2023-09-29","NOC","Northrop Grumman Corp.","NYSE","1353418","1380939","741025","1.83",,
"2023-09-29","NOW","SERVICENOW, INC.","NYSE","2372014","2652577","1026885","2.31",,
"2023-09-29","NSC","Norfolk Southern Corp.","NYSE","3005630","2731936","1064248","2.82",,
"2023-09-29","NVDA","NVIDIA Corporation Common Stoc","NNM","26982263","26040814","42466353","1.00",,
"2023-09-29","ORCL","Oracle Corp","NYSE","16797291","16222757","9907393","1.70",,
"2023-09-29","ORLY","O'Reilly Automotive, Inc. Comm","NNM","1134187","1074719","370174","3.06",,
"2023-09-29","PANW","Palo Alto Networks, Inc. Commo","NNM","21025309","21018478","2442278","8.61",,
"2023-09-29","PCAR","PACCAR Inc. Common Stock","NNM","6412714","6984032","1733479","3.70",,
"2023-09-29","PEP","PepsiCo, Inc. Common Stock","NNM","13497024","12835130","4459085","3.03",,
"2023-09-29","PFE","Pfizer Inc.","NYSE","51075743","49946188","27846463","1.83",,
"2023-09-29","PG","Procter & Gamble Company","NYSE","14028852","14456255","5533128","2.54",,
"2023-09-29","PGR","Progressive Corporation","NYSE","3843101","3740831","2069459","1.86",,
"2023-09-29","PH","Parker-Hannifin Corporation","NYSE","1110451","1117815","602402","1.84",,
"2023-09-29","PLD","PROLOGIS, INC.","NYSE","11333528","9490439","2853997","3.97",,
"2023-09-29","PLTR","Palantir Technologies Inc. Cla","NYSE","167494036","154030736","51803232","3.23",,
"2023-09-29","PM","Philip Morris International In","NYSE","6128602","6129467","4587524","1.34",,
"2023-09-29","PNC","PNC Financial Services Group","NYSE","5950313","6033324","1620024","3.67",,
"2023-09-29","PSX","PHILLIPS 66","NYSE","8605808","9947221","2663858","3.23",,
"2023-09-29","PWR","Quanta Services, Inc.","NYSE","4259856","3715446","887533","4.80",,
"2023-09-29","QCOM","QUALCOMM Incorporated Common S","NNM","14958965","13238115","6194596","2.41",,
"2023-09-29","RCL","Royal Caribbean Group","NYSE","19098174","19537198","2752377","6.94",,
"2023-09-29","REGN","Regeneron Pharmaceuticals, Inc","NNM","1175309","1454824","380731","3.09",,
"2023-09-29","ROST","Ross Stores, Inc. Common Stock","NNM","3484397","3386233","2199076","1.58",,
"2023-09-29","RSG","Republic Services Inc.","NYSE","1869282","1623797","908504","2.06",,
"2023-09-29","RTX","RTX Corporation","NYSE","7672736","8927911","9919279","1.00",,
"2023-09-29","SBUX","Starbucks Corporation Common S","NNM","13591447","13960220","5491398","2.48",,
"2023-09-29","SCCO","Southern Copper Corporation","NYSE","5042707","5843738","1035052","4.87",,
"2023-09-29","SCHW","The Charles Schwab Corporation","NYSE","23776506","21477668","7852093","3.03",,
"2023-09-29","SHW","The Sherwin-Williams Company","NYSE","3040492","3186561","1197449","2.54",,
"2023-09-29","SNOW","Snowflake Inc.","NYSE","10316480","9287534","3846864","2.68",,
"2023-09-29","SNPS","Synopsys, Inc. Common Stock","NNM","1463157","1596217","714288","2.05",,
"2023-09-29","SO","The Southern Company","NYSE","10904062","10835245","4094362","2.66",,
"2023-09-29","SPCX","The SPAC and New Issue ETF","NNM","7020","5988","1298","5.41",,
"2023-09-29","SPG","Simon Property Group, Inc.","NYSE","5284375","5260300","1839081","2.87",,
"2023-09-29","SPGI","S&P Global Inc.","NYSE","2668031","2809624","1178557","2.26",,
"2023-09-29","SYK","Stryker Corporation","NYSE","4057600","3687908","1401297","2.90",,
"2023-09-29","T","AT&T Inc.","NYSE","115582706","117153061","32701047","3.53",,
"2023-09-29","TDG","TransDigm Group Incorporated","NYSE","973679","965266","184058","5.29",,
"2023-09-29","TFC","Truist Financial Corporation","NYSE","13253850","12975669","8932368","1.48",,
"2023-09-29","TGT","Target Corporation","NYSE","7824392","8502550","4875709","1.60",,
"2023-09-29","TJX","TJX Companies, Inc. (The)","NYSE","9046342","9336254","5073712","1.78",,
"2023-09-29","TMO","Thermo Fisher Scientific, Inc.","NYSE","2407337","2771728","1287673","1.87",,
"2023-09-29","TMUS","T-Mobile US, Inc. Common Stock","NNM","25406676","27770768","3748100","6.78",,
"2023-09-29","TRV","The Travelers Companies, Inc.","NYSE","3270192","2888029","1217481","2.69",,
"2023-09-29","TSLA","Tesla, Inc. Common Stock","NNM","82428956","84724119","116386017","1.00",,
"2023-09-29","TXN","Texas Instruments Incorporated","NNM","16232668","16928746","3892724","4.17",,
"2023-09-29","UBER","Uber Technologies, Inc.","NYSE","50819052","45782244","17457076","2.91",,
"2023-09-29","UNH","UNITEDHEALTH GROUP INCORPORATE","NYSE","5860745","6313824","3191724","1.84",,
"2023-09-29","UNP","Union Pacific Corp.","NYSE","6521734","5319377","2180446","2.99",,
"2023-09-29","UPS","United Parcel Service, Inc. Cl","NYSE","8385054","9779783","3477603","2.41",,
"2023-09-29","URI","United Rentals, Inc.","NYSE","2687661","2718908","600946","4.47",,
"2023-09-29","USB","U.S. Bancorp","NYSE","38074358","32047718","10655369","3.57",,
"2023-09-29","V","VISA Inc.","NYSE","31052794","31546596","5642594","5.50",,
"2023-09-29","VLO","Valero Energy Corporation","NYSE","10380317","9992544","4334885","2.39",,
"2023-09-29","VRT","Vertiv Holdings Co Class A Com","NYSE","7680371","7667753","4011147","1.91",,
"2023-09-29","VRTX","Vertex Pharmaceuticals Incorpo","NNM","2851924","2856047","792137","3.60",,
"2023-09-29","VZ","Verizon Communications","NYSE","37285702","41158568","20120298","1.85",,
"2023-09-29","WBD","Warner Bros. Discovery, Inc. S","NNM","95898344","97529179","17612986","5.44",,
"2023-09-29","WDC","Western Digital Corporation Co","NNM","7538122","7911374","3713199","2.03",,
"2023-09-29","WELL","Welltower Inc.","NYSE","10304618","11720949","2392624","4.31",,
"2023-09-29","WFC","Wells Fargo & Co.","NYSE","27662775","30739106","14297621","1.93",,
"2023-09-29","WM","Waste Management, Inc.","NYSE","3376538","4092527","1373556","2.46",,
"2023-09-29","WMB","Williams Companies Inc.","NYSE","24517865","24815956","5696816","4.30",,
"2023-09-29","WMT","Walmart Inc.","NYSE","16266555","15716594","4673771","3.48",,
"2023-09-29","XOM","Exxon Mobil Corporation","NYSE","44433891","44588193","14882737","2.99",,
"2023-11-30","AAPL","Apple Inc. Common Stock","NNM","110653413","105837123","42011310","2.63",,
"2023-11-30","ABBV","ABBVIE INC.","NYSE","11128025","11146141","4800639","2.32",,
"2023-11-30","ABNB","Airbnb, Inc. Class A Common St","NNM","23475334","25034247","4152201","5.65",,
"2023-11-30","ABT","Abbott Laboratories","NYSE","11750503","12082065","6669663","1.76",,
"2023-11-30","ADBE","Adobe Inc. Common Stock","NNM","5403728","5261064","2166382","2.49",,
"2023-11-30","ADI","Analog Devices, Inc. Common St","NNM","6879650","7045111","3266281","2.11",,
"2023-11-30","ADP","Automatic Data Processing, Inc","NNM","3666523","4438043","1664784","2.20",,
"2023-11-30","AEP","American Electric Power Compan","NNM","7351322","6445713","3106838","2.37",,
"2023-11-30","AFL","Aflac Inc.","NYSE","10850123","11339403","2358194","4.60",,
"2023-11-30","AJG","Arthur J. Gallagher & Co.","NYSE","2476028","2271469","760460","3.26",,
"2023-11-30","ALL","The Allstate Corporation","NYSE","2841427","3191381","1282720","2.22",,
"2023-11-30","AMAT","Applied Materials, Inc. Common","NNM","20422971","21808501","7100549","2.88",,
"2023-11-30","AMD","Advanced Micro Devices, Inc. C","NNM","44739272","40903051","39425935","1.13",,
"2023-11-30","AMGN","Amgen Inc. Common Stock","NNM","8103763","6773456","2046878","3.96",,
"2023-11-30","AMT","American Tower Corporation","NYSE","6209078","6169447","2230384","2.78",,
"2023-11-30","AMZN","Amazon.com, Inc. Common Stock","NNM","87368410","86562101","48068461","1.82",,
"2023-11-30","ANET","Arista Networks","NYSE","3272752","3327272","1504293","2.18",,
"2023-11-30","AON","Aon plc Class A","NYSE","1745957","1890706","900798","1.94",,
"2023-11-30","APD","Air Products & Chemicals, Inc.","NYSE","1800060","1688339","1275545","1.41",,
"2023-11-30","APH","Amphenol Corporation","NYSE","6634630","6844955","2335744","2.84",,
"2023-11-30","APO","Apollo Global Management, Inc.","NYSE","12555683","13120877","2810142","4.47",,
"2023-11-30","APP","Applovin Corporation Class A C","NNM","14808899","15596148","2353922","6.29",,
"2023-11-30","AVGO","Broadcom Inc. Common Stock","NNM","4727011","7436809","3792648","1.25",,
"2023-11-30","AXP","American Express Company","NYSE","6838479","6969020","2744519","2.49",,
"2023-11-30","BA","Boeing Company","NYSE","9997761","11290376","5854105","1.71",,
"2023-11-30","BAC","Bank of America Corporation","NYSE","69581156","66545380","40363082","1.72",,
"2023-11-30","BKNG","Booking Holdings Inc. Common S","NNM","698475","676856","200432","3.48",,
"2023-11-30","BLK","Blackrock, Inc.","NYSE","1784458","1198013","655346","2.72",,
"2023-11-30","BMY","Bristol-Myers Squibb Co.","NYSE","27166088","26796832","14587793","1.86",,
"2023-11-30","BNY","BlackRock New York Municipal I","NYSE","7108","17426","66291","1.00",,
"2023-11-30","BRKA","Berkshire Hathaway Inc.","NYSE","472","537","7929","1.00",,
"2023-11-30","BRKB","BERKSHIRE HATHAWAY Class B","NYSE","7931278","7665107","2891335","2.74",,
"2023-11-30","BSX","Boston Scientific Corp.","NYSE","9240836","11850495","6098260","1.52",,
"2023-11-30","BX","Blackstone Inc.","NYSE","29500660","31512086","2691701","10.96",,
"2023-11-30","C","Citigroup Inc.","NYSE","31185497","33074145","13886450","2.25",,
"2023-11-30","CAT","Caterpillar Inc.","NYSE","9686460","9798315","2439554","3.97",,
"2023-11-30","CCZ","Comcast Holdings Corp. 2.0% Ex","NYSE","63","63","182","1.00",,
"2023-11-30","CDNS","Cadence Design Systems, Inc. C","NNM","2703225","2975348","1136445","2.38",,
"2023-11-30","CEG","Constellation Energy Corporati","NNM","5871227","5559211","1453382","4.04",,
"2023-11-30","CI","The Cigna Group","NYSE","2652614","3390352","2455609","1.08",,
"2023-11-30","CL","Colgate-Palmolive Company","NYSE","10896215","11607434","3718863","2.93",,
"2023-11-30","CMCSA","Comcast Corporation Class A Co","NNM","49311197","44832688","14569965","3.38",,
"2023-11-30","CME","CME Group Inc. Class A Common","NNM","3534523","3438433","1339568","2.64",,
"2023-11-30","CMI","Cummins Inc.","NYSE","1584511","1369668","610387","2.60",,
"2023-11-30","COF","Capital One Financial","NYSE","8508666","8630012","1876104","4.54",,
"2023-11-30","COP","ConocoPhillips","NYSE","10581545","11448447","5208446","2.03",,
"2023-11-30","COST","Costco Wholesale Corporation C","NNM","4995419","5314104","1503117","3.32",,
"2023-11-30","CRM","Salesforce, Inc.","NYSE","7902859","8008321","6873976","1.15",,
"2023-11-30","CRWD","CrowdStrike Holdings, Inc. Cla","NNM","6628704","6149782","4430762","1.50",,
"2023-11-30","CSCO","Cisco Systems, Inc. Common Sto","NNM","43241848","49932738","27065667","1.60",,
"2023-11-30","CSX","CSX Corporation Common Stock","NNM","25932559","17676880","12041745","2.15",,
"2023-11-30","CTAS","Cintas Corporation Common Stoc","NNM","1292017","1297412","289917","4.46",,
"2023-11-30","CVNA","Carvana Co.","NYSE","32559359","31981008","6264592","5.20",,
"2023-11-30","CVS","CVS HEALTH CORPORATION","NYSE","15583150","15839096","6566658","2.37",,
"2023-11-30","CVX","Chevron Corporation","NYSE","26194295","25455456","10332513","2.54",,
"2023-11-30","D","Dominion Energy, Inc Common St","NYSE","10730316","9444634","4646337","2.31",,
"2023-11-30","DASH","DoorDash, Inc. Class A Common","NNM","16490438","16087347","4748689","3.47",,
"2023-11-30","DDOG","Datadog, Inc. Class A Common S","NNM","10705927","9112443","3121751","3.43",,
"2023-11-30","DE","Deere & Company","NYSE","2549487","3114122","2346236","1.09",,
"2023-11-30","DELL","Dell Technologies Inc.","NYSE","11738165","11923742","4305500","2.73",,
"2023-11-30","DHR","Danaher Corporation","NYSE","7640438","5872939","2790473","2.74",,
"2023-11-30","DIS","The Walt Disney Company","NYSE","23530416","21302375","11662974","2.02",,
"2023-11-30","DLR","Digital Realty Trust, Inc.","NYSE","14858232","14907845","1718455","8.65",,
"2023-11-30","DUK","Duke Energy Corporation","NYSE","7636300","7319894","3052014","2.50",,
"2023-11-30","ECL","Ecolab, Inc.","NYSE","1982869","2047875","921239","2.15",,
"2023-11-30","ELV","Elevance Health, Inc.","NYSE","1539973","1962489","1061115","1.45",,
"2023-11-30","EMR","Emerson Electric Co.","NYSE","5930366","5859031","2772102","2.14",,
"2023-11-30","EOG","EOG Resources, Inc.","NYSE","8108524","7083030","3220857","2.52",,
"2023-11-30","EPD","Enterprise Products Partners L","NYSE","19589926","18780948","4021530","4.87",,
"2023-11-30","EQIX","Equinix, Inc. Common Stock REI","NNM","1709921","1722708","320559","5.33",,
"2023-11-30","FCX","Freeport-McMoran Inc.","NYSE","17669085","17687811","9366089","1.89",,
"2023-11-30","FDX","FedEx Corporation","NYSE","3358230","3729094","1193610","2.81",,
"2023-11-30","FTNT","Fortinet, Inc. Common Stock","NNM","12307062","11543828","6798052","1.81",,
"2023-11-30","GD","General Dynamics Corporation","NYSE","2070014","2603132","789371","2.62",,
"2023-11-30","GE","General Electric Company","NYSE","7901987","7825278","3814429","2.07",,
"2023-11-30","GILD","Gilead Sciences, Inc. Common S","NNM","17418359","18127206","5948809","2.93",,
"2023-11-30","GLW","Corning Incorporated","NYSE","7603542","7473103","3569234","2.13",,
"2023-11-30","GM","General Motors Company","NYSE","26306333","32342219","26244202","1.00",,
"2023-11-30","GOOG","Alphabet Inc. Class C Capital","NNM","37253834","34362520","18942081","1.97",,
"2023-11-30","GOOGL","Alphabet Inc. Class A Common S","NNM","48285668","45749594","24860319","1.94",,
"2023-11-30","GS","Goldman Sachs Group Inc.","NYSE","4256321","4092648","1644336","2.59",,
"2023-11-30","GWW","W.W. Grainger, Inc.","NYSE","1198669","1063065","245777","4.88",,
"2023-11-30","HCA","HCA Healthcare, Inc.","NYSE","2116373","2500639","1496608","1.41",,
"2023-11-30","HD","Home Depot, Inc.","NYSE","7675830","8380150","3014225","2.55",,
"2023-11-30","HLT","Hilton Worldwide Holdings Inc.","NYSE","4761536","4803129","1334109","3.57",,
"2023-11-30","HON","Honeywell International Inc. C","NNM","7199524","6284709","2197552","3.28",,
"2023-11-30","HOOD","Robinhood Markets, Inc. Class","NNM","33300550","27778845","10083993","3.30",,
"2023-11-30","HPE","Hewlett Packard Enterprise Com","NYSE","34918180","34662194","12361562","2.82",,
"2023-11-30","HWM","Howmet Aerospace Inc.","NYSE","3323423","2878712","2046276","1.62",,
"2023-11-30","IBKR","Interactive Brokers Group, Inc","NNM","2461270","1849124","1172950","2.10",,
"2023-11-30","IBM","International Business Machine","NYSE","27017373","26240149","3633733","7.44",,
"2023-11-30","ICE","Intercontinental Exchange  Inc","NYSE","4586285","3773709","2558482","1.79",,
"2023-11-30","INTC","Intel Corporation Common Stock","NNM","75606438","71292181","40291274","1.88",,
"2023-11-30","INTU","Intuit Inc. Common Stock","NNM","4167778","4101922","1343506","3.10",,
"2023-11-30","ISRG","Intuitive Surgical, Inc. Commo","NNM","3491001","3453204","1640847","2.13",,
"2023-11-30","ITW","Illinois Tool Works Inc.","NYSE","7943041","7933582","971767","8.17",,
"2023-11-30","JNJ","Johnson & Johnson","NYSE","14998053","13194433","6669555","2.25",,
"2023-11-30","JPM","JPMorgan Chase & Co.","NYSE","17246340","17181105","7055408","2.44",,
"2023-11-30","KKR","KKR & Co. Inc.","NYSE","7257321","7824093","3883358","1.87",,
"2023-11-30","KLAC","KLA Corporation Common Stock","NNM","2578013","2358262","1005771","2.56",,
"2023-11-30","KMI","Kinder Morgan, Inc.","NYSE","32351020","30548860","12850094","2.52",,
"2023-11-30","KO","Coca-Cola Company","NYSE","21890949","23588443","13755305","1.59",,
"2023-11-30","LIN","Linde plc Ordinary Shares","NNM","3329562","3338059","1521130","2.19",,
"2023-11-30","LLY","Eli Lilly & Co.","NYSE","5520000","5844896","2572798","2.15",,
"2023-11-30","LMT","Lockheed Martin Corp.","NYSE","2131992","2146725","1054156","2.02",,
"2023-11-30","LOW","Lowe's Companies Inc.","NYSE","9423129","9499059","2945605","3.20",,
"2023-11-30","LRCX","Lam Research Corporation Commo","NNM","2354939","2768665","856444","2.75",,
"2023-11-30","MA","Mastercard Incorporated","NYSE","4340876","4708776","2445039","1.78",,
"2023-11-30","MAR","Marriott International Class A","NNM","7031988","6258460","1235492","5.69",,
"2023-11-30","MCD","McDonald's Corporation","NYSE","7742120","7063802","2951058","2.62",,
"2023-11-30","MCK","McKesson Corporation","NYSE","1620749","1679411","871794","1.86",,
"2023-11-30","MCO","Moody's Corporation","NYSE","1880690","2277313","1017921","1.85",,
"2023-11-30","MDLZ","Mondelez International, Inc. C","NNM","14497096","15571439","5613945","2.58",,
"2023-11-30","MDT","Medtronic plc","NYSE","8731749","8681488","6676985","1.31",,
"2023-11-30","META","Meta Platforms, Inc. Class A C","NNM","28464281","31598809","14522646","1.96",,
"2023-11-30","MMM","3M Company","NYSE","5893441","10607642","3636802","1.62",,
"2023-11-30","MNST","Monster Beverage Corporation","NNM","12485447","13742161","6392270","1.95",,
"2023-11-30","MO","Altria Group, Inc.","NYSE","13850825","15131704","6900310","2.01",,
"2023-11-30","MPC","MARATHON PETROLEUM CORPORATION","NYSE","10465179","9887447","2850177","3.67",,
"2023-11-30","MPWR","Monolithic Power Systems, Inc.","NNM","1271534","1294283","333163","3.82",,
"2023-11-30","MRK","Merck & Co., Inc.","NYSE","16691624","18021513","9408394","1.77",,
"2023-11-30","MRVL","Marvell Technology, Inc. Commo","NNM","17207381","15529587","8808529","1.95",,
"2023-11-30","MS","Morgan Stanley","NYSE","17829279","21129138","6496228","2.74",,
"2023-11-30","MSFT","Microsoft Corporation Common S","NNM","49279547","47353456","28204617","1.75",,
"2023-11-30","MSI","Motorola Solutions, Inc. New","NYSE","1265847","1238126","631534","2.00",,
"2023-11-30","MU","Micron Technology, Inc. Common","NNM","19379586","20474734","12361172","1.57",,
"2023-11-30","NEE","Nextra Energy, Inc.","NYSE","20110889","22072367","10756020","1.87",,
"2023-11-30","NEM","Newmont Corporation","NYSE","20902093","30578394","12844851","1.63",,
"2023-11-30","NET","Cloudflare, Inc. Class A commo","NYSE","18570478","20267363","3270901","5.68",,
"2023-11-30","NFLX","Netflix, Inc. Common Stock","NNM","10053621","9983597","3065016","3.28",,
"2023-11-30","NKE","Nike, Inc.","NYSE","15159568","17193517","6383293","2.37",,
"2023-11-30","NOC","Northrop Grumman Corp.","NYSE","1548555","1557201","506261","3.06",,
"2023-11-30","NOW","SERVICENOW, INC.","NYSE","2892840","3066455","1101398","2.63",,
"2023-11-30","NSC","Norfolk Southern Corp.","NYSE","3125011","2738822","1244835","2.51",,
"2023-11-30","NVDA","NVIDIA Corporation Common Stoc","NNM","24938360","27551755","45157514","1.00",,
"2023-11-30","ORCL","Oracle Corp","NYSE","16090880","17038879","5776752","2.79",,
"2023-11-30","ORLY","O'Reilly Automotive, Inc. Comm","NNM","1263584","1458589","326553","3.87",,
"2023-11-30","PANW","Palo Alto Networks, Inc. Commo","NNM","17884026","18339071","6362213","2.81",,
"2023-11-30","PCAR","PACCAR Inc. Common Stock","NNM","6348095","5408663","1789536","3.55",,
"2023-11-30","PEP","PepsiCo, Inc. Common Stock","NNM","15796892","15414411","4434130","3.56",,
"2023-11-30","PFE","Pfizer Inc.","NYSE","56935879","57497598","26929060","2.11",,
"2023-11-30","PG","Procter & Gamble Company","NYSE","13725567","13911851","6400600","2.14",,
"2023-11-30","PGR","Progressive Corporation","NYSE","4098238","4441965","1978663","2.07",,
"2023-11-30","PH","Parker-Hannifin Corporation","NYSE","1003004","914507","532101","1.88",,
"2023-11-30","PLD","PROLOGIS, INC.","NYSE","10143097","10044549","3385985","3.00",,
"2023-11-30","PLTR","Palantir Technologies Inc. Cla","NYSE","121147902","146736470","65634516","1.85",,
"2023-11-30","PM","Philip Morris International In","NYSE","4975781","5357881","3278856","1.52",,
"2023-11-30","PNC","PNC Financial Services Group","NYSE","5068227","5151716","1733406","2.92",,
"2023-11-30","PSX","PHILLIPS 66","NYSE","9209369","7818741","3661124","2.52",,
"2023-11-30","PWR","Quanta Services, Inc.","NYSE","4132685","4400118","998616","4.14",,
"2023-11-30","QCOM","QUALCOMM Incorporated Common S","NNM","14820995","17990952","8943882","1.66",,
"2023-11-30","RCL","Royal Caribbean Group","NYSE","16057364","16929080","2496676","6.43",,
"2023-11-30","REGN","Regeneron Pharmaceuticals, Inc","NNM","1227632","1399746","430109","2.85",,
"2023-11-30","ROST","Ross Stores, Inc. Common Stock","NNM","3857626","4008506","2952351","1.31",,
"2023-11-30","RSG","Republic Services Inc.","NYSE","2141102","2208102","1031336","2.08",,
"2023-11-30","RTX","RTX Corporation","NYSE","75662809","89752211","7202428","10.51",,
"2023-11-30","SBUX","Starbucks Corporation Common S","NNM","14117241","11297603","7255369","1.95",,
"2023-11-30","SCCO","Southern Copper Corporation","NYSE","5998200","5452002","1083385","5.54",,
"2023-11-30","SCHW","The Charles Schwab Corporation","NYSE","21406271","19952882","9268969","2.31",,
"2023-11-30","SHW","The Sherwin-Williams Company","NYSE","3361444","3000409","1270136","2.65",,
"2023-11-30","SNOW","Snowflake Inc.","NYSE","9864468","9573211","5753449","1.71",,
"2023-11-30","SNPS","Synopsys, Inc. Common Stock","NNM","2081093","1907794","867130","2.40",,
"2023-11-30","SO","The Southern Company","NYSE","12195756","11717553","4050416","3.01",,
"2023-11-30","SPCX","The SPAC and New Issue ETF","NNM","6905","6847","1091","6.33",,
"2023-11-30","SPG","Simon Property Group, Inc.","NYSE","4207608","4272980","1247797","3.37",,
"2023-11-30","SPGI","S&P Global Inc.","NYSE","4527469","5111405","1173510","3.86",,
"2023-11-30","SYK","Stryker Corporation","NYSE","3708768","3716288","1090768","3.40",,
"2023-11-30","T","AT&T Inc.","NYSE","103643917","107365923","27516203","3.77",,
"2023-11-30","TDG","TransDigm Group Incorporated","NYSE","1154678","1230499","209915","5.50",,
"2023-11-30","TFC","Truist Financial Corporation","NYSE","13980539","10423737","7284758","1.92",,
"2023-11-30","TGT","Target Corporation","NYSE","7825803","7023462","4958566","1.58",,
"2023-11-30","TJX","TJX Companies, Inc. (The)","NYSE","10787377","11813428","6595342","1.64",,
"2023-11-30","TMO","Thermo Fisher Scientific, Inc.","NYSE","2502609","2717167","1654467","1.51",,
"2023-11-30","TMUS","T-Mobile US, Inc. Common Stock","NNM","25122302","27298510","3459253","7.26",,
"2023-11-30","TRV","The Travelers Companies, Inc.","NYSE","2519073","2982499","1197849","2.10",,
"2023-11-30","TSLA","Tesla, Inc. Common Stock","NNM","90328200","92715309","122458065","1.00",,
"2023-11-30","TXN","Texas Instruments Incorporated","NNM","15954631","17433156","4549405","3.51",,
"2023-11-30","UBER","Uber Technologies, Inc.","NYSE","54511377","49994059","22456787","2.43",,
"2023-11-30","UNH","UNITEDHEALTH GROUP INCORPORATE","NYSE","4997366","5946428","3024729","1.65",,
"2023-11-30","UNP","Union Pacific Corp.","NYSE","6614679","6557090","2103166","3.15",,
"2023-11-30","UPS","United Parcel Service, Inc. Cl","NYSE","9678506","10875679","3318908","2.92",,
"2023-11-30","URI","United Rentals, Inc.","NYSE","3496835","3469773","598760","5.84",,
"2023-11-30","USB","U.S. Bancorp","NYSE","26067162","28806464","7469173","3.49",,
"2023-11-30","V","VISA Inc.","NYSE","31341990","30945990","5999588","5.22",,
"2023-11-30","VLO","Valero Energy Corporation","NYSE","10284708","10941013","2717099","3.79",,
"2023-11-30","VRT","Vertiv Holdings Co Class A Com","NYSE","10544950","9846415","8145295","1.29",,
"2023-11-30","VRTX","Vertex Pharmaceuticals Incorpo","NNM","2687898","2507003","1478893","1.82",,
"2023-11-30","VZ","Verizon Communications","NYSE","51404931","53862890","18423702","2.79",,
"2023-11-30","WBD","Warner Bros. Discovery, Inc. S","NNM","90754537","103895741","18796943","4.83",,
"2023-11-30","WDC","Western Digital Corporation Co","NNM","14884915","16159518","5000929","2.98",,
"2023-11-30","WELL","Welltower Inc.","NYSE","7070913","8237486","2658457","2.66",,
"2023-11-30","WFC","Wells Fargo & Co.","NYSE","28182906","29884407","14546477","1.94",,
"2023-11-30","WM","Waste Management, Inc.","NYSE","5210284","5772373","1489555","3.50",,
"2023-11-30","WMB","Williams Companies Inc.","NYSE","23788610","25517065","6200581","3.84",,
"2023-11-30","WMT","Walmart Inc.","NYSE","10450069","13932240","11447922","1.00",,
"2023-11-30","XOM","Exxon Mobil Corporation","NYSE","66357951","63699320","20016771","3.32",,
"2021-01-29","AAPL","Apple Inc. Common Stock","NNM","91862600","99897228","107858922","1.00",,
"2021-01-29","ABBV","ABBVIE INC.","NYSE","14874548","12594868","6420646","2.32",,
"2021-01-29","ABNB","Airbnb, Inc. Class A Common St","NNM","9486141","9184860","7756244","1.22",,
"2021-01-29","ABT","Abbott Laboratories","NYSE","11521609","8902193","5355271","2.15",,
"2021-01-29","ADBE","Adobe Inc. Common Stock","NNM","4914798","4267417","2790194","1.76",,
"2021-01-29","ADI","Analog Devices, Inc. Common St","NNM","29828859","30398057","2979658","10.01",,
"2021-01-29","ADP","Automatic Data Processing, Inc","NNM","4138503","4337946","1915144","2.16",,
"2021-01-29","AEP","American Electric Power Compan","NNM","6538186","7703330","2513429","2.60",,
"2021-01-29","AFL","Aflac Inc.","NYSE","6014933","7707585","3273113","1.84",,
"2021-01-29","AJG","Arthur J. Gallagher & Co.","NYSE","2148094","1698438","817316","2.63",,
"2021-01-29","ALL","The Allstate Corporation","NYSE","3977943","3453594","1537141","2.59",,
"2021-01-29","AMAT","Applied Materials, Inc. Common","NNM","10077531","12490683","7140361","1.41",,
"2021-01-29","AMD","Advanced Micro Devices, Inc. C","NNM","78642593","71347086","48933716","1.61",,
"2021-01-29","AMGN","Amgen Inc. Common Stock","NNM","7562582","7021398","2357928","3.21",,
"2021-01-29","AMT","American Tower Corporation","NYSE","4270529","3931985","2163957","1.97",,
"2021-01-29","AMZN","Amazon.com, Inc. Common Stock","NNM","3315887","3141707","3427424","1.00",,
"2021-01-29","ANET","Arista Networks","NYSE","1557132","2582614","531009","2.93",,
"2021-01-29","AON","Aon plc Class A","NYSE","23572459","22568522","1322207","17.83",,
"2021-01-29","APD","Air Products & Chemicals, Inc.","NYSE","1454509","1740670","885601","1.64",,
"2021-01-29","APH","Amphenol Corporation","NYSE","2149224","1989899","1499518","1.43",,
"2021-01-29","APO","Apollo Global Management, Inc.","NYSE","5517725","5504892","1420013","3.89",,
"2021-01-29","AVGO","Broadcom Inc. Common Stock","NNM","4375359","3912900","1435190","3.05",,
"2021-01-29","AXP","American Express Company","NYSE","8450774","6903715","4801488","1.76",,
"2021-01-29","BA","Boeing Company","NYSE","11695311","10953231","10772042","1.09",,
"2021-01-29","BAC","Bank of America Corporation","NYSE","72544744","81307601","47391614","1.53",,
"2021-01-29","BKNG","Booking Holdings Inc. Common S","NNM","766437","983252","474970","1.61",,
"2021-01-29","BLK","Blackrock, Inc.","NYSE","1745984","1845352","707412","2.47",,
"2021-01-29","BMY","Bristol-Myers Squibb Co.","NYSE","19473576","19732773","10601434","1.84",,
"2021-01-29","BNY","BlackRock New York Municipal I","NYSE","28867","14348","21507","1.34",,
"2021-01-29","BRKA","Berkshire Hathaway Inc.","NYSE","592","329","335","1.77",,
"2021-01-29","BRKB","BERKSHIRE HATHAWAY Class B","NYSE","11189624","10992891","4709292","2.38",,
"2021-01-29","BSX","Boston Scientific Corp.","NYSE","14377483","15399776","8772157","1.64",,
"2021-01-29","BX","The Blackstone Group Inc. Clas","NYSE","5155613","7405843","3003714","1.72",,
"2021-01-29","C","Citigroup Inc.","NYSE","22221835","26658738","19754040","1.12",,
"2021-01-29","CAT","Caterpillar Inc.","NYSE","4463191","7563255","2524963","1.77",,
"2021-01-29","CCZ","Comcast Holdings Corp. 2.0% Ex","NYSE","456","31","127","3.59",,
"2021-01-29","CDNS","Cadence Design Systems, Inc. C","NNM","2864030","2964805","1194355","2.40",,
"2021-01-29","CI","CIGNA Corporation","NYSE","4515182","4387167","1596822","2.83",,
"2021-01-29","CL","Colgate-Palmolive Company","NYSE","8652098","6655405","5484063","1.58",,
"2021-01-29","CMCSA","Comcast Corporation Class A Co","NNM","78769547","79216510","18282462","4.31",,
"2021-01-29","CME","CME Group Inc. Class A Common","NNM","5862416","6188277","1289019","4.55",,
"2021-01-29","CMI","Cummins Inc.","NYSE","2731819","3029456","1147917","2.38",,
"2021-01-29","COF","Capital One Financial","NYSE","3934314","5489256","4364356","1.00",,
"2021-01-29","COP","ConocoPhillips","NYSE","17173359","49882293","11065700","1.55",,
"2021-01-29","COST","Costco Wholesale Corporation C","NNM","3627240","3594437","2359135","1.54",,
"2021-01-29","CRM","salesforce.com, inc.","NYSE","23220061","24115577","6968887","3.33",,
"2021-01-29","CRWD","CrowdStrike Holdings, Inc. Cla","NNM","10617653","15393246","3447764","3.08",,
"2021-01-29","CSCO","Cisco Systems, Inc. Common Sto","NNM","47755079","43506642","17485322","2.73",,
"2021-01-29","CSX","CSX Corporation Common Stock","NNM","8335085","8849368","4337026","1.92",,
"2021-01-29","CTAS","Cintas Corporation Common Stoc","NNM","941478","852758","431107","2.18",,
"2021-01-29","CVNA","Carvana Co.","NYSE","16560304","18053585","1473592","11.24",,
"2021-01-29","CVS","CVS HEALTH CORPORATION","NYSE","15541988","16552268","4824696","3.22",,
"2021-01-29","CVX","Chevron Corporation","NYSE","14737676","16049088","7818649","1.88",,
"2021-01-29","D","Dominion Energy, Inc Common St","NYSE","7826837","7393315","3310417","2.36",,
"2021-01-29","DASH","DoorDash, Inc.","NYSE","8048443","9805359","2552942","3.15",,
"2021-01-29","DDOG","Datadog, Inc. Class A Common S","NNM","16522044","16108538","3153848","5.24",,
"2021-01-29","DE","Deere & Company","NYSE","2220684","2603135","1375215","1.61",,
"2021-01-29","DELL","Dell Technologies Inc.","NYSE","5583062","5627627","1968326","2.84",,
"2021-01-29","DHR","Danaher Corporation","NYSE","4915449","5115389","2277927","2.16",,
"2021-01-29","DIS","The Walt Disney Company","NYSE","18442384","18616363","9292264","1.98",,
"2021-01-29","DLR","Digital Realty Trust, Inc.","NYSE","6462725","5714877","1635338","3.95",,
"2021-01-29","DUK","Duke Energy Corporation","NYSE","7218999","6524741","2191567","3.29",,
"2021-01-29","ECL","Ecolab, Inc.","NYSE","2070651","2081345","803658","2.58",,
"2021-01-29","EMR","Emerson Electric Co.","NYSE","7618986","7650948","2344719","3.25",,
"2021-01-29","EOG","EOG Resources, Inc.","NYSE","10658647","11347751","4753605","2.24",,
"2021-01-29","EPD","Enterprise Products Partners L","NYSE","28625525","34816087","9591898","2.98",,
"2021-01-29","EQIX","Equinix, Inc. Common Stock REI","NNM","984716","960890","380426","2.59",,
"2021-01-29","FCX","Freeport-McMoran Inc.","NYSE","17248341","17746444","21967398","1.00",,
"2021-01-29","FDX","FedEx Corporation","NYSE","3103481","3297342","1875581","1.65",,
"2021-01-29","FTNT","Fortinet, Inc. Common Stock","NNM","2726036","2911029","645593","4.22",,
"2021-01-29","GD","General Dynamics Corporation","NYSE","3441149","4154302","1431054","2.40",,
"2021-01-29","GE","General Electric Company","NYSE","90320965","88549570","87615603","1.03",,
"2021-01-29","GILD","Gilead Sciences, Inc. Common S","NNM","21576565","22373677","8328511","2.59",,
"2021-01-29","GLW","Corning Incorporated","NYSE","7666777","9708023","4360585","1.76",,
"2021-01-29","GM","General Motors Company","NYSE","17800778","18717524","34748400","1.00",,
"2021-01-29","GOOG","Alphabet Inc. Class C Capital","NNM","2526518","2145805","1697156","1.49",,
"2021-01-29","GOOGL","Alphabet Inc. Class A Common S","NNM","2854707","2455331","2306003","1.24",,
"2021-01-29","GS","Goldman Sachs Group Inc.","NYSE","4267197","5309833","3572148","1.19",,
"2021-01-29","GWW","W.W. Grainger, Inc.","NYSE","623942","839561","351370","1.78",,
"2021-01-29","HCA","HCA Healthcare, Inc.","NYSE","2446155","3084947","1196122","2.05",,
"2021-01-29","HD","Home Depot, Inc.","NYSE","8404491","7656949","3368383","2.50",,
"2021-01-29","HLT","Hilton Worldwide Holdings Inc.","NYSE","9554792","10465838","3172532","3.01",,
"2021-01-29","HON","Honeywell International, Inc.","NYSE","5134075","5271564","2899756","1.77",,
"2021-01-29","HPE","Hewlett Packard Enterprise Com","NYSE","25254044","25745984","8677965","2.91",,
"2021-01-29","HWM","Howmet Aerospace Inc.","NYSE","4982290","6623244","5028464","1.00",,
"2021-01-29","IBKR","Interactive Brokers Group, Inc","NNM","2548616","2461445","1019624","2.50",,
"2021-01-29","IBM","International Business Machine","NYSE","26828008","26222888","11832346","2.27",,
"2021-01-29","ICE","Intercontinental Exchange  Inc","NYSE","4725581","5930871","2035428","2.32",,
"2021-01-29","INTC","Intel Corporation Common Stock","NNM","57827154","52785556","47566097","1.22",,
"2021-01-29","INTU","Intuit Inc. Common Stock","NNM","1903967","1735067","1336778","1.42",,
"2021-01-29","ISRG","Intuitive Surgical, Inc. Commo","NNM","1295694","1520938","782290","1.66",,
"2021-01-29","ITW","Illinois Tool Works Inc.","NYSE","3465058","3472859","789543","4.39",,
"2021-01-29","JNJ","Johnson & Johnson","NYSE","15591339","13455557","8682112","1.80",,
"2021-01-29","JPM","JPMorgan Chase & Co.","NYSE","20806258","25926892","13234119","1.57",,
"2021-01-29","KKR","KKR & Co. Inc.","NYSE","7091850","7871561","1965140","3.61",,
"2021-01-29","KLAC","KLA Corporation Common Stock","NNM","2036822","2500780","942857","2.16",,
"2021-01-29","KMI","Kinder Morgan, Inc.","NYSE","38810336","36857501","16688380","2.33",,
"2021-01-29","KO","Coca-Cola Company","NYSE","22717639","19948775","17289547","1.31",,
"2021-01-29","LIN","Linde plc Ordinary Share","NYSE","3334114","3178071","1653967","2.02",,
"2021-01-29","LLY","Eli Lilly & Co.","NYSE","6665505","5763791","5919501","1.13",,
"2021-01-29","LMT","Lockheed Martin Corp.","NYSE","2766826","2881932","1893398","1.46",,
"2021-01-29","LOW","Lowe's Companies Inc.","NYSE","7519637","9093957","3706489","2.03",,
"2021-01-29","LRCX","Lam Research Corporation Commo","NNM","1877095","2889541","1568377","1.20",,
"2021-01-29","MA","Mastercard Incorporated","NYSE","5787013","5063601","4572963","1.27",,
"2021-01-29","MAR","Marriott International Class A","NNM","6996355","7055247","2369045","2.95",,
"2021-01-29","MCD","McDonald's Corporation","NYSE","5732849","5109524","3185658","1.80",,
"2021-01-29","MCK","McKesson Corporation","NYSE","1996106","1992011","757888","2.63",,
"2021-01-29","MCO","Moody's Corporation","NYSE","2169807","2458104","768609","2.82",,
"2021-01-29","MDLZ","Mondelez International, Inc. C","NNM","11131166","10645699","5792716","1.92",,
"2021-01-29","MDT","Medtronic plc","NYSE","7353535","6628179","3688489","1.99",,
"2021-01-29","MMM","3M Company","NYSE","7788314","8139533","3596239","2.17",,
"2021-01-29","MNST","Monster Beverage Corporation","NNM","5165434","5633568","1707762","3.02",,
"2021-01-29","MO","Altria Group, Inc.","NYSE","11748824","12732030","6812273","1.72",,
"2021-01-29","MPC","MARATHON PETROLEUM CORPORATION","NYSE","31276775","35060589","5340261","5.86",,
"2021-01-29","MPWR","Monolithic Power Systems, Inc.","NNM","618509","710788","268258","2.31",,
"2021-01-29","MRK","Merck & Co., Inc.","NYSE","18576792","18229409","9007210","2.06",,
"2021-01-29","MRVL","Marvell Technology Group Ltd.","NNM","36703427","34478113","9595920","3.82",,
"2021-01-29","MS","Morgan Stanley","NYSE","28231078","29810335","13211582","2.14",,
"2021-01-29","MSFT","Microsoft Corporation Common S","NNM","44533174","41952779","36773765","1.21",,
"2021-01-29","MSI","Motorola Solutions, Inc. New","NYSE","1640777","1643034","625569","2.62",,
"2021-01-29","MU","Micron Technology, Inc. Common","NNM","21041745","25561527","16796116","1.25",,
"2021-01-29","NEE","Nextra Energy, Inc.","NYSE","23555376","22945736","9276486","2.54",,
"2021-01-29","NEM","Newmont Corporation","NYSE","8704291","7399718","5050683","1.72",,
"2021-01-29","NET","Cloudflare, Inc. Class A commo","NYSE","10563109","11809990","3393729","3.11",,
"2021-01-29","NFLX","Netflix, Inc. Common Stock","NNM","7299279","7191277","10105007","1.00",,
"2021-01-29","NKE","Nike, Inc.","NYSE","12686026","13329338","4969763","2.55",,
"2021-01-29","NOC","Northrop Grumman Corp.","NYSE","2210244","2178294","1061577","2.08",,
"2021-01-29","NOW","SERVICENOW, INC.","NYSE","2341493","1958404","1468192","1.59",,
"2021-01-29","NSC","Norfolk Southern Corp.","NYSE","2160317","2773765","1107816","1.95",,
"2021-01-29","NVDA","NVIDIA Corporation Common Stoc","NNM","6653279","7451193","5759349","1.16",,
"2021-01-29","ORCL","Oracle Corp","NYSE","24454602","24615745","8382594","2.92",,
"2021-01-29","ORLY","O'Reilly Automotive, Inc. Comm","NNM","1124876","1383211","626789","1.79",,
"2021-01-29","PANW","PALO ALTO NETWORKS, INC","NYSE","4609769","4810905","987706","4.67",,
"2021-01-29","PCAR","PACCAR Inc. Common Stock","NNM","4212998","4546665","3036459","1.39",,
"2021-01-29","PEP","PepsiCo, Inc. Common Stock","NNM","10121658","9437883","4446264","2.28",,
"2021-01-29","PFE","Pfizer Inc.","NYSE","63106660","65477974","30940182","2.04",,
"2021-01-29","PG","Procter & Gamble Company","NYSE","13996527","14625569","8040630","1.74",,
"2021-01-29","PGR","Progressive Corporation","NYSE","5228353","4995905","2910738","1.80",,
"2021-01-29","PH","Parker-Hannifin Corporation","NYSE","777743","1165881","937636","1.00",,
"2021-01-29","PLD","PROLOGIS, INC.","NYSE","7815349","7224379","2616058","2.99",,
"2021-01-29","PLTR","Palantir Technologies Inc. Cla","NYSE","61102321","98952816","87343955","1.00",,
"2021-01-29","PM","Philip Morris International In","NYSE","9387552","9226469","4023550","2.33",,
"2021-01-29","PNC","PNC Financial Services Group","NYSE","5234761","6288767","1845791","2.84",,
"2021-01-29","PSX","PHILLIPS 66","NYSE","12164652","11637745","2400076","5.07",,
"2021-01-29","PWR","Quanta Services, Inc.","NYSE","1959014","1830745","873842","2.24",,
"2021-01-29","QCOM","QUALCOMM Incorporated Common S","NNM","13731471","16784019","6350966","2.16",,
"2021-01-29","RCL","Royal Caribbean Group","NYSE","11200564","11556632","3642191","3.08",,
"2021-01-29","REGN","Regeneron Pharmaceuticals, Inc","NNM","1940769","2392877","843812","2.30",,
"2021-01-29","ROST","Ross Stores, Inc. Common Stock","NNM","4699106","4524676","1702034","2.76",,
"2021-01-29","RSG","Republic Services Inc.","NYSE","2242891","2158210","968186","2.32",,
"2021-01-29","RTX","Raytheon Technologies Corporat","NYSE","15497857","12436575","7659910","2.02",,
"2021-01-29","SBUX","Starbucks Corporation Common S","NNM","10872882","11096069","6927832","1.57",,
"2021-01-29","SCCO","Southern Copper Corporation","NYSE","5269647","5184473","761870","6.92",,
"2021-01-29","SCHW","The Charles Schwab Corporation","NYSE","14318360","15739889","7383228","1.94",,
"2021-01-29","SHW","The Sherwin-Williams Company","NYSE","1008851","1031370","394787","2.56",,
"2021-01-29","SNOW","Snowflake Inc.","NYSE","7929369","9273870","2430708","3.26",,
"2021-01-29","SNPS","Synopsys, Inc. Common Stock","NNM","1793388","1608168","625489","2.87",,
"2021-01-29","SO","The Southern Company","NYSE","8081475","7999709","3677190","2.20",,
"2021-01-29","SPCX","The SPAC and New Issue ETF","ARCA","123448","144542","535346","1.00",,
"2021-01-29","SPG","Simon Property Group, Inc.","NYSE","16640034","19726894","3521651","4.73",,
"2021-01-29","SPGI","S&P Global Inc.","NYSE","7828842","7002424","1877301","4.17",,
"2021-01-29","SYK","Stryker Corporation","NYSE","2296579","2549340","1068130","2.15",,
"2021-01-29","T","AT&T Inc.","NYSE","113555497","133167972","40522431","2.80",,
"2021-01-29","TDG","TransDigm Group Incorporated","NYSE","1989183","2048467","328062","6.06",,
"2021-01-29","TFC","Truist Financial Corporation","NYSE","9439196","9367856","4807058","1.96",,
"2021-01-29","TGT","Target Corporation","NYSE","5214646","6662862","3830385","1.36",,
"2021-01-29","TJX","TJX Companies, Inc. (The)","NYSE","9832798","11440272","5799938","1.70",,
"2021-01-29","TMO","Thermo Fisher Scientific, Inc.","NYSE","2946556","2505613","1456391","2.02",,
"2021-01-29","TMUS","T-Mobile US, Inc. Common Stock","NNM","12976538","11965094","3471543","3.74",,
"2021-01-29","TRV","The Travelers Companies, Inc.","NYSE","6211262","6048133","1500048","4.14",,
"2021-01-29","TSLA","Tesla, Inc. Common Stock","NNM","52379526","56367815","23224100","2.26",,
"2021-01-29","TXN","Texas Instruments Incorporated","NNM","12047900","12297103","5038885","2.39",,
"2021-01-29","UBER","Uber Technologies, Inc.","NYSE","56059477","53076559","21647308","2.59",,
"2021-01-29","UNH","UNITEDHEALTH GROUP INCORPORATE","NYSE","6544195","6215303","2805403","2.33",,
"2021-01-29","UNP","Union Pacific Corp.","NYSE","5376610","5763792","3622115","1.48",,
"2021-01-29","UPS","United Parcel Service, Inc. Cl","NYSE","7034718","6814834","2776652","2.53",,
"2021-01-29","URI","United Rentals, Inc.","NYSE","3627245","4190355","641144","5.66",,
"2021-01-29","USB","U.S. Bancorp","NYSE","15948295","14648835","9326951","1.71",,
"2021-01-29","V","VISA Inc.","NYSE","27143337","31595470","9998137","2.71",,
"2021-01-29","VLO","Valero Energy Corporation","NYSE","9260741","9657108","3177768","2.91",,
"2021-01-29","VRT","Vertiv Holdings Co Class A Com","NYSE","11858158","6713776","5351013","2.22",,
"2021-01-29","VRTX","Vertex Pharmaceuticals Incorpo","NNM","3472973","3292565","1559771","2.23",,
"2021-01-29","VZ","Verizon Communications","NYSE","41842368","39694938","21143395","1.98",,
"2021-01-29","WDC","Western Digital Corporation Co","NNM","6739056","8616511","4256061","1.58",,
"2021-01-29","WELL","Welltower Inc.","NYSE","5548737","8452225","2153730","2.58",,
"2021-01-29","WFC","Wells Fargo & Co.","NYSE","48054434","46388895","28543984","1.68",,
"2021-01-29","WM","Waste Management, Inc.","NYSE","3362282","3845057","1723316","1.95",,
"2021-01-29","WMB","Williams Companies Inc.","NYSE","20723884","24132614","8430146","2.46",,
"2021-01-29","WMT","Walmart Inc.","NYSE","15041336","15011652","6212703","2.42",,
"2021-01-29","XOM","Exxon Mobil Corporation","NYSE","47018096","44213065","23038738","2.04",,
"2021-01-15","AAPL","Apple Inc. Common Stock","NNM","99897228","91091816","98147149","1.02",,
"2021-01-15","ABBV","ABBVIE INC.","NYSE","12594868","13334764","7144541","1.76",,
"2021-01-15","ABNB","Airbnb, Inc. Class A Common St","NNM","9184860","7958628","5897641","1.56",,
"2021-01-15","ABT","Abbott Laboratories","NYSE","8902193","9936629","4525960","1.97",,
"2021-01-15","ADBE","Adobe Inc. Common Stock","NNM","4267417","4509385","2576103","1.66",,
"2021-01-15","ADI","Analog Devices, Inc. Common St","NNM","30398057","28259228","2312004","13.15",,
"2021-01-15","ADP","Automatic Data Processing, Inc","NNM","4337946","4488506","1817955","2.39",,
"2021-01-15","AEP","American Electric Power Compan","NNM","7703330","7949472","3488252","2.21",,
"2021-01-15","AFL","Aflac Inc.","NYSE","7707585","6336641","3188432","2.42",,
"2021-01-15","AJG","Arthur J. Gallagher & Co.","NYSE","1698438","1483089","711733","2.39",,
"2021-01-15","ALL","The Allstate Corporation","NYSE","3453594","3709251","1512634","2.28",,
"2021-01-15","AMAT","Applied Materials, Inc. Common","NNM","12490683","10587468","7544785","1.66",,
"2021-01-15","AMD","Advanced Micro Devices, Inc. C","NNM","71347086","60682386","45035302","1.58",,
"2021-01-15","AMGN","Amgen Inc. Common Stock","NNM","7021398","6958047","2280392","3.08",,
"2021-01-15","AMT","American Tower Corporation","NYSE","3931985","4705226","2454720","1.60",,
"2021-01-15","AMZN","Amazon.com, Inc. Common Stock","NNM","3141707","3293474","3205251","1.00",,
"2021-01-15","ANET","Arista Networks","NYSE","2582614","2484628","655284","3.94",,
"2021-01-15","AON","Aon plc Class A","NYSE","22568522","21472400","1428891","15.79",,
"2021-01-15","APD","Air Products & Chemicals, Inc.","NYSE","1740670","1165975","1199592","1.45",,
"2021-01-15","APH","Amphenol Corporation","NYSE","1989899","1862755","854722","2.33",,
"2021-01-15","APO","Apollo Global Management, Inc.","NYSE","5504892","4881538","1073187","5.13",,
"2021-01-15","AVGO","Broadcom Inc. Common Stock","NNM","3912900","3772852","1507058","2.60",,
"2021-01-15","AXP","American Express Company","NYSE","6903715","6294562","3614297","1.91",,
"2021-01-15","BA","Boeing Company","NYSE","10953231","10606246","13602696","1.00",,
"2021-01-15","BAC","Bank of America Corporation","NYSE","81307601","73549567","53771561","1.51",,
"2021-01-15","BKNG","Booking Holdings Inc. Common S","NNM","983252","1080631","276087","3.56",,
"2021-01-15","BLK","Blackrock, Inc.","NYSE","1845352","1607127","684683","2.70",,
"2021-01-15","BMY","Bristol-Myers Squibb Co.","NYSE","19732773","15015112","11416391","1.73",,
"2021-01-15","BNY","BlackRock New York Municipal I","NYSE","14348","14547","18194","1.00",,
"2021-01-15","BRKA","Berkshire Hathaway Inc.","NYSE","329","329","295","1.12",,
"2021-01-15","BRKB","BERKSHIRE HATHAWAY Class B","NYSE","10992891","10518988","4935420","2.23",,
"2021-01-15","BSX","Boston Scientific Corp.","NYSE","15399776","15069983","10369486","1.49",,
"2021-01-15","BX","The Blackstone Group Inc. Clas","NYSE","7405843","8619077","2458881","3.01",,
"2021-01-15","C","Citigroup Inc.","NYSE","26658738","24104054","21278851","1.25",,
"2021-01-15","CAT","Caterpillar Inc.","NYSE","7563255","7174379","3417966","2.21",,
"2021-01-15","CCZ","Comcast Holdings Corp. 2.0% Ex","NYSE","31","86","233","1.00",,
"2021-01-15","CDNS","Cadence Design Systems, Inc. C","NNM","2964805","2950693","1636862","1.81",,
"2021-01-15","CI","CIGNA Corporation","NYSE","4387167","3556114","1890196","2.32",,
"2021-01-15","CL","Colgate-Palmolive Company","NYSE","6655405","8370579","4234216","1.57",,
"2021-01-15","CMCSA","Comcast Corporation Class A Co","NNM","79216510","77143602","17929898","4.42",,
"2021-01-15","CME","CME Group Inc. Class A Common","NNM","6188277","5440684","1845412","3.35",,
"2021-01-15","CMI","Cummins Inc.","NYSE","3029456","2713453","1040575","2.91",,
"2021-01-15","COF","Capital One Financial","NYSE","5489256","4795506","3008275","1.82",,
"2021-01-15","COP","ConocoPhillips","NYSE","49882293","42833997","9967581","5.00",,
"2021-01-15","COST","Costco Wholesale Corporation C","NNM","3594437","3854765","2336217","1.54",,
"2021-01-15","CRM","salesforce.com, inc.","NYSE","24115577","21828321","7584147","3.18",,
"2021-01-15","CRWD","CrowdStrike Holdings, Inc. Cla","NNM","15393246","15156773","3880818","3.97",,
"2021-01-15","CSCO","Cisco Systems, Inc. Common Sto","NNM","43506642","40847702","18938064","2.30",,
"2021-01-15","CSX","CSX Corporation Common Stock","NNM","8849368","8115064","3677357","2.41",,
"2021-01-15","CTAS","Cintas Corporation Common Stoc","NNM","852758","815918","490343","1.74",,
"2021-01-15","CVNA","Carvana Co.","NYSE","18053585","17629322","1502773","12.01",,
"2021-01-15","CVS","CVS HEALTH CORPORATION","NYSE","16552268","17064828","7237048","2.29",,
"2021-01-15","CVX","Chevron Corporation","NYSE","16049088","14037222","10224339","1.57",,
"2021-01-15","D","Dominion Energy, Inc Common St","NYSE","7393315","7700854","3273513","2.26",,
"2021-01-15","DASH","DoorDash, Inc.","NYSE","9805359","8821702","3095440","3.17",,
"2021-01-15","DDOG","Datadog, Inc. Class A Common S","NNM","16108538","15345237","2946759","5.47",,
"2021-01-15","DE","Deere & Company","NYSE","2603135","2167929","1724702","1.51",,
"2021-01-15","DELL","Dell Technologies Inc.","NYSE","5627627","5947386","2808585","2.00",,
"2021-01-15","DHR","Danaher Corporation","NYSE","5115389","4897145","2594668","1.97",,
"2021-01-15","DIS","The Walt Disney Company","NYSE","18616363","20863165","7451612","2.50",,
"2021-01-15","DLR","Digital Realty Trust, Inc.","NYSE","5714877","6400559","1620610","3.53",,
"2021-01-15","DUK","Duke Energy Corporation","NYSE","6524741","6583208","2554048","2.55",,
"2021-01-15","ECL","Ecolab, Inc.","NYSE","2081345","2114049","842945","2.47",,
"2021-01-15","EMR","Emerson Electric Co.","NYSE","7650948","7368386","2176713","3.51",,
"2021-01-15","EOG","EOG Resources, Inc.","NYSE","11347751","10944471","4658267","2.44",,
"2021-01-15","EPD","Enterprise Products Partners L","NYSE","34816087","32234180","8867965","3.93",,
"2021-01-15","EQIX","Equinix, Inc. Common Stock REI","NNM","960890","1058056","479702","2.00",,
"2021-01-15","FCX","Freeport-McMoran Inc.","NYSE","17746444","17160742","24049629","1.00",,
"2021-01-15","FDX","FedEx Corporation","NYSE","3297342","2773070","3458726","1.00",,
"2021-01-15","FTNT","Fortinet, Inc. Common Stock","NNM","2911029","3023088","1138236","2.56",,
"2021-01-15","GD","General Dynamics Corporation","NYSE","4154302","3870250","1374955","3.02",,
"2021-01-15","GE","General Electric Company","NYSE","88549570","89745925","71500307","1.24",,
"2021-01-15","GILD","Gilead Sciences, Inc. Common S","NNM","22373677","21572372","9579665","2.34",,
"2021-01-15","GLW","Corning Incorporated","NYSE","9708023","9896026","4134021","2.35",,
"2021-01-15","GM","General Motors Company","NYSE","18717524","15685325","26440689","1.00",,
"2021-01-15","GOOG","Alphabet Inc. Class C Capital","NNM","2145805","1787813","1474832","1.45",,
"2021-01-15","GOOGL","Alphabet Inc. Class A Common S","NNM","2455331","2512968","1485800","1.65",,
"2021-01-15","GS","Goldman Sachs Group Inc.","NYSE","5309833","4379858","3404365","1.56",,
"2021-01-15","GWW","W.W. Grainger, Inc.","NYSE","839561","765843","334155","2.51",,
"2021-01-15","HCA","HCA Healthcare, Inc.","NYSE","3084947","3786271","1320029","2.34",,
"2021-01-15","HD","Home Depot, Inc.","NYSE","7656949","7674350","3672379","2.09",,
"2021-01-15","HLT","Hilton Worldwide Holdings Inc.","NYSE","10465838","9675976","2163888","4.84",,
"2021-01-15","HON","Honeywell International, Inc.","NYSE","5271564","4961406","2383031","2.21",,
"2021-01-15","HPE","Hewlett Packard Enterprise Com","NYSE","25745984","24545330","8300580","3.10",,
"2021-01-15","HWM","Howmet Aerospace Inc.","NYSE","6623244","7338439","2750308","2.41",,
"2021-01-15","IBKR","Interactive Brokers Group, Inc","NNM","2461445","2180959","874212","2.82",,
"2021-01-15","IBM","International Business Machine","NYSE","26222888","24592416","5296699","4.95",,
"2021-01-15","ICE","Intercontinental Exchange  Inc","NYSE","5930871","5071002","2201161","2.69",,
"2021-01-15","INTC","Intel Corporation Common Stock","NNM","52785556","68235196","44496793","1.19",,
"2021-01-15","INTU","Intuit Inc. Common Stock","NNM","1735067","2010601","1174208","1.48",,
"2021-01-15","ISRG","Intuitive Surgical, Inc. Commo","NNM","1520938","1477572","513664","2.96",,
"2021-01-15","ITW","Illinois Tool Works Inc.","NYSE","3472859","3671933","882604","3.93",,
"2021-01-15","JNJ","Johnson & Johnson","NYSE","13455557","13462341","7621956","1.77",,
"2021-01-15","JPM","JPMorgan Chase & Co.","NYSE","25926892","19745117","15680056","1.65",,
"2021-01-15","KKR","KKR & Co. Inc.","NYSE","7871561","7276978","2167848","3.63",,
"2021-01-15","KLAC","KLA Corporation Common Stock","NNM","2500780","2618592","1128153","2.22",,
"2021-01-15","KMI","Kinder Morgan, Inc.","NYSE","36857501","30571871","17891393","2.06",,
"2021-01-15","KO","Coca-Cola Company","NYSE","19948775","25146216","25857607","1.00",,
"2021-01-15","LIN","Linde plc Ordinary Share","NYSE","3178071","3598678","1670581","1.90",,
"2021-01-15","LLY","Eli Lilly & Co.","NYSE","5763791","5198496","4586977","1.26",,
"2021-01-15","LMT","Lockheed Martin Corp.","NYSE","2881932","2835151","2035917","1.42",,
"2021-01-15","LOW","Lowe's Companies Inc.","NYSE","9093957","11355583","3963330","2.29",,
"2021-01-15","LRCX","Lam Research Corporation Commo","NNM","2889541","2712131","1384339","2.09",,
"2021-01-15","MA","Mastercard Incorporated","NYSE","5063601","3851490","3816743","1.33",,
"2021-01-15","MAR","Marriott International Class A","NNM","7055247","6328984","2022684","3.49",,
"2021-01-15","MCD","McDonald's Corporation","NYSE","5109524","5518596","2673055","1.91",,
"2021-01-15","MCK","McKesson Corporation","NYSE","1992011","1201875","1050882","1.90",,
"2021-01-15","MCO","Moody's Corporation","NYSE","2458104","2530618","805449","3.05",,
"2021-01-15","MDLZ","Mondelez International, Inc. C","NNM","10645699","10238855","6610621","1.61",,
"2021-01-15","MDT","Medtronic plc","NYSE","6628179","6601056","3520141","1.88",,
"2021-01-15","MMM","3M Company","NYSE","8139533","7631967","2998937","2.71",,
"2021-01-15","MNST","Monster Beverage Corporation","NNM","5633568","5565923","2532556","2.22",,
"2021-01-15","MO","Altria Group, Inc.","NYSE","12732030","16979932","7288158","1.75",,
"2021-01-15","MPC","MARATHON PETROLEUM CORPORATION","NYSE","35060589","31892352","5929745","5.91",,
"2021-01-15","MPWR","Monolithic Power Systems, Inc.","NNM","710788","1046964","359197","1.98",,
"2021-01-15","MRK","Merck & Co., Inc.","NYSE","18229409","15966088","9262387","1.97",,
"2021-01-15","MRVL","Marvell Technology Group Ltd.","NNM","34478113","31976726","7406295","4.66",,
"2021-01-15","MS","Morgan Stanley","NYSE","29810335","27696049","11051517","2.70",,
"2021-01-15","MSFT","Microsoft Corporation Common S","NNM","41952779","39201229","24345644","1.72",,
"2021-01-15","MSI","Motorola Solutions, Inc. New","NYSE","1643034","1934996","687082","2.39",,
"2021-01-15","MU","Micron Technology, Inc. Common","NNM","25561527","24464923","23658224","1.08",,
"2021-01-15","NEE","Nextra Energy, Inc.","NYSE","22945736","23021973","7825296","2.93",,
"2021-01-15","NEM","Newmont Corporation","NYSE","7399718","6424157","6063239","1.22",,
"2021-01-15","NET","Cloudflare, Inc. Class A commo","NYSE","11809990","11025409","3890478","3.04",,
"2021-01-15","NFLX","Netflix, Inc. Common Stock","NNM","7191277","7521167","3853702","1.87",,
"2021-01-15","NKE","Nike, Inc.","NYSE","13329338","13422922","4098941","3.25",,
"2021-01-15","NOC","Northrop Grumman Corp.","NYSE","2178294","1703881","1179358","1.85",,
"2021-01-15","NOW","SERVICENOW, INC.","NYSE","1958404","2279976","1385302","1.41",,
"2021-01-15","NSC","Norfolk Southern Corp.","NYSE","2773765","2634175","1060730","2.61",,
"2021-01-15","NVDA","NVIDIA Corporation Common Stoc","NNM","7451193","6439494","8780586","1.00",,
"2021-01-15","ORCL","Oracle Corp","NYSE","24615745","29488862","7867772","3.13",,
"2021-01-15","ORLY","O'Reilly Automotive, Inc. Comm","NNM","1383211","1091995","508624","2.72",,
"2021-01-15","PANW","PALO ALTO NETWORKS, INC","NYSE","4810905","5362207","965043","4.99",,
"2021-01-15","PCAR","PACCAR Inc. Common Stock","NNM","4546665","4316142","1169385","3.89",,
"2021-01-15","PEP","PepsiCo, Inc. Common Stock","NNM","9437883","9848067","4324235","2.18",,
"2021-01-15","PFE","Pfizer Inc.","NYSE","65477974","65273968","31616695","2.07",,
"2021-01-15","PG","Procter & Gamble Company","NYSE","14625569","15397563","6639468","2.20",,
"2021-01-15","PGR","Progressive Corporation","NYSE","4995905","4573618","1985063","2.52",,
"2021-01-15","PH","Parker-Hannifin Corporation","NYSE","1165881","1302884","715944","1.63",,
"2021-01-15","PLD","PROLOGIS, INC.","NYSE","7224379","7811184","2910669","2.48",,
"2021-01-15","PLTR","Palantir Technologies Inc. Cla","NYSE","98952816","90744262","32403606","3.05",,
"2021-01-15","PM","Philip Morris International In","NYSE","9226469","8036572","4669235","1.98",,
"2021-01-15","PNC","PNC Financial Services Group","NYSE","6288767","6233463","2059493","3.05",,
"2021-01-15","PSX","PHILLIPS 66","NYSE","11637745","10533896","3011448","3.86",,
"2021-01-15","PWR","Quanta Services, Inc.","NYSE","1830745","1948957","1306074","1.40",,
"2021-01-15","QCOM","QUALCOMM Incorporated Common S","NNM","16784019","16192630","6518260","2.57",,
"2021-01-15","RCL","Royal Caribbean Group","NYSE","11556632","11923920","3396118","3.40",,
"2021-01-15","REGN","Regeneron Pharmaceuticals, Inc","NNM","2392877","2246926","979952","2.44",,
"2021-01-15","ROST","Ross Stores, Inc. Common Stock","NNM","4524676","4383677","1636769","2.76",,
"2021-01-15","RSG","Republic Services Inc.","NYSE","2158210","2130023","964819","2.24",,
"2021-01-15","RTX","Raytheon Technologies Corporat","NYSE","12436575","13807617","6345126","1.96",,
"2021-01-15","SBUX","Starbucks Corporation Common S","NNM","11096069","11781452","4752165","2.33",,
"2021-01-15","SCCO","Southern Copper Corporation","NYSE","5184473","5169368","884605","5.86",,
"2021-01-15","SCHW","The Charles Schwab Corporation","NYSE","15739889","15833904","10061257","1.56",,
"2021-01-15","SHW","The Sherwin-Williams Company","NYSE","1031370","1200689","363233","2.84",,
"2021-01-15","SNOW","Snowflake Inc.","NYSE","9273870","10648369","5577620","1.66",,
"2021-01-15","SNPS","Synopsys, Inc. Common Stock","NNM","1608168","1567622","631327","2.55",,
"2021-01-15","SO","The Southern Company","NYSE","7999709","8786242","3905023","2.05",,
"2021-01-15","SPCX","The SPAC and New Issue ETF","ARCA","144542","30522","152456","1.00",,
"2021-01-15","SPG","Simon Property Group, Inc.","NYSE","19726894","22293037","4508179","4.38",,
"2021-01-15","SPGI","S&P Global Inc.","NYSE","7002424","5998138","1789763","3.91",,
"2021-01-15","SYK","Stryker Corporation","NYSE","2549340","2824545","987896","2.58",,
"2021-01-15","T","AT&T Inc.","NYSE","133167972","129772225","46922198","2.84",,
"2021-01-15","TDG","TransDigm Group Incorporated","NYSE","2048467","2019687","186951","10.96",,
"2021-01-15","TFC","Truist Financial Corporation","NYSE","9367856","9150965","5968346","1.57",,
"2021-01-15","TGT","Target Corporation","NYSE","6662862","5148891","3997262","1.67",,
"2021-01-15","TJX","TJX Companies, Inc. (The)","NYSE","11440272","13737072","5032118","2.27",,
"2021-01-15","TMO","Thermo Fisher Scientific, Inc.","NYSE","2505613","2755389","1729172","1.45",,
"2021-01-15","TMUS","T-Mobile US, Inc. Common Stock","NNM","11965094","11792223","3591233","3.33",,
"2021-01-15","TRV","The Travelers Companies, Inc.","NYSE","6048133","6022454","1090822","5.54",,
"2021-01-15","TSLA","Tesla, Inc. Common Stock","NNM","56367815","60620873","42129010","1.34",,
"2021-01-15","TXN","Texas Instruments Incorporated","NNM","12297103","13334717","3908544","3.15",,
"2021-01-15","UBER","Uber Technologies, Inc.","NYSE","53076559","55117200","24427482","2.17",,
"2021-01-15","UNH","UNITEDHEALTH GROUP INCORPORATE","NYSE","6215303","6246103","3020272","2.06",,
"2021-01-15","UNP","Union Pacific Corp.","NYSE","5763792","5452385","2261035","2.55",,
"2021-01-15","UPS","United Parcel Service, Inc. Cl","NYSE","6814834","7362510","4021096","1.69",,
"2021-01-15","URI","United Rentals, Inc.","NYSE","4190355","4577898","796843","5.26",,
"2021-01-15","USB","U.S. Bancorp","NYSE","14648835","12463790","6282462","2.33",,
"2021-01-15","V","VISA Inc.","NYSE","31595470","30520359","7813752","4.04",,
"2021-01-15","VLO","Valero Energy Corporation","NYSE","9657108","9192609","3493959","2.76",,
"2021-01-15","VRT","Vertiv Holdings Co Class A Com","NYSE","6713776","3632251","4145242","1.62",,
"2021-01-15","VRTX","Vertex Pharmaceuticals Incorpo","NNM","3292565","3373982","1642043","2.01",,
"2021-01-15","VZ","Verizon Communications","NYSE","39694938","36184782","17924711","2.21",,
"2021-01-15","WDC","Western Digital Corporation Co","NNM","8616511","7761414","4721657","1.82",,
"2021-01-15","WELL","Welltower Inc.","NYSE","8452225","9246684","1750493","4.83",,
"2021-01-15","WFC","Wells Fargo & Co.","NYSE","46388895","38427860","40978461","1.13",,
"2021-01-15","WM","Waste Management, Inc.","NYSE","3845057","3593849","1395526","2.76",,
"2021-01-15","WMB","Williams Companies Inc.","NYSE","24132614","24580124","9044714","2.67",,
"2021-01-15","WMT","Walmart Inc.","NYSE","15011652","13798306","7147420","2.10",,
"2021-01-15","XOM","Exxon Mobil Corporation","NYSE","44213065","44056999","30612197","1.44",,
"2020-12-31","AAPL","Apple Inc. Common Stock","NNM","91091816","94721417","105368902","1.00",,
"2020-12-31","ABBV","ABBVIE INC.","NYSE","13334764","13847345","5411795","2.46",,
"2020-12-31","ABNB","Airbnb, Inc. Class A Common St","NNM","7958628","1685381","9395001","1.00",,
"2020-12-31","ABT","Abbott Laboratories","NYSE","9936629","8877368","3537280","2.81",,
"2020-12-31","ADBE","Adobe Inc. Common Stock","NNM","4509385","4910531","1811154","2.49",,
"2020-12-31","ADI","Analog Devices, Inc. Common St","NNM","28259228","28119469","1698020","16.64",,
"2020-12-31","ADP","Automatic Data Processing, Inc","NNM","4488506","3958921","1054059","4.26",,
"2020-12-31","AEP","American Electric Power Compan","NNM","7949472","6102460","3044070","2.61",,
"2020-12-31","AFL","Aflac Inc.","NYSE","6336641","9101459","3479738","1.82",,
"2020-12-31","AJG","Arthur J. Gallagher & Co.","NYSE","1483089","1392508","646022","2.30",,
"2020-12-31","ALL","The Allstate Corporation","NYSE","3709251","4671217","1610961","2.30",,
"2020-12-31","AMAT","Applied Materials, Inc. Common","NNM","10587468","11562472","4983127","2.12",,
"2020-12-31","AMD","Advanced Micro Devices, Inc. C","NNM","60682386","55971654","30159260","2.01",,
"2020-12-31","AMGN","Amgen Inc. Common Stock","NNM","6958047","6912555","2223900","3.13",,
"2020-12-31","AMT","American Tower Corporation","NYSE","4705226","4384599","1811448","2.60",,
"2020-12-31","AMZN","Amazon.com, Inc. Common Stock","NNM","3293474","3040822","3386514","1.00",,
"2020-12-31","ANET","Arista Networks","NYSE","2484628","2483535","499504","4.97",,
"2020-12-31","AON","Aon plc Class A","NYSE","21472400","21176411","1435416","14.96",,
"2020-12-31","APD","Air Products & Chemicals, Inc.","NYSE","1165975","1634383","950288","1.23",,
"2020-12-31","APH","Amphenol Corporation","NYSE","1862755","2343989","964780","1.93",,
"2020-12-31","APO","Apollo Global Management, Inc.","NYSE","4881538","5071486","1005161","4.86",,
"2020-12-31","AVGO","Broadcom Inc. Common Stock","NNM","3772852","3600110","1522112","2.48",,
"2020-12-31","AXP","American Express Company","NYSE","6294562","7817811","2943007","2.14",,
"2020-12-31","BA","Boeing Company","NYSE","10606246","12843212","12566719","1.00",,
"2020-12-31","BAC","Bank of America Corporation","NYSE","73549567","71624561","42608489","1.73",,
"2020-12-31","BKNG","Booking Holdings Inc. Common S","NNM","1080631","971040","266510","4.05",,
"2020-12-31","BLK","Blackrock, Inc.","NYSE","1607127","1526714","581183","2.77",,
"2020-12-31","BMY","Bristol-Myers Squibb Co.","NYSE","15015112","15407668","8359615","1.80",,
"2020-12-31","BNY","BlackRock New York Municipal I","NYSE","14547","12709","17699","1.00",,
"2020-12-31","BRKA","Berkshire Hathaway Inc.","NYSE","329","424","444","1.00",,
"2020-12-31","BRKB","BERKSHIRE HATHAWAY Class B","NYSE","10518988","11716953","6139739","1.71",,
"2020-12-31","BSX","Boston Scientific Corp.","NYSE","15069983","16344806","8908993","1.69",,
"2020-12-31","BX","The Blackstone Group Inc. Clas","NYSE","8619077","8698430","2027944","4.25",,
"2020-12-31","C","Citigroup Inc.","NYSE","24104054","25297486","15555205","1.55",,
"2020-12-31","CAT","Caterpillar Inc.","NYSE","7174379","7564152","2029591","3.53",,
"2020-12-31","CCZ","Comcast Holdings Corp. 2.0% Ex","NYSE","86","246","120040","1.00",,
"2020-12-31","CDNS","Cadence Design Systems, Inc. C","NNM","2950693","2834693","1290831","2.29",,
"2020-12-31","CI","CIGNA Corporation","NYSE","3556114","3631145","1749470","2.03",,
"2020-12-31","CL","Colgate-Palmolive Company","NYSE","8370579","8076435","2394195","3.50",,
"2020-12-31","CMCSA","Comcast Corporation Class A Co","NNM","77143602","75217695","12981620","5.94",,
"2020-12-31","CME","CME Group Inc. Class A Common","NNM","5440684","5781308","1262144","4.31",,
"2020-12-31","CMI","Cummins Inc.","NYSE","2713453","2785865","647798","4.19",,
"2020-12-31","COF","Capital One Financial","NYSE","4795506","4948814","2214272","2.17",,
"2020-12-31","COP","ConocoPhillips","NYSE","42833997","41593279","8066545","5.31",,
"2020-12-31","COST","Costco Wholesale Corporation C","NNM","3854765","3221143","2088782","1.85",,
"2020-12-31","CRM","salesforce.com, inc.","NYSE","21828321","20503946","7336893","2.98",,
"2020-12-31","CRWD","CrowdStrike Holdings, Inc. Cla","NNM","15156773","11584207","5762011","2.63",,
"2020-12-31","CSCO","Cisco Systems, Inc. Common Sto","NNM","40847702","37650698","14806536","2.76",,
"2020-12-31","CSX","CSX Corporation Common Stock","NNM","8115064","9126438","2770190","2.93",,
"2020-12-31","CTAS","Cintas Corporation Common Stoc","NNM","815918","883542","476367","1.71",,
"2020-12-31","CVNA","Carvana Co.","NYSE","17629322","18958403","1370120","12.87",,
"2020-12-31","CVS","CVS HEALTH CORPORATION","NYSE","17064828","15440107","5573543","3.06",,
"2020-12-31","CVX","Chevron Corporation","NYSE","14037222","17401481","9388478","1.50",,
"2020-12-31","D","Dominion Energy, Inc Common St","NYSE","7700854","8945925","4568981","1.69",,
"2020-12-31","DASH","DoorDash, Inc.","NYSE","8821702","3362653","3370270","2.62",,
"2020-12-31","DDOG","Datadog, Inc. Class A Common S","NNM","15345237","14425558","2792228","5.50",,
"2020-12-31","DE","Deere & Company","NYSE","2167929","2421778","1209058","1.79",,
"2020-12-31","DELL","Dell Technologies Inc.","NYSE","5947386","6335888","2420573","2.46",,
"2020-12-31","DHR","Danaher Corporation","NYSE","4897145","4130577","1778585","2.75",,
"2020-12-31","DIS","The Walt Disney Company","NYSE","20863165","19838835","9413440","2.22",,
"2020-12-31","DLR","Digital Realty Trust, Inc.","NYSE","6400559","5716369","1717489","3.73",,
"2020-12-31","DUK","Duke Energy Corporation","NYSE","6583208","5720108","2842888","2.32",,
"2020-12-31","ECL","Ecolab, Inc.","NYSE","2114049","2966963","766894","2.76",,
"2020-12-31","EMR","Emerson Electric Co.","NYSE","7368386","8782981","2099718","3.51",,
"2020-12-31","EOG","EOG Resources, Inc.","NYSE","10944471","12546503","3679181","2.97",,
"2020-12-31","EPD","Enterprise Products Partners L","NYSE","32234180","34863604","7354328","4.38",,
"2020-12-31","EQIX","Equinix, Inc. Common Stock REI","NNM","1058056","1072148","359478","2.94",,
"2020-12-31","FCX","Freeport-McMoran Inc.","NYSE","17160742","20344950","13400222","1.28",,
"2020-12-31","FDX","FedEx Corporation","NYSE","2773070","2987964","4147926","1.00",,
"2020-12-31","FTNT","Fortinet, Inc. Common Stock","NNM","3023088","3285001","1023686","2.95",,
"2020-12-31","GD","General Dynamics Corporation","NYSE","3870250","3528314","1163520","3.33",,
"2020-12-31","GE","General Electric Company","NYSE","89745925","84248325","59906027","1.50",,
"2020-12-31","GILD","Gilead Sciences, Inc. Common S","NNM","21572372","17665809","9462044","2.28",,
"2020-12-31","GLW","Corning Incorporated","NYSE","9896026","10588687","3267894","3.03",,
"2020-12-31","GM","General Motors Company","NYSE","15685325","16950970","11409999","1.37",,
"2020-12-31","GOOG","Alphabet Inc. Class C Capital","NNM","1787813","2325774","1387422","1.29",,
"2020-12-31","GOOGL","Alphabet Inc. Class A Common S","NNM","2512968","2808130","1357511","1.85",,
"2020-12-31","GS","Goldman Sachs Group Inc.","NYSE","4379858","3986307","2783647","1.57",,
"2020-12-31","GWW","W.W. Grainger, Inc.","NYSE","765843","725410","244690","3.13",,
"2020-12-31","HCA","HCA Healthcare, Inc.","NYSE","3786271","4037772","1285284","2.95",,
"2020-12-31","HD","Home Depot, Inc.","NYSE","7674350","7587058","3396777","2.26",,
"2020-12-31","HLT","Hilton Worldwide Holdings Inc.","NYSE","9675976","10996254","2068202","4.68",,
"2020-12-31","HON","Honeywell International, Inc.","NYSE","4961406","6076920","2172717","2.28",,
"2020-12-31","HPE","Hewlett Packard Enterprise Com","NYSE","24545330","23905670","8193485","3.00",,
"2020-12-31","HWM","Howmet Aerospace Inc.","NYSE","7338439","6910248","2848009","2.58",,
"2020-12-31","IBKR","Interactive Brokers Group, Inc","NNM","2180959","2040850","711147","3.07",,
"2020-12-31","IBM","International Business Machine","NYSE","24592416","22915875","3751097","6.56",,
"2020-12-31","ICE","Intercontinental Exchange  Inc","NYSE","5071002","4862435","1750535","2.90",,
"2020-12-31","INTC","Intel Corporation Common Stock","NNM","68235196","73445620","39735329","1.72",,
"2020-12-31","INTU","Intuit Inc. Common Stock","NNM","2010601","2197762","1053609","1.91",,
"2020-12-31","ISRG","Intuitive Surgical, Inc. Commo","NNM","1477572","1464939","432805","3.41",,
"2020-12-31","ITW","Illinois Tool Works Inc.","NYSE","3671933","3674979","784570","4.68",,
"2020-12-31","JNJ","Johnson & Johnson","NYSE","13462341","13013727","6303868","2.14",,
"2020-12-31","JPM","JPMorgan Chase & Co.","NYSE","19745117","21741766","12261148","1.61",,
"2020-12-31","KKR","KKR & Co. Inc.","NYSE","7276978","7508440","2059745","3.53",,
"2020-12-31","KLAC","KLA Corporation Common Stock","NNM","2618592","2776901","797104","3.29",,
"2020-12-31","KMI","Kinder Morgan, Inc.","NYSE","30571871","32193228","15296536","2.00",,
"2020-12-31","KO","Coca-Cola Company","NYSE","25146216","24947473","11295025","2.23",,
"2020-12-31","LIN","Linde plc Ordinary Share","NYSE","3598678","2895145","1243107","2.89",,
"2020-12-31","LLY","Eli Lilly & Co.","NYSE","5198496","6888058","2716110","1.91",,
"2020-12-31","LMT","Lockheed Martin Corp.","NYSE","2835151","2994593","1515890","1.87",,
"2020-12-31","LOW","Lowe's Companies Inc.","NYSE","11355583","16395674","3918823","2.90",,
"2020-12-31","LRCX","Lam Research Corporation Commo","NNM","2712131","3340193","1062594","2.55",,
"2020-12-31","MA","Mastercard Incorporated","NYSE","3851490","5011558","3195608","1.21",,
"2020-12-31","MAR","Marriott International Class A","NNM","6328984","7097368","1553666","4.07",,
"2020-12-31","MCD","McDonald's Corporation","NYSE","5518596","6083841","2642116","2.09",,
"2020-12-31","MCK","McKesson Corporation","NYSE","1201875","1390488","792144","1.52",,
"2020-12-31","MCO","Moody's Corporation","NYSE","2530618","2541675","656494","3.85",,
"2020-12-31","MDLZ","Mondelez International, Inc. C","NNM","10238855","9843332","4904726","2.09",,
"2020-12-31","MDT","Medtronic plc","NYSE","6601056","5647154","3203015","2.06",,
"2020-12-31","MMM","3M Company","NYSE","7631967","7604893","1682366","4.54",,
"2020-12-31","MNST","Monster Beverage Corporation","NNM","5565923","5772940","1302134","4.27",,
"2020-12-31","MO","Altria Group, Inc.","NYSE","16979932","14503128","9369917","1.81",,
"2020-12-31","MPC","MARATHON PETROLEUM CORPORATION","NYSE","31892352","32385677","5245747","6.08",,
"2020-12-31","MPWR","Monolithic Power Systems, Inc.","NNM","1046964","1080073","403715","2.59",,
"2020-12-31","MRK","Merck & Co., Inc.","NYSE","15966088","13586288","8675890","1.84",,
"2020-12-31","MRVL","Marvell Technology Group Ltd.","NNM","31976726","27529739","7925160","4.03",,
"2020-12-31","MS","Morgan Stanley","NYSE","27696049","27755481","7763817","3.57",,
"2020-12-31","MSFT","Microsoft Corporation Common S","NNM","39201229","39913925","25020863","1.57",,
"2020-12-31","MSI","Motorola Solutions, Inc. New","NYSE","1934996","2344636","823107","2.35",,
"2020-12-31","MU","Micron Technology, Inc. Common","NNM","24464923","26043601","10607026","2.31",,
"2020-12-31","NEE","Nextra Energy, Inc.","NYSE","23021973","22283390","5491386","4.19",,
"2020-12-31","NEM","Newmont Corporation","NYSE","6424157","6635061","4526341","1.42",,
"2020-12-31","NET","Cloudflare, Inc. Class A commo","NYSE","11025409","10806917","5277030","2.09",,
"2020-12-31","NFLX","Netflix, Inc. Common Stock","NNM","7521167","8279079","2675245","2.81",,
"2020-12-31","NKE","Nike, Inc.","NYSE","13422922","13762634","6481852","2.07",,
"2020-12-31","NOC","Northrop Grumman Corp.","NYSE","1703881","2157553","920437","1.85",,
"2020-12-31","NOW","SERVICENOW, INC.","NYSE","2279976","2468297","1072587","2.13",,
"2020-12-31","NSC","Norfolk Southern Corp.","NYSE","2634175","2439481","910443","2.89",,
"2020-12-31","NVDA","NVIDIA Corporation Common Stoc","NNM","6439494","5626119","4917253","1.31",,
"2020-12-31","ORCL","Oracle Corp","NYSE","29488862","30807680","12529526","2.35",,
"2020-12-31","ORLY","O'Reilly Automotive, Inc. Comm","NNM","1091995","1327621","521158","2.10",,
"2020-12-31","PANW","PALO ALTO NETWORKS, INC","NYSE","5362207","4262841","1429884","3.75",,
"2020-12-31","PCAR","PACCAR Inc. Common Stock","NNM","4316142","3763170","1109898","3.89",,
"2020-12-31","PEP","PepsiCo, Inc. Common Stock","NNM","9848067","8675206","3202957","3.07",,
"2020-12-31","PFE","Pfizer Inc.","NYSE","65273968","63138417","33619482","1.94",,
"2020-12-31","PG","Procter & Gamble Company","NYSE","15397563","14771019","5930932","2.60",,
"2020-12-31","PGR","Progressive Corporation","NYSE","4573618","6287254","2132254","2.14",,
"2020-12-31","PH","Parker-Hannifin Corporation","NYSE","1302884","1292712","594719","2.19",,
"2020-12-31","PLD","PROLOGIS, INC.","NYSE","7811184","7438047","2478346","3.15",,
"2020-12-31","PLTR","Palantir Technologies Inc. Cla","NYSE","90744262","70602979","48605322","1.87",,
"2020-12-31","PM","Philip Morris International In","NYSE","8036572","9477075","5019418","1.60",,
"2020-12-31","PNC","PNC Financial Services Group","NYSE","6233463","5883100","1658357","3.76",,
"2020-12-31","PSX","PHILLIPS 66","NYSE","10533896","9631436","3231567","3.26",,
"2020-12-31","PWR","Quanta Services, Inc.","NYSE","1948957","2137359","1267651","1.54",,
"2020-12-31","QCOM","QUALCOMM Incorporated Common S","NNM","16192630","17093045","5355035","3.02",,
"2020-12-31","RCL","Royal Caribbean Group","NYSE","11923920","15651737","3516239","3.39",,
"2020-12-31","REGN","Regeneron Pharmaceuticals, Inc","NNM","2246926","1962350","736610","3.05",,
"2020-12-31","ROST","Ross Stores, Inc. Common Stock","NNM","4383677","3488636","1551509","2.83",,
"2020-12-31","RSG","Republic Services Inc.","NYSE","2130023","2393386","960065","2.22",,
"2020-12-31","RTX","Raytheon Technologies Corporat","NYSE","13807617","15475631","5301165","2.60",,
"2020-12-31","SBUX","Starbucks Corporation Common S","NNM","11781452","11177765","4703078","2.51",,
"2020-12-31","SCCO","Southern Copper Corporation","NYSE","5169368","4831828","722442","7.16",,
"2020-12-31","SCHW","The Charles Schwab Corporation","NYSE","15833904","15487422","5676716","2.79",,
"2020-12-31","SHW","The Sherwin-Williams Company","NYSE","1200689","1255293","310699","3.86",,
"2020-12-31","SNOW","Snowflake Inc.","NYSE","10648369","11185850","4181045","2.55",,
"2020-12-31","SNPS","Synopsys, Inc. Common Stock","NNM","1567622","1466401","658752","2.38",,
"2020-12-31","SO","The Southern Company","NYSE","8786242","8723973","2670350","3.29",,
"2020-12-31","SPCX","The SPAC and New Issue ETF","ARCA","30522","0","144904","1.00",,
"2020-12-31","SPG","Simon Property Group, Inc.","NYSE","22293037","24426584","3025777","7.37",,
"2020-12-31","SPGI","S&P Global Inc.","NYSE","5998138","4193865","1510771","3.97",,
"2020-12-31","SYK","Stryker Corporation","NYSE","2824545","2604896","819424","3.45",,
"2020-12-31","T","AT&T Inc.","NYSE","129772225","129045265","41239258","3.15",,
"2020-12-31","TDG","TransDigm Group Incorporated","NYSE","2019687","2085495","211860","9.53",,
"2020-12-31","TFC","Truist Financial Corporation","NYSE","9150965","10297009","4877395","1.88",,
"2020-12-31","TGT","Target Corporation","NYSE","5148891","7650165","3001568","1.72",,
"2020-12-31","TJX","TJX Companies, Inc. (The)","NYSE","13737072","11933495","5691136","2.41",,
"2020-12-31","TMO","Thermo Fisher Scientific, Inc.","NYSE","2755389","2351416","1224416","2.25",,
"2020-12-31","TMUS","T-Mobile US, Inc. Common Stock","NNM","11792223","10658814","2851683","4.14",,
"2020-12-31","TRV","The Travelers Companies, Inc.","NYSE","6022454","5893460","1283692","4.69",,
"2020-12-31","TSLA","Tesla, Inc. Common Stock","NNM","60620873","45227476","53167583","1.14",,
"2020-12-31","TXN","Texas Instruments Incorporated","NNM","13334717","13411830","2812206","4.74",,
"2020-12-31","UBER","Uber Technologies, Inc.","NYSE","55117200","55352424","14706853","3.75",,
"2020-12-31","UNH","UNITEDHEALTH GROUP INCORPORATE","NYSE","6246103","6217027","2614198","2.39",,
"2020-12-31","UNP","Union Pacific Corp.","NYSE","5452385","5626379","1953048","2.79",,
"2020-12-31","UPS","United Parcel Service, Inc. Cl","NYSE","7362510","7075476","3041469","2.42",,
"2020-12-31","URI","United Rentals, Inc.","NYSE","4577898","5041903","593900","7.71",,
"2020-12-31","USB","U.S. Bancorp","NYSE","12463790","13349768","5957997","2.09",,
"2020-12-31","V","VISA Inc.","NYSE","30520359","28304071","6634182","4.60",,
"2020-12-31","VLO","Valero Energy Corporation","NYSE","9192609","11845193","3874819","2.37",,
"2020-12-31","VRT","Vertiv Holdings Co Class A Com","NYSE","3632251","6233321","2291226","1.59",,
"2020-12-31","VRTX","Vertex Pharmaceuticals Incorpo","NNM","3373982","3245216","1193652","2.83",,
"2020-12-31","VZ","Verizon Communications","NYSE","36184782","33476470","14887447","2.43",,
"2020-12-31","WDC","Western Digital Corporation Co","NNM","7761414","7948706","3280426","2.37",,
"2020-12-31","WELL","Welltower Inc.","NYSE","9246684","8625898","2591650","3.57",,
"2020-12-31","WFC","Wells Fargo & Co.","NYSE","38427860","40825756","29347104","1.31",,
"2020-12-31","WM","Waste Management, Inc.","NYSE","3593849","3239079","1218499","2.95",,
"2020-12-31","WMB","Williams Companies Inc.","NYSE","24580124","23184515","7322477","3.36",,
"2020-12-31","WMT","Walmart Inc.","NYSE","13798306","14339854","7468152","1.85",,
"2020-12-31","XOM","Exxon Mobil Corporation","NYSE","44056999","44630327","22441220","1.96",,
"2020-12-15","AAPL","Apple Inc. Common Stock","NNM","94721417","89985311","82286300","1.15",,
"2020-12-15","ABBV","ABBVIE INC.","NYSE","13847345","13270647","5943791","2.33",,
"2020-12-15","ABNB","Airbnb, Inc. Class A Common St","NNM","1685381","0","10368755","1.00",,
"2020-12-15","ABT","Abbott Laboratories","NYSE","8877368","9768079","4668665","1.90",,
"2020-12-15","ADBE","Adobe Inc. Common Stock","NNM","4910531","4392885","2799908","1.75",,
"2020-12-15","ADI","Analog Devices, Inc. Common St","NNM","28119469","26538076","2365947","11.89",,
"2020-12-15","ADP","Automatic Data Processing, Inc","NNM","3958921","4124133","1524654","2.60",,
"2020-12-15","AEP","American Electric Power Compan","NNM","6102460","6215481","2276171","2.68",,
"2020-12-15","AFL","Aflac Inc.","NYSE","9101459","10172235","3247948","2.80",,
"2020-12-15","AJG","Arthur J. Gallagher & Co.","NYSE","1392508","1346224","739543","1.88",,
"2020-12-15","ALL","The Allstate Corporation","NYSE","4671217","4865521","1548000","3.02",,
"2020-12-15","AMAT","Applied Materials, Inc. Common","NNM","11562472","12881497","5372996","2.15",,
"2020-12-15","AMD","Advanced Micro Devices, Inc. C","NNM","55971654","62365940","39529419","1.42",,
"2020-12-15","AMGN","Amgen Inc. Common Stock","NNM","6912555","6512093","2082051","3.32",,
"2020-12-15","AMT","American Tower Corporation","NYSE","4384599","4170577","2656937","1.65",,
"2020-12-15","AMZN","Amazon.com, Inc. Common Stock","NNM","3040822","3020596","3073705","1.00",,
"2020-12-15","ANET","Arista Networks","NYSE","2483535","2936167","496317","5.00",,
"2020-12-15","AON","Aon plc Class A","NYSE","21176411","20324150","1387846","15.26",,
"2020-12-15","APD","Air Products & Chemicals, Inc.","NYSE","1634383","1808681","1134331","1.44",,
"2020-12-15","APH","Amphenol Corporation","NYSE","2343989","2267272","1283750","1.83",,
"2020-12-15","APO","Apollo Global Management, Inc.","NYSE","5071486","6761473","1064859","4.76",,
"2020-12-15","AVGO","Broadcom Inc. Common Stock","NNM","3600110","3558350","1828305","1.97",,
"2020-12-15","AXP","American Express Company","NYSE","7817811","7432680","3526201","2.22",,
"2020-12-15","BA","Boeing Company","NYSE","12843212","11914187","21976481","1.00",,
"2020-12-15","BAC","Bank of America Corporation","NYSE","71624561","73647949","44216813","1.62",,
"2020-12-15","BKNG","Booking Holdings Inc. Common S","NNM","971040","985014","331193","2.93",,
"2020-12-15","BLK","Blackrock, Inc.","NYSE","1526714","1563583","528004","2.89",,
"2020-12-15","BMY","Bristol-Myers Squibb Co.","NYSE","15407668","15298446","8904758","1.73",,
"2020-12-15","BNY","BlackRock New York Municipal I","NYSE","12709","11330","25171","1.00",,
"2020-12-15","BRKA","Berkshire Hathaway Inc.","NYSE","424","162","310","1.37",,
"2020-12-15","BRKB","BERKSHIRE HATHAWAY Class B","NYSE","11716953","12093828","4356897","2.69",,
"2020-12-15","BSX","Boston Scientific Corp.","NYSE","16344806","12222581","15463240","1.06",,
"2020-12-15","BX","The Blackstone Group Inc. Clas","NYSE","8698430","8589462","2109170","4.12",,
"2020-12-15","C","Citigroup Inc.","NYSE","25297486","26174097","20397782","1.24",,
"2020-12-15","CAT","Caterpillar Inc.","NYSE","7564152","6985973","2862966","2.64",,
"2020-12-15","CCZ","Comcast Holdings Corp. 2.0% Ex","NYSE","246","173","147","1.67",,
"2020-12-15","CDNS","Cadence Design Systems, Inc. C","NNM","2834693","2751820","1196487","2.37",,
"2020-12-15","CI","CIGNA Corporation","NYSE","3631145","3550864","1393788","2.61",,
"2020-12-15","CL","Colgate-Palmolive Company","NYSE","8076435","9269573","2678403","3.02",,
"2020-12-15","CMCSA","Comcast Corporation Class A Co","NNM","75217695","85847446","13561919","5.55",,
"2020-12-15","CME","CME Group Inc. Class A Common","NNM","5781308","5248950","1489432","3.88",,
"2020-12-15","CMI","Cummins Inc.","NYSE","2785865","2825770","1213548","2.30",,
"2020-12-15","COF","Capital One Financial","NYSE","4948814","5376501","2725921","1.82",,
"2020-12-15","COP","ConocoPhillips","NYSE","41593279","38774220","12009227","3.46",,
"2020-12-15","COST","Costco Wholesale Corporation C","NNM","3221143","3071072","2593680","1.24",,
"2020-12-15","CRM","salesforce.com, inc.","NYSE","20503946","14588248","16371727","1.25",,
"2020-12-15","CRWD","CrowdStrike Holdings, Inc. Cla","NNM","11584207","10647285","6051836","1.91",,
"2020-12-15","CSCO","Cisco Systems, Inc. Common Sto","NNM","37650698","36001090","16764387","2.25",,
"2020-12-15","CSX","CSX Corporation Common Stock","NNM","9126438","7825553","3727407","2.45",,
"2020-12-15","CTAS","Cintas Corporation Common Stoc","NNM","883542","898911","377401","2.34",,
"2020-12-15","CVNA","Carvana Co.","NYSE","18958403","19122090","1430518","13.25",,
"2020-12-15","CVS","CVS HEALTH CORPORATION","NYSE","15440107","16076198","7366145","2.10",,
"2020-12-15","CVX","Chevron Corporation","NYSE","17401481","16543323","9217839","1.89",,
"2020-12-15","D","Dominion Energy, Inc Common St","NYSE","8945925","8266722","5204220","1.72",,
"2020-12-15","DASH","DoorDash, Inc.","NYSE","3362653","0","4300133","1.00",,
"2020-12-15","DDOG","Datadog, Inc. Class A Common S","NNM","14425558","15933338","2980050","4.84",,
"2020-12-15","DE","Deere & Company","NYSE","2421778","2384681","1491620","1.62",,
"2020-12-15","DELL","Dell Technologies Inc.","NYSE","6335888","6233706","2191199","2.89",,
"2020-12-15","DHR","Danaher Corporation","NYSE","4130577","4708159","2251005","1.83",,
"2020-12-15","DIS","The Walt Disney Company","NYSE","19838835","20089272","17035446","1.16",,
"2020-12-15","DLR","Digital Realty Trust, Inc.","NYSE","5716369","5469692","1792697","3.19",,
"2020-12-15","DUK","Duke Energy Corporation","NYSE","5720108","34929924","2595993","2.20",,
"2020-12-15","ECL","Ecolab, Inc.","NYSE","2966963","2549432","757071","3.92",,
"2020-12-15","EMR","Emerson Electric Co.","NYSE","8782981","9857491","3290048","2.67",,
"2020-12-15","EOG","EOG Resources, Inc.","NYSE","12546503","12768072","6155125","2.04",,
"2020-12-15","EPD","Enterprise Products Partners L","NYSE","34863604","34985104","7026108","4.96",,
"2020-12-15","EQIX","Equinix, Inc. Common Stock REI","NNM","1072148","746528","516373","2.08",,
"2020-12-15","FCX","Freeport-McMoran Inc.","NYSE","20344950","24964462","17377923","1.17",,
"2020-12-15","FDX","FedEx Corporation","NYSE","2987964","3470328","2240200","1.33",,
"2020-12-15","FTNT","Fortinet, Inc. Common Stock","NNM","3285001","3339026","886002","3.71",,
"2020-12-15","GD","General Dynamics Corporation","NYSE","3528314","3545697","1273918","2.77",,
"2020-12-15","GE","General Electric Company","NYSE","84248325","75751710","88318419","1.00",,
"2020-12-15","GILD","Gilead Sciences, Inc. Common S","NNM","17665809","20728411","7155421","2.47",,
"2020-12-15","GLW","Corning Incorporated","NYSE","10588687","9626056","3682154","2.88",,
"2020-12-15","GM","General Motors Company","NYSE","16950970","21462416","11384918","1.49",,
"2020-12-15","GOOG","Alphabet Inc. Class C Capital","NNM","2325774","2366772","1239429","1.88",,
"2020-12-15","GOOGL","Alphabet Inc. Class A Common S","NNM","2808130","2599867","1206419","2.33",,
"2020-12-15","GS","Goldman Sachs Group Inc.","NYSE","3986307","3903204","2044798","1.95",,
"2020-12-15","GWW","W.W. Grainger, Inc.","NYSE","725410","859424","230399","3.15",,
"2020-12-15","HCA","HCA Healthcare, Inc.","NYSE","4037772","4135929","1127677","3.58",,
"2020-12-15","HD","Home Depot, Inc.","NYSE","7587058","6919149","4413467","1.72",,
"2020-12-15","HLT","Hilton Worldwide Holdings Inc.","NYSE","10996254","11296733","1883718","5.84",,
"2020-12-15","HON","Honeywell International, Inc.","NYSE","6076920","4780106","2684568","2.26",,
"2020-12-15","HPE","Hewlett Packard Enterprise Com","NYSE","23905670","27230737","10578907","2.26",,
"2020-12-15","HWM","Howmet Aerospace Inc.","NYSE","6910248","6272758","3599049","1.92",,
"2020-12-15","IBKR","Interactive Brokers Group, Inc","NNM","2040850","2255455","636696","3.21",,
"2020-12-15","IBM","International Business Machine","NYSE","22915875","22028993","4875942","4.70",,
"2020-12-15","ICE","Intercontinental Exchange  Inc","NYSE","4862435","3969741","2441367","1.99",,
"2020-12-15","INTC","Intel Corporation Common Stock","NNM","73445620","50572490","35805778","2.05",,
"2020-12-15","INTU","Intuit Inc. Common Stock","NNM","2197762","2013231","1377183","1.60",,
"2020-12-15","ISRG","Intuitive Surgical, Inc. Commo","NNM","1464939","1452845","485172","3.02",,
"2020-12-15","ITW","Illinois Tool Works Inc.","NYSE","3674979","4634602","1228324","2.99",,
"2020-12-15","JNJ","Johnson & Johnson","NYSE","13013727","13972037","6988408","1.86",,
"2020-12-15","JPM","JPMorgan Chase & Co.","NYSE","21741766","26667698","10739120","2.02",,
"2020-12-15","KKR","KKR & Co. Inc.","NYSE","7508440","9685847","1750977","4.29",,
"2020-12-15","KLAC","KLA Corporation Common Stock","NNM","2776901","2838925","796698","3.49",,
"2020-12-15","KMI","Kinder Morgan, Inc.","NYSE","32193228","28723425","18267113","1.76",,
"2020-12-15","KO","Coca-Cola Company","NYSE","24947473","27597532","14050582","1.78",,
"2020-12-15","LIN","Linde plc Ordinary Share","NYSE","2895145","2467271","1669694","1.73",,
"2020-12-15","LLY","Eli Lilly & Co.","NYSE","6888058","5554299","3894781","1.77",,
"2020-12-15","LMT","Lockheed Martin Corp.","NYSE","2994593","2497119","1423430","2.10",,
"2020-12-15","LOW","Lowe's Companies Inc.","NYSE","16395674","21982666","5686344","2.88",,
"2020-12-15","LRCX","Lam Research Corporation Commo","NNM","3340193","3592628","1386598","2.41",,
"2020-12-15","MA","Mastercard Incorporated","NYSE","5011558","5665924","3036504","1.65",,
"2020-12-15","MAR","Marriott International Class A","NNM","7097368","6884258","1845530","3.85",,
"2020-12-15","MCD","McDonald's Corporation","NYSE","6083841","5180789","3395653","1.79",,
"2020-12-15","MCK","McKesson Corporation","NYSE","1390488","1435426","835263","1.66",,
"2020-12-15","MCO","Moody's Corporation","NYSE","2541675","2423404","728835","3.49",,
"2020-12-15","MDLZ","Mondelez International, Inc. C","NNM","9843332","10329181","5739255","1.72",,
"2020-12-15","MDT","Medtronic plc","NYSE","5647154","6820686","4065382","1.39",,
"2020-12-15","MMM","3M Company","NYSE","7604893","7707047","2379743","3.20",,
"2020-12-15","MNST","Monster Beverage Corporation","NNM","5772940","6651682","1658757","3.48",,
"2020-12-15","MO","Altria Group, Inc.","NYSE","14503128","10417418","10633537","1.36",,
"2020-12-15","MPC","MARATHON PETROLEUM CORPORATION","NYSE","32385677","33755622","5018577","6.45",,
"2020-12-15","MPWR","Monolithic Power Systems, Inc.","NNM","1080073","885207","448962","2.41",,
"2020-12-15","MRK","Merck & Co., Inc.","NYSE","13586288","13500104","7477423","1.82",,
"2020-12-15","MRVL","Marvell Technology Group Ltd.","NNM","27529739","26362176","8954016","3.07",,
"2020-12-15","MS","Morgan Stanley","NYSE","27755481","28436996","9424457","2.95",,
"2020-12-15","MSFT","Microsoft Corporation Common S","NNM","39913925","39002778","24750585","1.61",,
"2020-12-15","MSI","Motorola Solutions, Inc. New","NYSE","2344636","2770757","977524","2.40",,
"2020-12-15","MU","Micron Technology, Inc. Common","NNM","26043601","30267221","18844009","1.38",,
"2020-12-15","NEE","Nextra Energy, Inc.","NYSE","22283390","22101195","6211977","3.59",,
"2020-12-15","NEM","Newmont Corporation","NYSE","6635061","7496263","5670977","1.17",,
"2020-12-15","NET","Cloudflare, Inc. Class A commo","NYSE","10806917","10368881","4571404","2.36",,
"2020-12-15","NFLX","Netflix, Inc. Common Stock","NNM","8279079","8921867","3618747","2.29",,
"2020-12-15","NKE","Nike, Inc.","NYSE","13762634","13905490","4491853","3.06",,
"2020-12-15","NOC","Northrop Grumman Corp.","NYSE","2157553","1751137","778920","2.77",,
"2020-12-15","NOW","SERVICENOW, INC.","NYSE","2468297","2548890","1096569","2.25",,
"2020-12-15","NSC","Norfolk Southern Corp.","NYSE","2439481","2112070","1127721","2.16",,
"2020-12-15","NVDA","NVIDIA Corporation Common Stoc","NNM","5626119","6373709","5816794","1.00",,
"2020-12-15","ORCL","Oracle Corp","NYSE","30807680","30651642","11893750","2.59",,
"2020-12-15","ORLY","O'Reilly Automotive, Inc. Comm","NNM","1327621","1273470","509523","2.61",,
"2020-12-15","PANW","PALO ALTO NETWORKS, INC","NYSE","4262841","3812666","915548","4.66",,
"2020-12-15","PCAR","PACCAR Inc. Common Stock","NNM","3763170","3721758","1289918","2.92",,
"2020-12-15","PEP","PepsiCo, Inc. Common Stock","NNM","8675206","7969793","3549393","2.44",,
"2020-12-15","PFE","Pfizer Inc.","NYSE","63138417","63677558","63241272","1.00",,
"2020-12-15","PG","Procter & Gamble Company","NYSE","14771019","13428593","6319292","2.34",,
"2020-12-15","PGR","Progressive Corporation","NYSE","6287254","6084626","2659855","2.36",,
"2020-12-15","PH","Parker-Hannifin Corporation","NYSE","1292712","1259243","714933","1.81",,
"2020-12-15","PLD","PROLOGIS, INC.","NYSE","7438047","7323858","2854105","2.61",,
"2020-12-15","PLTR","Palantir Technologies Inc. Cla","NYSE","70602979","61301895","77582416","1.00",,
"2020-12-15","PM","Philip Morris International In","NYSE","9477075","7400251","5960920","1.59",,
"2020-12-15","PNC","PNC Financial Services Group","NYSE","5883100","5395413","1777842","3.31",,
"2020-12-15","PSX","PHILLIPS 66","NYSE","9631436","9435707","3094669","3.11",,
"2020-12-15","PWR","Quanta Services, Inc.","NYSE","2137359","2090209","1175984","1.82",,
"2020-12-15","QCOM","QUALCOMM Incorporated Common S","NNM","17093045","13494371","9568169","1.79",,
"2020-12-15","RCL","Royal Caribbean Group","NYSE","15651737","15503308","5039746","3.11",,
"2020-12-15","REGN","Regeneron Pharmaceuticals, Inc","NNM","1962350","2131913","897649","2.19",,
"2020-12-15","ROST","Ross Stores, Inc. Common Stock","NNM","3488636","5331539","1369052","2.55",,
"2020-12-15","RSG","Republic Services Inc.","NYSE","2393386","2572456","1565358","1.53",,
"2020-12-15","RTX","Raytheon Technologies Corporat","NYSE","15475631","16450356","6207329","2.49",,
"2020-12-15","SBUX","Starbucks Corporation Common S","NNM","11177765","11689655","5535525","2.02",,
"2020-12-15","SCCO","Southern Copper Corporation","NYSE","4831828","5126073","842712","5.73",,
"2020-12-15","SCHW","The Charles Schwab Corporation","NYSE","15487422","20751586","7119606","2.18",,
"2020-12-15","SHW","The Sherwin-Williams Company","NYSE","1255293","1005182","481932","2.60",,
"2020-12-15","SNOW","Snowflake Inc.","NYSE","11185850","7692848","7529241","1.49",,
"2020-12-15","SNPS","Synopsys, Inc. Common Stock","NNM","1466401","1289156","809946","1.81",,
"2020-12-15","SO","The Southern Company","NYSE","8723973","8846696","3186645","2.74",,
"2020-12-15","SPG","Simon Property Group, Inc.","NYSE","24426584","25553790","4368729","5.59",,
"2020-12-15","SPGI","S&P Global Inc.","NYSE","4193865","2573770","1697691","2.47",,
"2020-12-15","SYK","Stryker Corporation","NYSE","2604896","3212782","891251","2.92",,
"2020-12-15","T","AT&T Inc.","NYSE","129045265","133098727","40393842","3.19",,
"2020-12-15","TDG","TransDigm Group Incorporated","NYSE","2085495","2185538","245193","8.51",,
"2020-12-15","TFC","Truist Financial Corporation","NYSE","10297009","11902137","4843005","2.13",,
"2020-12-15","TGT","Target Corporation","NYSE","7650165","7944014","3054501","2.50",,
"2020-12-15","TJX","TJX Companies, Inc. (The)","NYSE","11933495","13720409","6229238","1.92",,
"2020-12-15","TMO","Thermo Fisher Scientific, Inc.","NYSE","2351416","2496022","1618287","1.45",,
"2020-12-15","TMUS","T-Mobile US, Inc. Common Stock","NNM","10658814","9416122","3003142","3.55",,
"2020-12-15","TRV","The Travelers Companies, Inc.","NYSE","5893460","6136290","1067072","5.52",,
"2020-12-15","TSLA","Tesla, Inc. Common Stock","NNM","45227476","46499466","46979875","1.00",,
"2020-12-15","TXN","Texas Instruments Incorporated","NNM","13411830","12343713","4247970","3.16",,
"2020-12-15","UBER","Uber Technologies, Inc.","NYSE","55352424","63891089","20828597","2.66",,
"2020-12-15","UNH","UNITEDHEALTH GROUP INCORPORATE","NYSE","6217027","5810610","2784127","2.23",,
"2020-12-15","UNP","Union Pacific Corp.","NYSE","5626379","4888250","2421047","2.32",,
"2020-12-15","UPS","United Parcel Service, Inc. Cl","NYSE","7075476","7690169","3458664","2.05",,
"2020-12-15","URI","United Rentals, Inc.","NYSE","5041903","5290377","678996","7.43",,
"2020-12-15","USB","U.S. Bancorp","NYSE","13349768","16292173","5942069","2.25",,
"2020-12-15","V","VISA Inc.","NYSE","28304071","26297040","8173724","3.46",,
"2020-12-15","VLO","Valero Energy Corporation","NYSE","11845193","12606748","3990001","2.97",,
"2020-12-15","VRT","Vertiv Holdings Co Class A Com","NYSE","6233321","11248407","3056153","2.04",,
"2020-12-15","VRTX","Vertex Pharmaceuticals Incorpo","NNM","3245216","2679026","1406977","2.31",,
"2020-12-15","VZ","Verizon Communications","NYSE","33476470","31521921","12421652","2.70",,
"2020-12-15","WDC","Western Digital Corporation Co","NNM","7948706","9491328","4162220","1.91",,
"2020-12-15","WELL","Welltower Inc.","NYSE","8625898","8626244","2379251","3.63",,
"2020-12-15","WFC","Wells Fargo & Co.","NYSE","40825756","37004762","32275365","1.26",,
"2020-12-15","WM","Waste Management, Inc.","NYSE","3239079","2885763","1342887","2.41",,
"2020-12-15","WMB","Williams Companies Inc.","NYSE","23184515","21371191","10771011","2.15",,
"2020-12-15","WMT","Walmart Inc.","NYSE","14339854","15094995","6516356","2.20",,
"2020-12-15","XOM","Exxon Mobil Corporation","NYSE","44630327","47357967","27915072","1.60",,
"2020-11-30","AAPL","Apple Inc. Common Stock","NNM","89985311","87564487","75377074","1.19",,
"2020-11-30","ABBV","ABBVIE INC.","NYSE","13270647","13997850","7397988","1.79",,
"2020-11-30","ABT","Abbott Laboratories","NYSE","9768079","11849490","3973351","2.46",,
"2020-11-30","ADBE","Adobe Inc. Common Stock","NNM","4392885","4850336","2131089","2.06",,
"2020-11-30","ADI","Analog Devices, Inc. Common St","NNM","26538076","26032355","2428768","10.93",,
"2020-11-30","ADP","Automatic Data Processing, Inc","NNM","4124133","4137797","1178729","3.50",,
"2020-11-30","AEP","American Electric Power Compan","NNM","6215481","7239324","3085698","2.01",,
"2020-11-30","AFL","Aflac Inc.","NYSE","10172235","9018694","3955676","2.57",,
"2020-11-30","AJG","Arthur J. Gallagher & Co.","NYSE","1346224","1404515","856285","1.57",,
"2020-11-30","ALL","The Allstate Corporation","NYSE","4865521","3943933","1779632","2.73",,
"2020-11-30","AMAT","Applied Materials, Inc. Common","NNM","12881497","11841868","6756214","1.91",,
"2020-11-30","AMD","Advanced Micro Devices, Inc. C","NNM","62365940","60099237","33003392","1.89",,
"2020-11-30","AMGN","Amgen Inc. Common Stock","NNM","6512093","7482517","2142836","3.04",,
"2020-11-30","AMT","American Tower Corporation","NYSE","4170577","3634087","1690905","2.47",,
"2020-11-30","AMZN","Amazon.com, Inc. Common Stock","NNM","3020596","3082128","3099577","1.00",,
"2020-11-30","ANET","Arista Networks","NYSE","2936167","3394993","440896","6.66",,
"2020-11-30","AON","Aon plc Class A","NYSE","20324150","18885531","1288133","15.78",,
"2020-11-30","APD","Air Products & Chemicals, Inc.","NYSE","1808681","1508861","1393546","1.30",,
"2020-11-30","APH","Amphenol Corporation","NYSE","2267272","2054352","1081541","2.10",,
"2020-11-30","APO","Apollo Global Management, Inc.","NYSE","6761473","4906708","1235731","5.47",,
"2020-11-30","AVGO","Broadcom Inc. Common Stock","NNM","3558350","3498341","1120038","3.18",,
"2020-11-30","AXP","American Express Company","NYSE","7432680","7383043","3586697","2.07",,
"2020-11-30","BA","Boeing Company","NYSE","11914187","12419298","28604853","1.00",,
"2020-11-30","BAC","Bank of America Corporation","NYSE","73647949","70027265","45420713","1.62",,
"2020-11-30","BKNG","Booking Holdings Inc. Common S","NNM","985014","911545","335722","2.93",,
"2020-11-30","BLK","Blackrock, Inc.","NYSE","1563583","1351470","462514","3.38",,
"2020-11-30","BMY","Bristol-Myers Squibb Co.","NYSE","15298446","16143545","8240392","1.86",,
"2020-11-30","BNY","BlackRock New York Municipal I","NYSE","11330","20027","19625","1.00",,
"2020-11-30","BRKA","Berkshire Hathaway Inc.","NYSE","162","143","324","1.00",,
"2020-11-30","BRKB","BERKSHIRE HATHAWAY Class B","NYSE","12093828","11489224","3773549","3.20",,
"2020-11-30","BSX","Boston Scientific Corp.","NYSE","12222581","12965287","14910990","1.00",,
"2020-11-30","BX","The Blackstone Group Inc. Clas","NYSE","8589462","8657148","2356205","3.65",,
"2020-11-30","C","Citigroup Inc.","NYSE","26174097","24368170","21156593","1.24",,
"2020-11-30","CAT","Caterpillar Inc.","NYSE","6985973","7316557","2297765","3.04",,
"2020-11-30","CCZ","Comcast Holdings Corp. 2.0% Ex","NYSE","173","222","62","2.79",,
"2020-11-30","CDNS","Cadence Design Systems, Inc. C","NNM","2751820","3057105","1215526","2.26",,
"2020-11-30","CI","CIGNA Corporation","NYSE","3550864","3706703","1533717","2.32",,
"2020-11-30","CL","Colgate-Palmolive Company","NYSE","9269573","9466161","3199038","2.90",,
"2020-11-30","CMCSA","Comcast Corporation Class A Co","NNM","85847446","81401592","16185856","5.30",,
"2020-11-30","CME","CME Group Inc. Class A Common","NNM","5248950","5657214","1302184","4.03",,
"2020-11-30","CMI","Cummins Inc.","NYSE","2825770","2728583","911485","3.10",,
"2020-11-30","COF","Capital One Financial","NYSE","5376501","5844199","2553987","2.11",,
"2020-11-30","COP","ConocoPhillips","NYSE","38774220","34568640","13145872","2.95",,
"2020-11-30","COST","Costco Wholesale Corporation C","NNM","3071072","3029404","1771775","1.73",,
"2020-11-30","CRM","salesforce.com, inc.","NYSE","14588248","15917299","7703561","1.89",,
"2020-11-30","CRWD","CrowdStrike Holdings, Inc. Cla","NNM","10647285","12091798","2963531","3.59",,
"2020-11-30","CSCO","Cisco Systems, Inc. Common Sto","NNM","36001090","39930688","19625804","1.83",,
"2020-11-30","CSX","CSX Corporation Common Stock","NNM","7825553","7087086","2804062","2.79",,
"2020-11-30","CTAS","Cintas Corporation Common Stoc","NNM","898911","922023","253047","3.55",,
"2020-11-30","CVNA","Carvana Co.","NYSE","19122090","19587987","1390878","13.75",,
"2020-11-30","CVS","CVS HEALTH CORPORATION","NYSE","16076198","16925425","10364702","1.55",,
"2020-11-30","CVX","Chevron Corporation","NYSE","16543323","14813446","10684788","1.55",,
"2020-11-30","D","Dominion Energy, Inc Common St","NYSE","8266722","11881784","4065888","2.03",,
"2020-11-30","DDOG","Datadog, Inc. Class A Common S","NNM","15933338","16532290","2589335","6.15",,
"2020-11-30","DE","Deere & Company","NYSE","2384681","2024530","1682828","1.42",,
"2020-11-30","DELL","Dell Technologies Inc.","NYSE","6233706","5303057","1773980","3.51",,
"2020-11-30","DHR","Danaher Corporation","NYSE","4708159","5468217","2390362","1.97",,
"2020-11-30","DIS","The Walt Disney Company","NYSE","20089272","16978883","9702916","2.07",,
"2020-11-30","DLR","Digital Realty Trust, Inc.","NYSE","5469692","6259920","1627186","3.36",,
"2020-11-30","DUK","Duke Energy Corporation","NYSE","34929924","35160559","2795429","12.50",,
"2020-11-30","ECL","Ecolab, Inc.","NYSE","2549432","2654510","745219","3.42",,
"2020-11-30","EMR","Emerson Electric Co.","NYSE","9857491","10022994","1969687","5.00",,
"2020-11-30","EOG","EOG Resources, Inc.","NYSE","12768072","15048543","5164009","2.47",,
"2020-11-30","EPD","Enterprise Products Partners L","NYSE","34985104","32993624","7665327","4.56",,
"2020-11-30","EQIX","Equinix, Inc. Common Stock REI","NNM","746528","740216","559453","1.33",,
"2020-11-30","FCX","Freeport-McMoran Inc.","NYSE","24964462","30793918","17467650","1.43",,
"2020-11-30","FDX","FedEx Corporation","NYSE","3470328","3005780","2213029","1.57",,
"2020-11-30","FTNT","Fortinet, Inc. Common Stock","NNM","3339026","3430520","887779","3.76",,
"2020-11-30","GD","General Dynamics Corporation","NYSE","3545697","3631949","1183456","3.00",,
"2020-11-30","GE","General Electric Company","NYSE","75751710","85364678","97381334","1.00",,
"2020-11-30","GILD","Gilead Sciences, Inc. Common S","NNM","20728411","21709620","6806239","3.05",,
"2020-11-30","GLW","Corning Incorporated","NYSE","9626056","10296935","2429967","3.96",,
"2020-11-30","GM","General Motors Company","NYSE","21462416","25739134","16078447","1.33",,
"2020-11-30","GOOG","Alphabet Inc. Class C Capital","NNM","2366772","2606917","1277275","1.85",,
"2020-11-30","GOOGL","Alphabet Inc. Class A Common S","NNM","2599867","3173289","993860","2.62",,
"2020-11-30","GS","Goldman Sachs Group Inc.","NYSE","3903204","3318204","2255973","1.73",,
"2020-11-30","GWW","W.W. Grainger, Inc.","NYSE","859424","818533","280800","3.06",,
"2020-11-30","HCA","HCA Healthcare, Inc.","NYSE","4135929","4711001","1365848","3.03",,
"2020-11-30","HD","Home Depot, Inc.","NYSE","6919149","6956985","3975318","1.74",,
"2020-11-30","HLT","Hilton Worldwide Holdings Inc.","NYSE","11296733","11610993","2380798","4.74",,
"2020-11-30","HON","Honeywell International, Inc.","NYSE","4780106","5302075","2912227","1.64",,
"2020-11-30","HPE","Hewlett Packard Enterprise Com","NYSE","27230737","31667840","8658771","3.14",,
"2020-11-30","HWM","Howmet Aerospace Inc.","NYSE","6272758","6499375","3908577","1.60",,
"2020-11-30","IBKR","Interactive Brokers Group, Inc","NNM","2255455","2247275","580385","3.89",,
"2020-11-30","IBM","International Business Machine","NYSE","22028993","23255478","4214011","5.23",,
"2020-11-30","ICE","Intercontinental Exchange  Inc","NYSE","3969741","4732420","2005191","1.98",,
"2020-11-30","INTC","Intel Corporation Common Stock","NNM","50572490","73180568","26690867","1.89",,
"2020-11-30","INTU","Intuit Inc. Common Stock","NNM","2013231","2245170","1117690","1.80",,
"2020-11-30","ISRG","Intuitive Surgical, Inc. Commo","NNM","1452845","1504383","378913","3.83",,
"2020-11-30","ITW","Illinois Tool Works Inc.","NYSE","4634602","4474637","978528","4.74",,
"2020-11-30","JNJ","Johnson & Johnson","NYSE","13972037","14590203","6357968","2.20",,
"2020-11-30","JPM","JPMorgan Chase & Co.","NYSE","26667698","28263547","12093641","2.21",,
"2020-11-30","KKR","KKR & Co. Inc.","NYSE","9685847","9606861","2176555","4.45",,
"2020-11-30","KLAC","KLA Corporation Common Stock","NNM","2838925","3392707","673804","4.21",,
"2020-11-30","KMI","Kinder Morgan, Inc.","NYSE","28723425","30467012","16685652","1.72",,
"2020-11-30","KO","Coca-Cola Company","NYSE","27597532","28692229","12299665","2.24",,
"2020-11-30","LIN","Linde plc Ordinary Share","NYSE","2467271","3022199","1286588","1.92",,
"2020-11-30","LLY","Eli Lilly & Co.","NYSE","5554299","5333015","3396314","1.64",,
"2020-11-30","LMT","Lockheed Martin Corp.","NYSE","2497119","2245012","924456","2.70",,
"2020-11-30","LOW","Lowe's Companies Inc.","NYSE","21982666","5613390","6563454","3.35",,
"2020-11-30","LRCX","Lam Research Corporation Commo","NNM","3592628","3751612","1004367","3.58",,
"2020-11-30","MA","Mastercard Incorporated","NYSE","5665924","5434690","2748212","2.06",,
"2020-11-30","MAR","Marriott International Class A","NNM","6884258","6684770","2805354","2.45",,
"2020-11-30","MCD","McDonald's Corporation","NYSE","5180789","4717179","2618131","1.98",,
"2020-11-30","MCK","McKesson Corporation","NYSE","1435426","1529312","1455546","1.00",,
"2020-11-30","MCO","Moody's Corporation","NYSE","2423404","2314857","654730","3.70",,
"2020-11-30","MDLZ","Mondelez International, Inc. C","NNM","10329181","10294845","4657325","2.22",,
"2020-11-30","MDT","Medtronic plc","NYSE","6820686","7223642","3606423","1.89",,
"2020-11-30","MMM","3M Company","NYSE","7707047","7068511","2175379","3.54",,
"2020-11-30","MNST","Monster Beverage Corporation","NNM","6651682","7720668","1540168","4.32",,
"2020-11-30","MO","Altria Group, Inc.","NYSE","10417418","11253196","6311743","1.65",,
"2020-11-30","MPC","MARATHON PETROLEUM CORPORATION","NYSE","33755622","30646802","7417757","4.55",,
"2020-11-30","MPWR","Monolithic Power Systems, Inc.","NNM","885207","906298","399802","2.21",,
"2020-11-30","MRK","Merck & Co., Inc.","NYSE","13500104","13458879","7357231","1.83",,
"2020-11-30","MRVL","Marvell Technology Group Ltd.","NNM","26362176","25325141","4849270","5.44",,
"2020-11-30","MS","Morgan Stanley","NYSE","28436996","23112999","10040233","2.83",,
"2020-11-30","MSFT","Microsoft Corporation Common S","NNM","39002778","34066185","22014236","1.77",,
"2020-11-30","MSI","Motorola Solutions, Inc. New","NYSE","2770757","2386877","655154","4.23",,
"2020-11-30","MU","Micron Technology, Inc. Common","NNM","30267221","28143306","15759193","1.92",,
"2020-11-30","NEE","Nextra Energy, Inc.","NYSE","22101195","22694694","5777153","3.83",,
"2020-11-30","NEM","Newmont Corporation","NYSE","7496263","7964430","5759607","1.30",,
"2020-11-30","NET","Cloudflare, Inc. Class A commo","NYSE","10368881","12405864","4751341","2.18",,
"2020-11-30","NFLX","Netflix, Inc. Common Stock","NNM","8921867","10347695","3323235","2.68",,
"2020-11-30","NKE","Nike, Inc.","NYSE","13905490","14124707","4897200","2.84",,
"2020-11-30","NOC","Northrop Grumman Corp.","NYSE","1751137","1280959","674336","2.60",,
"2020-11-30","NOW","SERVICENOW, INC.","NYSE","2548890","2973658","1021962","2.49",,
"2020-11-30","NSC","Norfolk Southern Corp.","NYSE","2112070","1821762","1001467","2.11",,
"2020-11-30","NVDA","NVIDIA Corporation Common Stoc","NNM","6373709","5971701","8188885","1.00",,
"2020-11-30","ORCL","Oracle Corp","NYSE","30651642","25275178","7005903","4.38",,
"2020-11-30","ORLY","O'Reilly Automotive, Inc. Comm","NNM","1273470","1068857","413357","3.08",,
"2020-11-30","PANW","PALO ALTO NETWORKS, INC","NYSE","3812666","3721166","1366902","2.79",,
"2020-11-30","PCAR","PACCAR Inc. Common Stock","NNM","3721758","4444801","1114587","3.34",,
"2020-11-30","PEP","PepsiCo, Inc. Common Stock","NNM","7969793","8101914","3014638","2.64",,
"2020-11-30","PFE","Pfizer Inc.","NYSE","63677558","66532665","42437445","1.50",,
"2020-11-30","PG","Procter & Gamble Company","NYSE","13428593","13656044","5502132","2.44",,
"2020-11-30","PGR","Progressive Corporation","NYSE","6084626","5485157","2300926","2.64",,
"2020-11-30","PH","Parker-Hannifin Corporation","NYSE","1259243","1191689","715469","1.76",,
"2020-11-30","PLD","PROLOGIS, INC.","NYSE","7323858","6992089","1945038","3.77",,
"2020-11-30","PLTR","Palantir Technologies Inc. Cla","NYSE","61301895","34273587","101081467","1.00",,
"2020-11-30","PM","Philip Morris International In","NYSE","7400251","7177552","3609124","2.05",,
"2020-11-30","PNC","PNC Financial Services Group","NYSE","5395413","5381207","2666699","2.02",,
"2020-11-30","PSX","PHILLIPS 66","NYSE","9435707","8186304","3527386","2.67",,
"2020-11-30","PWR","Quanta Services, Inc.","NYSE","2090209","2450047","1035458","2.02",,
"2020-11-30","QCOM","QUALCOMM Incorporated Common S","NNM","13494371","15625862","7295177","1.85",,
"2020-11-30","RCL","Royal Caribbean Group","NYSE","15503308","15594769","5235024","2.96",,
"2020-11-30","REGN","Regeneron Pharmaceuticals, Inc","NNM","2131913","2011636","904814","2.36",,
"2020-11-30","ROST","Ross Stores, Inc. Common Stock","NNM","5331539","3297249","2696114","1.98",,
"2020-11-30","RSG","Republic Services Inc.","NYSE","2572456","2407963","979682","2.63",,
"2020-11-30","RTX","Raytheon Technologies Corporat","NYSE","16450356","12448063","8043334","2.05",,
"2020-11-30","SBUX","Starbucks Corporation Common S","NNM","11689655","10536071","5024614","2.33",,
"2020-11-30","SCCO","Southern Copper Corporation","NYSE","5126073","5967345","760108","6.74",,
"2020-11-30","SCHW","The Charles Schwab Corporation","NYSE","20751586","20372543","9189593","2.26",,
"2020-11-30","SHW","The Sherwin-Williams Company","NYSE","1005182","986988","370302","2.71",,
"2020-11-30","SNOW","Snowflake Inc.","NYSE","7692848","6936914","1812000","4.25",,
"2020-11-30","SNPS","Synopsys, Inc. Common Stock","NNM","1289156","1460383","695837","1.85",,
"2020-11-30","SO","The Southern Company","NYSE","8846696","12006256","3036005","2.91",,
"2020-11-30","SPG","Simon Property Group, Inc.","NYSE","25553790","27017309","8180218","3.12",,
"2020-11-30","SPGI","S&P Global Inc.","NYSE","2573770","2227348","912453","2.82",,
"2020-11-30","SYK","Stryker Corporation","NYSE","3212782","3153387","1062657","3.02",,
"2020-11-30","T","AT&T Inc.","NYSE","133098727","142351912","28965018","4.60",,
"2020-11-30","TDG","TransDigm Group Incorporated","NYSE","2185538","2347675","308872","7.08",,
"2020-11-30","TFC","Truist Financial Corporation","NYSE","11902137","20014469","4699537","2.53",,
"2020-11-30","TGT","Target Corporation","NYSE","7944014","5630905","5452336","1.46",,
"2020-11-30","TJX","TJX Companies, Inc. (The)","NYSE","13720409","8382053","8919580","1.54",,
"2020-11-30","TMO","Thermo Fisher Scientific, Inc.","NYSE","2496022","2320687","1940940","1.29",,
"2020-11-30","TMUS","T-Mobile US, Inc. Common Stock","NNM","9416122","10747289","3158304","2.98",,
"2020-11-30","TRV","The Travelers Companies, Inc.","NYSE","6136290","6427574","1069739","5.74",,
"2020-11-30","TSLA","Tesla, Inc. Common Stock","NNM","46499466","47898025","45096494","1.03",,
"2020-11-30","TXN","Texas Instruments Incorporated","NNM","12343713","12161211","2981582","4.14",,
"2020-11-30","UBER","Uber Technologies, Inc.","NYSE","63891089","67911499","14787818","4.32",,
"2020-11-30","UNH","UNITEDHEALTH GROUP INCORPORATE","NYSE","5810610","5971970","2671074","2.18",,
"2020-11-30","UNP","Union Pacific Corp.","NYSE","4888250","3818617","2000536","2.44",,
"2020-11-30","UPS","United Parcel Service, Inc. Cl","NYSE","7690169","7839240","3342451","2.30",,
"2020-11-30","URI","United Rentals, Inc.","NYSE","5290377","5763495","797622","6.63",,
"2020-11-30","USB","U.S. Bancorp","NYSE","16292173","16791177","5801453","2.81",,
"2020-11-30","V","VISA Inc.","NYSE","26297040","25215222","6814772","3.86",,
"2020-11-30","VLO","Valero Energy Corporation","NYSE","12606748","12834046","5054611","2.49",,
"2020-11-30","VRT","Vertiv Holdings Co Class A Com","NYSE","11248407","11382135","2806023","4.01",,
"2020-11-30","VRTX","Vertex Pharmaceuticals Incorpo","NNM","2679026","2749300","1781814","1.50",,
"2020-11-30","VZ","Verizon Communications","NYSE","31521921","32739283","10803022","2.92",,
"2020-11-30","WDC","Western Digital Corporation Co","NNM","9491328","8643531","3390101","2.80",,
"2020-11-30","WELL","Welltower Inc.","NYSE","8626244","9363453","2085256","4.14",,
"2020-11-30","WFC","Wells Fargo & Co.","NYSE","37004762","34853683","37416415","1.00",,
"2020-11-30","WM","Waste Management, Inc.","NYSE","2885763","3322492","1102674","2.62",,
"2020-11-30","WMB","Williams Companies Inc.","NYSE","21371191","21460416","8453893","2.53",,
"2020-11-30","WMT","Walmart Inc.","NYSE","15094995","15391971","6777363","2.23",,
"2020-11-30","XOM","Exxon Mobil Corporation","NYSE","47357967","50847609","26099681","1.81",,
"2020-11-13","AAPL","Apple Inc. Common Stock","NNM","87564487","80528396","111502564","1.00",,
"2020-11-13","ABBV","ABBVIE INC.","NYSE","13997850","12838422","10059079","1.39",,
"2020-11-13","ABT","Abbott Laboratories","NYSE","11849490","9924969","5402865","2.19",,
"2020-11-13","ADBE","Adobe Inc. Common Stock","NNM","4850336","4643770","2629527","1.84",,
"2020-11-13","ADI","Analog Devices, Inc. Common St","NNM","26032355","24467866","3063040","8.50",,
"2020-11-13","ADP","Automatic Data Processing, Inc","NNM","4137797","4535293","1905170","2.17",,
"2020-11-13","AEP","American Electric Power Compan","NNM","7239324","7872607","2355407","3.07",,
"2020-11-13","AFL","Aflac Inc.","NYSE","9018694","8592002","4491176","2.01",,
"2020-11-13","AJG","Arthur J. Gallagher & Co.","NYSE","1404515","1637566","900660","1.56",,
"2020-11-13","ALL","The Allstate Corporation","NYSE","3943933","4007696","2006433","1.97",,
"2020-11-13","AMAT","Applied Materials, Inc. Common","NNM","11841868","14032408","8384307","1.41",,
"2020-11-13","AMD","Advanced Micro Devices, Inc. C","NNM","60099237","47110639","46074549","1.30",,
"2020-11-13","AMGN","Amgen Inc. Common Stock","NNM","7482517","7112230","2383016","3.14",,
"2020-11-13","AMT","American Tower Corporation","NYSE","3634087","3383119","1691121","2.15",,
"2020-11-13","AMZN","Amazon.com, Inc. Common Stock","NNM","3082128","3138429","5183440","1.00",,
"2020-11-13","ANET","Arista Networks","NYSE","3394993","4253589","1120415","3.03",,
"2020-11-13","AON","Aon plc Class A","NYSE","18885531","18744182","1944218","9.71",,
"2020-11-13","APD","Air Products & Chemicals, Inc.","NYSE","1508861","1356271","1618302","1.00",,
"2020-11-13","APH","Amphenol Corporation","NYSE","2054352","2106672","1544048","1.33",,
"2020-11-13","APO","Apollo Global Management, Inc.","NYSE","4906708","5532211","1247069","3.93",,
"2020-11-13","AVGO","Broadcom Inc. Common Stock","NNM","3498341","3501631","1613654","2.17",,
"2020-11-13","AXP","American Express Company","NYSE","7383043","7867008","5435095","1.36",,
"2020-11-13","BA","Boeing Company","NYSE","12419298","11080347","20443567","1.00",,
"2020-11-13","BAC","Bank of America Corporation","NYSE","70027265","73097357","71627634","1.00",,
"2020-11-13","BKNG","Booking Holdings Inc. Common S","NNM","911545","863754","513837","1.77",,
"2020-11-13","BLK","Blackrock, Inc.","NYSE","1351470","1157456","562236","2.40",,
"2020-11-13","BMY","Bristol-Myers Squibb Co.","NYSE","16143545","15712103","11922769","1.35",,
"2020-11-13","BNY","BlackRock New York Municipal I","NYSE","20027","10116","34320","1.00",,
"2020-11-13","BRKA","Berkshire Hathaway Inc.","NYSE","143","344","355","1.00",,
"2020-11-13","BRKB","BERKSHIRE HATHAWAY Class B","NYSE","11489224","10569254","5596153","2.05",,
"2020-11-13","BSX","Boston Scientific Corp.","NYSE","12965287","12170850","11785401","1.10",,
"2020-11-13","BX","The Blackstone Group Inc. Clas","NYSE","8657148","9487221","3497638","2.48",,
"2020-11-13","C","Citigroup Inc.","NYSE","24368170","22511201","27125912","1.00",,
"2020-11-13","CAT","Caterpillar Inc.","NYSE","7316557","6773697","3980298","1.84",,
"2020-11-13","CCZ","Comcast Holdings Corp. 2.0% Ex","NYSE","222","74","89","2.49",,
"2020-11-13","CDNS","Cadence Design Systems, Inc. C","NNM","3057105","2892711","1623851","1.88",,
"2020-11-13","CI","CIGNA Corporation","NYSE","3706703","3706155","2841026","1.30",,
"2020-11-13","CL","Colgate-Palmolive Company","NYSE","9466161","9359040","4132519","2.29",,
"2020-11-13","CMCSA","Comcast Corporation Class A Co","NNM","81401592","82431604","19290863","4.22",,
"2020-11-13","CME","CME Group Inc. Class A Common","NNM","5657214","5245131","2078110","2.72",,
"2020-11-13","CMI","Cummins Inc.","NYSE","2728583","2681444","929291","2.94",,
"2020-11-13","COF","Capital One Financial","NYSE","5844199","5263952","2644849","2.21",,
"2020-11-13","COP","ConocoPhillips","NYSE","34568640","25825729","12831546","2.69",,
"2020-11-13","COST","Costco Wholesale Corporation C","NNM","3029404","2625012","2051895","1.48",,
"2020-11-13","CRM","salesforce.com, inc.","NYSE","15917299","11610733","5278729","3.02",,
"2020-11-13","CRWD","CrowdStrike Holdings, Inc. Cla","NNM","12091798","12138462","3234106","3.74",,
"2020-11-13","CSCO","Cisco Systems, Inc. Common Sto","NNM","39930688","44020471","25377453","1.57",,
"2020-11-13","CSX","CSX Corporation Common Stock","NNM","7087086","7635344","4831926","1.47",,
"2020-11-13","CTAS","Cintas Corporation Common Stoc","NNM","922023","912227","414082","2.23",,
"2020-11-13","CVNA","Carvana Co.","NYSE","19587987","19878234","1519948","12.89",,
"2020-11-13","CVS","CVS HEALTH CORPORATION","NYSE","16925425","19866806","10881140","1.56",,
"2020-11-13","CVX","Chevron Corporation","NYSE","14813446","14360349","10962863","1.35",,
"2020-11-13","D","Dominion Energy, Inc Common St","NYSE","11881784","14025681","3536054","3.36",,
"2020-11-13","DDOG","Datadog, Inc. Class A Common S","NNM","16532290","16759631","5764167","2.87",,
"2020-11-13","DE","Deere & Company","NYSE","2024530","2087013","1552142","1.30",,
"2020-11-13","DELL","Dell Technologies Inc.","NYSE","5303057","5039387","1143037","4.64",,
"2020-11-13","DHR","Danaher Corporation","NYSE","5468217","6017094","2926645","1.87",,
"2020-11-13","DIS","The Walt Disney Company","NYSE","16978883","17190145","11597271","1.46",,
"2020-11-13","DLR","Digital Realty Trust, Inc.","NYSE","6259920","6824478","1903267","3.29",,
"2020-11-13","DUK","Duke Energy Corporation","NYSE","35160559","35975801","2735624","12.85",,
"2020-11-13","ECL","Ecolab, Inc.","NYSE","2654510","2566012","1135883","2.34",,
"2020-11-13","EMR","Emerson Electric Co.","NYSE","10022994","9600441","3477500","2.88",,
"2020-11-13","EOG","EOG Resources, Inc.","NYSE","15048543","13377472","5832255","2.58",,
"2020-11-13","EPD","Enterprise Products Partners L","NYSE","32993624","32906875","7919266","4.17",,
"2020-11-13","EQIX","Equinix, Inc. Common Stock REI","NNM","740216","631973","445122","1.66",,
"2020-11-13","FCX","Freeport-McMoran Inc.","NYSE","30793918","25063970","19102031","1.61",,
"2020-11-13","FDX","FedEx Corporation","NYSE","3005780","3190834","2425742","1.24",,
"2020-11-13","FTNT","Fortinet, Inc. Common Stock","NNM","3430520","3395468","1129293","3.04",,
"2020-11-13","GD","General Dynamics Corporation","NYSE","3631949","3381713","1472392","2.47",,
"2020-11-13","GE","General Electric Company","NYSE","85364678","81664540","102868306","1.00",,
"2020-11-13","GILD","Gilead Sciences, Inc. Common S","NNM","21709620","22696400","8141338","2.67",,
"2020-11-13","GLW","Corning Incorporated","NYSE","10296935","10719543","3454327","2.98",,
"2020-11-13","GM","General Motors Company","NYSE","25739134","19865559","18294942","1.41",,
"2020-11-13","GOOG","Alphabet Inc. Class C Capital","NNM","2606917","2461144","1885695","1.38",,
"2020-11-13","GOOGL","Alphabet Inc. Class A Common S","NNM","3173289","2937257","1843456","1.72",,
"2020-11-13","GS","Goldman Sachs Group Inc.","NYSE","3318204","3859198","3305844","1.00",,
"2020-11-13","GWW","W.W. Grainger, Inc.","NYSE","818533","936166","283303","2.89",,
"2020-11-13","HCA","HCA Healthcare, Inc.","NYSE","4711001","4687232","1849093","2.55",,
"2020-11-13","HD","Home Depot, Inc.","NYSE","6956985","6043800","3436843","2.02",,
"2020-11-13","HLT","Hilton Worldwide Holdings Inc.","NYSE","11610993","9866096","3403904","3.41",,
"2020-11-13","HON","Honeywell International, Inc.","NYSE","5302075","4101277","3941901","1.35",,
"2020-11-13","HPE","Hewlett Packard Enterprise Com","NYSE","31667840","38336086","12628676","2.51",,
"2020-11-13","HWM","Howmet Aerospace Inc.","NYSE","6499375","7946555","4164512","1.56",,
"2020-11-13","IBKR","Interactive Brokers Group, Inc","NNM","2247275","2375183","463358","4.85",,
"2020-11-13","IBM","International Business Machine","NYSE","23255478","24559462","5087254","4.57",,
"2020-11-13","ICE","Intercontinental Exchange  Inc","NYSE","4732420","4770457","3032883","1.56",,
"2020-11-13","INTC","Intel Corporation Common Stock","NNM","73180568","86538932","33300238","2.20",,
"2020-11-13","INTU","Intuit Inc. Common Stock","NNM","2245170","1986517","1064007","2.11",,
"2020-11-13","ISRG","Intuitive Surgical, Inc. Commo","NNM","1504383","1717951","578307","2.60",,
"2020-11-13","ITW","Illinois Tool Works Inc.","NYSE","4474637","4588599","942209","4.75",,
"2020-11-13","JNJ","Johnson & Johnson","NYSE","14590203","12771754","6850591","2.13",,
"2020-11-13","JPM","JPMorgan Chase & Co.","NYSE","28263547","21794575","18661248","1.51",,
"2020-11-13","KKR","KKR & Co. Inc.","NYSE","9606861","12951268","3512842","2.73",,
"2020-11-13","KLAC","KLA Corporation Common Stock","NNM","3392707","2859062","937737","3.62",,
"2020-11-13","KMI","Kinder Morgan, Inc.","NYSE","30467012","27056862","16320538","1.87",,
"2020-11-13","KO","Coca-Cola Company","NYSE","28692229","24160850","16069489","1.79",,
"2020-11-13","LIN","Linde plc Ordinary Share","NYSE","3022199","3508795","1939931","1.56",,
"2020-11-13","LLY","Eli Lilly & Co.","NYSE","5333015","4887259","4863310","1.10",,
"2020-11-13","LMT","Lockheed Martin Corp.","NYSE","2245012","2632547","1408665","1.59",,
"2020-11-13","LOW","Lowe's Companies Inc.","NYSE","5613390","4950082","4279136","1.31",,
"2020-11-13","LRCX","Lam Research Corporation Commo","NNM","3751612","3646386","1363930","2.75",,
"2020-11-13","MA","Mastercard Incorporated","NYSE","5434690","4944033","4319837","1.26",,
"2020-11-13","MAR","Marriott International Class A","NNM","6684770","7966532","4177745","1.60",,
"2020-11-13","MCD","McDonald's Corporation","NYSE","4717179","5201764","3711881","1.27",,
"2020-11-13","MCK","McKesson Corporation","NYSE","1529312","1685449","1279877","1.19",,
"2020-11-13","MCO","Moody's Corporation","NYSE","2314857","1623037","752556","3.08",,
"2020-11-13","MDLZ","Mondelez International, Inc. C","NNM","10294845","8840197","5733063","1.80",,
"2020-11-13","MDT","Medtronic plc","NYSE","7223642","7262327","5001507","1.44",,
"2020-11-13","MMM","3M Company","NYSE","7068511","6806021","2403903","2.94",,
"2020-11-13","MNST","Monster Beverage Corporation","NNM","7720668","7509970","2459930","3.14",,
"2020-11-13","MO","Altria Group, Inc.","NYSE","11253196","13048817","9716509","1.16",,
"2020-11-13","MPC","MARATHON PETROLEUM CORPORATION","NYSE","30646802","30928329","8626859","3.55",,
"2020-11-13","MPWR","Monolithic Power Systems, Inc.","NNM","906298","1068956","468855","1.93",,
"2020-11-13","MRK","Merck & Co., Inc.","NYSE","13458879","14751083","7612587","1.77",,
"2020-11-13","MRVL","Marvell Technology Group Ltd.","NNM","25325141","14572282","11755969","2.15",,
"2020-11-13","MS","Morgan Stanley","NYSE","23112999","19722498","12212398","1.89",,
"2020-11-13","MSFT","Microsoft Corporation Common S","NNM","34066185","36796420","30136007","1.13",,
"2020-11-13","MSI","Motorola Solutions, Inc. New","NYSE","2386877","3102206","875681","2.73",,
"2020-11-13","MU","Micron Technology, Inc. Common","NNM","28143306","28756504","13220390","2.13",,
"2020-11-13","NEE","Nextra Energy, Inc.","NYSE","22694694","22345984","7729043","2.94",,
"2020-11-13","NEM","Newmont Corporation","NYSE","7964430","7993813","6867263","1.16",,
"2020-11-13","NET","Cloudflare, Inc. Class A commo","NYSE","12405864","10897960","5965521","2.08",,
"2020-11-13","NFLX","Netflix, Inc. Common Stock","NNM","10347695","10418524","5179326","2.00",,
"2020-11-13","NKE","Nike, Inc.","NYSE","14124707","12685226","4654967","3.03",,
"2020-11-13","NOC","Northrop Grumman Corp.","NYSE","1280959","1888226","976725","1.31",,
"2020-11-13","NOW","SERVICENOW, INC.","NYSE","2973658","2473190","1611431","1.85",,
"2020-11-13","NSC","Norfolk Southern Corp.","NYSE","1821762","1943923","1379630","1.32",,
"2020-11-13","NVDA","NVIDIA Corporation Common Stoc","NNM","5971701","6101774","9194386","1.00",,
"2020-11-13","ORCL","Oracle Corp","NYSE","25275178","24982595","8445937","2.99",,
"2020-11-13","ORLY","O'Reilly Automotive, Inc. Comm","NNM","1068857","910661","483197","2.21",,
"2020-11-13","PANW","PALO ALTO NETWORKS, INC","NYSE","3721166","3879552","886384","4.20",,
"2020-11-13","PCAR","PACCAR Inc. Common Stock","NNM","4444801","4233167","1426600","3.12",,
"2020-11-13","PEP","PepsiCo, Inc. Common Stock","NNM","8101914","8742313","3578283","2.26",,
"2020-11-13","PFE","Pfizer Inc.","NYSE","66532665","45925049","52920578","1.26",,
"2020-11-13","PG","Procter & Gamble Company","NYSE","13656044","13906475","6082902","2.24",,
"2020-11-13","PGR","Progressive Corporation","NYSE","5485157","4725730","2732175","2.01",,
"2020-11-13","PH","Parker-Hannifin Corporation","NYSE","1191689","1355498","1336805","1.00",,
"2020-11-13","PLD","PROLOGIS, INC.","NYSE","6992089","7058034","2725683","2.57",,
"2020-11-13","PLTR","Palantir Technologies Inc. Cla","NYSE","34273587","38842101","43214516","1.00",,
"2020-11-13","PM","Philip Morris International In","NYSE","7177552","7212478","5032620","1.43",,
"2020-11-13","PNC","PNC Financial Services Group","NYSE","5381207","4732233","2550203","2.11",,
"2020-11-13","PSX","PHILLIPS 66","NYSE","8186304","8241109","4133127","1.98",,
"2020-11-13","PWR","Quanta Services, Inc.","NYSE","2450047","2347852","1702397","1.44",,
"2020-11-13","QCOM","QUALCOMM Incorporated Common S","NNM","15625862","15362571","10070688","1.55",,
"2020-11-13","RCL","Royal Caribbean Group","NYSE","15594769","15944424","8099884","1.93",,
"2020-11-13","REGN","Regeneron Pharmaceuticals, Inc","NNM","2011636","2165977","754532","2.67",,
"2020-11-13","ROST","Ross Stores, Inc. Common Stock","NNM","3297249","3112628","2512919","1.31",,
"2020-11-13","RSG","Republic Services Inc.","NYSE","2407963","2426364","1379633","1.75",,
"2020-11-13","RTX","Raytheon Technologies Corporat","NYSE","12448063","13527623","9329979","1.33",,
"2020-11-13","SBUX","Starbucks Corporation Common S","NNM","10536071","10502141","8093693","1.30",,
"2020-11-13","SCCO","Southern Copper Corporation","NYSE","5967345","5970815","790912","7.54",,
"2020-11-13","SCHW","The Charles Schwab Corporation","NYSE","20372543","18345085","10749158","1.90",,
"2020-11-13","SHW","The Sherwin-Williams Company","NYSE","986988","854846","509423","1.94",,
"2020-11-13","SNOW","Snowflake Inc.","NYSE","6936914","6269341","1475052","4.70",,
"2020-11-13","SNPS","Synopsys, Inc. Common Stock","NNM","1460383","1427388","707366","2.06",,
"2020-11-13","SO","The Southern Company","NYSE","12006256","9321618","3612959","3.32",,
"2020-11-13","SPG","Simon Property Group, Inc.","NYSE","27017309","27065821","7423823","3.64",,
"2020-11-13","SPGI","S&P Global Inc.","NYSE","2227348","2247263","1096364","2.03",,
"2020-11-13","SYK","Stryker Corporation","NYSE","3153387","3200590","1215688","2.59",,
"2020-11-13","T","AT&T Inc.","NYSE","142351912","138009460","37325460","3.81",,
"2020-11-13","TDG","TransDigm Group Incorporated","NYSE","2347675","2438534","400512","5.86",,
"2020-11-13","TFC","Truist Financial Corporation","NYSE","20014469","15587834","5613537","3.57",,
"2020-11-13","TGT","Target Corporation","NYSE","5630905","6519404","2970576","1.90",,
"2020-11-13","TJX","TJX Companies, Inc. (The)","NYSE","8382053","8379909","7124965","1.18",,
"2020-11-13","TMO","Thermo Fisher Scientific, Inc.","NYSE","2320687","2383447","1951500","1.19",,
"2020-11-13","TMUS","T-Mobile US, Inc. Common Stock","NNM","10747289","12125619","4604525","2.33",,
"2020-11-13","TRV","The Travelers Companies, Inc.","NYSE","6427574","5841476","1472513","4.37",,
"2020-11-13","TSLA","Tesla, Inc. Common Stock","NNM","47898025","47802859","24758305","1.93",,
"2020-11-13","TXN","Texas Instruments Incorporated","NNM","12161211","12946584","3817772","3.19",,
"2020-11-13","UBER","Uber Technologies, Inc.","NYSE","67911499","58896582","35840698","1.89",,
"2020-11-13","UNH","UNITEDHEALTH GROUP INCORPORATE","NYSE","5971970","4877963","4001472","1.49",,
"2020-11-13","UNP","Union Pacific Corp.","NYSE","3818617","4545611","3292631","1.16",,
"2020-11-13","UPS","United Parcel Service, Inc. Cl","NYSE","7839240","6238707","3764866","2.08",,
"2020-11-13","URI","United Rentals, Inc.","NYSE","5763495","5394391","1089689","5.29",,
"2020-11-13","USB","U.S. Bancorp","NYSE","16791177","13764074","7122357","2.36",,
"2020-11-13","V","VISA Inc.","NYSE","25215222","23538792","7443590","3.39",,
"2020-11-13","VLO","Valero Energy Corporation","NYSE","12834046","13674591","6249168","2.05",,
"2020-11-13","VRT","Vertiv Holdings Co Class A Com","NYSE","11382135","10660682","2542041","4.48",,
"2020-11-13","VRTX","Vertex Pharmaceuticals Incorpo","NNM","2749300","2916388","1963928","1.40",,
"2020-11-13","VZ","Verizon Communications","NYSE","32739283","33458693","15152081","2.16",,
"2020-11-13","WDC","Western Digital Corporation Co","NNM","8643531","7985583","3898890","2.22",,
"2020-11-13","WELL","Welltower Inc.","NYSE","9363453","9581806","3084392","3.04",,
"2020-11-13","WFC","Wells Fargo & Co.","NYSE","34853683","34777954","41585316","1.00",,
"2020-11-13","WM","Waste Management, Inc.","NYSE","3322492","2653569","1700992","1.95",,
"2020-11-13","WMB","Williams Companies Inc.","NYSE","21460416","22384293","8457392","2.54",,
"2020-11-13","WMT","Walmart Inc.","NYSE","15391971","15047926","5269942","2.92",,
"2020-11-13","XOM","Exxon Mobil Corporation","NYSE","50847609","50505964","36813754","1.38",,
"2020-10-15","AAPL","Apple Inc. Common Stock","NNM","83252522","88087882","132932447","1.00",,
"2020-10-15","ABBV","ABBVIE INC.","NYSE","10636564","12944987","6139215","1.73",,
"2020-10-15","ABT","Abbott Laboratories","NYSE","9387295","9437987","4089803","2.30",,
"2020-10-15","ADBE","Adobe Inc. Common Stock","NNM","4233054","4366911","2006710","2.11",,
"2020-10-15","ADI","Analog Devices, Inc. Common St","NNM","22823902","20141096","3053706","7.47",,
"2020-10-15","ADP","Automatic Data Processing, Inc","NNM","5436591","5600389","2053777","2.65",,
"2020-10-15","AEP","American Electric Power Compan","NNM","7765745","8367825","2568658","3.02",,
"2020-10-15","AFL","Aflac Inc.","NYSE","9928371","9526000","2594304","3.83",,
"2020-10-15","AJG","Arthur J. Gallagher & Co.","NYSE","1479192","1503946","584439","2.53",,
"2020-10-15","ALL","The Allstate Corporation","NYSE","6154396","9597731","1703109","3.61",,
"2020-10-15","AMAT","Applied Materials, Inc. Common","NNM","13301676","14562681","5925435","2.24",,
"2020-10-15","AMD","Advanced Micro Devices, Inc. C","NNM","26672404","28289103","46609188","1.00",,
"2020-10-15","AMGN","Amgen Inc. Common Stock","NNM","6724895","6125745","2669396","2.52",,
"2020-10-15","AMT","American Tower Corporation","NYSE","3415427","2313366","1806667","1.89",,
"2020-10-15","AMZN","Amazon.com, Inc. Common Stock","NNM","2509939","2748588","4699301","1.00",,
"2020-10-15","ANET","Arista Networks","NYSE","4117158","3939285","570038","7.22",,
"2020-10-15","AON","Aon plc Class A","NYSE","18558559","17836815","1039399","17.86",,
"2020-10-15","APD","Air Products & Chemicals, Inc.","NYSE","1228644","1664226","881035","1.39",,
"2020-10-15","APH","Amphenol Corporation","NYSE","1882281","1699837","1110742","1.69",,
"2020-10-15","APO","Apollo Global Management, Inc.","NYSE","5179037","4314864","1229014","4.21",,
"2020-10-15","AVGO","Broadcom Inc. Common Stock","NNM","4029027","3900917","1528083","2.64",,
"2020-10-15","AXP","American Express Company","NYSE","6969689","7635293","2879446","2.42",,
"2020-10-15","BA","Boeing Company","NYSE","11221632","9722102","20962752","1.00",,
"2020-10-15","BAC","Bank of America Corporation","NYSE","66546883","67128160","53614133","1.24",,
"2020-10-15","BKNG","Booking Holdings Inc. Common S","NNM","1032560","1229567","280449","3.68",,
"2020-10-15","BLK","Blackrock, Inc.","NYSE","1333752","1209528","576848","2.31",,
"2020-10-15","BMY","Bristol-Myers Squibb Co.","NYSE","13754707","11622865","9998678","1.38",,
"2020-10-15","BNY","BlackRock New York Municipal I","NYSE","15307","10120","23276","1.00",,
"2020-10-15","BRKA","Berkshire Hathaway Inc.","NYSE","267","217","259","1.03",,
"2020-10-15","BRKB","BERKSHIRE HATHAWAY Class B","NYSE","10582440","11145428","3853550","2.75",,
"2020-10-15","BSX","Boston Scientific Corp.","NYSE","11519733","12919088","6233574","1.85",,
"2020-10-15","BX","The Blackstone Group Inc. Clas","NYSE","8482769","7893127","2058328","4.12",,
"2020-10-15","C","Citigroup Inc.","NYSE","21924770","16579418","25464400","1.00",,
"2020-10-15","CAT","Caterpillar Inc.","NYSE","8640478","6756543","2771259","3.12",,
"2020-10-15","CCZ","Comcast Holdings Corp. 2.0% Ex","NYSE","255","232","88","2.90",,
"2020-10-15","CDNS","Cadence Design Systems, Inc. C","NNM","2456836","2294751","1125929","2.18",,
"2020-10-15","CI","CIGNA Corporation","NYSE","3649646","3736954","1279060","2.85",,
"2020-10-15","CL","Colgate-Palmolive Company","NYSE","7603789","7806785","2534186","3.00",,
"2020-10-15","CMCSA","Comcast Corporation Class A Co","NNM","79141056","80155155","15486226","5.11",,
"2020-10-15","CME","CME Group Inc. Class A Common","NNM","5219273","5102180","1263151","4.13",,
"2020-10-15","CMI","Cummins Inc.","NYSE","2714386","3241314","826922","3.28",,
"2020-10-15","COF","Capital One Financial","NYSE","6766628","6171428","2140825","3.16",,
"2020-10-15","COP","ConocoPhillips","NYSE","12050880","10863735","6566274","1.84",,
"2020-10-15","COST","Costco Wholesale Corporation C","NNM","3174711","3157997","1907415","1.66",,
"2020-10-15","CRM","salesforce.com, inc.","NYSE","11247562","11793641","3924189","2.87",,
"2020-10-15","CRWD","CrowdStrike Holdings, Inc. Cla","NNM","10754401","12445645","4388945","2.45",,
"2020-10-15","CSCO","Cisco Systems, Inc. Common Sto","NNM","42493321","35048294","19859378","2.14",,
"2020-10-15","CSX","CSX Corporation Common Stock","NNM","6419688","7813275","3282454","1.96",,
"2020-10-15","CTAS","Cintas Corporation Common Stoc","NNM","1115971","1283221","390809","2.86",,
"2020-10-15","CVNA","Carvana Co.","NYSE","19758959","18596937","1383593","14.28",,
"2020-10-15","CVS","CVS HEALTH CORPORATION","NYSE","19492552","19920898","5448592","3.58",,
"2020-10-15","CVX","Chevron Corporation","NYSE","16368339","19472322","10722454","1.53",,
"2020-10-15","D","Dominion Energy, Inc Common St","NYSE","18658352","23067029","2832004","6.59",,
"2020-10-15","DDOG","Datadog, Inc. Class A Common S","NNM","18087571","19564815","5401629","3.35",,
"2020-10-15","DE","Deere & Company","NYSE","2571008","2727462","1192984","2.16",,
"2020-10-15","DELL","Dell Technologies Inc.","NYSE","6813371","8804856","1435461","4.75",,
"2020-10-15","DHR","Danaher Corporation","NYSE","5301216","4921960","1598087","3.32",,
"2020-10-15","DIS","The Walt Disney Company","NYSE","15610960","17066783","9486187","1.65",,
"2020-10-15","DLR","Digital Realty Trust, Inc.","NYSE","7576447","6925612","1172753","6.46",,
"2020-10-15","DUK","Duke Energy Corporation","NYSE","37128153","36951259","3247667","11.43",,
"2020-10-15","ECL","Ecolab, Inc.","NYSE","2958213","3423874","973833","3.04",,
"2020-10-15","EMR","Emerson Electric Co.","NYSE","9301946","8420394","1925030","4.83",,
"2020-10-15","EOG","EOG Resources, Inc.","NYSE","12555335","9006944","4619468","2.72",,
"2020-10-15","EPD","Enterprise Products Partners L","NYSE","36143085","34871748","6404420","5.64",,
"2020-10-15","EQIX","Equinix, Inc. Common Stock REI","NNM","972680","915815","354543","2.74",,
"2020-10-15","FCX","Freeport-McMoran Inc.","NYSE","31598063","34222190","17128388","1.84",,
"2020-10-15","FDX","FedEx Corporation","NYSE","3622227","3837037","2219138","1.63",,
"2020-10-15","FTNT","Fortinet, Inc. Common Stock","NNM","5117908","5068327","1109238","4.61",,
"2020-10-15","GD","General Dynamics Corporation","NYSE","3089221","2327078","1157094","2.67",,
"2020-10-15","GE","General Electric Company","NYSE","97701898","88796019","92542091","1.06",,
"2020-10-15","GILD","Gilead Sciences, Inc. Common S","NNM","20501081","19358527","7101569","2.89",,
"2020-10-15","GLW","Corning Incorporated","NYSE","14734540","16960388","4105252","3.59",,
"2020-10-15","GM","General Motors Company","NYSE","20968245","19723591","9496126","2.21",,
"2020-10-15","GOOG","Alphabet Inc. Class C Capital","NNM","2381334","2557893","1431601","1.66",,
"2020-10-15","GOOGL","Alphabet Inc. Class A Common S","NNM","2930881","2367303","1514400","1.94",,
"2020-10-15","GS","Goldman Sachs Group Inc.","NYSE","4260927","5010277","2932908","1.45",,
"2020-10-15","GWW","W.W. Grainger, Inc.","NYSE","927804","971167","256509","3.62",,
"2020-10-15","HCA","HCA Healthcare, Inc.","NYSE","4744138","3800130","1357651","3.49",,
"2020-10-15","HD","Home Depot, Inc.","NYSE","6224274","5873394","2383335","2.61",,
"2020-10-15","HLT","Hilton Worldwide Holdings Inc.","NYSE","9461502","10710920","1690777","5.60",,
"2020-10-15","HON","Honeywell International, Inc.","NYSE","4812471","5770276","2144462","2.24",,
"2020-10-15","HPE","Hewlett Packard Enterprise Com","NYSE","39082877","41955328","8228630","4.75",,
"2020-10-15","HWM","Howmet Aerospace Inc.","NYSE","8872636","10456257","1799514","4.93",,
"2020-10-15","IBKR","Interactive Brokers Group, Inc","NNM","2428094","3059315","396064","6.13",,
"2020-10-15","IBM","International Business Machine","NYSE","22921703","21800506","5753613","3.98",,
"2020-10-15","ICE","Intercontinental Exchange  Inc","NYSE","5722697","5816945","2202778","2.60",,
"2020-10-15","INTC","Intel Corporation Common Stock","NNM","96182648","118190637","21093367","4.56",,
"2020-10-15","INTU","Intuit Inc. Common Stock","NNM","2908666","2575582","974948","2.98",,
"2020-10-15","ISRG","Intuitive Surgical, Inc. Commo","NNM","2126057","2161483","441481","4.82",,
"2020-10-15","ITW","Illinois Tool Works Inc.","NYSE","5286128","5574476","789037","6.70",,
"2020-10-15","JNJ","Johnson & Johnson","NYSE","11207340","11450022","5742085","1.95",,
"2020-10-15","JPM","JPMorgan Chase & Co.","NYSE","22835707","20297746","14790674","1.54",,
"2020-10-15","KKR","KKR & Co. Inc.","NYSE","13402154","14474766","2037339","6.58",,
"2020-10-15","KLAC","KLA Corporation Common Stock","NNM","2831106","3011545","1014160","2.79",,
"2020-10-15","KMI","Kinder Morgan, Inc.","NYSE","22615978","18668987","13100863","1.73",,
"2020-10-15","KO","Coca-Cola Company","NYSE","23381039","19443107","11083238","2.11",,
"2020-10-15","LIN","Linde plc Ordinary Share","NYSE","3771075","4197333","1730277","2.18",,
"2020-10-15","LLY","Eli Lilly & Co.","NYSE","5282682","3767595","3516892","1.50",,
"2020-10-15","LMT","Lockheed Martin Corp.","NYSE","2577423","2634642","833578","3.09",,
"2020-10-15","LOW","Lowe's Companies Inc.","NYSE","4598502","4581062","2730553","1.68",,
"2020-10-15","LRCX","Lam Research Corporation Commo","NNM","3913790","4206555","1218544","3.21",,
"2020-10-15","MA","Mastercard Incorporated","NYSE","4789501","4051349","2291084","2.09",,
"2020-10-15","MAR","Marriott International Class A","NNM","8253641","9645333","2025268","4.08",,
"2020-10-15","MCD","McDonald's Corporation","NYSE","4855452","4526161","2402224","2.02",,
"2020-10-15","MCK","McKesson Corporation","NYSE","1839777","2106637","936374","1.96",,
"2020-10-15","MCO","Moody's Corporation","NYSE","1950138","1939944","425288","4.59",,
"2020-10-15","MDLZ","Mondelez International, Inc. C","NNM","9289148","8950030","4976303","1.87",,
"2020-10-15","MDT","Medtronic plc","NYSE","6977444","6548444","3377159","2.07",,
"2020-10-15","MMM","3M Company","NYSE","5994886","5641206","1623301","3.69",,
"2020-10-15","MNST","Monster Beverage Corporation","NNM","6714269","5189394","2229015","3.01",,
"2020-10-15","MO","Altria Group, Inc.","NYSE","11948802","12455009","6380059","1.87",,
"2020-10-15","MPC","MARATHON PETROLEUM CORPORATION","NYSE","30310551","24689846","5703199","5.31",,
"2020-10-15","MPWR","Monolithic Power Systems, Inc.","NNM","1041629","1003675","288136","3.62",,
"2020-10-15","MRK","Merck & Co., Inc.","NYSE","10529415","10979550","7315624","1.44",,
"2020-10-15","MRVL","Marvell Technology Group Ltd.","NNM","18071223","17205377","7630850","2.37",,
"2020-10-15","MS","Morgan Stanley","NYSE","14971062","42587114","16614175","1.00",,
"2020-10-15","MSFT","Microsoft Corporation Common S","NNM","35046001","39634230","24985199","1.40",,
"2020-10-15","MSI","Motorola Solutions, Inc. New","NYSE","4285189","4131140","694223","6.17",,
"2020-10-15","MU","Micron Technology, Inc. Common","NNM","31677841","28157620","15721714","2.01",,
"2020-10-15","NEE","Nextra Energy, Inc.","NYSE","5463251","5630657","1691617","3.23",,
"2020-10-15","NEM","Newmont Corporation","NYSE","9625960","8151256","4344226","2.22",,
"2020-10-15","NET","Cloudflare, Inc. Class A commo","NYSE","10752523","11367489","7564841","1.42",,
"2020-10-15","NFLX","Netflix, Inc. Common Stock","NNM","9416477","9440450","5538877","1.70",,
"2020-10-15","NKE","Nike, Inc.","NYSE","12992749","9373183","4784080","2.72",,
"2020-10-15","NOC","Northrop Grumman Corp.","NYSE","1747895","1276168","956157","1.83",,
"2020-10-15","NOW","SERVICENOW, INC.","NYSE","2822530","3070023","983701","2.87",,
"2020-10-15","NSC","Norfolk Southern Corp.","NYSE","2333752","3090612","1097145","2.13",,
"2020-10-15","NVDA","NVIDIA Corporation Common Stoc","NNM","6627624","6988992","10294181","1.00",,
"2020-10-15","ORCL","Oracle Corp","NYSE","24328745","23286365","7127555","3.41",,
"2020-10-15","ORLY","O'Reilly Automotive, Inc. Comm","NNM","858203","825054","384088","2.23",,
"2020-10-15","PANW","PALO ALTO NETWORKS, INC","NYSE","4170873","4338984","661479","6.31",,
"2020-10-15","PCAR","PACCAR Inc. Common Stock","NNM","4055171","3989141","1163251","3.49",,
"2020-10-15","PEP","PepsiCo, Inc. Common Stock","NNM","9062526","8376262","4147625","2.18",,
"2020-10-15","PFE","Pfizer Inc.","NYSE","40439423","45163995","18577037","2.18",,
"2020-10-15","PG","Procter & Gamble Company","NYSE","12986342","12970376","4917546","2.64",,
"2020-10-15","PGR","Progressive Corporation","NYSE","6588261","6571436","1718522","3.83",,
"2020-10-15","PH","Parker-Hannifin Corporation","NYSE","1594481","1182178","573793","2.78",,
"2020-10-15","PLD","PROLOGIS, INC.","NYSE","9120896","6900167","2230175","4.09",,
"2020-10-15","PLTR","Palantir Technologies Inc. Cla","NYSE","49673238","0","42915249","1.16",,
"2020-10-15","PM","Philip Morris International In","NYSE","6875992","6518955","3721273","1.85",,
"2020-10-15","PNC","PNC Financial Services Group","NYSE","5765621","6085749","1899309","3.04",,
"2020-10-15","PSX","PHILLIPS 66","NYSE","8704454","9153006","2646513","3.29",,
"2020-10-15","PWR","Quanta Services, Inc.","NYSE","3141875","3328793","1280016","2.45",,
"2020-10-15","QCOM","QUALCOMM Incorporated Common S","NNM","16064976","15408125","6948174","2.31",,
"2020-10-15","RCL","Royal Caribbean Group","NYSE","19002280","17953184","7563933","2.51",,
"2020-10-15","REGN","Regeneron Pharmaceuticals, Inc","NNM","2331797","2050609","1503967","1.55",,
"2020-10-15","ROST","Ross Stores, Inc. Common Stock","NNM","4270667","4618759","1227643","3.48",,
"2020-10-15","RSG","Republic Services Inc.","NYSE","2769036","2652458","1033475","2.68",,
"2020-10-15","RTX","Raytheon Technologies Corporat","NYSE","13152411","13713118","5615154","2.34",,
"2020-10-15","SBUX","Starbucks Corporation Common S","NNM","11460088","12548981","5491645","2.09",,
"2020-10-15","SCCO","Southern Copper Corporation","NYSE","5848524","5794371","599055","9.76",,
"2020-10-15","SCHW","The Charles Schwab Corporation","NYSE","23751662","80847532","21242926","1.12",,
"2020-10-15","SHW","The Sherwin-Williams Company","NYSE","938238","910555","424964","2.21",,
"2020-10-15","SNOW","Snowflake Inc.","NYSE","5323316","5472088","1973285","2.70",,
"2020-10-15","SNPS","Synopsys, Inc. Common Stock","NNM","2033336","1736802","556923","3.65",,
"2020-10-15","SO","The Southern Company","NYSE","9834249","9848526","3855815","2.55",,
"2020-10-15","SPG","Simon Property Group, Inc.","NYSE","27123575","28614199","3654816","7.42",,
"2020-10-15","SPGI","S&P Global Inc.","NYSE","2412901","2523426","671789","3.59",,
"2020-10-15","SYK","Stryker Corporation","NYSE","3729806","4194978","902985","4.13",,
"2020-10-15","T","AT&T Inc.","NYSE","124975730","118866643","35443624","3.53",,
"2020-10-15","TDG","TransDigm Group Incorporated","NYSE","2361002","2791478","338359","6.98",,
"2020-10-15","TFC","Truist Financial Corporation","NYSE","18342572","13750735","5482563","3.35",,
"2020-10-15","TGT","Target Corporation","NYSE","9104357","8784923","2316611","3.93",,
"2020-10-15","TJX","TJX Companies, Inc. (The)","NYSE","9593198","10773451","4314802","2.22",,
"2020-10-15","TMO","Thermo Fisher Scientific, Inc.","NYSE","2212349","2372774","941444","2.35",,
"2020-10-15","TMUS","T-Mobile US, Inc. Common Stock","NNM","15906912","15101058","3779526","4.21",,
"2020-10-15","TRV","The Travelers Companies, Inc.","NYSE","5035148","5184809","1093577","4.60",,
"2020-10-15","TSLA","Tesla, Inc. Common Stock","NNM","52955116","57129067","40867643","1.30",,
"2020-10-15","TXN","Texas Instruments Incorporated","NNM","13259040","13444465","3274231","4.05",,
"2020-10-15","UBER","Uber Technologies, Inc.","NYSE","56656072","62310447","13825514","4.10",,
"2020-10-15","UNH","UNITEDHEALTH GROUP INCORPORATE","NYSE","5468098","5007183","2310720","2.37",,
"2020-10-15","UNP","Union Pacific Corp.","NYSE","4348049","3846996","2253608","1.93",,
"2020-10-15","UPS","United Parcel Service, Inc. Cl","NYSE","6956070","7696246","3071497","2.26",,
"2020-10-15","URI","United Rentals, Inc.","NYSE","6234658","6449076","861072","7.24",,
"2020-10-15","USB","U.S. Bancorp","NYSE","12650064","11398381","5835896","2.17",,
"2020-10-15","V","VISA Inc.","NYSE","22306860","25728595","5362214","4.16",,
"2020-10-15","VLO","Valero Energy Corporation","NYSE","13072479","11679268","4689450","2.79",,
"2020-10-15","VRT","Vertiv Holdings Co Class A Com","NYSE","10919214","12869361","2071995","5.27",,
"2020-10-15","VRTX","Vertex Pharmaceuticals Incorpo","NNM","3163739","3388459","946649","3.34",,
"2020-10-15","VZ","Verizon Communications","NYSE","28821356","27017981","13179640","2.19",,
"2020-10-15","WDC","Western Digital Corporation Co","NNM","10768586","10535234","4600526","2.34",,
"2020-10-15","WELL","Welltower Inc.","NYSE","11889897","11456499","2406694","4.94",,
"2020-10-15","WFC","Wells Fargo & Co.","NYSE","34591805","43686945","30850202","1.12",,
"2020-10-15","WM","Waste Management, Inc.","NYSE","3651617","3272923","1108554","3.29",,
"2020-10-15","WMB","Williams Companies Inc.","NYSE","22110135","23957642","8614264","2.57",,
"2020-10-15","WMT","Walmart Inc.","NYSE","14910270","15357780","6413833","2.32",,
"2020-10-15","XOM","Exxon Mobil Corporation","NYSE","46593711","44813872","23942498","1.95",,
"2020-10-30","AAPL","Apple Inc. Common Stock","NNM","80528396","83252544","102609576","1.00",,"R"
"2020-10-30","ABBV","ABBVIE INC.","NYSE","12838422","10636564","7248160","1.77",,
"2020-10-30","ABT","Abbott Laboratories","NYSE","9924969","9387295","4533423","2.19",,
"2020-10-30","ADBE","Adobe Inc. Common Stock","NNM","4643770","4233069","1878079","2.47",,"R"
"2020-10-30","ADI","Analog Devices, Inc. Common St","NNM","24467866","22823902","2413674","10.14",,
"2020-10-30","ADP","Automatic Data Processing, Inc","NNM","4535293","5436593","1815226","2.50",,"R"
"2020-10-30","AEP","American Electric Power Compan","NNM","7872607","7765755","2613865","3.01",,"R"
"2020-10-30","AFL","Aflac Inc.","NYSE","8592002","9928440","3174067","2.71",,"R"
"2020-10-30","AJG","Arthur J. Gallagher & Co.","NYSE","1637566","1479192","775570","2.11",,
"2020-10-30","ALL","The Allstate Corporation","NYSE","4007696","6154396","1757851","2.28",,
"2020-10-30","AMAT","Applied Materials, Inc. Common","NNM","14032408","13301676","5661415","2.48",,
"2020-10-30","AMD","Advanced Micro Devices, Inc. C","NNM","47110639","26672404","52886759","1.00",,
"2020-10-30","AMGN","Amgen Inc. Common Stock","NNM","7112230","6724895","2167475","3.28",,
"2020-10-30","AMT","American Tower Corporation","NYSE","3383119","3415437","1403521","2.41",,"R"
"2020-10-30","AMZN","Amazon.com, Inc. Common Stock","NNM","3138429","2509942","4615609","1.00",,"R"
"2020-10-30","ANET","Arista Networks","NYSE","4253589","4117158","529138","8.04",,
"2020-10-30","AON","Aon plc Class A","NYSE","18744182","18558559","1120936","16.72",,
"2020-10-30","APD","Air Products & Chemicals, Inc.","NYSE","1356271","1228653","646006","2.10",,"R"
"2020-10-30","APH","Amphenol Corporation","NYSE","2106672","1882281","1470079","1.43",,
"2020-10-30","APO","Apollo Global Management, Inc.","NYSE","5532211","5179037","2201816","2.51",,
"2020-10-30","AVGO","Broadcom Inc. Common Stock","NNM","3501631","4029059","1228127","2.85",,"R"
"2020-10-30","AXP","American Express Company","NYSE","7867008","6969689","4161244","1.89",,
"2020-10-30","BA","Boeing Company","NYSE","11080347","11221641","14800927","1.00",,"R"
"2020-10-30","BAC","Bank of America Corporation","NYSE","73097357","66546883","52188984","1.40",,
"2020-10-30","BKNG","Booking Holdings Inc. Common S","NNM","863754","1032560","307966","2.80",,
"2020-10-30","BLK","Blackrock, Inc.","NYSE","1157456","1333778","506735","2.28",,"R"
"2020-10-30","BMY","Bristol-Myers Squibb Co.","NYSE","15712103","13754707","7969290","1.97",,
"2020-10-30","BNY","BlackRock New York Municipal I","NYSE","10116","15307","16836","1.00",,
"2020-10-30","BRKA","Berkshire Hathaway Inc.","NYSE","344","267","219","1.57",,
"2020-10-30","BRKB","BERKSHIRE HATHAWAY Class B","NYSE","10569254","10582440","3675884","2.88",,
"2020-10-30","BSX","Boston Scientific Corp.","NYSE","12170850","11519733","13125414","1.00",,
"2020-10-30","BX","The Blackstone Group Inc. Clas","NYSE","9487221","8482769","2514847","3.77",,
"2020-10-30","C","Citigroup Inc.","NYSE","22511201","21924792","20883318","1.08",,"R"
"2020-10-30","CAT","Caterpillar Inc.","NYSE","6773697","8640508","3448296","1.96",,"R"
"2020-10-30","CCZ","Comcast Holdings Corp. 2.0% Ex","NYSE","74","255","141","1.00",,
"2020-10-30","CDNS","Cadence Design Systems, Inc. C","NNM","2892711","2456836","1309900","2.21",,
"2020-10-30","CI","CIGNA Corporation","NYSE","3706155","3649661","1715201","2.16",,"R"
"2020-10-30","CL","Colgate-Palmolive Company","NYSE","9359040","7603789","2960838","3.16",,
"2020-10-30","CMCSA","Comcast Corporation Class A Co","NNM","82431604","79141056","13695594","6.02",,
"2020-10-30","CME","CME Group Inc. Class A Common","NNM","5245131","5219273","1571162","3.34",,
"2020-10-30","CMI","Cummins Inc.","NYSE","2681444","2714396","958704","2.80",,"R"
"2020-10-30","COF","Capital One Financial","NYSE","5263952","6766628","4209552","1.25",,
"2020-10-30","COP","ConocoPhillips","NYSE","25825729","12050880","14017561","1.84",,
"2020-10-30","COST","Costco Wholesale Corporation C","NNM","2625012","3174711","1580460","1.66",,
"2020-10-30","CRM","salesforce.com, inc.","NYSE","11610733","11247570","3466933","3.35",,"R"
"2020-10-30","CRWD","CrowdStrike Holdings, Inc. Cla","NNM","12138462","10754401","3041658","3.99",,
"2020-10-30","CSCO","Cisco Systems, Inc. Common Sto","NNM","44020471","42493321","22418357","1.96",,
"2020-10-30","CSX","CSX Corporation Common Stock","NNM","7635344","6419688","4233598","1.80",,
"2020-10-30","CTAS","Cintas Corporation Common Stoc","NNM","912227","1115971","349135","2.61",,
"2020-10-30","CVNA","Carvana Co.","NYSE","19878234","19758985","1412095","14.08",,"R"
"2020-10-30","CVS","CVS HEALTH CORPORATION","NYSE","19866806","19492552","6609213","3.01",,
"2020-10-30","CVX","Chevron Corporation","NYSE","14360349","16368404","9633937","1.49",,"R"
"2020-10-30","D","Dominion Energy, Inc Common St","NYSE","14025681","18658352","3086577","4.54",,
"2020-10-30","DDOG","Datadog, Inc. Class A Common S","NNM","16759631","18087571","2648383","6.33",,
"2020-10-30","DE","Deere & Company","NYSE","2087013","2571008","1097539","1.90",,
"2020-10-30","DELL","Dell Technologies Inc.","NYSE","5039387","6813379","1277212","3.95",,"R"
"2020-10-30","DHR","Danaher Corporation","NYSE","6017094","5301216","2429863","2.48",,
"2020-10-30","DIS","The Walt Disney Company","NYSE","17190145","15610960","6625524","2.59",,
"2020-10-30","DLR","Digital Realty Trust, Inc.","NYSE","6824478","7576447","889579","7.67",,
"2020-10-30","DUK","Duke Energy Corporation","NYSE","35975801","37128153","2757981","13.04",,
"2020-10-30","ECL","Ecolab, Inc.","NYSE","2566012","2958227","1033604","2.48",,"R"
"2020-10-30","EMR","Emerson Electric Co.","NYSE","9600441","9301946","2503141","3.84",,
"2020-10-30","EOG","EOG Resources, Inc.","NYSE","13377472","12555335","6343418","2.11",,
"2020-10-30","EPD","Enterprise Products Partners L","NYSE","32906875","36143085","8062479","4.08",,
"2020-10-30","EQIX","Equinix, Inc. Common Stock REI","NNM","631973","972680","332445","1.90",,
"2020-10-30","FCX","Freeport-McMoran Inc.","NYSE","25063970","31598063","16939759","1.48",,
"2020-10-30","FDX","FedEx Corporation","NYSE","3190834","3622227","2728405","1.17",,
"2020-10-30","FTNT","Fortinet, Inc. Common Stock","NNM","3395468","5117908","1066980","3.18",,
"2020-10-30","GD","General Dynamics Corporation","NYSE","3381713","3089221","1390220","2.43",,
"2020-10-30","GE","General Electric Company","NYSE","81664540","97701898","116342011","1.00",,
"2020-10-30","GILD","Gilead Sciences, Inc. Common S","NNM","22696400","20501081","11734759","1.93",,
"2020-10-30","GLW","Corning Incorporated","NYSE","10719543","14734540","3916710","2.74",,
"2020-10-30","GM","General Motors Company","NYSE","19865559","20968245","16351388","1.21",,
"2020-10-30","GOOG","Alphabet Inc. Class C Capital","NNM","2461144","2381334","1592922","1.55",,
"2020-10-30","GOOGL","Alphabet Inc. Class A Common S","NNM","2937257","2930881","1763233","1.67",,
"2020-10-30","GS","Goldman Sachs Group Inc.","NYSE","3859198","4260940","2875095","1.34",,"R"
"2020-10-30","GWW","W.W. Grainger, Inc.","NYSE","936166","927804","356420","2.63",,
"2020-10-30","HCA","HCA Healthcare, Inc.","NYSE","4687232","4744170","1165328","4.02",,"R"
"2020-10-30","HD","Home Depot, Inc.","NYSE","6043800","6224274","2428788","2.49",,
"2020-10-30","HLT","Hilton Worldwide Holdings Inc.","NYSE","9866096","9461516","2221713","4.44",,"R"
"2020-10-30","HON","Honeywell International, Inc.","NYSE","4101277","4812510","2153765","1.90",,"R"
"2020-10-30","HPE","Hewlett Packard Enterprise Com","NYSE","38336086","39082877","9875533","3.88",,
"2020-10-30","HWM","Howmet Aerospace Inc.","NYSE","7946555","8872670","1860290","4.27",,"R"
"2020-10-30","IBKR","Interactive Brokers Group, Inc","NNM","2375183","2428094","441943","5.37",,
"2020-10-30","IBM","International Business Machine","NYSE","24559462","22921703","7684363","3.20",,
"2020-10-30","ICE","Intercontinental Exchange  Inc","NYSE","4770457","5722697","2233989","2.14",,
"2020-10-30","INTC","Intel Corporation Common Stock","NNM","86538932","96182647","40032336","2.16",,"R"
"2020-10-30","INTU","Intuit Inc. Common Stock","NNM","1986517","2908684","786604","2.53",,"R"
"2020-10-30","ISRG","Intuitive Surgical, Inc. Commo","NNM","1717951","2126057","497895","3.45",,
"2020-10-30","ITW","Illinois Tool Works Inc.","NYSE","4588599","5286172","957158","4.79",,"R"
"2020-10-30","JNJ","Johnson & Johnson","NYSE","12771754","11207340","5525698","2.31",,
"2020-10-30","JPM","JPMorgan Chase & Co.","NYSE","21794575","22835707","11846833","1.84",,
"2020-10-30","KKR","KKR & Co. Inc.","NYSE","12951268","13402154","2061661","6.28",,
"2020-10-30","KLAC","KLA Corporation Common Stock","NNM","2859062","2831147","881029","3.25",,"R"
"2020-10-30","KMI","Kinder Morgan, Inc.","NYSE","27056862","22615978","14991246","1.80",,
"2020-10-30","KO","Coca-Cola Company","NYSE","24160850","23381039","13137864","1.84",,
"2020-10-30","LIN","Linde plc Ordinary Share","NYSE","3508795","3771075","1444368","2.43",,
"2020-10-30","LLY","Eli Lilly & Co.","NYSE","4887259","5282682","3667821","1.33",,
"2020-10-30","LMT","Lockheed Martin Corp.","NYSE","2632547","2577423","1261321","2.09",,
"2020-10-30","LOW","Lowe's Companies Inc.","NYSE","4950082","4598510","3515663","1.41",,"R"
"2020-10-30","LRCX","Lam Research Corporation Commo","NNM","3646386","3913794","1320178","2.76",,"R"
"2020-10-30","MA","Mastercard Incorporated","NYSE","4944033","4789501","4314489","1.15",,
"2020-10-30","MAR","Marriott International Class A","NNM","7966532","8253641","2229300","3.57",,
"2020-10-30","MCD","McDonald's Corporation","NYSE","5201764","4855474","1991329","2.61",,"R"
"2020-10-30","MCK","McKesson Corporation","NYSE","1685449","1839777","699210","2.41",,
"2020-10-30","MCO","Moody's Corporation","NYSE","1623037","1950156","659742","2.46",,"R"
"2020-10-30","MDLZ","Mondelez International, Inc. C","NNM","8840197","9289148","4460278","1.98",,
"2020-10-30","MDT","Medtronic plc","NYSE","7262327","6977444","4558804","1.59",,
"2020-10-30","MMM","3M Company","NYSE","6806021","5994886","2226656","3.06",,
"2020-10-30","MNST","Monster Beverage Corporation","NNM","7509970","6714269","1781817","4.21",,
"2020-10-30","MO","Altria Group, Inc.","NYSE","13048817","11948802","6860493","1.90",,
"2020-10-30","MPC","MARATHON PETROLEUM CORPORATION","NYSE","30928329","30310551","5788281","5.34",,
"2020-10-30","MPWR","Monolithic Power Systems, Inc.","NNM","1068956","1041629","258721","4.13",,
"2020-10-30","MRK","Merck & Co., Inc.","NYSE","14751083","10529415","7842339","1.88",,
"2020-10-30","MRVL","Marvell Technology Group Ltd.","NNM","14572282","18071223","8494622","1.72",,
"2020-10-30","MS","Morgan Stanley","NYSE","19722498","14971062","12348344","1.60",,
"2020-10-30","MSFT","Microsoft Corporation Common S","NNM","36796420","35046027","26939998","1.37",,"R"
"2020-10-30","MSI","Motorola Solutions, Inc. New","NYSE","3102206","4285189","818242","3.79",,
"2020-10-30","MU","Micron Technology, Inc. Common","NNM","28756504","31677899","13448035","2.14",,"R"
"2020-10-30","NEE","Nextra Energy, Inc.","NYSE","22345984","5463277","6259038","3.57","S","R"
"2020-10-30","NEM","Newmont Corporation","NYSE","7993813","9625960","4536532","1.76",,
"2020-10-30","NET","Cloudflare, Inc. Class A commo","NYSE","10897960","10752523","3666562","2.97",,
"2020-10-30","NFLX","Netflix, Inc. Common Stock","NNM","10418524","9416484","7274609","1.43",,"R"
"2020-10-30","NKE","Nike, Inc.","NYSE","12685226","12992749","4434502","2.86",,
"2020-10-30","NOC","Northrop Grumman Corp.","NYSE","1888226","1747895","1014845","1.86",,
"2020-10-30","NOW","SERVICENOW, INC.","NYSE","2473190","2822530","1158570","2.13",,
"2020-10-30","NSC","Norfolk Southern Corp.","NYSE","1943923","2333752","1179712","1.65",,
"2020-10-30","NVDA","NVIDIA Corporation Common Stoc","NNM","6101774","6627635","6343127","1.00",,"R"
"2020-10-30","ORCL","Oracle Corp","NYSE","24982595","24328745","10231508","2.44",,
"2020-10-30","ORLY","O'Reilly Automotive, Inc. Comm","NNM","910661","858223","445269","2.05",,"R"
"2020-10-30","PANW","PALO ALTO NETWORKS, INC","NYSE","3879552","4170873","718444","5.40",,
"2020-10-30","PCAR","PACCAR Inc. Common Stock","NNM","4233167","4055171","1861840","2.27",,
"2020-10-30","PEP","PepsiCo, Inc. Common Stock","NNM","8742313","9062526","3184716","2.75",,
"2020-10-30","PFE","Pfizer Inc.","NYSE","45925049","40439423","25714476","1.79",,
"2020-10-30","PG","Procter & Gamble Company","NYSE","13906475","12986342","5549380","2.51",,
"2020-10-30","PGR","Progressive Corporation","NYSE","4725730","6588261","1740947","2.71",,
"2020-10-30","PH","Parker-Hannifin Corporation","NYSE","1355498","1594481","684361","1.98",,
"2020-10-30","PLD","PROLOGIS, INC.","NYSE","7058034","9120896","1770797","3.99",,
"2020-10-30","PLTR","Palantir Technologies Inc. Cla","NYSE","38842101","49673238","18187664","2.14",,
"2020-10-30","PM","Philip Morris International In","NYSE","7212478","6875992","5049280","1.43",,
"2020-10-30","PNC","PNC Financial Services Group","NYSE","4732233","5765621","1715410","2.76",,
"2020-10-30","PSX","PHILLIPS 66","NYSE","8241109","8704454","3334710","2.47",,
"2020-10-30","PWR","Quanta Services, Inc.","NYSE","2347852","3141875","1312672","1.79",,
"2020-10-30","QCOM","QUALCOMM Incorporated Common S","NNM","15362571","16064976","5093841","3.02",,
"2020-10-30","RCL","Royal Caribbean Group","NYSE","15944424","19002321","6350322","2.51",,"R"
"2020-10-30","REGN","Regeneron Pharmaceuticals, Inc","NNM","2165977","2331797","603336","3.59",,
"2020-10-30","ROST","Ross Stores, Inc. Common Stock","NNM","3112628","4270715","1954482","1.59",,"R"
"2020-10-30","RSG","Republic Services Inc.","NYSE","2426364","2769036","771735","3.14",,
"2020-10-30","RTX","Raytheon Technologies Corporat","NYSE","13527623","13152411","8844407","1.53",,
"2020-10-30","SBUX","Starbucks Corporation Common S","NNM","10502141","11460088","6185466","1.70",,
"2020-10-30","SCCO","Southern Copper Corporation","NYSE","5970815","5848524","903936","6.61",,
"2020-10-30","SCHW","The Charles Schwab Corporation","NYSE","18345085","23751662","10084442","1.82",,
"2020-10-30","SHW","The Sherwin-Williams Company","NYSE","854846","938264","448014","1.91",,"R"
"2020-10-30","SNOW","Snowflake Inc.","NYSE","6269341","5323316","2657489","2.36",,
"2020-10-30","SNPS","Synopsys, Inc. Common Stock","NNM","1427388","2033336","521319","2.74",,
"2020-10-30","SO","The Southern Company","NYSE","9321618","9834249","3573503","2.61",,
"2020-10-30","SPG","Simon Property Group, Inc.","NYSE","27065821","27123575","3615030","7.49",,
"2020-10-30","SPGI","S&P Global Inc.","NYSE","2247263","2412901","910345","2.47",,
"2020-10-30","SYK","Stryker Corporation","NYSE","3200590","3729849","823870","3.88",,"R"
"2020-10-30","T","AT&T Inc.","NYSE","138009460","124975730","42977094","3.21",,
"2020-10-30","TDG","TransDigm Group Incorporated","NYSE","2438534","2361015","387952","6.29",,"R"
"2020-10-30","TFC","Truist Financial Corporation","NYSE","15587834","18342572","4200134","3.71",,
"2020-10-30","TGT","Target Corporation","NYSE","6519404","9104357","2554680","2.55",,
"2020-10-30","TJX","TJX Companies, Inc. (The)","NYSE","8379909","9593198","4705242","1.78",,
"2020-10-30","TMO","Thermo Fisher Scientific, Inc.","NYSE","2383447","2212349","1261858","1.89",,
"2020-10-30","TMUS","T-Mobile US, Inc. Common Stock","NNM","12125619","15906912","2751784","4.41",,
"2020-10-30","TRV","The Travelers Companies, Inc.","NYSE","5841476","5035148","1793454","3.26",,
"2020-10-30","TSLA","Tesla, Inc. Common Stock","NNM","47802859","52955122","27762429","1.72",,"R"
"2020-10-30","TXN","Texas Instruments Incorporated","NNM","12946584","13259063","4299814","3.01",,"R"
"2020-10-30","UBER","Uber Technologies, Inc.","NYSE","58896582","56656114","15363054","3.83",,"R"
"2020-10-30","UNH","UNITEDHEALTH GROUP INCORPORATE","NYSE","4877963","5468126","2342785","2.08",,"R"
"2020-10-30","UNP","Union Pacific Corp.","NYSE","4545611","4348071","3750659","1.21",,"R"
"2020-10-30","UPS","United Parcel Service, Inc. Cl","NYSE","6238707","6956070","4271622","1.46",,
"2020-10-30","URI","United Rentals, Inc.","NYSE","5394391","6234690","698261","7.73",,"R"
"2020-10-30","USB","U.S. Bancorp","NYSE","13764074","12650115","5710727","2.41",,"R"
"2020-10-30","V","VISA Inc.","NYSE","23538792","22306860","8550287","2.75",,
"2020-10-30","VLO","Valero Energy Corporation","NYSE","13674591","13072479","4936235","2.77",,
"2020-10-30","VRT","Vertiv Holdings Co Class A Com","NYSE","10660682","10919214","2239393","4.76",,
"2020-10-30","VRTX","Vertex Pharmaceuticals Incorpo","NNM","2916388","3163743","2580289","1.13",,"R"
"2020-10-30","VZ","Verizon Communications","NYSE","33458693","28821356","14951846","2.24",,
"2020-10-30","WDC","Western Digital Corporation Co","NNM","7985583","10768586","7488518","1.07",,
"2020-10-30","WELL","Welltower Inc.","NYSE","9581806","11889897","2246044","4.27",,
"2020-10-30","WFC","Wells Fargo & Co.","NYSE","34777954","34589819","35121041","1.00",,"R"
"2020-10-30","WM","Waste Management, Inc.","NYSE","2653569","3651617","1451518","1.83",,
"2020-10-30","WMB","Williams Companies Inc.","NYSE","22384293","22110135","7431344","3.01",,
"2020-10-30","WMT","Walmart Inc.","NYSE","15047926","14910279","4335468","3.47",,"R"
"2020-10-30","XOM","Exxon Mobil Corporation","NYSE","50505964","46593711","26904719","1.88",,
"2020-09-30","AAPL","Apple Inc. Common Stock","NNM","88087882","90218872","154855302","1.00",,
"2020-09-30","ABBV","ABBVIE INC.","NYSE","12944987","13283560","6600888","1.96",,
"2020-09-30","ABT","Abbott Laboratories","NYSE","9437987","8680120","4689219","2.01",,
"2020-09-30","ADBE","Adobe Inc. Common Stock","NNM","4366911","3971726","3593821","1.22",,
"2020-09-30","ADI","Analog Devices, Inc. Common St","NNM","20141096","18863206","2579853","7.81",,
"2020-09-30","ADP","Automatic Data Processing, Inc","NNM","5600389","5076136","1811162","3.09",,
"2020-09-30","AEP","American Electric Power Compan","NYSE","8367825","8372480","2304641","3.63",,
"2020-09-30","AFL","Aflac Inc.","NYSE","9526000","10659006","4483125","2.12",,
"2020-09-30","AJG","Arthur J. Gallagher & Co.","NYSE","1503946","1214107","952779","1.58",,
"2020-09-30","ALL","The Allstate Corporation","NYSE","9597731","5043233","1837801","5.22",,
"2020-09-30","AMAT","Applied Materials, Inc. Common","NNM","14562681","16603501","7177364","2.03",,
"2020-09-30","AMD","Advanced Micro Devices, Inc. C","NNM","28289103","32522162","47244212","1.00",,
"2020-09-30","AMGN","Amgen Inc. Common Stock","NNM","6125745","6765506","2435984","2.51",,
"2020-09-30","AMT","American Tower Corporation","NYSE","2313366","2954061","2349129","1.00",,
"2020-09-30","AMZN","Amazon.com, Inc. Common Stock","NNM","2748588","2307598","5124286","1.00",,
"2020-09-30","ANET","Arista Networks","NYSE","3939285","3298925","701216","5.62",,
"2020-09-30","AON","Aon plc Class A","NYSE","17836815","18187580","1438189","12.40",,
"2020-09-30","APD","Air Products & Chemicals, Inc.","NYSE","1664226","1841197","702476","2.37",,
"2020-09-30","APH","Amphenol Corporation","NYSE","1699837","1973942","1394668","1.22",,
"2020-09-30","APO","Apollo Global Management, Inc.","NYSE","4314864","4446784","1237785","3.49",,
"2020-09-30","AVGO","Broadcom Inc. Common Stock","NNM","3900917","3953184","1846134","2.11",,
"2020-09-30","AXP","American Express Company","NYSE","7635293","10568233","4768501","1.60",,
"2020-09-30","BA","Boeing Company","NYSE","9722102","10004035","21619384","1.00",,
"2020-09-30","BAC","Bank of America Corporation","NYSE","67128160","79682979","54615503","1.23",,
"2020-09-30","BKNG","Booking Holdings Inc. Common S","NNM","1229567","1078103","370730","3.32",,
"2020-09-30","BLK","Blackrock, Inc.","NYSE","1209528","1309944","798107","1.52",,
"2020-09-30","BMY","Bristol-Myers Squibb Co.","NYSE","11622865","14364173","9521111","1.22",,
"2020-09-30","BNY","BlackRock New York Municipal I","NYSE","10120","14939","8743","1.16",,
"2020-09-30","BRKA","Berkshire Hathaway Inc.","NYSE","217","229","403","1.00",,
"2020-09-30","BRKB","BERKSHIRE HATHAWAY Class B","NYSE","11145428","11329324","5376134","2.07",,
"2020-09-30","BSX","Boston Scientific Corp.","NYSE","12919088","16248247","7695893","1.68",,
"2020-09-30","BX","The Blackstone Group Inc. Clas","NYSE","7893127","7797135","2876106","2.74",,
"2020-09-30","C","Citigroup Inc.","NYSE","16579418","16805609","26873674","1.00",,
"2020-09-30","CAT","Caterpillar Inc.","NYSE","6756543","7342553","2727921","2.48",,
"2020-09-30","CCZ","Comcast Holdings Corp. 2.0% Ex","NYSE","232","77","64","3.63",,
"2020-09-30","CDNS","Cadence Design Systems, Inc. C","NNM","2294751","2933774","1656991","1.38",,
"2020-09-30","CI","CIGNA Corporation","NYSE","3736954","3616303","2313079","1.62",,
"2020-09-30","CL","Colgate-Palmolive Company","NYSE","7806785","7701098","2568949","3.04",,
"2020-09-30","CMCSA","Comcast Corporation Class A Co","NNM","80155155","76469187","20606588","3.89",,
"2020-09-30","CME","CME Group Inc. Class A Common","NNM","5102180","5480813","1463931","3.49",,
"2020-09-30","CMI","Cummins Inc.","NYSE","3241314","3138487","897579","3.61",,
"2020-09-30","COF","Capital One Financial","NYSE","6171428","4368199","2787645","2.21",,
"2020-09-30","COP","ConocoPhillips","NYSE","10863735","8991619","8158138","1.33",,
"2020-09-30","COST","Costco Wholesale Corporation C","NNM","3157997","2817080","3166691","1.00",,
"2020-09-30","CRM","salesforce.com, inc.","NYSE","11793641","14216140","4670119","2.53",,
"2020-09-30","CRWD","CrowdStrike Holdings, Inc. Cla","NNM","12445645","8261226","4708599","2.64",,
"2020-09-30","CSCO","Cisco Systems, Inc. Common Sto","NNM","35048294","30012851","23282696","1.51",,
"2020-09-30","CSX","CSX Corporation Common Stock","NNM","7813275","7468373","3921307","1.99",,
"2020-09-30","CTAS","Cintas Corporation Common Stoc","NNM","1283221","1489519","536877","2.39",,
"2020-09-30","CVNA","Carvana Co.","NYSE","18596937","18510182","2559826","7.26",,
"2020-09-30","CVS","CVS HEALTH CORPORATION","NYSE","19920898","18891037","7964721","2.50",,
"2020-09-30","CVX","Chevron Corporation","NYSE","19472322","20833263","11796098","1.65",,
"2020-09-30","D","Dominion Energy, Inc Common St","NYSE","23067029","26479034","4019935","5.74",,
"2020-09-30","DDOG","Datadog, Inc. Class A Common S","NNM","19564815","14889598","4417684","4.43",,
"2020-09-30","DE","Deere & Company","NYSE","2727462","3825650","1501576","1.82",,
"2020-09-30","DELL","Dell Technologies Inc.","NYSE","8804856","8137876","2462976","3.57",,
"2020-09-30","DHR","Danaher Corporation","NYSE","4921960","5464154","1924355","2.56",,
"2020-09-30","DIS","The Walt Disney Company","NYSE","17066783","19979061","7086258","2.41",,
"2020-09-30","DLR","Digital Realty Trust, Inc.","NYSE","6925612","8742642","1576095","4.39",,
"2020-09-30","DUK","Duke Energy Corporation","NYSE","36951259","36495313","2760672","13.38",,
"2020-09-30","ECL","Ecolab, Inc.","NYSE","3423874","3267168","1063009","3.22",,
"2020-09-30","EMR","Emerson Electric Co.","NYSE","8420394","9243331","2062626","4.08",,
"2020-09-30","EOG","EOG Resources, Inc.","NYSE","9006944","7620299","4348790","2.07",,
"2020-09-30","EPD","Enterprise Products Partners L","NYSE","34871748","30463020","8703027","4.01",,
"2020-09-30","EQIX","Equinix, Inc. Common Stock REI","NNM","915815","1015996","288527","3.17",,
"2020-09-30","FCX","Freeport-McMoran Inc.","NYSE","34222190","37987203","21214567","1.61",,
"2020-09-30","FDX","FedEx Corporation","NYSE","3837037","5155581","4300396","1.00",,
"2020-09-30","FTNT","Fortinet, Inc. Common Stock","NNM","5068327","4936000","1046475","4.84",,
"2020-09-30","GD","General Dynamics Corporation","NYSE","2327078","2850765","1035496","2.25",,
"2020-09-30","GE","General Electric Company","NYSE","88796019","103565605","126350972","1.00",,
"2020-09-30","GILD","Gilead Sciences, Inc. Common S","NNM","19358527","17945325","7888170","2.45",,
"2020-09-30","GLW","Corning Incorporated","NYSE","16960388","14789586","4395420","3.86",,
"2020-09-30","GM","General Motors Company","NYSE","19723591","19150468","11187833","1.76",,
"2020-09-30","GOOG","Alphabet Inc. Class C Capital","NNM","2557893","2249210","1645324","1.55",,
"2020-09-30","GOOGL","Alphabet Inc. Class A Common S","NNM","2367303","2499755","1728001","1.37",,
"2020-09-30","GS","Goldman Sachs Group Inc.","NYSE","5010277","4011051","3832611","1.31",,
"2020-09-30","GWW","W.W. Grainger, Inc.","NYSE","971167","995775","279157","3.48",,
"2020-09-30","HCA","HCA Healthcare, Inc.","NYSE","3800130","3784564","1662947","2.29",,
"2020-09-30","HD","Home Depot, Inc.","NYSE","5873394","5893186","3115573","1.89",,
"2020-09-30","HLT","Hilton Worldwide Holdings Inc.","NYSE","10710920","9052721","3448051","3.11",,
"2020-09-30","HON","Honeywell International, Inc.","NYSE","5770276","6128326","2702775","2.13",,
"2020-09-30","HPE","Hewlett Packard Enterprise Com","NYSE","41955328","34920576","10655181","3.94",,
"2020-09-30","HWM","Howmet Aerospace Inc.","NYSE","10456257","14124691","3105530","3.37",,
"2020-09-30","IBKR","Interactive Brokers Group, Inc","NNM","3059315","3458795","527606","5.80",,
"2020-09-30","IBM","International Business Machine","NYSE","21800506","22132531","3336448","6.53",,
"2020-09-30","ICE","Intercontinental Exchange  Inc","NYSE","5816945","5361187","2628647","2.21",,
"2020-09-30","INTC","Intel Corporation Common Stock","NNM","118190637","138008964","26200736","4.51",,
"2020-09-30","INTU","Intuit Inc. Common Stock","NNM","2575582","2006999","1407852","1.83",,
"2020-09-30","ISRG","Intuitive Surgical, Inc. Commo","NNM","2161483","2130284","696450","3.10",,
"2020-09-30","ITW","Illinois Tool Works Inc.","NYSE","5574476","5647434","958618","5.82",,
"2020-09-30","JNJ","Johnson & Johnson","NYSE","11450022","10288333","6124916","1.87",,
"2020-09-30","JPM","JPMorgan Chase & Co.","NYSE","20297746","20412296","17335703","1.17",,
"2020-09-30","KKR","KKR & Co. Inc.","NYSE","14474766","15705627","3494153","4.14",,
"2020-09-30","KLAC","KLA Corporation Common Stock","NNM","3011545","2521218","1062914","2.83",,
"2020-09-30","KMI","Kinder Morgan, Inc.","NYSE","18668987","20841328","11854976","1.57",,
"2020-09-30","KO","Coca-Cola Company","NYSE","19443107","23534255","13923997","1.40",,
"2020-09-30","LIN","Linde plc Ordinary Share","NYSE","4197333","3492250","1611293","2.60",,
"2020-09-30","LLY","Eli Lilly & Co.","NYSE","3767595","6268459","3820556","1.00",,
"2020-09-30","LMT","Lockheed Martin Corp.","NYSE","2634642","2006758","1216233","2.17",,
"2020-09-30","LOW","Lowe's Companies Inc.","NYSE","4581062","5903949","3224203","1.42",,
"2020-09-30","LRCX","Lam Research Corporation Commo","NNM","4206555","4424091","1715707","2.45",,
"2020-09-30","MA","Mastercard Incorporated","NYSE","4051349","3688702","3101260","1.31",,
"2020-09-30","MAR","Marriott International Class A","NNM","9645333","9077639","3061718","3.15",,
"2020-09-30","MCD","McDonald's Corporation","NYSE","4526161","5489700","2414236","1.87",,
"2020-09-30","MCK","McKesson Corporation","NYSE","2106637","2153294","1242361","1.70",,
"2020-09-30","MCO","Moody's Corporation","NYSE","1939944","1363317","525027","3.69",,
"2020-09-30","MDLZ","Mondelez International, Inc. C","NNM","8950030","10721497","6322017","1.42",,
"2020-09-30","MDT","Medtronic plc","NYSE","6548444","6300522","3949305","1.66",,
"2020-09-30","MMM","3M Company","NYSE","5641206","5539180","2334598","2.42",,
"2020-09-30","MNST","Monster Beverage Corporation","NNM","5189394","5613144","1748389","2.97",,
"2020-09-30","MO","Altria Group, Inc.","NYSE","12455009","10669028","9046134","1.38",,
"2020-09-30","MPC","MARATHON PETROLEUM CORPORATION","NYSE","24689846","23799111","7909543","3.12",,
"2020-09-30","MPWR","Monolithic Power Systems, Inc.","NNM","1003675","968940","291633","3.44",,
"2020-09-30","MRK","Merck & Co., Inc.","NYSE","10979550","10966180","7295027","1.51",,
"2020-09-30","MRVL","Marvell Technology Group Ltd.","NNM","17205377","17375356","6098933","2.82",,
"2020-09-30","MS","Morgan Stanley","NYSE","42587114","41735301","9070510","4.70",,
"2020-09-30","MSFT","Microsoft Corporation Common S","NNM","39634230","37794303","30638119","1.29",,
"2020-09-30","MSI","Motorola Solutions, Inc. New","NYSE","4131140","3943391","966319","4.28",,
"2020-09-30","MU","Micron Technology, Inc. Common","NNM","28157620","32555905","18826387","1.50",,
"2020-09-30","NEE","Nextra Energy, Inc.","NYSE","5630657","4149221","2064589","2.73",,
"2020-09-30","NEM","Newmont Corporation","NYSE","8151256","8931941","6312064","1.29",,
"2020-09-30","NET","Cloudflare, Inc. Class A commo","NYSE","11367489","6872680","4537808","2.51",,
"2020-09-30","NFLX","Netflix, Inc. Common Stock","NNM","9440450","11144581","4070317","2.32",,
"2020-09-30","NKE","Nike, Inc.","NYSE","9373183","11033382","11326361","1.00",,
"2020-09-30","NOC","Northrop Grumman Corp.","NYSE","1276168","1285621","566946","2.25",,
"2020-09-30","NOW","SERVICENOW, INC.","NYSE","3070023","3278007","1049722","2.92",,
"2020-09-30","NSC","Norfolk Southern Corp.","NYSE","3090612","3177220","1113689","2.78",,
"2020-09-30","NVDA","NVIDIA Corporation Common Stoc","NNM","6988992","5793414","14922757","1.00",,
"2020-09-30","ORCL","Oracle Corp","NYSE","23286365","30471439","17224044","1.35",,
"2020-09-30","ORLY","O'Reilly Automotive, Inc. Comm","NNM","825054","848103","490211","1.68",,
"2020-09-30","PANW","PALO ALTO NETWORKS, INC","NYSE","4338984","4487616","973788","4.46",,
"2020-09-30","PCAR","PACCAR Inc. Common Stock","NNM","3989141","3865717","1329119","3.00",,
"2020-09-30","PEP","PepsiCo, Inc. Common Stock","NNM","8376262","7519674","4714112","1.78",,
"2020-09-30","PFE","Pfizer Inc.","NYSE","45163995","42754497","17946699","2.52",,
"2020-09-30","PG","Procter & Gamble Company","NYSE","12970376","14028756","5460330","2.38",,
"2020-09-30","PGR","Progressive Corporation","NYSE","6571436","6640726","2148126","3.06",,
"2020-09-30","PH","Parker-Hannifin Corporation","NYSE","1182178","964068","637966","1.85",,
"2020-09-30","PLD","PROLOGIS, INC.","NYSE","6900167","7791820","2485273","2.78",,
"2020-09-30","PM","Philip Morris International In","NYSE","6518955","7628275","4453761","1.46",,
"2020-09-30","PNC","PNC Financial Services Group","NYSE","6085749","5593153","1790055","3.40",,
"2020-09-30","PSX","PHILLIPS 66","NYSE","9153006","7689128","3752066","2.44",,
"2020-09-30","PWR","Quanta Services, Inc.","NYSE","3328793","3616700","1135411","2.93",,
"2020-09-30","QCOM","QUALCOMM Incorporated Common S","NNM","15408125","13657865","7631813","2.02",,
"2020-09-30","RCL","Royal Caribbean Group","NYSE","17953184","19261142","5972863","3.01",,
"2020-09-30","REGN","Regeneron Pharmaceuticals, Inc","NNM","2050609","1599022","677606","3.03",,
"2020-09-30","ROST","Ross Stores, Inc. Common Stock","NNM","4618759","3662620","1694258","2.73",,
"2020-09-30","RSG","Republic Services Inc.","NYSE","2652458","2598134","905866","2.93",,
"2020-09-30","RTX","Raytheon Technologies Corporat","NYSE","13713118","11675569","7758843","1.77",,
"2020-09-30","SBUX","Starbucks Corporation Common S","NNM","12548981","12577867","5776396","2.17",,
"2020-09-30","SCCO","Southern Copper Corporation","NYSE","5794371","5628383","752130","7.70",,
"2020-09-30","SCHW","The Charles Schwab Corporation","NYSE","80847532","80246056","7137161","11.33",,
"2020-09-30","SHW","The Sherwin-Williams Company","NYSE","910555","941671","374271","2.43",,
"2020-09-30","SNOW","Snowflake Inc.","NYSE","5472088","0","7930576","1.00",,
"2020-09-30","SNPS","Synopsys, Inc. Common Stock","NNM","1736802","1533412","716239","2.42",,
"2020-09-30","SO","The Southern Company","NYSE","9848526","10765056","3474280","2.83",,
"2020-09-30","SPG","Simon Property Group, Inc.","NYSE","28614199","28314544","4803812","5.96",,
"2020-09-30","SPGI","S&P Global Inc.","NYSE","2523426","2109932","703204","3.59",,
"2020-09-30","SYK","Stryker Corporation","NYSE","4194978","3340928","1204013","3.48",,
"2020-09-30","T","AT&T Inc.","NYSE","118866643","120014200","31888949","3.73",,
"2020-09-30","TDG","TransDigm Group Incorporated","NYSE","2791478","2719784","476345","5.86",,
"2020-09-30","TFC","Truist Financial Corporation","NYSE","13750735","11234419","4598363","2.99",,
"2020-09-30","TGT","Target Corporation","NYSE","8784923","8164889","2813994","3.12",,
"2020-09-30","TJX","TJX Companies, Inc. (The)","NYSE","10773451","11722245","5594621","1.93",,
"2020-09-30","TMO","Thermo Fisher Scientific, Inc.","NYSE","2372774","3076469","1122124","2.11",,
"2020-09-30","TMUS","T-Mobile US, Inc. Common Stock","NNM","15101058","13813037","4644750","3.25",,
"2020-09-30","TRV","The Travelers Companies, Inc.","NYSE","5184809","4515606","1546883","3.35",,
"2020-09-30","TSLA","Tesla, Inc. Common Stock","NNM","57129067","59043853","71127166","1.00",,
"2020-09-30","TXN","Texas Instruments Incorporated","NNM","13444465","14681178","3937532","3.41",,
"2020-09-30","UBER","Uber Technologies, Inc.","NYSE","62310447","45212688","22128430","2.82",,
"2020-09-30","UNH","UNITEDHEALTH GROUP INCORPORATE","NYSE","5007183","5187535","2756833","1.82",,
"2020-09-30","UNP","Union Pacific Corp.","NYSE","3846996","3969459","2238280","1.72",,
"2020-09-30","UPS","United Parcel Service, Inc. Cl","NYSE","7696246","8621493","3786707","2.03",,
"2020-09-30","URI","United Rentals, Inc.","NYSE","6449076","6572295","739224","8.72",,
"2020-09-30","USB","U.S. Bancorp","NYSE","11398381","11179619","5843516","1.95",,
"2020-09-30","V","VISA Inc.","NYSE","25728595","27722439","6608252","3.89",,
"2020-09-30","VLO","Valero Energy Corporation","NYSE","11679268","9209885","4796316","2.44",,
"2020-09-30","VRT","Vertiv Holdings Co Class A Com","NYSE","12869361","9912570","2715460","4.74",,
"2020-09-30","VRTX","Vertex Pharmaceuticals Incorpo","NNM","3388459","3043990","1169584","2.90",,
"2020-09-30","VZ","Verizon Communications","NYSE","27017981","29855385","12476226","2.17",,
"2020-09-30","WDC","Western Digital Corporation Co","NNM","10535234","9321019","5422513","1.94",,
"2020-09-30","WELL","Welltower Inc.","NYSE","11456499","11817257","3154297","3.63",,
"2020-09-30","WFC","Wells Fargo & Co.","NYSE","43686945","31180329","46663990","1.00",,
"2020-09-30","WM","Waste Management, Inc.","NYSE","3272923","3731253","1571997","2.08",,
"2020-09-30","WMB","Williams Companies Inc.","NYSE","23957642","18168144","11386553","2.10",,
"2020-09-30","WMT","Walmart Inc.","NYSE","15357780","18545267","9828319","1.56",,
"2020-09-30","XOM","Exxon Mobil Corporation","NYSE","44813872","42124896","26439970","1.69",,
"2020-09-15","AAPL","Apple Inc. Common Stock","NNM","90218872","79684337","185132843","1.00",,
"2020-09-15","ABBV","ABBVIE INC.","NYSE","13283560","12163272","8126290","1.63",,
"2020-09-15","ABT","Abbott Laboratories","NYSE","8680120","10399516","4672569","1.86",,
"2020-09-15","ADBE","Adobe Inc. Common Stock","NNM","3971726","4032468","3563893","1.11",,
"2020-09-15","ADI","Analog Devices, Inc. Common St","NNM","18863206","16704711","3372591","5.59",,
"2020-09-15","ADP","Automatic Data Processing, Inc","NNM","5076136","5160148","2177483","2.33",,
"2020-09-15","AEP","American Electric Power Compan","NYSE","8372480","8188245","2048764","4.09",,
"2020-09-15","AFL","Aflac Inc.","NYSE","10659006","8855594","3587300","2.97",,
"2020-09-15","AJG","Arthur J. Gallagher & Co.","NYSE","1214107","1417794","710306","1.71",,
"2020-09-15","ALL","The Allstate Corporation","NYSE","5043233","3460568","1786551","2.82",,
"2020-09-15","AMAT","Applied Materials, Inc. Common","NNM","16603501","15505252","10965960","1.51",,
"2020-09-15","AMD","Advanced Micro Devices, Inc. C","NNM","32522162","44375392","53835136","1.00",,
"2020-09-15","AMGN","Amgen Inc. Common Stock","NNM","6765506","6204797","2341490","2.89",,
"2020-09-15","AMT","American Tower Corporation","NYSE","2954061","3045196","1456280","2.03",,
"2020-09-15","AMZN","Amazon.com, Inc. Common Stock","NNM","2307598","2035049","5034315","1.00",,
"2020-09-15","ANET","Arista Networks","NYSE","3298925","3321779","635573","5.19",,
"2020-09-15","AON","Aon plc Class A","NYSE","18187580","16847781","1304493","13.94",,
"2020-09-15","APD","Air Products & Chemicals, Inc.","NYSE","1841197","1557250","961730","1.91",,
"2020-09-15","APH","Amphenol Corporation","NYSE","1973942","1976424","1382496","1.43",,
"2020-09-15","APO","Apollo Global Management, Inc.","NYSE","4446784","4805601","1017994","4.37",,
"2020-09-15","AVGO","Broadcom Inc. Common Stock","NNM","3953184","3460647","2751567","1.44",,
"2020-09-15","AXP","American Express Company","NYSE","10568233","11081428","3516951","3.00",,
"2020-09-15","BA","Boeing Company","NYSE","10004035","9175717","17327370","1.00",,
"2020-09-15","BAC","Bank of America Corporation","NYSE","79682979","76724798","57018851","1.40",,
"2020-09-15","BKNG","Booking Holdings Inc. Common S","NNM","1078103","1201796","335372","3.21",,
"2020-09-15","BLK","Blackrock, Inc.","NYSE","1309944","1480252","649934","2.02",,
"2020-09-15","BMY","Bristol-Myers Squibb Co.","NYSE","14364173","14859306","10405397","1.38",,
"2020-09-15","BNY","BlackRock New York Municipal I","NYSE","14939","11751","17970","1.00",,
"2020-09-15","BRKA","Berkshire Hathaway Inc.","NYSE","229","156","394","1.00",,
"2020-09-15","BRKB","BERKSHIRE HATHAWAY Class B","NYSE","11329324","11506814","4653473","2.43",,
"2020-09-15","BSX","Boston Scientific Corp.","NYSE","16248247","14842217","6694509","2.43",,
"2020-09-15","BX","The Blackstone Group Inc. Clas","NYSE","7797135","8367559","2656267","2.94",,
"2020-09-15","C","Citigroup Inc.","NYSE","16805609","16274508","23186421","1.00",,
"2020-09-15","CAT","Caterpillar Inc.","NYSE","7342553","6995198","3711346","1.98",,
"2020-09-15","CCZ","Comcast Holdings Corp. 2.0% Ex","NYSE","77","77","18","4.28",,
"2020-09-15","CDNS","Cadence Design Systems, Inc. C","NNM","2933774","3027796","1564070","1.88",,
"2020-09-15","CI","CIGNA Corporation","NYSE","3616303","3506201","1470211","2.46",,
"2020-09-15","CL","Colgate-Palmolive Company","NYSE","7701098","9327881","3188247","2.42",,
"2020-09-15","CMCSA","Comcast Corporation Class A Co","NNM","76469187","76436861","15383812","4.97",,
"2020-09-15","CME","CME Group Inc. Class A Common","NNM","5480813","5624930","1560598","3.51",,
"2020-09-15","CMI","Cummins Inc.","NYSE","3138487","3105292","927548","3.38",,
"2020-09-15","COF","Capital One Financial","NYSE","4368199","4454567","2466547","1.77",,
"2020-09-15","COP","ConocoPhillips","NYSE","8991619","9347967","6729512","1.34",,
"2020-09-15","COST","Costco Wholesale Corporation C","NNM","2817080","2848945","1962976","1.44",,
"2020-09-15","CRM","salesforce.com, inc.","NYSE","14216140","12446768","9551544","1.49",,
"2020-09-15","CRWD","CrowdStrike Holdings, Inc. Cla","NNM","8261226","7917172","10761884","1.00",,
"2020-09-15","CSCO","Cisco Systems, Inc. Common Sto","NNM","30012851","31402364","24629298","1.22",,
"2020-09-15","CSX","CSX Corporation Common Stock","NNM","7468373","6070674","3811699","1.96",,
"2020-09-15","CTAS","Cintas Corporation Common Stoc","NNM","1489519","1625339","400358","3.72",,
"2020-09-15","CVNA","Carvana Co.","NYSE","18510182","18062613","1773810","10.44",,
"2020-09-15","CVS","CVS HEALTH CORPORATION","NYSE","18891037","19258861","9439957","2.00",,
"2020-09-15","CVX","Chevron Corporation","NYSE","20833263","18859932","10448955","1.99",,
"2020-09-15","D","Dominion Energy, Inc Common St","NYSE","26479034","10476773","3422568","7.74",,
"2020-09-15","DDOG","Datadog, Inc. Class A Common S","NNM","14889598","13157862","3844043","3.87",,
"2020-09-15","DE","Deere & Company","NYSE","3825650","3593928","1597443","2.39",,
"2020-09-15","DELL","Dell Technologies Inc.","NYSE","8137876","7472505","2103777","3.87",,
"2020-09-15","DHR","Danaher Corporation","NYSE","5464154","5460104","2094610","2.61",,
"2020-09-15","DIS","The Walt Disney Company","NYSE","19979061","22449342","9141903","2.19",,
"2020-09-15","DLR","Digital Realty Trust, Inc.","NYSE","8742642","6945858","1478668","5.91",,
"2020-09-15","DUK","Duke Energy Corporation","NYSE","36495313","36639297","3066595","11.90",,
"2020-09-15","ECL","Ecolab, Inc.","NYSE","3267168","3517131","1170883","2.79",,
"2020-09-15","EMR","Emerson Electric Co.","NYSE","9243331","9224090","2117014","4.37",,
"2020-09-15","EOG","EOG Resources, Inc.","NYSE","7620299","8932595","4573441","1.67",,
"2020-09-15","EPD","Enterprise Products Partners L","NYSE","30463020","29707973","6245258","4.88",,
"2020-09-15","EQIX","Equinix, Inc. Common Stock REI","NNM","1015996","996850","313002","3.25",,
"2020-09-15","FCX","Freeport-McMoran Inc.","NYSE","37987203","31638489","18384649","2.07",,
"2020-09-15","FDX","FedEx Corporation","NYSE","5155581","5290896","2970507","1.74",,
"2020-09-15","FTNT","Fortinet, Inc. Common Stock","NNM","4936000","4879765","1285921","3.84",,
"2020-09-15","GD","General Dynamics Corporation","NYSE","2850765","2605100","1084289","2.63",,
"2020-09-15","GE","General Electric Company","NYSE","103565605","83237743","83385013","1.24",,
"2020-09-15","GILD","Gilead Sciences, Inc. Common S","NNM","17945325","16172946","9317967","1.93",,
"2020-09-15","GLW","Corning Incorporated","NYSE","14789586","18209822","5137959","2.88",,
"2020-09-15","GM","General Motors Company","NYSE","19150468","20730555","18627357","1.03",,
"2020-09-15","GOOG","Alphabet Inc. Class C Capital","NNM","2249210","2290314","1933924","1.16",,
"2020-09-15","GOOGL","Alphabet Inc. Class A Common S","NNM","2499755","2605804","1945869","1.28",,
"2020-09-15","GS","Goldman Sachs Group Inc.","NYSE","4011051","4823687","3012610","1.33",,
"2020-09-15","GWW","W.W. Grainger, Inc.","NYSE","995775","1124580","205664","4.84",,
"2020-09-15","HCA","HCA Healthcare, Inc.","NYSE","3784564","3584025","1440560","2.63",,
"2020-09-15","HD","Home Depot, Inc.","NYSE","5893186","7357686","3727343","1.58",,
"2020-09-15","HLT","Hilton Worldwide Holdings Inc.","NYSE","9052721","10161425","2288985","3.95",,
"2020-09-15","HON","Honeywell International, Inc.","NYSE","6128326","5659629","2761235","2.22",,
"2020-09-15","HPE","Hewlett Packard Enterprise Com","NYSE","34920576","30816014","10703473","3.26",,
"2020-09-15","HWM","Howmet Aerospace Inc.","NYSE","14124691","14650171","2677063","5.28",,
"2020-09-15","IBKR","Interactive Brokers Group, Inc","NNM","3458795","3680922","543947","6.36",,
"2020-09-15","IBM","International Business Machine","NYSE","22132531","22629603","4163279","5.32",,
"2020-09-15","ICE","Intercontinental Exchange  Inc","NYSE","5361187","5886797","3250946","1.65",,
"2020-09-15","INTC","Intel Corporation Common Stock","NNM","138008964","173523497","33602802","4.11",,
"2020-09-15","INTU","Intuit Inc. Common Stock","NNM","2006999","2467032","1121302","1.79",,
"2020-09-15","ISRG","Intuitive Surgical, Inc. Commo","NNM","2130284","2171606","646820","3.29",,
"2020-09-15","ITW","Illinois Tool Works Inc.","NYSE","5647434","6134984","860573","6.56",,
"2020-09-15","JNJ","Johnson & Johnson","NYSE","10288333","10556925","5928377","1.74",,
"2020-09-15","JPM","JPMorgan Chase & Co.","NYSE","20412296","22289040","15995158","1.28",,
"2020-09-15","KKR","KKR & Co. Inc.","NYSE","15705627","17406687","2748006","5.72",,
"2020-09-15","KLAC","KLA Corporation Common Stock","NNM","2521218","3239030","1622785","1.55",,
"2020-09-15","KMI","Kinder Morgan, Inc.","NYSE","20841328","23858924","12025258","1.73",,
"2020-09-15","KO","Coca-Cola Company","NYSE","23534255","19631176","15988451","1.47",,
"2020-09-15","LIN","Linde plc Ordinary Share","NYSE","3492250","3840907","1913614","1.82",,
"2020-09-15","LLY","Eli Lilly & Co.","NYSE","6268459","4664181","3006974","2.08",,
"2020-09-15","LMT","Lockheed Martin Corp.","NYSE","2006758","2164634","948962","2.11",,
"2020-09-15","LOW","Lowe's Companies Inc.","NYSE","5903949","6100162","4244502","1.39",,
"2020-09-15","LRCX","Lam Research Corporation Commo","NNM","4424091","4864684","2167569","2.04",,
"2020-09-15","MA","Mastercard Incorporated","NYSE","3688702","4563503","3836192","1.00",,
"2020-09-15","MAR","Marriott International Class A","NNM","9077639","9050708","2269954","4.00",,
"2020-09-15","MCD","McDonald's Corporation","NYSE","5489700","6887819","3078172","1.78",,
"2020-09-15","MCK","McKesson Corporation","NYSE","2153294","1662790","998493","2.16",,
"2020-09-15","MCO","Moody's Corporation","NYSE","1363317","1146022","589183","2.31",,
"2020-09-15","MDLZ","Mondelez International, Inc. C","NNM","10721497","10687710","6175439","1.74",,
"2020-09-15","MDT","Medtronic plc","NYSE","6300522","7287427","4050654","1.56",,
"2020-09-15","MMM","3M Company","NYSE","5539180","7714228","2519640","2.20",,
"2020-09-15","MNST","Monster Beverage Corporation","NNM","5613144","5851153","2234322","2.51",,
"2020-09-15","MO","Altria Group, Inc.","NYSE","10669028","8170215","8792147","1.21",,
"2020-09-15","MPC","MARATHON PETROLEUM CORPORATION","NYSE","23799111","22766418","6435761","3.70",,
"2020-09-15","MPWR","Monolithic Power Systems, Inc.","NNM","968940","963778","322799","3.00",,
"2020-09-15","MRK","Merck & Co., Inc.","NYSE","10966180","12107807","7760123","1.41",,
"2020-09-15","MRVL","Marvell Technology Group Ltd.","NNM","17375356","17560860","7838550","2.22",,
"2020-09-15","MS","Morgan Stanley","NYSE","41735301","45664109","7970479","5.24",,
"2020-09-15","MSFT","Microsoft Corporation Common S","NNM","37794303","36458662","37502458","1.01",,
"2020-09-15","MSI","Motorola Solutions, Inc. New","NYSE","3943391","3161313","975892","4.04",,
"2020-09-15","MU","Micron Technology, Inc. Common","NNM","32555905","32930451","17688010","1.84",,
"2020-09-15","NEE","Nextra Energy, Inc.","NYSE","4149221","4588373","1368538","3.03",,
"2020-09-15","NEM","Newmont Corporation","NYSE","8931941","9075211","5322984","1.68",,
"2020-09-15","NET","Cloudflare, Inc. Class A commo","NYSE","6872680","6775570","5457782","1.26",,
"2020-09-15","NFLX","Netflix, Inc. Common Stock","NNM","11144581","9878569","6355314","1.75",,
"2020-09-15","NKE","Nike, Inc.","NYSE","11033382","10355100","5399805","2.04",,
"2020-09-15","NOC","Northrop Grumman Corp.","NYSE","1285621","1590506","544705","2.36",,
"2020-09-15","NOW","SERVICENOW, INC.","NYSE","3278007","3626651","1444730","2.27",,
"2020-09-15","NSC","Norfolk Southern Corp.","NYSE","3177220","3193797","1537523","2.07",,
"2020-09-15","NVDA","NVIDIA Corporation Common Stoc","NNM","5793414","5411813","19615532","1.00",,
"2020-09-15","ORCL","Oracle Corp","NYSE","30471439","34887017","19589332","1.56",,
"2020-09-15","ORLY","O'Reilly Automotive, Inc. Comm","NNM","848103","816437","399531","2.12",,
"2020-09-15","PANW","PALO ALTO NETWORKS, INC","NYSE","4487616","4072331","1374012","3.27",,
"2020-09-15","PCAR","PACCAR Inc. Common Stock","NNM","3865717","2947351","1602021","2.41",,
"2020-09-15","PEP","PepsiCo, Inc. Common Stock","NNM","7519674","6268292","4115302","1.83",,
"2020-09-15","PFE","Pfizer Inc.","NYSE","42754497","45212024","24441369","1.75",,
"2020-09-15","PG","Procter & Gamble Company","NYSE","14028756","14436185","5603151","2.50",,
"2020-09-15","PGR","Progressive Corporation","NYSE","6640726","7141174","1810828","3.67",,
"2020-09-15","PH","Parker-Hannifin Corporation","NYSE","964068","878014","823601","1.17",,
"2020-09-15","PLD","PROLOGIS, INC.","NYSE","7791820","7507732","2061280","3.78",,
"2020-09-15","PM","Philip Morris International In","NYSE","7628275","7127295","3385970","2.25",,
"2020-09-15","PNC","PNC Financial Services Group","NYSE","5593153","5243876","1495539","3.74",,
"2020-09-15","PSX","PHILLIPS 66","NYSE","7689128","6047759","3064266","2.51",,
"2020-09-15","PWR","Quanta Services, Inc.","NYSE","3616700","4069342","943167","3.83",,
"2020-09-15","QCOM","QUALCOMM Incorporated Common S","NNM","13657865","13447361","8087804","1.69",,
"2020-09-15","RCL","Royal Caribbean Group","NYSE","19261142","19690834","6247691","3.08",,
"2020-09-15","REGN","Regeneron Pharmaceuticals, Inc","NNM","1599022","1587127","717419","2.23",,
"2020-09-15","ROST","Ross Stores, Inc. Common Stock","NNM","3662620","3565329","1914357","1.91",,
"2020-09-15","RSG","Republic Services Inc.","NYSE","2598134","2504446","1296811","2.00",,
"2020-09-15","RTX","Raytheon Technologies Corporat","NYSE","11675569","14625145","7520874","1.55",,
"2020-09-15","SBUX","Starbucks Corporation Common S","NNM","12577867","12781004","7901699","1.59",,
"2020-09-15","SCCO","Southern Copper Corporation","NYSE","5628383","6520214","791755","7.11",,
"2020-09-15","SCHW","The Charles Schwab Corporation","NYSE","80246056","80462481","7455660","10.76",,
"2020-09-15","SHW","The Sherwin-Williams Company","NYSE","941671","787262","504755","1.87",,
"2020-09-15","SNPS","Synopsys, Inc. Common Stock","NNM","1533412","1774479","794088","1.93",,
"2020-09-15","SO","The Southern Company","NYSE","10765056","11106726","4026380","2.67",,
"2020-09-15","SPG","Simon Property Group, Inc.","NYSE","28314544","27596670","4069918","6.96",,
"2020-09-15","SPGI","S&P Global Inc.","NYSE","2109932","2132728","784501","2.69",,
"2020-09-15","SYK","Stryker Corporation","NYSE","3340928","3218181","1221688","2.73",,
"2020-09-15","T","AT&T Inc.","NYSE","120014200","112846131","35270755","3.40",,
"2020-09-15","TDG","TransDigm Group Incorporated","NYSE","2719784","2661985","333666","8.15",,
"2020-09-15","TFC","Truist Financial Corporation","NYSE","11234419","12277421","5470735","2.05",,
"2020-09-15","TGT","Target Corporation","NYSE","8164889","8608888","3128396","2.61",,
"2020-09-15","TJX","TJX Companies, Inc. (The)","NYSE","11722245","12660010","6333720","1.85",,
"2020-09-15","TMO","Thermo Fisher Scientific, Inc.","NYSE","3076469","2534777","1430159","2.15",,
"2020-09-15","TMUS","T-Mobile US, Inc. Common Stock","NNM","13813037","13193751","3609582","3.83",,
"2020-09-15","TRV","The Travelers Companies, Inc.","NYSE","4515606","5066535","1073342","4.21",,
"2020-09-15","TSLA","Tesla, Inc. Common Stock","NNM","59043853","54890314","80563900","1.00",,
"2020-09-15","TXN","Texas Instruments Incorporated","NNM","14681178","15934412","4109159","3.57",,
"2020-09-15","UBER","Uber Technologies, Inc.","NYSE","45212688","44508451","21445060","2.11",,
"2020-09-15","UNH","UNITEDHEALTH GROUP INCORPORATE","NYSE","5187535","5570245","2420076","2.14",,
"2020-09-15","UNP","Union Pacific Corp.","NYSE","3969459","4445472","2419268","1.64",,
"2020-09-15","UPS","United Parcel Service, Inc. Cl","NYSE","8621493","10016433","2926679","2.95",,
"2020-09-15","URI","United Rentals, Inc.","NYSE","6572295","7011376","709347","9.27",,
"2020-09-15","USB","U.S. Bancorp","NYSE","11179619","11829530","6764087","1.65",,
"2020-09-15","V","VISA Inc.","NYSE","27722439","28355233","8819861","3.14",,
"2020-09-15","VLO","Valero Energy Corporation","NYSE","9209885","8234703","3825658","2.41",,
"2020-09-15","VRT","Vertiv Holdings Co Class A Com","NYSE","9912570","10745974","1954867","5.07",,
"2020-09-15","VRTX","Vertex Pharmaceuticals Incorpo","NNM","3043990","3348466","1236424","2.46",,
"2020-09-15","VZ","Verizon Communications","NYSE","29855385","30056286","15648267","1.91",,
"2020-09-15","WDC","Western Digital Corporation Co","NNM","9321019","10311019","5735277","1.63",,
"2020-09-15","WELL","Welltower Inc.","NYSE","11817257","11260370","2319008","5.10",,
"2020-09-15","WFC","Wells Fargo & Co.","NYSE","31180329","32229362","39934086","1.00",,
"2020-09-15","WM","Waste Management, Inc.","NYSE","3731253","3854014","1661469","2.25",,
"2020-09-15","WMB","Williams Companies Inc.","NYSE","18168144","18005447","7228763","2.51",,
"2020-09-15","WMT","Walmart Inc.","NYSE","18545267","17077685","13891549","1.34",,
"2020-09-15","XOM","Exxon Mobil Corporation","NYSE","42124896","45638528","25407356","1.66",,
"2020-08-31","AAPL","Apple Inc. Common Stock","NNM","79684337","23658754","172206343","1.00","S","R"
"2020-08-31","ABBV","ABBVIE INC.","NYSE","12163272","12410255","5295868","2.30",,
"2020-08-31","ABT","Abbott Laboratories","NYSE","10399516","10088844","7328829","1.42",,
"2020-08-31","ADBE","Adobe Inc. Common Stock","NNM","4032468","3753325","2750597","1.47",,
"2020-08-31","ADI","Analog Devices, Inc. Common St","NNM","16704711","13376679","2986448","5.59",,
"2020-08-31","ADP","Automatic Data Processing, Inc","NNM","5160148","4158217","1464105","3.52",,
"2020-08-31","AEP","American Electric Power Compan","NYSE","8188245","7568542","2331353","3.51",,
"2020-08-31","AFL","Aflac Inc.","NYSE","8855594","8991207","2431585","3.64",,
"2020-08-31","AJG","Arthur J. Gallagher & Co.","NYSE","1417794","1233681","784496","1.81",,
"2020-08-31","ALL","The Allstate Corporation","NYSE","3460568","2980518","1634623","2.12",,
"2020-08-31","AMAT","Applied Materials, Inc. Common","NNM","15505252","16109888","6441415","2.41",,
"2020-08-31","AMD","Advanced Micro Devices, Inc. C","NNM","44375392","44788922","37094543","1.20",,
"2020-08-31","AMGN","Amgen Inc. Common Stock","NNM","6204797","4386923","3237731","1.92",,
"2020-08-31","AMT","American Tower Corporation","NYSE","3045196","2562339","1198929","2.54",,
"2020-08-31","AMZN","Amazon.com, Inc. Common Stock","NNM","2035049","2207816","3798964","1.00",,
"2020-08-31","ANET","Arista Networks","NYSE","3321779","3302363","529292","6.28",,
"2020-08-31","AON","Aon plc Class A","NYSE","16847781","15938995","1317802","12.78",,
"2020-08-31","APD","Air Products & Chemicals, Inc.","NYSE","1557250","1818677","505951","3.08",,
"2020-08-31","APH","Amphenol Corporation","NYSE","1976424","2032578","803226","2.46",,
"2020-08-31","APO","Apollo Global Management, Inc.","NYSE","4805601","5024006","1013410","4.74",,
"2020-08-31","AVGO","Broadcom Inc. Common Stock","NNM","3460647","3613744","1053431","3.29",,
"2020-08-31","AXP","American Express Company","NYSE","11081428","9901680","3477539","3.19",,
"2020-08-31","BA","Boeing Company","NYSE","9175717","8047599","22487167","1.00",,
"2020-08-31","BAC","Bank of America Corporation","NYSE","76724798","80167332","47127502","1.63",,
"2020-08-31","BKNG","Booking Holdings Inc. Common S","NNM","1201796","1156244","280914","4.28",,
"2020-08-31","BLK","Blackrock, Inc.","NYSE","1480252","1374182","401543","3.69",,
"2020-08-31","BMY","Bristol-Myers Squibb Co.","NYSE","14859306","14453167","6043353","2.46",,
"2020-08-31","BNY","BlackRock New York Municipal I","NYSE","11751","21079","36672","1.00",,
"2020-08-31","BRKA","Berkshire Hathaway Inc.","NYSE","156","183","327","1.00",,
"2020-08-31","BRKB","BERKSHIRE HATHAWAY Class B","NYSE","11506814","12599165","4200389","2.74",,
"2020-08-31","BSX","Boston Scientific Corp.","NYSE","14842217","16465834","5706465","2.60",,
"2020-08-31","BX","The Blackstone Group Inc. Clas","NYSE","8367559","7944528","2283519","3.66",,
"2020-08-31","C","Citigroup Inc.","NYSE","16274508","16955595","16270806","1.00",,
"2020-08-31","CAT","Caterpillar Inc.","NYSE","6995198","6243794","2270907","3.08",,
"2020-08-31","CCZ","Comcast Holdings Corp. 2.0% Ex","NYSE","77","77","63","1.22",,
"2020-08-31","CDNS","Cadence Design Systems, Inc. C","NNM","3027796","3236844","1146418","2.64",,
"2020-08-31","CI","CIGNA Corporation","NYSE","3506201","3501765","1352699","2.59",,
"2020-08-31","CL","Colgate-Palmolive Company","NYSE","9327881","9405189","2620919","3.56",,
"2020-08-31","CMCSA","Comcast Corporation Class A Co","NNM","76436861","78360866","10738265","7.12",,
"2020-08-31","CME","CME Group Inc. Class A Common","NNM","5624930","6242561","1172518","4.80",,
"2020-08-31","CMI","Cummins Inc.","NYSE","3105292","3695064","630355","4.93",,
"2020-08-31","COF","Capital One Financial","NYSE","4454567","3965284","2377198","1.87",,
"2020-08-31","COP","ConocoPhillips","NYSE","9347967","9485632","4806020","1.95",,
"2020-08-31","COST","Costco Wholesale Corporation C","NNM","2848945","2962961","1532948","1.86",,
"2020-08-31","CRM","salesforce.com, inc.","NYSE","12446768","10781291","15979721","1.00",,
"2020-08-31","CRWD","CrowdStrike Holdings, Inc. Cla","NNM","7917172","8404897","2722555","2.91",,
"2020-08-31","CSCO","Cisco Systems, Inc. Common Sto","NNM","31402364","29816190","18468614","1.70",,
"2020-08-31","CSX","CSX Corporation Common Stock","NNM","6070674","6119264","2433787","2.49",,
"2020-08-31","CTAS","Cintas Corporation Common Stoc","NNM","1625339","1691966","258292","6.29",,
"2020-08-31","CVNA","Carvana Co.","NYSE","18062613","18684214","977413","18.48",,
"2020-08-31","CVS","CVS HEALTH CORPORATION","NYSE","19258861","18389479","5435828","3.54",,
"2020-08-31","CVX","Chevron Corporation","NYSE","18859932","17280786","7478055","2.52",,
"2020-08-31","D","Dominion Energy, Inc Common St","NYSE","10476773","11013492","2602589","4.03",,
"2020-08-31","DDOG","Datadog, Inc. Class A Common S","NNM","13157862","13890875","2897441","4.54",,
"2020-08-31","DE","Deere & Company","NYSE","3593928","4106081","2066103","1.74",,
"2020-08-31","DELL","Dell Technologies Inc.","NYSE","7472505","8181342","2212668","3.38",,
"2020-08-31","DHR","Danaher Corporation","NYSE","5460104","5684842","1280799","4.26",,
"2020-08-31","DIS","The Walt Disney Company","NYSE","22449342","24674294","7187022","3.12",,
"2020-08-31","DLR","Digital Realty Trust, Inc.","NYSE","6945858","7102350","886409","7.84",,
"2020-08-31","DUK","Duke Energy Corporation","NYSE","36639297","36674689","2786045","13.15",,
"2020-08-31","ECL","Ecolab, Inc.","NYSE","3517131","3237508","618352","5.69",,
"2020-08-31","EMR","Emerson Electric Co.","NYSE","9224090","9567833","2195705","4.20",,
"2020-08-31","EOG","EOG Resources, Inc.","NYSE","8932595","8396594","3672364","2.43",,
"2020-08-31","EPD","Enterprise Products Partners L","NYSE","29707973","29516902","6060199","4.90",,
"2020-08-31","EQIX","Equinix, Inc. Common Stock REI","NNM","996850","971434","312581","3.19",,
"2020-08-31","FCX","Freeport-McMoran Inc.","NYSE","31638489","34795805","13724578","2.31",,
"2020-08-31","FDX","FedEx Corporation","NYSE","5290896","5164806","2142786","2.47",,
"2020-08-31","FTNT","Fortinet, Inc. Common Stock","NNM","4879765","4736317","1005754","4.85",,
"2020-08-31","GD","General Dynamics Corporation","NYSE","2605100","2776067","827163","3.15",,
"2020-08-31","GE","General Electric Company","NYSE","83237743","81350427","58343720","1.43",,
"2020-08-31","GILD","Gilead Sciences, Inc. Common S","NNM","16172946","18831864","8106783","1.99",,
"2020-08-31","GLW","Corning Incorporated","NYSE","18209822","20946409","3391021","5.37",,
"2020-08-31","GM","General Motors Company","NYSE","20730555","17969809","13796945","1.50",,
"2020-08-31","GOOG","Alphabet Inc. Class C Capital","NNM","2290314","1610036","1752794","1.31",,
"2020-08-31","GOOGL","Alphabet Inc. Class A Common S","NNM","2605804","2183401","1345796","1.94",,
"2020-08-31","GS","Goldman Sachs Group Inc.","NYSE","4823687","3918160","2606610","1.85",,
"2020-08-31","GWW","W.W. Grainger, Inc.","NYSE","1124580","1051162","228810","4.91",,
"2020-08-31","HCA","HCA Healthcare, Inc.","NYSE","3584025","3938783","1307221","2.74",,
"2020-08-31","HD","Home Depot, Inc.","NYSE","7357686","6155241","4032528","1.82",,
"2020-08-31","HLT","Hilton Worldwide Holdings Inc.","NYSE","10161425","10559556","2284390","4.45",,
"2020-08-31","HON","Honeywell International, Inc.","NYSE","5659629","4864272","3740041","1.51",,
"2020-08-31","HPE","Hewlett Packard Enterprise Com","NYSE","30816014","29642161","9994087","3.08",,
"2020-08-31","HWM","Howmet Aerospace Inc.","NYSE","14650171","15343531","1713307","8.55",,
"2020-08-31","IBKR","Interactive Brokers Group, Inc","NNM","3680922","3969250","380116","9.68",,
"2020-08-31","IBM","International Business Machine","NYSE","22629603","21600483","2990216","7.57",,
"2020-08-31","ICE","Intercontinental Exchange  Inc","NYSE","5886797","5826370","2770214","2.13",,
"2020-08-31","INTC","Intel Corporation Common Stock","NNM","173523497","41772453","29042149","5.97",,
"2020-08-31","INTU","Intuit Inc. Common Stock","NNM","2467032","2401583","1327441","1.86",,
"2020-08-31","ISRG","Intuitive Surgical, Inc. Commo","NNM","2171606","1996967","469081","4.63",,
"2020-08-31","ITW","Illinois Tool Works Inc.","NYSE","6134984","6539580","635339","9.66",,
"2020-08-31","JNJ","Johnson & Johnson","NYSE","10556925","9434808","5115822","2.06",,
"2020-08-31","JPM","JPMorgan Chase & Co.","NYSE","22289040","20303197","13380783","1.67",,
"2020-08-31","KKR","KKR & Co. Inc.","NYSE","17406687","21330197","3381010","5.15",,
"2020-08-31","KLAC","KLA Corporation Common Stock","NNM","3239030","2980042","874950","3.70",,
"2020-08-31","KMI","Kinder Morgan, Inc.","NYSE","23858924","20002732","10099504","2.36",,
"2020-08-31","KO","Coca-Cola Company","NYSE","19631176","21572647","10627895","1.85",,
"2020-08-31","LIN","Linde plc Ordinary Share","NYSE","3840907","3634086","1146914","3.35",,
"2020-08-31","LLY","Eli Lilly & Co.","NYSE","4664181","4245999","2209924","2.11",,
"2020-08-31","LMT","Lockheed Martin Corp.","NYSE","2164634","2298196","810850","2.67",,
"2020-08-31","LOW","Lowe's Companies Inc.","NYSE","6100162","7011694","4625861","1.32",,
"2020-08-31","LRCX","Lam Research Corporation Commo","NNM","4864684","4097405","1444560","3.37",,
"2020-08-31","MA","Mastercard Incorporated","NYSE","4563503","4589049","2861814","1.59",,
"2020-08-31","MAR","Marriott International Class A","NNM","9050708","9838805","2215546","4.09",,
"2020-08-31","MCD","McDonald's Corporation","NYSE","6887819","6059612","2485841","2.77",,
"2020-08-31","MCK","McKesson Corporation","NYSE","1662790","2135158","714113","2.33",,
"2020-08-31","MCO","Moody's Corporation","NYSE","1146022","1403478","534709","2.14",,
"2020-08-31","MDLZ","Mondelez International, Inc. C","NNM","10687710","8892014","4834110","2.21",,
"2020-08-31","MDT","Medtronic plc","NYSE","7287427","6891490","4935515","1.48",,
"2020-08-31","MMM","3M Company","NYSE","7714228","6679060","2001423","3.85",,
"2020-08-31","MNST","Monster Beverage Corporation","NNM","5851153","5438956","1365856","4.28",,
"2020-08-31","MO","Altria Group, Inc.","NYSE","8170215","9981003","6081404","1.34",,
"2020-08-31","MPC","MARATHON PETROLEUM CORPORATION","NYSE","22766418","22955437","5932859","3.84",,
"2020-08-31","MPWR","Monolithic Power Systems, Inc.","NNM","963778","1022369","209968","4.59",,
"2020-08-31","MRK","Merck & Co., Inc.","NYSE","12107807","11796980","6397899","1.89",,
"2020-08-31","MRVL","Marvell Technology Group Ltd.","NNM","17560860","14964262","7777977","2.26",,
"2020-08-31","MS","Morgan Stanley","NYSE","45664109","43843992","6460378","7.07",,
"2020-08-31","MSFT","Microsoft Corporation Common S","NNM","36458662","29634174","27614751","1.32",,
"2020-08-31","MSI","Motorola Solutions, Inc. New","NYSE","3161313","3238541","916875","3.45",,
"2020-08-31","MU","Micron Technology, Inc. Common","NNM","32930451","35800488","15787633","2.09",,
"2020-08-31","NEE","Nextra Energy, Inc.","NYSE","4588373","4578211","1054130","4.35",,
"2020-08-31","NEM","Newmont Corporation","NYSE","9075211","9727617","4736133","1.92",,
"2020-08-31","NET","Cloudflare, Inc. Class A commo","NYSE","6775570","8265591","3849126","1.76",,
"2020-08-31","NFLX","Netflix, Inc. Common Stock","NNM","9878569","9633281","5718770","1.73",,
"2020-08-31","NKE","Nike, Inc.","NYSE","10355100","10125952","4779178","2.17",,
"2020-08-31","NOC","Northrop Grumman Corp.","NYSE","1590506","1486916","459643","3.46",,
"2020-08-31","NOW","SERVICENOW, INC.","NYSE","3626651","5144357","1778963","2.04",,
"2020-08-31","NSC","Norfolk Southern Corp.","NYSE","3193797","3310799","836244","3.82",,
"2020-08-31","NVDA","NVIDIA Corporation Common Stoc","NNM","5411813","5530208","12740393","1.00",,
"2020-08-31","ORCL","Oracle Corp","NYSE","34887017","33846701","10842743","3.22",,
"2020-08-31","ORLY","O'Reilly Automotive, Inc. Comm","NNM","816437","851550","388980","2.10",,
"2020-08-31","PANW","PALO ALTO NETWORKS, INC","NYSE","4072331","4210922","1746797","2.33",,
"2020-08-31","PCAR","PACCAR Inc. Common Stock","NNM","2947351","3656658","1171211","2.52",,
"2020-08-31","PEP","PepsiCo, Inc. Common Stock","NNM","6268292","7245795","3179090","1.97",,
"2020-08-31","PFE","Pfizer Inc.","NYSE","45212024","50222963","19127071","2.36",,
"2020-08-31","PG","Procter & Gamble Company","NYSE","14436185","13795859","5306306","2.72",,
"2020-08-31","PGR","Progressive Corporation","NYSE","7141174","7033012","1737442","4.11",,
"2020-08-31","PH","Parker-Hannifin Corporation","NYSE","878014","927862","655777","1.34",,
"2020-08-31","PLD","PROLOGIS, INC.","NYSE","7507732","7082558","1954995","3.84",,
"2020-08-31","PM","Philip Morris International In","NYSE","7127295","8431701","2838091","2.51",,
"2020-08-31","PNC","PNC Financial Services Group","NYSE","5243876","4904180","1829342","2.87",,
"2020-08-31","PSX","PHILLIPS 66","NYSE","6047759","5807280","2568141","2.35",,
"2020-08-31","PWR","Quanta Services, Inc.","NYSE","4069342","4867549","988320","4.12",,
"2020-08-31","QCOM","QUALCOMM Incorporated Common S","NNM","13447361","16450884","7119605","1.89",,
"2020-08-31","RCL","Royal Caribbean Group","NYSE","19690834","19679468","7945336","2.48",,
"2020-08-31","REGN","Regeneron Pharmaceuticals, Inc","NNM","1587127","1601521","557388","2.85",,
"2020-08-31","ROST","Ross Stores, Inc. Common Stock","NNM","3565329","3756601","2678647","1.33",,
"2020-08-31","RSG","Republic Services Inc.","NYSE","2504446","2324213","730241","3.43",,
"2020-08-31","RTX","Raytheon Technologies Corporat","NYSE","14625145","10764783","7571988","1.93",,
"2020-08-31","SBUX","Starbucks Corporation Common S","NNM","12781004","12814530","7082709","1.80",,
"2020-08-31","SCCO","Southern Copper Corporation","NYSE","6520214","5840411","494720","13.18",,
"2020-08-31","SCHW","The Charles Schwab Corporation","NYSE","80462481","76835662","6361354","12.65",,
"2020-08-31","SHW","The Sherwin-Williams Company","NYSE","787262","656756","279559","2.82",,
"2020-08-31","SNPS","Synopsys, Inc. Common Stock","NNM","1774479","1600496","925261","1.92",,
"2020-08-31","SO","The Southern Company","NYSE","11106726","9513180","3094087","3.59",,
"2020-08-31","SPG","Simon Property Group, Inc.","NYSE","27596670","27464005","4331337","6.37",,
"2020-08-31","SPGI","S&P Global Inc.","NYSE","2132728","2145411","596479","3.58",,
"2020-08-31","SYK","Stryker Corporation","NYSE","3218181","3224367","852234","3.78",,
"2020-08-31","T","AT&T Inc.","NYSE","112846131","115078605","22838830","4.94",,
"2020-08-31","TDG","TransDigm Group Incorporated","NYSE","2661985","2671249","376675","7.07",,
"2020-08-31","TFC","Truist Financial Corporation","NYSE","12277421","15490687","2977065","4.12",,
"2020-08-31","TGT","Target Corporation","NYSE","8608888","8863782","7883483","1.09",,
"2020-08-31","TJX","TJX Companies, Inc. (The)","NYSE","12660010","12129248","11015370","1.15",,
"2020-08-31","TMO","Thermo Fisher Scientific, Inc.","NYSE","2534777","2622363","1113733","2.28",,
"2020-08-31","TMUS","T-Mobile US, Inc. Common Stock","NNM","13193751","14308425","2422274","5.45",,
"2020-08-31","TRV","The Travelers Companies, Inc.","NYSE","5066535","4614531","1097576","4.62",,
"2020-08-31","TSLA","Tesla, Inc. Common Stock","NNM","54890314","12312197","81436953","1.00","S","R"
"2020-08-31","TXN","Texas Instruments Incorporated","NNM","15934412","16793948","2761876","5.77",,
"2020-08-31","UBER","Uber Technologies, Inc.","NYSE","44508451","51168436","20552350","2.17",,
"2020-08-31","UNH","UNITEDHEALTH GROUP INCORPORATE","NYSE","5570245","5467396","2298121","2.42",,
"2020-08-31","UNP","Union Pacific Corp.","NYSE","4445472","5172425","1827426","2.43",,
"2020-08-31","UPS","United Parcel Service, Inc. Cl","NYSE","10016433","14133048","2735903","3.66",,
"2020-08-31","URI","United Rentals, Inc.","NYSE","7011376","7010363","543364","12.90",,
"2020-08-31","USB","U.S. Bancorp","NYSE","11829530","11928247","4503094","2.63",,
"2020-08-31","V","VISA Inc.","NYSE","28355233","26253257","6916704","4.10",,
"2020-08-31","VLO","Valero Energy Corporation","NYSE","8234703","8162105","3145403","2.62",,
"2020-08-31","VRT","Vertiv Holdings Co Class A Com","NYSE","10745974","12010254","2727840","3.94",,
"2020-08-31","VRTX","Vertex Pharmaceuticals Incorpo","NNM","3348466","3224457","906955","3.69",,
"2020-08-31","VZ","Verizon Communications","NYSE","30056286","30329353","9914873","3.03",,
"2020-08-31","WDC","Western Digital Corporation Co","NNM","10311019","10269504","5248237","1.96",,
"2020-08-31","WELL","Welltower Inc.","NYSE","11260370","10235850","2324026","4.85",,
"2020-08-31","WFC","Wells Fargo & Co.","NYSE","32229362","32879258","29642409","1.09",,
"2020-08-31","WM","Waste Management, Inc.","NYSE","3854014","3906191","1300429","2.96",,
"2020-08-31","WMB","Williams Companies Inc.","NYSE","18005447","18657581","5574346","3.23",,
"2020-08-31","WMT","Walmart Inc.","NYSE","17077685","14225238","13725691","1.24",,
"2020-08-31","XOM","Exxon Mobil Corporation","NYSE","45638528","41802045","20548990","2.22",,
"2020-08-14","AAPL","Apple Inc. Common Stock","NNM","23658754","26502377","44400500","1.00",,
"2020-08-14","ABBV","ABBVIE INC.","NYSE","12410255","13235244","6275693","1.98",,
"2020-08-14","ABT","Abbott Laboratories","NYSE","10088844","12710651","3112354","3.24",,
"2020-08-14","ADBE","Adobe Inc. Common Stock","NNM","3753325","4270051","2061880","1.82",,
"2020-08-14","ADI","Analog Devices, Inc. Common St","NNM","13376679","11411705","2809226","4.76",,
"2020-08-14","ADP","Automatic Data Processing, Inc","NNM","4158217","4019034","2287070","1.82",,
"2020-08-14","AEP","American Electric Power Compan","NYSE","7568542","5878887","2794949","2.71",,
"2020-08-14","AFL","Aflac Inc.","NYSE","8991207","8999796","2941597","3.06",,
"2020-08-14","AJG","Arthur J. Gallagher & Co.","NYSE","1233681","1250119","672242","1.84",,
"2020-08-14","ALL","The Allstate Corporation","NYSE","2980518","4354683","1551274","1.92",,
"2020-08-14","AMAT","Applied Materials, Inc. Common","NNM","16109888","17173108","6152111","2.62",,
"2020-08-14","AMD","Advanced Micro Devices, Inc. C","NNM","44788922","51330517","67824384","1.00",,
"2020-08-14","AMGN","Amgen Inc. Common Stock","NNM","4386923","4924287","1604081","2.73",,
"2020-08-14","AMT","American Tower Corporation","NYSE","2562339","3088866","1224652","2.09",,
"2020-08-14","AMZN","Amazon.com, Inc. Common Stock","NNM","2207816","3086467","3505811","1.00",,
"2020-08-14","ANET","Arista Networks","NYSE","3302363","3501001","1079909","3.06",,
"2020-08-14","AON","Aon plc Class A","NYSE","15938995","15015318","1619477","9.84",,
"2020-08-14","APD","Air Products & Chemicals, Inc.","NYSE","1818677","2315444","1108148","1.64",,
"2020-08-14","APH","Amphenol Corporation","NYSE","2032578","2733576","1120668","1.81",,
"2020-08-14","APO","Apollo Global Management, Inc.","NYSE","5024006","6073187","1078639","4.66",,
"2020-08-14","AVGO","Broadcom Inc. Common Stock","NNM","3613744","3347520","1612069","2.24",,
"2020-08-14","AXP","American Express Company","NYSE","9901680","9245447","3219981","3.08",,
"2020-08-14","BA","Boeing Company","NYSE","8047599","9877625","32871992","1.00",,
"2020-08-14","BAC","Bank of America Corporation","NYSE","80167332","81980779","52679063","1.52",,
"2020-08-14","BKNG","Booking Holdings Inc. Common S","NNM","1156244","1133365","308975","3.74",,
"2020-08-14","BLK","Blackrock, Inc.","NYSE","1374182","1769594","441482","3.11",,
"2020-08-14","BMY","Bristol-Myers Squibb Co.","NYSE","14453167","20696576","10351181","1.40",,
"2020-08-14","BNY","BlackRock New York Municipal I","NYSE","21079","16003","21389","1.00",,
"2020-08-14","BRKA","Berkshire Hathaway Inc.","NYSE","183","181","379","1.00",,
"2020-08-14","BRKB","BERKSHIRE HATHAWAY Class B","NYSE","12599165","14379181","4659645","2.70",,
"2020-08-14","BSX","Boston Scientific Corp.","NYSE","16465834","15659071","5681036","2.90",,
"2020-08-14","BX","The Blackstone Group Inc. Clas","NYSE","7944528","10706421","2913625","2.73",,
"2020-08-14","C","Citigroup Inc.","NYSE","16955595","17519644","15639112","1.08",,
"2020-08-14","CAT","Caterpillar Inc.","NYSE","6243794","6633925","2750387","2.27",,
"2020-08-14","CCZ","Comcast Holdings Corp. 2.0% Ex","NYSE","77","82","166","1.00",,
"2020-08-14","CDNS","Cadence Design Systems, Inc. C","NNM","3236844","3453770","1333111","2.43",,
"2020-08-14","CI","CIGNA Corporation","NYSE","3501765","2940024","1727187","2.03",,
"2020-08-14","CL","Colgate-Palmolive Company","NYSE","9405189","10760075","2900956","3.24",,
"2020-08-14","CMCSA","Comcast Corporation Class A Co","NNM","78360866","87405541","12237869","6.40",,
"2020-08-14","CME","CME Group Inc. Class A Common","NNM","6242561","6079238","1551090","4.02",,
"2020-08-14","CMI","Cummins Inc.","NYSE","3695064","4223536","892613","4.14",,
"2020-08-14","COF","Capital One Financial","NYSE","3965284","4898722","2392598","1.66",,
"2020-08-14","COP","ConocoPhillips","NYSE","9485632","10495685","6593148","1.44",,
"2020-08-14","COST","Costco Wholesale Corporation C","NNM","2962961","3319227","2006593","1.48",,
"2020-08-14","CRM","salesforce.com, inc.","NYSE","10781291","11872901","4438932","2.43",,
"2020-08-14","CRWD","CrowdStrike Holdings, Inc. Cla","NNM","8404897","9623199","4382180","1.92",,
"2020-08-14","CSCO","Cisco Systems, Inc. Common Sto","NNM","29816190","37777574","22376458","1.33",,
"2020-08-14","CSX","CSX Corporation Common Stock","NNM","6119264","6382804","2872260","2.13",,
"2020-08-14","CTAS","Cintas Corporation Common Stoc","NNM","1691966","1666753","414127","4.09",,
"2020-08-14","CVNA","Carvana Co.","NYSE","18684214","20146016","3090452","6.05",,
"2020-08-14","CVS","CVS HEALTH CORPORATION","NYSE","18389479","19911799","6818745","2.70",,
"2020-08-14","CVX","Chevron Corporation","NYSE","17280786","17854811","7547051","2.29",,
"2020-08-14","D","Dominion Energy, Inc Common St","NYSE","11013492","14279730","2848131","3.87",,
"2020-08-14","DDOG","Datadog, Inc. Class A Common S","NNM","13890875","13149589","6594368","2.11",,
"2020-08-14","DE","Deere & Company","NYSE","4106081","4499086","1259801","3.26",,
"2020-08-14","DELL","Dell Technologies Inc.","NYSE","8181342","8473427","1482235","5.52",,
"2020-08-14","DHR","Danaher Corporation","NYSE","5684842","6991528","1722366","3.30",,
"2020-08-14","DIS","The Walt Disney Company","NYSE","24674294","26575306","16506070","1.49",,
"2020-08-14","DLR","Digital Realty Trust, Inc.","NYSE","7102350","7357763","1085830","6.54",,
"2020-08-14","DUK","Duke Energy Corporation","NYSE","36674689","37067489","3154602","11.63",,
"2020-08-14","ECL","Ecolab, Inc.","NYSE","3237508","3437609","1121234","2.89",,
"2020-08-14","EMR","Emerson Electric Co.","NYSE","9567833","6869970","3428133","2.79",,
"2020-08-14","EOG","EOG Resources, Inc.","NYSE","8396594","9689412","4430505","1.90",,
"2020-08-14","EPD","Enterprise Products Partners L","NYSE","29516902","30787077","7006300","4.21",,
"2020-08-14","EQIX","Equinix, Inc. Common Stock REI","NNM","971434","1020168","289068","3.36",,
"2020-08-14","FCX","Freeport-McMoran Inc.","NYSE","34795805","35974258","19270230","1.81",,
"2020-08-14","FDX","FedEx Corporation","NYSE","5164806","4818805","3847033","1.34",,
"2020-08-14","FTNT","Fortinet, Inc. Common Stock","NNM","4736317","3996050","1557811","3.04",,
"2020-08-14","GD","General Dynamics Corporation","NYSE","2776067","2910426","1266755","2.19",,
"2020-08-14","GE","General Electric Company","NYSE","81350427","90298932","73150602","1.11",,
"2020-08-14","GILD","Gilead Sciences, Inc. Common S","NNM","18831864","21332170","8504552","2.21",,
"2020-08-14","GLW","Corning Incorporated","NYSE","20946409","21950940","3289461","6.37",,
"2020-08-14","GM","General Motors Company","NYSE","17969809","27454802","10328083","1.74",,
"2020-08-14","GOOG","Alphabet Inc. Class C Capital","NNM","1610036","2472852","1539669","1.05",,
"2020-08-14","GOOGL","Alphabet Inc. Class A Common S","NNM","2183401","2609908","1342915","1.63",,
"2020-08-14","GS","Goldman Sachs Group Inc.","NYSE","3918160","3872653","2265581","1.73",,
"2020-08-14","GWW","W.W. Grainger, Inc.","NYSE","1051162","1170700","214908","4.89",,
"2020-08-14","HCA","HCA Healthcare, Inc.","NYSE","3938783","4070102","1314995","3.00",,
"2020-08-14","HD","Home Depot, Inc.","NYSE","6155241","6477369","2338875","2.63",,
"2020-08-14","HLT","Hilton Worldwide Holdings Inc.","NYSE","10559556","11068205","2950429","3.58",,
"2020-08-14","HON","Honeywell International, Inc.","NYSE","4864272","5491184","2623476","1.85",,
"2020-08-14","HPE","Hewlett Packard Enterprise Com","NYSE","29642161","29715890","8493050","3.49",,
"2020-08-14","HWM","Howmet Aerospace Inc.","NYSE","15343531","16986340","2675797","5.73",,
"2020-08-14","IBKR","Interactive Brokers Group, Inc","NNM","3969250","4407755","372311","10.66",,
"2020-08-14","IBM","International Business Machine","NYSE","21600483","22609531","3337260","6.47",,
"2020-08-14","ICE","Intercontinental Exchange  Inc","NYSE","5826370","5163135","3104779","1.88",,
"2020-08-14","INTC","Intel Corporation Common Stock","NNM","41772453","42728082","27880308","1.50",,
"2020-08-14","INTU","Intuit Inc. Common Stock","NNM","2401583","2255883","772205","3.11",,
"2020-08-14","ISRG","Intuitive Surgical, Inc. Commo","NNM","1996967","2322266","343221","5.82",,
"2020-08-14","ITW","Illinois Tool Works Inc.","NYSE","6539580","7125581","794938","8.23",,
"2020-08-14","JNJ","Johnson & Johnson","NYSE","9434808","12395289","4310663","2.19",,
"2020-08-14","JPM","JPMorgan Chase & Co.","NYSE","20303197","24072031","14627142","1.39",,
"2020-08-14","KKR","KKR & Co. Inc.","NYSE","21330197","17198112","3619487","5.89",,
"2020-08-14","KLAC","KLA Corporation Common Stock","NNM","2980042","2945921","1008568","2.95",,
"2020-08-14","KMI","Kinder Morgan, Inc.","NYSE","20002732","22648329","11308812","1.77",,
"2020-08-14","KO","Coca-Cola Company","NYSE","21572647","28552293","10669168","2.02",,
"2020-08-14","LIN","Linde plc Ordinary Share","NYSE","3634086","4065870","1600797","2.27",,
"2020-08-14","LLY","Eli Lilly & Co.","NYSE","4245999","4505322","2190603","1.94",,
"2020-08-14","LMT","Lockheed Martin Corp.","NYSE","2298196","2325183","856758","2.68",,
"2020-08-14","LOW","Lowe's Companies Inc.","NYSE","7011694","7973376","2677810","2.62",,
"2020-08-14","LRCX","Lam Research Corporation Commo","NNM","4097405","4179006","1088077","3.77",,
"2020-08-14","MA","Mastercard Incorporated","NYSE","4589049","4378666","3629893","1.26",,
"2020-08-14","MAR","Marriott International Class A","NNM","9838805","9345895","3435826","2.86",,
"2020-08-14","MCD","McDonald's Corporation","NYSE","6059612","6036281","2448954","2.47",,
"2020-08-14","MCK","McKesson Corporation","NYSE","2135158","2051934","902660","2.37",,
"2020-08-14","MCO","Moody's Corporation","NYSE","1403478","1366538","569398","2.46",,
"2020-08-14","MDLZ","Mondelez International, Inc. C","NNM","8892014","10401138","4451851","2.00",,
"2020-08-14","MDT","Medtronic plc","NYSE","6891490","7797134","3783622","1.82",,
"2020-08-14","MMM","3M Company","NYSE","6679060","6680310","2290876","2.92",,
"2020-08-14","MNST","Monster Beverage Corporation","NNM","5438956","5486463","1935973","2.81",,
"2020-08-14","MO","Altria Group, Inc.","NYSE","9981003","12066064","5944674","1.68",,
"2020-08-14","MPC","MARATHON PETROLEUM CORPORATION","NYSE","22955437","24879973","9533901","2.41",,
"2020-08-14","MPWR","Monolithic Power Systems, Inc.","NNM","1022369","1068072","246274","4.15",,
"2020-08-14","MRK","Merck & Co., Inc.","NYSE","11796980","13701258","6366843","1.85",,
"2020-08-14","MRVL","Marvell Technology Group Ltd.","NNM","14964262","11434209","6831673","2.19",,
"2020-08-14","MS","Morgan Stanley","NYSE","43843992","59129063","6788238","6.46",,
"2020-08-14","MSFT","Microsoft Corporation Common S","NNM","29634174","36472205","34074485","1.00",,
"2020-08-14","MSI","Motorola Solutions, Inc. New","NYSE","3238541","2678032","1291531","2.51",,
"2020-08-14","MU","Micron Technology, Inc. Common","NNM","35800488","31635781","18526106","1.93",,
"2020-08-14","NEE","Nextra Energy, Inc.","NYSE","4578211","5463016","1431659","3.20",,
"2020-08-14","NEM","Newmont Corporation","NYSE","9727617","10892153","6522105","1.49",,
"2020-08-14","NET","Cloudflare, Inc. Class A commo","NYSE","8265591","9256473","7185681","1.15",,
"2020-08-14","NFLX","Netflix, Inc. Common Stock","NNM","9633281","10625583","4576083","2.11",,
"2020-08-14","NKE","Nike, Inc.","NYSE","10125952","10131339","5692272","1.78",,
"2020-08-14","NOC","Northrop Grumman Corp.","NYSE","1486916","1462781","757135","1.96",,
"2020-08-14","NOW","SERVICENOW, INC.","NYSE","5144357","6237796","1633584","3.15",,
"2020-08-14","NSC","Norfolk Southern Corp.","NYSE","3310799","2384000","1248308","2.65",,
"2020-08-14","NVDA","NVIDIA Corporation Common Stoc","NNM","5530208","6201673","7934004","1.00",,
"2020-08-14","ORCL","Oracle Corp","NYSE","33846701","34731455","7455170","4.54",,
"2020-08-14","ORLY","O'Reilly Automotive, Inc. Comm","NNM","851550","729457","442985","1.92",,
"2020-08-14","PANW","PALO ALTO NETWORKS, INC","NYSE","4210922","4183365","613536","6.86",,
"2020-08-14","PCAR","PACCAR Inc. Common Stock","NNM","3656658","3667924","1387431","2.64",,
"2020-08-14","PEP","PepsiCo, Inc. Common Stock","NNM","7245795","9909224","2780891","2.61",,
"2020-08-14","PFE","Pfizer Inc.","NYSE","50222963","53492478","19516737","2.57",,
"2020-08-14","PG","Procter & Gamble Company","NYSE","13795859","15161159","5214983","2.65",,
"2020-08-14","PGR","Progressive Corporation","NYSE","7033012","8270549","1996159","3.52",,
"2020-08-14","PH","Parker-Hannifin Corporation","NYSE","927862","1493903","1013268","1.00",,
"2020-08-14","PLD","PROLOGIS, INC.","NYSE","7082558","7058051","2144576","3.30",,
"2020-08-14","PM","Philip Morris International In","NYSE","8431701","9769409","3384640","2.49",,
"2020-08-14","PNC","PNC Financial Services Group","NYSE","4904180","5249605","1853756","2.65",,
"2020-08-14","PSX","PHILLIPS 66","NYSE","5807280","5913022","3169108","1.83",,
"2020-08-14","PWR","Quanta Services, Inc.","NYSE","4867549","4782664","1428742","3.41",,
"2020-08-14","QCOM","QUALCOMM Incorporated Common S","NNM","16450884","15824665","11086960","1.48",,
"2020-08-14","RCL","Royal Caribbean Group","NYSE","19679468","21546107","10314759","1.91",,
"2020-08-14","REGN","Regeneron Pharmaceuticals, Inc","NNM","1601521","1890090","558734","2.87",,
"2020-08-14","ROST","Ross Stores, Inc. Common Stock","NNM","3756601","4250181","2099297","1.79",,
"2020-08-14","RSG","Republic Services Inc.","NYSE","2324213","2493307","1016120","2.29",,
"2020-08-14","RTX","Raytheon Technologies Corporat","NYSE","10764783","11585272","7778807","1.38",,
"2020-08-14","SBUX","Starbucks Corporation Common S","NNM","12814530","14809506","6756068","1.90",,
"2020-08-14","SCCO","Southern Copper Corporation","NYSE","5840411","5837717","707625","8.25",,
"2020-08-14","SCHW","The Charles Schwab Corporation","NYSE","76835662","78596518","7946520","9.67",,
"2020-08-14","SHW","The Sherwin-Williams Company","NYSE","656756","748140","395824","1.66",,
"2020-08-14","SNPS","Synopsys, Inc. Common Stock","NNM","1600496","1707984","582917","2.75",,
"2020-08-14","SO","The Southern Company","NYSE","9513180","10503596","3421835","2.78",,
"2020-08-14","SPG","Simon Property Group, Inc.","NYSE","27464005","26978622","6717812","4.09",,
"2020-08-14","SPGI","S&P Global Inc.","NYSE","2145411","2043553","649705","3.30",,
"2020-08-14","SYK","Stryker Corporation","NYSE","3224367","3460148","1049721","3.07",,
"2020-08-14","T","AT&T Inc.","NYSE","115078605","124211253","26092853","4.41",,
"2020-08-14","TDG","TransDigm Group Incorporated","NYSE","2671249","2698003","459972","5.81",,
"2020-08-14","TFC","Truist Financial Corporation","NYSE","15490687","10435387","4577014","3.38",,
"2020-08-14","TGT","Target Corporation","NYSE","8863782","12645544","2932594","3.02",,
"2020-08-14","TJX","TJX Companies, Inc. (The)","NYSE","12129248","14659955","5606942","2.16",,
"2020-08-14","TMO","Thermo Fisher Scientific, Inc.","NYSE","2622363","3050269","980227","2.68",,
"2020-08-14","TMUS","T-Mobile US, Inc. Common Stock","NNM","14308425","18967307","4444218","3.22",,
"2020-08-14","TRV","The Travelers Companies, Inc.","NYSE","4614531","4777396","1214616","3.80",,
"2020-08-14","TSLA","Tesla, Inc. Common Stock","NNM","12312197","11945253","9531022","1.29",,
"2020-08-14","TXN","Texas Instruments Incorporated","NNM","16793948","18481173","3672471","4.57",,
"2020-08-14","UBER","Uber Technologies, Inc.","NYSE","51168436","49577088","23230357","2.20",,
"2020-08-14","UNH","UNITEDHEALTH GROUP INCORPORATE","NYSE","5467396","5696591","2580333","2.12",,
"2020-08-14","UNP","Union Pacific Corp.","NYSE","5172425","4735666","2359844","2.19",,
"2020-08-14","UPS","United Parcel Service, Inc. Cl","NYSE","14133048","17696762","4616896","3.06",,
"2020-08-14","URI","United Rentals, Inc.","NYSE","7010363","6854952","832658","8.42",,
"2020-08-14","USB","U.S. Bancorp","NYSE","11928247","14955253","4863388","2.45",,
"2020-08-14","V","VISA Inc.","NYSE","26253257","35842357","7117608","3.69",,
"2020-08-14","VLO","Valero Energy Corporation","NYSE","8162105","6479181","4055504","2.01",,
"2020-08-14","VRT","Vertiv Holdings Co Class A Com","NYSE","12010254","10508296","3688060","3.26",,
"2020-08-14","VRTX","Vertex Pharmaceuticals Incorpo","NNM","3224457","3363776","1118652","2.88",,
"2020-08-14","VZ","Verizon Communications","NYSE","30329353","31595059","10124125","3.00",,
"2020-08-14","WDC","Western Digital Corporation Co","NNM","10269504","7828611","8701632","1.18",,
"2020-08-14","WELL","Welltower Inc.","NYSE","10235850","10352699","2314040","4.42",,
"2020-08-14","WFC","Wells Fargo & Co.","NYSE","32879258","34831446","35595981","1.00",,
"2020-08-14","WM","Waste Management, Inc.","NYSE","3906191","3488490","1332299","2.93",,
"2020-08-14","WMB","Williams Companies Inc.","NYSE","18657581","18445288","7622128","2.45",,
"2020-08-14","WMT","Walmart Inc.","NYSE","14225238","12600845","5726278","2.48",,
"2020-08-14","XOM","Exxon Mobil Corporation","NYSE","41802045","48550225","18460599","2.26",,
"2020-07-31","AAPL","Apple Inc. Common Stock","NNM","26502377","35234606","27919495","1.00",,
"2020-07-31","ABBV","ABBVIE INC.","NYSE","13235244","13683834","5155346","2.57",,
"2020-07-31","ABT","Abbott Laboratories","NYSE","12710651","10168761","4793405","2.65",,
"2020-07-31","ADBE","Adobe Inc. Common Stock","NNM","4270051","4809586","1856949","2.30",,
"2020-07-31","ADI","Analog Devices, Inc. Common St","NNM","11411705","7131612","3589932","3.18",,
"2020-07-31","ADP","Automatic Data Processing, Inc","NNM","4019034","3814902","2067874","1.94",,
"2020-07-31","AEP","American Electric Power Compan","NYSE","5878887","6528427","4238407","1.39",,
"2020-07-31","AFL","Aflac Inc.","NYSE","8999796","8276844","2728196","3.30",,
"2020-07-31","AJG","Arthur J. Gallagher & Co.","NYSE","1250119","1551691","758017","1.65",,
"2020-07-31","ALL","The Allstate Corporation","NYSE","4354683","3486693","1814659","2.40",,
"2020-07-31","AMAT","Applied Materials, Inc. Common","NNM","17173108","17522945","5211944","3.29",,
"2020-07-31","AMD","Advanced Micro Devices, Inc. C","NNM","51330517","50061496","85224033","1.00",,
"2020-07-31","AMGN","Amgen Inc. Common Stock","NNM","4924287","5501796","1899857","2.59",,
"2020-07-31","AMT","American Tower Corporation","NYSE","3088866","3290856","1317274","2.34",,
"2020-07-31","AMZN","Amazon.com, Inc. Common Stock","NNM","3086467","3618861","4708255","1.00",,
"2020-07-31","ANET","Arista Networks","NYSE","3501001","3871174","504543","6.94",,
"2020-07-31","AON","Aon plc Class A","NYSE","15015318","13557241","1166698","12.87",,
"2020-07-31","APD","Air Products & Chemicals, Inc.","NYSE","2315444","3042303","1128216","2.05",,
"2020-07-31","APH","Amphenol Corporation","NYSE","2733576","2545480","1303620","2.10",,
"2020-07-31","APO","Apollo Global Management, Inc.","NYSE","6073187","6598430","799636","7.59",,
"2020-07-31","AVGO","Broadcom Inc. Common Stock","NNM","3347520","4066421","1468383","2.28",,
"2020-07-31","AXP","American Express Company","NYSE","9245447","9495485","3369684","2.74",,
"2020-07-31","BA","Boeing Company","NYSE","9877625","11037942","29308494","1.00",,
"2020-07-31","BAC","Bank of America Corporation","NYSE","81980779","66474635","56781964","1.44",,
"2020-07-31","BKNG","Booking Holdings Inc. Common S","NNM","1133365","1244336","267570","4.24",,
"2020-07-31","BLK","Blackrock, Inc.","NYSE","1769594","1817372","551738","3.21",,
"2020-07-31","BMY","Bristol-Myers Squibb Co.","NYSE","20696576","22889934","8143433","2.54",,
"2020-07-31","BNY","BlackRock New York Municipal I","NYSE","16003","10014","16832","1.00",,
"2020-07-31","BRKA","Berkshire Hathaway Inc.","NYSE","181","248","266","1.00",,
"2020-07-31","BRKB","BERKSHIRE HATHAWAY Class B","NYSE","14379181","12684938","4359012","3.30",,
"2020-07-31","BSX","Boston Scientific Corp.","NYSE","15659071","14887215","7872696","1.99",,
"2020-07-31","BX","The Blackstone Group Inc. Clas","NYSE","10706421","10440661","2429872","4.41",,
"2020-07-31","C","Citigroup Inc.","NYSE","17519644","20396335","16961328","1.03",,
"2020-07-31","CAT","Caterpillar Inc.","NYSE","6633925","6891377","2294312","2.89",,
"2020-07-31","CCZ","Comcast Holdings Corp. 2.0% Ex","NYSE","82","88","131","1.00",,
"2020-07-31","CDNS","Cadence Design Systems, Inc. C","NNM","3453770","3478835","1598556","2.16",,
"2020-07-31","CI","CIGNA Corporation","NYSE","2940024","3175801","1855747","1.58",,
"2020-07-31","CL","Colgate-Palmolive Company","NYSE","10760075","11094798","3040567","3.54",,
"2020-07-31","CMCSA","Comcast Corporation Class A Co","NNM","87405541","83934033","17157632","5.09",,
"2020-07-31","CME","CME Group Inc. Class A Common","NNM","6079238","5825070","1465215","4.15",,
"2020-07-31","CMI","Cummins Inc.","NYSE","4223536","4404247","1071817","3.94",,
"2020-07-31","COF","Capital One Financial","NYSE","4898722","5352354","3430405","1.43",,
"2020-07-31","COP","ConocoPhillips","NYSE","10495685","9657854","6104961","1.72",,
"2020-07-31","COST","Costco Wholesale Corporation C","NNM","3319227","3366082","1438561","2.31",,
"2020-07-31","CRM","salesforce.com, inc.","NYSE","11872901","13446357","3885738","3.06",,
"2020-07-31","CRWD","CrowdStrike Holdings, Inc. Cla","NNM","9623199","7838285","4105133","2.34",,
"2020-07-31","CSCO","Cisco Systems, Inc. Common Sto","NNM","37777574","34828626","16174341","2.34",,
"2020-07-31","CSX","CSX Corporation Common Stock","NNM","6382804","6510035","3077434","2.07",,
"2020-07-31","CTAS","Cintas Corporation Common Stoc","NNM","1666753","1966391","505316","3.30",,
"2020-07-31","CVNA","Carvana Co.","NYSE","20146016","21676311","1002001","20.11",,
"2020-07-31","CVS","CVS HEALTH CORPORATION","NYSE","19911799","18395746","5209496","3.82",,
"2020-07-31","CVX","Chevron Corporation","NYSE","17854811","11952955","7938787","2.25",,
"2020-07-31","D","Dominion Energy, Inc Common St","NYSE","14279730","10532806","3645962","3.92",,
"2020-07-31","DDOG","Datadog, Inc. Class A Common S","NNM","13149589","14734795","2411966","5.45",,
"2020-07-31","DE","Deere & Company","NYSE","4499086","4131885","1053170","4.27",,
"2020-07-31","DELL","Dell Technologies Inc.","NYSE","8473427","7204499","4162592","2.04",,
"2020-07-31","DHR","Danaher Corporation","NYSE","6991528","6971214","2495191","2.80",,
"2020-07-31","DIS","The Walt Disney Company","NYSE","26575306","26038127","7996609","3.32",,
"2020-07-31","DLR","Digital Realty Trust, Inc.","NYSE","7357763","7462572","1249561","5.89",,
"2020-07-31","DUK","Duke Energy Corporation","NYSE","37067489","35717802","3176027","11.67",,
"2020-07-31","ECL","Ecolab, Inc.","NYSE","3437609","2906567","1097219","3.13",,
"2020-07-31","EMR","Emerson Electric Co.","NYSE","6869970","7116073","1995933","3.44",,
"2020-07-31","EOG","EOG Resources, Inc.","NYSE","9689412","9318605","3054655","3.17",,
"2020-07-31","EPD","Enterprise Products Partners L","NYSE","30787077","30534789","6155839","5.00",,
"2020-07-31","EQIX","Equinix, Inc. Common Stock REI","NNM","1020168","1147932","302536","3.37",,
"2020-07-31","FCX","Freeport-McMoran Inc.","NYSE","35974258","43985906","16590184","2.17",,
"2020-07-31","FDX","FedEx Corporation","NYSE","4818805","5384053","2414248","2.00",,
"2020-07-31","FTNT","Fortinet, Inc. Common Stock","NNM","3996050","4627505","1078713","3.70",,
"2020-07-31","GD","General Dynamics Corporation","NYSE","2910426","2812908","1032910","2.82",,
"2020-07-31","GE","General Electric Company","NYSE","90298932","87982157","71137947","1.27",,
"2020-07-31","GILD","Gilead Sciences, Inc. Common S","NNM","21332170","22085036","6150604","3.47",,
"2020-07-31","GLW","Corning Incorporated","NYSE","21950940","23709541","5729889","3.83",,
"2020-07-31","GM","General Motors Company","NYSE","27454802","25118245","11964886","2.29",,
"2020-07-31","GOOG","Alphabet Inc. Class C Capital","NNM","2472852","2437191","1295807","1.91",,
"2020-07-31","GOOGL","Alphabet Inc. Class A Common S","NNM","2609908","3197097","1343323","1.94",,
"2020-07-31","GS","Goldman Sachs Group Inc.","NYSE","3872653","4079290","3145249","1.23",,
"2020-07-31","GWW","W.W. Grainger, Inc.","NYSE","1170700","1075994","368544","3.18",,
"2020-07-31","HCA","HCA Healthcare, Inc.","NYSE","4070102","4615361","2366063","1.72",,
"2020-07-31","HD","Home Depot, Inc.","NYSE","6477369","6681302","2397807","2.70",,
"2020-07-31","HLT","Hilton Worldwide Holdings Inc.","NYSE","11068205","9567793","1982854","5.58",,
"2020-07-31","HON","Honeywell International, Inc.","NYSE","5491184","4424821","3166115","1.73",,
"2020-07-31","HPE","Hewlett Packard Enterprise Com","NYSE","29715890","32293838","8281544","3.59",,
"2020-07-31","HWM","Howmet Aerospace Inc.","NYSE","16986340","17697167","2428908","6.99",,
"2020-07-31","IBKR","Interactive Brokers Group, Inc","NNM","4407755","5451960","661673","6.66",,
"2020-07-31","IBM","International Business Machine","NYSE","22609531","23242369","5357625","4.22",,
"2020-07-31","ICE","Intercontinental Exchange  Inc","NYSE","5163135","5141715","2537705","2.03",,
"2020-07-31","INTC","Intel Corporation Common Stock","NNM","42728082","33246404","48243506","1.00",,
"2020-07-31","INTU","Intuit Inc. Common Stock","NNM","2255883","2277577","989496","2.28",,
"2020-07-31","ISRG","Intuitive Surgical, Inc. Commo","NNM","2322266","2376762","801354","2.90",,
"2020-07-31","ITW","Illinois Tool Works Inc.","NYSE","7125581","7934892","853383","8.35",,
"2020-07-31","JNJ","Johnson & Johnson","NYSE","12395289","12507817","5610936","2.21",,
"2020-07-31","JPM","JPMorgan Chase & Co.","NYSE","24072031","22026804","13041332","1.85",,
"2020-07-31","KKR","KKR & Co. Inc.","NYSE","17198112","19614783","1863592","9.23",,
"2020-07-31","KLAC","KLA Corporation Common Stock","NNM","2945921","3369735","1138353","2.59",,
"2020-07-31","KMI","Kinder Morgan, Inc.","NYSE","22648329","21962257","10963165","2.07",,
"2020-07-31","KO","Coca-Cola Company","NYSE","28552293","26966980","16145703","1.77",,
"2020-07-31","LIN","Linde plc Ordinary Share","NYSE","4065870","4183357","1625411","2.50",,
"2020-07-31","LLY","Eli Lilly & Co.","NYSE","4505322","5234378","2512057","1.79",,
"2020-07-31","LMT","Lockheed Martin Corp.","NYSE","2325183","2421265","1244799","1.87",,
"2020-07-31","LOW","Lowe's Companies Inc.","NYSE","7973376","7599424","3092704","2.58",,
"2020-07-31","LRCX","Lam Research Corporation Commo","NNM","4179006","4081837","1482741","2.82",,
"2020-07-31","MA","Mastercard Incorporated","NYSE","4378666","4367277","3013263","1.45",,
"2020-07-31","MAR","Marriott International Class A","NNM","9345895","9353764","2178273","4.29",,
"2020-07-31","MCD","McDonald's Corporation","NYSE","6036281","5842923","2897954","2.08",,
"2020-07-31","MCK","McKesson Corporation","NYSE","2051934","2420999","759641","2.70",,
"2020-07-31","MCO","Moody's Corporation","NYSE","1366538","1634396","569784","2.40",,
"2020-07-31","MDLZ","Mondelez International, Inc. C","NNM","10401138","8821019","5468087","1.90",,
"2020-07-31","MDT","Medtronic plc","NYSE","7797134","7766259","3970721","1.96",,
"2020-07-31","MMM","3M Company","NYSE","6680310","6501099","2782776","2.40",,
"2020-07-31","MNST","Monster Beverage Corporation","NNM","5486463","6247161","2079361","2.64",,
"2020-07-31","MO","Altria Group, Inc.","NYSE","12066064","11432069","5955301","2.03",,
"2020-07-31","MPC","MARATHON PETROLEUM CORPORATION","NYSE","24879973","24942375","5211916","4.77",,
"2020-07-31","MPWR","Monolithic Power Systems, Inc.","NNM","1068072","1089684","287818","3.71",,
"2020-07-31","MRK","Merck & Co., Inc.","NYSE","13701258","14642574","7509511","1.82",,
"2020-07-31","MRVL","Marvell Technology Group Ltd.","NNM","11434209","14013442","5547378","2.06",,
"2020-07-31","MS","Morgan Stanley","NYSE","59129063","57873128","11211069","5.27",,
"2020-07-31","MSFT","Microsoft Corporation Common S","NNM","36472205","39894144","32570530","1.12",,
"2020-07-31","MSI","Motorola Solutions, Inc. New","NYSE","2678032","2614934","1117650","2.40",,
"2020-07-31","MU","Micron Technology, Inc. Common","NNM","31635781","32222032","16421471","1.93",,
"2020-07-31","NEE","Nextra Energy, Inc.","NYSE","5463016","5721345","1713399","3.19",,
"2020-07-31","NEM","Newmont Corporation","NYSE","10892153","10810304","7139278","1.53",,
"2020-07-31","NET","Cloudflare, Inc. Class A commo","NYSE","9256473","9679128","3601411","2.57",,
"2020-07-31","NFLX","Netflix, Inc. Common Stock","NNM","10625583","10379930","9983788","1.06",,
"2020-07-31","NKE","Nike, Inc.","NYSE","10131339","10683203","4661205","2.17",,
"2020-07-31","NOC","Northrop Grumman Corp.","NYSE","1462781","1218866","919968","1.59",,
"2020-07-31","NOW","SERVICENOW, INC.","NYSE","6237796","6393243","1491808","4.18",,
"2020-07-31","NSC","Norfolk Southern Corp.","NYSE","2384000","2528108","1523755","1.56",,
"2020-07-31","NVDA","NVIDIA Corporation Common Stoc","NNM","6201673","7448302","7450582","1.00",,
"2020-07-31","ORCL","Oracle Corp","NYSE","34731455","33506982","10004464","3.47",,
"2020-07-31","ORLY","O'Reilly Automotive, Inc. Comm","NNM","729457","992158","639635","1.14",,
"2020-07-31","PANW","PALO ALTO NETWORKS, INC","NYSE","4183365","4368596","682463","6.13",,
"2020-07-31","PCAR","PACCAR Inc. Common Stock","NNM","3667924","4362090","2165434","1.69",,
"2020-07-31","PEP","PepsiCo, Inc. Common Stock","NNM","9909224","8710971","3436654","2.88",,
"2020-07-31","PFE","Pfizer Inc.","NYSE","53492478","47474673","34772954","1.54",,
"2020-07-31","PG","Procter & Gamble Company","NYSE","15161159","15794791","5671152","2.67",,
"2020-07-31","PGR","Progressive Corporation","NYSE","8270549","6632535","1947785","4.25",,
"2020-07-31","PH","Parker-Hannifin Corporation","NYSE","1493903","1618192","672166","2.22",,
"2020-07-31","PLD","PROLOGIS, INC.","NYSE","7058051","7958543","2893912","2.44",,
"2020-07-31","PM","Philip Morris International In","NYSE","9769409","7993294","4582600","2.13",,
"2020-07-31","PNC","PNC Financial Services Group","NYSE","5249605","4295060","2252683","2.33",,
"2020-07-31","PSX","PHILLIPS 66","NYSE","5913022","5595126","2154679","2.74",,
"2020-07-31","PWR","Quanta Services, Inc.","NYSE","4782664","5087978","773408","6.18",,
"2020-07-31","QCOM","QUALCOMM Incorporated Common S","NNM","15824665","17871634","9598482","1.65",,
"2020-07-31","RCL","Royal Caribbean Cruises Ltd.","NYSE","21546107","24183956","8090018","2.66",,
"2020-07-31","REGN","Regeneron Pharmaceuticals, Inc","NNM","1890090","1987161","588482","3.21",,
"2020-07-31","ROST","Ross Stores, Inc. Common Stock","NNM","4250181","3668849","2366183","1.80",,
"2020-07-31","RSG","Republic Services Inc.","NYSE","2493307","2602473","769218","3.24",,
"2020-07-31","RTX","Raytheon Technologies Corporat","NYSE","11585272","13344436","7931764","1.46",,
"2020-07-31","SBUX","Starbucks Corporation Common S","NNM","14809506","17345187","8075399","1.83",,
"2020-07-31","SCCO","Southern Copper Corporation","NYSE","5837717","6173330","742581","7.86",,
"2020-07-31","SCHW","The Charles Schwab Corporation","NYSE","78596518","79524171","8332572","9.43",,
"2020-07-31","SHW","The Sherwin-Williams Company","NYSE","748140","765439","499375","1.50",,
"2020-07-31","SNPS","Synopsys, Inc. Common Stock","NNM","1707984","1838525","582349","2.93",,
"2020-07-31","SO","The Southern Company","NYSE","10503596","11965760","3173922","3.31",,
"2020-07-31","SPG","Simon Property Group, Inc.","NYSE","26978622","27973728","4018526","6.71",,
"2020-07-31","SPGI","S&P Global Inc.","NYSE","2043553","2624881","807748","2.53",,
"2020-07-31","SYK","Stryker Corporation","NYSE","3460148","3447625","1224719","2.83",,
"2020-07-31","T","AT&T Inc.","NYSE","124211253","116449851","30986569","4.01",,
"2020-07-31","TDG","TransDigm Group Incorporated","NYSE","2698003","2691658","288669","9.35",,
"2020-07-31","TFC","Truist Financial Corporation","NYSE","10435387","11002517","3917641","2.66",,
"2020-07-31","TGT","Target Corporation","NYSE","12645544","13737770","2857322","4.43",,
"2020-07-31","TJX","TJX Companies, Inc. (The)","NYSE","14659955","14542956","4308603","3.40",,
"2020-07-31","TMO","Thermo Fisher Scientific, Inc.","NYSE","3050269","3118079","1250095","2.44",,
"2020-07-31","TMUS","T-Mobile US, Inc. Common Stock","NNM","18967307","18361527","4252533","4.46",,
"2020-07-31","TRV","The Travelers Companies, Inc.","NYSE","4777396","5087918","1244016","3.84",,
"2020-07-31","TSLA","Tesla, Inc. Common Stock","NNM","11945253","12710428","13614697","1.00",,
"2020-07-31","TXN","Texas Instruments Incorporated","NNM","18481173","15453650","4864759","3.80",,
"2020-07-31","UBER","Uber Technologies, Inc.","NYSE","49577088","54337683","11994001","4.13",,
"2020-07-31","UNH","UNITEDHEALTH GROUP INCORPORATE","NYSE","5696591","5044002","2291140","2.49",,
"2020-07-31","UNP","Union Pacific Corp.","NYSE","4735666","4060311","2872322","1.65",,
"2020-07-31","UPS","United Parcel Service, Inc. Cl","NYSE","17696762","18079038","5234482","3.38",,
"2020-07-31","URI","United Rentals, Inc.","NYSE","6854952","6908643","792664","8.65",,
"2020-07-31","USB","U.S. Bancorp","NYSE","14955253","15183650","6520745","2.29",,
"2020-07-31","V","VISA Inc.","NYSE","35842357","36685623","6521054","5.50",,
"2020-07-31","VLO","Valero Energy Corporation","NYSE","6479181","7454003","3199502","2.03",,
"2020-07-31","VRT","Vertiv Holdings Co Class A Com","NYSE","10508296","10052541","1481732","7.09",,
"2020-07-31","VRTX","Vertex Pharmaceuticals Incorpo","NNM","3363776","4052689","1156731","2.91",,
"2020-07-31","VZ","Verizon Communications","NYSE","31595059","30983134","11986992","2.64",,
"2020-07-31","WDC","Western Digital Corporation Co","NNM","7828611","7690478","4248131","1.84",,
"2020-07-31","WELL","Welltower Inc.","NYSE","10352699","10201837","2121927","4.88",,
"2020-07-31","WFC","Wells Fargo & Co.","NYSE","34831446","30112059","38696886","1.00",,
"2020-07-31","WM","Waste Management, Inc.","NYSE","3488490","3018590","1454500","2.40",,
"2020-07-31","WMB","Williams Companies Inc.","NYSE","18445288","18814039","6620779","2.79",,
"2020-07-31","WMT","Walmart Inc.","NYSE","12600845","12251210","4955536","2.54",,
"2020-07-31","XOM","Exxon Mobil Corporation","NYSE","48550225","52698202","18125336","2.68",,
"2020-07-15","AAPL","Apple Inc. Common Stock","NNM","35234606","33962851","28734550","1.23",,
"2020-07-15","ABBV","ABBVIE INC.","NYSE","13683834","16214672","5951384","2.30",,
"2020-07-15","ABT","Abbott Laboratories","NYSE","10168761","10898803","3627964","2.80",,
"2020-07-15","ADBE","Adobe Inc. Common Stock","NNM","4809586","4877621","2751326","1.75",,
"2020-07-15","ADI","Analog Devices, Inc. Common St","NNM","7131612","4451611","3230850","2.21",,
"2020-07-15","ADP","Automatic Data Processing, Inc","NNM","3814902","3777506","1298207","2.94",,
"2020-07-15","AEP","American Electric Power Compan","NYSE","6528427","6366153","2261411","2.89",,
"2020-07-15","AFL","Aflac Inc.","NYSE","8276844","6753241","3000476","2.76",,
"2020-07-15","AJG","Arthur J. Gallagher & Co.","NYSE","1551691","1842868","652465","2.38",,
"2020-07-15","ALL","The Allstate Corporation","NYSE","3486693","3466776","2270828","1.54",,
"2020-07-15","AMAT","Applied Materials, Inc. Common","NNM","17522945","18340579","5223189","3.35",,
"2020-07-15","AMD","Advanced Micro Devices, Inc. C","NNM","50061496","48615536","42518320","1.18",,
"2020-07-15","AMGN","Amgen Inc. Common Stock","NNM","5501796","6026675","2557247","2.15",,
"2020-07-15","AMT","American Tower Corporation","NYSE","3290856","3882344","1229121","2.68",,
"2020-07-15","AMZN","Amazon.com, Inc. Common Stock","NNM","3618861","3850771","5672328","1.00",,
"2020-07-15","ANET","Arista Networks","NYSE","3871174","4094742","411655","9.40",,
"2020-07-15","AON","Aon plc Class A","NYSE","13557241","13374778","1166112","11.63",,
"2020-07-15","APD","Air Products & Chemicals, Inc.","NYSE","3042303","2699557","1461658","2.08",,
"2020-07-15","APH","Amphenol Corporation","NYSE","2545480","2748415","1290881","1.97",,
"2020-07-15","APO","Apollo Global Management, Inc.","NYSE","6598430","7820357","1228635","5.37",,
"2020-07-15","AVGO","Broadcom Inc. Common Stock","NNM","4066421","4610653","1618001","2.51",,
"2020-07-15","AXP","American Express Company","NYSE","9495485","10182291","4129616","2.30",,
"2020-07-15","BA","Boeing Company","NYSE","11037942","12098776","37261310","1.00",,
"2020-07-15","BAC","Bank of America Corporation","NYSE","66474635","67273983","58808752","1.13",,
"2020-07-15","BKNG","Booking Holdings Inc. Common S","NNM","1244336","1382755","331418","3.75",,
"2020-07-15","BLK","Blackrock, Inc.","NYSE","1817372","2064177","529310","3.43",,
"2020-07-15","BMY","Bristol-Myers Squibb Co.","NYSE","22889934","21640943","9904257","2.31",,
"2020-07-15","BNY","BlackRock New York Municipal I","NYSE","10014","16401","18496","1.00",,
"2020-07-15","BRKA","Berkshire Hathaway Inc.","NYSE","248","329","373","1.00",,
"2020-07-15","BRKB","BERKSHIRE HATHAWAY Class B","NYSE","12684938","12998226","6024143","2.11",,
"2020-07-15","BSX","Boston Scientific Corp.","NYSE","14887215","17068969","8487016","1.75",,
"2020-07-15","BX","The Blackstone Group Inc. Clas","NYSE","10440661","12030048","2574453","4.06",,
"2020-07-15","C","Citigroup Inc.","NYSE","20396335","22001052","21947134","1.00",,
"2020-07-15","CAT","Caterpillar Inc.","NYSE","6891377","7262918","2772959","2.49",,
"2020-07-15","CCZ","Comcast Holdings Corp. 2.0% Ex","NYSE","88","85","274","1.00",,
"2020-07-15","CDNS","Cadence Design Systems, Inc. C","NNM","3478835","3882016","1582013","2.20",,
"2020-07-15","CI","CIGNA Corporation","NYSE","3175801","3872927","1657080","1.92",,
"2020-07-15","CL","Colgate-Palmolive Company","NYSE","11094798","11198651","3084224","3.60",,
"2020-07-15","CMCSA","Comcast Corporation Class A Co","NNM","83934033","79664340","16350916","5.13",,
"2020-07-15","CME","CME Group Inc. Class A Common","NNM","5825070","5457097","1610377","3.62",,
"2020-07-15","CMI","Cummins Inc.","NYSE","4404247","4265815","900852","4.89",,
"2020-07-15","COF","Capital One Financial","NYSE","5352354","6236354","3064467","1.75",,
"2020-07-15","COP","ConocoPhillips","NYSE","9657854","11244540","5634071","1.71",,
"2020-07-15","COST","Costco Wholesale Corporation C","NNM","3366082","3929889","2462739","1.37",,
"2020-07-15","CRM","salesforce.com, inc.","NYSE","13446357","14387027","4567041","2.94",,
"2020-07-15","CRWD","CrowdStrike Holdings, Inc. Cla","NNM","7838285","10832551","6049697","1.30",,
"2020-07-15","CSCO","Cisco Systems, Inc. Common Sto","NNM","34828626","38985645","16143894","2.16",,
"2020-07-15","CSX","CSX Corporation Common Stock","NNM","6510035","6545258","3024394","2.15",,
"2020-07-15","CTAS","Cintas Corporation Common Stoc","NNM","1966391","2136360","402562","4.88",,
"2020-07-15","CVNA","Carvana Co.","NYSE","21676311","21355317","1392549","15.57",,
"2020-07-15","CVS","CVS HEALTH CORPORATION","NYSE","18395746","17978493","6321802","2.91",,
"2020-07-15","CVX","Chevron Corporation","NYSE","11952955","12503626","6115965","1.95",,
"2020-07-15","D","Dominion Energy, Inc Common St","NYSE","10532806","12832821","7179209","1.47",,
"2020-07-15","DDOG","Datadog, Inc. Class A Common S","NNM","14734795","15270651","3777866","3.90",,
"2020-07-15","DE","Deere & Company","NYSE","4131885","4503157","1101258","3.75",,
"2020-07-15","DELL","Dell Technologies Inc.","NYSE","7204499","7068644","1622666","4.44",,
"2020-07-15","DHR","Danaher Corporation","NYSE","6971214","6816699","1877640","3.71",,
"2020-07-15","DIS","The Walt Disney Company","NYSE","26038127","25638467","11447838","2.27",,
"2020-07-15","DLR","Digital Realty Trust, Inc.","NYSE","7462572","7454703","1140928","6.54",,
"2020-07-15","DUK","Duke Energy Corporation","NYSE","35717802","36109492","3164288","11.29",,
"2020-07-15","ECL","Ecolab, Inc.","NYSE","2906567","2954569","1271035","2.29",,
"2020-07-15","EMR","Emerson Electric Co.","NYSE","7116073","7521083","2337606","3.04",,
"2020-07-15","EOG","EOG Resources, Inc.","NYSE","9318605","8430616","3655937","2.55",,
"2020-07-15","EPD","Enterprise Products Partners L","NYSE","30534789","32344872","7807243","3.91",,
"2020-07-15","EQIX","Equinix, Inc. Common Stock REI","NNM","1147932","1262221","339945","3.38",,
"2020-07-15","FCX","Freeport-McMoran Inc.","NYSE","43985906","42186798","25661054","1.71",,
"2020-07-15","FDX","FedEx Corporation","NYSE","5384053","6097564","3708595","1.45",,
"2020-07-15","FTNT","Fortinet, Inc. Common Stock","NNM","4627505","4938063","1764447","2.62",,
"2020-07-15","GD","General Dynamics Corporation","NYSE","2812908","2816886","975864","2.88",,
"2020-07-15","GE","General Electric Company","NYSE","87982157","105306574","67325798","1.31",,
"2020-07-15","GILD","Gilead Sciences, Inc. Common S","NNM","22085036","22934264","6370121","3.47",,
"2020-07-15","GLW","Corning Incorporated","NYSE","23709541","25965526","4267951","5.56",,
"2020-07-15","GM","General Motors Company","NYSE","25118245","17437085","13108158","1.92",,
"2020-07-15","GOOG","Alphabet Inc. Class C Capital","NNM","2437191","2384162","1459308","1.67",,
"2020-07-15","GOOGL","Alphabet Inc. Class A Common S","NNM","3197097","3094935","1877662","1.70",,
"2020-07-15","GS","Goldman Sachs Group Inc.","NYSE","4079290","4240716","3175685","1.28",,
"2020-07-15","GWW","W.W. Grainger, Inc.","NYSE","1075994","1125202","332939","3.23",,
"2020-07-15","HCA","HCA Healthcare, Inc.","NYSE","4615361","4682267","1709172","2.70",,
"2020-07-15","HD","Home Depot, Inc.","NYSE","6681302","7393700","3019427","2.21",,
"2020-07-15","HLT","Hilton Worldwide Holdings Inc.","NYSE","9567793","10288416","2465955","3.88",,
"2020-07-15","HON","Honeywell International, Inc.","NYSE","4424821","3991923","2464335","1.80",,
"2020-07-15","HPE","Hewlett Packard Enterprise Com","NYSE","32293838","31863458","8668746","3.73",,
"2020-07-15","HWM","Howmet Aerospace Inc.","NYSE","17697167","18793009","2665953","6.64",,
"2020-07-15","IBKR","Interactive Brokers Group, Inc","NNM","5451960","5762267","883950","6.17",,
"2020-07-15","IBM","International Business Machine","NYSE","23242369","24238463","4015302","5.79",,
"2020-07-15","ICE","Intercontinental Exchange  Inc","NYSE","5141715","4612069","1942250","2.65",,
"2020-07-15","INTC","Intel Corporation Common Stock","NNM","33246404","33600057","16145963","2.06",,
"2020-07-15","INTU","Intuit Inc. Common Stock","NNM","2277577","2380825","1217889","1.87",,
"2020-07-15","ISRG","Intuitive Surgical, Inc. Commo","NNM","2376762","2423885","406398","5.85",,
"2020-07-15","ITW","Illinois Tool Works Inc.","NYSE","7934892","8542870","917236","8.65",,
"2020-07-15","JNJ","Johnson & Johnson","NYSE","12507817","12778289","5378379","2.33",,
"2020-07-15","JPM","JPMorgan Chase & Co.","NYSE","22026804","20036298","23911191","1.00",,
"2020-07-15","KKR","KKR & Co. Inc.","NYSE","19614783","25797358","4046508","4.85",,
"2020-07-15","KLAC","KLA Corporation Common Stock","NNM","3369735","3402197","1071616","3.14",,
"2020-07-15","KMI","Kinder Morgan, Inc.","NYSE","21962257","22837141","11577297","1.90",,
"2020-07-15","KO","Coca-Cola Company","NYSE","26966980","24221422","13696952","1.97",,
"2020-07-15","LIN","Linde plc Ordinary Share","NYSE","4183357","4234966","2087356","2.00",,
"2020-07-15","LLY","Eli Lilly & Co.","NYSE","5234378","6034582","2414004","2.17",,
"2020-07-15","LMT","Lockheed Martin Corp.","NYSE","2421265","2533617","1441091","1.68",,
"2020-07-15","LOW","Lowe's Companies Inc.","NYSE","7599424","8027507","3300843","2.30",,
"2020-07-15","LRCX","Lam Research Corporation Commo","NNM","4081837","3900295","1411676","2.89",,
"2020-07-15","MA","Mastercard Incorporated","NYSE","4367277","4827676","3557715","1.23",,
"2020-07-15","MAR","Marriott International Class A","NNM","9353764","9258040","3453406","2.71",,
"2020-07-15","MCD","McDonald's Corporation","NYSE","5842923","6002993","2563948","2.28",,
"2020-07-15","MCK","McKesson Corporation","NYSE","2420999","2550379","991527","2.44",,
"2020-07-15","MCO","Moody's Corporation","NYSE","1634396","1765447","521047","3.14",,
"2020-07-15","MDLZ","Mondelez International, Inc. C","NNM","8821019","8193867","4681533","1.88",,
"2020-07-15","MDT","Medtronic plc","NYSE","7766259","8731676","4249460","1.83",,
"2020-07-15","MMM","3M Company","NYSE","6501099","6466763","1850319","3.51",,
"2020-07-15","MNST","Monster Beverage Corporation","NNM","6247161","6293710","1666575","3.75",,
"2020-07-15","MO","Altria Group, Inc.","NYSE","11432069","12176043","6116749","1.87",,
"2020-07-15","MPC","MARATHON PETROLEUM CORPORATION","NYSE","24942375","26016380","7474179","3.34",,
"2020-07-15","MPWR","Monolithic Power Systems, Inc.","NNM","1089684","1178026","279804","3.89",,
"2020-07-15","MRK","Merck & Co., Inc.","NYSE","14642574","14880963","6644782","2.20",,
"2020-07-15","MRVL","Marvell Technology Group Ltd.","NNM","14013442","15765200","7682037","1.82",,
"2020-07-15","MS","Morgan Stanley","NYSE","57873128","60738961","10406066","5.56",,
"2020-07-15","MSFT","Microsoft Corporation Common S","NNM","39894144","43132952","29498994","1.35",,
"2020-07-15","MSI","Motorola Solutions, Inc. New","NYSE","2614934","2556054","1483761","1.76",,
"2020-07-15","MU","Micron Technology, Inc. Common","NNM","32222032","27836156","17231636","1.87",,
"2020-07-15","NEE","Nextra Energy, Inc.","NYSE","5721345","5850416","1814210","3.15",,
"2020-07-15","NEM","Newmont Corporation","NYSE","10810304","10216862","7738016","1.40",,
"2020-07-15","NET","Cloudflare, Inc. Class A commo","NYSE","9679128","13273722","6037959","1.60",,
"2020-07-15","NFLX","Netflix, Inc. Common Stock","NNM","10379930","11018907","9596787","1.08",,
"2020-07-15","NKE","Nike, Inc.","NYSE","10683203","11464462","4801717","2.22",,
"2020-07-15","NOC","Northrop Grumman Corp.","NYSE","1218866","1456654","921463","1.32",,
"2020-07-15","NOW","SERVICENOW, INC.","NYSE","6393243","6345716","1407982","4.54",,
"2020-07-15","NSC","Norfolk Southern Corp.","NYSE","2528108","3116251","1088493","2.32",,
"2020-07-15","NVDA","NVIDIA Corporation Common Stoc","NNM","7448302","7337859","9309977","1.00",,
"2020-07-15","ORCL","Oracle Corp","NYSE","33506982","24136909","13424430","2.50",,
"2020-07-15","ORLY","O'Reilly Automotive, Inc. Comm","NNM","992158","1219132","448707","2.21",,
"2020-07-15","PANW","PALO ALTO NETWORKS, INC","NYSE","4368596","5703516","1429295","3.06",,
"2020-07-15","PCAR","PACCAR Inc. Common Stock","NNM","4362090","3995429","1413585","3.09",,
"2020-07-15","PEP","PepsiCo, Inc. Common Stock","NNM","8710971","8830888","4440067","1.96",,
"2020-07-15","PFE","Pfizer Inc.","NYSE","47474673","51486098","31269032","1.52",,
"2020-07-15","PG","Procter & Gamble Company","NYSE","15794791","14880247","5808352","2.72",,
"2020-07-15","PGR","Progressive Corporation","NYSE","6632535","6115945","2782888","2.38",,
"2020-07-15","PH","Parker-Hannifin Corporation","NYSE","1618192","1936317","957881","1.69",,
"2020-07-15","PLD","PROLOGIS, INC.","NYSE","7958543","6137783","2800853","2.84",,
"2020-07-15","PM","Philip Morris International In","NYSE","7993294","7532852","4610738","1.73",,
"2020-07-15","PNC","PNC Financial Services Group","NYSE","4295060","4105989","2633909","1.63",,
"2020-07-15","PSX","PHILLIPS 66","NYSE","5595126","4644980","3263584","1.71",,
"2020-07-15","PWR","Quanta Services, Inc.","NYSE","5087978","5356170","986531","5.16",,
"2020-07-15","QCOM","QUALCOMM Incorporated Common S","NNM","17871634","16065649","6169834","2.90",,
"2020-07-15","RCL","Royal Caribbean Cruises Ltd.","NYSE","24183956","26630280","12607633","1.92",,
"2020-07-15","REGN","Regeneron Pharmaceuticals, Inc","NNM","1987161","2122545","840543","2.36",,
"2020-07-15","ROST","Ross Stores, Inc. Common Stock","NNM","3668849","4410125","3029963","1.21",,
"2020-07-15","RSG","Republic Services Inc.","NYSE","2602473","2518125","1149457","2.26",,
"2020-07-15","RTX","Raytheon Technologies Corporat","NYSE","13344436","13634357","7525132","1.77",,
"2020-07-15","SBUX","Starbucks Corporation Common S","NNM","17345187","18062478","7065393","2.45",,
"2020-07-15","SCCO","Southern Copper Corporation","NYSE","6173330","6285522","844924","7.31",,
"2020-07-15","SCHW","The Charles Schwab Corporation","NYSE","79524171","77993483","8854934","8.98",,
"2020-07-15","SHW","The Sherwin-Williams Company","NYSE","765439","817641","393809","1.94",,
"2020-07-15","SNPS","Synopsys, Inc. Common Stock","NNM","1838525","1989510","702122","2.62",,
"2020-07-15","SO","The Southern Company","NYSE","11965760","11926618","3479320","3.44",,
"2020-07-15","SPG","Simon Property Group, Inc.","NYSE","27973728","27469330","5818086","4.81",,
"2020-07-15","SPGI","S&P Global Inc.","NYSE","2624881","2820535","851746","3.08",,
"2020-07-15","SYK","Stryker Corporation","NYSE","3447625","3389007","1155401","2.98",,
"2020-07-15","T","AT&T Inc.","NYSE","116449851","114599933","31671130","3.68",,
"2020-07-15","TDG","TransDigm Group Incorporated","NYSE","2691658","3241603","421691","6.38",,
"2020-07-15","TFC","Truist Financial Corporation","NYSE","11002517","12633208","4821694","2.28",,
"2020-07-15","TGT","Target Corporation","NYSE","13737770","13654487","2651558","5.18",,
"2020-07-15","TJX","TJX Companies, Inc. (The)","NYSE","14542956","15368580","5964447","2.44",,
"2020-07-15","TMO","Thermo Fisher Scientific, Inc.","NYSE","3118079","3000706","1123814","2.77",,
"2020-07-15","TMUS","T-Mobile US, Inc. Common Stock","NNM","18361527","23277104","5309522","3.46",,
"2020-07-15","TRV","The Travelers Companies, Inc.","NYSE","5087918","5305032","1222519","4.16",,
"2020-07-15","TSLA","Tesla, Inc. Common Stock","NNM","12710428","13958518","18576281","1.00",,
"2020-07-15","TXN","Texas Instruments Incorporated","NNM","15453650","16713926","3781110","4.09",,
"2020-07-15","UBER","Uber Technologies, Inc.","NYSE","54337683","53279436","21049668","2.58",,
"2020-07-15","UNH","UNITEDHEALTH GROUP INCORPORATE","NYSE","5044002","5561063","2468573","2.04",,
"2020-07-15","UNP","Union Pacific Corp.","NYSE","4060311","3755681","2469637","1.64",,
"2020-07-15","UPS","United Parcel Service, Inc. Cl","NYSE","18079038","19233011","3060555","5.91",,
"2020-07-15","URI","United Rentals, Inc.","NYSE","6908643","7020040","842431","8.20",,
"2020-07-15","USB","U.S. Bancorp","NYSE","15183650","18682201","6114203","2.48",,
"2020-07-15","V","VISA Inc.","NYSE","36685623","35538675","6880414","5.33",,
"2020-07-15","VLO","Valero Energy Corporation","NYSE","7454003","8716723","4329048","1.72",,
"2020-07-15","VRT","Vertiv Holdings Co Class A Com","NYSE","10052541","13705850","2110658","4.76",,
"2020-07-15","VRTX","Vertex Pharmaceuticals Incorpo","NNM","4052689","4332159","1269915","3.19",,
"2020-07-15","VZ","Verizon Communications","NYSE","30983134","33615139","13275704","2.33",,
"2020-07-15","WDC","Western Digital Corporation Co","NNM","7690478","9031307","3803368","2.02",,
"2020-07-15","WELL","Welltower Inc.","NYSE","10201837","11779423","1948857","5.23",,
"2020-07-15","WFC","Wells Fargo & Co.","NYSE","30112059","36913986","46143323","1.00",,
"2020-07-15","WM","Waste Management, Inc.","NYSE","3018590","3190540","1534644","1.97",,
"2020-07-15","WMB","Williams Companies Inc.","NYSE","18814039","18187837","6993264","2.69",,
"2020-07-15","WMT","Walmart Inc.","NYSE","12251210","13049217","12020072","1.02",,
"2020-07-15","XOM","Exxon Mobil Corporation","NYSE","52698202","53067893","18020307","2.92",,
"2020-06-30","AAPL","Apple Inc. Common Stock","NNM","33962851","34828293","37558270","1.00",,
"2020-06-30","ABBV","ABBVIE INC.","NYSE","16214672","19760112","7160631","2.26",,
"2020-06-30","ABT","Abbott Laboratories","NYSE","10898803","12817188","5483920","1.99",,
"2020-06-30","ADBE","Adobe Inc. Common Stock","NNM","4877621","4620485","2779761","1.75",,
"2020-06-30","ADI","Analog Devices, Inc. Common St","NNM","4451611","4918771","2014240","2.21",,
"2020-06-30","ADP","Automatic Data Processing, Inc","NNM","3777506","4249738","1491271","2.53",,
"2020-06-30","AEP","American Electric Power Compan","NYSE","6366153","7213633","2982266","2.13",,
"2020-06-30","AFL","Aflac Inc.","NYSE","6753241","7982228","3502955","1.93",,
"2020-06-30","AJG","Arthur J. Gallagher & Co.","NYSE","1842868","2031526","1171029","1.57",,
"2020-06-30","ALL","The Allstate Corporation","NYSE","3466776","3951860","1781945","1.95",,
"2020-06-30","AMAT","Applied Materials, Inc. Common","NNM","18340579","22100521","7122552","2.58",,
"2020-06-30","AMD","Advanced Micro Devices, Inc. C","NNM","48615536","57234545","45595386","1.07",,
"2020-06-30","AMGN","Amgen Inc. Common Stock","NNM","6026675","5894544","2467468","2.44",,
"2020-06-30","AMT","American Tower Corporation","NYSE","3882344","3687424","2381007","1.63",,
"2020-06-30","AMZN","Amazon.com, Inc. Common Stock","NNM","3850771","3595113","3674596","1.05",,
"2020-06-30","ANET","Arista Networks","NYSE","4094742","3906644","733225","5.58",,
"2020-06-30","AON","Aon plc Class A","NYSE","13374778","12299142","1605726","8.33",,
"2020-06-30","APD","Air Products & Chemicals, Inc.","NYSE","2699557","2464324","858811","3.14",,
"2020-06-30","APH","Amphenol Corporation","NYSE","2748415","3509950","1328035","2.07",,
"2020-06-30","APO","Apollo Global Management, Inc.","NYSE","7820357","6702910","2605040","3.00",,
"2020-06-30","AVGO","Broadcom Inc. Common Stock","NNM","4610653","4664269","2469210","1.87",,
"2020-06-30","AXP","American Express Company","NYSE","10182291","10986790","5284005","1.93",,
"2020-06-30","BA","Boeing Company","NYSE","12098776","12049520","54990170","1.00",,
"2020-06-30","BAC","Bank of America Corporation","NYSE","67273983","78642345","69327154","1.00",,
"2020-06-30","BKNG","Booking Holdings Inc. Common S","NNM","1382755","1238753","441111","3.13",,
"2020-06-30","BLK","Blackrock, Inc.","NYSE","2064177","2314400","777087","2.66",,
"2020-06-30","BMY","Bristol-Myers Squibb Co.","NYSE","21640943","30588199","17773886","1.22",,
"2020-06-30","BNY","BlackRock New York Municipal I","NYSE","16401","13963","16620","1.00",,
"2020-06-30","BRKA","Berkshire Hathaway Inc.","NYSE","329","432","680","1.00",,
"2020-06-30","BRKB","BERKSHIRE HATHAWAY Class B","NYSE","12998226","12424585","6930693","1.88",,
"2020-06-30","BSX","Boston Scientific Corp.","NYSE","17068969","18642464","13203130","1.29",,
"2020-06-30","BX","The Blackstone Group Inc. Clas","NYSE","12030048","11709721","3150834","3.82",,
"2020-06-30","C","Citigroup Inc.","NYSE","22001052","29349042","26553229","1.00",,
"2020-06-30","CAT","Caterpillar Inc.","NYSE","7262918","8872512","3395543","2.14",,
"2020-06-30","CCZ","Comcast Holdings Corp. 2.0% Ex","NYSE","85","147","60","1.42",,
"2020-06-30","CDNS","Cadence Design Systems, Inc. C","NNM","3882016","3855752","2036703","1.91",,
"2020-06-30","CI","CIGNA Corporation","NYSE","3872927","4524089","1489034","2.60",,
"2020-06-30","CL","Colgate-Palmolive Company","NYSE","11198651","12557093","3196227","3.50",,
"2020-06-30","CMCSA","Comcast Corporation Class A Co","NNM","79664340","78601659","22580265","3.53",,
"2020-06-30","CME","CME Group Inc. Class A Common","NNM","5457097","5726218","2057927","2.65",,
"2020-06-30","CMI","Cummins Inc.","NYSE","4265815","4866441","1178151","3.62",,
"2020-06-30","COF","Capital One Financial","NYSE","6236354","6859799","4022060","1.55",,
"2020-06-30","COP","ConocoPhillips","NYSE","11244540","11819863","6468248","1.74",,
"2020-06-30","COST","Costco Wholesale Corporation C","NNM","3929889","4012381","2177182","1.81",,
"2020-06-30","CRM","salesforce.com, inc.","NYSE","14387027","13739690","5916271","2.43",,
"2020-06-30","CRWD","CrowdStrike Holdings, Inc. Cla","NNM","10832551","7343559","8112812","1.34",,
"2020-06-30","CSCO","Cisco Systems, Inc. Common Sto","NNM","38985645","34389818","29132925","1.34",,
"2020-06-30","CSX","CSX Corporation Common Stock","NNM","6545258","6691444","3881077","1.69",,
"2020-06-30","CTAS","Cintas Corporation Common Stoc","NNM","2136360","2036944","527792","4.05",,
"2020-06-30","CVNA","Carvana Co.","NYSE","21355317","21018275","1712618","12.47",,
"2020-06-30","CVS","CVS HEALTH CORPORATION","NYSE","17978493","19803845","7622874","2.36",,
"2020-06-30","CVX","Chevron Corporation","NYSE","12503626","16409338","7824787","1.60",,
"2020-06-30","D","Dominion Energy, Inc Common St","NYSE","12832821","13192076","3985334","3.22",,
"2020-06-30","DDOG","Datadog, Inc. Class A Common S","NNM","15270651","9288628","5660871","2.70",,
"2020-06-30","DE","Deere & Company","NYSE","4503157","4802989","1395507","3.23",,
"2020-06-30","DELL","Dell Technologies Inc.","NYSE","7068644","6454690","4070162","1.74",,
"2020-06-30","DHR","Danaher Corporation","NYSE","6816699","6742891","2290664","2.98",,
"2020-06-30","DIS","The Walt Disney Company","NYSE","25638467","28633096","13213648","1.94",,
"2020-06-30","DLR","Digital Realty Trust, Inc.","NYSE","7454703","12769208","3243910","2.30",,
"2020-06-30","DUK","Duke Energy Corporation","NYSE","36109492","37665600","3926386","9.20",,
"2020-06-30","ECL","Ecolab, Inc.","NYSE","2954569","14553466","1516626","1.95",,
"2020-06-30","EMR","Emerson Electric Co.","NYSE","7521083","10224157","3178563","2.37",,
"2020-06-30","EOG","EOG Resources, Inc.","NYSE","8430616","9634992","3808413","2.21",,
"2020-06-30","EPD","Enterprise Products Partners L","NYSE","32344872","34469551","6474134","5.00",,
"2020-06-30","EQIX","Equinix, Inc. Common Stock REI","NNM","1262221","1105913","517191","2.44",,
"2020-06-30","FCX","Freeport-McMoran Inc.","NYSE","42186798","46228398","17388803","2.43",,
"2020-06-30","FDX","FedEx Corporation","NYSE","6097564","6248269","1930203","3.16",,
"2020-06-30","FTNT","Fortinet, Inc. Common Stock","NNM","4938063","5379415","1585390","3.11",,
"2020-06-30","GD","General Dynamics Corporation","NYSE","2816886","3084975","1539521","1.83",,
"2020-06-30","GE","General Electric Company","NYSE","105306574","110802904","80238501","1.31",,
"2020-06-30","GILD","Gilead Sciences, Inc. Common S","NNM","22934264","25221075","8385677","2.73",,
"2020-06-30","GLW","Corning Incorporated","NYSE","25965526","23772299","6880874","3.77",,
"2020-06-30","GM","General Motors Company","NYSE","17437085","21025507","13526938","1.29",,
"2020-06-30","GOOG","Alphabet Inc. Class C Capital","NNM","2384162","3371476","1817968","1.31",,
"2020-06-30","GOOGL","Alphabet Inc. Class A Common S","NNM","3094935","3109973","1878813","1.65",,
"2020-06-30","GS","Goldman Sachs Group Inc.","NYSE","4240716","4970276","3242237","1.31",,
"2020-06-30","GWW","W.W. Grainger, Inc.","NYSE","1125202","1013741","306673","3.67",,
"2020-06-30","HCA","HCA Healthcare, Inc.","NYSE","4682267","3920681","2791682","1.68",,
"2020-06-30","HD","Home Depot, Inc.","NYSE","7393700","8853839","4199623","1.76",,
"2020-06-30","HLT","Hilton Worldwide Holdings Inc.","NYSE","10288416","9327388","3784418","2.72",,
"2020-06-30","HON","Honeywell International, Inc.","NYSE","3991923","5563818","3692097","1.08",,
"2020-06-30","HPE","Hewlett Packard Enterprise Com","NYSE","31863458","24726756","13575492","2.35",,
"2020-06-30","HWM","Howmet Aerospace Inc.","NYSE","18793009","9302362","5230303","3.59",,
"2020-06-30","IBKR","Interactive Brokers Group, Inc","NNM","5762267","5882784","641445","8.98",,
"2020-06-30","IBM","International Business Machine","NYSE","24238463","21740158","5356450","4.53",,
"2020-06-30","ICE","Intercontinental Exchange  Inc","NYSE","4612069","4440732","2479499","1.86",,
"2020-06-30","INTC","Intel Corporation Common Stock","NNM","33600057","38856951","25817507","1.30",,
"2020-06-30","INTU","Intuit Inc. Common Stock","NNM","2380825","2227811","1123937","2.12",,
"2020-06-30","ISRG","Intuitive Surgical, Inc. Commo","NNM","2423885","2458644","571584","4.24",,
"2020-06-30","ITW","Illinois Tool Works Inc.","NYSE","8542870","9129455","1689806","5.06",,
"2020-06-30","JNJ","Johnson & Johnson","NYSE","12778289","13757253","6788493","1.88",,
"2020-06-30","JPM","JPMorgan Chase & Co.","NYSE","20036298","23499096","21404931","1.00",,
"2020-06-30","KKR","KKR & Co. Inc.","NYSE","25797358","16083033","6331269","4.07",,
"2020-06-30","KLAC","KLA Corporation Common Stock","NNM","3402197","3502686","1290022","2.64",,
"2020-06-30","KMI","Kinder Morgan, Inc.","NYSE","22837141","22366470","11805202","1.93",,
"2020-06-30","KO","Coca-Cola Company","NYSE","24221422","24066738","16163231","1.50",,
"2020-06-30","LIN","Linde plc Ordinary Share","NYSE","4234966","4155955","1876404","2.26",,
"2020-06-30","LLY","Eli Lilly & Co.","NYSE","6034582","5997032","4505419","1.34",,
"2020-06-30","LMT","Lockheed Martin Corp.","NYSE","2533617","2208325","1732257","1.46",,
"2020-06-30","LOW","Lowe's Companies Inc.","NYSE","8027507","7333556","4262858","1.88",,
"2020-06-30","LRCX","Lam Research Corporation Commo","NNM","3900295","4378323","1874421","2.08",,
"2020-06-30","MA","Mastercard Incorporated","NYSE","4827676","4429462","3466472","1.39",,
"2020-06-30","MAR","Marriott International Class A","NNM","9258040","10803630","5130462","1.80",,
"2020-06-30","MCD","McDonald's Corporation","NYSE","6002993","6392353","3563944","1.68",,
"2020-06-30","MCK","McKesson Corporation","NYSE","2550379","2175484","1153272","2.21",,
"2020-06-30","MCO","Moody's Corporation","NYSE","1765447","1907047","549991","3.21",,
"2020-06-30","MDLZ","Mondelez International, Inc. C","NNM","8193867","9731629","5659878","1.45",,
"2020-06-30","MDT","Medtronic plc","NYSE","8731676","8937352","5826920","1.50",,
"2020-06-30","MMM","3M Company","NYSE","6466763","6087906","2519096","2.57",,
"2020-06-30","MNST","Monster Beverage Corporation","NNM","6293710","6909607","1792250","3.51",,
"2020-06-30","MO","Altria Group, Inc.","NYSE","12176043","12479725","7844334","1.55",,
"2020-06-30","MPC","MARATHON PETROLEUM CORPORATION","NYSE","26016380","25651335","8817341","2.95",,
"2020-06-30","MPWR","Monolithic Power Systems, Inc.","NNM","1178026","1038741","348181","3.38",,
"2020-06-30","MRK","Merck & Co., Inc.","NYSE","14880963","14562053","9973359","1.49",,
"2020-06-30","MRVL","Marvell Technology Group Ltd.","NNM","15765200","16600943","6758739","2.33",,
"2020-06-30","MS","Morgan Stanley","NYSE","60738961","61732722","11966456","5.08",,
"2020-06-30","MSFT","Microsoft Corporation Common S","NNM","43132952","42930465","31352987","1.38",,
"2020-06-30","MSI","Motorola Solutions, Inc. New","NYSE","2556054","2660240","1594960","1.60",,
"2020-06-30","MU","Micron Technology, Inc. Common","NNM","27836156","28965873","17368131","1.60",,
"2020-06-30","NEE","Nextra Energy, Inc.","NYSE","5850416","6045559","1881234","3.11",,
"2020-06-30","NEM","Newmont Corporation","NYSE","10216862","14498349","10623272","1.00",,
"2020-06-30","NET","Cloudflare, Inc. Class A commo","NYSE","13273722","6637610","8466702","1.57",,
"2020-06-30","NFLX","Netflix, Inc. Common Stock","NNM","11018907","11324444","4993472","2.21",,
"2020-06-30","NKE","Nike, Inc.","NYSE","11464462","10212557","8387276","1.37",,
"2020-06-30","NOC","Northrop Grumman Corp.","NYSE","1456654","1278243","909425","1.60",,
"2020-06-30","NOW","SERVICENOW, INC.","NYSE","6345716","5987370","1483871","4.28",,
"2020-06-30","NSC","Norfolk Southern Corp.","NYSE","3116251","3014831","1465464","2.13",,
"2020-06-30","NVDA","NVIDIA Corporation Common Stoc","NNM","7337859","7524554","9650358","1.00",,
"2020-06-30","ORCL","Oracle Corp","NYSE","24136909","30373829","18398780","1.31",,
"2020-06-30","ORLY","O'Reilly Automotive, Inc. Comm","NNM","1219132","1120365","602288","2.02",,
"2020-06-30","PANW","PALO ALTO NETWORKS, INC","NYSE","5703516","5535466","1177226","4.84",,
"2020-06-30","PCAR","PACCAR Inc. Common Stock","NNM","3995429","4282627","1323525","3.02",,
"2020-06-30","PEP","PepsiCo, Inc. Common Stock","NNM","8830888","8999868","4362778","2.02",,
"2020-06-30","PFE","Pfizer Inc.","NYSE","51486098","53745863","29731145","1.73",,
"2020-06-30","PG","Procter & Gamble Company","NYSE","14880247","16618516","8308599","1.79",,
"2020-06-30","PGR","Progressive Corporation","NYSE","6115945","5588701","2690371","2.27",,
"2020-06-30","PH","Parker-Hannifin Corporation","NYSE","1936317","1794134","1039408","1.86",,
"2020-06-30","PLD","PROLOGIS, INC.","NYSE","6137783","7828540","3710518","1.65",,
"2020-06-30","PM","Philip Morris International In","NYSE","7532852","7979280","4978591","1.51",,
"2020-06-30","PNC","PNC Financial Services Group","NYSE","4105989","5589635","2808950","1.46",,
"2020-06-30","PSX","PHILLIPS 66","NYSE","4644980","5846848","3264886","1.42",,
"2020-06-30","PWR","Quanta Services, Inc.","NYSE","5356170","5531833","1229271","4.36",,
"2020-06-30","QCOM","QUALCOMM Incorporated Common S","NNM","16065649","15388213","8641146","1.86",,
"2020-06-30","RCL","Royal Caribbean Cruises Ltd.","NYSE","26630280","24970045","19521785","1.36",,
"2020-06-30","REGN","Regeneron Pharmaceuticals, Inc","NNM","2122545","2471004","1044115","2.03",,
"2020-06-30","ROST","Ross Stores, Inc. Common Stock","NNM","4410125","4131566","3615040","1.22",,
"2020-06-30","RSG","Republic Services Inc.","NYSE","2518125","2485827","1362343","1.85",,
"2020-06-30","RTX","Raytheon Technologies Corporat","NYSE","13634357","16249745","9994209","1.36",,
"2020-06-30","SBUX","Starbucks Corporation Common S","NNM","18062478","17438648","9293005","1.94",,
"2020-06-30","SCCO","Southern Copper Corporation","NYSE","6285522","5976909","732714","8.58",,
"2020-06-30","SCHW","The Charles Schwab Corporation","NYSE","77993483","73801678","12549019","6.22",,
"2020-06-30","SHW","The Sherwin-Williams Company","NYSE","817641","729847","400204","2.04",,
"2020-06-30","SNPS","Synopsys, Inc. Common Stock","NNM","1989510","2014362","935962","2.13",,
"2020-06-30","SO","The Southern Company","NYSE","11926618","11955504","5326558","2.24",,
"2020-06-30","SPG","Simon Property Group, Inc.","NYSE","27469330","23127113","8388829","3.27",,
"2020-06-30","SPGI","S&P Global Inc.","NYSE","2820535","2901126","1173372","2.40",,
"2020-06-30","SYK","Stryker Corporation","NYSE","3389007","3160180","1889521","1.79",,
"2020-06-30","T","AT&T Inc.","NYSE","114599933","120577439","41926007","2.73",,
"2020-06-30","TDG","TransDigm Group Incorporated","NYSE","3241603","3232935","569749","5.69",,
"2020-06-30","TFC","Truist Financial Corporation","NYSE","12633208","14947779","5819311","2.17",,
"2020-06-30","TGT","Target Corporation","NYSE","13654487","16675828","4606142","2.96",,
"2020-06-30","TJX","TJX Companies, Inc. (The)","NYSE","15368580","17813173","7654381","2.01",,
"2020-06-30","TMO","Thermo Fisher Scientific, Inc.","NYSE","3000706","3663490","1357104","2.21",,
"2020-06-30","TMUS","T-Mobile US, Inc. Common Stock","NNM","23277104","14953361","18904672","1.23",,
"2020-06-30","TRV","The Travelers Companies, Inc.","NYSE","5305032","5195047","1849758","2.87",,
"2020-06-30","TSLA","Tesla, Inc. Common Stock","NNM","13958518","15139641","8451794","1.65",,
"2020-06-30","TXN","Texas Instruments Incorporated","NNM","16713926","19497435","4448718","3.76",,
"2020-06-30","UBER","Uber Technologies, Inc.","NYSE","53279436","45008914","20767012","2.57",,
"2020-06-30","UNH","UNITEDHEALTH GROUP INCORPORATE","NYSE","5561063","6129365","3181059","1.75",,
"2020-06-30","UNP","Union Pacific Corp.","NYSE","3755681","6112058","3652650","1.03",,
"2020-06-30","UPS","United Parcel Service, Inc. Cl","NYSE","19233011","18636703","4382804","4.39",,
"2020-06-30","URI","United Rentals, Inc.","NYSE","7020040","7556979","1515732","4.63",,
"2020-06-30","USB","U.S. Bancorp","NYSE","18682201","16210860","10183814","1.83",,
"2020-06-30","V","VISA Inc.","NYSE","35538675","32889980","8190904","4.34",,
"2020-06-30","VLO","Valero Energy Corporation","NYSE","8716723","8836552","4262399","2.05",,
"2020-06-30","VRT","Vertiv Holdings Co Class A Com","NYSE","13705850","5870724","5086252","2.69",,
"2020-06-30","VRTX","Vertex Pharmaceuticals Incorpo","NNM","4332159","4210467","1629777","2.66",,
"2020-06-30","VZ","Verizon Communications","NYSE","33615139","31634917","16786438","2.00",,
"2020-06-30","WDC","Western Digital Corporation Co","NNM","9031307","10586133","5338522","1.69",,
"2020-06-30","WELL","Welltower Inc.","NYSE","11779423","11560337","3293950","3.58",,
"2020-06-30","WFC","Wells Fargo & Co.","NYSE","36913986","45158754","45883621","1.00",,
"2020-06-30","WM","Waste Management, Inc.","NYSE","3190540","3881885","2365822","1.35",,
"2020-06-30","WMB","Williams Companies Inc.","NYSE","18187837","19358794","9753265","1.86",,
"2020-06-30","WMT","Walmart Inc.","NYSE","13049217","14036730","7188035","1.82",,
"2020-06-30","XOM","Exxon Mobil Corporation","NYSE","53067893","59080953","22535874","2.35",,
"2020-06-15","AAPL","Apple Inc. Common Stock","NNM","34828293","34194077","29705413","1.17",,
"2020-06-15","ABBV","ABBVIE INC.","NYSE","19760112","19200989","8504934","2.32",,
"2020-06-15","ABT","Abbott Laboratories","NYSE","12817188","14862718","6433155","1.99",,
"2020-06-15","ADBE","Adobe Inc. Common Stock","NNM","4620485","4688129","3010011","1.54",,
"2020-06-15","ADI","Analog Devices, Inc. Common St","NNM","4918771","3991314","2340498","2.10",,
"2020-06-15","ADP","Automatic Data Processing, Inc","NNM","4249738","4497435","2201377","1.93",,
"2020-06-15","AEP","American Electric Power Compan","NYSE","7213633","7914939","2068744","3.49",,
"2020-06-15","AFL","Aflac Inc.","NYSE","7982228","8699843","3622597","2.20",,
"2020-06-15","AJG","Arthur J. Gallagher & Co.","NYSE","2031526","2219930","1151902","1.76",,
"2020-06-15","ALL","The Allstate Corporation","NYSE","3951860","4015319","1777939","2.22",,
"2020-06-15","AMAT","Applied Materials, Inc. Common","NNM","22100521","23601982","6451902","3.43",,
"2020-06-15","AMD","Advanced Micro Devices, Inc. C","NNM","57234545","55190563","52080498","1.10",,
"2020-06-15","AMGN","Amgen Inc. Common Stock","NNM","5894544","6164116","2598283","2.27",,
"2020-06-15","AMT","American Tower Corporation","NYSE","3687424","4014248","1850802","1.99",,
"2020-06-15","AMZN","Amazon.com, Inc. Common Stock","NNM","3595113","3553105","3621354","1.00",,
"2020-06-15","ANET","Arista Networks","NYSE","3906644","3433796","522451","7.48",,
"2020-06-15","AON","Aon plc Class A","NYSE","12299142","11162640","1224809","10.04",,
"2020-06-15","APD","Air Products & Chemicals, Inc.","NYSE","2464324","2499454","881997","2.79",,
"2020-06-15","APH","Amphenol Corporation","NYSE","3509950","3465770","1768536","1.98",,
"2020-06-15","APO","Apollo Global Management, Inc.","NYSE","6702910","5877182","1702629","3.94",,
"2020-06-15","AVGO","Broadcom Inc. Common Stock","NNM","4664269","5336105","2942629","1.59",,
"2020-06-15","AXP","American Express Company","NYSE","10986790","11170302","6078117","1.81",,
"2020-06-15","BA","Boeing Company","NYSE","12049520","14992858","65113337","1.00",,
"2020-06-15","BAC","Bank of America Corporation","NYSE","78642345","94607724","81912582","1.00",,
"2020-06-15","BKNG","Booking Holdings Inc. Common S","NNM","1238753","1380896","561645","2.21",,
"2020-06-15","BLK","Blackrock, Inc.","NYSE","2314400","2705155","910930","2.54",,
"2020-06-15","BMY","Bristol-Myers Squibb Co.","NYSE","30588199","37324688","12372196","2.47",,
"2020-06-15","BNY","BlackRock New York Municipal I","NYSE","13963","29637","24261","1.00",,
"2020-06-15","BRKA","Berkshire Hathaway Inc.","NYSE","432","180","456","1.00",,
"2020-06-15","BRKB","BERKSHIRE HATHAWAY Class B","NYSE","12424585","13268929","7374509","1.68",,
"2020-06-15","BSX","Boston Scientific Corp.","NYSE","18642464","17062222","9970814","1.87",,
"2020-06-15","BX","The Blackstone Group Inc. Clas","NYSE","11709721","12929654","3062776","3.82",,
"2020-06-15","C","Citigroup Inc.","NYSE","29349042","29866681","32954900","1.00",,
"2020-06-15","CAT","Caterpillar Inc.","NYSE","8872512","8253603","3630179","2.44",,
"2020-06-15","CCZ","Comcast Holdings Corp. 2.0% Ex","NYSE","147","149","217","1.00",,
"2020-06-15","CDNS","Cadence Design Systems, Inc. C","NNM","3855752","4156751","1741512","2.21",,
"2020-06-15","CI","CIGNA Corporation","NYSE","4524089","4840562","1601202","2.83",,
"2020-06-15","CL","Colgate-Palmolive Company","NYSE","12557093","13474743","4287611","2.93",,
"2020-06-15","CMCSA","Comcast Corporation Class A Co","NNM","78601659","76964483","15510214","5.07",,
"2020-06-15","CME","CME Group Inc. Class A Common","NNM","5726218","5478967","2176916","2.63",,
"2020-06-15","CMI","Cummins Inc.","NYSE","4866441","4478764","1288574","3.78",,
"2020-06-15","COF","Capital One Financial","NYSE","6859799","7080873","5279018","1.30",,
"2020-06-15","COP","ConocoPhillips","NYSE","11819863","12612961","7370421","1.60",,
"2020-06-15","COST","Costco Wholesale Corporation C","NNM","4012381","4066407","2989000","1.34",,
"2020-06-15","CRM","salesforce.com, inc.","NYSE","13739690","15094709","5867205","2.34",,
"2020-06-15","CRWD","CrowdStrike Holdings, Inc. Cla","NNM","7343559","4948305","9458931","1.00",,
"2020-06-15","CSCO","Cisco Systems, Inc. Common Sto","NNM","34389818","34401595","18741684","1.83",,
"2020-06-15","CSX","CSX Corporation Common Stock","NNM","6691444","7846087","3634168","1.84",,
"2020-06-15","CTAS","Cintas Corporation Common Stoc","NNM","2036944","1782212","640899","3.18",,
"2020-06-15","CVNA","Carvana Co.","NYSE","21018275","22851811","2579426","8.15",,
"2020-06-15","CVS","CVS HEALTH CORPORATION","NYSE","19803845","19878434","6722955","2.95",,
"2020-06-15","CVX","Chevron Corporation","NYSE","16409338","17718129","9054379","1.81",,
"2020-06-15","D","Dominion Energy, Inc Common St","NYSE","13192076","13811064","3758054","3.51",,
"2020-06-15","DDOG","Datadog, Inc. Class A Common S","NNM","9288628","6448738","3932189","2.36",,
"2020-06-15","DE","Deere & Company","NYSE","4802989","4561083","1440644","3.33",,
"2020-06-15","DELL","Dell Technologies Inc.","NYSE","6454690","7148666","2611002","2.47",,
"2020-06-15","DHR","Danaher Corporation","NYSE","6742891","6557060","2592581","2.60",,
"2020-06-15","DIS","The Walt Disney Company","NYSE","28633096","28351415","13212883","2.17",,
"2020-06-15","DLR","Digital Realty Trust, Inc.","NYSE","12769208","12471050","2104973","6.07",,
"2020-06-15","DUK","Duke Energy Corporation","NYSE","37665600","38137400","2977792","12.65",,
"2020-06-15","ECL","Ecolab, Inc.","NYSE","14553466","17233451","12104318","1.20",,
"2020-06-15","EMR","Emerson Electric Co.","NYSE","10224157","10191268","2976195","3.44",,
"2020-06-15","EOG","EOG Resources, Inc.","NYSE","9634992","9720694","4783676","2.01",,
"2020-06-15","EPD","Enterprise Products Partners L","NYSE","34469551","32807668","8087146","4.26",,
"2020-06-15","EQIX","Equinix, Inc. Common Stock REI","NNM","1105913","1018822","499447","2.21",,
"2020-06-15","FCX","Freeport-McMoran Inc.","NYSE","46228398","46337234","21689774","2.13",,
"2020-06-15","FDX","FedEx Corporation","NYSE","6248269","5954175","2411977","2.59",,
"2020-06-15","FTNT","Fortinet, Inc. Common Stock","NNM","5379415","5289558","1210141","4.45",,
"2020-06-15","GD","General Dynamics Corporation","NYSE","3084975","2873654","1354267","2.28",,
"2020-06-15","GE","General Electric Company","NYSE","110802904","111817101","111210751","1.00",,
"2020-06-15","GILD","Gilead Sciences, Inc. Common S","NNM","25221075","24137815","11248370","2.24",,
"2020-06-15","GLW","Corning Incorporated","NYSE","23772299","21740768","7388037","3.22",,
"2020-06-15","GM","General Motors Company","NYSE","21025507","24350825","15688898","1.34",,
"2020-06-15","GOOG","Alphabet Inc. Class C Capital","NNM","3371476","3307109","1382737","2.44",,
"2020-06-15","GOOGL","Alphabet Inc. Class A Common S","NNM","3109973","3438085","1490678","2.09",,
"2020-06-15","GS","Goldman Sachs Group Inc.","NYSE","4970276","6565328","3202773","1.55",,
"2020-06-15","GWW","W.W. Grainger, Inc.","NYSE","1013741","998593","282856","3.58",,
"2020-06-15","HCA","HCA Healthcare, Inc.","NYSE","3920681","3895349","2369690","1.65",,
"2020-06-15","HD","Home Depot, Inc.","NYSE","8853839","11369913","4189375","2.11",,
"2020-06-15","HLT","Hilton Worldwide Holdings Inc.","NYSE","9327388","11788220","3719279","2.51",,
"2020-06-15","HON","Honeywell International, Inc.","NYSE","5563818","6417167","3213038","1.73",,
"2020-06-15","HPE","Hewlett Packard Enterprise Com","NYSE","24726756","27945183","13113904","1.89",,
"2020-06-15","HWM","Howmet Aerospace Inc.","NYSE","9302362","9592464","3339542","2.79",,
"2020-06-15","IBKR","Interactive Brokers Group, Inc","NNM","5882784","5833485","780597","7.54",,
"2020-06-15","IBM","International Business Machine","NYSE","21740158","20805495","4819977","4.51",,
"2020-06-15","ICE","Intercontinental Exchange  Inc","NYSE","4440732","5664639","2948736","1.51",,
"2020-06-15","INTC","Intel Corporation Common Stock","NNM","38856951","38636657","20375928","1.91",,
"2020-06-15","INTU","Intuit Inc. Common Stock","NNM","2227811","2293376","1164883","1.91",,
"2020-06-15","ISRG","Intuitive Surgical, Inc. Commo","NNM","2458644","2687105","605871","4.06",,
"2020-06-15","ITW","Illinois Tool Works Inc.","NYSE","9129455","9195655","1051754","8.68",,
"2020-06-15","JNJ","Johnson & Johnson","NYSE","13757253","13013926","7545166","1.82",,
"2020-06-15","JPM","JPMorgan Chase & Co.","NYSE","23499096","20604304","23572864","1.00",,
"2020-06-15","KKR","KKR & Co. Inc.","NYSE","16083033","18253695","3399468","4.73",,
"2020-06-15","KLAC","KLA Corporation Common Stock","NNM","3502686","3694051","1022584","3.43",,
"2020-06-15","KMI","Kinder Morgan, Inc.","NYSE","22366470","21435345","14410444","1.55",,
"2020-06-15","KO","Coca-Cola Company","NYSE","24066738","26507099","16555087","1.45",,
"2020-06-15","LIN","Linde plc Ordinary Share","NYSE","4155955","3995069","2074792","2.00",,
"2020-06-15","LLY","Eli Lilly & Co.","NYSE","5997032","7392956","3767580","1.59",,
"2020-06-15","LMT","Lockheed Martin Corp.","NYSE","2208325","2204014","1272832","1.73",,
"2020-06-15","LOW","Lowe's Companies Inc.","NYSE","7333556","8613872","4758479","1.54",,
"2020-06-15","LRCX","Lam Research Corporation Commo","NNM","4378323","4704729","1740796","2.52",,
"2020-06-15","MA","Mastercard Incorporated","NYSE","4429462","5495479","3796146","1.17",,
"2020-06-15","MAR","Marriott International Class A","NNM","10803630","13518074","5794849","1.86",,
"2020-06-15","MCD","McDonald's Corporation","NYSE","6392353","7545039","3537369","1.81",,
"2020-06-15","MCK","McKesson Corporation","NYSE","2175484","2675700","1377933","1.58",,
"2020-06-15","MCO","Moody's Corporation","NYSE","1907047","2057735","816885","2.33",,
"2020-06-15","MDLZ","Mondelez International, Inc. C","NNM","9731629","12310326","6854229","1.42",,
"2020-06-15","MDT","Medtronic plc","NYSE","8937352","8347656","6763256","1.32",,
"2020-06-15","MMM","3M Company","NYSE","6087906","7222126","2928842","2.08",,
"2020-06-15","MNST","Monster Beverage Corporation","NNM","6909607","8173327","1973608","3.50",,
"2020-06-15","MO","Altria Group, Inc.","NYSE","12479725","12686672","9164625","1.36",,
"2020-06-15","MPC","MARATHON PETROLEUM CORPORATION","NYSE","25651335","27073543","8470513","3.03",,
"2020-06-15","MPWR","Monolithic Power Systems, Inc.","NNM","1038741","1053822","316682","3.28",,
"2020-06-15","MRK","Merck & Co., Inc.","NYSE","14562053","15807594","9559562","1.52",,
"2020-06-15","MRVL","Marvell Technology Group Ltd.","NNM","16600943","25358455","10661801","1.56",,
"2020-06-15","MS","Morgan Stanley","NYSE","61732722","65037478","12582408","4.91",,
"2020-06-15","MSFT","Microsoft Corporation Common S","NNM","42930465","40829581","31993788","1.34",,
"2020-06-15","MSI","Motorola Solutions, Inc. New","NYSE","2660240","2326028","1815062","1.47",,
"2020-06-15","MU","Micron Technology, Inc. Common","NNM","28965873","34914497","23786971","1.22",,
"2020-06-15","NEE","Nextra Energy, Inc.","NYSE","6045559","6446894","2042610","2.96",,
"2020-06-15","NEM","Newmont Corporation","NYSE","14498349","14636264","9920627","1.46",,
"2020-06-15","NET","Cloudflare, Inc. Class A commo","NYSE","6637610","6105234","3042180","2.18",,
"2020-06-15","NFLX","Netflix, Inc. Common Stock","NNM","11324444","11730894","4850921","2.33",,
"2020-06-15","NKE","Nike, Inc.","NYSE","10212557","11900625","6658503","1.53",,
"2020-06-15","NOC","Northrop Grumman Corp.","NYSE","1278243","1142572","941369","1.36",,
"2020-06-15","NOW","SERVICENOW, INC.","NYSE","5987370","5822776","1726733","3.47",,
"2020-06-15","NSC","Norfolk Southern Corp.","NYSE","3014831","3323758","1449450","2.08",,
"2020-06-15","NVDA","NVIDIA Corporation Common Stoc","NNM","7524554","9487329","10640226","1.00",,
"2020-06-15","ORCL","Oracle Corp","NYSE","30373829","33402761","9033478","3.36",,
"2020-06-15","ORLY","O'Reilly Automotive, Inc. Comm","NNM","1120365","1175888","486905","2.30",,
"2020-06-15","PANW","PALO ALTO NETWORKS, INC","NYSE","5535466","3940405","1404654","3.94",,
"2020-06-15","PCAR","PACCAR Inc. Common Stock","NNM","4282627","4920421","1563762","2.74",,
"2020-06-15","PEP","PepsiCo, Inc. Common Stock","NNM","8999868","11709659","5631066","1.60",,
"2020-06-15","PFE","Pfizer Inc.","NYSE","53745863","52035508","34897853","1.54",,
"2020-06-15","PG","Procter & Gamble Company","NYSE","16618516","15503924","6176633","2.69",,
"2020-06-15","PGR","Progressive Corporation","NYSE","5588701","5237114","2402622","2.33",,
"2020-06-15","PH","Parker-Hannifin Corporation","NYSE","1794134","2297884","1423345","1.26",,
"2020-06-15","PLD","PROLOGIS, INC.","NYSE","7828540","8587564","3036941","2.58",,
"2020-06-15","PM","Philip Morris International In","NYSE","7979280","9621382","4416644","1.81",,
"2020-06-15","PNC","PNC Financial Services Group","NYSE","5589635","6037041","3346768","1.67",,
"2020-06-15","PSX","PHILLIPS 66","NYSE","5846848","6262630","2938174","1.99",,
"2020-06-15","PWR","Quanta Services, Inc.","NYSE","5531833","6022559","1585113","3.49",,
"2020-06-15","QCOM","QUALCOMM Incorporated Common S","NNM","15388213","17341981","9816611","1.57",,
"2020-06-15","RCL","Royal Caribbean Cruises Ltd.","NYSE","24970045","24824872","26068018","1.00",,
"2020-06-15","REGN","Regeneron Pharmaceuticals, Inc","NNM","2471004","1987257","1111848","2.22",,
"2020-06-15","ROST","Ross Stores, Inc. Common Stock","NNM","4131566","4113016","2596135","1.59",,
"2020-06-15","RSG","Republic Services Inc.","NYSE","2485827","3058772","1085037","2.29",,
"2020-06-15","RTX","Raytheon Technologies Corporat","NYSE","16249745","18201624","11041390","1.47",,
"2020-06-15","SBUX","Starbucks Corporation Common S","NNM","17438648","20451020","11799606","1.48",,
"2020-06-15","SCCO","Southern Copper Corporation","NYSE","5976909","6525605","780968","7.65",,
"2020-06-15","SCHW","The Charles Schwab Corporation","NYSE","73801678","73406728","12100559","6.10",,
"2020-06-15","SHW","The Sherwin-Williams Company","NYSE","729847","716655","562431","1.30",,
"2020-06-15","SNPS","Synopsys, Inc. Common Stock","NNM","2014362","1949865","946169","2.13",,
"2020-06-15","SO","The Southern Company","NYSE","11955504","13477421","4224981","2.83",,
"2020-06-15","SPG","Simon Property Group, Inc.","NYSE","23127113","24030201","12694226","1.82",,
"2020-06-15","SPGI","S&P Global Inc.","NYSE","2901126","3023469","1092246","2.66",,
"2020-06-15","SYK","Stryker Corporation","NYSE","3160180","3125148","1297438","2.44",,
"2020-06-15","T","AT&T Inc.","NYSE","120577439","120949592","30784986","3.92",,
"2020-06-15","TDG","TransDigm Group Incorporated","NYSE","3232935","3272596","721714","4.48",,
"2020-06-15","TFC","Truist Financial Corporation","NYSE","14947779","14684963","7812534","1.91",,
"2020-06-15","TGT","Target Corporation","NYSE","16675828","17548980","4149049","4.02",,
"2020-06-15","TJX","TJX Companies, Inc. (The)","NYSE","17813173","15560695","8721884","2.04",,
"2020-06-15","TMO","Thermo Fisher Scientific, Inc.","NYSE","3663490","3447721","1272360","2.88",,
"2020-06-15","TMUS","T-Mobile US, Inc. Common Stock","NNM","14953361","16673271","4278785","3.49",,
"2020-06-15","TRV","The Travelers Companies, Inc.","NYSE","5195047","3966146","2269930","2.29",,
"2020-06-15","TSLA","Tesla, Inc. Common Stock","NNM","15139641","16089116","11793771","1.28",,
"2020-06-15","TXN","Texas Instruments Incorporated","NNM","19497435","18456143","5136877","3.80",,
"2020-06-15","UBER","Uber Technologies, Inc.","NYSE","45008914","44980622","24888673","1.81",,
"2020-06-15","UNH","UNITEDHEALTH GROUP INCORPORATE","NYSE","6129365","7765373","3908132","1.57",,
"2020-06-15","UNP","Union Pacific Corp.","NYSE","6112058","6427494","3482308","1.76",,
"2020-06-15","UPS","United Parcel Service, Inc. Cl","NYSE","18636703","18429522","3487803","5.34",,
"2020-06-15","URI","United Rentals, Inc.","NYSE","7556979","8231328","1443167","5.24",,
"2020-06-15","USB","U.S. Bancorp","NYSE","16210860","19605522","9056213","1.79",,
"2020-06-15","V","VISA Inc.","NYSE","32889980","32593991","7850764","4.19",,
"2020-06-15","VLO","Valero Energy Corporation","NYSE","8836552","9564307","4180404","2.11",,
"2020-06-15","VRT","Vertiv Holdings Co Class A Com","NYSE","5870724","8381290","2724174","2.16",,
"2020-06-15","VRTX","Vertex Pharmaceuticals Incorpo","NNM","4210467","3908632","1746450","2.41",,
"2020-06-15","VZ","Verizon Communications","NYSE","31634917","28765103","15316854","2.07",,
"2020-06-15","WDC","Western Digital Corporation Co","NNM","10586133","11450856","5167112","2.05",,
"2020-06-15","WELL","Welltower Inc.","NYSE","11560337","12322097","3975672","2.91",,
"2020-06-15","WFC","Wells Fargo & Co.","NYSE","45158754","46267773","56651327","1.00",,
"2020-06-15","WM","Waste Management, Inc.","NYSE","3881885","4567620","2105389","1.84",,
"2020-06-15","WMB","Williams Companies Inc.","NYSE","19358794","20876748","9603336","2.02",,
"2020-06-15","WMT","Walmart Inc.","NYSE","14036730","13502607","8094683","1.73",,
"2020-06-15","XOM","Exxon Mobil Corporation","NYSE","59080953","60606448","26091818","2.26",,
"2020-05-29","AAPL","Apple Inc. Common Stock","NNM","34194077","33592445","25112991","1.36",,
"2020-05-29","ABBV","ABBVIE INC.","NYSE","19200989","24803626","9546960","2.01",,
"2020-05-29","ABT","Abbott Laboratories","NYSE","14862718","18119413","5682826","2.62",,
"2020-05-29","ADBE","Adobe Inc. Common Stock","NNM","4688129","4750170","2421677","1.94",,
"2020-05-29","ADI","Analog Devices, Inc. Common St","NNM","3991314","4504923","2424938","1.65",,
"2020-05-29","ADP","Automatic Data Processing, Inc","NNM","4497435","4541535","2867162","1.57",,
"2020-05-29","AEP","American Electric Power Compan","NYSE","7914939","8307399","2551006","3.10",,
"2020-05-29","AFL","Aflac Inc.","NYSE","8699843","10555659","3500330","2.49",,
"2020-05-29","AJG","Arthur J. Gallagher & Co.","NYSE","2219930","2798733","930618","2.39",,
"2020-05-29","ALL","The Allstate Corporation","NYSE","4015319","3869208","1895857","2.12",,
"2020-05-29","AMAT","Applied Materials, Inc. Common","NNM","23601982","21922595","7799074","3.03",,
"2020-05-29","AMD","Advanced Micro Devices, Inc. C","NNM","55190563","61732442","51033493","1.08",,
"2020-05-29","AMGN","Amgen Inc. Common Stock","NNM","6164116","7006586","2863354","2.15",,
"2020-05-29","AMT","American Tower Corporation","NYSE","4014248","3737986","1788274","2.24",,
"2020-05-29","AMZN","Amazon.com, Inc. Common Stock","NNM","3553105","3444687","3600453","1.00",,
"2020-05-29","ANET","Arista Networks","NYSE","3433796","3055177","477373","7.19",,
"2020-05-29","AON","Aon plc Class A","NYSE","11162640","11083844","1066258","10.47",,
"2020-05-29","APD","Air Products & Chemicals, Inc.","NYSE","2499454","2791311","797017","3.14",,
"2020-05-29","APH","Amphenol Corporation","NYSE","3465770","3302786","1321376","2.62",,
"2020-05-29","APO","Apollo Global Management, Inc.","NYSE","5877182","6398592","1362616","4.31",,
"2020-05-29","AVGO","Broadcom Inc. Common Stock","NNM","5336105","5300618","1785788","2.99",,
"2020-05-29","AXP","American Express Company","NYSE","11170302","11335572","6082410","1.84",,
"2020-05-29","BA","Boeing Company","NYSE","14992858","17570970","29494531","1.00",,
"2020-05-29","BAC","Bank of America Corporation","NYSE","94607724","109596716","70677291","1.34",,
"2020-05-29","BKNG","Booking Holdings Inc. Common S","NNM","1380896","1505839","767522","1.80",,
"2020-05-29","BLK","Blackrock, Inc.","NYSE","2705155","1961226","1578239","1.71",,
"2020-05-29","BMY","Bristol-Myers Squibb Co.","NYSE","37324688","34434927","13402753","2.78",,
"2020-05-29","BNY","BlackRock New York Municipal I","NYSE","29637","18750","27837","1.06",,
"2020-05-29","BRKA","Berkshire Hathaway Inc.","NYSE","180","184","351","1.00",,
"2020-05-29","BRKB","BERKSHIRE HATHAWAY Class B","NYSE","13268929","12749529","5221988","2.54",,
"2020-05-29","BSX","Boston Scientific Corp.","NYSE","17062222","11202261","13234063","1.29",,
"2020-05-29","BX","The Blackstone Group Inc. Clas","NYSE","12929654","14540196","3532676","3.66",,
"2020-05-29","C","Citigroup Inc.","NYSE","29866681","31418434","27884544","1.07",,
"2020-05-29","CAT","Caterpillar Inc.","NYSE","8253603","9237301","3357202","2.46",,
"2020-05-29","CCZ","Comcast Holdings Corp. 2.0% Ex","NYSE","149","149","54","2.76",,
"2020-05-29","CDNS","Cadence Design Systems, Inc. C","NNM","4156751","4069423","1769486","2.35",,
"2020-05-29","CI","CIGNA Corporation","NYSE","4840562","4970980","1117491","4.33",,
"2020-05-29","CL","Colgate-Palmolive Company","NYSE","13474743","12220860","4144424","3.25",,
"2020-05-29","CMCSA","Comcast Corporation Class A Co","NNM","76964483","81483518","18764182","4.10",,
"2020-05-29","CME","CME Group Inc. Class A Common","NNM","5478967","5866273","1559393","3.51",,
"2020-05-29","CMI","Cummins Inc.","NYSE","4478764","3677812","1293708","3.46",,
"2020-05-29","COF","Capital One Financial","NYSE","7080873","7404952","4229166","1.67",,
"2020-05-29","COP","ConocoPhillips","NYSE","12612961","13601999","5893699","2.14",,
"2020-05-29","COST","Costco Wholesale Corporation C","NNM","4066407","4787505","2855061","1.42",,
"2020-05-29","CRM","salesforce.com, inc.","NYSE","15094709","17135078","5674094","2.66",,
"2020-05-29","CRWD","CrowdStrike Holdings, Inc. Cla","NNM","4948305","4739613","3207220","1.54",,
"2020-05-29","CSCO","Cisco Systems, Inc. Common Sto","NNM","34401595","34592563","18504965","1.86",,
"2020-05-29","CSX","CSX Corporation Common Stock","NNM","7846087","7949206","4057492","1.93",,
"2020-05-29","CTAS","Cintas Corporation Common Stoc","NNM","1782212","2134869","672999","2.65",,
"2020-05-29","CVNA","Carvana Co.","NYSE","22851811","23118579","2217068","10.31",,
"2020-05-29","CVS","CVS HEALTH CORPORATION","NYSE","19878434","18180922","5511670","3.61",,
"2020-05-29","CVX","Chevron Corporation","NYSE","17718129","21326838","8166871","2.17",,
"2020-05-29","D","Dominion Energy, Inc Common St","NYSE","13811064","13874575","2750384","5.02",,
"2020-05-29","DDOG","Datadog, Inc. Class A Common S","NNM","6448738","6433068","3839095","1.68",,
"2020-05-29","DE","Deere & Company","NYSE","4561083","4992716","2065535","2.21",,
"2020-05-29","DELL","Dell Technologies Inc.","NYSE","7148666","8043298","2198488","3.25",,
"2020-05-29","DHR","Danaher Corporation","NYSE","6557060","6767547","2346569","2.79",,
"2020-05-29","DIS","The Walt Disney Company","NYSE","28351415","25236857","18606907","1.52",,
"2020-05-29","DLR","Digital Realty Trust, Inc.","NYSE","12471050","12618170","1822299","6.84",,
"2020-05-29","DUK","Duke Energy Corporation","NYSE","38137400","38062572","3313645","11.51",,
"2020-05-29","ECL","Ecolab, Inc.","NYSE","17233451","3683095","4860156","3.55",,
"2020-05-29","EMR","Emerson Electric Co.","NYSE","10191268","10777897","3089611","3.30",,
"2020-05-29","EOG","EOG Resources, Inc.","NYSE","9720694","11743451","3769881","2.58",,
"2020-05-29","EPD","Enterprise Products Partners L","NYSE","32807668","30466892","6713498","4.89",,
"2020-05-29","EQIX","Equinix, Inc. Common Stock REI","NNM","1018822","968787","465245","2.19",,
"2020-05-29","FCX","Freeport-McMoran Inc.","NYSE","46337234","49359998","22318064","2.08",,
"2020-05-29","FDX","FedEx Corporation","NYSE","5954175","5845829","2549297","2.34",,
"2020-05-29","FTNT","Fortinet, Inc. Common Stock","NNM","5289558","5324379","1758295","3.01",,
"2020-05-29","GD","General Dynamics Corporation","NYSE","2873654","3600529","1286535","2.23",,
"2020-05-29","GE","General Electric Company","NYSE","111817101","149788672","115514608","1.00",,
"2020-05-29","GILD","Gilead Sciences, Inc. Common S","NNM","24137815","26087197","10233041","2.36",,
"2020-05-29","GLW","Corning Incorporated","NYSE","21740768","21314600","4195413","5.18",,
"2020-05-29","GM","General Motors Company","NYSE","24350825","20535435","14449319","1.69",,
"2020-05-29","GOOG","Alphabet Inc. Class C Capital","NNM","3307109","3462105","1430647","2.31",,
"2020-05-29","GOOGL","Alphabet Inc. Class A Common S","NNM","3438085","3971107","1594152","2.16",,
"2020-05-29","GS","Goldman Sachs Group Inc.","NYSE","6565328","6495436","3633003","1.81",,
"2020-05-29","GWW","W.W. Grainger, Inc.","NYSE","998593","1010749","272622","3.66",,
"2020-05-29","HCA","HCA Healthcare, Inc.","NYSE","3895349","4521871","2961878","1.32",,
"2020-05-29","HD","Home Depot, Inc.","NYSE","11369913","10254775","5282071","2.15",,
"2020-05-29","HLT","Hilton Worldwide Holdings Inc.","NYSE","11788220","11099236","3770583","3.13",,
"2020-05-29","HON","Honeywell International, Inc.","NYSE","6417167","7435048","3473416","1.85",,
"2020-05-29","HPE","Hewlett Packard Enterprise Com","NYSE","27945183","28418117","13421594","2.08",,
"2020-05-29","HWM","Howmet Aerospace Inc.","NYSE","9592464","9386381","2642318","3.63",,
"2020-05-29","IBKR","Interactive Brokers Group, Inc","NNM","5833485","5595011","510417","11.43",,
"2020-05-29","IBM","International Business Machine","NYSE","20805495","21508118","3842706","5.41",,
"2020-05-29","ICE","Intercontinental Exchange  Inc","NYSE","5664639","6021024","2466432","2.30",,
"2020-05-29","INTC","Intel Corporation Common Stock","NNM","38636657","37795548","18396591","2.10",,
"2020-05-29","INTU","Intuit Inc. Common Stock","NNM","2293376","2305854","1330523","1.72",,
"2020-05-29","ISRG","Intuitive Surgical, Inc. Commo","NNM","2687105","2655199","544496","4.94",,
"2020-05-29","ITW","Illinois Tool Works Inc.","NYSE","9195655","9152359","1047975","8.77",,
"2020-05-29","JNJ","Johnson & Johnson","NYSE","13013926","16275740","5894642","2.21",,
"2020-05-29","JPM","JPMorgan Chase & Co.","NYSE","20604304","24810094","22692472","1.00",,
"2020-05-29","KKR","KKR & Co. Inc.","NYSE","18253695","18679024","2655715","6.87",,
"2020-05-29","KLAC","KLA Corporation Common Stock","NNM","3694051","3821754","1149776","3.21",,
"2020-05-29","KMI","Kinder Morgan, Inc.","NYSE","21435345","22447965","10761954","1.99",,
"2020-05-29","KO","Coca-Cola Company","NYSE","26507099","29224008","16596140","1.60",,
"2020-05-29","LIN","Linde plc Ordinary Share","NYSE","3995069","4147221","1700632","2.35",,
"2020-05-29","LLY","Eli Lilly & Co.","NYSE","7392956","8696088","3177994","2.33",,
"2020-05-29","LMT","Lockheed Martin Corp.","NYSE","2204014","2395186","1316825","1.67",,
"2020-05-29","LOW","Lowe's Companies Inc.","NYSE","8613872","10648457","8130617","1.06",,
"2020-05-29","LRCX","Lam Research Corporation Commo","NNM","4704729","4161136","1862306","2.53",,
"2020-05-29","MA","Mastercard Incorporated","NYSE","5495479","6463609","4178420","1.32",,
"2020-05-29","MAR","Marriott International Class A","NNM","13518074","14032766","4930847","2.74",,
"2020-05-29","MCD","McDonald's Corporation","NYSE","7545039","7266589","3320105","2.27",,
"2020-05-29","MCK","McKesson Corporation","NYSE","2675700","2516477","1525478","1.75",,
"2020-05-29","MCO","Moody's Corporation","NYSE","2057735","2117588","810950","2.54",,
"2020-05-29","MDLZ","Mondelez International, Inc. C","NNM","12310326","11955137","6029449","2.04",,
"2020-05-29","MDT","Medtronic plc","NYSE","8347656","8330581","5372796","1.55",,
"2020-05-29","MMM","3M Company","NYSE","7222126","8288644","4040204","1.79",,
"2020-05-29","MNST","Monster Beverage Corporation","NNM","8173327","8013049","2045773","4.00",,
"2020-05-29","MO","Altria Group, Inc.","NYSE","12686672","16245261","8718427","1.46",,
"2020-05-29","MPC","MARATHON PETROLEUM CORPORATION","NYSE","27073543","24082645","10049214","2.69",,
"2020-05-29","MPWR","Monolithic Power Systems, Inc.","NNM","1053822","1025292","275961","3.82",,
"2020-05-29","MRK","Merck & Co., Inc.","NYSE","15807594","18989713","10039773","1.57",,
"2020-05-29","MRVL","Marvell Technology Group Ltd.","NNM","25358455","22686285","10283005","2.47",,
"2020-05-29","MS","Morgan Stanley","NYSE","65037478","59012967","12777466","5.09",,
"2020-05-29","MSFT","Microsoft Corporation Common S","NNM","40829581","44236712","28040537","1.46",,
"2020-05-29","MSI","Motorola Solutions, Inc. New","NYSE","2326028","2318972","1344275","1.73",,
"2020-05-29","MU","Micron Technology, Inc. Common","NNM","34914497","35783457","22751763","1.53",,
"2020-05-29","NEE","Nextra Energy, Inc.","NYSE","6446894","6581829","1895073","3.40",,
"2020-05-29","NEM","Newmont Corporation","NYSE","14636264","13290735","7731253","1.89",,
"2020-05-29","NET","Cloudflare, Inc. Class A commo","NYSE","6105234","6353587","3957992","1.54",,
"2020-05-29","NFLX","Netflix, Inc. Common Stock","NNM","11730894","12921903","6291316","1.86",,
"2020-05-29","NKE","Nike, Inc.","NYSE","11900625","11425115","6144221","1.94",,
"2020-05-29","NOC","Northrop Grumman Corp.","NYSE","1142572","1534739","748442","1.53",,
"2020-05-29","NOW","SERVICENOW, INC.","NYSE","5822776","5765732","1551284","3.75",,
"2020-05-29","NSC","Norfolk Southern Corp.","NYSE","3323758","3545283","1141667","2.91",,
"2020-05-29","NVDA","NVIDIA Corporation Common Stoc","NNM","9487329","10030334","18202078","1.00",,
"2020-05-29","ORCL","Oracle Corp","NYSE","33402761","30337896","8154793","4.10",,
"2020-05-29","ORLY","O'Reilly Automotive, Inc. Comm","NNM","1175888","1306749","566932","2.07",,
"2020-05-29","PANW","PALO ALTO NETWORKS, INC","NYSE","3940405","3917362","1842317","2.14",,
"2020-05-29","PCAR","PACCAR Inc. Common Stock","NNM","4920421","4905572","1636443","3.01",,
"2020-05-29","PEP","PepsiCo, Inc. Common Stock","NNM","11709659","11694720","5312072","2.20",,
"2020-05-29","PFE","Pfizer Inc.","NYSE","52035508","52589747","17366873","3.00",,
"2020-05-29","PG","Procter & Gamble Company","NYSE","15503924","18712513","6899196","2.25",,
"2020-05-29","PGR","Progressive Corporation","NYSE","5237114","5248828","3050468","1.72",,
"2020-05-29","PH","Parker-Hannifin Corporation","NYSE","2297884","2166848","1248510","1.84",,
"2020-05-29","PLD","PROLOGIS, INC.","NYSE","8587564","8191270","2389937","3.59",,
"2020-05-29","PM","Philip Morris International In","NYSE","9621382","9030173","4819068","2.00",,
"2020-05-29","PNC","PNC Financial Services Group","NYSE","6037041","6456315","2975340","2.03",,
"2020-05-29","PSX","PHILLIPS 66","NYSE","6262630","7544713","2923764","2.14",,
"2020-05-29","PWR","Quanta Services, Inc.","NYSE","6022559","6371655","1140927","5.28",,
"2020-05-29","QCOM","QUALCOMM Incorporated Common S","NNM","17341981","14703522","8505220","2.04",,
"2020-05-29","RCL","Royal Caribbean Cruises Ltd.","NYSE","24824872","25281651","21541353","1.15",,
"2020-05-29","REGN","Regeneron Pharmaceuticals, Inc","NNM","1987257","1779583","2383330","1.00",,
"2020-05-29","ROST","Ross Stores, Inc. Common Stock","NNM","4113016","4180352","3365789","1.22",,
"2020-05-29","RSG","Republic Services Inc.","NYSE","3058772","3313346","952900","3.21",,
"2020-05-29","RTX","Raytheon Technologies Corporat","NYSE","18201624","15804584","11548234","1.58",,
"2020-05-29","SBUX","Starbucks Corporation Common S","NNM","20451020","20506794","7341473","2.79",,
"2020-05-29","SCCO","Southern Copper Corporation","NYSE","6525605","6569585","616508","10.58",,
"2020-05-29","SCHW","The Charles Schwab Corporation","NYSE","73406728","73554922","9188000","7.99",,
"2020-05-29","SHW","The Sherwin-Williams Company","NYSE","716655","1168568","453176","1.58",,
"2020-05-29","SNPS","Synopsys, Inc. Common Stock","NNM","1949865","1796495","1022109","1.91",,
"2020-05-29","SO","The Southern Company","NYSE","13477421","13698695","4142061","3.25",,
"2020-05-29","SPG","Simon Property Group, Inc.","NYSE","24030201","23331316","6905292","3.48",,
"2020-05-29","SPGI","S&P Global Inc.","NYSE","3023469","3063864","1107308","2.73",,
"2020-05-29","SYK","Stryker Corporation","NYSE","3125148","4122009","1600176","1.95",,
"2020-05-29","T","AT&T Inc.","NYSE","120949592","126382602","33099022","3.65",,
"2020-05-29","TDG","TransDigm Group Incorporated","NYSE","3272596","3472019","730871","4.48",,
"2020-05-29","TFC","Truist Financial Corporation","NYSE","14684963","17768451","5653152","2.60",,
"2020-05-29","TGT","Target Corporation","NYSE","17548980","18724860","6817235","2.57",,
"2020-05-29","TJX","TJX Companies, Inc. (The)","NYSE","15560695","13359968","11601185","1.34",,
"2020-05-29","TMO","Thermo Fisher Scientific, Inc.","NYSE","3447721","3514502","1211808","2.85",,
"2020-05-29","TMUS","T-Mobile US, Inc. Common Stock","NNM","16673271","16350623","6565668","2.54",,
"2020-05-29","TRV","The Travelers Companies, Inc.","NYSE","3966146","4859342","1827424","2.17",,
"2020-05-29","TSLA","Tesla, Inc. Common Stock","NNM","16089116","16247057","8629832","1.86",,
"2020-05-29","TXN","Texas Instruments Incorporated","NNM","18456143","20243521","4018890","4.59",,
"2020-05-29","UBER","Uber Technologies, Inc.","NYSE","44980622","45301583","22764483","1.98",,
"2020-05-29","UNH","UNITEDHEALTH GROUP INCORPORATE","NYSE","7765373","5885472","3486759","2.23",,
"2020-05-29","UNP","Union Pacific Corp.","NYSE","6427494","7939110","3143970","2.04",,
"2020-05-29","UPS","United Parcel Service, Inc. Cl","NYSE","18429522","17006996","3977690","4.63",,
"2020-05-29","URI","United Rentals, Inc.","NYSE","8231328","8000326","1279714","6.43",,
"2020-05-29","USB","U.S. Bancorp","NYSE","19605522","16715494","7600608","2.58",,
"2020-05-29","V","VISA Inc.","NYSE","32593991","32195460","7957147","4.10",,
"2020-05-29","VLO","Valero Energy Corporation","NYSE","9564307","10097536","3889131","2.46",,
"2020-05-29","VRT","Vertiv Holdings Co Class A Com","NYSE","8381290","5296149","2167735","3.87",,
"2020-05-29","VRTX","Vertex Pharmaceuticals Incorpo","NNM","3908632","3974160","1706397","2.29",,
"2020-05-29","VZ","Verizon Communications","NYSE","28765103","30702296","16344707","1.76",,
"2020-05-29","WDC","Western Digital Corporation Co","NNM","11450856","9957701","4722561","2.42",,
"2020-05-29","WELL","Welltower Inc.","NYSE","12322097","12561473","3471667","3.55",,
"2020-05-29","WFC","Wells Fargo & Co.","NYSE","46267773","50519540","42151619","1.10",,
"2020-05-29","WM","Waste Management, Inc.","NYSE","4567620","5204651","1819134","2.51",,
"2020-05-29","WMB","Williams Companies Inc.","NYSE","20876748","21277677","7478115","2.79",,
"2020-05-29","WMT","Walmart Inc.","NYSE","13502607","15324739","10005566","1.35",,
"2020-05-29","XOM","Exxon Mobil Corporation","NYSE","60606448","59702523","18728664","3.24",,
"2020-05-15","AAPL","Apple Inc. Common Stock","NNM","33592445","30282092","35884987","1.00",,"R"
"2020-05-15","ABBV","ABBVIE INC.","NYSE","24803626","85803471","14481289","1.71",,"R"
"2020-05-15","ABT","Abbott Laboratories","NYSE","18119413","19727801","6248660","2.90",,"R"
"2020-05-15","ADBE","Adobe Inc. Common Stock","NNM","4750170","5194218","2274701","2.09",,"R"
"2020-05-15","ADI","Analog Devices, Inc. Common St","NNM","4504923","6058564","1715728","2.63",,"R"
"2020-05-15","ADP","Automatic Data Processing, Inc","NNM","4541535","4421235","1923468","2.36",,"R"
"2020-05-15","AEP","American Electric Power Compan","NYSE","8307399","6917119","3011243","2.76",,"R"
"2020-05-15","AFL","Aflac Inc.","NYSE","10555659","10062478","3293918","3.20",,"R"
"2020-05-15","AJG","Arthur J. Gallagher & Co.","NYSE","2798733","2581378","1287993","2.17",,"R"
"2020-05-15","ALL","The Allstate Corporation","NYSE","3869208","3151298","1912822","2.02",,"R"
"2020-05-15","AMAT","Applied Materials, Inc. Common","NNM","21922595","22772262","8457356","2.59",,"R"
"2020-05-15","AMD","Advanced Micro Devices, Inc. C","NNM","61732442","65268612","54657372","1.13",,"R"
"2020-05-15","AMGN","Amgen Inc. Common Stock","NNM","7006586","7901593","2089307","3.35",,"R"
"2020-05-15","AMT","American Tower Corporation","NYSE","3737986","3129306","1730734","2.16",,"R"
"2020-05-15","AMZN","Amazon.com, Inc. Common Stock","NNM","3444687","3521372","3838640","1.00",,"R"
"2020-05-15","ANET","Arista Networks","NYSE","3055177","2696936","989053","3.09",,"R"
"2020-05-15","AON","Aon plc Class A","NYSE","11083844","10514419","1368401","8.10",,"R"
"2020-05-15","APD","Air Products & Chemicals, Inc.","NYSE","2791311","2361363","924167","3.02",,"R"
"2020-05-15","APH","Amphenol Corporation","NYSE","3302786","3466174","1181890","2.79",,"R"
"2020-05-15","APO","Apollo Global Management, Inc.","NYSE","6398592","5804705","2411662","2.65",,"R"
"2020-05-15","AVGO","Broadcom Inc. Common Stock","NNM","5300618","5475698","1899293","2.79",,"R"
"2020-05-15","AXP","American Express Company","NYSE","11335572","12356611","5445913","2.08",,"R"
"2020-05-15","BA","Boeing Company","NYSE","17570970","18273042","25997376","1.00",,"R"
"2020-05-15","BAC","Bank of America Corporation","NYSE","109596716","111622845","57579325","1.90",,"R"
"2020-05-15","BKNG","Booking Holdings Inc. Common S","NNM","1505839","1412582","541579","2.78",,"R"
"2020-05-15","BLK","Blackrock, Inc.","NYSE","1961226","1850876","2624040","1.00",,"R"
"2020-05-15","BMY","Bristol-Myers Squibb Co.","NYSE","34434927","31927425","14871458","2.32",,"R"
"2020-05-15","BNY","BlackRock New York Municipal I","NYSE","18750","29700","31992","1.00",,
"2020-05-15","BRKA","Berkshire Hathaway Inc.","NYSE","184","165","412","1.00",,
"2020-05-15","BRKB","BERKSHIRE HATHAWAY Class B","NYSE","12749529","14788769","7319248","1.74",,"R"
"2020-05-15","BSX","Boston Scientific Corp.","NYSE","11202261","10684798","6963997","1.61",,"R"
"2020-05-15","BX","The Blackstone Group Inc. Clas","NYSE","14540196","13444673","4493052","3.24",,"R"
"2020-05-15","C","Citigroup Inc.","NYSE","31418434","29054205","27634430","1.14",,"R"
"2020-05-15","CAT","Caterpillar Inc.","NYSE","9237301","8673272","3972407","2.33",,"R"
"2020-05-15","CCZ","Comcast Holdings Corp. 2.0% Ex","NYSE","149","49","141","1.06",,
"2020-05-15","CDNS","Cadence Design Systems, Inc. C","NNM","4069423","4599672","1839649","2.21",,"R"
"2020-05-15","CI","CIGNA Corporation","NYSE","4970980","4417038","1321660","3.76",,"R"
"2020-05-15","CL","Colgate-Palmolive Company","NYSE","12220860","10966825","3644222","3.35",,"R"
"2020-05-15","CMCSA","Comcast Corporation Class A Co","NNM","81483518","83670674","18899698","4.31",,"R"
"2020-05-15","CME","CME Group Inc. Class A Common","NNM","5866273","5894619","1574674","3.73",,"R"
"2020-05-15","CMI","Cummins Inc.","NYSE","3677812","3734533","1042381","3.53",,"R"
"2020-05-15","COF","Capital One Financial","NYSE","7404952","7522409","5362953","1.38",,"R"
"2020-05-15","COP","ConocoPhillips","NYSE","13601999","14311602","7765152","1.75",,"R"
"2020-05-15","COST","Costco Wholesale Corporation C","NNM","4787505","5440723","2323208","2.06",,"R"
"2020-05-15","CRM","salesforce.com, inc.","NYSE","17135078","13230392","6006751","2.85",,"R"
"2020-05-15","CRWD","CrowdStrike Holdings, Inc. Cla","NNM","4739613","4624663","3516439","1.35",,"R"
"2020-05-15","CSCO","Cisco Systems, Inc. Common Sto","NNM","34592563","34459543","22755197","1.52",,"R"
"2020-05-15","CSX","CSX Corporation Common Stock","NNM","7949206","7943552","3755186","2.12",,"R"
"2020-05-15","CTAS","Cintas Corporation Common Stoc","NNM","2134869","1991415","747619","2.86",,"R"
"2020-05-15","CVNA","Carvana Co.","NYSE","23118579","21507044","2935583","7.88",,"R"
"2020-05-15","CVS","CVS HEALTH CORPORATION","NYSE","18180922","15250048","8446088","2.15",,"R"
"2020-05-15","CVX","Chevron Corporation","NYSE","21326838","22981401","9663347","2.21",,"R"
"2020-05-15","D","Dominion Energy, Inc Common St","NYSE","13874575","11622777","3379837","4.11",,"R"
"2020-05-15","DDOG","Datadog, Inc. Class A Common S","NNM","6433068","3952123","7450791","1.00",,"R"
"2020-05-15","DE","Deere & Company","NYSE","4992716","4835219","1494860","3.34",,"R"
"2020-05-15","DELL","Dell Technologies Inc.","NYSE","8043298","8505416","1472897","5.46",,"R"
"2020-05-15","DHR","Danaher Corporation","NYSE","6767547","6694361","3670554","1.84",,"R"
"2020-05-15","DIS","The Walt Disney Company","NYSE","25236857","24651924","21868203","1.15",,"R"
"2020-05-15","DLR","Digital Realty Trust, Inc.","NYSE","12618170","12780659","1781200","7.08",,"R"
"2020-05-15","DUK","Duke Energy Corporation","NYSE","38062572","38268402","3068276","12.41",,"R"
"2020-05-15","ECL","Ecolab, Inc.","NYSE","3683095","3642079","1099759","3.35",,"R"
"2020-05-15","EMR","Emerson Electric Co.","NYSE","10777897","9942532","3245365","3.32",,"R"
"2020-05-15","EOG","EOG Resources, Inc.","NYSE","11743451","11682932","5388141","2.18",,"R"
"2020-05-15","EPD","Enterprise Products Partners L","NYSE","30466892","24767141","8121442","3.75",,
"2020-05-15","EQIX","Equinix, Inc. Common Stock REI","NNM","968787","826226","646099","1.50",,"R"
"2020-05-15","FCX","Freeport-McMoran Inc.","NYSE","49359998","53858431","18339824","2.69",,"R"
"2020-05-15","FDX","FedEx Corporation","NYSE","5845829","5455483","2071881","2.82",,"R"
"2020-05-15","FTNT","Fortinet, Inc. Common Stock","NNM","5324379","5610165","1824806","2.92",,"R"
"2020-05-15","GD","General Dynamics Corporation","NYSE","3600529","1890968","2417432","1.49",,"R"
"2020-05-15","GE","General Electric Company","NYSE","149788672","112023547","111774962","1.34",,"R"
"2020-05-15","GILD","Gilead Sciences, Inc. Common S","NNM","26087197","24222355","13854931","1.88",,"R"
"2020-05-15","GLW","Corning Incorporated","NYSE","21314600","21558809","3801204","5.61",,"R"
"2020-05-15","GM","General Motors Company","NYSE","20535435","21690588","16476389","1.25",,"R"
"2020-05-15","GOOG","Alphabet Inc. Class C Capital","NNM","3462105","3533411","1402117","2.47",,"R"
"2020-05-15","GOOGL","Alphabet Inc. Class A Common S","NNM","3971107","3965144","1627202","2.44",,"R"
"2020-05-15","GS","Goldman Sachs Group Inc.","NYSE","6495436","6351256","2678956","2.42",,"R"
"2020-05-15","GWW","W.W. Grainger, Inc.","NYSE","1010749","977932","247728","4.08",,"R"
"2020-05-15","HCA","HCA Healthcare, Inc.","NYSE","4521871","5205674","2440892","1.85",,"R"
"2020-05-15","HD","Home Depot, Inc.","NYSE","10254775","10727570","4200577","2.44",,"R"
"2020-05-15","HLT","Hilton Worldwide Holdings Inc.","NYSE","11099236","13549351","4346652","2.55",,"R"
"2020-05-15","HON","Honeywell International, Inc.","NYSE","7435048","7612502","3395700","2.19",,"R"
"2020-05-15","HPE","Hewlett Packard Enterprise Com","NYSE","28418117","26610050","6944735","4.09",,"R"
"2020-05-15","HWM","Howmet Aerospace Inc.","NYSE","9386381","8027682","2410517","3.89",,"R"
"2020-05-15","IBKR","Interactive Brokers Group, Inc","NNM","5595011","5762702","494896","11.31",,"R"
"2020-05-15","IBM","International Business Machine","NYSE","21508118","19488675","4144328","5.19",,"R"
"2020-05-15","ICE","Intercontinental Exchange  Inc","NYSE","6021024","4986698","2428938","2.48",,"R"
"2020-05-15","INTC","Intel Corporation Common Stock","NNM","37795548","36312054","17105373","2.21",,"R"
"2020-05-15","INTU","Intuit Inc. Common Stock","NNM","2305854","2535241","924964","2.49",,"R"
"2020-05-15","ISRG","Intuitive Surgical, Inc. Commo","NNM","2655199","2808845","598850","4.43",,"R"
"2020-05-15","ITW","Illinois Tool Works Inc.","NYSE","9152359","8805675","1357888","6.74",,"R"
"2020-05-15","JNJ","Johnson & Johnson","NYSE","16275740","16908130","5846668","2.78",,"R"
"2020-05-15","JPM","JPMorgan Chase & Co.","NYSE","24810094","24127444","21914291","1.13",,"R"
"2020-05-15","KKR","KKR & Co. Inc. Class A Common","NYSE","18679024","18953902","2872795","6.50",,"R"
"2020-05-15","KLAC","KLA Corporation Common Stock","NNM","3821754","3342336","1628767","2.35",,"R"
"2020-05-15","KMI","Kinder Morgan, Inc.","NYSE","22447965","24015959","11543661","1.94",,"R"
"2020-05-15","KO","Coca-Cola Company","NYSE","29224008","28041071","13701373","2.13",,"R"
"2020-05-15","LIN","Linde plc Ordinary Share","NYSE","4147221","4697804","1598080","2.60",,"R"
"2020-05-15","LLY","Eli Lilly & Co.","NYSE","8696088","8719814","2227381","3.90",,"R"
"2020-05-15","LMT","Lockheed Martin Corp.","NYSE","2395186","2086474","1158522","2.07",,"R"
"2020-05-15","LOW","Lowe's Companies Inc.","NYSE","10648457","9868041","4092803","2.60",,"R"
"2020-05-15","LRCX","Lam Research Corporation Commo","NNM","4161136","4271107","2447261","1.70",,"R"
"2020-05-15","MA","Mastercard Incorporated","NYSE","6463609","6250343","3888905","1.66",,"R"
"2020-05-15","MAR","Marriott International Class A","NNM","14032766","13786374","3975295","3.53",,"R"
"2020-05-15","MCD","McDonald's Corporation","NYSE","7266589","8034432","3438935","2.11",,"R"
"2020-05-15","MCK","McKesson Corporation","NYSE","2516477","3798985","1301678","1.93",,"R"
"2020-05-15","MCO","Moody's Corporation","NYSE","2117588","2227932","737927","2.87",,"R"
"2020-05-15","MDLZ","Mondelez International, Inc. C","NNM","11955137","10853118","5154893","2.32",,"R"
"2020-05-15","MDT","Medtronic plc","NYSE","8330581","8828592","4249772","1.96",,"R"
"2020-05-15","MMM","3M Company","NYSE","8288644","6521895","2848525","2.91",,"R"
"2020-05-15","MNST","Monster Beverage Corporation","NNM","8013049","7773205","2079896","3.85",,"R"
"2020-05-15","MO","Altria Group, Inc.","NYSE","16245261","11083819","10424087","1.56",,"R"
"2020-05-15","MPC","MARATHON PETROLEUM CORPORATION","NYSE","24082645","20111886","8353997","2.88",,"R"
"2020-05-15","MPWR","Monolithic Power Systems, Inc.","NNM","1025292","1056359","364132","2.82",,"R"
"2020-05-15","MRK","Merck & Co., Inc.","NYSE","18989713","18957966","8855873","2.14",,"R"
"2020-05-15","MRVL","Marvell Technology Group Ltd.","NNM","22686285","28330004","7653574","2.96",,"R"
"2020-05-15","MS","Morgan Stanley","NYSE","59012967","55932297","10479507","5.63",,"R"
"2020-05-15","MSFT","Microsoft Corporation Common S","NNM","44236712","47835365","31551469","1.40",,"R"
"2020-05-15","MSI","Motorola Solutions, Inc. New","NYSE","2318972","2634314","1992072","1.16",,"R"
"2020-05-15","MU","Micron Technology, Inc. Common","NNM","35783457","33720741","21176104","1.69",,"R"
"2020-05-15","NEE","Nextra Energy, Inc.","NYSE","6581829","5857252","2199136","2.99",,"R"
"2020-05-15","NEM","Newmont Corporation","NYSE","13290735","14481909","6288962","2.11",,"R"
"2020-05-15","NET","Cloudflare, Inc. Class A commo","NYSE","6353587","3694992","5305982","1.20",,"R"
"2020-05-15","NFLX","Netflix, Inc. Common Stock","NNM","12921903","13528555","5974263","2.16",,"R"
"2020-05-15","NKE","Nike, Inc.","NYSE","11425115","11934874","5541044","2.06",,"R"
"2020-05-15","NOC","Northrop Grumman Corp.","NYSE","1534739","1739589","698526","2.20",,"R"
"2020-05-15","NOW","SERVICENOW, INC.","NYSE","5765732","6844665","2308595","2.50",,"R"
"2020-05-15","NSC","Norfolk Southern Corp.","NYSE","3545283","3857155","1045937","3.39",,"R"
"2020-05-15","NVDA","NVIDIA Corporation Common Stoc","NNM","10030334","10783040","9652523","1.04",,"R"
"2020-05-15","ORCL","Oracle Corp","NYSE","30337896","29095722","7880483","3.85",,"R"
"2020-05-15","ORLY","O'Reilly Automotive, Inc. Comm","NNM","1306749","1391762","574371","2.28",,"R"
"2020-05-15","PANW","PALO ALTO NETWORKS, INC","NYSE","3917362","5135671","1170666","3.35",,"R"
"2020-05-15","PCAR","PACCAR Inc. Common Stock","NNM","4905572","4938539","1801079","2.72",,"R"
"2020-05-15","PEP","PepsiCo, Inc. Common Stock","NNM","11694720","10558748","4125807","2.83",,"R"
"2020-05-15","PFE","Pfizer Inc.","NYSE","52589747","49854857","20364610","2.58",,"R"
"2020-05-15","PG","Procter & Gamble Company","NYSE","18712513","17267674","6970172","2.68",,"R"
"2020-05-15","PGR","Progressive Corporation","NYSE","5248828","4856235","2996466","1.75",,"R"
"2020-05-15","PH","Parker-Hannifin Corporation","NYSE","2166848","2034014","1390515","1.56",,"R"
"2020-05-15","PLD","PROLOGIS, INC.","NYSE","8191270","7672687","2756781","2.97",,"R"
"2020-05-15","PM","Philip Morris International In","NYSE","9030173","10706466","4718256","1.91",,"R"
"2020-05-15","PNC","PNC Financial Services Group","NYSE","6456315","5490460","3198630","2.02",,"R"
"2020-05-15","PSX","PHILLIPS 66","NYSE","7544713","6153948","4307540","1.75",,"R"
"2020-05-15","PWR","Quanta Services, Inc.","NYSE","6371655","7521557","1301874","4.89",,"R"
"2020-05-15","QCOM","QUALCOMM Incorporated Common S","NNM","14703522","12380159","7373146","1.99",,"R"
"2020-05-15","RCL","Royal Caribbean Cruises Ltd.","NYSE","25281651","25708015","16271370","1.55",,"R"
"2020-05-15","REGN","Regeneron Pharmaceuticals, Inc","NNM","1779583","1886330","940211","1.89",,"R"
"2020-05-15","ROST","Ross Stores, Inc. Common Stock","NNM","4180352","4150399","1835995","2.28",,"R"
"2020-05-15","RSG","Republic Services Inc.","NYSE","3313346","2572567","1226247","2.70",,"R"
"2020-05-15","RTX","Raytheon Technologies Corporat","NYSE","15804584","18422443","12749065","1.24",,"R"
"2020-05-15","SBUX","Starbucks Corporation Common S","NNM","20506794","19396858","10550736","1.94",,"R"
"2020-05-15","SCCO","Southern Copper Corporation","NYSE","6569585","5756689","694006","9.47",,"R"
"2020-05-15","SCHW","The Charles Schwab Corporation","NYSE","73554922","74512604","8145957","9.03",,"R"
"2020-05-15","SHW","The Sherwin-Williams Company","NYSE","1168568","1192779","441926","2.64",,"R"
"2020-05-15","SNPS","Synopsys, Inc. Common Stock","NNM","1796495","2496513","737819","2.43",,"R"
"2020-05-15","SO","The Southern Company","NYSE","13698695","12717101","4920530","2.78",,"R"
"2020-05-15","SPG","Simon Property Group, Inc.","NYSE","23331316","20283857","8070347","2.89",,"R"
"2020-05-15","SPGI","S&P Global Inc.","NYSE","3063864","3466458","1073743","2.85",,"R"
"2020-05-15","SYK","Stryker Corporation","NYSE","4122009","4043759","1646228","2.50",,"R"
"2020-05-15","T","AT&T Inc.","NYSE","126382602","123035432","31921274","3.96",,"R"
"2020-05-15","TDG","TransDigm Group Incorporated","NYSE","3472019","3488745","705106","4.92",,"R"
"2020-05-15","TFC","Truist Financial Corporation","NYSE","17768451","18250133","5612275","3.17",,"R"
"2020-05-15","TGT","Target Corporation","NYSE","18724860","20181723","4313469","4.34",,"R"
"2020-05-15","TJX","TJX Companies, Inc. (The)","NYSE","13359968","14322548","7626139","1.75",,"R"
"2020-05-15","TMO","Thermo Fisher Scientific, Inc.","NYSE","3514502","3375542","1302021","2.70",,"R"
"2020-05-15","TMUS","T-Mobile US, Inc. Common Stock","NNM","16350623","15612235","4017266","4.07",,"R"
"2020-05-15","TRV","The Travelers Companies, Inc.","NYSE","4859342","4479053","1577304","3.08",,"R"
"2020-05-15","TSLA","Tesla, Inc. Common Stock","NNM","16247057","17246592","15668095","1.04",,"R"
"2020-05-15","TXN","Texas Instruments Incorporated","NNM","20243521","19251015","3906286","5.18",,"R"
"2020-05-15","UBER","Uber Technologies, Inc.","NYSE","45301583","46017756","39317533","1.15",,"R"
"2020-05-15","UNH","UNITEDHEALTH GROUP INCORPORATE","NYSE","5885472","6842658","3340750","1.76",,"R"
"2020-05-15","UNP","Union Pacific Corp.","NYSE","7939110","8675175","2505638","3.17",,"R"
"2020-05-15","UPS","United Parcel Service, Inc. Cl","NYSE","17006996","15022529","3627886","4.69",,"R"
"2020-05-15","URI","United Rentals, Inc.","NYSE","8000326","7907490","1093383","7.32",,"R"
"2020-05-15","USB","U.S. Bancorp","NYSE","16715494","15341176","8268183","2.02",,"R"
"2020-05-15","V","VISA Inc.","NYSE","32195460","31196690","8841972","3.64",,"R"
"2020-05-15","VLO","Valero Energy Corporation","NYSE","10097536","8437903","4702118","2.15",,"R"
"2020-05-15","VRT","Vertiv Holdings Co Class A Com","NYSE","5296149","5425835","2284748","2.32",,"R"
"2020-05-15","VRTX","Vertex Pharmaceuticals Incorpo","NNM","3974160","3872689","1725342","2.30",,"R"
"2020-05-15","VZ","Verizon Communications","NYSE","30702296","33133273","12405129","2.47",,"R"
"2020-05-15","WDC","Western Digital Corporation Co","NNM","9957701","8940316","6892446","1.44",,"R"
"2020-05-15","WELL","Welltower Inc.","NYSE","12561473","12765943","5136121","2.45",,"R"
"2020-05-15","WFC","Wells Fargo & Co.","NYSE","50519540","46645008","52123965","1.00",,"R"
"2020-05-15","WM","Waste Management, Inc.","NYSE","5204651","4729922","2123446","2.45",,"R"
"2020-05-15","WMB","Williams Companies Inc.","NYSE","21277677","25361973","10311556","2.06",,"R"
"2020-05-15","WMT","Walmart Inc.","NYSE","15324739","14568261","6958484","2.20",,"R"
"2020-05-15","XOM","Exxon Mobil Corporation","NYSE","59702523","60176608","23667337","2.52",,"R"
"2020-04-15","AAPL","Apple Inc. Common Stock","NNM","34636195","39059449","38275532","1.00",,
"2020-04-15","ABBV","ABBVIE INC.","NYSE","84732539","84640109","9295717","9.12",,
"2020-04-15","ABT","Abbott Laboratories","NYSE","21447408","17772257","9102967","2.36",,
"2020-04-15","ADBE","Adobe Inc. Common Stock","NNM","5503651","5698013","3486585","1.58",,
"2020-04-15","ADI","Analog Devices, Inc. Common St","NNM","5438087","4998134","2788172","1.95",,
"2020-04-15","ADP","Automatic Data Processing, Inc","NNM","5564475","5132026","2428010","2.29",,
"2020-04-15","AEP","American Electric Power Compan","NYSE","6983837","6225320","3132293","2.23",,
"2020-04-15","AFL","Aflac Inc.","NYSE","10288873","10918796","4225995","2.43",,
"2020-04-15","AJG","Arthur J. Gallagher & Co.","NYSE","2495709","2612126","1408188","1.77",,
"2020-04-15","ALL","The Allstate Corporation","NYSE","3501615","3715917","2289979","1.53",,
"2020-04-15","AMAT","Applied Materials, Inc. Common","NNM","17796669","18765391","9271053","1.92",,
"2020-04-15","AMD","Advanced Micro Devices, Inc. C","NNM","70509859","66382327","72949934","1.00",,
"2020-04-15","AMGN","Amgen Inc. Common Stock","NNM","7604084","8285399","2551024","2.98",,
"2020-04-15","AMT","American Tower Corporation","NYSE","3898175","3808531","2740487","1.42",,
"2020-04-15","AMZN","Amazon.com, Inc. Common Stock","NNM","4948222","4844546","4627438","1.07",,
"2020-04-15","ANET","Arista Networks","NYSE","2642935","2172900","800003","3.30",,
"2020-04-15","AON","Aon plc Class A","NYSE","8957010","7949801","1442906","6.21",,
"2020-04-15","APD","Air Products & Chemicals, Inc.","NYSE","2310263","2516593","1455794","1.59",,
"2020-04-15","APH","Amphenol Corporation","NYSE","3306427","3068389","2351770","1.41",,
"2020-04-15","APO","Apollo Global Management, Inc.","NYSE","5773936","5576529","2585220","2.23",,
"2020-04-15","AVGO","Broadcom Inc. Common Stock","NNM","6301540","5421460","3104330","2.03",,
"2020-04-15","AXP","American Express Company","NYSE","11190429","11040360","7338946","1.52",,"R"
"2020-04-15","BA","Boeing Company","NYSE","14612267","11983234","36880916","1.00",,
"2020-04-15","BAC","Bank of America Corporation","NYSE","108696665","97855845","79337150","1.37",,
"2020-04-15","BKNG","Booking Holdings Inc. Common S","NNM","1479343","1211372","588693","2.51",,
"2020-04-15","BLK","Blackrock, Inc.","NYSE","1795877","1452277","739713","2.43",,
"2020-04-15","BMY","Bristol-Myers Squibb Co.","NYSE","33049826","27442618","13954507","2.37",,
"2020-04-15","BNY","BlackRock New York Municipal I","NYSE","22499","13479","29176","1.00",,
"2020-04-15","BRKA","Berkshire Hathaway Inc.","NYSE","163","163","560","1.00",,
"2020-04-15","BRKB","BERKSHIRE HATHAWAY Class B","NYSE","17478790","17588554","7227045","2.42",,
"2020-04-15","BSX","Boston Scientific Corp.","NYSE","11999305","9860342","12531269","1.00",,
"2020-04-15","BX","The Blackstone Group Inc. Clas","NYSE","13574601","11124684","7127649","1.90",,
"2020-04-15","C","Citigroup Inc.","NYSE","25379406","24018838","29437870","1.00",,
"2020-04-15","CAT","Caterpillar Inc.","NYSE","10219671","9059253","6139102","1.66",,
"2020-04-15","CCZ","Comcast Holdings Corp. 2.0% Ex","NYSE","63","9","166","1.00",,
"2020-04-15","CDNS","Cadence Design Systems, Inc. C","NNM","5175119","4859284","2183637","2.37",,
"2020-04-15","CI","CIGNA Corporation","NYSE","4377763","4461550","2169540","2.02",,
"2020-04-15","CL","Colgate-Palmolive Company","NYSE","9861119","10218173","4190685","2.35",,
"2020-04-15","CMCSA","Comcast Corporation Class A Co","NNM","83265917","85566805","22490801","3.70",,
"2020-04-15","CME","CME Group Inc. Class A Common","NNM","5221426","5043879","1921729","2.72",,
"2020-04-15","CMI","Cummins Inc.","NYSE","3702276","3668287","1239767","2.99",,
"2020-04-15","COF","Capital One Financial","NYSE","6706114","6697823","5345695","1.25",,
"2020-04-15","COP","ConocoPhillips","NYSE","16169463","13726009","10621207","1.52",,
"2020-04-15","COST","Costco Wholesale Corporation C","NNM","4760643","4864814","3699241","1.29",,
"2020-04-15","CRM","salesforce.com, inc.","NYSE","14341924","13478052","7028177","2.04",,
"2020-04-15","CRWD","CrowdStrike Holdings, Inc. Cla","NNM","3187873","4183443","4053969","1.00",,
"2020-04-15","CSCO","Cisco Systems, Inc. Common Sto","NNM","34241613","34790293","23081466","1.48",,
"2020-04-15","CSX","CSX Corporation Common Stock","NNM","7697237","7733526","4381742","1.76",,
"2020-04-15","CTAS","Cintas Corporation Common Stoc","NNM","1850825","1679839","994970","1.86",,
"2020-04-15","CVNA","Carvana Co.","NYSE","23033675","23833449","3916487","5.88",,
"2020-04-15","CVS","CVS HEALTH CORPORATION","NYSE","15097495","17670312","9719524","1.55",,
"2020-04-15","CVX","Chevron Corporation","NYSE","20063991","16626618","14420344","1.39",,
"2020-04-15","D","Dominion Energy, Inc Common St","NYSE","11846852","12118145","3612643","3.28",,
"2020-04-15","DDOG","Datadog, Inc. Class A Common S","NNM","3647646","3513201","2493599","1.46",,
"2020-04-15","DE","Deere & Company","NYSE","4512931","3545384","1804639","2.50",,
"2020-04-15","DELL","Dell Technologies Inc.","NYSE","6922974","7381440","2535066","2.73",,
"2020-04-15","DHR","Danaher Corporation","NYSE","6598731","6263403","3302947","2.00",,
"2020-04-15","DIS","The Walt Disney Company","NYSE","25242797","25260198","18158302","1.39",,
"2020-04-15","DLR","Digital Realty Trust, Inc.","NYSE","13653141","14759664","2383362","5.73",,
"2020-04-15","DUK","Duke Energy Corporation","NYSE","38585418","36085006","3953890","9.76",,
"2020-04-15","ECL","Ecolab, Inc.","NYSE","3481000","3302104","1688441","2.06",,
"2020-04-15","EMR","Emerson Electric Co.","NYSE","10033992","8464395","3873506","2.59",,
"2020-04-15","EOG","EOG Resources, Inc.","NYSE","10973350","12711341","7848948","1.40",,
"2020-04-15","EPD","Enterprise Products Partners L","NYSE","29668704","34959085","10409794","2.85",,
"2020-04-15","EQIX","Equinix, Inc. Common Stock REI","NNM","948616","1022040","589064","1.61",,
"2020-04-15","FCX","Freeport-McMoran Inc.","NYSE","56768191","52421866","27441332","2.07",,
"2020-04-15","FDX","FedEx Corporation","NYSE","5693934","5901439","3104609","1.83",,
"2020-04-15","FTNT","Fortinet, Inc. Common Stock","NNM","5496458","7009114","2253675","2.44",,
"2020-04-15","GD","General Dynamics Corporation","NYSE","2839114","3180120","1605595","1.77",,
"2020-04-15","GE","General Electric Company","NYSE","109712783","96926399","91114909","1.20",,
"2020-04-15","GILD","Gilead Sciences, Inc. Common S","NNM","22551972","23644384","14656272","1.54",,
"2020-04-15","GLW","Corning Incorporated","NYSE","22269013","22288906","6113989","3.64",,
"2020-04-15","GM","General Motors Company","NYSE","23100658","18226822","17579308","1.31",,
"2020-04-15","GOOG","Alphabet Inc. Class C Capital","NNM","4105056","3884707","1999065","2.05",,
"2020-04-15","GOOGL","Alphabet Inc. Class A Common S","NNM","3920310","4040716","2429105","1.61",,
"2020-04-15","GS","Goldman Sachs Group Inc.","NYSE","5426526","5427022","4214914","1.29",,
"2020-04-15","GWW","W.W. Grainger, Inc.","NYSE","1001692","1115867","372259","2.69",,
"2020-04-15","HCA","HCA Healthcare, Inc.","NYSE","5153546","4328060","3014990","1.71",,
"2020-04-15","HD","Home Depot, Inc.","NYSE","10336238","9679493","5869617","1.76",,
"2020-04-15","HLT","Hilton Worldwide Holdings Inc.","NYSE","12630915","10863471","6259285","2.02",,
"2020-04-15","HON","Honeywell International, Inc.","NYSE","8125552","7570595","3546725","2.29",,
"2020-04-15","HPE","Hewlett Packard Enterprise Com","NYSE","29868089","28808716","8170981","3.66",,
"2020-04-15","HWM","Howmet Aerospace Inc.","NYSE","7586829","6467073","4170795","1.82",,
"2020-04-15","IBKR","Interactive Brokers Group, Inc","NNM","5073808","5159199","505251","10.04",,
"2020-04-15","IBM","International Business Machine","NYSE","18546011","16889957","5055372","3.67",,
"2020-04-15","ICE","Intercontinental Exchange  Inc","NYSE","5613398","6505446","3358094","1.67",,
"2020-04-15","INTC","Intel Corporation Common Stock","NNM","41348018","42348745","27088894","1.53",,
"2020-04-15","INTU","Intuit Inc. Common Stock","NNM","2724892","2731035","1469528","1.85",,
"2020-04-15","ISRG","Intuitive Surgical, Inc. Commo","NNM","3006110","2393457","1047750","2.87",,
"2020-04-15","ITW","Illinois Tool Works Inc.","NYSE","8997006","7729594","1564214","5.75",,
"2020-04-15","JNJ","Johnson & Johnson","NYSE","19066660","16786939","10470984","1.82",,
"2020-04-15","JPM","JPMorgan Chase & Co.","NYSE","28974482","26429653","26068275","1.11",,
"2020-04-15","KKR","KKR & Co. Inc. Class A Common","NYSE","18041597","13265781","4636838","3.89",,
"2020-04-15","KLAC","KLA Corporation Common Stock","NNM","3138277","2887299","1218969","2.57",,
"2020-04-15","KMI","Kinder Morgan, Inc.","NYSE","27803665","31609206","16574121","1.68",,
"2020-04-15","KO","Coca-Cola Company","NYSE","27336382","28535432","17738725","1.54",,
"2020-04-15","LIN","Linde plc Ordinary Share","NYSE","6169164","6284994","2672271","2.31",,
"2020-04-15","LLY","Eli Lilly & Co.","NYSE","9565405","9804757","3461793","2.76",,
"2020-04-15","LMT","Lockheed Martin Corp.","NYSE","2714407","2777519","1668705","1.63",,
"2020-04-15","LOW","Lowe's Companies Inc.","NYSE","8932382","10498864","6249233","1.43",,
"2020-04-15","LRCX","Lam Research Corporation Commo","NNM","3917169","3599206","1922272","2.04",,
"2020-04-15","MA","Mastercard Incorporated","NYSE","6872677","6531662","6034170","1.14",,
"2020-04-15","MAR","Marriott International Class A","NNM","13674324","12727325","7988113","1.71",,
"2020-04-15","MCD","McDonald's Corporation","NYSE","8670237","7617160","4831640","1.79",,
"2020-04-15","MCK","McKesson Corporation","NYSE","3153408","3449533","1968138","1.60",,
"2020-04-15","MCO","Moody's Corporation","NYSE","2137979","2306253","1098094","1.95",,
"2020-04-15","MDLZ","Mondelez International, Inc. C","NNM","11732541","11385593","6872745","1.71",,
"2020-04-15","MDT","Medtronic plc","NYSE","9560289","12453684","6363490","1.50",,
"2020-04-15","MMM","3M Company","NYSE","7436338","8133946","3630894","2.05",,
"2020-04-15","MNST","Monster Beverage Corporation","NNM","6524923","6961247","3098722","2.11",,
"2020-04-15","MO","Altria Group, Inc.","NYSE","12057198","10299108","10716506","1.13",,
"2020-04-15","MPC","MARATHON PETROLEUM CORPORATION","NYSE","20426611","18842412","11645374","1.75",,
"2020-04-15","MPWR","Monolithic Power Systems, Inc.","NNM","1080320","1224967","346433","3.12",,
"2020-04-15","MRK","Merck & Co., Inc.","NYSE","20611316","18264033","9994414","2.06",,"R"
"2020-04-15","MRVL","Marvell Technology Group Ltd.","NNM","25123080","25302811","7795619","3.22",,
"2020-04-15","MS","Morgan Stanley","NYSE","54612302","49486119","16578586","3.29",,
"2020-04-15","MSFT","Microsoft Corporation Common S","NNM","53310482","58762671","47269398","1.13",,
"2020-04-15","MSI","Motorola Solutions, Inc. New","NYSE","3434508","3791624","1205924","2.85",,
"2020-04-15","MU","Micron Technology, Inc. Common","NNM","38625590","31578316","29362436","1.32",,
"2020-04-15","NEE","Nextra Energy, Inc.","NYSE","6021332","6386525","2894228","2.08",,
"2020-04-15","NEM","Newmont Corporation","NYSE","14548436","12912913","8682108","1.68",,
"2020-04-15","NET","Cloudflare, Inc. Class A commo","NYSE","4096749","4503140","2531597","1.62",,
"2020-04-15","NFLX","Netflix, Inc. Common Stock","NNM","15497397","15633465","6910485","2.24",,"R"
"2020-04-15","NKE","Nike, Inc.","NYSE","11793655","11959061","7860611","1.50",,
"2020-04-15","NOC","Northrop Grumman Corp.","NYSE","1597127","2101378","858303","1.86",,
"2020-04-15","NOW","SERVICENOW, INC.","NYSE","6005178","7394744","2535290","2.37",,
"2020-04-15","NSC","Norfolk Southern Corp.","NYSE","3614384","3167639","1812598","1.99",,
"2020-04-15","NVDA","NVIDIA Corporation Common Stoc","NNM","11993211","11453634","13770013","1.00",,
"2020-04-15","ORCL","Oracle Corp","NYSE","28421676","25170811","13122610","2.17",,
"2020-04-15","ORLY","O'Reilly Automotive, Inc. Comm","NNM","1468284","1236876","833413","1.76",,
"2020-04-15","PANW","PALO ALTO NETWORKS, INC","NYSE","5892499","5713128","1384538","4.26",,
"2020-04-15","PCAR","PACCAR Inc. Common Stock","NNM","4997640","4540693","2126996","2.35",,
"2020-04-15","PEP","PepsiCo, Inc. Common Stock","NNM","11635085","10502394","5378352","2.16",,
"2020-04-15","PFE","Pfizer Inc.","NYSE","44305920","46447256","23512117","1.88",,
"2020-04-15","PG","Procter & Gamble Company","NYSE","18029010","20153201","10303467","1.75",,
"2020-04-15","PGR","Progressive Corporation","NYSE","4587879","4926746","3442194","1.33",,
"2020-04-15","PH","Parker-Hannifin Corporation","NYSE","2553536","1809720","1285504","1.99",,
"2020-04-15","PLD","PROLOGIS, INC.","NYSE","7401231","7998834","4988454","1.48",,
"2020-04-15","PM","Philip Morris International In","NYSE","10828904","8398517","5964153","1.82",,
"2020-04-15","PNC","PNC Financial Services Group","NYSE","4955800","5144999","2975041","1.67",,
"2020-04-15","PSX","PHILLIPS 66","NYSE","5943186","6072214","3953543","1.50",,
"2020-04-15","PWR","Quanta Services, Inc.","NYSE","7416051","6544755","1351571","5.49",,
"2020-04-15","QCOM","QUALCOMM Incorporated Common S","NNM","15018787","14273490","10681801","1.41",,
"2020-04-15","RCL","Royal Caribbean Cruises Ltd.","NYSE","27961437","22451563","30626632","1.00",,
"2020-04-15","REGN","Regeneron Pharmaceuticals, Inc","NNM","2010186","1776048","1012937","1.98",,
"2020-04-15","ROST","Ross Stores, Inc. Common Stock","NNM","4584861","4576565","3423309","1.34",,
"2020-04-15","RSG","Republic Services Inc.","NYSE","2961511","2958135","1594896","1.86",,
"2020-04-15","RTX","Raytheon Technologies Corporat","NYSE","20075460","9022949","18361746","1.09",,
"2020-04-15","SBUX","Starbucks Corporation Common S","NNM","19123237","17901598","12969287","1.47",,
"2020-04-15","SCCO","Southern Copper Corporation","NYSE","5465829","5814188","787638","6.94",,
"2020-04-15","SCHW","The Charles Schwab Corporation","NYSE","71376681","70308507","10527934","6.78",,
"2020-04-15","SHW","The Sherwin-Williams Company","NYSE","1296912","1070475","772320","1.68",,
"2020-04-15","SNPS","Synopsys, Inc. Common Stock","NNM","2515225","2678366","1033903","2.43",,
"2020-04-15","SO","The Southern Company","NYSE","12433762","14578837","5392826","2.31",,
"2020-04-15","SPG","Simon Property Group, Inc.","NYSE","16638712","14620396","6481579","2.57",,
"2020-04-15","SPGI","S&P Global Inc.","NYSE","4666666","4403817","2077477","2.25",,
"2020-04-15","SYK","Stryker Corporation","NYSE","4238340","4535804","2367847","1.79",,
"2020-04-15","T","AT&T Inc.","NYSE","126051333","128267013","40688842","3.10",,
"2020-04-15","TDG","TransDigm Group Incorporated","NYSE","3549701","3278161","1023696","3.47",,
"2020-04-15","TFC","Truist Financial Corporation","NYSE","14900310","16032085","8270183","1.80",,
"2020-04-15","TGT","Target Corporation","NYSE","16047169","9665788","5791399","2.77",,
"2020-04-15","TJX","TJX Companies, Inc. (The)","NYSE","12179883","12830626","9696357","1.26",,
"2020-04-15","TMO","Thermo Fisher Scientific, Inc.","NYSE","3504345","3786538","1698364","2.06",,
"2020-04-15","TMUS","T-Mobile US, Inc. Common Stock","NNM","15119111","17293426","7012534","2.16",,
"2020-04-15","TRV","The Travelers Companies, Inc.","NYSE","4366054","4826404","1834574","2.38",,
"2020-04-15","TSLA","Tesla, Inc. Common Stock","NNM","20097889","19687406","16765664","1.20",,
"2020-04-15","TXN","Texas Instruments Incorporated","NNM","19460031","19379584","6264030","3.11",,
"2020-04-15","UBER","Uber Technologies, Inc.","NYSE","55943721","50047824","31572901","1.77",,
"2020-04-15","UNH","UNITEDHEALTH GROUP INCORPORATE","NYSE","6963685","7025121","4424595","1.57",,
"2020-04-15","UNP","Union Pacific Corp.","NYSE","8308831","8239125","3774072","2.20",,
"2020-04-15","UPS","United Parcel Service, Inc. Cl","NYSE","14565593","12871346","4469652","3.26",,
"2020-04-15","URI","United Rentals, Inc.","NYSE","7313258","5984883","1833707","3.99",,
"2020-04-15","USB","U.S. Bancorp","NYSE","14917777","15533520","7699212","1.94",,
"2020-04-15","V","VISA Inc.","NYSE","29809216","30645638","11790163","2.53",,
"2020-04-15","VLO","Valero Energy Corporation","NYSE","8600163","8359892","5615845","1.53",,
"2020-04-15","VRT","Vertiv Holdings Co Class A Com","NYSE","5762781","4292747","1663435","3.46",,
"2020-04-15","VRTX","Vertex Pharmaceuticals Incorpo","NNM","3416411","4016436","2171835","1.57",,
"2020-04-15","VZ","Verizon Communications","NYSE","35160641","34353526","16618630","2.12",,"R"
"2020-04-15","WDC","Western Digital Corporation Co","NNM","8717593","7774668","5205325","1.67",,
"2020-04-15","WELL","Welltower Inc.","NYSE","11966880","11200672","4466137","2.68",,
"2020-04-15","WFC","Wells Fargo & Co.","NYSE","47291626","46969527","39470285","1.20",,
"2020-04-15","WM","Waste Management, Inc.","NYSE","4765438","3838389","3319314","1.44",,
"2020-04-15","WMB","Williams Companies Inc.","NYSE","23748628","19835933","18791246","1.26",,
"2020-04-15","WMT","Walmart Inc.","NYSE","16920644","14059765","9818368","1.72",,
"2020-04-15","XOM","Exxon Mobil Corporation","NYSE","59279332","65866459","39068003","1.52",,
"2020-04-30","AAPL","Apple Inc. Common Stock","NNM","30124922","34636195","32177466","1.00",,
"2020-04-30","ABBV","ABBVIE INC.","NYSE","85237369","84732539","7933855","10.74",,
"2020-04-30","ABT","Abbott Laboratories","NYSE","19569536","21447413","11096451","1.76",,"R"
"2020-04-30","ADBE","Adobe Inc. Common Stock","NNM","5171114","5503651","2840272","1.82",,
"2020-04-30","ADI","Analog Devices, Inc. Common St","NNM","5982760","5438087","2245597","2.66",,
"2020-04-30","ADP","Automatic Data Processing, Inc","NNM","4323940","5564475","2020573","2.14",,
"2020-04-30","AEP","American Electric Power Compan","NYSE","6865440","6983842","2246603","3.06",,"R"
"2020-04-30","AFL","Aflac Inc.","NYSE","9998779","10288873","2843475","3.52",,
"2020-04-30","AJG","Arthur J. Gallagher & Co.","NYSE","2538709","2495709","1186146","2.14",,
"2020-04-30","ALL","The Allstate Corporation","NYSE","3079838","3501615","1993785","1.54",,
"2020-04-30","AMAT","Applied Materials, Inc. Common","NNM","22294265","17796669","7488123","2.98",,
"2020-04-30","AMD","Advanced Micro Devices, Inc. C","NNM","65247939","70509859","75968800","1.00",,
"2020-04-30","AMGN","Amgen Inc. Common Stock","NNM","7880846","7604084","2484129","3.17",,
"2020-04-30","AMT","American Tower Corporation","NYSE","3064886","3898175","1779048","1.72",,
"2020-04-30","AMZN","Amazon.com, Inc. Common Stock","NNM","3505745","4948222","5608421","1.00",,
"2020-04-30","ANET","Arista Networks","NYSE","2685665","2642935","616223","4.36",,
"2020-04-30","AON","Aon plc Class A","NYSE","10499635","8957010","1212433","8.66",,
"2020-04-30","APD","Air Products & Chemicals, Inc.","NYSE","2348609","2310264","1080399","2.17",,"R"
"2020-04-30","APH","Amphenol Corporation","NYSE","3402394","3306427","1989186","1.71",,
"2020-04-30","APO","Apollo Global Management, Inc.","NYSE","5777450","5773936","1671138","3.46",,
"2020-04-30","AVGO","Broadcom Inc. Common Stock","NNM","5376681","6301540","2348023","2.29",,
"2020-04-30","AXP","American Express Company","NYSE","11909768","11190429","6701013","1.78",,
"2020-04-30","BA","Boeing Company","NYSE","17995687","14612267","33939350","1.00",,
"2020-04-30","BAC","Bank of America Corporation","NYSE","111069451","108696665","62663311","1.77",,
"2020-04-30","BKNG","Booking Holdings Inc. Common S","NNM","1367846","1479343","464733","2.94",,
"2020-04-30","BLK","Blackrock, Inc.","NYSE","1829773","1795877","664806","2.75",,
"2020-04-30","BMY","Bristol-Myers Squibb Co.","NYSE","31867958","33049833","12696463","2.51",,"R"
"2020-04-30","BNY","BlackRock New York Municipal I","NYSE","29700","22499","44804","1.00",,
"2020-04-30","BRKA","Berkshire Hathaway Inc.","NYSE","165","163","627","1.00",,
"2020-04-30","BRKB","BERKSHIRE HATHAWAY Class B","NYSE","14690154","17478790","5886255","2.50",,
"2020-04-30","BSX","Boston Scientific Corp.","NYSE","10309711","11999305","9872781","1.04",,
"2020-04-30","BX","The Blackstone Group Inc. Clas","NYSE","13419225","13574601","5183987","2.59",,
"2020-04-30","C","Citigroup Inc.","NYSE","28871367","25379406","28441203","1.02",,
"2020-04-30","CAT","Caterpillar Inc.","NYSE","8556172","10219671","4134815","2.07",,
"2020-04-30","CCZ","Comcast Holdings Corp. 2.0% Ex","NYSE","49","63","267","1.00",,
"2020-04-30","CDNS","Cadence Design Systems, Inc. C","NNM","4528154","5175119","2331875","1.94",,
"2020-04-30","CI","CIGNA Corporation","NYSE","4309078","4377764","1756859","2.45",,"R"
"2020-04-30","CL","Colgate-Palmolive Company","NYSE","10749917","9861123","3212981","3.35",,"R"
"2020-04-30","CMCSA","Comcast Corporation Class A Co","NNM","83215870","83265917","18921949","4.40",,
"2020-04-30","CME","CME Group Inc. Class A Common","NNM","5603543","5221426","1741831","3.22",,
"2020-04-30","CMI","Cummins Inc.","NYSE","3704717","3702276","1137004","3.26",,
"2020-04-30","COF","Capital One Financial","NYSE","7491489","6706114","5991030","1.25",,
"2020-04-30","COP","ConocoPhillips","NYSE","14082138","16169463","10412845","1.35",,
"2020-04-30","COST","Costco Wholesale Corporation C","NNM","5435097","4760643","2774789","1.96",,
"2020-04-30","CRM","salesforce.com, inc.","NYSE","13070054","14341924","5892014","2.22",,
"2020-04-30","CRWD","CrowdStrike Holdings, Inc. Cla","NNM","4279943","3187873","4912672","1.00",,
"2020-04-30","CSCO","Cisco Systems, Inc. Common Sto","NNM","34415677","34241613","19326718","1.78",,
"2020-04-30","CSX","CSX Corporation Common Stock","NNM","7754720","7697237","4750481","1.63",,
"2020-04-30","CTAS","Cintas Corporation Common Stoc","NNM","1936876","1850825","750127","2.58",,
"2020-04-30","CVNA","Carvana Co.","NYSE","21477682","23033675","2694522","7.97",,
"2020-04-30","CVS","CVS HEALTH CORPORATION","NYSE","14719841","15097505","6868234","2.14",,"R"
"2020-04-30","CVX","Chevron Corporation","NYSE","22751003","20063991","12049537","1.89",,
"2020-04-30","D","Dominion Energy, Inc Common St","NYSE","11086899","11846916","2576032","4.30",,"R"
"2020-04-30","DDOG","Datadog, Inc. Class A Common S","NNM","3939060","3647646","2185309","1.80",,
"2020-04-30","DE","Deere & Company","NYSE","4805388","4512931","1731321","2.78",,
"2020-04-30","DELL","Dell Technologies Inc.","NYSE","8444130","6922974","2263849","3.73",,
"2020-04-30","DHR","Danaher Corporation","NYSE","6689021","6598733","3228679","2.07",,"R"
"2020-04-30","DIS","The Walt Disney Company","NYSE","23807562","25242797","14862334","1.60",,
"2020-04-30","DLR","Digital Realty Trust, Inc.","NYSE","12684789","13653141","1935641","6.55",,
"2020-04-30","DUK","Duke Energy Corporation","NYSE","38191965","38585418","2936296","13.01",,
"2020-04-30","ECL","Ecolab, Inc.","NYSE","3584662","3481000","1221401","2.93",,
"2020-04-30","EMR","Emerson Electric Co.","NYSE","9833392","10033992","4249622","2.31",,
"2020-04-30","EOG","EOG Resources, Inc.","NYSE","11656018","10973350","5854542","1.99",,
"2020-04-30","EPD","Enterprise Products Partners L","NYSE","24767141","29668704","10172032","2.43",,
"2020-04-30","EQIX","Equinix, Inc. Common Stock REI","NNM","804192","948616","413713","1.94",,
"2020-04-30","FCX","Freeport-McMoran Inc.","NYSE","53481460","56768191","23468348","2.28",,
"2020-04-30","FDX","FedEx Corporation","NYSE","4960003","5693934","2006979","2.47",,
"2020-04-30","FTNT","Fortinet, Inc. Common Stock","NNM","5463528","5496458","1601285","3.41",,
"2020-04-30","GD","General Dynamics Corporation","NYSE","1767573","2839116","1955188","1.00",,"R"
"2020-04-30","GE","General Electric Company","NYSE","111645569","109712783","117934770","1.00",,
"2020-04-30","GILD","Gilead Sciences, Inc. Common S","NNM","24109888","22551972","33835848","1.00",,
"2020-04-30","GLW","Corning Incorporated","NYSE","21140574","22269013","4898569","4.32",,
"2020-04-30","GM","General Motors Company","NYSE","21483017","23100658","14197530","1.51",,
"2020-04-30","GOOG","Alphabet Inc. Class C Capital","NNM","3496044","4105056","1991326","1.76",,
"2020-04-30","GOOGL","Alphabet Inc. Class A Common S","NNM","3951116","3920310","2472373","1.60",,
"2020-04-30","GS","Goldman Sachs Group Inc.","NYSE","6230494","5426526","3101022","2.01",,
"2020-04-30","GWW","W.W. Grainger, Inc.","NYSE","971675","1001692","369251","2.63",,
"2020-04-30","HCA","HCA Healthcare, Inc.","NYSE","5135299","5153546","2520467","2.04",,
"2020-04-30","HD","Home Depot, Inc.","NYSE","10764679","10336243","4652368","2.31",,"R"
"2020-04-30","HLT","Hilton Worldwide Holdings Inc.","NYSE","13126678","12630915","3302365","3.97",,
"2020-04-30","HON","Honeywell International, Inc.","NYSE","7601147","8125554","2830573","2.69",,"R"
"2020-04-30","HPE","Hewlett Packard Enterprise Com","NYSE","26516213","29868089","8177360","3.24",,
"2020-04-30","HWM","Howmet Aerospace Inc.","NYSE","8011975","7586829","4734536","1.69",,
"2020-04-30","IBKR","Interactive Brokers Group, Inc","NNM","5706224","5073808","1111434","5.13",,
"2020-04-30","IBM","International Business Machine","NYSE","19165408","18546011","6170061","3.11",,
"2020-04-30","ICE","Intercontinental Exchange  Inc","NYSE","4972143","5613398","2446912","2.03",,
"2020-04-30","INTC","Intel Corporation Common Stock","NNM","35649267","41348018","27003067","1.32",,
"2020-04-30","INTU","Intuit Inc. Common Stock","NNM","2508070","2724892","1090683","2.30",,
"2020-04-30","ISRG","Intuitive Surgical, Inc. Commo","NNM","2784026","3006110","705614","3.95",,
"2020-04-30","ITW","Illinois Tool Works Inc.","NYSE","8733216","8997006","1171077","7.46",,
"2020-04-30","JNJ","Johnson & Johnson","NYSE","16828248","19066670","9353135","1.80",,"R"
"2020-04-30","JPM","JPMorgan Chase & Co.","NYSE","24085402","28974482","20189793","1.19",,
"2020-04-30","KKR","KKR & Co. Inc. Class A Common","NYSE","18936020","18041597","3123056","6.06",,
"2020-04-30","KLAC","KLA Corporation Common Stock","NNM","3245808","3138277","1117890","2.90",,
"2020-04-30","KMI","Kinder Morgan, Inc.","NYSE","23700024","27803665","15953020","1.49",,
"2020-04-30","KO","Coca-Cola Company","NYSE","27874767","27336426","16739654","1.67",,"R"
"2020-04-30","LIN","Linde plc Ordinary Share","NYSE","5312130","6169164","1507666","3.52",,
"2020-04-30","LLY","Eli Lilly & Co.","NYSE","8664880","9565414","3378536","2.56",,"R"
"2020-04-30","LMT","Lockheed Martin Corp.","NYSE","2078979","2714409","1320036","1.57",,"R"
"2020-04-30","LOW","Lowe's Companies Inc.","NYSE","9861118","8932382","5219627","1.89",,
"2020-04-30","LRCX","Lam Research Corporation Commo","NNM","4228256","3917169","2033129","2.08",,
"2020-04-30","MA","Mastercard Incorporated","NYSE","6194513","6872677","5818569","1.06",,
"2020-04-30","MAR","Marriott International Class A","NNM","13673939","13674324","4381984","3.12",,
"2020-04-30","MCD","McDonald's Corporation","NYSE","7978233","8670247","4194335","1.90",,"R"
"2020-04-30","MCK","McKesson Corporation","NYSE","3795660","3153414","1493465","2.54",,"R"
"2020-04-30","MCO","Moody's Corporation","NYSE","2202832","2137979","917172","2.40",,
"2020-04-30","MDLZ","Mondelez International, Inc. C","NNM","10841154","11732541","7386171","1.47",,
"2020-04-30","MDT","Medtronic plc","NYSE","8745824","9560289","5527657","1.58",,
"2020-04-30","MMM","3M Company","NYSE","6499935","7436340","3572498","1.82",,"R"
"2020-04-30","MNST","Monster Beverage Corporation","NNM","7280265","6524923","2316644","3.14",,
"2020-04-30","MO","Altria Group, Inc.","NYSE","10926455","12057207","8534381","1.28",,"R"
"2020-04-30","MPC","MARATHON PETROLEUM CORPORATION","NYSE","19877453","20426611","9925091","2.00",,
"2020-04-30","MPWR","Monolithic Power Systems, Inc.","NNM","1054231","1080320","319235","3.30",,
"2020-04-30","MRK","Merck & Co., Inc.","NYSE","18892356","20611316","11159926","1.69",,
"2020-04-30","MRVL","Marvell Technology Group Ltd.","NNM","26300980","25123080","8639402","3.04",,
"2020-04-30","MS","Morgan Stanley","NYSE","55407080","54612302","13790501","4.02",,
"2020-04-30","MSFT","Microsoft Corporation Common S","NNM","47763253","53310482","37932243","1.26",,
"2020-04-30","MSI","Motorola Solutions, Inc. New","NYSE","2630430","3434516","1079237","2.44",,"R"
"2020-04-30","MU","Micron Technology, Inc. Common","NNM","33155434","38625590","22781922","1.46",,
"2020-04-30","NEE","Nextra Energy, Inc.","NYSE","5732920","6021332","2195386","2.61",,
"2020-04-30","NEM","Newmont Corporation","NYSE","14464087","14548911","7075290","2.04",,"R"
"2020-04-30","NET","Cloudflare, Inc. Class A commo","NYSE","3653546","4096749","4174640","1.00",,
"2020-04-30","NFLX","Netflix, Inc. Common Stock","NNM","13463295","15497397","12186880","1.10",,
"2020-04-30","NKE","Nike, Inc.","NYSE","11780395","11793658","6278749","1.88",,"R"
"2020-04-30","NOC","Northrop Grumman Corp.","NYSE","1711808","1597127","861103","1.99",,
"2020-04-30","NOW","SERVICENOW, INC.","NYSE","6775708","6005178","1838031","3.69",,
"2020-04-30","NSC","Norfolk Southern Corp.","NYSE","3837355","3614384","1681136","2.28",,
"2020-04-30","NVDA","NVIDIA Corporation Common Stoc","NNM","10652551","11993211","11419316","1.00",,
"2020-04-30","ORCL","Oracle Corp","NYSE","28371487","28421676","9829074","2.89",,
"2020-04-30","ORLY","O'Reilly Automotive, Inc. Comm","NNM","1383296","1468284","790074","1.75",,
"2020-04-30","PANW","PALO ALTO NETWORKS, INC","NYSE","5078179","5892499","1031566","4.92",,
"2020-04-30","PCAR","PACCAR Inc. Common Stock","NNM","4562980","4997640","2159271","2.11",,
"2020-04-30","PEP","PepsiCo, Inc. Common Stock","NNM","10538436","11635085","4433147","2.38",,
"2020-04-30","PFE","Pfizer Inc.","NYSE","48963207","44305945","20258606","2.42",,"R"
"2020-04-30","PG","Procter & Gamble Company","NYSE","17160296","18029013","10709890","1.60",,"R"
"2020-04-30","PGR","Progressive Corporation","NYSE","4808321","4587879","3144036","1.53",,
"2020-04-30","PH","Parker-Hannifin Corporation","NYSE","1956679","2553536","1432741","1.37",,
"2020-04-30","PLD","PROLOGIS, INC.","NYSE","7240788","7401231","2913684","2.49",,
"2020-04-30","PM","Philip Morris International In","NYSE","10502736","10828943","4722372","2.22",,"R"
"2020-04-30","PNC","PNC Financial Services Group","NYSE","5377522","4955800","2623282","2.05",,
"2020-04-30","PSX","PHILLIPS 66","NYSE","5952623","5943186","3535644","1.68",,
"2020-04-30","PWR","Quanta Services, Inc.","NYSE","7495827","7416051","1471124","5.10",,
"2020-04-30","QCOM","QUALCOMM Incorporated Common S","NNM","12046204","15018787","7423809","1.62",,
"2020-04-30","RCL","Royal Caribbean Cruises Ltd.","NYSE","25475555","27961437","17949146","1.42",,
"2020-04-30","REGN","Regeneron Pharmaceuticals, Inc","NNM","1871688","2010186","1051581","1.78",,
"2020-04-30","ROST","Ross Stores, Inc. Common Stock","NNM","4090597","4584861","3282875","1.25",,
"2020-04-30","RSG","Republic Services Inc.","NYSE","2497904","2961511","1159716","2.15",,
"2020-04-30","RTX","Raytheon Technologies Corporat","NYSE","18187160","20075460","9554091","1.90",,
"2020-04-30","SBUX","Starbucks Corporation Common S","NNM","18898540","19123237","11552334","1.64",,
"2020-04-30","SCCO","Southern Copper Corporation","NYSE","5538575","5465829","772731","7.17",,
"2020-04-30","SCHW","The Charles Schwab Corporation","NYSE","74412644","71376681","8815103","8.44",,
"2020-04-30","SHW","The Sherwin-Williams Company","NYSE","1156903","1296912","468914","2.47",,
"2020-04-30","SNPS","Synopsys, Inc. Common Stock","NNM","2392497","2515225","948920","2.52",,
"2020-04-30","SO","The Southern Company","NYSE","12464177","12433771","4157178","3.00",,"R"
"2020-04-30","SPG","Simon Property Group, Inc.","NYSE","19999000","16638712","8261892","2.42",,
"2020-04-30","SPGI","S&P Global Inc.","NYSE","3325834","4666666","1484845","2.24",,
"2020-04-30","SYK","Stryker Corporation","NYSE","4026087","4238340","1541040","2.61",,
"2020-04-30","T","AT&T Inc.","NYSE","122439071","126051354","32612303","3.75",,"R"
"2020-04-30","TDG","TransDigm Group Incorporated","NYSE","3482815","3549701","614003","5.67",,
"2020-04-30","TFC","Truist Financial Corporation","NYSE","17123333","14900310","6357121","2.69",,
"2020-04-30","TGT","Target Corporation","NYSE","20000393","16047172","5740813","3.48",,"R"
"2020-04-30","TJX","TJX Companies, Inc. (The)","NYSE","14146160","12179888","9722055","1.46",,"R"
"2020-04-30","TMO","Thermo Fisher Scientific, Inc.","NYSE","3344022","3504345","1904022","1.76",,
"2020-04-30","TMUS","T-Mobile US, Inc. Common Stock","NNM","15555973","15119111","3506220","4.44",,
"2020-04-30","TRV","The Travelers Companies, Inc.","NYSE","4425857","4366057","1816651","2.44",,"R"
"2020-04-30","TSLA","Tesla, Inc. Common Stock","NNM","17187415","20097889","14648991","1.17",,
"2020-04-30","TXN","Texas Instruments Incorporated","NNM","19130413","19460031","5984805","3.20",,
"2020-04-30","UBER","Uber Technologies, Inc.","NYSE","45568637","55943721","24332041","1.87",,
"2020-04-30","UNH","UNITEDHEALTH GROUP INCORPORATE","NYSE","6796167","6963685","4074883","1.67",,
"2020-04-30","UNP","Union Pacific Corp.","NYSE","8635670","8308831","4002302","2.16",,
"2020-04-30","UPS","United Parcel Service, Inc. Cl","NYSE","14917097","14565593","5000494","2.98",,
"2020-04-30","URI","United Rentals, Inc.","NYSE","7869151","7313258","1576398","4.99",,
"2020-04-30","USB","U.S. Bancorp","NYSE","15266800","14917777","8052439","1.90",,
"2020-04-30","V","VISA Inc.","NYSE","31181804","29809216","11131787","2.80",,
"2020-04-30","VLO","Valero Energy Corporation","NYSE","8369346","8600163","5024377","1.67",,
"2020-04-30","VRT","Vertiv Holdings Co Class A Com","NYSE","5420368","5762781","1253106","4.33",,
"2020-04-30","VRTX","Vertex Pharmaceuticals Incorpo","NNM","3872283","3416411","1894656","2.04",,
"2020-04-30","VZ","Verizon Communications","NYSE","32120792","35160641","13830811","2.32",,
"2020-04-30","WDC","Western Digital Corporation Co","NNM","8779762","8717593","5409828","1.62",,
"2020-04-30","WELL","Welltower Inc.","NYSE","12680367","11966880","3002671","4.22",,
"2020-04-30","WFC","Wells Fargo & Co.","NYSE","46355451","47291636","36563582","1.27",,"R"
"2020-04-30","WM","Waste Management, Inc.","NYSE","4635188","4765438","1922256","2.41",,
"2020-04-30","WMB","Williams Companies Inc.","NYSE","25096127","23748628","12447583","2.02",,
"2020-04-30","WMT","Walmart Inc.","NYSE","14404636","16920652","8000343","1.80",,"R"
"2020-04-30","XOM","Exxon Mobil Corporation","NYSE","58832307","59279332","30068190","1.96",,
"2020-03-31","AAPL","Apple Inc. Common Stock","NNM","39059449","38427917","65987361","1.00",,
"2020-03-31","ABBV","ABBVIE INC.","NYSE","84640109","81623824","16915074","5.00",,
"2020-03-31","ABT","Abbott Laboratories","NYSE","17772257","23053505","14546821","1.22",,
"2020-03-31","ADBE","Adobe Inc. Common Stock","NNM","5698013","5856464","5426660","1.05",,
"2020-03-31","ADI","Analog Devices, Inc. Common St","NNM","4998134","4556109","4196445","1.19",,
"2020-03-31","ADP","Automatic Data Processing, Inc","NNM","5132026","6885406","3921380","1.31",,
"2020-03-31","AEP","American Electric Power Compan","NYSE","6225320","8235618","4709348","1.32",,
"2020-03-31","AFL","Aflac Inc.","NYSE","10918796","15102777","6936537","1.57",,
"2020-03-31","AJG","Arthur J. Gallagher & Co.","NYSE","2612126","2946427","1571842","1.66",,
"2020-03-31","ALL","The Allstate Corporation","NYSE","3715917","4931149","2951659","1.26",,
"2020-03-31","AMAT","Applied Materials, Inc. Common","NNM","18765391","18777298","12428663","1.51",,
"2020-03-31","AMD","Advanced Micro Devices, Inc. C","NNM","66382327","67599601","83255103","1.00",,
"2020-03-31","AMGN","Amgen Inc. Common Stock","NNM","8285399","8694867","4521743","1.83",,
"2020-03-31","AMT","American Tower Corporation","NYSE","3808531","4072519","3441308","1.11",,
"2020-03-31","AMZN","Amazon.com, Inc. Common Stock","NNM","4844546","4399370","7388448","1.00",,
"2020-03-31","ANET","Arista Networks","NYSE","2172900","2041667","1141856","1.90",,
"2020-03-31","AON","Aon plc Class A","NYSE","7949801","4001027","2511792","3.16",,
"2020-03-31","APD","Air Products & Chemicals, Inc.","NYSE","2516593","2683091","1758965","1.43",,
"2020-03-31","APH","Amphenol Corporation","NYSE","3068389","2987131","2667627","1.15",,
"2020-03-31","APO","Apollo Global Management, Inc.","NYSE","5576529","6313838","4407325","1.27",,
"2020-03-31","AVGO","Broadcom Inc. Common Stock","NNM","5421460","4217736","5986313","1.00",,
"2020-03-31","AXP","American Express Company","NYSE","11040368","11844692","9754825","1.13",,
"2020-03-31","BA","Boeing Company","NYSE","11983234","9530322","46245585","1.00",,
"2020-03-31","BAC","Bank of America Corporation","NYSE","97855845","97998402","119034497","1.00",,
"2020-03-31","BKNG","Booking Holdings Inc. Common S","NNM","1211372","1386025","809971","1.50",,
"2020-03-31","BLK","Blackrock, Inc.","NYSE","1452277","1421359","1384896","1.05",,
"2020-03-31","BMY","Bristol-Myers Squibb Co.","NYSE","27442618","45174766","18222704","1.51",,
"2020-03-31","BNY","BlackRock New York Municipal I","NYSE","13479","12289","63927","1.00",,
"2020-03-31","BRKA","Berkshire Hathaway Inc.","NYSE","163","280","916","1.00",,
"2020-03-31","BRKB","BERKSHIRE HATHAWAY Class B","NYSE","17588554","16876074","12516252","1.41",,
"2020-03-31","BSX","Boston Scientific Corp.","NYSE","9860342","14308527","13916477","1.00",,
"2020-03-31","BX","The Blackstone Group Inc. Clas","NYSE","11124684","11891989","10923117","1.02",,
"2020-03-31","C","Citigroup Inc.","NYSE","24018838","23117235","33877562","1.00",,
"2020-03-31","CAT","Caterpillar Inc.","NYSE","9059253","7880624","6407233","1.41",,
"2020-03-31","CCZ","Comcast Holdings Corp. 2.0% Ex","NYSE","9","7","206","1.00",,
"2020-03-31","CDNS","Cadence Design Systems, Inc. C","NNM","4859284","5692929","2783856","1.75",,
"2020-03-31","CI","CIGNA Corporation","NYSE","4461550","5048884","3769077","1.18",,
"2020-03-31","CL","Colgate-Palmolive Company","NYSE","10218173","11924988","7871981","1.30",,
"2020-03-31","CMCSA","Comcast Corporation Class A Co","NNM","85566805","89842514","37250664","2.30",,
"2020-03-31","CME","CME Group Inc. Class A Common","NNM","5043879","5172350","3548878","1.42",,
"2020-03-31","CMI","Cummins Inc.","NYSE","3668287","4162386","1767918","2.07",,
"2020-03-31","COF","Capital One Financial","NYSE","6697823","6069261","6524021","1.03",,
"2020-03-31","COP","ConocoPhillips","NYSE","13726009","13355329","14293907","1.00",,
"2020-03-31","COST","Costco Wholesale Corporation C","NNM","4864814","5486388","5311081","1.00",,
"2020-03-31","CRM","salesforce.com, inc.","NYSE","13478052","13535259","10066158","1.34",,
"2020-03-31","CRWD","CrowdStrike Holdings, Inc. Cla","NNM","4183443","5432123","6594470","1.00",,
"2020-03-31","CSCO","Cisco Systems, Inc. Common Sto","NNM","34790293","49534392","39746435","1.00",,
"2020-03-31","CSX","CSX Corporation Common Stock","NNM","7733526","7840853","6973664","1.11",,
"2020-03-31","CTAS","Cintas Corporation Common Stoc","NNM","1679839","2406518","1497250","1.12",,
"2020-03-31","CVNA","Carvana Co.","NYSE","23833449","22178885","5810426","4.10",,
"2020-03-31","CVS","CVS HEALTH CORPORATION","NYSE","17670312","19890047","15447004","1.14",,
"2020-03-31","CVX","Chevron Corporation","NYSE","16626618","21634343","21713369","1.00",,
"2020-03-31","D","Dominion Energy, Inc Common St","NYSE","12118145","12200664","6107077","1.98",,
"2020-03-31","DDOG","Datadog, Inc. Class A Common S","NNM","3513201","4913879","3509194","1.00",,
"2020-03-31","DE","Deere & Company","NYSE","3545384","4110902","2678034","1.32",,
"2020-03-31","DELL","Dell Technologies Inc.","NYSE","7381440","11501919","3904428","1.89",,
"2020-03-31","DHR","Danaher Corporation","NYSE","6263403","6786470","5170949","1.21",,
"2020-03-31","DIS","The Walt Disney Company","NYSE","25260198","28869018","28406975","1.00",,
"2020-03-31","DLR","Digital Realty Trust, Inc.","NYSE","14759664","26267842","4649790","3.17",,
"2020-03-31","DUK","Duke Energy Corporation","NYSE","36085006","39125001","6025230","5.99",,
"2020-03-31","ECL","Ecolab, Inc.","NYSE","3302104","3721714","2266583","1.46",,
"2020-03-31","EMR","Emerson Electric Co.","NYSE","8464395","9463789","6660575","1.27",,
"2020-03-31","EOG","EOG Resources, Inc.","NYSE","12711341","11397651","8926996","1.42",,
"2020-03-31","EPD","Enterprise Products Partners L","NYSE","34959085","40365253","17194776","2.03",,
"2020-03-31","EQIX","Equinix, Inc. Common Stock REI","NNM","1022040","1276508","840304","1.22",,
"2020-03-31","FCX","Freeport-McMoran Inc.","NYSE","52421866","55736857","33668516","1.56",,
"2020-03-31","FDX","FedEx Corporation","NYSE","5901439","6587418","3732211","1.58",,
"2020-03-31","FTNT","Fortinet, Inc. Common Stock","NNM","7009114","4484570","3200630","2.19",,
"2020-03-31","GD","General Dynamics Corporation","NYSE","3180120","3892775","2847365","1.12",,
"2020-03-31","GE","General Electric Company","NYSE","96926399","106614436","105552117","1.00",,
"2020-03-31","GILD","Gilead Sciences, Inc. Common S","NNM","23644384","26584184","23884140","1.00",,
"2020-03-31","GLW","Corning Incorporated","NYSE","22288906","25395719","7158118","3.11",,
"2020-03-31","GM","General Motors Company","NYSE","18226822","21992258","23516179","1.00",,
"2020-03-31","GOOG","Alphabet Inc. Class C Capital","NNM","3884707","3750970","3363611","1.15",,
"2020-03-31","GOOGL","Alphabet Inc. Class A Common S","NNM","4040716","4025098","3633151","1.11",,
"2020-03-31","GS","Goldman Sachs Group Inc.","NYSE","5427022","6761430","6104556","1.00",,
"2020-03-31","GWW","W.W. Grainger, Inc.","NYSE","1115867","1499513","445932","2.50",,
"2020-03-31","HCA","HCA Healthcare, Inc.","NYSE","4328060","4477007","4798261","1.00",,
"2020-03-31","HD","Home Depot, Inc.","NYSE","9679493","9863568","11016873","1.00",,
"2020-03-31","HLT","Hilton Worldwide Holdings Inc.","NYSE","10863471","10099620","9134039","1.19",,
"2020-03-31","HON","Honeywell International, Inc.","NYSE","7570595","8447540","5948284","1.27",,
"2020-03-31","HPE","Hewlett Packard Enterprise Com","NYSE","28808716","45543676","13983415","2.06",,
"2020-03-31","IBKR","Interactive Brokers Group, Inc","NNM","5159199","6074065","894380","5.77",,
"2020-03-31","IBM","International Business Machine","NYSE","16889957","19131589","7753729","2.18",,
"2020-03-31","ICE","Intercontinental Exchange  Inc","NYSE","6505446","6111111","5463231","1.19",,
"2020-03-31","INTC","Intel Corporation Common Stock","NNM","42348745","49819715","41174686","1.03",,
"2020-03-31","INTU","Intuit Inc. Common Stock","NNM","2731035","2999671","2391872","1.14",,
"2020-03-31","ISRG","Intuitive Surgical, Inc. Commo","NNM","2393457","2411359","1523275","1.57",,
"2020-03-31","ITW","Illinois Tool Works Inc.","NYSE","7729594","7219003","2596052","2.98",,
"2020-03-31","JNJ","Johnson & Johnson","NYSE","16786939","20336074","16245018","1.03",,
"2020-03-31","JPM","JPMorgan Chase & Co.","NYSE","26429653","30410545","30352600","1.00",,
"2020-03-31","KKR","KKR & Co. Inc. Class A Common","NYSE","13265781","12982908","6529545","2.03",,
"2020-03-31","KLAC","KLA Corporation Common Stock","NNM","2887299","3060047","2118730","1.36",,
"2020-03-31","KMI","Kinder Morgan, Inc.","NYSE","31609206","32540123","26637333","1.19",,
"2020-03-31","KO","Coca-Cola Company","NYSE","28535432","34521502","34235511","1.00",,
"2020-03-31","LIN","Linde plc Ordinary Share","NYSE","6284994","5602173","3698331","1.70",,
"2020-03-31","LLY","Eli Lilly & Co.","NYSE","9804757","11029502","6252510","1.57",,
"2020-03-31","LMT","Lockheed Martin Corp.","NYSE","2777519","2997328","2637949","1.05",,
"2020-03-31","LOW","Lowe's Companies Inc.","NYSE","10498864","11594683","9677164","1.08",,
"2020-03-31","LRCX","Lam Research Corporation Commo","NNM","3599206","3861764","2894527","1.24",,
"2020-03-31","MA","Mastercard Incorporated","NYSE","6531662","8223116","9600599","1.00",,
"2020-03-31","MAR","Marriott International Class A","NNM","12727325","10250579","11276804","1.13",,
"2020-03-31","MCD","McDonald's Corporation","NYSE","7617160","9119946","9402171","1.00",,
"2020-03-31","MCK","McKesson Corporation","NYSE","3449533","36482188","4233724","1.00",,
"2020-03-31","MCO","Moody's Corporation","NYSE","2306253","2927498","1760374","1.31",,
"2020-03-31","MDLZ","Mondelez International, Inc. C","NNM","11385593","13868222","11753350","1.00",,
"2020-03-31","MDT","Medtronic plc","NYSE","12453684","12232100","10325650","1.21",,
"2020-03-31","MMM","3M Company","NYSE","8133946","8155247","6385875","1.27",,
"2020-03-31","MNST","Monster Beverage Corporation","NNM","6961247","8759902","5145613","1.35",,
"2020-03-31","MO","Altria Group, Inc.","NYSE","10299108","15196395","17140238","1.00",,
"2020-03-31","MPC","MARATHON PETROLEUM CORPORATION","NYSE","18842412","21834555","14035608","1.34",,
"2020-03-31","MPWR","Monolithic Power Systems, Inc.","NNM","1224967","1256579","474789","2.58",,
"2020-03-31","MRK","Merck & Co., Inc.","NYSE","18264061","18162674","16648581","1.10",,
"2020-03-31","MRVL","Marvell Technology Group Ltd.","NNM","25302811","27832808","9827009","2.57",,
"2020-03-31","MS","Morgan Stanley","NYSE","49486119","50936493","24182948","2.05",,
"2020-03-31","MSFT","Microsoft Corporation Common S","NNM","58762671","55155176","70190846","1.00",,
"2020-03-31","MSI","Motorola Solutions, Inc. New","NYSE","3791624","2973719","1818154","2.09",,
"2020-03-31","MU","Micron Technology, Inc. Common","NNM","31578316","26911598","38133578","1.00",,
"2020-03-31","NEE","Nextra Energy, Inc.","NYSE","6386525","6789898","4384867","1.46",,
"2020-03-31","NEM","Newmont Corporation","NYSE","12912913","16866406","10759690","1.20",,
"2020-03-31","NET","Cloudflare, Inc. Class A commo","NYSE","4503140","5562438","2619059","1.72",,
"2020-03-31","NFLX","Netflix, Inc. Common Stock","NNM","15633495","18497747","9336447","1.67",,
"2020-03-31","NKE","Nike, Inc.","NYSE","11959061","11996134","16039792","1.00",,
"2020-03-31","NOC","Northrop Grumman Corp.","NYSE","2101378","2211353","1487802","1.41",,
"2020-03-31","NOW","SERVICENOW, INC.","NYSE","7394744","7110616","3040184","2.43",,
"2020-03-31","NSC","Norfolk Southern Corp.","NYSE","3167639","3354539","2356015","1.34",,
"2020-03-31","NVDA","NVIDIA Corporation Common Stoc","NNM","11453634","10423091","17635041","1.00",,
"2020-03-31","ORCL","Oracle Corp","NYSE","25170811","29490383","21684091","1.16",,
"2020-03-31","ORLY","O'Reilly Automotive, Inc. Comm","NNM","1236876","1532885","1304139","1.00",,
"2020-03-31","PANW","PALO ALTO NETWORKS, INC","NYSE","5713128","6369116","1837206","3.11",,
"2020-03-31","PCAR","PACCAR Inc. Common Stock","NNM","4540693","5301812","2777859","1.63",,
"2020-03-31","PEP","PepsiCo, Inc. Common Stock","NNM","10502394","11961991","10379985","1.01",,
"2020-03-31","PFE","Pfizer Inc.","NYSE","46447256","59077408","40705711","1.14",,
"2020-03-31","PG","Procter & Gamble Company","NYSE","20153201","23631341","15745372","1.28",,
"2020-03-31","PGR","Progressive Corporation","NYSE","4926746","6197974","5056039","1.00",,
"2020-03-31","PH","Parker-Hannifin Corporation","NYSE","1809720","1738319","1995213","1.00",,
"2020-03-31","PLD","PROLOGIS, INC.","NYSE","7998834","7786730","5863480","1.36",,
"2020-03-31","PM","Philip Morris International In","NYSE","8398517","11426850","9347072","1.00",,
"2020-03-31","PNC","PNC Financial Services Group","NYSE","5144999","4987566","3665188","1.40",,
"2020-03-31","PSX","PHILLIPS 66","NYSE","6072214","6731525","5538530","1.10",,
"2020-03-31","PWR","Quanta Services, Inc.","NYSE","6544755","7003865","2095556","3.12",,
"2020-03-31","QCOM","QUALCOMM Incorporated Common S","NNM","14273490","19769954","14174599","1.01",,
"2020-03-31","RCL","Royal Caribbean Cruises Ltd.","NYSE","22451563","14568663","23344085","1.00",,
"2020-03-31","REGN","Regeneron Pharmaceuticals, Inc","NNM","1776048","2558879","1788798","1.00",,
"2020-03-31","ROST","Ross Stores, Inc. Common Stock","NNM","4576565","4437992","5902285","1.00",,
"2020-03-31","RSG","Republic Services Inc.","NYSE","2958135","3549109","2041495","1.45",,
"2020-03-31","SBUX","Starbucks Corporation Common S","NNM","17901598","19515953","21724577","1.00",,
"2020-03-31","SCCO","Southern Copper Corporation","NYSE","5814188","5771556","1131465","5.14",,
"2020-03-31","SCHW","The Charles Schwab Corporation","NYSE","70308507","75203822","17033931","4.13",,
"2020-03-31","SHW","The Sherwin-Williams Company","NYSE","1070475","1249126","1080027","1.00",,
"2020-03-31","SNPS","Synopsys, Inc. Common Stock","NNM","2678366","3768761","1480856","1.81",,
"2020-03-31","SO","The Southern Company","NYSE","14578837","15832591","8344351","1.75",,
"2020-03-31","SPG","Simon Property Group, Inc.","NYSE","14620396","16097679","7775167","1.88",,
"2020-03-31","SPGI","S&P Global Inc.","NYSE","4403817","3917704","2755633","1.60",,
"2020-03-31","SYK","Stryker Corporation","NYSE","4535804","5538708","3742997","1.21",,
"2020-03-31","T","AT&T Inc.","NYSE","128267013","120172077","63776959","2.01",,
"2020-03-31","TDG","TransDigm Group Incorporated","NYSE","3278161","2740066","1437249","2.28",,
"2020-03-31","TFC","Truist Financial Corporation","NYSE","16032085","15059405","10594068","1.51",,
"2020-03-31","TGT","Target Corporation","NYSE","9665788","10975435","7036766","1.37",,
"2020-03-31","TJX","TJX Companies, Inc. (The)","NYSE","12830626","15125502","14910731","1.00",,
"2020-03-31","TMO","Thermo Fisher Scientific, Inc.","NYSE","3786538","4525020","3101953","1.22",,
"2020-03-31","TMUS","T-Mobile US, Inc. Common Stock","NNM","17293426","17137647","6340210","2.73",,
"2020-03-31","TRV","The Travelers Companies, Inc.","NYSE","4826404","4045493","3919886","1.23",,
"2020-03-31","TSLA","Tesla, Inc. Common Stock","NNM","19687406","16158160","19216303","1.02",,
"2020-03-31","TXN","Texas Instruments Incorporated","NNM","19379584","18977969","10011396","1.94",,
"2020-03-31","UBER","Uber Technologies, Inc.","NYSE","50047824","56388723","52823102","1.00",,
"2020-03-31","UNH","UNITEDHEALTH GROUP INCORPORATE","NYSE","7025121","8402642","8131823","1.00",,
"2020-03-31","UNP","Union Pacific Corp.","NYSE","8239125","10200164","6289266","1.31",,
"2020-03-31","UPS","United Parcel Service, Inc. Cl","NYSE","12871346","13459381","6632245","1.94",,
"2020-03-31","URI","United Rentals, Inc.","NYSE","5984883","5361138","2415269","2.48",,
"2020-03-31","USB","U.S. Bancorp","NYSE","15533520","16831991","13960841","1.11",,
"2020-03-31","V","VISA Inc.","NYSE","30645638","30032192","19168213","1.60",,
"2020-03-31","VLO","Valero Energy Corporation","NYSE","8359892","10711099","7858116","1.06",,
"2020-03-31","VRT","Vertiv Holdings Co Class A Com","NYSE","4292747","5145859","3010452","1.43",,
"2020-03-31","VRTX","Vertex Pharmaceuticals Incorpo","NNM","4016436","3107291","2452263","1.64",,
"2020-03-31","VZ","Verizon Communications","NYSE","34353601","39553250","32115765","1.07",,
"2020-03-31","WDC","Western Digital Corporation Co","NNM","7774668","7860702","7942807","1.00",,
"2020-03-31","WELL","Welltower Inc.","NYSE","11200672","14461737","7004999","1.60",,
"2020-03-31","WFC","Wells Fargo & Co.","NYSE","46969527","53958330","47438084","1.00",,
"2020-03-31","WM","Waste Management, Inc.","NYSE","3838389","5495436","4729466","1.00",,
"2020-03-31","WMB","Williams Companies Inc.","NYSE","19835933","22727468","21566437","1.00",,
"2020-03-31","WMT","Walmart Inc.","NYSE","14059765","16530989","14957369","1.00",,
"2020-03-31","XOM","Exxon Mobil Corporation","NYSE","65866459","67607833","49138058","1.34",,
"2020-03-13","AAPL","Apple Inc. Common Stock","NNM","38427917","29008504","63426042","1.00",,
"2020-03-13","ABBV","ABBVIE INC.","NYSE","81623824","77763823","12286877","6.64",,
"2020-03-13","ABT","Abbott Laboratories","NYSE","23053505","18971568","9470428","2.43",,
"2020-03-13","ADBE","Adobe Inc. Common Stock","NNM","5856464","4612207","4584855","1.28",,
"2020-03-13","ADI","Analog Devices, Inc. Common St","NNM","4556109","4884545","3746025","1.22",,
"2020-03-13","ADP","Automatic Data Processing, Inc","NNM","6885406","5767320","3249354","2.12",,
"2020-03-13","AEP","American Electric Power Compan","NYSE","8235618","8202055","5102502","1.61",,
"2020-03-13","AFL","Aflac Inc.","NYSE","15102777","13571905","6049780","2.50",,
"2020-03-13","AJG","Arthur J. Gallagher & Co.","NYSE","2946427","2829716","1256279","2.35",,
"2020-03-13","ALL","The Allstate Corporation","NYSE","4931149","3841419","2534625","1.95",,
"2020-03-13","AMAT","Applied Materials, Inc. Common","NNM","18777298","16420959","10286380","1.83",,
"2020-03-13","AMD","Advanced Micro Devices, Inc. C","NNM","67599601","63432162","92692048","1.00",,
"2020-03-13","AMGN","Amgen Inc. Common Stock","NNM","8694867","8978969","3494122","2.49",,
"2020-03-13","AMT","American Tower Corporation","NYSE","4072519","3755111","2719824","1.50",,
"2020-03-13","AMZN","Amazon.com, Inc. Common Stock","NNM","4399370","3487382","6082599","1.00",,
"2020-03-13","ANET","Arista Networks","NYSE","2041667","2095523","992037","2.06",,
"2020-03-13","AON","Aon plc Class A","NYSE","4001027","1476501","2745026","1.46",,
"2020-03-13","APD","Air Products & Chemicals, Inc.","NYSE","2683091","2321418","1634054","1.64",,
"2020-03-13","APH","Amphenol Corporation","NYSE","2987131","2515229","2020413","1.48",,
"2020-03-13","APO","Apollo Global Management, Inc.","NYSE","6313838","4783920","3319018","1.90",,
"2020-03-13","AVGO","Broadcom Inc. Common Stock","NNM","4217736","4155157","3380619","1.25",,
"2020-03-13","AXP","American Express Company","NYSE","11844692","8759017","9165535","1.29",,
"2020-03-13","BA","Boeing Company","NYSE","9530322","8127651","13798004","1.00",,
"2020-03-13","BAC","Bank of America Corporation","NYSE","97998402","82787137","117487049","1.00",,
"2020-03-13","BKNG","Booking Holdings Inc. Common S","NNM","1386025","1192440","762986","1.82",,
"2020-03-13","BLK","Blackrock, Inc.","NYSE","1421359","1334796","1254578","1.13",,
"2020-03-13","BMY","Bristol-Myers Squibb Co.","NYSE","45174766","48965046","17588375","2.57",,
"2020-03-13","BNY","BlackRock New York Municipal I","NYSE","12289","19774","26583","1.00",,
"2020-03-13","BRKA","Berkshire Hathaway Inc.","NYSE","280","232","634","1.00",,
"2020-03-13","BRKB","BERKSHIRE HATHAWAY Class B","NYSE","16876074","14288455","10290023","1.64",,
"2020-03-13","BSX","Boston Scientific Corp.","NYSE","14308527","11428017","14911560","1.00",,
"2020-03-13","BX","The Blackstone Group Inc. Clas","NYSE","11891989","9810648","7920904","1.50",,
"2020-03-13","C","Citigroup Inc.","NYSE","23117235","18908589","29076292","1.00",,
"2020-03-13","CAT","Caterpillar Inc.","NYSE","7880624","6906551","6307872","1.25",,
"2020-03-13","CCZ","Comcast Holdings Corp. 2.0% Ex","NYSE","7","157","40036","1.00",,
"2020-03-13","CDNS","Cadence Design Systems, Inc. C","NNM","5692929","5003348","2696978","2.11",,
"2020-03-13","CI","CIGNA Corporation","NYSE","5048884","4391113","3717665","1.36",,
"2020-03-13","CL","Colgate-Palmolive Company","NYSE","11924988","12092127","6637473","1.80",,
"2020-03-13","CMCSA","Comcast Corporation Class A Co","NNM","89842514","82905196","36202510","2.48",,
"2020-03-13","CME","CME Group Inc. Class A Common","NNM","5172350","4910810","2831472","1.83",,
"2020-03-13","CMI","Cummins Inc.","NYSE","4162386","4691897","1780060","2.34",,
"2020-03-13","COF","Capital One Financial","NYSE","6069261","4531691","4283441","1.42",,
"2020-03-13","COP","ConocoPhillips","NYSE","13355329","10413154","14069278","1.00",,
"2020-03-13","COST","Costco Wholesale Corporation C","NNM","5486388","5069514","4974281","1.10",,
"2020-03-13","CRM","salesforce.com, inc.","NYSE","13535259","11999337","8214570","1.65",,
"2020-03-13","CRWD","CrowdStrike Holdings, Inc. Cla","NNM","5432123","4221099","4096196","1.33",,
"2020-03-13","CSCO","Cisco Systems, Inc. Common Sto","NNM","49534392","37896806","43414573","1.14",,
"2020-03-13","CSX","CSX Corporation Common Stock","NNM","7840853","9189508","7416241","1.06",,
"2020-03-13","CTAS","Cintas Corporation Common Stoc","NNM","2406518","2392534","871141","2.76",,
"2020-03-13","CVNA","Carvana Co.","NYSE","22178885","18440955","3072400","7.22",,
"2020-03-13","CVS","CVS HEALTH CORPORATION","NYSE","19890047","17561712","12157175","1.64",,
"2020-03-13","CVX","Chevron Corporation","NYSE","21634343","16674289","17337606","1.25",,
"2020-03-13","D","Dominion Energy, Inc Common St","NYSE","12200664","11888116","4628745","2.64",,
"2020-03-13","DDOG","Datadog, Inc. Class A Common S","NNM","4913879","5955250","5668297","1.00",,
"2020-03-13","DE","Deere & Company","NYSE","4110902","4131066","2371134","1.73",,
"2020-03-13","DELL","Dell Technologies Inc.","NYSE","11501919","4741807","4172620","2.76",,
"2020-03-13","DHR","Danaher Corporation","NYSE","6786470","5499371","3785795","1.79",,
"2020-03-13","DIS","The Walt Disney Company","NYSE","28869018","23349181","21594897","1.34",,
"2020-03-13","DLR","Digital Realty Trust, Inc.","NYSE","26267842","30264980","7618296","3.45",,
"2020-03-13","DUK","Duke Energy Corporation","NYSE","39125001","38196951","5195512","7.53",,
"2020-03-13","ECL","Ecolab, Inc.","NYSE","3721714","3127064","1995186","1.87",,
"2020-03-13","EMR","Emerson Electric Co.","NYSE","9463789","7817295","7085093","1.34",,
"2020-03-13","EOG","EOG Resources, Inc.","NYSE","11397651","8301292","9303602","1.23",,
"2020-03-13","EPD","Enterprise Products Partners L","NYSE","40365253","36774676","16990941","2.38",,
"2020-03-13","EQIX","Equinix, Inc. Common Stock REI","NNM","1276508","1038761","671916","1.90",,
"2020-03-13","FCX","Freeport-McMoran Inc.","NYSE","55736857","54167176","31061146","1.79",,
"2020-03-13","FDX","FedEx Corporation","NYSE","6587418","5658156","3621085","1.82",,
"2020-03-13","FTNT","Fortinet, Inc. Common Stock","NNM","4484570","3543116","2401666","1.87",,
"2020-03-13","GD","General Dynamics Corporation","NYSE","3892775","3727654","2589545","1.50",,
"2020-03-13","GE","General Electric Company","NYSE","106614436","82683907","105596136","1.01",,
"2020-03-13","GILD","Gilead Sciences, Inc. Common S","NNM","26584184","23757054","25235725","1.05",,
"2020-03-13","GLW","Corning Incorporated","NYSE","25395719","23686907","8508972","2.98",,
"2020-03-13","GM","General Motors Company","NYSE","21992258","19786435","17327143","1.27",,
"2020-03-13","GOOG","Alphabet Inc. Class C Capital","NNM","3750970","3243144","2472678","1.52",,
"2020-03-13","GOOGL","Alphabet Inc. Class A Common S","NNM","4025098","2993448","2754482","1.46",,
"2020-03-13","GS","Goldman Sachs Group Inc.","NYSE","6761430","6249894","5062830","1.34",,
"2020-03-13","GWW","W.W. Grainger, Inc.","NYSE","1499513","1464254","523524","2.86",,
"2020-03-13","HCA","HCA Healthcare, Inc.","NYSE","4477007","3539712","3169892","1.41",,
"2020-03-13","HD","Home Depot, Inc.","NYSE","9863568","8541410","7174506","1.37",,
"2020-03-13","HLT","Hilton Worldwide Holdings Inc.","NYSE","10099620","6026247","6792748","1.49",,
"2020-03-13","HON","Honeywell International, Inc.","NYSE","8447540","7848129","5112740","1.65",,
"2020-03-13","HPE","Hewlett Packard Enterprise Com","NYSE","45543676","43234907","15286697","2.98",,
"2020-03-13","IBKR","Interactive Brokers Group, Inc","NNM","6074065","6323832","1066317","5.70",,
"2020-03-13","IBM","International Business Machine","NYSE","19131589","18670312","7819521","2.45",,
"2020-03-13","ICE","Intercontinental Exchange  Inc","NYSE","6111111","4488570","5026248","1.22",,
"2020-03-13","INTC","Intel Corporation Common Stock","NNM","49819715","47714258","36903707","1.35",,
"2020-03-13","INTU","Intuit Inc. Common Stock","NNM","2999671","2851536","2131064","1.41",,
"2020-03-13","ISRG","Intuitive Surgical, Inc. Commo","NNM","2411359","2007339","947400","2.55",,
"2020-03-13","ITW","Illinois Tool Works Inc.","NYSE","7219003","7201958","2220197","3.25",,
"2020-03-13","JNJ","Johnson & Johnson","NYSE","20336074","16625280","12516369","1.62",,
"2020-03-13","JPM","JPMorgan Chase & Co.","NYSE","30410545","24737421","30822180","1.00",,
"2020-03-13","KKR","KKR & Co. Inc. Class A Common","NYSE","12982908","11949938","5132588","2.53",,
"2020-03-13","KLAC","KLA Corporation Common Stock","NNM","3060047","2211528","2075395","1.47",,
"2020-03-13","KMI","Kinder Morgan, Inc.","NYSE","32540123","33101361","24704258","1.32",,
"2020-03-13","KO","Coca-Cola Company","NYSE","34521502","34548949","22355583","1.54",,
"2020-03-13","LIN","Linde plc Ordinary Share","NYSE","5602173","5494372","3908717","1.43",,
"2020-03-13","LLY","Eli Lilly & Co.","NYSE","11029502","10892998","6084857","1.81",,
"2020-03-13","LMT","Lockheed Martin Corp.","NYSE","2997328","3519184","2298246","1.30",,
"2020-03-13","LOW","Lowe's Companies Inc.","NYSE","11594683","12497769","7043270","1.65",,
"2020-03-13","LRCX","Lam Research Corporation Commo","NNM","3861764","3456773","2265031","1.70",,
"2020-03-13","MA","Mastercard Incorporated","NYSE","8223116","6741004","7791866","1.06",,
"2020-03-13","MAR","Marriott International Class A","NNM","10250579","6365743","6410418","1.60",,
"2020-03-13","MCD","McDonald's Corporation","NYSE","9119946","8815769","5432836","1.68",,
"2020-03-13","MCK","McKesson Corporation","NYSE","36482188","18863037","15083762","2.42",,
"2020-03-13","MCO","Moody's Corporation","NYSE","2927498","2474610","1724135","1.70",,
"2020-03-13","MDLZ","Mondelez International, Inc. C","NNM","13868222","13475080","12106323","1.15",,
"2020-03-13","MDT","Medtronic plc","NYSE","12232100","9958879","7648172","1.60",,
"2020-03-13","MMM","3M Company","NYSE","8155247","9225561","6195442","1.32",,
"2020-03-13","MNST","Monster Beverage Corporation","NNM","8759902","7378384","5590345","1.57",,
"2020-03-13","MO","Altria Group, Inc.","NYSE","15196395","12889612","14508910","1.05",,
"2020-03-13","MPC","MARATHON PETROLEUM CORPORATION","NYSE","21834555","17610504","12153364","1.80",,
"2020-03-13","MPWR","Monolithic Power Systems, Inc.","NNM","1256579","1017014","399738","3.14",,
"2020-03-13","MRK","Merck & Co., Inc.","NYSE","18162674","20780382","15181201","1.20",,
"2020-03-13","MRVL","Marvell Technology Group Ltd.","NNM","27832808","27383289","13291179","2.09",,
"2020-03-13","MS","Morgan Stanley","NYSE","50936493","38216948","24086404","2.11",,
"2020-03-13","MSFT","Microsoft Corporation Common S","NNM","55155176","37031775","59754310","1.00",,
"2020-03-13","MSI","Motorola Solutions, Inc. New","NYSE","2973719","2098401","1457762","2.04",,
"2020-03-13","MU","Micron Technology, Inc. Common","NNM","26911598","23508867","29611610","1.00",,
"2020-03-13","NEE","Nextra Energy, Inc.","NYSE","6789898","6748272","4180900","1.62",,
"2020-03-13","NEM","Newmont Corporation","NYSE","16866406","16986949","11568664","1.46",,
"2020-03-13","NET","Cloudflare, Inc. Class A commo","NYSE","5562438","5239884","2712258","2.05",,
"2020-03-13","NFLX","Netflix, Inc. Common Stock","NNM","18497747","19041477","7077948","2.61",,
"2020-03-13","NKE","Nike, Inc.","NYSE","11996134","10526359","12069800","1.00",,
"2020-03-13","NOC","Northrop Grumman Corp.","NYSE","2211353","1595318","1371662","1.61",,
"2020-03-13","NOW","SERVICENOW, INC.","NYSE","7110616","6841709","2744517","2.59",,
"2020-03-13","NSC","Norfolk Southern Corp.","NYSE","3354539","3672156","2284103","1.47",,
"2020-03-13","NVDA","NVIDIA Corporation Common Stoc","NNM","10423091","9031059","14249984","1.00",,
"2020-03-13","ORCL","Oracle Corp","NYSE","29490383","38027579","19568075","1.51",,
"2020-03-13","ORLY","O'Reilly Automotive, Inc. Comm","NNM","1532885","1099871","1088267","1.41",,
"2020-03-13","PANW","PALO ALTO NETWORKS, INC","NYSE","6369116","7608574","1916991","3.32",,
"2020-03-13","PCAR","PACCAR Inc. Common Stock","NNM","5301812","5070652","2499918","2.12",,
"2020-03-13","PEP","PepsiCo, Inc. Common Stock","NNM","11961991","10960810","7526949","1.59",,
"2020-03-13","PFE","Pfizer Inc.","NYSE","59077408","53667518","39355128","1.50",,
"2020-03-13","PG","Procter & Gamble Company","NYSE","23631341","21136526","11553542","2.05",,
"2020-03-13","PGR","Progressive Corporation","NYSE","6197974","5258535","4508257","1.37",,
"2020-03-13","PH","Parker-Hannifin Corporation","NYSE","1738319","2023215","1907125","1.00",,
"2020-03-13","PLD","PROLOGIS, INC.","NYSE","7786730","8433271","5413100","1.44",,
"2020-03-13","PM","Philip Morris International In","NYSE","11426850","12268354","6859728","1.67",,
"2020-03-13","PNC","PNC Financial Services Group","NYSE","4987566","5266787","3678753","1.36",,
"2020-03-13","PSX","PHILLIPS 66","NYSE","6731525","5613393","6226097","1.08",,
"2020-03-13","PWR","Quanta Services, Inc.","NYSE","7003865","6816401","2517228","2.78",,
"2020-03-13","QCOM","QUALCOMM Incorporated Common S","NNM","19769954","19295860","12230085","1.62",,
"2020-03-13","RCL","Royal Caribbean Cruises Ltd.","NYSE","14568663","5817999","16088755","1.00",,
"2020-03-13","REGN","Regeneron Pharmaceuticals, Inc","NNM","2558879","2876199","1294924","1.98",,
"2020-03-13","ROST","Ross Stores, Inc. Common Stock","NNM","4437992","4804190","3557112","1.25",,
"2020-03-13","RSG","Republic Services Inc.","NYSE","3549109","3796662","1734757","2.05",,
"2020-03-13","SBUX","Starbucks Corporation Common S","NNM","19515953","13931414","14473361","1.35",,
"2020-03-13","SCCO","Southern Copper Corporation","NYSE","5771556","5540200","1208978","4.77",,
"2020-03-13","SCHW","The Charles Schwab Corporation","NYSE","75203822","64758894","23951664","3.14",,
"2020-03-13","SHW","The Sherwin-Williams Company","NYSE","1249126","1172824","780063","1.60",,
"2020-03-13","SNPS","Synopsys, Inc. Common Stock","NNM","3768761","3251363","1619972","2.33",,
"2020-03-13","SO","The Southern Company","NYSE","15832591","14184986","7893054","2.01",,
"2020-03-13","SPG","Simon Property Group, Inc.","NYSE","16097679","17158183","4522879","3.56",,
"2020-03-13","SPGI","S&P Global Inc.","NYSE","3917704","4211935","2670151","1.47",,
"2020-03-13","SYK","Stryker Corporation","NYSE","5538708","3849022","2673396","2.07",,
"2020-03-13","T","AT&T Inc.","NYSE","120172077","116793897","52267730","2.30",,
"2020-03-13","TDG","TransDigm Group Incorporated","NYSE","2740066","2032918","871520","3.14",,
"2020-03-13","TFC","Truist Financial Corporation","NYSE","15059405","15022676","10787552","1.40",,
"2020-03-13","TGT","Target Corporation","NYSE","10975435","11964529","6923905","1.59",,
"2020-03-13","TJX","TJX Companies, Inc. (The)","NYSE","15125502","12892667","9611078","1.57",,
"2020-03-13","TMO","Thermo Fisher Scientific, Inc.","NYSE","4525020","4123111","2610923","1.73",,
"2020-03-13","TMUS","T-Mobile US, Inc. Common Stock","NNM","17137647","15885704","5929204","2.89",,
"2020-03-13","TRV","The Travelers Companies, Inc.","NYSE","4045493","3620613","2625554","1.54",,
"2020-03-13","TSLA","Tesla, Inc. Common Stock","NNM","16158160","16680531","14915840","1.08",,
"2020-03-13","TXN","Texas Instruments Incorporated","NNM","18977969","18023595","7680024","2.47",,
"2020-03-13","UBER","Uber Technologies, Inc.","NYSE","56388723","45302388","36515854","1.54",,
"2020-03-13","UNH","UNITEDHEALTH GROUP INCORPORATE","NYSE","8402642","8784003","7753835","1.08",,
"2020-03-13","UNP","Union Pacific Corp.","NYSE","10200164","11188446","6005057","1.70",,
"2020-03-13","UPS","United Parcel Service, Inc. Cl","NYSE","13459381","14734282","6805681","1.98",,
"2020-03-13","URI","United Rentals, Inc.","NYSE","5361138","5079348","2174347","2.47",,
"2020-03-13","USB","U.S. Bancorp","NYSE","16831991","16465709","13910812","1.21",,
"2020-03-13","V","VISA Inc.","NYSE","30032192","26118842","14742545","2.04",,
"2020-03-13","VLO","Valero Energy Corporation","NYSE","10711099","8438658","8096740","1.32",,
"2020-03-13","VRT","Vertiv Holdings Co Class A Com","NYSE","5145859","4752469","2829216","1.82",,
"2020-03-13","VRTX","Vertex Pharmaceuticals Incorpo","NNM","3107291","2881827","1933327","1.61",,
"2020-03-13","VZ","Verizon Communications","NYSE","39553250","42627346","25260477","1.57",,
"2020-03-13","WDC","Western Digital Corporation Co","NNM","7860702","7301591","5994269","1.31",,
"2020-03-13","WELL","Welltower Inc.","NYSE","14461737","14989829","5436220","2.66",,
"2020-03-13","WFC","Wells Fargo & Co.","NYSE","53958330","43395038","43159570","1.25",,
"2020-03-13","WM","Waste Management, Inc.","NYSE","5495436","6011834","3390043","1.62",,
"2020-03-13","WMB","Williams Companies Inc.","NYSE","22727468","25462253","21510248","1.06",,
"2020-03-13","WMT","Walmart Inc.","NYSE","16530989","16299857","11641087","1.42",,
"2020-03-13","XOM","Exxon Mobil Corporation","NYSE","67607833","44775310","46022993","1.47",,
"2020-02-14","AAPL","Apple Inc. Common Stock","NNM","40890848","41543664","26585445","1.54",,
"2020-02-14","ABBV","ABBVIE INC.","NYSE","79022759","74740028","10116350","7.81",,
"2020-02-14","ABT","Abbott Laboratories","NYSE","18300033","18155594","3560907","5.14",,
"2020-02-14","ADBE","Adobe Inc. Common Stock","NNM","4952318","4762700","2114388","2.34",,
"2020-02-14","ADI","Analog Devices, Inc. Common St","NNM","4584460","4784473","1840568","2.49",,
"2020-02-14","ADP","Automatic Data Processing, Inc","NNM","5936638","5126320","2037970","2.91",,
"2020-02-14","AEP","American Electric Power Compan","NYSE","7966795","8280572","2305075","3.46",,
"2020-02-14","AFL","Aflac Inc.","NYSE","12745320","12562320","2778511","4.59",,
"2020-02-14","AJG","Arthur J. Gallagher & Co.","NYSE","2960946","2924433","633597","4.67",,
"2020-02-14","ALL","The Allstate Corporation","NYSE","3722579","3920403","1503537","2.48",,
"2020-02-14","AMAT","Applied Materials, Inc. Common","NNM","15215157","14026400","8382941","1.82",,
"2020-02-14","AMD","Advanced Micro Devices, Inc. C","NNM","74623148","76491709","47124823","1.58",,
"2020-02-14","AMGN","Amgen Inc. Common Stock","NNM","8727629","9409078","2174145","4.01",,
"2020-02-14","AMT","American Tower Corporation","NYSE","4627882","4194095","1408043","3.29",,
"2020-02-14","AMZN","Amazon.com, Inc. Common Stock","NNM","3632299","3521884","4088390","1.00",,
"2020-02-14","ANET","Arista Networks","NYSE","1871087","2379107","653907","2.86",,
"2020-02-14","AON","Aon plc Class A","NYSE","1536874","1439762","840514","1.83",,
"2020-02-14","APD","Air Products & Chemicals, Inc.","NYSE","2977372","3049731","1010927","2.95",,
"2020-02-14","APH","Amphenol Corporation","NYSE","2360164","2480343","1125660","2.10",,
"2020-02-14","APO","Apollo Global Management, Inc.","NYSE","4742402","5848586","1858609","2.55",,
"2020-02-14","AVGO","Broadcom Inc. Common Stock","NNM","4259861","4935954","1705607","2.50",,
"2020-02-14","AXP","American Express Company","NYSE","7839267","7644304","2239203","3.50",,
"2020-02-14","BA","Boeing Company","NYSE","9036919","7684736","5227498","1.73",,
"2020-02-14","BAC","Bank of America Corporation","NYSE","78818518","69579388","34423099","2.29",,
"2020-02-14","BKNG","Booking Holdings Inc. Common S","NNM","1155376","1108643","443516","2.61",,
"2020-02-14","BLK","Blackrock, Inc.","NYSE","1514444","1321040","608419","2.49",,
"2020-02-14","BMY","Bristol-Myers Squibb Co.","NYSE","61289172","63722680","11314446","5.42",,
"2020-02-14","BNY","BlackRock New York Municipal I","NYSE","17898","20457","21093","1.00",,
"2020-02-14","BRKA","Berkshire Hathaway Inc.","NYSE","185","189","192","1.00",,
"2020-02-14","BRKB","BERKSHIRE HATHAWAY Class B","NYSE","13854064","13518866","2870995","4.83",,
"2020-02-14","BSX","Boston Scientific Corp.","NYSE","10474629","12964654","7228604","1.45",,
"2020-02-14","BX","The Blackstone Group Inc. Clas","NYSE","12760468","15719934","3272704","3.90",,
"2020-02-14","C","Citigroup Inc.","NYSE","18586766","18567968","9379662","1.98",,
"2020-02-14","CAT","Caterpillar Inc.","NYSE","9449155","5480878","2968584","3.18",,
"2020-02-14","CCZ","Comcast Holdings Corp. 2.0% Ex","NYSE","184","0","104","1.77",,
"2020-02-14","CDNS","Cadence Design Systems, Inc. C","NNM","4950079","5056721","1437699","3.44",,
"2020-02-14","CI","CIGNA Corporation","NYSE","4684440","4726208","2018072","2.32",,
"2020-02-14","CL","Colgate-Palmolive Company","NYSE","12183090","13357262","3962121","3.07",,
"2020-02-14","CMCSA","Comcast Corporation Class A Co","NNM","80709864","81271739","17144075","4.71",,
"2020-02-14","CME","CME Group Inc. Class A Common","NNM","5702176","6487458","1333431","4.28",,
"2020-02-14","CMI","Cummins Inc.","NYSE","4629669","4493288","1332689","3.47",,
"2020-02-14","COF","Capital One Financial","NYSE","4778972","4566333","1686861","2.83",,
"2020-02-14","COP","ConocoPhillips","NYSE","13179641","8380942","6909669","1.91",,
"2020-02-14","COST","Costco Wholesale Corporation C","NNM","4984776","4276140","1752924","2.84",,
"2020-02-14","CRM","salesforce.com, inc.","NYSE","15295843","14635798","3855783","3.97",,
"2020-02-14","CRWD","CrowdStrike Holdings, Inc. Cla","NNM","3948746","4240950","3897862","1.01",,
"2020-02-14","CSCO","Cisco Systems, Inc. Common Sto","NNM","36879836","37305082","19356438","1.91",,
"2020-02-14","CSX","CSX Corporation Common Stock","NNM","8028587","8972577","2672821","3.00",,
"2020-02-14","CTAS","Cintas Corporation Common Stoc","NNM","2540691","2939572","388053","6.55",,
"2020-02-14","CVNA","Carvana Co.","NYSE","17876638","18316065","1377722","12.98",,
"2020-02-14","CVS","CVS HEALTH CORPORATION","NYSE","16859600","18681219","7370498","2.29",,
"2020-02-14","CVX","Chevron Corporation","NYSE","21172414","20778237","6051687","3.50",,
"2020-02-14","D","Dominion Energy, Inc Common St","NYSE","11142137","11723880","2465726","4.52",,
"2020-02-14","DDOG","Datadog, Inc. Class A Common S","NNM","3694609","3002210","1828855","2.02",,
"2020-02-14","DE","Deere & Company","NYSE","4587347","4252159","1218199","3.77",,
"2020-02-14","DELL","Dell Technologies Inc.","NYSE","4792585","5783129","3040929","1.58",,
"2020-02-14","DHR","Danaher Corporation","NYSE","6515110","7740067","1877423","3.47",,
"2020-02-14","DIS","The Walt Disney Company","NYSE","19365823","19118687","11912071","1.63",,
"2020-02-14","DLR","Digital Realty Trust, Inc.","NYSE","27384855","26028840","1358138","20.16",,
"2020-02-14","DUK","Duke Energy Corporation","NYSE","39232645","39346267","2729847","14.37",,
"2020-02-14","ECL","Ecolab, Inc.","NYSE","3530400","3616354","1048014","3.37",,
"2020-02-14","EMR","Emerson Electric Co.","NYSE","5385136","6432386","2857512","1.88",,
"2020-02-14","EOG","EOG Resources, Inc.","NYSE","9173676","9613029","2675518","3.43",,
"2020-02-14","EPD","Enterprise Products Partners L","NYSE","33895651","35826039","5667136","5.98",,
"2020-02-14","EQIX","Equinix, Inc. Common Stock REI","NNM","964577","939030","315937","3.05",,
"2020-02-14","FCX","Freeport-McMoran Inc.","NYSE","58509766","56650389","23616047","2.48",,
"2020-02-14","FDX","FedEx Corporation","NYSE","5956076","7145277","2501336","2.38",,
"2020-02-14","FTNT","Fortinet, Inc. Common Stock","NNM","4582204","2918657","1130998","4.05",,
"2020-02-14","GD","General Dynamics Corporation","NYSE","3298024","3746405","1362925","2.42",,
"2020-02-14","GE","General Electric Company","NYSE","88826789","88896985","46621196","1.91",,
"2020-02-14","GILD","Gilead Sciences, Inc. Common S","NNM","21558883","20589567","18760578","1.15",,
"2020-02-14","GLW","Corning Incorporated","NYSE","26550799","27675446","3867483","6.87",,
"2020-02-14","GM","General Motors Company","NYSE","19024609","21241372","12227143","1.56",,
"2020-02-14","GOOG","Alphabet Inc. Class C Capital","NNM","3542143","3520621","1664534","2.13",,
"2020-02-14","GOOGL","Alphabet Inc. Class A Common S","NNM","2986835","2982155","1980849","1.51",,
"2020-02-14","GS","Goldman Sachs Group Inc.","NYSE","5038765","5445178","2255633","2.23",,
"2020-02-14","GWW","W.W. Grainger, Inc.","NYSE","1497896","1872115","324144","4.62",,
"2020-02-14","HCA","HCA Healthcare, Inc.","NYSE","3616510","3494790","1538967","2.35",,
"2020-02-14","HD","Home Depot, Inc.","NYSE","9501816","9204853","3018230","3.15",,
"2020-02-14","HLT","Hilton Worldwide Holdings Inc.","NYSE","4907147","5232468","1648424","2.98",,
"2020-02-14","HON","Honeywell International, Inc.","NYSE","7649042","6238604","2532062","3.02",,
"2020-02-14","HPE","Hewlett Packard Enterprise Com","NYSE","42911569","43780665","6646071","6.46",,
"2020-02-14","IBKR","Interactive Brokers Group, Inc","NNM","6365592","6267745","542766","11.73",,
"2020-02-14","IBM","International Business Machine","NYSE","18930938","16622795","6105289","3.10",,
"2020-02-14","ICE","Intercontinental Exchange  Inc","NYSE","4384457","4704581","7614339","1.00",,
"2020-02-14","INTC","Intel Corporation Common Stock","NNM","47666089","46611941","16378850","2.91",,
"2020-02-14","INTU","Intuit Inc. Common Stock","NNM","2983857","3355388","888471","3.36",,
"2020-02-14","ISRG","Intuitive Surgical, Inc. Commo","NNM","1887333","1787156","513125","3.68",,
"2020-02-14","ITW","Illinois Tool Works Inc.","NYSE","6694820","7052890","1030428","6.50",,
"2020-02-14","JNJ","Johnson & Johnson","NYSE","18159956","20871705","4938725","3.68",,
"2020-02-14","JPM","JPMorgan Chase & Co.","NYSE","24456700","24754113","7264645","3.37",,
"2020-02-14","KKR","KKR & Co. Inc. Class A Common","NYSE","11945836","12355526","2569361","4.65",,
"2020-02-14","KLAC","KLA Corporation Common Stock","NNM","2210800","3137003","1391132","1.59",,
"2020-02-14","KMI","Kinder Morgan, Inc.","NYSE","32364136","39077047","9780727","3.31",,
"2020-02-14","KO","Coca-Cola Company","NYSE","38342179","36185124","9004286","4.26",,
"2020-02-14","LIN","Linde plc Ordinary Share","NYSE","5376849","5647581","1777290","3.03",,
"2020-02-14","LLY","Eli Lilly & Co.","NYSE","12248540","12566602","3360974","3.64",,
"2020-02-14","LMT","Lockheed Martin Corp.","NYSE","3829273","3697044","981634","3.90",,
"2020-02-14","LOW","Lowe's Companies Inc.","NYSE","9982621","10613634","2640467","3.78",,
"2020-02-14","LRCX","Lam Research Corporation Commo","NNM","4244110","4085432","1585024","2.68",,
"2020-02-14","MA","Mastercard Incorporated","NYSE","6430578","7092815","3102464","2.07",,
"2020-02-14","MAR","Marriott International Class A","NNM","6312856","6407495","1407779","4.48",,
"2020-02-14","MCD","McDonald''s Corporation","NYSE","7607448","7813971","2585570","2.94",,
"2020-02-14","MCK","McKesson Corporation","NYSE","7908837","3699105","2729837","2.90",,
"2020-02-14","MCO","Moody's Corporation","NYSE","2385434","2263636","722797","3.30",,
"2020-02-14","MDLZ","Mondelez International, Inc. C","NNM","14643093","10722375","5647088","2.59",,
"2020-02-14","MDT","Medtronic plc","NYSE","10099236","11639817","4242636","2.38",,
"2020-02-14","MMM","3M Company","NYSE","9290653","8907413","2873983","3.23",,
"2020-02-14","MNST","Monster Beverage Corporation","NNM","9261792","9227118","2879283","3.22",,
"2020-02-14","MO","Altria Group, Inc.","NYSE","14738540","15081564","8247188","1.79",,
"2020-02-14","MPC","MARATHON PETROLEUM CORPORATION","NYSE","16959254","16775829","5536037","3.06",,
"2020-02-14","MPWR","Monolithic Power Systems, Inc.","NNM","854595","884992","348507","2.45",,
"2020-02-14","MRK","Merck & Co., Inc.","NYSE","22555495","25328920","13502549","1.67",,
"2020-02-14","MRVL","Marvell Technology Group Ltd.","NNM","27841736","33155017","10467337","2.66",,
"2020-02-14","MS","Morgan Stanley","NYSE","16917009","16615576","6563739","2.58",,
"2020-02-14","MSFT","Microsoft Corporation Common S","NNM","56193866","56674560","33797670","1.66",,
"2020-02-14","MSI","Motorola Solutions, Inc. New","NYSE","2353292","2471531","936801","2.51",,
"2020-02-14","MU","Micron Technology, Inc. Common","NNM","22827522","23733555","21784417","1.05",,
"2020-02-14","NEE","Nextra Energy, Inc.","NYSE","5600226","6003394","1833275","3.05",,
"2020-02-14","NEM","Newmont Corporation","NYSE","14894951","17273033","5570552","2.67",,
"2020-02-14","NET","Cloudflare, Inc. Class A commo","NYSE","5163888","5030234","986706","5.23",,
"2020-02-14","NFLX","Netflix, Inc. Common Stock","NNM","19660890","19096903","4762876","4.13",,
"2020-02-14","NKE","Nike, Inc.","NYSE","8921581","9028951","5470777","1.63",,
"2020-02-14","NOC","Northrop Grumman Corp.","NYSE","1600236","1869642","803471","1.99",,
"2020-02-14","NOW","SERVICENOW, INC.","NYSE","7034444","6782080","1693452","4.15",,
"2020-02-14","NSC","Norfolk Southern Corp.","NYSE","3581610","3317287","1469842","2.44",,
"2020-02-14","NVDA","NVIDIA Corporation Common Stoc","NNM","10901963","9607083","8025343","1.36",,
"2020-02-14","ORCL","Oracle Corp","NYSE","38848409","37028625","7665808","5.07",,
"2020-02-14","ORLY","O'Reilly Automotive, Inc. Comm","NNM","1013136","877334","933524","1.09",,
"2020-02-14","PANW","PALO ALTO NETWORKS, INC","NYSE","2692291","2406029","714747","3.77",,
"2020-02-14","PCAR","PACCAR Inc. Common Stock","NNM","5643758","6041111","1811253","3.12",,
"2020-02-14","PEP","PepsiCo, Inc. Common Stock","NNM","12320012","12531115","3452876","3.57",,
"2020-02-14","PFE","Pfizer Inc.","NYSE","58668786","61026207","19496387","3.01",,
"2020-02-14","PG","Procter & Gamble Company","NYSE","19900952","19746278","5822097","3.42",,
"2020-02-14","PGR","Progressive Corporation","NYSE","6447891","6268257","2091303","3.08",,
"2020-02-14","PH","Parker-Hannifin Corporation","NYSE","2273030","1575287","755269","3.01",,
"2020-02-14","PLD","PROLOGIS, INC.","NYSE","9461860","20154765","5656820","1.67",,
"2020-02-14","PM","Philip Morris International In","NYSE","12161040","11062684","4457100","2.73",,
"2020-02-14","PNC","PNC Financial Services Group","NYSE","4763817","4290536","1273031","3.74",,
"2020-02-14","PSX","PHILLIPS 66","NYSE","5515421","5143303","2586735","2.13",,
"2020-02-14","PWR","Quanta Services, Inc.","NYSE","6188410","6375111","1017064","6.08",,
"2020-02-14","QCOM","QUALCOMM Incorporated Common S","NNM","18658991","14531728","9801261","1.90",,
"2020-02-14","RCL","Royal Caribbean Cruises Ltd.","NYSE","5693784","4176934","2952944","1.93",,
"2020-02-14","REGN","Regeneron Pharmaceuticals, Inc","NNM","2648570","2889152","969029","2.73",,
"2020-02-14","ROST","Ross Stores, Inc. Common Stock","NNM","4472969","4118567","1248958","3.58",,
"2020-02-14","RSG","Republic Services Inc.","NYSE","3730527","3336945","945149","3.95",,
"2020-02-14","SBUX","Starbucks Corporation Common S","NNM","12963965","13987629","7465839","1.74",,
"2020-02-14","SCCO","Southern Copper Corporation","NYSE","5562940","5340051","669037","8.31",,
"2020-02-14","SCHW","The Charles Schwab Corporation","NYSE","63502743","61093588","6927040","9.17",,
"2020-02-14","SHW","The Sherwin-Williams Company","NYSE","1075586","1193322","508673","2.11",,
"2020-02-14","SNPS","Synopsys, Inc. Common Stock","NNM","2153400","1762070","717343","3.00",,
"2020-02-14","SO","The Southern Company","NYSE","17215069","18905040","3950939","4.36",,
"2020-02-14","SPG","Simon Property Group, Inc.","NYSE","18477476","13264210","2828946","6.53",,
"2020-02-14","SPGI","S&P Global Inc.","NYSE","5218451","3031591","1189339","4.39",,
"2020-02-14","SYK","Stryker Corporation","NYSE","3413130","3665487","870132","3.92",,
"2020-02-14","T","AT&T Inc.","NYSE","121011776","133718131","25525274","4.74",,
"2020-02-14","TDG","TransDigm Group Incorporated","NYSE","2081776","2339928","366742","5.68",,
"2020-02-14","TFC","Truist Financial Corporation","NYSE","15304221","13036298","3844328","3.98",,
"2020-02-14","TGT","Target Corporation","NYSE","13371975","13587874","3279218","4.08",,
"2020-02-14","TJX","TJX Companies, Inc. (The)","NYSE","11369210","11514113","4070797","2.79",,
"2020-02-14","TMO","Thermo Fisher Scientific, Inc.","NYSE","3854562","2744328","1681235","2.29",,
"2020-02-14","TMUS","T-Mobile US, Inc. Common Stock","NNM","12093141","7389700","6352579","1.90",,
"2020-02-14","TRV","The Travelers Companies, Inc.","NYSE","3748705","3998242","988034","3.79",,
"2020-02-14","TSLA","Tesla, Inc. Common Stock","NNM","18385351","22752621","28730023","1.00",,
"2020-02-14","TXN","Texas Instruments Incorporated","NNM","17710898","17018269","3803447","4.66",,
"2020-02-14","UBER","Uber Technologies, Inc.","NYSE","38004879","43750045","40443432","1.00",,
"2020-02-14","UNH","UNITEDHEALTH GROUP INCORPORATE","NYSE","9105034","9523886","3857550","2.36",,
"2020-02-14","UNP","Union Pacific Corp.","NYSE","6747413","6683180","1941742","3.47",,
"2020-02-14","UPS","United Parcel Service, Inc. Cl","NYSE","11486617","10594950","3727961","3.08",,
"2020-02-14","URI","United Rentals, Inc.","NYSE","4954699","4874243","973962","5.09",,
"2020-02-14","USB","U.S. Bancorp","NYSE","14241710","14300803","4610899","3.09",,
"2020-02-14","V","VISA Inc.","NYSE","25402801","25278275","7578102","3.35",,
"2020-02-14","VLO","Valero Energy Corporation","NYSE","7596863","6820988","2943261","2.58",,
"2020-02-14","VRT","Vertiv Holdings, LLC Class A C","NYSE","2517704","971938","1414883","1.78",,
"2020-02-14","VRTX","Vertex Pharmaceuticals Incorpo","NNM","2633208","3135061","1480413","1.78",,
"2020-02-14","VZ","Verizon Communications","NYSE","35057064","37092983","13062596","2.68",,
"2020-02-14","WDC","Western Digital Corporation Co","NNM","8146703","8056166","3770803","2.16",,
"2020-02-14","WELL","Welltower Inc.","NYSE","14206770","14705439","1805176","7.87",,
"2020-02-14","WFC","Wells Fargo & Co.","NYSE","38922951","41308859","14302981","2.72",,
"2020-02-14","WM","Waste Management, Inc.","NYSE","4585481","5731100","1333162","3.44",,
"2020-02-14","WMB","Williams Companies Inc.","NYSE","24689652","25697458","8520688","2.90",,
"2020-02-14","WMT","Walmart Inc.","NYSE","19480974","20752783","4632067","4.21",,
"2020-02-14","XOM","Exxon Mobil Corporation","NYSE","39327531","42497644","19324114","2.04",,
"2020-02-28","AAPL","Apple Inc. Common Stock","NNM","29008504","40890848","51996126","1.00",,
"2020-02-28","ABBV","ABBVIE INC.","NYSE","77763823","79022759","10265019","7.58",,
"2020-02-28","ABT","Abbott Laboratories","NYSE","18971568","18300033","6953931","2.73",,
"2020-02-28","ADBE","Adobe Inc. Common Stock","NNM","4612207","4952318","3763836","1.23",,
"2020-02-28","ADI","Analog Devices, Inc. Common St","NNM","4884545","4584460","3579274","1.36",,
"2020-02-28","ADP","Automatic Data Processing, Inc","NNM","5767320","5936638","2509181","2.30",,
"2020-02-28","AEP","American Electric Power Compan","NYSE","8202055","7966795","3695818","2.22",,
"2020-02-28","AFL","Aflac Inc.","NYSE","13571905","12745320","4284163","3.17",,
"2020-02-28","AJG","Arthur J. Gallagher & Co.","NYSE","2829716","2960946","1125578","2.51",,
"2020-02-28","ALL","The Allstate Corporation","NYSE","3841419","3722579","2168901","1.77",,
"2020-02-28","AMAT","Applied Materials, Inc. Common","NNM","16420959","15215157","10935012","1.50",,
"2020-02-28","AMD","Advanced Micro Devices, Inc. C","NNM","63432162","74623148","84497952","1.00",,
"2020-02-28","AMGN","Amgen Inc. Common Stock","NNM","8978969","8727629","2945936","3.05",,
"2020-02-28","AMT","American Tower Corporation","NYSE","3755111","4627882","2702066","1.39",,
"2020-02-28","AMZN","Amazon.com, Inc. Common Stock","NNM","3487382","3632299","5427423","1.00",,
"2020-02-28","ANET","Arista Networks","NYSE","2095523","1871087","971132","2.16",,
"2020-02-28","AON","Aon plc Class A","NYSE","1476501","1536874","1300736","1.14",,
"2020-02-28","APD","Air Products & Chemicals, Inc.","NYSE","2321418","2977372","1347474","1.72",,
"2020-02-28","APH","Amphenol Corporation","NYSE","2515229","2360164","1914412","1.31",,
"2020-02-28","APO","Apollo Global Management, Inc.","NYSE","4783920","4742402","2256052","2.12",,
"2020-02-28","AVGO","Broadcom Inc. Common Stock","NNM","4155157","4259861","2973472","1.40",,
"2020-02-28","AXP","American Express Company","NYSE","8759017","7839267","5414704","1.62",,
"2020-02-28","BA","Boeing Company","NYSE","8127651","9036919","6871230","1.18",,
"2020-02-28","BAC","Bank of America Corporation","NYSE","82787137","78818518","78051427","1.06",,
"2020-02-28","BKNG","Booking Holdings Inc. Common S","NNM","1192440","1155376","705537","1.69",,
"2020-02-28","BLK","Blackrock, Inc.","NYSE","1334796","1514444","907745","1.47",,
"2020-02-28","BMY","Bristol-Myers Squibb Co.","NYSE","48965046","61289172","14803472","3.31",,
"2020-02-28","BNY","BlackRock New York Municipal I","NYSE","19774","17898","18258","1.08",,
"2020-02-28","BRKA","Berkshire Hathaway Inc.","NYSE","232","185","432","1.00",,
"2020-02-28","BRKB","BERKSHIRE HATHAWAY Class B","NYSE","14288455","13854064","7121152","2.01",,
"2020-02-28","BSX","Boston Scientific Corp.","NYSE","11428017","10474629","9933041","1.15",,
"2020-02-28","BX","The Blackstone Group Inc. Clas","NYSE","9810648","12760468","6486118","1.51",,
"2020-02-28","C","Citigroup Inc.","NYSE","18908589","18586766","22234072","1.00",,
"2020-02-28","CAT","Caterpillar Inc.","NYSE","6906551","9449155","4546591","1.52",,
"2020-02-28","CCZ","Comcast Holdings Corp. 2.0% Ex","NYSE","157","184","680","1.00",,
"2020-02-28","CDNS","Cadence Design Systems, Inc. C","NNM","5003348","4950079","2501048","2.00",,
"2020-02-28","CI","CIGNA Corporation","NYSE","4391113","4684440","2736233","1.60",,
"2020-02-28","CL","Colgate-Palmolive Company","NYSE","12092127","12183090","5397217","2.24",,
"2020-02-28","CMCSA","Comcast Corporation Class A Co","NNM","82905196","80709864","26039159","3.18",,
"2020-02-28","CME","CME Group Inc. Class A Common","NNM","4910810","5702176","2877260","1.71",,
"2020-02-28","CMI","Cummins Inc.","NYSE","4691897","4629669","1567253","2.99",,
"2020-02-28","COF","Capital One Financial","NYSE","4531691","4778972","3252181","1.39",,
"2020-02-28","COP","ConocoPhillips","NYSE","10413154","13179641","9317540","1.12",,
"2020-02-28","COST","Costco Wholesale Corporation C","NNM","5069514","4984776","2744591","1.85",,
"2020-02-28","CRM","salesforce.com, inc.","NYSE","11999337","15295843","8430863","1.42",,
"2020-02-28","CRWD","CrowdStrike Holdings, Inc. Cla","NNM","4221099","3948746","4893926","1.00",,
"2020-02-28","CSCO","Cisco Systems, Inc. Common Sto","NNM","37896806","36879836","37752691","1.00",,
"2020-02-28","CSX","CSX Corporation Common Stock","NNM","9189508","8028587","6053516","1.52",,
"2020-02-28","CTAS","Cintas Corporation Common Stoc","NNM","2392534","2540691","691945","3.46",,
"2020-02-28","CVNA","Carvana Co.","NYSE","18440955","17876638","2979674","6.19",,
"2020-02-28","CVS","CVS HEALTH CORPORATION","NYSE","17561712","16859600","11994122","1.46",,
"2020-02-28","CVX","Chevron Corporation","NYSE","16674289","21172414","10311291","1.62",,
"2020-02-28","D","Dominion Energy, Inc Common St","NYSE","11888116","11142137","4165668","2.85",,
"2020-02-28","DDOG","Datadog, Inc. Class A Common S","NNM","5955250","3694609","3981380","1.50",,
"2020-02-28","DE","Deere & Company","NYSE","4131066","4587347","2621843","1.58",,
"2020-02-28","DELL","Dell Technologies Inc.","NYSE","4741807","4792585","3905096","1.21",,
"2020-02-28","DHR","Danaher Corporation","NYSE","5499371","6515110","3330374","1.65",,
"2020-02-28","DIS","The Walt Disney Company","NYSE","23349181","19365823","18543289","1.26",,
"2020-02-28","DLR","Digital Realty Trust, Inc.","NYSE","30264980","27384855","3511346","8.62",,
"2020-02-28","DUK","Duke Energy Corporation","NYSE","38196951","39232645","4502299","8.48",,
"2020-02-28","ECL","Ecolab, Inc.","NYSE","3127064","3530400","1629011","1.92",,
"2020-02-28","EMR","Emerson Electric Co.","NYSE","7817295","5385136","4003629","1.95",,
"2020-02-28","EOG","EOG Resources, Inc.","NYSE","8301292","9173676","5029130","1.65",,
"2020-02-28","EPD","Enterprise Products Partners L","NYSE","36774676","33895651","9310732","3.95",,
"2020-02-28","EQIX","Equinix, Inc. Common Stock REI","NNM","1038761","964577","581250","1.79",,
"2020-02-28","FCX","Freeport-McMoran Inc.","NYSE","54167176","58509766","32038906","1.69",,
"2020-02-28","FDX","FedEx Corporation","NYSE","5658156","5956076","2878927","1.97",,
"2020-02-28","FTNT","Fortinet, Inc. Common Stock","NNM","3543116","4582204","2101725","1.69",,
"2020-02-28","GD","General Dynamics Corporation","NYSE","3727654","3298024","2112223","1.76",,
"2020-02-28","GE","General Electric Company","NYSE","82683907","88826789","74693902","1.11",,
"2020-02-28","GILD","Gilead Sciences, Inc. Common S","NNM","23757054","21558883","27946125","1.00",,
"2020-02-28","GLW","Corning Incorporated","NYSE","23686907","26550799","8135397","2.91",,
"2020-02-28","GM","General Motors Company","NYSE","19786435","19024609","12825794","1.54",,
"2020-02-28","GOOG","Alphabet Inc. Class C Capital","NNM","3243144","3542143","2128244","1.52",,
"2020-02-28","GOOGL","Alphabet Inc. Class A Common S","NNM","2993448","2986835","2299379","1.30",,
"2020-02-28","GS","Goldman Sachs Group Inc.","NYSE","6249894","5038765","4161644","1.50",,
"2020-02-28","GWW","W.W. Grainger, Inc.","NYSE","1464254","1497896","347386","4.22",,
"2020-02-28","HCA","HCA Healthcare, Inc.","NYSE","3539712","3616510","2068608","1.71",,
"2020-02-28","HD","Home Depot, Inc.","NYSE","8541410","9501816","5888278","1.45",,
"2020-02-28","HLT","Hilton Worldwide Holdings Inc.","NYSE","6026247","4907147","4024353","1.50",,
"2020-02-28","HON","Honeywell International, Inc.","NYSE","7848129","7649042","3642162","2.15",,
"2020-02-28","HPE","Hewlett Packard Enterprise Com","NYSE","43234907","42911569","10958097","3.95",,
"2020-02-28","IBKR","Interactive Brokers Group, Inc","NNM","6323832","6365592","771311","8.20",,
"2020-02-28","IBM","International Business Machine","NYSE","18670312","18930938","5666845","3.29",,
"2020-02-28","ICE","Intercontinental Exchange  Inc","NYSE","4488570","4384457","3458734","1.30",,
"2020-02-28","INTC","Intel Corporation Common Stock","NNM","47714258","47666089","29313043","1.63",,
"2020-02-28","INTU","Intuit Inc. Common Stock","NNM","2851536","2983857","1854723","1.54",,
"2020-02-28","ISRG","Intuitive Surgical, Inc. Commo","NNM","2007339","1887333","898785","2.23",,
"2020-02-28","ITW","Illinois Tool Works Inc.","NYSE","7201958","6694820","1556404","4.63",,
"2020-02-28","JNJ","Johnson & Johnson","NYSE","16625280","18159956","10243703","1.62",,
"2020-02-28","JPM","JPMorgan Chase & Co.","NYSE","24737421","24456700","17940450","1.38",,
"2020-02-28","KKR","KKR & Co. Inc. Class A Common","NYSE","11949938","11945836","3706890","3.22",,
"2020-02-28","KLAC","KLA Corporation Common Stock","NNM","2211528","2210800","2242982","1.00",,
"2020-02-28","KMI","Kinder Morgan, Inc.","NYSE","33101361","32364136","18680459","1.77",,
"2020-02-28","KO","Coca-Cola Company","NYSE","34548949","38342179","16177521","2.14",,
"2020-02-28","LIN","Linde plc Ordinary Share","NYSE","5494372","5376849","2558337","2.15",,
"2020-02-28","LLY","Eli Lilly & Co.","NYSE","10892998","12248540","4137666","2.63",,
"2020-02-28","LMT","Lockheed Martin Corp.","NYSE","3519184","3829273","1496145","2.35",,
