"settlementDate","symbolCode","issueName","marketClassCode","currentShortPositionQuantity","previousShortPositionQuantity","averageDailyVolumeQuantity","daysToCoverQuantity","stockSplitFlag","revisionFlag"
"2026-07-15","AAPL","Apple Inc. Common Stock","NNM","146547784","140526320","47952794","3.06",,
"2026-07-15","ABBV","ABBVIE INC.","NYSE","22632412","21899078","6559915","3.45",,
"2026-07-15","ABNB","Airbnb, Inc. Class A Common St","NNM","13994933","14889750","3150865","4.44",,
"2026-07-15","ABT","Abbott Laboratories","NYSE","24846147","23387895","11611821","2.14",,
"2026-07-15","ADBE","Adobe Inc. Common Stock","NNM","20264951","19612201","5344526","3.79",,
"2026-07-15","ADI","Analog Devices, Inc. Common St","NNM","10464738","12030161","3835989","2.73",,
"2026-07-15","ADP","Automatic Data Processing, Inc","NNM","14436618","14867435","2086623","6.92",,
"2026-07-15","AEP","American Electric Power Compan","NNM","32904126","36014039","4806039","6.85",,
"2026-07-15","AFL","Aflac Inc.","NYSE","12496303","12583956","1687779","7.40",,
"2026-07-15","AJG","Arthur J. Gallagher & Co.","NYSE","7990928","6819347","1856609","4.30",,
"2026-07-15","ALL","The Allstate Corporation","NYSE","8170470","8241088","1750488","4.67",,
"2026-07-15","AMAT","Applied Materials, Inc. Common","NNM","16703697","19913996","10093729","1.65",,
"2026-07-15","AMD","Advanced Micro Devices, Inc. C","NNM","39768152","41583210","25582906","1.55",,
"2026-07-15","AMGN","Amgen Inc. Common Stock","NNM","12845008","12870865","2018823","6.36",,
"2026-07-15","AMT","American Tower Corporation","NYSE","7640281","7656891","3083594","2.48",,
"2026-07-15","AMZN","Amazon.com, Inc. Common Stock","NNM","106566350","100349673","38648773","2.76",,
"2026-07-15","ANET","Arista Networks","NYSE","19887856","21632457","8859221","2.24",,
"2026-07-15","AON","Aon plc Class A","NYSE","4554648","3695856","1126077","4.04",,
"2026-07-15","APD","Air Products & Chemicals, Inc.","NYSE","4189475","4030709","1313147","3.19",,
"2026-07-15","APH","Amphenol Corporation","NYSE","16508135","15988270","6585269","2.51",,
"2026-07-15","APO","Apollo Global Management, Inc.","NYSE","29180717","31282725","4729447","6.17",,
"2026-07-15","APP","Applovin Corporation Class A C","NNM","12561495","12114286","5691878","2.21",,
"2026-07-15","AVGO","Broadcom Inc. Common Stock","NNM","68638929","70123497","22758366","3.02",,
"2026-07-15","AXP","American Express Company","NYSE","11492443","10839567","3031101","3.79",,
"2026-07-15","BA","Boeing Company","NYSE","14686375","13625059","4552042","3.23",,
"2026-07-15","BAC","Bank of America Corporation","NYSE","96837373","90912451","33012469","2.93",,
"2026-07-15","BKNG","Booking Holdings Inc. Common S","NNM","22805449","29767945","6400258","3.56",,
"2026-07-15","BLK","Blackrock, Inc.","NYSE","2095185","2073854","808320","2.59",,
"2026-07-15","BMY","Bristol-Myers Squibb Co.","NYSE","44935362","40531289","10603478","4.24",,
"2026-07-15","BNY","Bank of New York Mellon Corpor","NYSE","7485111","7562786","3930181","1.90",,
"2026-07-15","BRKA","Berkshire Hathaway Inc.","NYSE","183","168","167","1.10",,
"2026-07-15","BRKB","BERKSHIRE HATHAWAY Class B","NYSE","13030468","12987527","3941178","3.31",,
"2026-07-15","BSX","Boston Scientific Corp.","NYSE","28281040","27938624","16776824","1.69",,
"2026-07-15","BX","Blackstone Inc.","NYSE","23614025","23138068","3892386","6.07",,
"2026-07-15","C","Citigroup Inc.","NYSE","28765148","27205962","14035931","2.05",,
"2026-07-15","CAT","Caterpillar Inc.","NYSE","8054245","9052419","2868137","2.81",,
"2026-07-15","CDNS","Cadence Design Systems, Inc. C","NNM","6187380","6034189","1516231","4.08",,
"2026-07-15","CEG","Constellation Energy Corporati","NNM","10654877","12153531","3512945","3.03",,
"2026-07-15","CI","The Cigna Group","NYSE","6178422","6226238","1432328","4.31",,
"2026-07-15","CL","Colgate-Palmolive Company","NYSE","16716514","17529142","4332104","3.86",,
"2026-07-15","CMCSA","Comcast Corporation Class A Co","NNM","85090590","88032735","32598857","2.61",,
"2026-07-15","CME","CME Group Inc. Class A Common","NNM","5837310","6011422","3110735","1.88",,
"2026-07-15","CMI","Cummins Inc.","NYSE","2352281","2457427","807732","2.91",,
"2026-07-15","COF","Capital One Financial","NYSE","12880294","11748005","4052003","3.18",,
"2026-07-15","COP","ConocoPhillips","NYSE","20698828","19181879","6586037","3.14",,
"2026-07-15","COST","Costco Wholesale Corporation C","NNM","6957664","7284892","2532106","2.75",,
"2026-07-15","CRM","Salesforce, Inc.","NYSE","46465690","50636166","12114051","3.84",,
"2026-07-15","CRWD","CrowdStrike Holdings, Inc. Cla","NNM","27450228","7135732","9372073","2.93","S",
"2026-07-15","CSCO","Cisco Systems, Inc. Common Sto","NNM","64824369","53800162","22179760","2.92",,
"2026-07-15","CSX","CSX Corporation Common Stock","NNM","36965072","38966330","10143094","3.64",,
"2026-07-15","CTAS","Cintas Corporation Common Stoc","NNM","12164882","11929658","2335276","5.21",,
"2026-07-15","CVNA","Carvana Co.","NYSE","76207110","73327814","9054432","8.42",,
"2026-07-15","CVS","CVS HEALTH CORPORATION","NYSE","19524883","19938997","7190543","2.72",,
"2026-07-15","CVX","Chevron Corporation","NYSE","20366208","18851523","8213724","2.48",,
"2026-07-15","D","Dominion Energy, Inc Common St","NYSE","27609781","26996519","5671405","4.87",,
"2026-07-15","DASH","DoorDash, Inc. Class A Common","NNM","18781477","21383277","4000781","4.69",,
"2026-07-15","DDOG","Datadog, Inc. Class A Common S","NNM","12494014","14725487","4247439","2.94",,
"2026-07-15","DE","Deere & Company","NYSE","6649037","7114332","1102616","6.03",,
"2026-07-15","DELL","Dell Technologies Inc.","NYSE","13094061","12975131","7462332","1.75",,
"2026-07-15","DHR","Danaher Corporation","NYSE","10096457","10858205","3695196","2.73",,
"2026-07-15","DIS","The Walt Disney Company","NYSE","22638865","23782253","10102948","2.24",,
"2026-07-15","DLR","Digital Realty Trust, Inc.","NYSE","8469909","8056159","3952383","2.14",,
"2026-07-15","DUK","Duke Energy Corporation","NYSE","17720843","17983595","3597077","4.93",,
"2026-07-15","ECL","Ecolab, Inc.","NYSE","3314735","3615944","1043152","3.18",,
"2026-07-15","ELV","Elevance Health, Inc.","NYSE","6025314","6009556","1709546","3.52",,
"2026-07-15","EMR","Emerson Electric Co.","NYSE","11776220","11594899","2143797","5.49",,
"2026-07-15","EOG","EOG Resources, Inc.","NYSE","17400049","18957813","3042098","5.72",,
"2026-07-15","EPD","Enterprise Products Partners L","NYSE","17538921","19463783","2508668","6.99",,
"2026-07-15","EQIX","Equinix, Inc. Common Stock REI","NNM","1877216","1773603","526708","3.56",,
"2026-07-15","FCX","Freeport-McMoran Inc.","NYSE","28591644","30884821","15238902","1.88",,
"2026-07-15","FDX","FedEx Corporation","NYSE","5969116","5668738","1646663","3.62",,
"2026-07-15","FTNT","Fortinet, Inc. Common Stock","NNM","14492724","15056605","4628961","3.13",,
"2026-07-15","GD","General Dynamics Corporation","NYSE","2890568","3141061","1101959","2.62",,
"2026-07-15","GE","GE Aerospace","NYSE","14900112","12927498","3766508","3.96",,
"2026-07-15","GEV","GE Vernova Inc.","NYSE","10117771","11681775","2542336","3.98",,
"2026-07-15","GILD","Gilead Sciences, Inc. Common S","NNM","25261911","25484358","6888646","3.67",,
"2026-07-15","GLW","Corning Incorporated","NYSE","19125152","20518605","12061973","1.59",,
"2026-07-15","GM","General Motors Company","NYSE","24454839","26945999","5929237","4.12",,
"2026-07-15","GOOG","Alphabet Inc. Class C Capital","NNM","55653051","58492586","15787719","3.53",,
"2026-07-15","GOOGL","Alphabet Inc. Class A Common S","NNM","78667609","85860436","22906756","3.43",,
"2026-07-15","GS","Goldman Sachs Group Inc.","NYSE","6311123","6482001","1876647","3.36",,
"2026-07-15","GWW","W.W. Grainger, Inc.","NYSE","1169990","1295370","243104","4.81",,
"2026-07-15","HCA","HCA Healthcare, Inc.","NYSE","5826249","5354923","1864076","3.13",,
"2026-07-15","HD","Home Depot, Inc.","NYSE","12827409","13269053","3534334","3.63",,
"2026-07-15","HLT","Hilton Worldwide Holdings Inc.","NYSE","5078910","5149033","1839989","2.76",,
"2026-07-15","HON","Honeywell International Inc. C","NNM","9556342","11623011","4058451","2.35",,
"2026-07-15","HONA","Honeywell Aerospace Inc. Commo","NNM","8209198","10574095","4180589","1.96",,
"2026-07-15","HOOD","Robinhood Markets, Inc. Class","NNM","38088351","37497084","23428811","1.63",,
"2026-07-15","HPE","Hewlett Packard Enterprise Com","NYSE","65104946","67772233","19204989","3.39",,
"2026-07-15","HWM","Howmet Aerospace Inc.","NYSE","7843614","7839248","1949763","4.02",,
"2026-07-15","IBKR","Interactive Brokers Group, Inc","NNM","9176448","11389018","4118365","2.23",,
"2026-07-15","IBM","International Business Machine","NYSE","33088057","34277714","15261035","2.17",,
"2026-07-15","ICE","Intercontinental Exchange  Inc","NYSE","9058341","10596219","4532676","2.00",,
"2026-07-15","INTC","Intel Corporation Common Stock","NNM","120963181","127787110","103825959","1.17",,
"2026-07-15","INTU","Intuit Inc. Common Stock","NNM","15822306","14572405","4568963","3.46",,
"2026-07-15","ISRG","Intuitive Surgical, Inc. Commo","NNM","6708471","7322479","2772775","2.42",,
"2026-07-15","ITW","Illinois Tool Works Inc.","NYSE","9536648","10136715","1175048","8.12",,
"2026-07-15","JNJ","Johnson & Johnson","NYSE","27425456","26576975","7473091","3.67",,
"2026-07-15","JPM","JPMorgan Chase & Co.","NYSE","29481916","26871351","11219796","2.63",,
"2026-07-15","KKR","KKR & Co. Inc.","NYSE","15305280","15642821","3488075","4.39",,
"2026-07-15","KLAC","KLA Corporation Common Stock","NNM","27939763","34375617","13773473","2.03",,
"2026-07-15","KMI","Kinder Morgan, Inc.","NYSE","45318354","44200134","7559105","6.00",,
"2026-07-15","KO","Coca-Cola Company","NYSE","47770310","49570664","16176522","2.95",,
"2026-07-15","LIN","Linde plc Ordinary Shares","NNM","6538380","6565651","2021328","3.23",,
"2026-07-15","LLY","Eli Lilly & Co.","NYSE","10278892","9353153","2527511","4.07",,
"2026-07-15","LMT","Lockheed Martin Corp.","NYSE","3113955","3508118","927105","3.36",,
"2026-07-15","LOW","Lowe's Companies Inc.","NYSE","11089170","10033932","2690869","4.12",,
"2026-07-15","LRCX","Lam Research Corporation Commo","NNM","29520485","28314664","12261057","2.41",,
"2026-07-15","MA","Mastercard Incorporated","NYSE","9060825","7749084","3191741","2.84",,
"2026-07-15","MAR","Marriott International Class A","NNM","5005551","5441815","1433684","3.49",,
"2026-07-15","MCD","McDonald's Corporation","NYSE","11465084","10976120","4658741","2.46",,
"2026-07-15","MCK","McKesson Corporation","NYSE","3878060","4117777","941580","4.12",,
"2026-07-15","MCO","Moody's Corporation","NYSE","3187463","2958381","738038","4.32",,
"2026-07-15","MDLZ","Mondelez International, Inc. C","NNM","33740434","36385509","8266995","4.08",,
"2026-07-15","MDT","Medtronic plc","NYSE","19025990","19087345","7779714","2.45",,
"2026-07-15","META","Meta Platforms, Inc. Class A C","NNM","37847633","34489980","23552375","1.61",,
"2026-07-15","MMM","3M Company","NYSE","10945314","9794330","2519919","4.34",,
"2026-07-15","MNST","Monster Beverage Corporation","NNM","18659100","20118217","5201447","3.59",,
"2026-07-15","MO","Altria Group, Inc.","NYSE","53134147","51448610","6175621","8.60",,
"2026-07-15","MPC","MARATHON PETROLEUM CORPORATION","NYSE","6412255","7290864","2013578","3.18",,
"2026-07-15","MPWR","Monolithic Power Systems, Inc.","NNM","2456955","2214362","919274","2.67",,
"2026-07-15","MRK","Merck & Co., Inc.","NYSE","29359028","31381267","8575599","3.42",,
"2026-07-15","MRSH","Marsh","NYSE","6737059","6738340","2286044","2.95",,
"2026-07-15","MRVL","Marvell Technology, Inc. Commo","NNM","32479302","34082367","26559116","1.22",,
"2026-07-15","MS","Morgan Stanley","NYSE","17224493","17686436","5493832","3.14",,
"2026-07-15","MSFT","Microsoft Corporation Common S","NNM","92373474","89063316","32422509","2.85",,
"2026-07-15","MSI","Motorola Solutions, Inc. New","NYSE","3471505","3667472","801935","4.33",,
"2026-07-15","MU","Micron Technology, Inc. Common","NNM","36211849","31669690","43382203","1.00",,
"2026-07-15","NEE","NextEra Energy, Inc.","NYSE","51979231","58006960","10924397","4.76",,
"2026-07-15","NEM","Newmont Corporation","NYSE","19917795","19486635","6825057","2.92",,
"2026-07-15","NET","Cloudflare, Inc. Class A commo","NYSE","9834475","9277677","3169257","3.10",,
"2026-07-15","NFLX","Netflix, Inc. Common Stock","NNM","99746573","104117446","39050525","2.55",,
"2026-07-15","NKE","Nike, Inc.","NYSE","63943595","72292448","25942006","2.46",,
"2026-07-15","NOC","Northrop Grumman Corp.","NYSE","2324381","2356082","884681","2.63",,
"2026-07-15","NOW","SERVICENOW, INC.","NYSE","55711860","62126642","17961133","3.10",,
"2026-07-15","NSC","Norfolk Southern Corp.","NYSE","8266038","8529961","836833","9.88",,
"2026-07-15","NVDA","NVIDIA Corporation Common Stoc","NNM","324052767","310126785","131174356","2.47",,
"2026-07-15","O","Realty Income Corporation","NYSE","40024135","43482417","5532011","7.24",,
"2026-07-15","ORCL","Oracle Corp","NYSE","50068756","41966703","43167418","1.16",,
"2026-07-15","ORLY","O'Reilly Automotive, Inc. Comm","NNM","23003971","23671350","9082004","2.53",,
"2026-07-15","PANW","Palo Alto Networks, Inc. Commo","NNM","20423492","25002502","7228923","2.83",,
"2026-07-15","PCAR","PACCAR Inc. Common Stock","NNM","14875664","15104358","2831188","5.25",,
"2026-07-15","PEP","PepsiCo, Inc. Common Stock","NNM","32637580","33304413","9939243","3.28",,
"2026-07-15","PFE","Pfizer Inc.","NYSE","163820439","163578117","42807581","3.83",,
"2026-07-15","PG","Procter & Gamble Company","NYSE","23118701","23954411","9137032","2.53",,
"2026-07-15","PGR","Progressive Corporation","NYSE","9609478","7791620","3213213","2.99",,
"2026-07-15","PH","Parker-Hannifin Corporation","NYSE","1453850","1595703","510933","2.85",,
"2026-07-15","PLD","PROLOGIS, INC.","NYSE","13453134","13048598","3403972","3.95",,
"2026-07-15","PLTR","Palantir Technologies Inc. Cla","NNM","77877652","87264219","42481966","1.83",,
"2026-07-15","PM","Philip Morris International In","NYSE","17496016","18203066","4428823","3.95",,
"2026-07-15","PNC","PNC Financial Services Group","NYSE","6700310","7662068","2245445","2.98",,
"2026-07-15","PSX","PHILLIPS 66","NYSE","7929673","8062970","2637537","3.01",,
"2026-07-15","PWR","Quanta Services, Inc.","NYSE","3171042","3337307","1009271","3.14",,
"2026-07-15","QCOM","QUALCOMM Incorporated Common S","NNM","36152231","40203445","13743214","2.63",,
"2026-07-15","RCL","Royal Caribbean Group","NYSE","13080319","12701856","2208807","5.92",,
"2026-07-15","REGN","Regeneron Pharmaceuticals, Inc","NNM","3501203","3494420","741224","4.72",,
"2026-07-15","ROST","Ross Stores, Inc. Common Stock","NNM","10265464","10781855","2397707","4.28",,
"2026-07-15","RSG","Republic Services Inc.","NYSE","3490272","3683360","1248676","2.80",,
"2026-07-15","RTX","RTX Corporation","NYSE","17070096","16114183","4227583","4.04",,
"2026-07-15","SBUX","Starbucks Corporation Common S","NNM","46903610","48192060","6328662","7.41",,
"2026-07-15","SCCO","Southern Copper Corporation","NYSE","11023738","11666779","1047421","10.52",,
"2026-07-15","SCHW","The Charles Schwab Corporation","NYSE","22669193","25024929","8451705","2.68",,
"2026-07-15","SHW","The Sherwin-Williams Company","NYSE","6781104","7896285","1945624","3.49",,
"2026-07-15","SNDK","Sandisk Corporation Common Sto","NNM","7857690","7197631","12970416","1.00",,
"2026-07-15","SNOW","Snowflake Inc.","NYSE","21703645","23049651","4856170","4.47",,
"2026-07-15","SNPS","Synopsys, Inc. Common Stock","NNM","5608882","5418434","1348593","4.16",,
"2026-07-15","SO","The Southern Company","NYSE","36593870","37411093","4336965","8.44",,
"2026-07-15","SPCX","Space Exploration Technologies","NNM","165048407","111298613","75797552","2.18",,
"2026-07-15","SPG","Simon Property Group, Inc.","NYSE","10230095","10848176","1823386","5.61",,
"2026-07-15","SPGI","S&P Global Inc.","NYSE","5061368","3437187","2257509","2.24",,
"2026-07-15","SYK","Stryker Corporation","NYSE","7029895","6924236","2622653","2.68",,
"2026-07-15","T","AT&T Inc.","NYSE","107643650","125702888","80586115","1.34",,
"2026-07-15","TDG","TransDigm Group Incorporated","NYSE","1073290","1146271","332164","3.23",,
"2026-07-15","TFC","Truist Financial Corporation","NYSE","30042045","33234006","7208387","4.17",,
"2026-07-15","TGT","Target Corporation","NYSE","20099170","18658100","4302648","4.67",,
"2026-07-15","TJX","TJX Companies, Inc. (The)","NYSE","17974454","16856747","5105538","3.52",,
"2026-07-15","TMO","Thermo Fisher Scientific, Inc.","NYSE","5298322","5351535","1778419","2.98",,
"2026-07-15","TMUS","T-Mobile US, Inc. Common Stock","NNM","22533542","20010780","4653134","4.84",,
"2026-07-15","TRV","The Travelers Companies, Inc.","NYSE","6552038","7946226","1495783","4.38",,
"2026-07-15","TSLA","Tesla, Inc. Common Stock","NNM","70646375","79109257","39663962","1.78",,
"2026-07-15","TXN","Texas Instruments Incorporated","NNM","15763842","16881127","6929280","2.27",,
"2026-07-15","UBER","Uber Technologies, Inc.","NYSE","51841219","56087568","13549632","3.83",,
"2026-07-15","UNH","UNITEDHEALTH GROUP INCORPORATE","NYSE","17338297","18410503","5008517","3.46",,
"2026-07-15","UNP","Union Pacific Corp.","NYSE","28233358","28484157","2259844","12.49",,
"2026-07-15","UPS","United Parcel Service, Inc. Cl","NYSE","24444387","23118697","3882627","6.30",,
"2026-07-15","URI","United Rentals, Inc.","NYSE","1402901","1494589","368840","3.80",,
"2026-07-15","USB","U.S. Bancorp","NYSE","24772569","23654933","7220824","3.43",,
"2026-07-15","V","VISA Inc.","NYSE","23581970","20676753","8877106","2.66",,
"2026-07-15","VLO","Valero Energy Corporation","NYSE","10973199","10378936","2790570","3.93",,
"2026-07-15","VRT","Vertiv Holdings Co Class A Com","NYSE","11209855","14478165","4710912","2.38",,
"2026-07-15","VRTX","Vertex Pharmaceuticals Incorpo","NNM","4986691","4938472","1607817","3.10",,
"2026-07-15","VZ","Verizon Communications","NYSE","85680317","94985050","35055586","2.44",,
"2026-07-15","WBD","Warner Bros. Discovery, Inc. S","NNM","64955283","74390174","18265486","3.56",,
"2026-07-15","WDC","Western Digital Corporation Co","NNM","23258520","22377149","6771710","3.43",,
"2026-07-15","WELL","Welltower Inc.","NYSE","19065952","19373177","2844286","6.70",,
"2026-07-15","WFC","Wells Fargo & Co.","NYSE","28993166","28597263","16545703","1.75",,
"2026-07-15","WM","Waste Management, Inc.","NYSE","6219339","6359537","1660937","3.74",,
"2026-07-15","WMB","Williams Companies Inc.","NYSE","20455181","24517221","6411214","3.19",,
"2026-07-15","WMT","Walmart Inc. Common Stock","NNM","74400164","83880603","21810772","3.41",,
"2026-07-15","XOM","ExxonMobil Holdings Corporatio","NYSE","42688964","37809438","14514465","2.94",,
"2026-06-30","AAPL","Apple Inc. Common Stock","NNM","140526320","144248476","81121306","1.73",,
"2026-06-30","ABBV","ABBVIE INC.","NYSE","21899078","23446826","12548298","1.75",,
"2026-06-30","ABNB","Airbnb, Inc. Class A Common St","NNM","14889750","14634622","4324092","3.44",,
"2026-06-30","ABT","Abbott Laboratories","NYSE","23387895","21974266","15812969","1.48",,
"2026-06-30","ADBE","Adobe Inc. Common Stock","NNM","19612201","20892296","8435374","2.32",,
"2026-06-30","ADI","Analog Devices, Inc. Common St","NNM","12030161","12047454","6602822","1.82",,
"2026-06-30","ADP","Automatic Data Processing, Inc","NNM","14867435","15982286","3635933","4.09",,
"2026-06-30","AEP","American Electric Power Compan","NNM","36014039","33585166","7008017","5.14",,
"2026-06-30","AFL","Aflac Inc.","NYSE","12583956","10638442","3247885","3.87",,
"2026-06-30","AJG","Arthur J. Gallagher & Co.","NYSE","6819347","6873982","2029981","3.36",,
"2026-06-30","ALL","The Allstate Corporation","NYSE","8241088","8531077","2324061","3.55",,
"2026-06-30","AMAT","Applied Materials, Inc. Common","NNM","19913996","21911355","14550295","1.37",,
"2026-06-30","AMD","Advanced Micro Devices, Inc. C","NNM","41583210","46762536","31906834","1.30",,
"2026-06-30","AMGN","Amgen Inc. Common Stock","NNM","12870865","12200158","3271795","3.93",,
"2026-06-30","AMT","American Tower Corporation","NYSE","7656891","8952567","3993208","1.92",,
"2026-06-30","AMZN","Amazon.com, Inc. Common Stock","NNM","100349673","98953140","81635599","1.23",,
"2026-06-30","ANET","Arista Networks","NYSE","21632457","20199469","8797976","2.46",,
"2026-06-30","AON","Aon plc Class A","NYSE","3695856","3590630","2301446","1.61",,
"2026-06-30","APD","Air Products & Chemicals, Inc.","NYSE","4030709","3151575","1960346","2.06",,
"2026-06-30","APH","Amphenol Corporation","NYSE","15988270","17223423","9797822","1.63",,
"2026-06-30","APO","Apollo Global Management, Inc.","NYSE","31282725","30994588","5622137","5.56",,
"2026-06-30","APP","Applovin Corporation Class A C","NNM","12114286","12847141","5861865","2.07",,
"2026-06-30","AVGO","Broadcom Inc. Common Stock","NNM","70123497","61482385","31423228","2.23",,
"2026-06-30","AXP","American Express Company","NYSE","10839567","12100785","3688176","2.94",,
"2026-06-30","BA","Boeing Company","NYSE","13625059","14927432","6002198","2.27",,
"2026-06-30","BAC","Bank of America Corporation","NYSE","90912451","101431011","39607483","2.30",,
"2026-06-30","BKNG","Booking Holdings Inc. Common S","NNM","29767945","25289823","10034563","2.97",,
"2026-06-30","BLK","Blackrock, Inc.","NYSE","2073854","2009447","1054346","1.97",,
"2026-06-30","BMY","Bristol-Myers Squibb Co.","NYSE","40531289","39595308","16383235","2.47",,
"2026-06-30","BNY","Bank of New York Mellon Corpor","NYSE","7562786","9989818","5181617","1.46",,
"2026-06-30","BRKA","Berkshire Hathaway Inc.","NYSE","168","227","289","1.00",,
"2026-06-30","BRKB","BERKSHIRE HATHAWAY Class B","NYSE","12987527","12490426","5927594","2.19",,
"2026-06-30","BSX","Boston Scientific Corp.","NYSE","27938624","29750309","23398673","1.19",,
"2026-06-30","BX","Blackstone Inc.","NYSE","23138068","20206489","6276935","3.69",,
"2026-06-30","C","Citigroup Inc.","NYSE","27205962","32496234","15961765","1.70",,
"2026-06-30","CAT","Caterpillar Inc.","NYSE","9052419","8445334","4862881","1.86",,
"2026-06-30","CDNS","Cadence Design Systems, Inc. C","NNM","6034189","4919518","2964614","2.04",,
"2026-06-30","CEG","Constellation Energy Corporati","NNM","12153531","11380943","3840047","3.16",,
"2026-06-30","CI","The Cigna Group","NYSE","6226238","7333399","1754808","3.55",,
"2026-06-30","CL","Colgate-Palmolive Company","NYSE","17529142","20530776","6122523","2.86",,
"2026-06-30","CMCSA","Comcast Corporation Class A Co","NNM","88032735","89134254","52851273","1.67",,
"2026-06-30","CME","CME Group Inc. Class A Common","NNM","6011422","5212475","4845209","1.24",,
"2026-06-30","CMI","Cummins Inc.","NYSE","2457427","2564536","1482153","1.66",,
"2026-06-30","COF","Capital One Financial","NYSE","11748005","10957715","5129502","2.29",,
"2026-06-30","COP","ConocoPhillips","NYSE","19181879","23943572","9480490","2.02",,
"2026-06-30","COST","Costco Wholesale Corporation C","NNM","7284892","7837886","2985147","2.44",,
"2026-06-30","CRM","Salesforce, Inc.","NYSE","50636166","59074414","20763991","2.44",,
"2026-06-30","CRWD","CrowdStrike Holdings, Inc. Cla","NNM","7135732","7723613","3189043","2.24",,
"2026-06-30","CSCO","Cisco Systems, Inc. Common Sto","NNM","53800162","61784477","28267457","1.90",,
"2026-06-30","CSX","CSX Corporation Common Stock","NNM","38966330","40778038","13160379","2.96",,
"2026-06-30","CTAS","Cintas Corporation Common Stoc","NNM","11929658","12114519","2199963","5.42",,
"2026-06-30","CVNA","Carvana Co.","NYSE","73327814","74845724","13609901","5.39",,
"2026-06-30","CVS","CVS HEALTH CORPORATION","NYSE","19938997","23194154","8647548","2.31",,
"2026-06-30","CVX","Chevron Corporation","NYSE","18851523","21583655","11183942","1.69",,
"2026-06-30","D","Dominion Energy, Inc Common St","NYSE","26996519","26078261","7006330","3.85",,
"2026-06-30","DASH","DoorDash, Inc. Class A Common","NNM","21383277","19108102","5813119","3.68",,
"2026-06-30","DDOG","Datadog, Inc. Class A Common S","NNM","14725487","14614591","4868093","3.02",,
"2026-06-30","DE","Deere & Company","NYSE","7114332","6338522","1380763","5.15",,
"2026-06-30","DELL","Dell Technologies Inc.","NYSE","12975131","15809739","8847352","1.47",,
"2026-06-30","DHR","Danaher Corporation","NYSE","10858205","11493085","4544908","2.39",,
"2026-06-30","DIS","The Walt Disney Company","NYSE","23782253","24143547","13799975","1.72",,
"2026-06-30","DLR","Digital Realty Trust, Inc.","NYSE","8056159","8084831","4126568","1.95",,
"2026-06-30","DUK","Duke Energy Corporation","NYSE","17983595","15596378","4272681","4.21",,
"2026-06-30","ECL","Ecolab, Inc.","NYSE","3615944","3661554","2024185","1.79",,
"2026-06-30","ELV","Elevance Health, Inc.","NYSE","6009556","6281369","1835606","3.27",,
"2026-06-30","EMR","Emerson Electric Co.","NYSE","11594899","12095202","3484211","3.33",,
"2026-06-30","EOG","EOG Resources, Inc.","NYSE","18957813","18459404","5307223","3.57",,
"2026-06-30","EPD","Enterprise Products Partners L","NYSE","19463783","16462696","3283573","5.93",,
"2026-06-30","EQIX","Equinix, Inc. Common Stock REI","NNM","1773603","1891662","780917","2.27",,
"2026-06-30","FCX","Freeport-McMoran Inc.","NYSE","30884821","30989259","15671861","1.97",,
"2026-06-30","FDX","FedEx Corporation","NYSE","5668738","4949004","2939223","1.93",,
"2026-06-30","FTNT","Fortinet, Inc. Common Stock","NNM","15056605","18802691","7595492","1.98",,
"2026-06-30","GD","General Dynamics Corporation","NYSE","3141061","3057023","1677799","1.87",,
"2026-06-30","GE","GE Aerospace","NYSE","12927498","13943685","6153121","2.10",,
"2026-06-30","GEV","GE Vernova Inc.","NYSE","11681775","10538288","3457014","3.38",,
"2026-06-30","GILD","Gilead Sciences, Inc. Common S","NNM","25484358","23861932","9596162","2.66",,
"2026-06-30","GLW","Corning Incorporated","NYSE","20518605","23762888","22124516","1.00",,
"2026-06-30","GM","General Motors Company","NYSE","26945999","22767301","10226594","2.63",,
"2026-06-30","GOOG","Alphabet Inc. Class C Capital","NNM","58492586","52717958","29363403","1.99",,
"2026-06-30","GOOGL","Alphabet Inc. Class A Common S","NNM","85860436","89840649","45120590","1.90",,
"2026-06-30","GS","Goldman Sachs Group Inc.","NYSE","6482001","6842221","2554897","2.54",,
"2026-06-30","GWW","W.W. Grainger, Inc.","NYSE","1295370","1312019","488609","2.65",,
"2026-06-30","HCA","HCA Healthcare, Inc.","NYSE","5354923","5214285","1540993","3.47",,
"2026-06-30","HD","Home Depot, Inc.","NYSE","13269053","13518051","6282274","2.11",,
"2026-06-30","HLT","Hilton Worldwide Holdings Inc.","NYSE","5149033","6308426","3385843","1.52",,
"2026-06-30","HON","Honeywell International Inc. C","NNM","11623011","19342363","4092252","2.84","S",
"2026-06-30","HONA","Honeywell Aerospace Inc. Commo","NNM","10574095","0","1780211","5.94",,
"2026-06-30","HOOD","Robinhood Markets, Inc. Class","NNM","37497084","37308869","34670649","1.08",,
"2026-06-30","HPE","Hewlett Packard Enterprise Com","NYSE","67772233","76148332","27466779","2.47",,
"2026-06-30","HWM","Howmet Aerospace Inc.","NYSE","7839248","9257258","4999476","1.57",,
"2026-06-30","IBKR","Interactive Brokers Group, Inc","NNM","11389018","14174552","4920499","2.31",,
"2026-06-30","IBM","International Business Machine","NYSE","34277714","29937511","9270806","3.70",,
"2026-06-30","ICE","Intercontinental Exchange  Inc","NYSE","10596219","10406898","5787647","1.83",,
"2026-06-30","INTC","Intel Corporation Common Stock","NNM","127787110","143868544","127904196","1.00",,
"2026-06-30","INTU","Intuit Inc. Common Stock","NNM","14572405","12308106","6180055","2.36",,
"2026-06-30","ISRG","Intuitive Surgical, Inc. Commo","NNM","7322479","7801999","2719281","2.69",,
"2026-06-30","ITW","Illinois Tool Works Inc.","NYSE","10136715","9514135","1702237","5.95",,
"2026-06-30","JNJ","Johnson & Johnson","NYSE","26576975","26689694","10724470","2.48",,
"2026-06-30","JPM","JPMorgan Chase & Co.","NYSE","26871351","30082851","11287666","2.38",,
"2026-06-30","KKR","KKR & Co. Inc.","NYSE","15642821","15348049","5793451","2.70",,
"2026-06-30","KLAC","KLA Corporation Common Stock","NNM","34375617","40762347","16039974","2.14",,
"2026-06-30","KMI","Kinder Morgan, Inc.","NYSE","44200134","40323374","12704784","3.48",,
"2026-06-30","KO","Coca-Cola Company","NYSE","49570664","51127995","24100075","2.06",,
"2026-06-30","LIN","Linde plc Ordinary Shares","NNM","6565651","7601128","2669634","2.46",,
"2026-06-30","LLY","Eli Lilly & Co.","NYSE","9353153","9662739","3624842","2.58",,
"2026-06-30","LMT","Lockheed Martin Corp.","NYSE","3508118","3241512","1699574","2.06",,
"2026-06-30","LOW","Lowe's Companies Inc.","NYSE","10033932","10125274","3376877","2.97",,
"2026-06-30","LRCX","Lam Research Corporation Commo","NNM","28314664","29877317","15403932","1.84",,
"2026-06-30","MA","Mastercard Incorporated","NYSE","7749084","6663541","4754214","1.63",,
"2026-06-30","MAR","Marriott International Class A","NNM","5441815","6307845","1847264","2.95",,
"2026-06-30","MCD","McDonald's Corporation","NYSE","10976120","10663951","5184207","2.12",,
"2026-06-30","MCK","McKesson Corporation","NYSE","4117777","4450184","1448436","2.84",,
"2026-06-30","MCO","Moody's Corporation","NYSE","2958381","3429477","1347020","2.20",,
"2026-06-30","MDLZ","Mondelez International, Inc. C","NNM","36385509","32772190","12084262","3.01",,
"2026-06-30","MDT","Medtronic plc","NYSE","19087345","18431994","11024060","1.73",,
"2026-06-30","META","Meta Platforms, Inc. Class A C","NNM","34489980","29985155","17070599","2.02",,
"2026-06-30","MMM","3M Company","NYSE","9794330","11728170","4216228","2.32",,
"2026-06-30","MNST","Monster Beverage Corporation","NNM","20118217","22338822","6609858","3.04",,
"2026-06-30","MO","Altria Group, Inc.","NYSE","51448610","51780148","9365731","5.49",,
"2026-06-30","MPC","MARATHON PETROLEUM CORPORATION","NYSE","7290864","7673768","2816433","2.59",,
"2026-06-30","MPWR","Monolithic Power Systems, Inc.","NNM","2214362","2348322","1475639","1.50",,
"2026-06-30","MRK","Merck & Co., Inc.","NYSE","31381267","30267292","13647853","2.30",,
"2026-06-30","MRSH","Marsh","NYSE","6738340","7297462","2914990","2.31",,
"2026-06-30","MRVL","Marvell Technology, Inc. Commo","NNM","34082367","39310968","65153169","1.00",,
"2026-06-30","MS","Morgan Stanley","NYSE","17686436","17919619","7181220","2.46",,
"2026-06-30","MSFT","Microsoft Corporation Common S","NNM","89063316","95188264","60620478","1.47",,
"2026-06-30","MSI","Motorola Solutions, Inc. New","NYSE","3667472","3024975","1366704","2.68",,
"2026-06-30","MU","Micron Technology, Inc. Common","NNM","31669690","41592382","60260831","1.00",,
"2026-06-30","NEE","NextEra Energy, Inc.","NYSE","58006960","49754747","13376123","4.34",,
"2026-06-30","NEM","Newmont Corporation","NYSE","19486635","19702756","10240627","1.90",,
"2026-06-30","NET","Cloudflare, Inc. Class A commo","NYSE","9277677","8937668","3369268","2.75",,
"2026-06-30","NFLX","Netflix, Inc. Common Stock","NNM","104117446","101027252","59183633","1.76",,
"2026-06-30","NKE","Nike, Inc.","NYSE","72292448","57042189","32947674","2.19",,
"2026-06-30","NOC","Northrop Grumman Corp.","NYSE","2356082","2140121","1179299","2.00",,
"2026-06-30","NOW","SERVICENOW, INC.","NYSE","62126642","59491078","25595515","2.43",,
"2026-06-30","NSC","Norfolk Southern Corp.","NYSE","8529961","8202408","1310911","6.51",,
"2026-06-30","NVDA","NVIDIA Corporation Common Stoc","NNM","310126785","299666309","155989510","1.99",,
"2026-06-30","O","Realty Income Corporation","NYSE","43482417","37311921","7023129","6.19",,
"2026-06-30","ORCL","Oracle Corp","NYSE","41966703","37681841","30324023","1.38",,
"2026-06-30","ORLY","O'Reilly Automotive, Inc. Comm","NNM","23671350","24294640","9584526","2.47",,
"2026-06-30","PANW","Palo Alto Networks, Inc. Commo","NNM","25002502","22532962","7564758","3.31",,
"2026-06-30","PCAR","PACCAR Inc. Common Stock","NNM","15104358","13971919","3767736","4.01",,
"2026-06-30","PEP","PepsiCo, Inc. Common Stock","NNM","33304413","31455776","10555952","3.16",,
"2026-06-30","PFE","Pfizer Inc.","NYSE","163578117","162075723","60914282","2.69",,
"2026-06-30","PG","Procter & Gamble Company","NYSE","23954411","24765080","10673044","2.24",,
"2026-06-30","PGR","Progressive Corporation","NYSE","7791620","7637987","4644751","1.68",,
"2026-06-30","PH","Parker-Hannifin Corporation","NYSE","1595703","1533796","720538","2.21",,
"2026-06-30","PLD","PROLOGIS, INC.","NYSE","13048598","15952780","4677581","2.79",,
"2026-06-30","PLTR","Palantir Technologies Inc. Cla","NNM","87264219","76437717","46744648","1.87",,
"2026-06-30","PM","Philip Morris International In","NYSE","18203066","16929947","6301344","2.89",,
"2026-06-30","PNC","PNC Financial Services Group","NYSE","7662068","7815657","2735293","2.80",,
"2026-06-30","PSX","PHILLIPS 66","NYSE","8062970","8196178","3438342","2.35",,
"2026-06-30","PWR","Quanta Services, Inc.","NYSE","3337307","3805167","1874682","1.78",,
"2026-06-30","QCOM","QUALCOMM Incorporated Common S","NNM","40203445","44623952","25797852","1.56",,
"2026-06-30","RCL","Royal Caribbean Group","NYSE","12701856","12769504","2955431","4.30",,
"2026-06-30","REGN","Regeneron Pharmaceuticals, Inc","NNM","3494420","3304329","1199840","2.91",,
"2026-06-30","ROST","Ross Stores, Inc. Common Stock","NNM","10781855","10706118","4155703","2.59",,
"2026-06-30","RSG","Republic Services Inc.","NYSE","3683360","3744124","1873953","1.97",,
"2026-06-30","RTX","RTX Corporation","NYSE","16114183","18879589","5550426","2.90",,
"2026-06-30","SBUX","Starbucks Corporation Common S","NNM","48192060","48070727","8017777","6.01",,
"2026-06-30","SCCO","Southern Copper Corporation","NYSE","11666779","11404403","1527993","7.64",,
"2026-06-30","SCHW","The Charles Schwab Corporation","NYSE","25024929","22633887","13560449","1.85",,
"2026-06-30","SHW","The Sherwin-Williams Company","NYSE","7896285","9078444","3511865","2.25",,
"2026-06-30","SNDK","Sandisk Corporation Common Sto","NNM","7197631","10911306","11850362","1.00",,
"2026-06-30","SNOW","Snowflake Inc.","NYSE","23049651","21756939","7852079","2.94",,
"2026-06-30","SNPS","Synopsys, Inc. Common Stock","NNM","5418434","5840167","2467265","2.20",,
"2026-06-30","SO","The Southern Company","NYSE","37411093","30487332","8302020","4.51",,
"2026-06-30","SPCX","Space Exploration Technologies","NNM","111298613","23331117","151628172","1.00",,"R"
"2026-06-30","SPG","Simon Property Group, Inc.","NYSE","10848176","9269266","3451004","3.14",,
"2026-06-30","SPGI","S&P Global Inc.","NYSE","3437187","4887553","2923731","1.18",,
"2026-06-30","SYK","Stryker Corporation","NYSE","6924236","6144291","2929022","2.36",,
"2026-06-30","T","AT&T Inc.","NYSE","125702888","125381453","74229119","1.69",,
"2026-06-30","TDG","TransDigm Group Incorporated","NYSE","1146271","1128497","488201","2.35",,
"2026-06-30","TFC","Truist Financial Corporation","NYSE","33234006","35904827","12607689","2.64",,
"2026-06-30","TGT","Target Corporation","NYSE","18658100","19674659","5140068","3.63",,
"2026-06-30","TJX","TJX Companies, Inc. (The)","NYSE","16856747","17718777","7019784","2.40",,
"2026-06-30","TMO","Thermo Fisher Scientific, Inc.","NYSE","5351535","4418353","2443884","2.19",,
"2026-06-30","TMUS","T-Mobile US, Inc. Common Stock","NNM","20010780","23503410","7206482","2.78",,
"2026-06-30","TRV","The Travelers Companies, Inc.","NYSE","7946226","5986160","2776124","2.86",,
"2026-06-30","TSLA","Tesla, Inc. Common Stock","NNM","79109257","78183135","45999264","1.72",,
"2026-06-30","TXN","Texas Instruments Incorporated","NNM","16881127","20975738","12609509","1.34",,
"2026-06-30","UBER","Uber Technologies, Inc.","NYSE","56087568","55038495","27159674","2.07",,
"2026-06-30","UNH","UNITEDHEALTH GROUP INCORPORATE","NYSE","18410503","17174473","6945798","2.65",,
"2026-06-30","UNP","Union Pacific Corp.","NYSE","28484157","29458961","3050284","9.34",,
"2026-06-30","UPS","United Parcel Service, Inc. Cl","NYSE","23118697","24657914","5611208","4.12",,
"2026-06-30","URI","United Rentals, Inc.","NYSE","1494589","1417588","549699","2.72",,
"2026-06-30","USB","U.S. Bancorp","NYSE","23654933","27288450","11441584","2.07",,
"2026-06-30","V","VISA Inc.","NYSE","20676753","21277271","10874251","1.90",,
"2026-06-30","VLO","Valero Energy Corporation","NYSE","10378936","11075304","3925174","2.64",,
"2026-06-30","VRT","Vertiv Holdings Co Class A Com","NYSE","14478165","14982194","8444720","1.71",,
"2026-06-30","VRTX","Vertex Pharmaceuticals Incorpo","NNM","4938472","4616968","2454849","2.01",,
"2026-06-30","VZ","Verizon Communications","NYSE","94985050","89914318","35973316","2.64",,
"2026-06-30","WBD","Warner Bros. Discovery, Inc. S","NNM","74390174","65828066","24544031","3.03",,
"2026-06-30","WDC","Western Digital Corporation Co","NNM","22377149","26449406","13782339","1.62",,
"2026-06-30","WELL","Welltower Inc.","NYSE","19373177","18563046","4268999","4.54",,
"2026-06-30","WFC","Wells Fargo & Co.","NYSE","28597263","34848759","17641851","1.62",,
"2026-06-30","WM","Waste Management, Inc.","NYSE","6359537","6457008","2797170","2.27",,
"2026-06-30","WMB","Williams Companies Inc.","NYSE","24517221","23582185","9808865","2.50",,
"2026-06-30","WMT","Walmart Inc. Common Stock","NNM","83880603","83639731","24071957","3.48",,
"2026-06-30","XOM","Exxon Mobil Corporation","NYSE","37809438","47964187","20608580","1.83",,
"2026-06-15","AAPL","Apple Inc. Common Stock","NNM","144248476","155886024","52343843","2.76",,
"2026-06-15","ABBV","ABBVIE INC.","NYSE","23446826","23158744","5150656","4.55",,
"2026-06-15","ABNB","Airbnb, Inc. Class A Common St","NNM","14634622","14725573","3686295","3.97",,
"2026-06-15","ABT","Abbott Laboratories","NYSE","21974266","22044423","12404150","1.77",,
"2026-06-15","ADBE","Adobe Inc. Common Stock","NNM","20892296","18663125","8778047","2.38",,
"2026-06-15","ADI","Analog Devices, Inc. Common St","NNM","12047454","9480279","4692325","2.57",,
"2026-06-15","ADP","Automatic Data Processing, Inc","NNM","15982286","15328126","2579272","6.20",,
"2026-06-15","AEP","American Electric Power Compan","NNM","33585166","32207249","4668048","7.19",,
"2026-06-15","AFL","Aflac Inc.","NYSE","10638442","9082321","2616827","4.07",,
"2026-06-15","AJG","Arthur J. Gallagher & Co.","NYSE","6873982","5058267","1797435","3.82",,
"2026-06-15","ALL","The Allstate Corporation","NYSE","8531077","8990801","1524668","5.60",,
"2026-06-15","AMAT","Applied Materials, Inc. Common","NNM","21911355","19954921","9844153","2.23",,
"2026-06-15","AMD","Advanced Micro Devices, Inc. C","NNM","46762536","44067722","31237217","1.50",,
"2026-06-15","AMGN","Amgen Inc. Common Stock","NNM","12200158","11852360","2968539","4.11",,
"2026-06-15","AMT","American Tower Corporation","NYSE","8952567","9063793","3243947","2.76",,
"2026-06-15","AMZN","Amazon.com, Inc. Common Stock","NNM","98953140","92450944","43921634","2.25",,
"2026-06-15","ANET","Arista Networks","NYSE","20199469","21269942","7761694","2.60",,
"2026-06-15","AON","Aon plc Class A","NYSE","3590630","2993070","1492039","2.41",,
"2026-06-15","APD","Air Products & Chemicals, Inc.","NYSE","3151575","3125640","1143980","2.75",,
"2026-06-15","APH","Amphenol Corporation","NYSE","17223423","17896762","9715885","1.77",,
"2026-06-15","APO","Apollo Global Management, Inc.","NYSE","30994588","30285699","3189378","9.72",,
"2026-06-15","APP","Applovin Corporation Class A C","NNM","12847141","12826379","4678463","2.75",,
"2026-06-15","AVGO","Broadcom Inc. Common Stock","NNM","61482385","58477285","41115986","1.50",,
"2026-06-15","AXP","American Express Company","NYSE","12100785","12044280","2722044","4.45",,
"2026-06-15","BA","Boeing Company","NYSE","14927432","16171325","6625751","2.25",,
"2026-06-15","BAC","Bank of America Corporation","NYSE","101431011","107733924","37390633","2.71",,
"2026-06-15","BKNG","Booking Holdings Inc. Common S","NNM","25289823","24389151","7235776","3.50",,
"2026-06-15","BLK","Blackrock, Inc.","NYSE","2009447","2010666","720892","2.79",,
"2026-06-15","BMY","Bristol-Myers Squibb Co.","NYSE","39595308","38507952","11894736","3.33",,
"2026-06-15","BNY","Bank of New York Mellon Corpor","NYSE","9989818","11248873","3248520","3.08",,
"2026-06-15","BRKA","Berkshire Hathaway Inc.","NYSE","227","169","231","1.00",,
"2026-06-15","BRKB","BERKSHIRE HATHAWAY Class B","NYSE","12490426","12218857","5719889","2.18",,
"2026-06-15","BSX","Boston Scientific Corp.","NYSE","29750309","57491117","20617498","1.44",,
"2026-06-15","BX","Blackstone Inc.","NYSE","20206489","19720974","5375388","3.76",,
"2026-06-15","C","Citigroup Inc.","NYSE","32496234","30533659","12292605","2.64",,
"2026-06-15","CAT","Caterpillar Inc.","NYSE","8445334","8103454","2822323","2.99",,
"2026-06-15","CDNS","Cadence Design Systems, Inc. C","NNM","4919518","4872311","2633186","1.87",,
"2026-06-15","CEG","Constellation Energy Corporati","NNM","11380943","11593455","4885748","2.33",,
"2026-06-15","CI","The Cigna Group","NYSE","7333399","6052749","1481303","4.95",,
"2026-06-15","CL","Colgate-Palmolive Company","NYSE","20530776","21136595","5430738","3.78",,
"2026-06-15","CMCSA","Comcast Corporation Class A Co","NNM","89134254","83844940","29440995","3.03",,
"2026-06-15","CME","CME Group Inc. Class A Common","NNM","5212475","4566985","4171632","1.25",,
"2026-06-15","CMI","Cummins Inc.","NYSE","2564536","2051172","933247","2.75",,
"2026-06-15","COF","Capital One Financial","NYSE","10957715","10678479","5095766","2.15",,
"2026-06-15","COP","ConocoPhillips","NYSE","23943572","22268790","6855567","3.49",,
"2026-06-15","COST","Costco Wholesale Corporation C","NNM","7837886","7878688","2171244","3.61",,
"2026-06-15","CRM","Salesforce, Inc.","NYSE","59074414","60979990","15438783","3.83",,
"2026-06-15","CRWD","CrowdStrike Holdings, Inc. Cla","NNM","7723613","7511431","4012015","1.93",,
"2026-06-15","CSCO","Cisco Systems, Inc. Common Sto","NNM","61784477","61949954","24184939","2.55",,
"2026-06-15","CSX","CSX Corporation Common Stock","NNM","40778038","38153987","11394879","3.58",,
"2026-06-15","CTAS","Cintas Corporation Common Stoc","NNM","12114519","11944744","2242423","5.40",,
"2026-06-15","CVNA","Carvana Co.","NYSE","74845724","72224125","9980534","7.50",,
"2026-06-15","CVS","CVS HEALTH CORPORATION","NYSE","23194154","17760492","8557677","2.71",,
"2026-06-15","CVX","Chevron Corporation","NYSE","21583655","22909437","7967755","2.71",,
"2026-06-15","D","Dominion Energy, Inc Common St","NYSE","26078261","26286735","7039206","3.70",,
"2026-06-15","DASH","DoorDash, Inc. Class A Common","NNM","19108102","17484142","4561198","4.19",,
"2026-06-15","DDOG","Datadog, Inc. Class A Common S","NNM","14614591","14139488","6536410","2.24",,
"2026-06-15","DE","Deere & Company","NYSE","6338522","5073694","1537124","4.12",,
"2026-06-15","DELL","Dell Technologies Inc.","NYSE","15809739","18961953","11243153","1.41",,
"2026-06-15","DHR","Danaher Corporation","NYSE","11493085","9289510","3943865","2.91",,
"2026-06-15","DIS","The Walt Disney Company","NYSE","24143547","26510366","8560100","2.82",,
"2026-06-15","DLR","Digital Realty Trust, Inc.","NYSE","8084831","7313932","2343317","3.45",,
"2026-06-15","DUK","Duke Energy Corporation","NYSE","15596378","15620536","3246783","4.80",,
"2026-06-15","ECL","Ecolab, Inc.","NYSE","3661554","3564476","1795252","2.04",,
"2026-06-15","ELV","Elevance Health, Inc.","NYSE","6281369","6604471","1785160","3.52",,
"2026-06-15","EMR","Emerson Electric Co.","NYSE","12095202","12831353","2258336","5.36",,
"2026-06-15","EOG","EOG Resources, Inc.","NYSE","18459404","19612568","3177276","5.81",,
"2026-06-15","EPD","Enterprise Products Partners L","NYSE","16462696","17264974","2148128","7.66",,
"2026-06-15","EQIX","Equinix, Inc. Common Stock REI","NNM","1891662","1944730","513146","3.69",,
"2026-06-15","FCX","Freeport-McMoran Inc.","NYSE","30989259","28346069","14542660","2.13",,
"2026-06-15","FDX","FedEx Corporation","NYSE","4949004","3630558","2087776","2.37",,
"2026-06-15","FTNT","Fortinet, Inc. Common Stock","NNM","18802691","16866836","6498753","2.89",,
"2026-06-15","GD","General Dynamics Corporation","NYSE","3057023","2618198","1147884","2.66",,
"2026-06-15","GE","GE Aerospace","NYSE","13943685","13826768","4329039","3.22",,
"2026-06-15","GEV","GE Vernova Inc.","NYSE","10538288","9185172","3064147","3.44",,
"2026-06-15","GILD","Gilead Sciences, Inc. Common S","NNM","23861932","25725417","8868841","2.69",,
"2026-06-15","GLW","Corning Incorporated","NYSE","23762888","21390269","12374065","1.92",,
"2026-06-15","GM","General Motors Company","NYSE","22767301","20924054","8197121","2.78",,
"2026-06-15","GOOG","Alphabet Inc. Class C Capital","NNM","52717958","45216936","25040939","2.11",,
"2026-06-15","GOOGL","Alphabet Inc. Class A Common S","NNM","89840649","82913646","35339672","2.54",,
"2026-06-15","GS","Goldman Sachs Group Inc.","NYSE","6842221","7688517","2474663","2.76",,
"2026-06-15","GWW","W.W. Grainger, Inc.","NYSE","1312019","1262500","249152","5.27",,
"2026-06-15","HCA","HCA Healthcare, Inc.","NYSE","5214285","5214258","1931748","2.70",,
"2026-06-15","HD","Home Depot, Inc.","NYSE","13518051","12028186","4433542","3.05",,
"2026-06-15","HLT","Hilton Worldwide Holdings Inc.","NYSE","6308426","5549117","1434352","4.40",,
"2026-06-15","HON","Honeywell International Inc. C","NNM","19342363","13823028","5406165","3.58",,
"2026-06-15","HOOD","Robinhood Markets, Inc. Class","NNM","37308869","34408802","32360645","1.15",,
"2026-06-15","HPE","Hewlett Packard Enterprise Com","NYSE","76148332","62145275","51769489","1.47",,
"2026-06-15","HWM","Howmet Aerospace Inc.","NYSE","9257258","8822218","2449027","3.78",,
"2026-06-15","IBKR","Interactive Brokers Group, Inc","NNM","14174552","13334420","4907909","2.89",,
"2026-06-15","IBM","International Business Machine","NYSE","29937511","30553020","11628793","2.57",,
"2026-06-15","ICE","Intercontinental Exchange  Inc","NYSE","10406898","8528826","5153031","2.02",,
"2026-06-15","INTC","Intel Corporation Common Stock","NNM","143868544","134957829","131318405","1.10",,
"2026-06-15","INTU","Intuit Inc. Common Stock","NNM","12308106","10399643","5896959","2.09",,
"2026-06-15","ISRG","Intuitive Surgical, Inc. Commo","NNM","7801999","7266942","2481733","3.14",,
"2026-06-15","ITW","Illinois Tool Works Inc.","NYSE","9514135","9631212","1269925","7.49",,
"2026-06-15","JNJ","Johnson & Johnson","NYSE","26689694","23407721","7398392","3.61",,
"2026-06-15","JPM","JPMorgan Chase & Co.","NYSE","30082851","28627082","8463049","3.55",,
"2026-06-15","KKR","KKR & Co. Inc.","NYSE","15348049","14480719","4433388","3.46",,
"2026-06-15","KLAC","KLA Corporation Common Stock","NNM","40762347","3512100","13024592","3.13","S","R"
"2026-06-15","KMI","Kinder Morgan, Inc.","NYSE","40323374","44813126","8386083","4.81",,
"2026-06-15","KO","Coca-Cola Company","NYSE","51127995","46379257","16883804","3.03",,
"2026-06-15","LIN","Linde plc Ordinary Shares","NNM","7601128","6446659","2548640","2.98",,
"2026-06-15","LLY","Eli Lilly & Co.","NYSE","9662739","9795475","3211646","3.01",,
"2026-06-15","LMT","Lockheed Martin Corp.","NYSE","3241512","2646759","1059991","3.06",,
"2026-06-15","LOW","Lowe's Companies Inc.","NYSE","10125274","9927930","2955207","3.43",,
"2026-06-15","LRCX","Lam Research Corporation Commo","NNM","29877317","32072543","11187375","2.67",,
"2026-06-15","MA","Mastercard Incorporated","NYSE","6663541","6482340","4043278","1.65",,
"2026-06-15","MAR","Marriott International Class A","NNM","6307845","6073309","1367950","4.61",,
"2026-06-15","MCD","McDonald's Corporation","NYSE","10663951","9457585","4472395","2.38",,
"2026-06-15","MCK","McKesson Corporation","NYSE","4450184","5237307","822355","5.41",,
"2026-06-15","MCO","Moody's Corporation","NYSE","3429477","3727482","861037","3.98",,
"2026-06-15","MDLZ","Mondelez International, Inc. C","NNM","32772190","34703971","7701841","4.26",,
"2026-06-15","MDT","Medtronic plc","NYSE","18431994","16762517","12159839","1.52",,
"2026-06-15","META","Meta Platforms, Inc. Class A C","NNM","29985155","32270039","20288436","1.48",,
"2026-06-15","MMM","3M Company","NYSE","11728170","9588196","3873027","3.03",,
"2026-06-15","MNST","Monster Beverage Corporation","NNM","22338822","21005240","5599161","3.99",,
"2026-06-15","MO","Altria Group, Inc.","NYSE","51780148","52490415","7986292","6.48",,
"2026-06-15","MPC","MARATHON PETROLEUM CORPORATION","NYSE","7673768","6312262","2343992","3.27",,
"2026-06-15","MPWR","Monolithic Power Systems, Inc.","NNM","2348322","2319453","772017","3.04",,
"2026-06-15","MRK","Merck & Co., Inc.","NYSE","30267292","30545853","11784643","2.57",,
"2026-06-15","MRSH","Marsh","NYSE","7297462","7324954","2650512","2.75",,
"2026-06-15","MRVL","Marvell Technology, Inc. Commo","NNM","39310968","35215842","74004709","1.00",,
"2026-06-15","MS","Morgan Stanley","NYSE","17919619","18277241","5901275","3.04",,
"2026-06-15","MSFT","Microsoft Corporation Common S","NNM","95188264","88696120","36471418","2.61",,
"2026-06-15","MSI","Motorola Solutions, Inc. New","NYSE","3024975","3769587","986982","3.06",,
"2026-06-15","MU","Micron Technology, Inc. Common","NNM","41592382","37549121","53187253","1.00",,
"2026-06-15","NEE","NextEra Energy, Inc.","NYSE","49754747","54011401","10812350","4.60",,
"2026-06-15","NEM","Newmont Corporation","NYSE","19702756","19099936","8360710","2.36",,
"2026-06-15","NET","Cloudflare, Inc. Class A commo","NYSE","8937668","8826367","4442813","2.01",,
"2026-06-15","NFLX","Netflix, Inc. Common Stock","NNM","101027252","101569951","36324865","2.78",,
"2026-06-15","NKE","Nike, Inc.","NYSE","57042189","51395885","19316202","2.95",,
"2026-06-15","NOC","Northrop Grumman Corp.","NYSE","2140121","1819757","1044029","2.05",,
"2026-06-15","NOW","SERVICENOW, INC.","NYSE","59491078","61047279","32461551","1.83",,
"2026-06-15","NSC","Norfolk Southern Corp.","NYSE","8202408","8160523","952605","8.61",,
"2026-06-15","NVDA","NVIDIA Corporation Common Stoc","NNM","299666309","284722716","167960279","1.78",,
"2026-06-15","O","Realty Income Corporation","NYSE","37311921","38611236","6319427","5.90",,
"2026-06-15","ORCL","Oracle Corp","NYSE","37681841","34872175","32203638","1.17",,
"2026-06-15","ORLY","O'Reilly Automotive, Inc. Comm","NNM","24294640","20754159","7287634","3.33",,
"2026-06-15","PANW","Palo Alto Networks, Inc. Commo","NNM","22532962","25677921","10031839","2.25",,
"2026-06-15","PCAR","PACCAR Inc. Common Stock","NNM","13971919","14147880","3175091","4.40",,
"2026-06-15","PEP","PepsiCo, Inc. Common Stock","NNM","31455776","25087625","8844581","3.56",,
"2026-06-15","PFE","Pfizer Inc.","NYSE","162075723","162659281","35201004","4.60",,
"2026-06-15","PG","Procter & Gamble Company","NYSE","24765080","27161722","8607535","2.88",,
"2026-06-15","PGR","Progressive Corporation","NYSE","7637987","7094519","2889174","2.64",,
"2026-06-15","PH","Parker-Hannifin Corporation","NYSE","1533796","1590543","878224","1.75",,
"2026-06-15","PLD","PROLOGIS, INC.","NYSE","15952780","13468265","3780792","4.22",,
"2026-06-15","PLTR","Palantir Technologies Inc. Cla","NNM","76437717","69188922","37977721","2.01",,
"2026-06-15","PM","Philip Morris International In","NYSE","16929947","16240111","4204480","4.03",,
"2026-06-15","PNC","PNC Financial Services Group","NYSE","7815657","6929027","2159635","3.62",,
"2026-06-15","PSX","PHILLIPS 66","NYSE","8196178","7810424","1999777","4.10",,
"2026-06-15","PWR","Quanta Services, Inc.","NYSE","3805167","3892453","1079955","3.52",,
"2026-06-15","QCOM","QUALCOMM Incorporated Common S","NNM","44623952","45037224","18781907","2.38",,
"2026-06-15","RCL","Royal Caribbean Group","NYSE","12769504","13460806","2493462","5.12",,
"2026-06-15","REGN","Regeneron Pharmaceuticals, Inc","NNM","3304329","3001968","968690","3.41",,
"2026-06-15","ROST","Ross Stores, Inc. Common Stock","NNM","10706118","8400998","2922801","3.66",,
"2026-06-15","RSG","Republic Services Inc.","NYSE","3744124","3628169","1598743","2.34",,
"2026-06-15","RTX","RTX Corporation","NYSE","18879589","16513750","5386205","3.51",,
"2026-06-15","SBUX","Starbucks Corporation Common S","NNM","48070727","48175294","8158281","5.89",,
"2026-06-15","SCCO","Southern Copper Corporation","NYSE","11404403","11844523","1446171","7.89",,
"2026-06-15","SCHW","The Charles Schwab Corporation","NYSE","22633887","20972893","11059923","2.05",,
"2026-06-15","SHW","The Sherwin-Williams Company","NYSE","9078444","6374211","2298129","3.95",,
"2026-06-15","SNDK","Sandisk Corporation Common Sto","NNM","10911306","9209981","11014453","1.00",,
"2026-06-15","SNOW","Snowflake Inc.","NYSE","21756939","21254848","9106161","2.39",,
"2026-06-15","SNPS","Synopsys, Inc. Common Stock","NNM","5840167","5641342","1924935","3.03",,
"2026-06-15","SO","The Southern Company","NYSE","30487332","29714772","6303642","4.84",,
"2026-06-15","SPCX","Space Exploration Technologies","NNM","23341117","0","69191993","1.00",,
"2026-06-15","SPG","Simon Property Group, Inc.","NYSE","9269266","8805298","1916665","4.84",,
"2026-06-15","SPGI","S&P Global Inc.","NYSE","4887553","4548380","1947970","2.51",,
"2026-06-15","SYK","Stryker Corporation","NYSE","6144291","6237185","2404466","2.56",,
"2026-06-15","T","AT&T Inc.","NYSE","125381453","128083935","48864290","2.57",,
"2026-06-15","TDG","TransDigm Group Incorporated","NYSE","1128497","1048245","335732","3.36",,
"2026-06-15","TFC","Truist Financial Corporation","NYSE","35904827","33970541","10821824","3.32",,
"2026-06-15","TGT","Target Corporation","NYSE","19674659","15629714","4367715","4.50",,
"2026-06-15","TJX","TJX Companies, Inc. (The)","NYSE","17718777","17571385","5916876","2.99",,
"2026-06-15","TMO","Thermo Fisher Scientific, Inc.","NYSE","4418353","4693391","2154544","2.05",,
"2026-06-15","TMUS","T-Mobile US, Inc. Common Stock","NNM","23503410","19947133","5300370","4.43",,
"2026-06-15","TRV","The Travelers Companies, Inc.","NYSE","5986160","6019521","1550008","3.86",,
"2026-06-15","TSLA","Tesla, Inc. Common Stock","NNM","78183135","76947758","48798744","1.60",,
"2026-06-15","TXN","Texas Instruments Incorporated","NNM","20975738","18984838","8429912","2.49",,
"2026-06-15","UBER","Uber Technologies, Inc.","NYSE","55038495","61176999","20384666","2.70",,
"2026-06-15","UNH","UNITEDHEALTH GROUP INCORPORATE","NYSE","17174473","19282449","7447458","2.31",,
"2026-06-15","UNP","Union Pacific Corp.","NYSE","29458961","29652815","2514889","11.71",,
"2026-06-15","UPS","United Parcel Service, Inc. Cl","NYSE","24657914","24680797","5254737","4.69",,
"2026-06-15","URI","United Rentals, Inc.","NYSE","1417588","1367389","559486","2.53",,
"2026-06-15","USB","U.S. Bancorp","NYSE","27288450","25361632","9100209","3.00",,
"2026-06-15","V","VISA Inc.","NYSE","21277271","21356037","7216026","2.95",,
"2026-06-15","VLO","Valero Energy Corporation","NYSE","11075304","9261359","2759702","4.01",,
"2026-06-15","VRT","Vertiv Holdings Co Class A Com","NYSE","14982194","14310948","6099842","2.46",,
"2026-06-15","VRTX","Vertex Pharmaceuticals Incorpo","NNM","4616968","4491490","1209855","3.82",,
"2026-06-15","VZ","Verizon Communications","NYSE","89914318","86615694","23241233","3.87",,
"2026-06-15","WBD","Warner Bros. Discovery, Inc. S","NNM","65828066","60960209","23316263","2.82",,
"2026-06-15","WDC","Western Digital Corporation Co","NNM","26449406","31871127","6839936","3.87",,
"2026-06-15","WELL","Welltower Inc.","NYSE","18563046","17755855","3458296","5.37",,
"2026-06-15","WFC","Wells Fargo & Co.","NYSE","34848759","32456915","14583229","2.39",,
"2026-06-15","WM","Waste Management, Inc.","NYSE","6457008","5727580","2190397","2.95",,
"2026-06-15","WMB","Williams Companies Inc.","NYSE","23582185","21683353","5784193","4.08",,
"2026-06-15","WMT","Walmart Inc. Common Stock","NNM","83639731","80020606","24279897","3.44",,
"2026-06-15","XOM","Exxon Mobil Corporation","NYSE","47964187","42132243","15928368","3.01",,
"2026-05-29","AAPL","Apple Inc. Common Stock","NNM","155886024","138782718","46064146","3.38",,
"2026-05-29","ABBV","ABBVIE INC.","NYSE","23158744","22590034","5422513","4.27",,
"2026-05-29","ABNB","Airbnb, Inc. Class A Common St","NNM","14725573","13906521","3950023","3.73",,
"2026-05-29","ABT","Abbott Laboratories","NYSE","22044423","23222031","11365242","1.94",,
"2026-05-29","ADBE","Adobe Inc. Common Stock","NNM","18663125","18979957","4927189","3.79",,
"2026-05-29","ADI","Analog Devices, Inc. Common St","NNM","9480279","9489333","5854835","1.62",,
"2026-05-29","ADP","Automatic Data Processing, Inc","NNM","15328126","16460942","2619214","5.85",,
"2026-05-29","AEP","American Electric Power Compan","NNM","32207249","28620961","4803236","6.71",,
"2026-05-29","AFL","Aflac Inc.","NYSE","9082321","8657263","2867411","3.17",,
"2026-05-29","AJG","Arthur J. Gallagher & Co.","NYSE","5058267","5397314","1603219","3.16",,
"2026-05-29","ALL","The Allstate Corporation","NYSE","8990801","7529817","1900813","4.73",,
"2026-05-29","AMAT","Applied Materials, Inc. Common","NNM","19954921","18310121","6745266","2.96",,
"2026-05-29","AMD","Advanced Micro Devices, Inc. C","NNM","44067722","44696277","32145426","1.37",,
"2026-05-29","AMGN","Amgen Inc. Common Stock","NNM","11852360","12289634","2380675","4.98",,
"2026-05-29","AMT","American Tower Corporation","NYSE","9063793","8986581","3110003","2.91",,
"2026-05-29","AMZN","Amazon.com, Inc. Common Stock","NNM","92450944","104283766","38105083","2.43",,
"2026-05-29","ANET","Arista Networks","NYSE","21269942","20888363","10072144","2.11",,
"2026-05-29","AON","Aon plc Class A","NYSE","2993070","2857023","1515968","1.97",,
"2026-05-29","APD","Air Products & Chemicals, Inc.","NYSE","3125640","3126942","1207070","2.59",,
"2026-05-29","APH","Amphenol Corporation","NYSE","17896762","15964661","12299991","1.46",,
"2026-05-29","APO","Apollo Global Management, Inc.","NYSE","30285699","30573226","3317006","9.13",,
"2026-05-29","APP","Applovin Corporation Class A C","NNM","12826379","11967523","4930293","2.60",,
"2026-05-29","AVGO","Broadcom Inc. Common Stock","NNM","58477285","53234237","20370381","2.87",,
"2026-05-29","AXP","American Express Company","NYSE","12044280","12314694","3059308","3.94",,
"2026-05-29","BA","Boeing Company","NYSE","16171325","16214433","6792305","2.38",,
"2026-05-29","BAC","Bank of America Corporation","NYSE","107733924","100756336","40211498","2.68",,
"2026-05-29","BKNG","Booking Holdings Inc. Common S","NNM","24389151","25790056","7719191","3.16",,
"2026-05-29","BLK","Blackrock, Inc.","NYSE","2010666","2161477","696220","2.89",,
"2026-05-29","BMY","Bristol-Myers Squibb Co.","NYSE","38507952","36716099","11144361","3.46",,
"2026-05-29","BNY","Bank of New York Mellon Corpor","NYSE","11248873","11015314","3681805","3.06",,
"2026-05-29","BRKA","Berkshire Hathaway Inc.","NYSE","169","176","240","1.00",,
"2026-05-29","BRKB","BERKSHIRE HATHAWAY Class B","NYSE","12218857","10963479","4829053","2.53",,
"2026-05-29","BSX","Boston Scientific Corp.","NYSE","57491117","31423298","25507630","2.25",,
"2026-05-29","BX","Blackstone Inc.","NYSE","19720974","18312126","4993857","3.95",,
"2026-05-29","C","Citigroup Inc.","NYSE","30533659","29989465","9632586","3.17",,
"2026-05-29","CAT","Caterpillar Inc.","NYSE","8103454","8353937","2766216","2.93",,
"2026-05-29","CDNS","Cadence Design Systems, Inc. C","NNM","4872311","5444390","2093927","2.33",,
"2026-05-29","CEG","Constellation Energy Corporati","NNM","11593455","10532940","3110950","3.73",,
"2026-05-29","CI","The Cigna Group","NYSE","6052749","6127054","1577447","3.84",,
"2026-05-29","CL","Colgate-Palmolive Company","NYSE","21136595","19836043","5092536","4.15",,
"2026-05-29","CMCSA","Comcast Corporation Class A Co","NNM","83844940","85159958","30818090","2.72",,
"2026-05-29","CME","CME Group Inc. Class A Common","NNM","4566985","4782505","2692253","1.70",,
"2026-05-29","CMI","Cummins Inc.","NYSE","2051172","1728838","1028859","1.99",,
"2026-05-29","COF","Capital One Financial","NYSE","10678479","8854301","4988999","2.14",,
"2026-05-29","COP","ConocoPhillips","NYSE","22268790","27894997","6623126","3.36",,
"2026-05-29","COST","Costco Wholesale Corporation C","NNM","7878688","7357205","2944359","2.68",,
"2026-05-29","CRM","Salesforce, Inc.","NYSE","60979990","62680190","17115736","3.56",,
"2026-05-29","CRWD","CrowdStrike Holdings, Inc. Cla","NNM","7511431","7512730","3453916","2.17",,
"2026-05-29","CSCO","Cisco Systems, Inc. Common Sto","NNM","61949954","58968443","26335950","2.35",,
"2026-05-29","CSX","CSX Corporation Common Stock","NNM","38153987","33724754","12888167","2.96",,
"2026-05-29","CTAS","Cintas Corporation Common Stoc","NNM","11944744","11953504","2161576","5.53",,
"2026-05-29","CVNA","Carvana Co.","NYSE","72224125","73007090","11091307","6.51",,
"2026-05-29","CVS","CVS HEALTH CORPORATION","NYSE","17760492","19520276","7445329","2.39",,
"2026-05-29","CVX","Chevron Corporation","NYSE","22909437","20036013","10985063","2.09",,
"2026-05-29","D","Dominion Energy, Inc Common St","NYSE","26286735","28476869","14831540","1.77",,
"2026-05-29","DASH","DoorDash, Inc. Class A Common","NNM","17484142","14813731","4992691","3.50",,
"2026-05-29","DDOG","Datadog, Inc. Class A Common S","NNM","14139488","15608515","5543390","2.55",,
"2026-05-29","DE","Deere & Company","NYSE","5073694","5453445","1688760","3.00",,
"2026-05-29","DELL","Dell Technologies Inc.","NYSE","18961953","21403630","13436331","1.41",,
"2026-05-29","DHR","Danaher Corporation","NYSE","9289510","8397302","4598574","2.02",,
"2026-05-29","DIS","The Walt Disney Company","NYSE","26510366","25764213","8028621","3.30",,
"2026-05-29","DLR","Digital Realty Trust, Inc.","NYSE","7313932","7141891","1893657","3.86",,
"2026-05-29","DUK","Duke Energy Corporation","NYSE","15620536","16116817","3205211","4.87",,
"2026-05-29","ECL","Ecolab, Inc.","NYSE","3564476","3514387","1927365","1.85",,
"2026-05-29","ELV","Elevance Health, Inc.","NYSE","6604471","6101072","1520194","4.34",,
"2026-05-29","EMR","Emerson Electric Co.","NYSE","12831353","13480392","3082260","4.16",,
"2026-05-29","EOG","EOG Resources, Inc.","NYSE","19612568","17946766","3506959","5.59",,
"2026-05-29","EPD","Enterprise Products Partners L","NYSE","17264974","19256305","4579517","3.77",,
"2026-05-29","EQIX","Equinix, Inc. Common Stock REI","NNM","1944730","1897180","594112","3.27",,
"2026-05-29","FCX","Freeport-McMoran Inc.","NYSE","28346069","29336364","10923819","2.59",,
"2026-05-29","FDX","FedEx Corporation","NYSE","3630558","4003794","1566358","2.32",,
"2026-05-29","FTNT","Fortinet, Inc. Common Stock","NNM","16866836","19647622","6126124","2.75",,
"2026-05-29","GD","General Dynamics Corporation","NYSE","2618198","2789302","909165","2.88",,
"2026-05-29","GE","GE Aerospace","NYSE","13826768","14231930","5413029","2.55",,
"2026-05-29","GEV","GE Vernova Inc.","NYSE","9185172","8858093","2609534","3.52",,
"2026-05-29","GILD","Gilead Sciences, Inc. Common S","NNM","25725417","23135379","6740926","3.82",,
"2026-05-29","GLW","Corning Incorporated","NYSE","21390269","21253158","12568979","1.70",,
"2026-05-29","GM","General Motors Company","NYSE","20924054","21831796","8014559","2.61",,
"2026-05-29","GOOG","Alphabet Inc. Class C Capital","NNM","45216936","43535503","21182237","2.13",,
"2026-05-29","GOOGL","Alphabet Inc. Class A Common S","NNM","82913646","82143498","29072375","2.85",,
"2026-05-29","GS","Goldman Sachs Group Inc.","NYSE","7688517","6816398","2163355","3.55",,
"2026-05-29","GWW","W.W. Grainger, Inc.","NYSE","1262500","1289567","268456","4.70",,
"2026-05-29","HCA","HCA Healthcare, Inc.","NYSE","5214258","4454149","1758543","2.97",,
"2026-05-29","HD","Home Depot, Inc.","NYSE","12028186","12457531","6123464","1.96",,
"2026-05-29","HLT","Hilton Worldwide Holdings Inc.","NYSE","5549117","5208145","1551757","3.58",,
"2026-05-29","HON","Honeywell International Inc. C","NNM","13823028","10838743","5035917","2.74",,
"2026-05-29","HOOD","Robinhood Markets, Inc. Class","NNM","34408802","37744984","27404818","1.26",,
"2026-05-29","HPE","Hewlett Packard Enterprise Com","NYSE","62145275","67749384","24957582","2.49",,
"2026-05-29","HWM","Howmet Aerospace Inc.","NYSE","8822218","8658505","2451936","3.60",,
"2026-05-29","IBKR","Interactive Brokers Group, Inc","NNM","13334420","11457034","6342846","2.10",,
"2026-05-29","IBM","International Business Machine","NYSE","30553020","26858385","13442633","2.27",,
"2026-05-29","ICE","Intercontinental Exchange  Inc","NYSE","8528826","8260154","4008886","2.13",,
"2026-05-29","INTC","Intel Corporation Common Stock","NNM","134957829","141034491","124879443","1.08",,
"2026-05-29","INTU","Intuit Inc. Common Stock","NNM","10399643","11027589","8908684","1.17",,
"2026-05-29","ISRG","Intuitive Surgical, Inc. Commo","NNM","7266942","6706878","2324036","3.13",,
"2026-05-29","ITW","Illinois Tool Works Inc.","NYSE","9631212","9386842","1567570","6.14",,
"2026-05-29","JNJ","Johnson & Johnson","NYSE","23407721","23038990","7937059","2.95",,
"2026-05-29","JPM","JPMorgan Chase & Co.","NYSE","28627082","27094333","9116703","3.14",,
"2026-05-29","KKR","KKR & Co. Inc.","NYSE","14480719","15946233","4219682","3.43",,
"2026-05-29","KLAC","KLA Corporation Common Stock","NNM","3504100","3380525","949938","3.69",,
"2026-05-29","KMI","Kinder Morgan, Inc.","NYSE","44813126","43287767","10608816","4.22",,
"2026-05-29","KO","Coca-Cola Company","NYSE","46379257","48261141","15924090","2.91",,
"2026-05-29","LIN","Linde plc Ordinary Shares","NNM","6446659","7072120","2151065","3.00",,
"2026-05-29","LLY","Eli Lilly & Co.","NYSE","9795475","8430505","3307630","2.96",,
"2026-05-29","LMT","Lockheed Martin Corp.","NYSE","2646759","2552501","1331392","1.99",,
"2026-05-29","LOW","Lowe's Companies Inc.","NYSE","9927930","9985182","3528655","2.81",,
"2026-05-29","LRCX","Lam Research Corporation Commo","NNM","32072543","32918359","8805425","3.64",,
"2026-05-29","MA","Mastercard Incorporated","NYSE","6482340","7117100","3323003","1.95",,
"2026-05-29","MAR","Marriott International Class A","NNM","6073309","4868209","1493458","4.07",,
"2026-05-29","MCD","McDonald's Corporation","NYSE","9457585","10334552","4150867","2.28",,
"2026-05-29","MCK","McKesson Corporation","NYSE","5237307","2879151","1583536","3.31",,
"2026-05-29","MCO","Moody's Corporation","NYSE","3727482","3913423","1113273","3.35",,
"2026-05-29","MDLZ","Mondelez International, Inc. C","NNM","34703971","34393641","7185003","4.83",,
"2026-05-29","MDT","Medtronic plc","NYSE","16762517","14645842","11263371","1.49",,
"2026-05-29","META","Meta Platforms, Inc. Class A C","NNM","32270039","32148051","14756390","2.19",,
"2026-05-29","MMM","3M Company","NYSE","9588196","8536243","4043473","2.37",,
"2026-05-29","MNST","Monster Beverage Corporation","NNM","21005240","20033058","5052141","4.16",,
"2026-05-29","MO","Altria Group, Inc.","NYSE","52490415","51602210","7665727","6.85",,
"2026-05-29","MPC","MARATHON PETROLEUM CORPORATION","NYSE","6312262","5947128","2294750","2.75",,
"2026-05-29","MPWR","Monolithic Power Systems, Inc.","NNM","2319453","1975414","709701","3.27",,
"2026-05-29","MRK","Merck & Co., Inc.","NYSE","30545853","29060187","9991704","3.06",,
"2026-05-29","MRSH","Marsh","NYSE","7324954","6944657","2830946","2.59",,
"2026-05-29","MRVL","Marvell Technology, Inc. Commo","NNM","35215842","32247247","33133550","1.06",,
"2026-05-29","MS","Morgan Stanley","NYSE","18277241","15346174","5958349","3.07",,
"2026-05-29","MSFT","Microsoft Corporation Common S","NNM","88696120","77302679","36733690","2.41",,
"2026-05-29","MSI","Motorola Solutions, Inc. New","NYSE","3769587","3375554","1352889","2.79",,
"2026-05-29","MU","Micron Technology, Inc. Common","NNM","37549121","35235443","55527691","1.00",,
"2026-05-29","NEE","Nextra Energy, Inc.","NYSE","54011401","49448512","18404502","2.93",,
"2026-05-29","NEM","Newmont Corporation","NYSE","19099936","19080156","7862360","2.43",,
"2026-05-29","NET","Cloudflare, Inc. Class A commo","NYSE","8826367","8994389","3525082","2.50",,
"2026-05-29","NFLX","Netflix, Inc. Common Stock","NNM","101569951","98015366","29800617","3.41",,
"2026-05-29","NKE","Nike, Inc.","NYSE","51395885","53918467","22976249","2.24",,
"2026-05-29","NOC","Northrop Grumman Corp.","NYSE","1819757","1747438","966459","1.88",,
"2026-05-29","NOW","SERVICENOW, INC.","NYSE","61047279","57943059","38509723","1.59",,
"2026-05-29","NSC","Norfolk Southern Corp.","NYSE","8160523","7179711","1495677","5.46",,
"2026-05-29","NVDA","NVIDIA Corporation Common Stoc","NNM","284722716","296966425","180147142","1.58",,
"2026-05-29","O","Realty Income Corporation","NYSE","38611236","34221745","5816522","6.64",,
"2026-05-29","ORCL","Oracle Corp","NYSE","34872175","36356379","18527663","1.88",,
"2026-05-29","ORLY","O'Reilly Automotive, Inc. Comm","NNM","20754159","19947912","6479413","3.20",,
"2026-05-29","PANW","Palo Alto Networks, Inc. Commo","NNM","25677921","27988535","8487960","3.03",,
"2026-05-29","PCAR","PACCAR Inc. Common Stock","NNM","14147880","13019268","2822197","5.01",,
"2026-05-29","PEP","PepsiCo, Inc. Common Stock","NNM","25087625","24887206","8487421","2.96",,
"2026-05-29","PFE","Pfizer Inc.","NYSE","162659281","157459584","32807683","4.96",,
"2026-05-29","PG","Procter & Gamble Company","NYSE","27161722","29448019","8461159","3.21",,
"2026-05-29","PGR","Progressive Corporation","NYSE","7094519","6958179","3594605","1.97",,
"2026-05-29","PH","Parker-Hannifin Corporation","NYSE","1590543","1395041","742918","2.14",,
"2026-05-29","PLD","PROLOGIS, INC.","NYSE","13468265","12505599","3433230","3.92",,
"2026-05-29","PLTR","Palantir Technologies Inc. Cla","NNM","69188922","70816470","39114597","1.77",,
"2026-05-29","PM","Philip Morris International In","NYSE","16240111","17630297","4588688","3.54",,
"2026-05-29","PNC","PNC Financial Services Group","NYSE","6929027","6904688","1661229","4.17",,
"2026-05-29","PSX","PHILLIPS 66","NYSE","7810424","8604159","2373018","3.29",,
"2026-05-29","PWR","Quanta Services, Inc.","NYSE","3892453","4397591","1220505","3.19",,
"2026-05-29","QCOM","QUALCOMM Incorporated Common S","NNM","45037224","50442626","24528651","1.84",,
"2026-05-29","RCL","Royal Caribbean Group","NYSE","13460806","12391503","3818367","3.53",,
"2026-05-29","REGN","Regeneron Pharmaceuticals, Inc","NNM","3001968","2780809","1532432","1.96",,
"2026-05-29","ROST","Ross Stores, Inc. Common Stock","NNM","8400998","7517564","4314941","1.95",,
"2026-05-29","RSG","Republic Services Inc.","NYSE","3628169","3162093","1948074","1.86",,
"2026-05-29","RTX","RTX Corporation","NYSE","16513750","14371763","5670765","2.91",,
"2026-05-29","SBUX","Starbucks Corporation Common S","NNM","48175294","51873965","7525679","6.40",,
"2026-05-29","SCCO","Southern Copper Corporation","NYSE","11844523","11959847","1186741","9.98",,
"2026-05-29","SCHW","The Charles Schwab Corporation","NYSE","20972893","19011923","12485291","1.68",,
"2026-05-29","SHW","The Sherwin-Williams Company","NYSE","6374211","5785147","2165771","2.94",,
"2026-05-29","SNDK","Sandisk Corporation Common Sto","NNM","9209981","9135603","11220692","1.00",,
"2026-05-29","SNOW","Snowflake Inc.","NYSE","21254848","19467920","14342197","1.48",,
"2026-05-29","SNPS","Synopsys, Inc. Common Stock","NNM","5641342","5149872","2311365","2.44",,
"2026-05-29","SO","The Southern Company","NYSE","29714772","25966609","5397512","5.51",,
"2026-05-29","SPG","Simon Property Group, Inc.","NYSE","8805298","8535541","1607308","5.48",,
"2026-05-29","SPGI","S&P Global Inc.","NYSE","4548380","4015224","2334830","1.95",,
"2026-05-29","SYK","Stryker Corporation","NYSE","6237185","5751428","3323171","1.88",,
"2026-05-29","T","AT&T Inc.","NYSE","128083935","109629929","40201128","3.19",,
"2026-05-29","TDG","TransDigm Group Incorporated","NYSE","1048245","980573","440186","2.38",,
"2026-05-29","TFC","Truist Financial Corporation","NYSE","33970541","28756975","7145653","4.75",,
"2026-05-29","TGT","Target Corporation","NYSE","15629714","14359090","7903401","1.98",,
"2026-05-29","TJX","TJX Companies, Inc. (The)","NYSE","17571385","14135829","7314339","2.40",,
"2026-05-29","TMO","Thermo Fisher Scientific, Inc.","NYSE","4693391","4773531","2815227","1.67",,
"2026-05-29","TMUS","T-Mobile US, Inc. Common Stock","NNM","19947133","18711046","4283606","4.66",,
"2026-05-29","TRV","The Travelers Companies, Inc.","NYSE","6019521","5799934","1480755","4.07",,
"2026-05-29","TSLA","Tesla, Inc. Common Stock","NNM","76947758","75190815","44348087","1.74",,
"2026-05-29","TXN","Texas Instruments Incorporated","NNM","18984838","18213075","7927049","2.39",,
"2026-05-29","UBER","Uber Technologies, Inc.","NYSE","61176999","59863532","21861307","2.80",,
"2026-05-29","UNH","UNITEDHEALTH GROUP INCORPORATE","NYSE","19282449","17469650","6353083","3.04",,
"2026-05-29","UNP","Union Pacific Corp.","NYSE","29652815","28916554","3782385","7.84",,
"2026-05-29","UPS","United Parcel Service, Inc. Cl","NYSE","24680797","23769021","5865946","4.21",,
"2026-05-29","URI","United Rentals, Inc.","NYSE","1367389","1399265","460262","2.97",,
"2026-05-29","USB","U.S. Bancorp","NYSE","25361632","22649578","7045039","3.60",,
"2026-05-29","V","VISA Inc.","NYSE","21356037","25807210","8770248","2.44",,
"2026-05-29","VLO","Valero Energy Corporation","NYSE","9261359","8488570","3095147","2.99",,
"2026-05-29","VRT","Vertiv Holdings Co Class A Com","NYSE","14310948","13569806","6399072","2.24",,
"2026-05-29","VRTX","Vertex Pharmaceuticals Incorpo","NNM","4491490","4461773","1406784","3.19",,
"2026-05-29","VZ","Verizon Communications","NYSE","86615694","87476337","21839523","3.97",,
"2026-05-29","WBD","Warner Bros. Discovery, Inc. S","NNM","60960209","63825227","18548050","3.29",,
"2026-05-29","WDC","Western Digital Corporation Co","NNM","31871127","29765534","6354309","5.02",,
"2026-05-29","WELL","Welltower Inc.","NYSE","17755855","18647490","4446572","3.99",,
"2026-05-29","WFC","Wells Fargo & Co.","NYSE","32456915","34939383","15829268","2.05",,
"2026-05-29","WM","Waste Management, Inc.","NYSE","5727580","6725517","2342636","2.44",,
"2026-05-29","WMB","Williams Companies Inc.","NYSE","21683353","20307801","6922345","3.13",,
"2026-05-29","WMT","Walmart Inc. Common Stock","NNM","80020606","81636615","28549374","2.80",,
"2026-05-29","XOM","Exxon Mobil Corporation","NYSE","42132243","40915197","17841327","2.36",,
"2026-05-15","AAPL","Apple Inc. Common Stock","NNM","138782718","134675274","50565316","2.74",,
"2026-05-15","ABBV","ABBVIE INC.","NYSE","22590034","20907964","5670258","3.98",,
"2026-05-15","ABNB","Airbnb, Inc. Class A Common St","NNM","13906521","16763124","4200809","3.31",,
"2026-05-15","ABT","Abbott Laboratories","NYSE","23222031","22536486","13666024","1.70",,
"2026-05-15","ADBE","Adobe Inc. Common Stock","NNM","18979957","17391686","4385418","4.33",,
"2026-05-15","ADI","Analog Devices, Inc. Common St","NNM","9489333","10880369","3367252","2.82",,
"2026-05-15","ADP","Automatic Data Processing, Inc","NNM","16460942","13721434","2835124","5.81",,
"2026-05-15","AEP","American Electric Power Compan","NNM","28620961","18502452","5086955","5.63",,
"2026-05-15","AFL","Aflac Inc.","NYSE","8657263","8235600","2053845","4.22",,
"2026-05-15","AJG","Arthur J. Gallagher & Co.","NYSE","5397314","5970889","2160748","2.50",,
"2026-05-15","ALL","The Allstate Corporation","NYSE","7529817","6815224","1683888","4.47",,
"2026-05-15","AMAT","Applied Materials, Inc. Common","NNM","18310121","15898806","8268157","2.21",,
"2026-05-15","AMD","Advanced Micro Devices, Inc. C","NNM","44696277","36142867","44753909","1.00",,
"2026-05-15","AMGN","Amgen Inc. Common Stock","NNM","12289634","12966703","2875509","4.27",,
"2026-05-15","AMT","American Tower Corporation","NYSE","8986581","8044843","2790554","3.22",,
"2026-05-15","AMZN","Amazon.com, Inc. Common Stock","NNM","104283766","90907743","39820216","2.62",,
"2026-05-15","ANET","Arista Networks","NYSE","20888363","18382389","16072938","1.30",,
"2026-05-15","AON","Aon plc Class A","NYSE","2857023","2372205","1559845","1.83",,
"2026-05-15","APD","Air Products & Chemicals, Inc.","NYSE","3126942","3491135","1018415","3.07",,
"2026-05-15","APH","Amphenol Corporation","NYSE","15964661","12881938","12329344","1.29",,
"2026-05-15","APO","Apollo Global Management, Inc.","NYSE","30573226","31742011","3598964","8.50",,
"2026-05-15","APP","Applovin Corporation Class A C","NNM","11967523","11174036","5747626","2.08",,
"2026-05-15","AVGO","Broadcom Inc. Common Stock","NNM","53234237","51011972","18488278","2.88",,
"2026-05-15","AXP","American Express Company","NYSE","12314694","14694400","3185216","3.87",,
"2026-05-15","BA","Boeing Company","NYSE","16214433","15827794","7579707","2.14",,
"2026-05-15","BAC","Bank of America Corporation","NYSE","100756336","89533204","33544555","3.00",,
"2026-05-15","BKNG","Booking Holdings Inc. Common S","NNM","25790056","26757237","7305426","3.53",,
"2026-05-15","BLK","Blackrock, Inc.","NYSE","2161477","1726799","538427","4.01",,
"2026-05-15","BMY","Bristol-Myers Squibb Co.","NYSE","36716099","31330595","10381700","3.54",,
"2026-05-15","BRKA","Berkshire Hathaway Inc.","NYSE","176","176","177","1.00",,
"2026-05-15","BRKB","BERKSHIRE HATHAWAY Class B","NYSE","10963479","10644080","5119212","2.14",,
"2026-05-15","BSX","Boston Scientific Corp.","NYSE","31423298","28642737","17713835","1.77",,
"2026-05-15","BX","Blackstone Inc.","NYSE","18312126","17777107","4495560","4.07",,
"2026-05-15","C","Citigroup Inc.","NYSE","29989465","29089360","12126605","2.47",,
"2026-05-15","CAT","Caterpillar Inc.","NYSE","8353937","8186612","2522433","3.31",,
"2026-05-15","CDNS","Cadence Design Systems, Inc. C","NNM","5444390","6320973","2123268","2.56",,
"2026-05-15","CEG","Constellation Energy Corporati","NNM","10532940","10552310","3539435","2.98",,
"2026-05-15","CI","The Cigna Group","NYSE","6127054","6343066","1836163","3.34",,
"2026-05-15","CL","Colgate-Palmolive Company","NYSE","19836043","17253640","5394746","3.68",,
"2026-05-15","CMCSA","Comcast Corporation Class A Co","NNM","85159958","86769384","31674240","2.69",,
"2026-05-15","CME","CME Group Inc. Class A Common","NNM","4782505","4104206","2290264","2.09",,
"2026-05-15","CMI","Cummins Inc.","NYSE","1728838","1871052","1014664","1.70",,
"2026-05-15","COF","Capital One Financial","NYSE","8854301","8223331","4530439","1.95",,
"2026-05-15","COP","ConocoPhillips","NYSE","27894997","24119524","7801031","3.58",,
"2026-05-15","COST","Costco Wholesale Corporation C","NNM","7357205","6725461","1844723","3.99",,
"2026-05-15","CRM","Salesforce, Inc.","NYSE","62680190","69650769","11621462","5.39",,
"2026-05-15","CRWD","CrowdStrike Holdings, Inc. Cla","NNM","7512730","7450685","2980476","2.52",,
"2026-05-15","CSCO","Cisco Systems, Inc. Common Sto","NNM","58968443","61427135","29265031","2.01",,
"2026-05-15","CSX","CSX Corporation Common Stock","NNM","33724754","39067639","12218384","2.76",,
"2026-05-15","CTAS","Cintas Corporation Common Stoc","NNM","11953504","11297491","1987841","6.01",,
"2026-05-15","CVNA","Carvana Co.","NYSE","73007090","13873145","10927061","6.68","S",
"2026-05-15","CVS","CVS HEALTH CORPORATION","NYSE","19520276","17809568","9894225","1.97",,
"2026-05-15","CVX","Chevron Corporation","NYSE","20036013","18581417","9696658","2.07",,
"2026-05-15","D","Dominion Energy, Inc Common St","NYSE","28476869","24646455","4741850","6.01",,
"2026-05-15","DASH","DoorDash, Inc. Class A Common","NNM","14813731","13989617","5846628","2.53",,
"2026-05-15","DDOG","Datadog, Inc. Class A Common S","NNM","15608515","15432210","8161124","1.91",,
"2026-05-15","DE","Deere & Company","NYSE","5453445","4847657","943631","5.78",,
"2026-05-15","DELL","Dell Technologies Inc.","NYSE","21403630","21949170","6560801","3.26",,
"2026-05-15","DHR","Danaher Corporation","NYSE","8397302","8585579","5101419","1.65",,
"2026-05-15","DIS","The Walt Disney Company","NYSE","25764213","24083338","10574577","2.44",,
"2026-05-15","DLR","Digital Realty Trust, Inc.","NYSE","7141891","7900127","1902222","3.75",,
"2026-05-15","DUK","Duke Energy Corporation","NYSE","16116817","14444468","3371171","4.78",,
"2026-05-15","ECL","Ecolab, Inc.","NYSE","3514387","2809458","1612467","2.18",,
"2026-05-15","ELV","Elevance Health, Inc.","NYSE","6101072","5158417","1658684","3.68",,
"2026-05-15","EMR","Emerson Electric Co.","NYSE","13480392","12312686","3334569","4.04",,
"2026-05-15","EOG","EOG Resources, Inc.","NYSE","17946766","15529446","3684042","4.87",,
"2026-05-15","EPD","Enterprise Products Partners L","NYSE","19256305","16411162","4364699","4.41",,
"2026-05-15","EQIX","Equinix, Inc. Common Stock REI","NNM","1897180","1819825","509245","3.73",,
"2026-05-15","FCX","Freeport-McMoran Inc.","NYSE","29336364","28644796","15112312","1.94",,
"2026-05-15","FDX","FedEx Corporation","NYSE","4003794","3895361","1752646","2.28",,
"2026-05-15","FTNT","Fortinet, Inc. Common Stock","NNM","19647622","19090539","6953329","2.83",,
"2026-05-15","GD","General Dynamics Corporation","NYSE","2789302","2777170","1350160","2.07",,
"2026-05-15","GE","GE Aerospace","NYSE","14231930","16874479","5254489","2.71",,
"2026-05-15","GEV","GE Vernova Inc.","NYSE","8858093","7787846","2084227","4.25",,
"2026-05-15","GILD","Gilead Sciences, Inc. Common S","NNM","23135379","23051059","6501415","3.56",,
"2026-05-15","GLW","Corning Incorporated","NYSE","21253158","15162774","17366382","1.22",,
"2026-05-15","GM","General Motors Company","NYSE","21831796","20333465","6492433","3.36",,
"2026-05-15","GOOG","Alphabet Inc. Class C Capital","NNM","43535503","39053435","17512519","2.49",,
"2026-05-15","GOOGL","Alphabet Inc. Class A Common S","NNM","82143498","75606762","25650732","3.20",,
"2026-05-15","GS","Goldman Sachs Group Inc.","NYSE","6816398","6965140","1908138","3.57",,
"2026-05-15","GWW","W.W. Grainger, Inc.","NYSE","1289567","1223126","315682","4.09",,
"2026-05-15","HCA","HCA Healthcare, Inc.","NYSE","4454149","4330447","1225076","3.64",,
"2026-05-15","HD","Home Depot, Inc.","NYSE","12457531","11050717","5234469","2.38",,
"2026-05-15","HLT","Hilton Worldwide Holdings Inc.","NYSE","5208145","5668735","1586139","3.28",,
"2026-05-15","HON","Honeywell International Inc. C","NNM","10838743","12557446","3543592","3.06",,
"2026-05-15","HOOD","Robinhood Markets, Inc. Class","NNM","37744984","33089501","22555483","1.67",,
"2026-05-15","HPE","Hewlett Packard Enterprise Com","NYSE","67749384","71146029","16793969","4.03",,
"2026-05-15","HWM","Howmet Aerospace Inc.","NYSE","8658505","8667040","2798037","3.09",,
"2026-05-15","IBKR","Interactive Brokers Group, Inc","NNM","11457034","10841436","3941749","2.91",,
"2026-05-15","IBM","International Business Machine","NYSE","26858385","22472892","5767533","4.66",,
"2026-05-15","ICE","Intercontinental Exchange  Inc","NYSE","8260154","7320541","3040453","2.72",,
"2026-05-15","INTC","Intel Corporation Common Stock","NNM","141034491","138829000","152951541","1.00",,
"2026-05-15","INTU","Intuit Inc. Common Stock","NNM","11027589","10077375","2424016","4.55",,
"2026-05-15","ISRG","Intuitive Surgical, Inc. Commo","NNM","6706878","6690532","2258311","2.97",,
"2026-05-15","ITW","Illinois Tool Works Inc.","NYSE","9386842","9020365","1232284","7.62",,
"2026-05-15","JNJ","Johnson & Johnson","NYSE","23038990","22349005","7536326","3.06",,
"2026-05-15","JPM","JPMorgan Chase & Co.","NYSE","27094333","25148393","8093371","3.35",,
"2026-05-15","KKR","KKR & Co. Inc.","NYSE","15946233","12758140","5227814","3.05",,
"2026-05-15","KLAC","KLA Corporation Common Stock","NNM","3380525","3184475","1041927","3.24",,
"2026-05-15","KMI","Kinder Morgan, Inc.","NYSE","43287767","48772219","10413474","4.16",,
"2026-05-15","KO","Coca-Cola Company","NYSE","48261141","44629321","13757853","3.51",,
"2026-05-15","LIN","Linde plc Ordinary Shares","NNM","7072120","6134320","2021880","3.50",,
"2026-05-15","LLY","Eli Lilly & Co.","NYSE","8430505","7862175","3326719","2.53",,
"2026-05-15","LMT","Lockheed Martin Corp.","NYSE","2552501","2287385","1326093","1.92",,
"2026-05-15","LOW","Lowe's Companies Inc.","NYSE","9985182","11838618","2607360","3.83",,
"2026-05-15","LRCX","Lam Research Corporation Commo","NNM","32918359","28556454","9267681","3.55",,
"2026-05-15","MA","Mastercard Incorporated","NYSE","7117100","6767387","3929069","1.81",,
"2026-05-15","MAR","Marriott International Class A","NNM","4868209","5987600","1323199","3.68",,
"2026-05-15","MCD","McDonald's Corporation","NYSE","10334552","9915123","4540572","2.28",,
"2026-05-15","MCK","McKesson Corporation","NYSE","2879151","2711457","1410153","2.04",,
"2026-05-15","MCO","Moody's Corporation","NYSE","3913423","3578786","1008596","3.88",,
"2026-05-15","MDLZ","Mondelez International, Inc. C","NNM","34393641","34592739","6893098","4.99",,
"2026-05-15","MDT","Medtronic plc","NYSE","14645842","14604547","9882933","1.48",,
"2026-05-15","META","Meta Platforms, Inc. Class A C","NNM","32148051","28980090","14992843","2.14",,
"2026-05-15","MMM","3M Company","NYSE","8536243","8356393","3960355","2.16",,
"2026-05-15","MNST","Monster Beverage Corporation","NNM","20033058","19740294","6340784","3.16",,
"2026-05-15","MO","Altria Group, Inc.","NYSE","51602210","50125819","9761027","5.29",,
"2026-05-15","MPC","MARATHON PETROLEUM CORPORATION","NYSE","5947128","5585954","2525399","2.35",,
"2026-05-15","MPWR","Monolithic Power Systems, Inc.","NNM","1975414","1720835","643825","3.07",,
"2026-05-15","MRK","Merck & Co., Inc.","NYSE","29060187","26205868","8011358","3.63",,
"2026-05-15","MRSH","Marsh","NYSE","6944657","5860635","2925773","2.37",,
"2026-05-15","MRVL","Marvell Technology, Inc. Commo","NNM","32247247","28296571","22443095","1.44",,
"2026-05-15","MS","Morgan Stanley","NYSE","15346174","14608865","5193739","2.95",,
"2026-05-15","MSFT","Microsoft Corporation Common S","NNM","77302679","79107882","32966585","2.34",,
"2026-05-15","MSI","Motorola Solutions, Inc. New","NYSE","3375554","2791927","1370274","2.46",,
"2026-05-15","MU","Micron Technology, Inc. Common","NNM","35235443","37273548","54391136","1.00",,
"2026-05-15","NEE","Nextra Energy, Inc.","NYSE","49448512","48610318","7549401","6.55",,
"2026-05-15","NEM","Newmont Corporation","NYSE","19080156","17148547","6466232","2.95",,
"2026-05-15","NET","Cloudflare, Inc. Class A commo","NYSE","8994389","8513011","6311273","1.43",,
"2026-05-15","NFLX","Netflix, Inc. Common Stock","NNM","98015366","95064296","35446783","2.77",,
"2026-05-15","NKE","Nike, Inc.","NYSE","53918467","50404209","20922375","2.58",,
"2026-05-15","NOC","Northrop Grumman Corp.","NYSE","1747438","1669841","702758","2.49",,
"2026-05-15","NOW","SERVICENOW, INC.","NYSE","57943059","49223239","24483225","2.37",,
"2026-05-15","NSC","Norfolk Southern Corp.","NYSE","7179711","9724245","1053247","6.82",,
"2026-05-15","NVDA","NVIDIA Corporation Common Stoc","NNM","296966425","282926089","152806421","1.94",,
"2026-05-15","O","Realty Income Corporation","NYSE","34221745","33337897","6140379","5.57",,
"2026-05-15","ORCL","Oracle Corp","NYSE","36356379","31351305","23369283","1.56",,
"2026-05-15","ORLY","O'Reilly Automotive, Inc. Comm","NNM","19947912","20895542","5994383","3.33",,
"2026-05-15","PANW","Palo Alto Networks, Inc. Commo","NNM","27988535","25198205","8229757","3.40",,
"2026-05-15","PCAR","PACCAR Inc. Common Stock","NNM","13019268","11444617","2384899","5.46",,
"2026-05-15","PEP","PepsiCo, Inc. Common Stock","NNM","24887206","23761145","5591243","4.45",,
"2026-05-15","PFE","Pfizer Inc.","NYSE","157459584","140316585","38197706","4.12",,
"2026-05-15","PG","Procter & Gamble Company","NYSE","29448019","28836430","8060028","3.65",,
"2026-05-15","PGR","Progressive Corporation","NYSE","6958179","7109410","2658002","2.62",,
"2026-05-15","PH","Parker-Hannifin Corporation","NYSE","1395041","1331911","848483","1.64",,
"2026-05-15","PLD","PROLOGIS, INC.","NYSE","12505599","12313990","2879377","4.34",,
"2026-05-15","PLTR","Palantir Technologies Inc. Cla","NNM","70816470","59229121","49148046","1.44",,
"2026-05-15","PM","Philip Morris International In","NYSE","17630297","16281118","5181929","3.40",,
"2026-05-15","PNC","PNC Financial Services Group","NYSE","6904688","6883856","1608515","4.29",,
"2026-05-15","PSX","PHILLIPS 66","NYSE","8604159","6779688","2504718","3.44",,
"2026-05-15","PWR","Quanta Services, Inc.","NYSE","4397591","4943890","1282217","3.43",,
"2026-05-15","QCOM","QUALCOMM Incorporated Common S","NNM","50442626","49501632","31935190","1.58",,
"2026-05-15","RCL","Royal Caribbean Group","NYSE","12391503","12278961","2516567","4.92",,
"2026-05-15","REGN","Regeneron Pharmaceuticals, Inc","NNM","2780809","3270341","764041","3.64",,
"2026-05-15","ROST","Ross Stores, Inc. Common Stock","NNM","7517564","7029868","2815912","2.67",,
"2026-05-15","RSG","Republic Services Inc.","NYSE","3162093","2800819","2029336","1.56",,
"2026-05-15","RTX","RTX Corporation","NYSE","14371763","15504728","5883768","2.44",,
"2026-05-15","SBUX","Starbucks Corporation Common S","NNM","51873965","44267550","7067501","7.34",,
"2026-05-15","SCCO","Southern Copper Corporation","NYSE","11959847","11096390","1417070","8.44","S",
"2026-05-15","SCHW","The Charles Schwab Corporation","NYSE","19011923","16554731","9975077","1.91",,
"2026-05-15","SHW","The Sherwin-Williams Company","NYSE","5785147","5972592","2208464","2.62",,
"2026-05-15","SNDK","Sandisk Corporation Common Sto","NNM","9135603","10827454","17054610","1.00",,
"2026-05-15","SNOW","Snowflake Inc.","NYSE","19467920","17310297","7272637","2.68",,
"2026-05-15","SNPS","Synopsys, Inc. Common Stock","NNM","5149872","4849368","1438452","3.58",,
"2026-05-15","SO","The Southern Company","NYSE","25966609","24610369","5901474","4.40",,
"2026-05-15","SPG","Simon Property Group, Inc.","NYSE","8535541","8251418","1387466","6.15",,
"2026-05-15","SPGI","S&P Global Inc.","NYSE","4015224","2721338","1952040","2.06",,
"2026-05-15","SYK","Stryker Corporation","NYSE","5751428","4413439","3222520","1.78",,
"2026-05-15","T","AT&T Inc.","NYSE","109629929","109289431","34107793","3.21",,
"2026-05-15","TDG","TransDigm Group Incorporated","NYSE","980573","1004138","398240","2.46",,
"2026-05-15","TFC","Truist Financial Corporation","NYSE","28756975","29744757","6919675","4.16",,
"2026-05-15","TGT","Target Corporation","NYSE","14359090","15488655","4718156","3.04",,
"2026-05-15","TJX","TJX Companies, Inc. (The)","NYSE","14135829","15120302","5980728","2.36",,
"2026-05-15","TMO","Thermo Fisher Scientific, Inc.","NYSE","4773531","4865972","2503388","1.91",,
"2026-05-15","TMUS","T-Mobile US, Inc. Common Stock","NNM","18711046","18379947","4611962","4.06",,
"2026-05-15","TRV","The Travelers Companies, Inc.","NYSE","5799934","4877908","1236854","4.69",,
"2026-05-15","TSLA","Tesla, Inc. Common Stock","NNM","75190815","76673071","58768194","1.28",,
"2026-05-15","TXN","Texas Instruments Incorporated","NNM","18213075","15590886","7091303","2.57",,
"2026-05-15","UBER","Uber Technologies, Inc.","NYSE","59863532","53238949","19560177","3.06",,
"2026-05-15","UNH","UNITEDHEALTH GROUP INCORPORATE","NYSE","17469650","19516586","6775544","2.58",,
"2026-05-15","UNP","Union Pacific Corp.","NYSE","28916554","29367094","2430564","11.90",,
"2026-05-15","UPS","United Parcel Service, Inc. Cl","NYSE","23769021","18520267","6855259","3.47",,
"2026-05-15","URI","United Rentals, Inc.","NYSE","1399265","1535702","531739","2.63",,
"2026-05-15","USB","U.S. Bancorp","NYSE","22649578","26246827","9162108","2.47",,
"2026-05-15","V","VISA Inc.","NYSE","25807210","23124607","6852726","3.77",,
"2026-05-15","VLO","Valero Energy Corporation","NYSE","8488570","8715468","3075146","2.76",,
"2026-05-15","VRT","Vertiv Holdings Co Class A Com","NYSE","13569806","11852220","5153945","2.63",,
"2026-05-15","VRTX","Vertex Pharmaceuticals Incorpo","NNM","4461773","4172829","1224873","3.64",,
"2026-05-15","VZ","Verizon Communications","NYSE","87476337","88027837","19065766","4.59",,
"2026-05-15","WBD","Warner Bros. Discovery, Inc. S","NNM","63825227","59397935","16036452","3.98",,
"2026-05-15","WDC","Western Digital Corporation Co","NNM","29765534","29140914","8504845","3.50",,
"2026-05-15","WELL","Welltower Inc.","NYSE","18647490","16305325","3025510","6.16",,
"2026-05-15","WFC","Wells Fargo & Co.","NYSE","34939383","29647824","18373143","1.90",,
"2026-05-15","WM","Waste Management, Inc.","NYSE","6725517","6703405","2015116","3.34",,
"2026-05-15","WMB","Williams Companies Inc.","NYSE","20307801","18622444","6823387","2.98",,
"2026-05-15","WMT","Walmart Inc. Common Stock","NNM","81636615","71344469","15142016","5.39",,
"2026-05-15","XOM","Exxon Mobil Corporation","NYSE","40915197","45875861","17368824","2.36",,
"2026-04-30","AAPL","Apple Inc. Common Stock","NNM","134675274","134422787","45944025","2.93",,
"2026-04-30","ABBV","ABBVIE INC.","NYSE","20907964","21845453","7711618","2.71",,
"2026-04-30","ABNB","Airbnb, Inc. Class A Common St","NNM","16763124","14433729","3207447","5.23",,
"2026-04-30","ABT","Abbott Laboratories","NYSE","22536486","21746613","15012964","1.50",,
"2026-04-30","ADBE","Adobe Inc. Common Stock","NNM","17391686","14737592","5624484","3.09",,
"2026-04-30","ADI","Analog Devices, Inc. Common St","NNM","10880369","9966623","3567498","3.05",,
"2026-04-30","ADP","Automatic Data Processing, Inc","NNM","13721434","14023096","3166982","4.33",,
"2026-04-30","AEP","American Electric Power Compan","NNM","18502452","18168590","2527643","7.32",,
"2026-04-30","AFL","Aflac Inc.","NYSE","8235600","8136195","2437063","3.38",,
"2026-04-30","AJG","Arthur J. Gallagher & Co.","NYSE","5970889","6427629","1537297","3.88",,
"2026-04-30","ALL","The Allstate Corporation","NYSE","6815224","7011691","1353853","5.03",,
"2026-04-30","AMAT","Applied Materials, Inc. Common","NNM","15898806","13594148","5779745","2.75",,
"2026-04-30","AMD","Advanced Micro Devices, Inc. C","NNM","36142867","35648460","47313912","1.00",,
"2026-04-30","AMGN","Amgen Inc. Common Stock","NNM","12966703","12744432","2454155","5.28",,
"2026-04-30","AMT","American Tower Corporation","NYSE","8044843","6841061","3095373","2.60",,
"2026-04-30","AMZN","Amazon.com, Inc. Common Stock","NNM","90907743","93006528","50608103","1.80",,
"2026-04-30","ANET","Arista Networks","NYSE","18382389","17318355","7336222","2.51",,
"2026-04-30","AON","Aon plc Class A","NYSE","2372205","2422507","1257811","1.89",,
"2026-04-30","APD","Air Products & Chemicals, Inc.","NYSE","3491135","3650218","1037437","3.37",,
"2026-04-30","APH","Amphenol Corporation","NYSE","12881938","13784513","7939790","1.62",,
"2026-04-30","APO","Apollo Global Management, Inc.","NYSE","31742011","30865007","4306930","7.37",,
"2026-04-30","APP","Applovin Corporation Class A C","NNM","11174036","12473580","3458953","3.23",,
"2026-04-30","AVGO","Broadcom Inc. Common Stock","NNM","51011972","54628705","19678864","2.59",,
"2026-04-30","AXP","American Express Company","NYSE","14694400","11051829","3659881","4.01",,
"2026-04-30","BA","Boeing Company","NYSE","15827794","15415535","7052215","2.24",,
"2026-04-30","BAC","Bank of America Corporation","NYSE","89533204","100939429","31438540","2.85",,
"2026-04-30","BKNG","Booking Holdings Inc. Common S","NNM","26757237","26903872","7382195","3.62",,
"2026-04-30","BLK","Blackrock, Inc.","NYSE","1726799","1916015","613915","2.81",,
"2026-04-30","BMY","Bristol-Myers Squibb Co.","NYSE","31330595","32393759","9871549","3.17",,
"2026-04-30","BRKA","Berkshire Hathaway Inc.","NYSE","176","177","180","1.00",,
"2026-04-30","BRKB","BERKSHIRE HATHAWAY Class B","NYSE","10644080","10756346","4954076","2.15",,
"2026-04-30","BSX","Boston Scientific Corp.","NYSE","28642737","25614558","21126230","1.36",,
"2026-04-30","BX","Blackstone Inc.","NYSE","17777107","19432149","6591813","2.70",,
"2026-04-30","C","Citigroup Inc.","NYSE","29089360","28970752","10043342","2.90",,
"2026-04-30","CAT","Caterpillar Inc.","NYSE","8186612","7595776","2426175","3.37",,
"2026-04-30","CDNS","Cadence Design Systems, Inc. C","NNM","6320973","5910408","2854607","2.21",,
"2026-04-30","CEG","Constellation Energy Corporati","NNM","10552310","10323327","2749486","3.84",,
"2026-04-30","CI","The Cigna Group","NYSE","6343066","6417492","1714975","3.70",,
"2026-04-30","CL","Colgate-Palmolive Company","NYSE","17253640","19407937","5297196","3.26",,
"2026-04-30","CMCSA","Comcast Corporation Class A Co","NNM","86769384","75956586","34455623","2.52",,
"2026-04-30","CME","CME Group Inc. Class A Common","NNM","4104206","4804467","2445719","1.68",,
"2026-04-30","CMI","Cummins Inc.","NYSE","1871052","2033510","786743","2.38",,
"2026-04-30","COF","Capital One Financial","NYSE","8223331","7373447","4275971","1.92",,
"2026-04-30","COP","ConocoPhillips","NYSE","24119524","19807604","9036733","2.67",,
"2026-04-30","COST","Costco Wholesale Corporation C","NNM","6725461","6550081","1648849","4.08",,
"2026-04-30","CRM","Salesforce, Inc.","NYSE","69650769","74077294","13232873","5.26",,
"2026-04-30","CRWD","CrowdStrike Holdings, Inc. Cla","NNM","7450685","6438721","2643632","2.82",,
"2026-04-30","CSCO","Cisco Systems, Inc. Common Sto","NNM","61427135","58037122","17509278","3.51",,
"2026-04-30","CSX","CSX Corporation Common Stock","NNM","39067639","42065384","13294962","2.94",,
"2026-04-30","CTAS","Cintas Corporation Common Stoc","NNM","11297491","10604298","1831213","6.17",,
"2026-04-30","CVNA","Carvana Co.","NYSE","13873145","14315544","2801417","4.95",,
"2026-04-30","CVS","CVS HEALTH CORPORATION","NYSE","17809568","18350833","7789468","2.29",,
"2026-04-30","CVX","Chevron Corporation","NYSE","18581417","20036642","10018031","1.85",,
"2026-04-30","D","Dominion Energy, Inc Common St","NYSE","24646455","22722522","4795041","5.14",,
"2026-04-30","DASH","DoorDash, Inc. Class A Common","NNM","13989617","12127547","3668278","3.81",,
"2026-04-30","DDOG","Datadog, Inc. Class A Common S","NNM","15432210","12737642","4543390","3.40",,
"2026-04-30","DE","Deere & Company","NYSE","4847657","4592765","1038060","4.67",,
"2026-04-30","DELL","Dell Technologies Inc.","NYSE","21949170","23145674","6188642","3.55",,
"2026-04-30","DHR","Danaher Corporation","NYSE","8585579","8176911","5916959","1.45",,
"2026-04-30","DIS","The Walt Disney Company","NYSE","24083338","21388332","7230801","3.33",,
"2026-04-30","DLR","Digital Realty Trust, Inc.","NYSE","7900127","8648694","2418568","3.27",,
"2026-04-30","DUK","Duke Energy Corporation","NYSE","14444468","15717291","2765203","5.22",,
"2026-04-30","ECL","Ecolab, Inc.","NYSE","2809458","3321190","1441130","1.95",,
"2026-04-30","ELV","Elevance Health, Inc.","NYSE","5158417","4417945","2032973","2.54",,
"2026-04-30","EMR","Emerson Electric Co.","NYSE","12312686","12488609","2581079","4.77",,
"2026-04-30","EOG","EOG Resources, Inc.","NYSE","15529446","15932921","4208023","3.69",,
"2026-04-30","EPD","Enterprise Products Partners L","NYSE","16411162","16892184","5512444","2.98",,
"2026-04-30","EQIX","Equinix, Inc. Common Stock REI","NNM","1819825","1812304","598584","3.04",,
"2026-04-30","FCX","Freeport-McMoran Inc.","NYSE","28644796","28187643","17114534","1.67",,
"2026-04-30","FDX","FedEx Corporation","NYSE","3895361","3275799","1437460","2.71",,
"2026-04-30","FTNT","Fortinet, Inc. Common Stock","NNM","19090539","19357643","4838509","3.95",,
"2026-04-30","GD","General Dynamics Corporation","NYSE","2777170","2677322","1747727","1.59",,
"2026-04-30","GE","GE Aerospace","NYSE","16874479","12654740","8673427","1.95",,
"2026-04-30","GEV","GE Vernova Inc.","NYSE","7787846","7883146","3076849","2.53",,
"2026-04-30","GILD","Gilead Sciences, Inc. Common S","NNM","23051059","22751109","5681363","4.06",,
"2026-04-30","GLW","Corning Incorporated","NYSE","15162774","15693434","10958250","1.38",,
"2026-04-30","GM","General Motors Company","NYSE","20333465","19389019","7263483","2.80",,
"2026-04-30","GOOG","Alphabet Inc. Class C Capital","NNM","39053435","41388607","18718169","2.09",,
"2026-04-30","GOOGL","Alphabet Inc. Class A Common S","NNM","75606762","78071445","28540023","2.65",,
"2026-04-30","GS","Goldman Sachs Group Inc.","NYSE","6965140","6757506","1756261","3.97",,
"2026-04-30","GWW","W.W. Grainger, Inc.","NYSE","1223126","1180462","245861","4.97",,
"2026-04-30","HCA","HCA Healthcare, Inc.","NYSE","4330447","3963348","1323991","3.27",,
"2026-04-30","HD","Home Depot, Inc.","NYSE","11050717","12142932","3543928","3.12",,
"2026-04-30","HLT","Hilton Worldwide Holdings Inc.","NYSE","5668735","5760045","1834001","3.09",,
"2026-04-30","HON","Honeywell International Inc. C","NNM","12557446","11075141","4333952","2.90",,
"2026-04-30","HOOD","Robinhood Markets, Inc. Class","NNM","33089501","31794330","37708226","1.00",,
"2026-04-30","HPE","Hewlett Packard Enterprise Com","NYSE","71146029","73506517","14801076","4.81",,
"2026-04-30","HWM","Howmet Aerospace Inc.","NYSE","8667040","9376032","2309402","3.75",,
"2026-04-30","IBKR","Interactive Brokers Group, Inc","NNM","10841436","10375245","4788506","2.26",,
"2026-04-30","IBM","International Business Machine","NYSE","22472892","22172935","8317008","2.70",,
"2026-04-30","ICE","Intercontinental Exchange  Inc","NYSE","7320541","6823533","3251385","2.25",,
"2026-04-30","INTC","Intel Corporation Common Stock","NNM","138829000","144272202","149082854","1.00",,
"2026-04-30","INTU","Intuit Inc. Common Stock","NNM","10077375","9419775","2723258","3.70",,
"2026-04-30","ISRG","Intuitive Surgical, Inc. Commo","NNM","6690532","6665406","2568903","2.60",,
"2026-04-30","ITW","Illinois Tool Works Inc.","NYSE","9020365","8961212","1380844","6.53",,
"2026-04-30","JNJ","Johnson & Johnson","NYSE","22349005","19671868","8143760","2.74",,
"2026-04-30","JPM","JPMorgan Chase & Co.","NYSE","25148393","27013153","7918115","3.18",,
"2026-04-30","KKR","KKR & Co. Inc.","NYSE","12758140","13378582","4364856","2.92",,
"2026-04-30","KLAC","KLA Corporation Common Stock","NNM","3184475","3341196","994086","3.20",,
"2026-04-30","KMI","Kinder Morgan, Inc.","NYSE","48772219","48592197","13013103","3.75",,
"2026-04-30","KO","Coca-Cola Company","NYSE","44629321","41151710","14715047","3.03",,
"2026-04-30","LIN","Linde plc Ordinary Shares","NNM","6134320","6691027","1919484","3.20",,
"2026-04-30","LLY","Eli Lilly & Co.","NYSE","7862175","8114678","3521025","2.23",,
"2026-04-30","LMT","Lockheed Martin Corp.","NYSE","2287385","2501568","1931528","1.18",,
"2026-04-30","LOW","Lowe's Companies Inc.","NYSE","11838618","12057329","2667640","4.44",,
"2026-04-30","LRCX","Lam Research Corporation Commo","NNM","28556454","26059416","9347516","3.05",,
"2026-04-30","MA","Mastercard Incorporated","NYSE","6767387","6487956","3475471","1.95",,
"2026-04-30","MAR","Marriott International Class A","NNM","5987600","5563302","1422014","4.21",,
"2026-04-30","MCD","McDonald's Corporation","NYSE","9915123","8304447","3374908","2.94",,
"2026-04-30","MCK","McKesson Corporation","NYSE","2711457","2576911","869867","3.12",,
"2026-04-30","MCO","Moody's Corporation","NYSE","3578786","3572809","1235028","2.90",,
"2026-04-30","MDLZ","Mondelez International, Inc. C","NNM","34592739","37290310","8450697","4.09",,
"2026-04-30","MDT","Medtronic plc","NYSE","14604547","15456314","9708099","1.50",,
"2026-04-30","META","Meta Platforms, Inc. Class A C","NNM","28980090","26466970","15811749","1.83",,
"2026-04-30","MMM","3M Company","NYSE","8356393","7977062","4558762","1.83",,
"2026-04-30","MNST","Monster Beverage Corporation","NNM","19740294","21620912","4288528","4.60",,
"2026-04-30","MO","Altria Group, Inc.","NYSE","50125819","46387308","9711803","5.16",,
"2026-04-30","MPC","MARATHON PETROLEUM CORPORATION","NYSE","5585954","6348348","2146964","2.60",,
"2026-04-30","MPWR","Monolithic Power Systems, Inc.","NNM","1720835","1825570","622834","2.76",,
"2026-04-30","MRK","Merck & Co., Inc.","NYSE","26205868","27495690","10261130","2.55",,
"2026-04-30","MRSH","Marsh","NYSE","5860635","5928410","3272455","1.79",,
"2026-04-30","MRVL","Marvell Technology, Inc. Commo","NNM","28296571","28955038","28771015","1.00",,
"2026-04-30","MS","Morgan Stanley","NYSE","14608865","15494661","5265942","2.77",,
"2026-04-30","MSFT","Microsoft Corporation Common S","NNM","79107882","83407242","37236447","2.12",,
"2026-04-30","MSI","Motorola Solutions, Inc. New","NYSE","2791927","2474299","886573","3.15",,
"2026-04-30","MU","Micron Technology, Inc. Common","NNM","37273548","36327421","36277062","1.03",,
"2026-04-30","NEE","Nextra Energy, Inc.","NYSE","48610318","45100263","10060861","4.83",,
"2026-04-30","NEM","Newmont Corporation","NYSE","17148547","19014992","8057055","2.13",,
"2026-04-30","NET","Cloudflare, Inc. Class A commo","NYSE","8513011","8519228","2996310","2.84",,
"2026-04-30","NFLX","Netflix, Inc. Common Stock","NNM","95064296","77980436","49338292","1.93",,
"2026-04-30","NKE","Nike, Inc.","NYSE","50404209","56120601","18872701","2.67",,
"2026-04-30","NOC","Northrop Grumman Corp.","NYSE","1669841","1707687","947355","1.76",,
"2026-04-30","NOW","SERVICENOW, INC.","NYSE","49223239","38945953","30689899","1.60",,
"2026-04-30","NSC","Norfolk Southern Corp.","NYSE","9724245","8631948","1187453","8.19",,
"2026-04-30","NVDA","NVIDIA Corporation Common Stoc","NNM","282926089","283335701","150608547","1.88",,
"2026-04-30","O","Realty Income Corporation","NYSE","33337897","30761831","5096597","6.54",,
"2026-04-30","ORCL","Oracle Corp","NYSE","31351305","29340158","32175800","1.00",,
"2026-04-30","ORLY","O'Reilly Automotive, Inc. Comm","NNM","20895542","16840370","5297512","3.94",,
"2026-04-30","PANW","Palo Alto Networks, Inc. Commo","NNM","25198205","25811496","6112389","4.12",,
"2026-04-30","PCAR","PACCAR Inc. Common Stock","NNM","11444617","12176510","3231236","3.54",,
"2026-04-30","PEP","PepsiCo, Inc. Common Stock","NNM","23761145","20750821","6112734","3.89",,
"2026-04-30","PFE","Pfizer Inc.","NYSE","140316585","133414052","35018455","4.01",,
"2026-04-30","PG","Procter & Gamble Company","NYSE","28836430","27521432","9550238","3.02",,
"2026-04-30","PGR","Progressive Corporation","NYSE","7109410","7969339","2383228","2.98",,
"2026-04-30","PH","Parker-Hannifin Corporation","NYSE","1331911","1342069","702726","1.90",,
"2026-04-30","PLD","PROLOGIS, INC.","NYSE","12313990","11497216","3762275","3.27",,
"2026-04-30","PLTR","Palantir Technologies Inc. Cla","NNM","59229121","53170985","39449265","1.50",,
"2026-04-30","PM","Philip Morris International In","NYSE","16281118","16619626","5013819","3.25",,
"2026-04-30","PNC","PNC Financial Services Group","NYSE","6883856","6969809","2035279","3.38",,
"2026-04-30","PSX","PHILLIPS 66","NYSE","6779688","6459755","2703647","2.51",,
"2026-04-30","PWR","Quanta Services, Inc.","NYSE","4943890","4708279","1075907","4.60",,
"2026-04-30","QCOM","QUALCOMM Incorporated Common S","NNM","49501632","48642638","22237389","2.23",,
"2026-04-30","RCL","Royal Caribbean Group","NYSE","12278961","12554777","3045279","4.03",,
"2026-04-30","REGN","Regeneron Pharmaceuticals, Inc","NNM","3270341","2841780","805112","4.06",,
"2026-04-30","ROST","Ross Stores, Inc. Common Stock","NNM","7029868","6592312","1782321","3.94",,
"2026-04-30","RSG","Republic Services Inc.","NYSE","2800819","2995165","1605610","1.74",,
"2026-04-30","RTX","RTX Corporation","NYSE","15504728","13286137","6404809","2.42",,
"2026-04-30","SBUX","Starbucks Corporation Common S","NNM","44267550","45276800","8238060","5.37",,
"2026-04-30","SCCO","Southern Copper Corporation","NYSE","11096390","11276565","1433464","7.74",,
"2026-04-30","SCHW","The Charles Schwab Corporation","NYSE","16554731","13774417","13734605","1.21",,
"2026-04-30","SHW","The Sherwin-Williams Company","NYSE","5972592","5364251","1783144","3.35",,
"2026-04-30","SNDK","Sandisk Corporation Common Sto","NNM","10827454","9750678","13871376","1.00",,
"2026-04-30","SNOW","Snowflake Inc.","NYSE","17310297","18009657","6507636","2.66",,
"2026-04-30","SNPS","Synopsys, Inc. Common Stock","NNM","4849368","4477288","1752490","2.77",,
"2026-04-30","SO","The Southern Company","NYSE","24610369","25093807","4204731","5.85",,
"2026-04-30","SPG","Simon Property Group, Inc.","NYSE","8251418","8055439","1221161","6.76",,
"2026-04-30","SPGI","S&P Global Inc.","NYSE","2721338","3031297","1713351","1.59",,
"2026-04-30","SYK","Stryker Corporation","NYSE","4413439","4718103","1992803","2.21",,
"2026-04-30","T","AT&T Inc.","NYSE","109289431","118293047","37547071","2.91",,
"2026-04-30","TDG","TransDigm Group Incorporated","NYSE","1004138","1038571","421527","2.38",,
"2026-04-30","TFC","Truist Financial Corporation","NYSE","29744757","28044211","8278694","3.59",,
"2026-04-30","TGT","Target Corporation","NYSE","15488655","16300360","4756193","3.26",,
"2026-04-30","TJX","TJX Companies, Inc. (The)","NYSE","15120302","11497684","3726270","4.06",,
"2026-04-30","TMO","Thermo Fisher Scientific, Inc.","NYSE","4865972","4538918","2293616","2.12",,
"2026-04-30","TMUS","T-Mobile US, Inc. Common Stock","NNM","18379947","18487224","7630445","2.41",,
"2026-04-30","TRV","The Travelers Companies, Inc.","NYSE","4877908","4067027","1678518","2.91",,
"2026-04-30","TSLA","Tesla, Inc. Common Stock","NNM","76673071","71106902","63433412","1.21",,
"2026-04-30","TXN","Texas Instruments Incorporated","NNM","15590886","17319312","10333374","1.51",,
"2026-04-30","UBER","Uber Technologies, Inc.","NYSE","53238949","55932355","14116627","3.77",,
"2026-04-30","UNH","UNITEDHEALTH GROUP INCORPORATE","NYSE","19516586","15177651","10106587","1.93",,
"2026-04-30","UNP","Union Pacific Corp.","NYSE","29367094","26536709","3724971","7.88",,
"2026-04-30","UPS","United Parcel Service, Inc. Cl","NYSE","18520267","16395706","5651557","3.28",,
"2026-04-30","URI","United Rentals, Inc.","NYSE","1535702","1806316","682949","2.25",,
"2026-04-30","USB","U.S. Bancorp","NYSE","26246827","23655454","8902612","2.95",,
"2026-04-30","V","VISA Inc.","NYSE","23124607","23418610","7968306","2.90",,
"2026-04-30","VLO","Valero Energy Corporation","NYSE","8715468","8844189","3023127","2.88",,
"2026-04-30","VRT","Vertiv Holdings Co Class A Com","NYSE","11852220","13406078","6295022","1.88",,
"2026-04-30","VRTX","Vertex Pharmaceuticals Incorpo","NNM","4172829","4336502","967590","4.31",,
"2026-04-30","VZ","Verizon Communications","NYSE","88027837","89726814","26206525","3.36",,
"2026-04-30","WBD","Warner Bros. Discovery, Inc. S","NNM","59397935","59463474","18758767","3.17",,
"2026-04-30","WDC","Western Digital Corporation Co","NNM","29140914","26758181","6972831","4.18",,
"2026-04-30","WELL","Welltower Inc.","NYSE","16305325","17097209","2907097","5.61",,
"2026-04-30","WFC","Wells Fargo & Co.","NYSE","29647824","27670452","17075726","1.74",,
"2026-04-30","WM","Waste Management, Inc.","NYSE","6703405","6193603","2158831","3.11",,
"2026-04-30","WMB","Williams Companies Inc.","NYSE","18622444","17283923","5906659","3.15",,
"2026-04-30","WMT","Walmart Inc. Common Stock","NNM","71344469","69380758","17942301","3.98",,
"2026-04-30","XOM","Exxon Mobil Corporation","NYSE","45875861","42991642","16829391","2.73",,
"2026-04-15","AAPL","Apple Inc. Common Stock","NNM","134422787","126771284","39674165","3.39",,
"2026-04-15","ABBV","ABBVIE INC.","NYSE","21845453","20125180","5885786","3.71",,
"2026-04-15","ABNB","Airbnb, Inc. Class A Common St","NNM","14433729","14401754","3191345","4.52",,
"2026-04-15","ABT","Abbott Laboratories","NYSE","21746613","23825745","9641304","2.26",,
"2026-04-15","ADBE","Adobe Inc. Common Stock","NNM","14737592","12196046","4665584","3.16",,
"2026-04-15","ADI","Analog Devices, Inc. Common St","NNM","9966623","9559854","2720098","3.66",,
"2026-04-15","ADP","Automatic Data Processing, Inc","NNM","14023096","14031257","2794786","5.02",,
"2026-04-15","AEP","American Electric Power Compan","NNM","18168590","19162113","2288574","7.94",,
"2026-04-15","AFL","Aflac Inc.","NYSE","8136195","8347884","1766949","4.60",,
"2026-04-15","AJG","Arthur J. Gallagher & Co.","NYSE","6427629","5834419","2010353","3.20",,
"2026-04-15","ALL","The Allstate Corporation","NYSE","7011691","6387398","1225160","5.72",,
"2026-04-15","AMAT","Applied Materials, Inc. Common","NNM","13594148","13021648","5203583","2.61",,
"2026-04-15","AMD","Advanced Micro Devices, Inc. C","NNM","35648460","36423215","30574745","1.17",,
"2026-04-15","AMGN","Amgen Inc. Common Stock","NNM","12744432","13981275","2404721","5.30",,
"2026-04-15","AMT","American Tower Corporation","NYSE","6841061","6981335","3060274","2.24",,
"2026-04-15","AMZN","Amazon.com, Inc. Common Stock","NNM","93006528","87641036","45727248","2.03",,
"2026-04-15","ANET","Arista Networks","NYSE","17318355","16934900","6557816","2.64",,
"2026-04-15","AON","Aon plc Class A","NYSE","2422507","2485940","1343862","1.80",,
"2026-04-15","APD","Air Products & Chemicals, Inc.","NYSE","3650218","4363038","1181721","3.09",,
"2026-04-15","APH","Amphenol Corporation","NYSE","13784513","14972313","6892905","2.00",,
"2026-04-15","APO","Apollo Global Management, Inc.","NYSE","30865007","31106576","4398803","7.02",,
"2026-04-15","APP","Applovin Corporation Class A C","NNM","12473580","13717613","4401210","2.83",,
"2026-04-15","AVGO","Broadcom Inc. Common Stock","NNM","54628705","53367717","23537604","2.32",,
"2026-04-15","AXP","American Express Company","NYSE","11051829","12456994","2501477","4.42",,
"2026-04-15","BA","Boeing Company","NYSE","15415535","13295479","5384041","2.86",,
"2026-04-15","BAC","Bank of America Corporation","NYSE","100939429","105038290","34303447","2.94",,
"2026-04-15","BKNG","Booking Holdings Inc. Common S","NNM","26903872","806849","6941760","3.88","S",
"2026-04-15","BLK","Blackrock, Inc.","NYSE","1916015","1778312","799686","2.40",,
"2026-04-15","BMY","Bristol-Myers Squibb Co.","NYSE","32393759","31501585","9465589","3.42",,
"2026-04-15","BRKA","Berkshire Hathaway Inc.","NYSE","177","196","173","1.02",,
"2026-04-15","BRKB","BERKSHIRE HATHAWAY Class B","NYSE","10756346","11923610","4084632","2.63",,
"2026-04-15","BSX","Boston Scientific Corp.","NYSE","25614558","23529218","14196053","1.80",,
"2026-04-15","BX","Blackstone Inc.","NYSE","19432149","21491272","6830558","2.84",,
"2026-04-15","C","Citigroup Inc.","NYSE","28970752","30205847","12517332","2.31",,
"2026-04-15","CAT","Caterpillar Inc.","NYSE","7595776","7944830","2113491","3.59",,
"2026-04-15","CDNS","Cadence Design Systems, Inc. C","NNM","5910408","7205915","2044509","2.89",,
"2026-04-15","CEG","Constellation Energy Corporati","NNM","10323327","9546288","2697495","3.83",,
"2026-04-15","CI","The Cigna Group","NYSE","6417492","6801672","1150564","5.58",,
"2026-04-15","CL","Colgate-Palmolive Company","NYSE","19407937","21358365","5227647","3.71",,
"2026-04-15","CMCSA","Comcast Corporation Class A Co","NNM","75956586","79003913","22732587","3.34",,
"2026-04-15","CME","CME Group Inc. Class A Common","NNM","4804467","4696093","2234378","2.15",,
"2026-04-15","CMI","Cummins Inc.","NYSE","2033510","2193161","649843","3.13",,
"2026-04-15","COF","Capital One Financial","NYSE","7373447","7890644","4165101","1.77",,
"2026-04-15","COP","ConocoPhillips","NYSE","19807604","23987827","8871999","2.23",,
"2026-04-15","COST","Costco Wholesale Corporation C","NNM","6550081","6300039","1917216","3.42",,
"2026-04-15","CRM","Salesforce, Inc.","NYSE","74077294","77814603","14234011","5.20",,
"2026-04-15","CRWD","CrowdStrike Holdings, Inc. Cla","NNM","6438721","7363473","3939644","1.63",,
"2026-04-15","CSCO","Cisco Systems, Inc. Common Sto","NNM","58037122","56186651","16914050","3.43",,
"2026-04-15","CSX","CSX Corporation Common Stock","NNM","42065384","40406219","11281295","3.73",,
"2026-04-15","CTAS","Cintas Corporation Common Stoc","NNM","10604298","9975764","2215906","4.79",,
"2026-04-15","CVNA","Carvana Co.","NYSE","14315544","15493564","2636656","5.43",,
"2026-04-15","CVS","CVS HEALTH CORPORATION","NYSE","18350833","19889083","7276376","2.52",,
"2026-04-15","CVX","Chevron Corporation","NYSE","20036642","21018699","12725187","1.57",,
"2026-04-15","D","Dominion Energy, Inc Common St","NYSE","22722522","25081746","3859666","5.89",,
"2026-04-15","DASH","DoorDash, Inc. Class A Common","NNM","12127547","12273302","4003097","3.03",,
"2026-04-15","DDOG","Datadog, Inc. Class A Common S","NNM","12737642","10044454","4551248","2.80",,
"2026-04-15","DE","Deere & Company","NYSE","4592765","4508501","1227481","3.74",,
"2026-04-15","DELL","Dell Technologies Inc.","NYSE","23145674","23486221","6275561","3.69",,
"2026-04-15","DHR","Danaher Corporation","NYSE","8176911","6939368","3209496","2.55",,
"2026-04-15","DIS","The Walt Disney Company","NYSE","21388332","20613614","7861482","2.72",,
"2026-04-15","DLR","Digital Realty Trust, Inc.","NYSE","8648694","9277756","1926325","4.49",,
"2026-04-15","DUK","Duke Energy Corporation","NYSE","15717291","15194301","3239500","4.85",,
"2026-04-15","ECL","Ecolab, Inc.","NYSE","3321190","2978341","1192376","2.79",,
"2026-04-15","ELV","Elevance Health, Inc.","NYSE","4417945","3970576","1490828","2.96",,
"2026-04-15","EMR","Emerson Electric Co.","NYSE","12488609","12636235","2779265","4.49",,
"2026-04-15","EOG","EOG Resources, Inc.","NYSE","15932921","16540776","3950027","4.03",,
"2026-04-15","EPD","Enterprise Products Partners L","NYSE","16892184","18825632","4452309","3.79",,
"2026-04-15","EQIX","Equinix, Inc. Common Stock REI","NNM","1812304","2178244","444786","4.07",,
"2026-04-15","FCX","Freeport-McMoran Inc.","NYSE","28187643","27122545","15693231","1.80",,
"2026-04-15","FDX","FedEx Corporation","NYSE","3275799","2650351","1533619","2.14",,
"2026-04-15","FTNT","Fortinet, Inc. Common Stock","NNM","19357643","18901077","6158557","3.14",,
"2026-04-15","GD","General Dynamics Corporation","NYSE","2677322","2518319","1230560","2.18",,
"2026-04-15","GE","GE Aerospace","NYSE","12654740","12173633","4783290","2.65",,
"2026-04-15","GEV","GE Vernova Inc.","NYSE","7883146","7288241","1973119","4.00",,
"2026-04-15","GILD","Gilead Sciences, Inc. Common S","NNM","22751109","21524970","4803620","4.74",,
"2026-04-15","GLW","Corning Incorporated","NYSE","15693434","15239205","10604325","1.48",,
"2026-04-15","GM","General Motors Company","NYSE","19389019","20376996","5859914","3.31",,
"2026-04-15","GOOG","Alphabet Inc. Class C Capital","NNM","41388607","44038271","15688652","2.64",,
"2026-04-15","GOOGL","Alphabet Inc. Class A Common S","NNM","78071445","79660632","24577088","3.18",,
"2026-04-15","GS","Goldman Sachs Group Inc.","NYSE","6757506","6452234","2180643","3.10",,
"2026-04-15","GWW","W.W. Grainger, Inc.","NYSE","1180462","1038541","227177","5.20",,
"2026-04-15","HCA","HCA Healthcare, Inc.","NYSE","3963348","3625761","825888","4.80",,
"2026-04-15","HD","Home Depot, Inc.","NYSE","12142932","11916946","3503884","3.47",,
"2026-04-15","HLT","Hilton Worldwide Holdings Inc.","NYSE","5760045","5913305","1473835","3.91",,
"2026-04-15","HON","Honeywell International Inc. C","NNM","11075141","11014544","3161898","3.50",,
"2026-04-15","HOOD","Robinhood Markets, Inc. Class","NNM","31794330","33456584","31350800","1.01",,
"2026-04-15","HPE","Hewlett Packard Enterprise Com","NYSE","73506517","79651271","13180602","5.58",,
"2026-04-15","HWM","Howmet Aerospace Inc.","NYSE","9376032","10197617","1769552","5.30",,
"2026-04-15","IBKR","Interactive Brokers Group, Inc","NNM","10375245","10231595","4361306","2.38",,
"2026-04-15","IBM","International Business Machine","NYSE","22172935","23287661","4203744","5.27",,
"2026-04-15","ICE","Intercontinental Exchange  Inc","NYSE","6823533","7375131","2727173","2.50",,
"2026-04-15","INTC","Intel Corporation Common Stock","NNM","144272202","119356759","119430905","1.21",,
"2026-04-15","INTU","Intuit Inc. Common Stock","NNM","9419775","6892270","3837850","2.45",,
"2026-04-15","ISRG","Intuitive Surgical, Inc. Commo","NNM","6665406","6753396","1672732","3.98",,
"2026-04-15","ITW","Illinois Tool Works Inc.","NYSE","8961212","9548412","1176547","7.62",,
"2026-04-15","JNJ","Johnson & Johnson","NYSE","19671868","22265636","7066481","2.78",,
"2026-04-15","JPM","JPMorgan Chase & Co.","NYSE","27013153","26075881","8583414","3.15",,
"2026-04-15","KKR","KKR & Co. Inc.","NYSE","13378582","13167135","5430076","2.46",,
"2026-04-15","KLAC","KLA Corporation Common Stock","NNM","3341196","3176233","791990","4.22",,
"2026-04-15","KMI","Kinder Morgan, Inc.","NYSE","48592197","48347013","11804721","4.12",,
"2026-04-15","KO","Coca-Cola Company","NYSE","41151710","46168060","13046635","3.15",,
"2026-04-15","LIN","Linde plc Ordinary Shares","NNM","6691027","7078428","1890847","3.54",,
"2026-04-15","LLY","Eli Lilly & Co.","NYSE","8114678","7704068","2842565","2.85",,
"2026-04-15","LMT","Lockheed Martin Corp.","NYSE","2501568","2367943","962821","2.60",,
"2026-04-15","LOW","Lowe's Companies Inc.","NYSE","12057329","12234911","2247644","5.36",,
"2026-04-15","LRCX","Lam Research Corporation Commo","NNM","26059416","27966572","8576527","3.04",,
"2026-04-15","MA","Mastercard Incorporated","NYSE","6487956","6235735","3258635","1.99",,
"2026-04-15","MAR","Marriott International Class A","NNM","5563302","6094488","1335749","4.16",,
"2026-04-15","MCD","McDonald's Corporation","NYSE","8304447","9150643","2873327","2.89",,
"2026-04-15","MCK","McKesson Corporation","NYSE","2576911","2495929","671527","3.84",,
"2026-04-15","MCO","Moody's Corporation","NYSE","3572809","3182593","824009","4.34",,
"2026-04-15","MDLZ","Mondelez International, Inc. C","NNM","37290310","39694287","7586487","4.92",,
"2026-04-15","MDT","Medtronic plc","NYSE","15456314","16984763","7498223","2.06",,
"2026-04-15","META","Meta Platforms, Inc. Class A C","NNM","26466970","26376854","16119311","1.64",,
"2026-04-15","MMM","3M Company","NYSE","7977062","7557496","2567665","3.11",,
"2026-04-15","MNST","Monster Beverage Corporation","NNM","21620912","22893734","4388604","4.93",,
"2026-04-15","MO","Altria Group, Inc.","NYSE","46387308","44155513","8523596","5.44",,
"2026-04-15","MPC","MARATHON PETROLEUM CORPORATION","NYSE","6348348","6803010","2168473","2.93",,
"2026-04-15","MPWR","Monolithic Power Systems, Inc.","NNM","1825570","1985296","539070","3.39",,
"2026-04-15","MRK","Merck & Co., Inc.","NYSE","27495690","27720957","8313273","3.31",,
"2026-04-15","MRSH","Marsh","NYSE","5928410","5666577","2357103","2.52",,
"2026-04-15","MRVL","Marvell Technology, Inc. Commo","NNM","28955038","28303116","29566624","1.00",,
"2026-04-15","MS","Morgan Stanley","NYSE","15494661","16282811","6407850","2.42",,
"2026-04-15","MSFT","Microsoft Corporation Common S","NNM","83407242","80991357","29802350","2.80",,
"2026-04-15","MSI","Motorola Solutions, Inc. New","NYSE","2474299","2490740","753094","3.29",,
"2026-04-15","MU","Micron Technology, Inc. Common","NNM","36327421","31355866","45749339","1.00",,
"2026-04-15","NEE","Nextra Energy, Inc.","NYSE","45100263","48696478","7332830","6.15",,
"2026-04-15","NEM","Newmont Corporation","NYSE","19014992","18103460","7994256","2.38",,
"2026-04-15","NET","Cloudflare, Inc. Class A commo","NYSE","8519228","8051303","5613773","1.52",,
"2026-04-15","NFLX","Netflix, Inc. Common Stock","NNM","77980436","80364680","32123812","2.43",,
"2026-04-15","NKE","Nike, Inc.","NYSE","56120601","45707416","39774014","1.41",,
"2026-04-15","NOC","Northrop Grumman Corp.","NYSE","1707687","1904934","674259","2.53",,
"2026-04-15","NOW","SERVICENOW, INC.","NYSE","38945953","29878635","25350720","1.54",,
"2026-04-15","NSC","Norfolk Southern Corp.","NYSE","8631948","8466072","1484061","5.82",,
"2026-04-15","NVDA","NVIDIA Corporation Common Stoc","NNM","283335701","280872588","144451756","1.96",,
"2026-04-15","O","Realty Income Corporation","NYSE","30761831","28512648","5326466","5.78",,
"2026-04-15","ORCL","Oracle Corp","NYSE","29340158","27672792","29757997","1.00",,
"2026-04-15","ORLY","O'Reilly Automotive, Inc. Comm","NNM","16840370","16732139","4248478","3.96",,
"2026-04-15","PANW","Palo Alto Networks, Inc. Commo","NNM","25811496","26733395","8623137","2.99",,
"2026-04-15","PCAR","PACCAR Inc. Common Stock","NNM","12176510","11221137","2464834","4.94",,
"2026-04-15","PEP","PepsiCo, Inc. Common Stock","NNM","20750821","20477176","5378526","3.86",,
"2026-04-15","PFE","Pfizer Inc.","NYSE","133414052","132465697","33400197","3.99",,
"2026-04-15","PG","Procter & Gamble Company","NYSE","27521432","26893285","7690988","3.58",,
"2026-04-15","PGR","Progressive Corporation","NYSE","7969339","7289235","2824135","2.82",,
"2026-04-15","PH","Parker-Hannifin Corporation","NYSE","1342069","1510225","499816","2.69",,
"2026-04-15","PLD","PROLOGIS, INC.","NYSE","11497216","12128579","3657956","3.14",,
"2026-04-15","PLTR","Palantir Technologies Inc. Cla","NNM","53170985","50576677","55514243","1.00",,
"2026-04-15","PM","Philip Morris International In","NYSE","16619626","17018359","4827566","3.44",,
"2026-04-15","PNC","PNC Financial Services Group","NYSE","6969809","6448859","2457162","2.84",,
"2026-04-15","PSX","PHILLIPS 66","NYSE","6459755","7123173","3275106","1.97",,
"2026-04-15","PWR","Quanta Services, Inc.","NYSE","4708279","4371878","858985","5.48",,
"2026-04-15","QCOM","QUALCOMM Incorporated Common S","NNM","48642638","43607316","9081109","5.36",,
"2026-04-15","RCL","Royal Caribbean Group","NYSE","12554777","12323113","2234266","5.62",,
"2026-04-15","REGN","Regeneron Pharmaceuticals, Inc","NNM","2841780","2548311","651908","4.36",,
"2026-04-15","ROST","Ross Stores, Inc. Common Stock","NNM","6592312","8363879","2220768","2.97",,
"2026-04-15","RSG","Republic Services Inc.","NYSE","2995165","3334348","1651099","1.81",,
"2026-04-15","RTX","RTX Corporation","NYSE","13286137","13696025","3514782","3.78",,
"2026-04-15","SBUX","Starbucks Corporation Common S","NNM","45276800","43163051","6263033","7.23",,
"2026-04-15","SCCO","Southern Copper Corporation","NYSE","11276565","11795195","1389829","8.11",,
"2026-04-15","SCHW","The Charles Schwab Corporation","NYSE","13774417","13113088","10342445","1.33",,
"2026-04-15","SHW","The Sherwin-Williams Company","NYSE","5364251","5209502","1529733","3.51",,
"2026-04-15","SNDK","Sandisk Corporation Common Sto","NNM","9750678","8063499","16830102","1.00",,
"2026-04-15","SNOW","Snowflake Inc.","NYSE","18009657","14017762","9711596","1.85",,
"2026-04-15","SNPS","Synopsys, Inc. Common Stock","NNM","4477288","4812020","1488518","3.01",,
"2026-04-15","SO","The Southern Company","NYSE","25093807","27124191","4393014","5.71",,
"2026-04-15","SPG","Simon Property Group, Inc.","NYSE","8055439","7135207","1398950","5.76",,
"2026-04-15","SPGI","S&P Global Inc.","NYSE","3031297","3628907","1780537","1.70",,
"2026-04-15","SYK","Stryker Corporation","NYSE","4718103","4415172","1795586","2.63",,
"2026-04-15","T","AT&T Inc.","NYSE","118293047","118250771","37920305","3.12",,
"2026-04-15","TDG","TransDigm Group Incorporated","NYSE","1038571","1048865","314401","3.30",,
"2026-04-15","TFC","Truist Financial Corporation","NYSE","28044211","25869135","9545375","2.94",,
"2026-04-15","TGT","Target Corporation","NYSE","16300360","18810647","4510740","3.61",,
"2026-04-15","TJX","TJX Companies, Inc. (The)","NYSE","11497684","12733439","4307202","2.67",,
"2026-04-15","TMO","Thermo Fisher Scientific, Inc.","NYSE","4538918","4072471","1667529","2.72",,
"2026-04-15","TMUS","T-Mobile US, Inc. Common Stock","NNM","18487224","21359153","5401563","3.42",,
"2026-04-15","TRV","The Travelers Companies, Inc.","NYSE","4067027","4405146","1178806","3.45",,
"2026-04-15","TSLA","Tesla, Inc. Common Stock","NNM","71106902","65598603","70796421","1.00",,
"2026-04-15","TXN","Texas Instruments Incorporated","NNM","17319312","17771014","4901713","3.53",,
"2026-04-15","UBER","Uber Technologies, Inc.","NYSE","55932355","56170390","13424613","4.17",,
"2026-04-15","UNH","UNITEDHEALTH GROUP INCORPORATE","NYSE","15177651","17686213","8055510","1.88",,
"2026-04-15","UNP","Union Pacific Corp.","NYSE","26536709","28203927","2465823","10.76",,
"2026-04-15","UPS","United Parcel Service, Inc. Cl","NYSE","16395706","17558245","4681020","3.50",,
"2026-04-15","URI","United Rentals, Inc.","NYSE","1806316","1893253","457760","3.95",,
"2026-04-15","USB","U.S. Bancorp","NYSE","23655454","26425639","8950860","2.64",,
"2026-04-15","V","VISA Inc.","NYSE","23418610","23464129","5606898","4.18",,
"2026-04-15","VLO","Valero Energy Corporation","NYSE","8844189","10371072","3283583","2.69",,
"2026-04-15","VRT","Vertiv Holdings Co Class A Com","NYSE","13406078","13137876","4591023","2.92",,
"2026-04-15","VRTX","Vertex Pharmaceuticals Incorpo","NNM","4336502","4021854","1147800","3.78",,
"2026-04-15","VZ","Verizon Communications","NYSE","89726814","88438006","26973254","3.33",,
"2026-04-15","WBD","Warner Bros. Discovery, Inc. S","NNM","59463474","59430740","19587514","3.04",,
"2026-04-15","WDC","Western Digital Corporation Co","NNM","26758181","26653778","7514985","3.56",,
"2026-04-15","WELL","Welltower Inc.","NYSE","17097209","16900370","2432345","7.03",,
"2026-04-15","WFC","Wells Fargo & Co.","NYSE","27670452","28809340","15329064","1.81",,
"2026-04-15","WM","Waste Management, Inc.","NYSE","6193603","5846207","1832328","3.38",,
"2026-04-15","WMB","Williams Companies Inc.","NYSE","17283923","16133449","5737700","3.01",,
"2026-04-15","WMT","Walmart Inc. Common Stock","NNM","69380758","70394115","14916501","4.65",,
"2026-04-15","XOM","Exxon Mobil Corporation","NYSE","42991642","53204836","23596194","1.82",,
"2026-03-31","AAPL","Apple Inc. Common Stock","NNM","126771284","124192030","42873045","2.96",,
"2026-03-31","ABBV","ABBVIE INC.","NYSE","20125180","25110220","8202339","2.45",,
"2026-03-31","ABNB","Airbnb, Inc. Class A Common St","NNM","14401754","14461248","3571343","4.03",,
"2026-03-31","ABT","Abbott Laboratories","NYSE","23825745","19950568","15276581","1.56",,
"2026-03-31","ADBE","Adobe Inc. Common Stock","NNM","12196046","13194456","6113544","1.99",,
"2026-03-31","ADI","Analog Devices, Inc. Common St","NNM","9559854","9380638","3678582","2.60",,
"2026-03-31","ADP","Automatic Data Processing, Inc","NNM","14031257","12423011","4563057","3.07",,
"2026-03-31","AEP","American Electric Power Compan","NNM","19162113","19206242","4065690","4.71",,
"2026-03-31","AFL","Aflac Inc.","NYSE","8347884","8471721","2849064","2.93",,
"2026-03-31","AJG","Arthur J. Gallagher & Co.","NYSE","5834419","5012377","2208234","2.64",,
"2026-03-31","ALL","The Allstate Corporation","NYSE","6387398","5584031","1495835","4.27",,
"2026-03-31","AMAT","Applied Materials, Inc. Common","NNM","13021648","13683911","7120207","1.83",,
"2026-03-31","AMD","Advanced Micro Devices, Inc. C","NNM","36423215","32339703","34661922","1.05",,"R"
"2026-03-31","AMGN","Amgen Inc. Common Stock","NNM","13981275","14323209","2962551","4.72",,
"2026-03-31","AMT","American Tower Corporation","NYSE","6981335","6536992","3712926","1.88",,
"2026-03-31","AMZN","Amazon.com, Inc. Common Stock","NNM","87641036","84780941","45227349","1.94",,"R"
"2026-03-31","ANET","Arista Networks","NYSE","16934900","15365120","6946988","2.44",,
"2026-03-31","AON","Aon plc Class A","NYSE","2485940","2185755","1332504","1.87",,
"2026-03-31","APD","Air Products & Chemicals, Inc.","NYSE","4363038","4478816","1374779","3.17",,
"2026-03-31","APH","Amphenol Corporation","NYSE","14972313","11044857","10217068","1.47",,
"2026-03-31","APO","Apollo Global Management, Inc.","NYSE","31106576","29661789","6084910","5.11",,
"2026-03-31","APP","Applovin Corporation Class A C","NNM","13717613","13134451","4360370","3.15",,
"2026-03-31","AVGO","Broadcom Inc. Common Stock","NNM","53367717","52541817","27225115","1.96",,
"2026-03-31","AXP","American Express Company","NYSE","12456994","11020698","3704657","3.36",,
"2026-03-31","BA","Boeing Company","NYSE","13295479","12533695","7372738","1.80",,
"2026-03-31","BAC","Bank of America Corporation","NYSE","105038290","107400116","41853669","2.51",,
"2026-03-31","BKNG","Booking Holdings Inc. Common S","NNM","806849","955124","322443","2.50",,
"2026-03-31","BLK","Blackrock, Inc.","NYSE","1778312","1546747","923170","1.93",,
"2026-03-31","BMY","Bristol-Myers Squibb Co.","NYSE","31501585","29852257","15833195","1.99",,
"2026-03-31","BRKA","Berkshire Hathaway Inc.","NYSE","196","219","185","1.06",,
"2026-03-31","BRKB","BERKSHIRE HATHAWAY Class B","NYSE","11923610","11960461","4636079","2.57",,
"2026-03-31","BSX","Boston Scientific Corp.","NYSE","23529218","25441563","16507632","1.43",,
"2026-03-31","BX","Blackstone Inc.","NYSE","21491272","14835960","11836339","1.82",,
"2026-03-31","C","Citigroup Inc.","NYSE","30205847","29223873","16679604","1.81",,"R"
"2026-03-31","CAT","Caterpillar Inc.","NYSE","7944830","7659420","2492440","3.19",,
"2026-03-31","CDNS","Cadence Design Systems, Inc. C","NNM","7205915","6202044","2196787","3.28",,
"2026-03-31","CEG","Constellation Energy Corporati","NNM","9546288","9435816","3065065","3.11",,
"2026-03-31","CI","The Cigna Group","NYSE","6801672","6404989","1937464","3.51",,
"2026-03-31","CL","Colgate-Palmolive Company","NYSE","21358365","20343940","7020121","3.04",,
"2026-03-31","CMCSA","Comcast Corporation Class A Co","NNM","79003913","69028994","45324263","1.74",,
"2026-03-31","CME","CME Group Inc. Class A Common","NNM","4696093","5566514","2035239","2.31",,
"2026-03-31","CMI","Cummins Inc.","NYSE","2193161","1638948","866513","2.53",,
"2026-03-31","COF","Capital One Financial","NYSE","7890644","8322247","4979740","1.58",,
"2026-03-31","COP","ConocoPhillips","NYSE","23987827","23829040","11437999","2.10",,
"2026-03-31","COST","Costco Wholesale Corporation C","NNM","6300039","6295610","1628042","3.87",,
"2026-03-31","CRM","Salesforce, Inc.","NYSE","77814603","22873808","12752004","6.10",,
"2026-03-31","CRWD","CrowdStrike Holdings, Inc. Cla","NNM","7363473","7575046","3876844","1.90",,"R"
"2026-03-31","CSCO","Cisco Systems, Inc. Common Sto","NNM","56186651","65121716","26437256","2.13",,
"2026-03-31","CSX","CSX Corporation Common Stock","NNM","40406219","35323306","13546490","2.98",,
"2026-03-31","CTAS","Cintas Corporation Common Stoc","NNM","9975764","9471607","2877972","3.47",,
"2026-03-31","CVNA","Carvana Co.","NYSE","15493564","13119219","3160683","4.90",,
"2026-03-31","CVS","CVS HEALTH CORPORATION","NYSE","19889083","17812471","8006475","2.48",,
"2026-03-31","CVX","Chevron Corporation","NYSE","21018699","24588806","15573164","1.35",,
"2026-03-31","D","Dominion Energy, Inc Common St","NYSE","25081746","24502249","4256106","5.89",,
"2026-03-31","DASH","DoorDash, Inc. Class A Common","NNM","12273302","11563573","4315221","2.84",,
"2026-03-31","DDOG","Datadog, Inc. Class A Common S","NNM","10044454","8831630","4490532","2.24",,
"2026-03-31","DE","Deere & Company","NYSE","4508501","4346333","1418100","3.18",,
"2026-03-31","DELL","Dell Technologies Inc.","NYSE","23486221","24978298","10980952","2.14",,
"2026-03-31","DHR","Danaher Corporation","NYSE","6939368","5550751","4337469","1.60",,
"2026-03-31","DIS","The Walt Disney Company","NYSE","20613614","20093469","12509239","1.65",,
"2026-03-31","DLR","Digital Realty Trust, Inc.","NYSE","9277756","10504104","1846332","5.02",,
"2026-03-31","DUK","Duke Energy Corporation","NYSE","15194301","15917824","4583706","3.31",,
"2026-03-31","ECL","Ecolab, Inc.","NYSE","2978341","3045658","1822710","1.63",,
"2026-03-31","ELV","Elevance Health, Inc.","NYSE","3970576","3669028","1622036","2.45",,
"2026-03-31","EMR","Emerson Electric Co.","NYSE","12636235","14231687","3187282","3.96",,
"2026-03-31","EOG","EOG Resources, Inc.","NYSE","16540776","16236736","5530016","2.99",,
"2026-03-31","EPD","Enterprise Products Partners L","NYSE","18825632","17443385","4315911","4.36",,
"2026-03-31","EQIX","Equinix, Inc. Common Stock REI","NNM","2178244","1928427","631978","3.45",,
"2026-03-31","FCX","Freeport-McMoran Inc.","NYSE","27122545","29397455","17975020","1.51",,
"2026-03-31","FDX","FedEx Corporation","NYSE","2650351","2884520","2424983","1.09",,
"2026-03-31","FTNT","Fortinet, Inc. Common Stock","NNM","18901077","19147172","6478214","2.92",,
"2026-03-31","GD","General Dynamics Corporation","NYSE","2518319","2186996","1482270","1.70",,
"2026-03-31","GE","GE Aerospace","NYSE","12173633","11664907","6234694","1.95",,
"2026-03-31","GEV","GE Vernova Inc.","NYSE","7288241","5933559","2879798","2.53",,
"2026-03-31","GILD","Gilead Sciences, Inc. Common S","NNM","21524970","19985404","6659884","3.23",,
"2026-03-31","GLW","Corning Incorporated","NYSE","15239205","17636558","13015674","1.17",,
"2026-03-31","GM","General Motors Company","NYSE","20376996","20523002","8035924","2.54",,
"2026-03-31","GOOG","Alphabet Inc. Class C Capital","NNM","44038271","34727040","22644491","1.94",,
"2026-03-31","GOOGL","Alphabet Inc. Class A Common S","NNM","79660632","80006593","31852055","2.50",,
"2026-03-31","GS","Goldman Sachs Group Inc.","NYSE","6452234","6179041","2100774","3.07",,
"2026-03-31","GWW","W.W. Grainger, Inc.","NYSE","1038541","1185917","246642","4.21",,
"2026-03-31","HCA","HCA Healthcare, Inc.","NYSE","3625761","3342178","1124935","3.22",,
"2026-03-31","HD","Home Depot, Inc.","NYSE","11916946","10293338","4616039","2.58",,
"2026-03-31","HLT","Hilton Worldwide Holdings Inc.","NYSE","5913305","5723288","1704683","3.47",,
"2026-03-31","HON","Honeywell International Inc. C","NNM","11014544","9057823","3968032","2.78",,
"2026-03-31","HOOD","Robinhood Markets, Inc. Class","NNM","33456584","30364061","26285598","1.27",,
"2026-03-31","HPE","Hewlett Packard Enterprise Com","NYSE","79651271","75493926","22424026","3.55",,
"2026-03-31","HWM","Howmet Aerospace Inc.","NYSE","10197617","10841410","2505392","4.07",,
"2026-03-31","IBKR","Interactive Brokers Group, Inc","NNM","10231595","12075322","5143916","1.99",,
"2026-03-31","IBM","International Business Machine","NYSE","23287661","22177166","5223321","4.46",,
"2026-03-31","ICE","Intercontinental Exchange  Inc","NYSE","7375131","6932831","3236377","2.28",,
"2026-03-31","INTC","Intel Corporation Common Stock","NNM","119356759","114951944","90059476","1.33",,
"2026-03-31","INTU","Intuit Inc. Common Stock","NNM","6892270","7238564","2800362","2.46",,
"2026-03-31","ISRG","Intuitive Surgical, Inc. Commo","NNM","6753396","6347786","1606377","4.20",,
"2026-03-31","ITW","Illinois Tool Works Inc.","NYSE","9548412","8816732","1301190","7.34",,
"2026-03-31","JNJ","Johnson & Johnson","NYSE","22265636","23327094","8061200","2.76",,
"2026-03-31","JPM","JPMorgan Chase & Co.","NYSE","26075881","23969779","11452957","2.28",,
"2026-03-31","KKR","KKR & Co. Inc.","NYSE","13167135","10874540","6902850","1.91",,
"2026-03-31","KLAC","KLA Corporation Common Stock","NNM","3176233","2995660","1038692","3.06",,
"2026-03-31","KMI","Kinder Morgan, Inc.","NYSE","48347013","43346318","15484297","3.12",,
"2026-03-31","KO","Coca-Cola Company","NYSE","46168060","53713859","16423528","2.81",,
"2026-03-31","LIN","Linde plc Ordinary Shares","NNM","7078428","5569079","2835464","2.50",,
"2026-03-31","LLY","Eli Lilly & Co.","NYSE","7704068","6873427","3131283","2.46",,
"2026-03-31","LMT","Lockheed Martin Corp.","NYSE","2367943","2772317","1733675","1.37",,
"2026-03-31","LOW","Lowe's Companies Inc.","NYSE","12234911","11775743","2811906","4.35",,
"2026-03-31","LRCX","Lam Research Corporation Commo","NNM","27966572","26933774","11454429","2.44",,
"2026-03-31","MA","Mastercard Incorporated","NYSE","6235735","6304204","3540400","1.76",,
"2026-03-31","MAR","Marriott International Class A","NNM","6094488","6897364","1608105","3.79",,
"2026-03-31","MCD","McDonald's Corporation","NYSE","9150643","9162584","3357194","2.73",,
"2026-03-31","MCK","McKesson Corporation","NYSE","2495929","1921129","855279","2.92",,
"2026-03-31","MCO","Moody's Corporation","NYSE","3182593","2392301","1240594","2.57",,
"2026-03-31","MDLZ","Mondelez International, Inc. C","NNM","39694287","32400332","11629106","3.41",,
"2026-03-31","MDT","Medtronic plc","NYSE","16984763","16594287","8205424","2.07",,
"2026-03-31","META","Meta Platforms, Inc. Class A C","NNM","26376854","24310664","18998689","1.39",,
"2026-03-31","MMM","3M Company","NYSE","7557496","8420404","3936888","1.92",,
"2026-03-31","MNST","Monster Beverage Corporation","NNM","22893734","22161419","5367461","4.27",,
"2026-03-31","MO","Altria Group, Inc.","NYSE","44155513","48741242","11453900","3.86",,
"2026-03-31","MPC","MARATHON PETROLEUM CORPORATION","NYSE","6803010","8038630","3094852","2.20",,
"2026-03-31","MPWR","Monolithic Power Systems, Inc.","NNM","1985296","1987899","536074","3.70",,
"2026-03-31","MRK","Merck & Co., Inc.","NYSE","27720957","29144880","10965147","2.53",,
"2026-03-31","MRSH","Marsh","NYSE","5666577","5472091","3794641","1.49",,
"2026-03-31","MRVL","Marvell Technology, Inc. Commo","NNM","28303116","33803277","20363016","1.39",,
"2026-03-31","MS","Morgan Stanley","NYSE","16282811","17831534","7640360","2.13",,
"2026-03-31","MSFT","Microsoft Corporation Common S","NNM","80991357","79835909","35067520","2.31",,
"2026-03-31","MSI","Motorola Solutions, Inc. New","NYSE","2490740","2171783","1162181","2.14",,
"2026-03-31","MU","Micron Technology, Inc. Common","NNM","31355866","29425323","56067736","1.00",,
"2026-03-31","NEE","Nextra Energy, Inc.","NYSE","48696478","48756017","9892627","4.92",,
"2026-03-31","NEM","Newmont Corporation","NYSE","18103460","21256668","14185189","1.28",,
"2026-03-31","NET","Cloudflare, Inc. Class A commo","NYSE","8051303","8218719","3867872","2.08",,
"2026-03-31","NFLX","Netflix, Inc. Common Stock","NNM","80364680","81067589","39093252","2.06",,"R"
"2026-03-31","NKE","Nike, Inc.","NYSE","45707416","42717391","16109325","2.84",,
"2026-03-31","NOC","Northrop Grumman Corp.","NYSE","1904934","2150088","802007","2.38",,
"2026-03-31","NOW","SERVICENOW, INC.","NYSE","29878635","27906982","14663150","2.04",,
"2026-03-31","NSC","Norfolk Southern Corp.","NYSE","8466072","8726471","1300830","6.51",,
"2026-03-31","NVDA","NVIDIA Corporation Common Stoc","NNM","280872588","229229350","186357230","1.51",,"R"
"2026-03-31","O","Realty Income Corporation","NYSE","28512648","24679335","6275789","4.54",,
"2026-03-31","ORCL","Oracle Corp","NYSE","27672792","30553140","22452393","1.23",,
"2026-03-31","ORLY","O'Reilly Automotive, Inc. Comm","NNM","16732139","15138608","6317808","2.65",,
"2026-03-31","PANW","Palo Alto Networks, Inc. Commo","NNM","26733395","25066976","8115136","3.29",,
"2026-03-31","PCAR","PACCAR Inc. Common Stock","NNM","11221137","11738582","2589573","4.33",,
"2026-03-31","PEP","PepsiCo, Inc. Common Stock","NNM","20477176","21536067","6883320","2.97",,
"2026-03-31","PFE","Pfizer Inc.","NYSE","132465697","131409882","43043658","3.08",,
"2026-03-31","PG","Procter & Gamble Company","NYSE","26893285","22994288","13453242","2.00",,
"2026-03-31","PGR","Progressive Corporation","NYSE","7289235","6618254","3321241","2.19",,
"2026-03-31","PH","Parker-Hannifin Corporation","NYSE","1510225","1311295","884223","1.71",,
"2026-03-31","PLD","PROLOGIS, INC.","NYSE","12128579","12401467","3402926","3.56",,
"2026-03-31","PLTR","Palantir Technologies Inc. Cla","NNM","50576677","52613250","41702486","1.21",,
"2026-03-31","PM","Philip Morris International In","NYSE","17018359","16360165","4390327","3.88",,
"2026-03-31","PNC","PNC Financial Services Group","NYSE","6448859","5816350","2664472","2.42",,
"2026-03-31","PSX","PHILLIPS 66","NYSE","7123173","8223644","3900452","1.83",,
"2026-03-31","PWR","Quanta Services, Inc.","NYSE","4371878","4440619","1209738","3.61",,
"2026-03-31","QCOM","QUALCOMM Incorporated Common S","NNM","43607316","39627080","15715520","2.77",,
"2026-03-31","RCL","Royal Caribbean Group","NYSE","12323113","12134740","2385903","5.16",,
"2026-03-31","REGN","Regeneron Pharmaceuticals, Inc","NNM","2548311","2451498","604079","4.22",,
"2026-03-31","ROST","Ross Stores, Inc. Common Stock","NNM","8363879","6239592","2706414","3.09",,
"2026-03-31","RSG","Republic Services Inc.","NYSE","3334348","3130548","1416149","2.35",,
"2026-03-31","RTX","RTX Corporation","NYSE","13696025","13161836","4942662","2.77",,
"2026-03-31","SBUX","Starbucks Corporation Common S","NNM","43163051","47154560","8304490","5.20",,
"2026-03-31","SCCO","Southern Copper Corporation","NYSE","11795195","11560611","2009455","5.87",,
"2026-03-31","SCHW","The Charles Schwab Corporation","NYSE","13113088","12873488","8029046","1.63",,
"2026-03-31","SHW","The Sherwin-Williams Company","NYSE","5209502","4584722","1890200","2.76",,
"2026-03-31","SNDK","Sandisk Corporation Common Sto","NNM","8063499","8092994","19272923","1.00",,
"2026-03-31","SNOW","Snowflake Inc.","NYSE","14017762","13596963","4686024","2.99",,
"2026-03-31","SNPS","Synopsys, Inc. Common Stock","NNM","4812020","4682955","1985787","2.42",,
"2026-03-31","SO","The Southern Company","NYSE","27124191","24071698","5233759","5.18",,
"2026-03-31","SPCX","The SPAC and New Issue ETF","NNM","9711","7603","1618","6.00",,
"2026-03-31","SPG","Simon Property Group, Inc.","NYSE","7135207","5439607","2045768","3.49",,
"2026-03-31","SPGI","S&P Global Inc.","NYSE","3628907","3773466","2159932","1.68",,
"2026-03-31","SYK","Stryker Corporation","NYSE","4415172","4065508","2354760","1.87",,
"2026-03-31","T","AT&T Inc.","NYSE","118250771","98093491","47018522","2.51",,"R"
"2026-03-31","TDG","TransDigm Group Incorporated","NYSE","1048865","946415","476304","2.20",,
"2026-03-31","TFC","Truist Financial Corporation","NYSE","25869135","23519243","10624404","2.43",,
"2026-03-31","TGT","Target Corporation","NYSE","18810647","18467892","6427129","2.93",,
"2026-03-31","TJX","TJX Companies, Inc. (The)","NYSE","12733439","12490876","4305745","2.96",,
"2026-03-31","TMO","Thermo Fisher Scientific, Inc.","NYSE","4072471","3879909","2107962","1.93",,
"2026-03-31","TMUS","T-Mobile US, Inc. Common Stock","NNM","21359153","11985221","6061853","3.52",,
"2026-03-31","TRV","The Travelers Companies, Inc.","NYSE","4405146","4009514","1525358","2.89",,
"2026-03-31","TSLA","Tesla, Inc. Common Stock","NNM","65598603","60858904","62121644","1.06",,"R"
"2026-03-31","TXN","Texas Instruments Incorporated","NNM","17771014","20066505","6472275","2.75",,
"2026-03-31","UBER","Uber Technologies, Inc.","NYSE","56170390","53777087","16829983","3.34",,
"2026-03-31","UNH","UNITEDHEALTH GROUP INCORPORATE","NYSE","17686213","17838552","9828471","1.80",,
"2026-03-31","UNP","Union Pacific Corp.","NYSE","28203927","26520645","2982149","9.46",,
"2026-03-31","UPS","United Parcel Service, Inc. Cl","NYSE","17558245","18619636","7603084","2.31",,
"2026-03-31","URI","United Rentals, Inc.","NYSE","1893253","1790491","551894","3.43",,
"2026-03-31","USB","U.S. Bancorp","NYSE","26425639","24512468","11476133","2.30",,
"2026-03-31","V","VISA Inc.","NYSE","23464129","26634362","8197936","2.86",,
"2026-03-31","VLO","Valero Energy Corporation","NYSE","10371072","13987365","5108175","2.03",,
"2026-03-31","VRT","Vertiv Holdings Co Class A Com","NYSE","13137876","8912395","13452993","1.00",,
"2026-03-31","VRTX","Vertex Pharmaceuticals Incorpo","NNM","4021854","4127429","1493484","2.69",,
"2026-03-31","VZ","Verizon Communications","NYSE","88438006","95282309","29074670","3.04",,
"2026-03-31","WBD","Warner Bros. Discovery, Inc. S","NNM","59430740","47733517","30212888","1.97",,
"2026-03-31","WDC","Western Digital Corporation Co","NNM","26653778","27567965","9490772","2.81",,
"2026-03-31","WELL","Welltower Inc.","NYSE","16900370","17053654","3384576","4.99",,
"2026-03-31","WFC","Wells Fargo & Co.","NYSE","28809340","30282303","18529134","1.55",,"R"
"2026-03-31","WM","Waste Management, Inc.","NYSE","5846207","5971202","1802978","3.24",,
"2026-03-31","WMB","Williams Companies Inc.","NYSE","16133449","15479550","6498416","2.48",,
"2026-03-31","WMT","Walmart Inc. Common Stock","NNM","70394115","75577034","22093384","3.19",,
"2026-03-31","XOM","Exxon Mobil Corporation","NYSE","53204836","48537195","26960755","1.97",,
"2026-03-13","AAPL","Apple Inc. Common Stock","NNM","124192030","129553812","38121907","3.26",,
"2026-03-13","ABBV","ABBVIE INC.","NYSE","25110220","21748668","6795131","3.70",,
"2026-03-13","ABNB","Airbnb, Inc. Class A Common St","NNM","14461248","15231731","3998636","3.62",,
"2026-03-13","ABT","Abbott Laboratories","NYSE","19950568","18233629","8811599","2.26",,
"2026-03-13","ADBE","Adobe Inc. Common Stock","NNM","13194456","14296921","6568322","2.01",,
"2026-03-13","ADI","Analog Devices, Inc. Common St","NNM","9380638","8430824","4166863","2.25",,
"2026-03-13","ADP","Automatic Data Processing, Inc","NNM","12423011","10524424","3765568","3.30",,
"2026-03-13","AEP","American Electric Power Compan","NNM","19206242","18716404","3745051","5.13",,
"2026-03-13","AFL","Aflac Inc.","NYSE","8471721","8238456","2266592","3.74",,
"2026-03-13","AJG","Arthur J. Gallagher & Co.","NYSE","5012377","5469030","2357397","2.13",,
"2026-03-13","ALL","The Allstate Corporation","NYSE","5584031","6662576","1295104","4.31",,
"2026-03-13","AMAT","Applied Materials, Inc. Common","NNM","13683911","13477213","6489597","2.11",,
"2026-03-13","AMD","Advanced Micro Devices, Inc. C","NNM","32346203","34593125","32585886","1.00",,
"2026-03-13","AMGN","Amgen Inc. Common Stock","NNM","14323209","15113236","2342364","6.11",,
"2026-03-13","AMT","American Tower Corporation","NYSE","6536992","6301990","2832962","2.31",,
"2026-03-13","AMZN","Amazon.com, Inc. Common Stock","NNM","84784941","81891881","45499570","1.86",,
"2026-03-13","ANET","Arista Networks","NYSE","15365120","14940850","6174926","2.49",,
"2026-03-13","AON","Aon plc Class A","NYSE","2185755","2270305","1488567","1.47",,
"2026-03-13","APD","Air Products & Chemicals, Inc.","NYSE","4478816","4461380","1550628","2.89",,
"2026-03-13","APH","Amphenol Corporation","NYSE","11044857","15542972","10215681","1.08",,
"2026-03-13","APO","Apollo Global Management, Inc.","NYSE","29661789","29175884","6346127","4.67",,
"2026-03-13","APP","Applovin Corporation Class A C","NNM","13134451","13732375","5649629","2.32",,
"2026-03-13","AVGO","Broadcom Inc. Common Stock","NNM","52541817","47599197","31580313","1.66",,
"2026-03-13","AXP","American Express Company","NYSE","11020698","9850572","4406158","2.50",,
"2026-03-13","BA","Boeing Company","NYSE","12533695","11629515","7918130","1.58",,
"2026-03-13","BAC","Bank of America Corporation","NYSE","107400116","91784810","47117391","2.28",,
"2026-03-13","BKNG","Booking Holdings Inc. Common S","NNM","955124","828599","417690","2.29",,
"2026-03-13","BLK","Blackrock, Inc.","NYSE","1546747","1446441","1115763","1.39",,
"2026-03-13","BMY","Bristol-Myers Squibb Co.","NYSE","29852257","33420961","11789104","2.53",,
"2026-03-13","BRKA","Berkshire Hathaway Inc.","NYSE","219","230","185","1.18",,
"2026-03-13","BRKB","BERKSHIRE HATHAWAY Class B","NYSE","11960461","11722714","5798875","2.06",,
"2026-03-13","BSX","Boston Scientific Corp.","NYSE","25441563","26261043","12874974","1.98",,
"2026-03-13","BX","Blackstone Inc.","NYSE","14835960","16632380","10486844","1.41",,
"2026-03-13","C","Citigroup Inc.","NYSE","29225873","28693694","15820419","1.85",,
"2026-03-13","CAT","Caterpillar Inc.","NYSE","7659420","8302639","2981472","2.57",,
"2026-03-13","CDNS","Cadence Design Systems, Inc. C","NNM","6202044","5294094","2461390","2.52",,
"2026-03-13","CEG","Constellation Energy Corporati","NNM","9435816","8569864","3030701","3.11",,
"2026-03-13","CI","The Cigna Group","NYSE","6404989","5204972","1827757","3.50",,
"2026-03-13","CL","Colgate-Palmolive Company","NYSE","20343940","19539470","6810220","2.99",,
"2026-03-13","CMCSA","Comcast Corporation Class A Co","NNM","69028994","77168966","25703387","2.69",,
"2026-03-13","CME","CME Group Inc. Class A Common","NNM","5566514","4946234","2430984","2.29",,
"2026-03-13","CMI","Cummins Inc.","NYSE","1638948","1477338","926322","1.77",,
"2026-03-13","COF","Capital One Financial","NYSE","8322247","8761334","5882635","1.41",,
"2026-03-13","COP","ConocoPhillips","NYSE","23829040","19817813","12941101","1.84",,
"2026-03-13","COST","Costco Wholesale Corporation C","NNM","6295610","6388788","1952006","3.23",,
"2026-03-13","CRM","Salesforce, Inc.","NYSE","22873808","21903394","13619036","1.68",,
"2026-03-13","CRWD","CrowdStrike Holdings, Inc. Cla","NNM","7579146","7057338","4446657","1.70",,
"2026-03-13","CSCO","Cisco Systems, Inc. Common Sto","NNM","65121716","59534589","21183299","3.07",,
"2026-03-13","CSX","CSX Corporation Common Stock","NNM","35323306","32051751","12886360","2.74",,
"2026-03-13","CTAS","Cintas Corporation Common Stoc","NNM","9471607","8192237","2446396","3.87",,
"2026-03-13","CVNA","Carvana Co.","NYSE","13119219","13255405","2681676","4.89",,
"2026-03-13","CVS","CVS HEALTH CORPORATION","NYSE","17812471","17582146","7472378","2.38",,
"2026-03-13","CVX","Chevron Corporation","NYSE","24588806","21592025","14703551","1.67",,
"2026-03-13","D","Dominion Energy, Inc Common St","NYSE","24502249","26408800","4574210","5.36",,
"2026-03-13","DASH","DoorDash, Inc. Class A Common","NNM","11563573","12037849","3577625","3.23",,
"2026-03-13","DDOG","Datadog, Inc. Class A Common S","NNM","8831630","9483638","4563914","1.94",,
"2026-03-13","DE","Deere & Company","NYSE","4346333","4991541","1279668","3.40",,
"2026-03-13","DELL","Dell Technologies Inc.","NYSE","24978298","25728281","8455768","2.95",,
"2026-03-13","DHR","Danaher Corporation","NYSE","5550751","6293889","3882637","1.43",,
"2026-03-13","DIS","The Walt Disney Company","NYSE","20093469","22713921","10723978","1.87",,
"2026-03-13","DLR","Digital Realty Trust, Inc.","NYSE","10504104","10351385","2091039","5.02",,
"2026-03-13","DUK","Duke Energy Corporation","NYSE","15917824","18181195","5225505","3.05",,
"2026-03-13","ECL","Ecolab, Inc.","NYSE","3045658","3251882","1627772","1.87",,
"2026-03-13","ELV","Elevance Health, Inc.","NYSE","3669028","4227962","3161016","1.16",,
"2026-03-13","EMR","Emerson Electric Co.","NYSE","14231687","14311693","2926887","4.86",,
"2026-03-13","EOG","EOG Resources, Inc.","NYSE","16236736","14884580","6546509","2.48",,
"2026-03-13","EPD","Enterprise Products Partners L","NYSE","17443385","21392927","4114930","4.24",,
"2026-03-13","EQIX","Equinix, Inc. Common Stock REI","NNM","1928427","1915686","648686","2.97",,
"2026-03-13","FCX","Freeport-McMoran Inc.","NYSE","29397455","27928918","20793798","1.41",,
"2026-03-13","FDX","FedEx Corporation","NYSE","2884520","3197180","1748744","1.65",,
"2026-03-13","FTNT","Fortinet, Inc. Common Stock","NNM","19147172","17699855","5657672","3.38",,
"2026-03-13","GD","General Dynamics Corporation","NYSE","2186996","2407880","1284701","1.70",,
"2026-03-13","GE","GE Aerospace","NYSE","11664907","11228531","5008343","2.33",,
"2026-03-13","GEV","GE Vernova Inc.","NYSE","5933559","5889174","2507718","2.37",,
"2026-03-13","GILD","Gilead Sciences, Inc. Common S","NNM","19985404","18454950","5945110","3.36",,
"2026-03-13","GLW","Corning Incorporated","NYSE","17636558","15212062","14107811","1.25",,
"2026-03-13","GM","General Motors Company","NYSE","20523002","23024525","8151856","2.52",,
"2026-03-13","GOOG","Alphabet Inc. Class C Capital","NNM","34727040","31878342","17994683","1.93",,
"2026-03-13","GOOGL","Alphabet Inc. Class A Common S","NNM","80006593","76336607","28534317","2.80",,
"2026-03-13","GS","Goldman Sachs Group Inc.","NYSE","6179041","6116629","2777431","2.22",,
"2026-03-13","GWW","W.W. Grainger, Inc.","NYSE","1185917","1295960","228743","5.18",,
"2026-03-13","HCA","HCA Healthcare, Inc.","NYSE","3342178","3542414","1014821","3.29",,
"2026-03-13","HD","Home Depot, Inc.","NYSE","10293338","9011700","3958676","2.60",,
"2026-03-13","HLT","Hilton Worldwide Holdings Inc.","NYSE","5723288","6069617","2199099","2.60",,
"2026-03-13","HON","Honeywell International Inc. C","NNM","9057823","7511345","4200940","2.16",,
"2026-03-13","HOOD","Robinhood Markets, Inc. Class","NNM","30364061","30130260","28463700","1.07",,
"2026-03-13","HPE","Hewlett Packard Enterprise Com","NYSE","75493926","78939403","20337108","3.71",,
"2026-03-13","HWM","Howmet Aerospace Inc.","NYSE","10841410","10781153","2353975","4.61",,
"2026-03-13","IBKR","Interactive Brokers Group, Inc","NNM","12075322","13380906","4673924","2.58",,
"2026-03-13","IBM","International Business Machine","NYSE","22177166","21365595","6036294","3.67",,
"2026-03-13","ICE","Intercontinental Exchange  Inc","NYSE","6932831","7453286","3766433","1.84",,
"2026-03-13","INTC","Intel Corporation Common Stock","NNM","114951944","120145448","77785588","1.48",,
"2026-03-13","INTU","Intuit Inc. Common Stock","NNM","7238564","6686514","4577099","1.58",,
"2026-03-13","ISRG","Intuitive Surgical, Inc. Commo","NNM","6347786","6611189","1758325","3.61",,
"2026-03-13","ITW","Illinois Tool Works Inc.","NYSE","8816732","9173834","1275494","6.91",,
"2026-03-13","JNJ","Johnson & Johnson","NYSE","23327094","25086679","7366296","3.17",,
"2026-03-13","JPM","JPMorgan Chase & Co.","NYSE","23969779","22965132","10671442","2.25",,
"2026-03-13","KKR","KKR & Co. Inc.","NYSE","10874540","8819129","9397155","1.16",,
"2026-03-13","KLAC","KLA Corporation Common Stock","NNM","2995660","2947691","1027953","2.91",,
"2026-03-13","KMI","Kinder Morgan, Inc.","NYSE","43346318","46151939","13532079","3.20",,
"2026-03-13","KO","Coca-Cola Company","NYSE","53713859","43415996","17454583","3.08",,
"2026-03-13","LIN","Linde plc Ordinary Shares","NNM","5569079","5717346","2778841","2.00",,
"2026-03-13","LLY","Eli Lilly & Co.","NYSE","6873427","6785689","2454629","2.80",,
"2026-03-13","LMT","Lockheed Martin Corp.","NYSE","2772317","2738632","1852662","1.50",,
"2026-03-13","LOW","Lowe's Companies Inc.","NYSE","11775743","10257166","2600781","4.53",,
"2026-03-13","LRCX","Lam Research Corporation Commo","NNM","26933774","26107698","10381271","2.59",,
"2026-03-13","MA","Mastercard Incorporated","NYSE","6304204","6718459","3263120","1.93",,
"2026-03-13","MAR","Marriott International Class A","NNM","6897364","7327480","1571602","4.39",,
"2026-03-13","MCD","McDonald's Corporation","NYSE","9162584","9215479","3066872","2.99",,
"2026-03-13","MCK","McKesson Corporation","NYSE","1921129","2063127","700271","2.74",,
"2026-03-13","MCO","Moody's Corporation","NYSE","2392301","2307776","1636330","1.46",,
"2026-03-13","MDLZ","Mondelez International, Inc. C","NNM","32400332","33364707","9815301","3.30",,
"2026-03-13","MDT","Medtronic plc","NYSE","16594287","15426378","8639240","1.92",,
"2026-03-13","META","Meta Platforms, Inc. Class A C","NNM","24310664","24393384","12131627","2.00",,
"2026-03-13","MMM","3M Company","NYSE","8420404","9573306","4675170","1.80",,
"2026-03-13","MNST","Monster Beverage Corporation","NNM","22161419","23289703","6417795","3.45",,
"2026-03-13","MO","Altria Group, Inc.","NYSE","48741242","51438625","8901041","5.48",,
"2026-03-13","MPC","MARATHON PETROLEUM CORPORATION","NYSE","8038630","7946172","3249834","2.47",,
"2026-03-13","MPWR","Monolithic Power Systems, Inc.","NNM","1987899","2054245","564435","3.52",,
"2026-03-13","MRK","Merck & Co., Inc.","NYSE","29144880","31115811","9522427","3.06",,
"2026-03-13","MRSH","Marsh","NYSE","5472091","5253958","2530388","2.16",,
"2026-03-13","MRVL","Marvell Technology, Inc. Commo","NNM","33803277","32740576","28883788","1.17",,
"2026-03-13","MS","Morgan Stanley","NYSE","17831534","15921158","7180270","2.48",,
"2026-03-13","MSFT","Microsoft Corporation Common S","NNM","79835909","74347979","31867264","2.51",,
"2026-03-13","MSI","Motorola Solutions, Inc. New","NYSE","2171783","2474782","1040525","2.09",,
"2026-03-13","MU","Micron Technology, Inc. Common","NNM","29425323","29367414","33105638","1.00",,
"2026-03-13","NEE","Nextra Energy, Inc.","NYSE","48756017","46938307","9569835","5.09",,
"2026-03-13","NEM","Newmont Corporation","NYSE","21256668","22395669","9752410","2.18",,
"2026-03-13","NET","Cloudflare, Inc. Class A commo","NYSE","8218719","8443935","3355040","2.45",,
"2026-03-13","NFLX","Netflix, Inc. Common Stock","NNM","81073589","89634663","46737808","1.73",,
"2026-03-13","NKE","Nike, Inc.","NYSE","42717391","42400002","17410256","2.45",,
"2026-03-13","NOC","Northrop Grumman Corp.","NYSE","2150088","1970073","908763","2.37",,
"2026-03-13","NOW","SERVICENOW, INC.","NYSE","27906982","26455406","19236955","1.45",,
"2026-03-13","NSC","Norfolk Southern Corp.","NYSE","8726471","10633155","1385055","6.30",,
"2026-03-13","NVDA","NVIDIA Corporation Common Stoc","NNM","229241850","248340872","176025957","1.30",,
"2026-03-13","O","Realty Income Corporation","NYSE","24679335","29671492","6403452","3.85",,
"2026-03-13","ORCL","Oracle Corp","NYSE","30553140","31499783","35167001","1.00",,
"2026-03-13","ORLY","O'Reilly Automotive, Inc. Comm","NNM","15138608","14197941","5364927","2.82",,
"2026-03-13","PANW","Palo Alto Networks, Inc. Commo","NNM","25066976","23895461","7940383","3.16",,
"2026-03-13","PCAR","PACCAR Inc. Common Stock","NNM","11738582","11894284","2968275","3.95",,
"2026-03-13","PEP","PepsiCo, Inc. Common Stock","NNM","21536067","20841738","6049679","3.56",,
"2026-03-13","PFE","Pfizer Inc.","NYSE","131409882","142846663","40476968","3.25",,
"2026-03-13","PG","Procter & Gamble Company","NYSE","22994288","22387940","9115451","2.52",,
"2026-03-13","PGR","Progressive Corporation","NYSE","6618254","7235813","2977684","2.22",,
"2026-03-13","PH","Parker-Hannifin Corporation","NYSE","1311295","1638246","906761","1.45",,
"2026-03-13","PLD","PROLOGIS, INC.","NYSE","12401467","12391888","3720282","3.33",,
"2026-03-13","PLTR","Palantir Technologies Inc. Cla","NNM","52613250","52039795","54631760","1.00",,
"2026-03-13","PM","Philip Morris International In","NYSE","16360165","16927595","5895663","2.77",,
"2026-03-13","PNC","PNC Financial Services Group","NYSE","5816350","6871334","2862682","2.03",,
"2026-03-13","PSX","PHILLIPS 66","NYSE","8223644","7833766","3876953","2.12",,
"2026-03-13","PWR","Quanta Services, Inc.","NYSE","4440619","4575369","1182352","3.76",,
"2026-03-13","QCOM","QUALCOMM Incorporated Common S","NNM","39627080","37512985","9293089","4.26",,
"2026-03-13","RCL","Royal Caribbean Group","NYSE","12134740","11822369","3176485","3.82",,
"2026-03-13","REGN","Regeneron Pharmaceuticals, Inc","NNM","2451498","2286750","586546","4.18",,
"2026-03-13","ROST","Ross Stores, Inc. Common Stock","NNM","6239592","7045752","3435120","1.82",,
"2026-03-13","RSG","Republic Services Inc.","NYSE","3130548","2968216","1124664","2.78",,
"2026-03-13","RTX","RTX Corporation","NYSE","13161836","13056612","7240556","1.82",,
"2026-03-13","SBUX","Starbucks Corporation Common S","NNM","47154560","41238097","8755590","5.39",,
"2026-03-13","SCCO","Southern Copper Corporation","NYSE","11560611","12427999","1888936","6.12",,
"2026-03-13","SCHW","The Charles Schwab Corporation","NYSE","12873488","12740297","9197435","1.40",,
"2026-03-13","SHW","The Sherwin-Williams Company","NYSE","4584722","4128809","1645037","2.79",,
"2026-03-13","SNDK","Sandisk Corporation Common Sto","NNM","8092994","8519014","17425426","1.00",,
"2026-03-13","SNOW","Snowflake Inc.","NYSE","13596963","14351029","5006850","2.72",,
"2026-03-13","SNPS","Synopsys, Inc. Common Stock","NNM","4682955","4488034","2257255","2.07",,
"2026-03-13","SO","The Southern Company","NYSE","24071698","23584129","5827008","4.13",,
"2026-03-13","SPCX","The SPAC and New Issue ETF","NNM","7603","7250","3543","2.15",,
"2026-03-13","SPG","Simon Property Group, Inc.","NYSE","5439607","5517656","1661894","3.27",,
"2026-03-13","SPGI","S&P Global Inc.","NYSE","3773466","4445037","2286677","1.65",,
"2026-03-13","SYK","Stryker Corporation","NYSE","4065508","4273246","2165059","1.88",,
"2026-03-13","T","AT&T Inc.","NYSE","98098491","103166600","40935932","2.40",,
"2026-03-13","TDG","TransDigm Group Incorporated","NYSE","946415","974719","334672","2.83",,
"2026-03-13","TFC","Truist Financial Corporation","NYSE","23519243","26128103","9648417","2.44",,
"2026-03-13","TGT","Target Corporation","NYSE","18467892","19634863","7092648","2.60",,
"2026-03-13","TJX","TJX Companies, Inc. (The)","NYSE","12490876","12195923","4837737","2.58",,
"2026-03-13","TMO","Thermo Fisher Scientific, Inc.","NYSE","3879909","3548063","2210155","1.76",,
"2026-03-13","TMUS","T-Mobile US, Inc. Common Stock","NNM","11985221","13314008","4667354","2.57",,
"2026-03-13","TRV","The Travelers Companies, Inc.","NYSE","4009514","3455982","1446209","2.77",,
"2026-03-13","TSLA","Tesla, Inc. Common Stock","NNM","60860404","61839735","60676562","1.00",,
"2026-03-13","TXN","Texas Instruments Incorporated","NNM","20066505","19389215","6467681","3.10",,
"2026-03-13","UBER","Uber Technologies, Inc.","NYSE","53777087","52419652","19343989","2.78",,
"2026-03-13","UNH","UNITEDHEALTH GROUP INCORPORATE","NYSE","17838552","14788018","7376637","2.42",,
"2026-03-13","UNP","Union Pacific Corp.","NYSE","26520645","27857473","2862657","9.26",,
"2026-03-13","UPS","United Parcel Service, Inc. Cl","NYSE","18619636","16341281","7382380","2.52",,
"2026-03-13","URI","United Rentals, Inc.","NYSE","1790491","1692344","739749","2.42",,
"2026-03-13","USB","U.S. Bancorp","NYSE","24512468","25210791","10664832","2.30",,
"2026-03-13","V","VISA Inc.","NYSE","26634362","27231314","6448997","4.13",,
"2026-03-13","VLO","Valero Energy Corporation","NYSE","13987365","13423416","4885677","2.86",,
"2026-03-13","VRT","Vertiv Holdings Co Class A Com","NYSE","8912395","6251544","8389609","1.06",,
"2026-03-13","VRTX","Vertex Pharmaceuticals Incorpo","NNM","4127429","4433365","1448625","2.85",,
"2026-03-13","VZ","Verizon Communications","NYSE","95282309","113473590","24795109","3.84",,
"2026-03-13","WBD","Warner Bros. Discovery, Inc. S","NNM","47733517","61625649","26609709","1.79",,
"2026-03-13","WDC","Western Digital Corporation Co","NNM","27567965","29882601","7803814","3.53",,
"2026-03-13","WELL","Welltower Inc.","NYSE","17053654","15642773","3045842","5.60",,
"2026-03-13","WFC","Wells Fargo & Co.","NYSE","30285003","27315596","19788160","1.53",,
"2026-03-13","WM","Waste Management, Inc.","NYSE","5971202","5005276","2680126","2.23",,
"2026-03-13","WMB","Williams Companies Inc.","NYSE","15479550","14235285","6570360","2.36",,
"2026-03-13","WMT","Walmart Inc. Common Stock","NNM","75577034","87112768","19134952","3.95",,
"2026-03-13","XOM","Exxon Mobil Corporation","NYSE","48537195","48374573","22647813","2.14",,
"2026-02-27","AAPL","Apple Inc. Common Stock","NNM","129553812","133373267","39794651","3.26",,
"2026-02-27","ABBV","ABBVIE INC.","NYSE","21748668","22876092","6019787","3.61",,
"2026-02-27","ABNB","Airbnb, Inc. Class A Common St","NNM","15231731","15167170","5588892","2.73",,
"2026-02-27","ABT","Abbott Laboratories","NYSE","18233629","17198525","8251333","2.21",,
"2026-02-27","ADBE","Adobe Inc. Common Stock","NNM","14296921","12365032","4937503","2.90",,
"2026-02-27","ADI","Analog Devices, Inc. Common St","NNM","8430824","8208539","4835107","1.74",,
"2026-02-27","ADP","Automatic Data Processing, Inc","NNM","10524424","9979809","3878006","2.71",,
"2026-02-27","AEP","American Electric Power Compan","NNM","18716404","18651847","3154982","5.93",,
"2026-02-27","AFL","Aflac Inc.","NYSE","8238456","7355225","2152736","3.83",,
"2026-02-27","AJG","Arthur J. Gallagher & Co.","NYSE","5469030","4948436","2745014","1.99",,
"2026-02-27","ALL","The Allstate Corporation","NYSE","6662576","5692361","1740935","3.83",,
"2026-02-27","AMAT","Applied Materials, Inc. Common","NNM","13477213","14696995","7294504","1.85",,
"2026-02-27","AMD","Advanced Micro Devices, Inc. C","NNM","34593125","30729466","33959015","1.02",,
"2026-02-27","AMGN","Amgen Inc. Common Stock","NNM","15113236","14443255","2514942","6.01",,
"2026-02-27","AMT","American Tower Corporation","NYSE","6301990","6744851","3148357","2.00",,
"2026-02-27","AMZN","Amazon.com, Inc. Common Stock","NNM","81891881","86971840","46495355","1.76",,
"2026-02-27","ANET","Arista Networks","NYSE","14940850","12739253","8121315","1.84",,
"2026-02-27","AON","Aon plc Class A","NYSE","2270305","2202013","1423461","1.59",,
"2026-02-27","APD","Air Products & Chemicals, Inc.","NYSE","4461380","5094818","1618327","2.76",,
"2026-02-27","APH","Amphenol Corporation","NYSE","15542972","16395991","7148424","2.17",,
"2026-02-27","APO","Apollo Global Management, Inc.","NYSE","29175884","27777871","7569996","3.85",,
"2026-02-27","APP","Applovin Corporation Class A C","NNM","13732375","14450337","5522193","2.49",,
"2026-02-27","AVGO","Broadcom Inc. Common Stock","NNM","47599197","49908631","19631459","2.42",,
"2026-02-27","AXP","American Express Company","NYSE","9850572","8616704","4723051","2.09",,
"2026-02-27","BA","Boeing Company","NYSE","11629515","13688808","5133220","2.27",,
"2026-02-27","BAC","Bank of America Corporation","NYSE","91784810","101109542","46903250","1.96",,
"2026-02-27","BKNG","Booking Holdings Inc. Common S","NNM","828599","820195","690586","1.20",,
"2026-02-27","BLK","Blackrock, Inc.","NYSE","1446441","1471790","778745","1.86",,
"2026-02-27","BMY","Bristol-Myers Squibb Co.","NYSE","33420961","31674440","13016834","2.57",,
"2026-02-27","BRKA","Berkshire Hathaway Inc.","NYSE","230","368","188","1.22",,
"2026-02-27","BRKB","BERKSHIRE HATHAWAY Class B","NYSE","11722714","10673871","4014570","2.92",,
"2026-02-27","BSX","Boston Scientific Corp.","NYSE","26261043","26641433","13520963","1.94",,
"2026-02-27","BX","Blackstone Inc.","NYSE","16632380","13014635","10432101","1.59",,
"2026-02-27","C","Citigroup Inc.","NYSE","28693694","27973195","15062103","1.91",,
"2026-02-27","CAT","Caterpillar Inc.","NYSE","8302639","10003029","2813488","2.95",,
"2026-02-27","CDNS","Cadence Design Systems, Inc. C","NNM","5294094","5028705","3209117","1.65",,
"2026-02-27","CEG","Constellation Energy Corporati","NNM","8569864","7943497","3511408","2.44",,
"2026-02-27","CI","The Cigna Group","NYSE","5204972","4498128","1544017","3.37",,
"2026-02-27","CL","Colgate-Palmolive Company","NYSE","19539470","16589065","6172061","3.17",,
"2026-02-27","CMCSA","Comcast Corporation Class A Co","NNM","77168966","84443427","23490689","3.29",,
"2026-02-27","CME","CME Group Inc. Class A Common","NNM","4946234","5372152","2253891","2.19",,
"2026-02-27","CMI","Cummins Inc.","NYSE","1477338","1508420","932594","1.58",,
"2026-02-27","COF","Capital One Financial","NYSE","8761334","8084093","5875193","1.49",,
"2026-02-27","COP","ConocoPhillips","NYSE","19817813","20337546","7321986","2.71",,
"2026-02-27","COST","Costco Wholesale Corporation C","NNM","6388788","7002026","1827538","3.50",,
"2026-02-27","CRM","Salesforce, Inc.","NYSE","21903394","19084122","15543626","1.41",,
"2026-02-27","CRWD","CrowdStrike Holdings, Inc. Cla","NNM","7057338","7442289","5276353","1.34",,
"2026-02-27","CSCO","Cisco Systems, Inc. Common Sto","NNM","59534589","55264533","20673372","2.88",,
"2026-02-27","CSX","CSX Corporation Common Stock","NNM","32051751","31043372","10788693","2.97",,
"2026-02-27","CTAS","Cintas Corporation Common Stoc","NNM","8192237","6953921","1701891","4.81",,
"2026-02-27","CVNA","Carvana Co.","NYSE","13255405","15165730","6288697","2.11",,
"2026-02-27","CVS","CVS HEALTH CORPORATION","NYSE","17582146","16528176","7819431","2.25",,
"2026-02-27","CVX","Chevron Corporation","NYSE","21592025","23105401","9290116","2.32",,
"2026-02-27","D","Dominion Energy, Inc Common St","NYSE","26408800","28031319","7977900","3.31",,
"2026-02-27","DASH","DoorDash, Inc. Class A Common","NNM","12037849","11748736","8182930","1.47",,
"2026-02-27","DDOG","Datadog, Inc. Class A Common S","NNM","9483638","8917828","5508592","1.72",,
"2026-02-27","DE","Deere & Company","NYSE","4991541","6346495","2564173","1.95",,
"2026-02-27","DELL","Dell Technologies Inc.","NYSE","25728281","27449476","10434047","2.47",,
"2026-02-27","DHR","Danaher Corporation","NYSE","6293889","7067378","4340095","1.45",,
"2026-02-27","DIS","The Walt Disney Company","NYSE","22713921","23103999","10234012","2.22",,
"2026-02-27","DLR","Digital Realty Trust, Inc.","NYSE","10351385","10022520","1926472","5.37",,
"2026-02-27","DUK","Duke Energy Corporation","NYSE","18181195","17167846","4477283","4.06",,
"2026-02-27","ECL","Ecolab, Inc.","NYSE","3251882","3161138","1261189","2.58",,
"2026-02-27","ELV","Elevance Health, Inc.","NYSE","4227962","4649830","1581890","2.67",,
"2026-02-27","EMR","Emerson Electric Co.","NYSE","14311693","16753986","3008501","4.76",,
"2026-02-27","EOG","EOG Resources, Inc.","NYSE","14884580","15380148","5782694","2.57",,
"2026-02-27","EPD","Enterprise Products Partners L","NYSE","21392927","21647875","4024976","5.32",,
"2026-02-27","EQIX","Equinix, Inc. Common Stock REI","NNM","1915686","2630331","698121","2.74",,
"2026-02-27","FCX","Freeport-McMoran Inc.","NYSE","27928918","33939235","16309575","1.71",,
"2026-02-27","FDX","FedEx Corporation","NYSE","3197180","3498116","1534951","2.08",,
"2026-02-27","FTNT","Fortinet, Inc. Common Stock","NNM","17699855","16939807","5887107","3.01",,
"2026-02-27","GD","General Dynamics Corporation","NYSE","2407880","2651768","1086213","2.22",,
"2026-02-27","GE","GE Aerospace","NYSE","11228531","15454251","5263264","2.13",,
"2026-02-27","GEV","GE Vernova Inc.","NYSE","5889174","6060018","2076486","2.84",,
"2026-02-27","GILD","Gilead Sciences, Inc. Common S","NNM","18454950","21892924","6745011","2.74",,
"2026-02-27","GLW","Corning Incorporated","NYSE","15212062","14970324","13803145","1.10",,
"2026-02-27","GM","General Motors Company","NYSE","23024525","25254786","8157179","2.82",,
"2026-02-27","GOOG","Alphabet Inc. Class C Capital","NNM","31878342","45049261","19953900","1.60",,
"2026-02-27","GOOGL","Alphabet Inc. Class A Common S","NNM","76336607","73567743","32253701","2.37",,
"2026-02-27","GS","Goldman Sachs Group Inc.","NYSE","6116629","6108767","2433377","2.51",,
"2026-02-27","GWW","W.W. Grainger, Inc.","NYSE","1295960","1449391","275734","4.70",,
"2026-02-27","HCA","HCA Healthcare, Inc.","NYSE","3542414","3924877","1168164","3.03",,
"2026-02-27","HD","Home Depot, Inc.","NYSE","9011700","10153045","4144520","2.17",,
"2026-02-27","HLT","Hilton Worldwide Holdings Inc.","NYSE","6069617","5075097","1718023","3.53",,
"2026-02-27","HON","Honeywell International Inc. C","NNM","7511345","11157787","2813467","2.67",,
"2026-02-27","HOOD","Robinhood Markets, Inc. Class","NNM","30130260","34546761","24203761","1.24",,
"2026-02-27","HPE","Hewlett Packard Enterprise Com","NYSE","78939403","89720693","15933817","4.95",,
"2026-02-27","HWM","Howmet Aerospace Inc.","NYSE","10781153","11001914","2537591","4.25",,
"2026-02-27","IBKR","Interactive Brokers Group, Inc","NNM","13380906","11390874","3680547","3.64",,
"2026-02-27","IBM","International Business Machine","NYSE","21365595","19654683","8221544","2.60",,
"2026-02-27","ICE","Intercontinental Exchange  Inc","NYSE","7453286","7856656","4062210","1.83",,
"2026-02-27","INTC","Intel Corporation Common Stock","NNM","120145448","117811424","67457902","1.78",,
"2026-02-27","INTU","Intuit Inc. Common Stock","NNM","6686514","8305847","5193124","1.29",,
"2026-02-27","ISRG","Intuitive Surgical, Inc. Commo","NNM","6611189","6602962","1466156","4.51",,
"2026-02-27","ITW","Illinois Tool Works Inc.","NYSE","9173834","8899669","1494411","6.14",,
"2026-02-27","JNJ","Johnson & Johnson","NYSE","25086679","20767056","10013422","2.51",,
"2026-02-27","JPM","JPMorgan Chase & Co.","NYSE","22965132","19886105","10096713","2.27",,
"2026-02-27","KKR","KKR & Co. Inc.","NYSE","8819129","8759981","11057359","1.00",,
"2026-02-27","KLAC","KLA Corporation Common Stock","NNM","2947691","2908133","745119","3.96",,
"2026-02-27","KMI","Kinder Morgan, Inc.","NYSE","46151939","46476621","12793223","3.61",,
"2026-02-27","KO","Coca-Cola Company","NYSE","43415996","41189418","17520508","2.48",,
"2026-02-27","LIN","Linde plc Ordinary Shares","NNM","5717346","6063494","2501972","2.29",,
"2026-02-27","LLY","Eli Lilly & Co.","NYSE","6785689","6379120","3184626","2.13",,
"2026-02-27","LMT","Lockheed Martin Corp.","NYSE","2738632","2930837","1492138","1.84",,
"2026-02-27","LOW","Lowe's Companies Inc.","NYSE","10257166","10735310","3080035","3.33",,
"2026-02-27","LRCX","Lam Research Corporation Commo","NNM","26107698","32943284","8701846","3.00",,
"2026-02-27","MA","Mastercard Incorporated","NYSE","6718459","7194771","4256833","1.58",,
"2026-02-27","MAR","Marriott International Class A","NNM","7327480","6938249","1704041","4.30",,
"2026-02-27","MCD","McDonald's Corporation","NYSE","9215479","8702562","3443930","2.68",,
"2026-02-27","MCK","McKesson Corporation","NYSE","2063127","1865575","656088","3.14",,
"2026-02-27","MCO","Moody's Corporation","NYSE","2307776","1965580","1684721","1.37",,
"2026-02-27","MDLZ","Mondelez International, Inc. C","NNM","33364707","31176011","8486442","3.93",,
"2026-02-27","MDT","Medtronic plc","NYSE","15426378","17328251","9047389","1.71",,
"2026-02-27","META","Meta Platforms, Inc. Class A C","NNM","24393384","27114122","10866954","2.24",,
"2026-02-27","MMM","3M Company","NYSE","9573306","8186036","3538486","2.71",,
"2026-02-27","MNST","Monster Beverage Corporation","NNM","23289703","20315291","7034788","3.31",,
"2026-02-27","MO","Altria Group, Inc.","NYSE","51438625","46593623","7700170","6.68",,
"2026-02-27","MPC","MARATHON PETROLEUM CORPORATION","NYSE","7946172","8793250","2259134","3.52",,
"2026-02-27","MPWR","Monolithic Power Systems, Inc.","NNM","2054245","2099811","452007","4.54",,
"2026-02-27","MRK","Merck & Co., Inc.","NYSE","31115811","28130031","10360814","3.00",,
"2026-02-27","MRSH","Marsh","NYSE","5253958","5578918","3177552","1.65",,
"2026-02-27","MRVL","Marvell Technology, Inc. Commo","NNM","32740576","32398767","9846551","3.33",,
"2026-02-27","MS","Morgan Stanley","NYSE","15921158","16523284","7318058","2.18",,
"2026-02-27","MSFT","Microsoft Corporation Common S","NNM","74347979","56124540","32148149","2.31",,
"2026-02-27","MSI","Motorola Solutions, Inc. New","NYSE","2474782","2322978","1139031","2.17",,
"2026-02-27","MU","Micron Technology, Inc. Common","NNM","29367414","30844110","26529605","1.11",,
"2026-02-27","NEE","Nextra Energy, Inc.","NYSE","46938307","44358566","12043359","3.90",,
"2026-02-27","NEM","Newmont Corporation","NYSE","22395669","18702308","9497887","2.36",,
"2026-02-27","NET","Cloudflare, Inc. Class A commo","NYSE","8443935","8689921","4960243","1.70",,
"2026-02-27","NFLX","Netflix, Inc. Common Stock","NNM","89634663","82928240","56125206","1.60",,
"2026-02-27","NKE","Nike, Inc.","NYSE","42400002","40064023","15295144","2.77",,
"2026-02-27","NOC","Northrop Grumman Corp.","NYSE","1970073","1821087","887024","2.22",,
"2026-02-27","NOW","SERVICENOW, INC.","NYSE","26455406","27222531","19801309","1.34",,
"2026-02-27","NSC","Norfolk Southern Corp.","NYSE","10633155","10417810","1495764","7.11",,
"2026-02-27","NVDA","NVIDIA Corporation Common Stoc","NNM","248340872","254311707","190291727","1.31",,
"2026-02-27","O","Realty Income Corporation","NYSE","29671492","27137724","7080699","4.19",,
"2026-02-27","ORCL","Oracle Corp","NYSE","31499783","33644740","24053094","1.31",,
"2026-02-27","ORLY","O'Reilly Automotive, Inc. Comm","NNM","14197941","15179577","5840883","2.43",,
"2026-02-27","PANW","Palo Alto Networks, Inc. Commo","NNM","23895461","22768366","15822795","1.51",,
"2026-02-27","PCAR","PACCAR Inc. Common Stock","NNM","11894284","12100595","3352523","3.55",,
"2026-02-27","PEP","PepsiCo, Inc. Common Stock","NNM","20841738","29665371","6750807","3.09",,
"2026-02-27","PFE","Pfizer Inc.","NYSE","142846663","146379047","35102643","4.07",,
"2026-02-27","PG","Procter & Gamble Company","NYSE","22387940","25908742","11583770","1.93",,
"2026-02-27","PGR","Progressive Corporation","NYSE","7235813","6769965","3011278","2.40",,
"2026-02-27","PH","Parker-Hannifin Corporation","NYSE","1638246","1583388","627319","2.61",,
"2026-02-27","PLD","PROLOGIS, INC.","NYSE","12391888","11279951","3073977","4.03",,
"2026-02-27","PLTR","Palantir Technologies Inc. Cla","NNM","52039795","51368925","46740295","1.11",,
"2026-02-27","PM","Philip Morris International In","NYSE","16927595","19062595","4594876","3.68",,
"2026-02-27","PNC","PNC Financial Services Group","NYSE","6871334","7133093","2360008","2.91",,
"2026-02-27","PSX","PHILLIPS 66","NYSE","7833766","7155487","2868275","2.73",,
"2026-02-27","PWR","Quanta Services, Inc.","NYSE","4575369","4544718","1229081","3.72",,
"2026-02-27","QCOM","QUALCOMM Incorporated Common S","NNM","37512985","35191883","8894025","4.22",,
"2026-02-27","RCL","Royal Caribbean Group","NYSE","11822369","11689180","2277841","5.19",,
"2026-02-27","REGN","Regeneron Pharmaceuticals, Inc","NNM","2286750","2051997","606073","3.77",,
"2026-02-27","ROST","Ross Stores, Inc. Common Stock","NNM","7045752","7935534","2210538","3.19",,
"2026-02-27","RSG","Republic Services Inc.","NYSE","2968216","2847518","1604505","1.85",,
"2026-02-27","RTX","RTX Corporation","NYSE","13056612","12329892","7248158","1.80",,
"2026-02-27","SBUX","Starbucks Corporation Common S","NNM","41238097","48403877","6448806","6.39",,
"2026-02-27","SCCO","Southern Copper Corporation","NYSE","12427999","11998010","1677953","7.41",,
"2026-02-27","SCHW","The Charles Schwab Corporation","NYSE","12740297","13722066","11791590","1.08",,
"2026-02-27","SHW","The Sherwin-Williams Company","NYSE","4128809","3436224","1546767","2.67",,
"2026-02-27","SNDK","Sandisk Corporation Common Sto","NNM","8519014","7617435","19029810","1.00",,
"2026-02-27","SNOW","Snowflake Inc.","NYSE","14351029","13013880","8771643","1.64",,
"2026-02-27","SNPS","Synopsys, Inc. Common Stock","NNM","4488034","4380945","2387319","1.88",,
"2026-02-27","SO","The Southern Company","NYSE","23584129","24567203","8551575","2.76",,
"2026-02-27","SPCX","The SPAC and New Issue ETF","NNM","7250","7448","566","12.81",,
"2026-02-27","SPG","Simon Property Group, Inc.","NYSE","5517656","5214567","1436536","3.84",,
"2026-02-27","SPGI","S&P Global Inc.","NYSE","4445037","4881483","3104042","1.43",,
"2026-02-27","SYK","Stryker Corporation","NYSE","4273246","4081187","1692647","2.52",,
"2026-02-27","T","AT&T Inc.","NYSE","103166600","111651160","36586833","2.82",,
"2026-02-27","TDG","TransDigm Group Incorporated","NYSE","974719","1128706","331892","2.94",,
"2026-02-27","TFC","Truist Financial Corporation","NYSE","26128103","29664452","8083912","3.23",,
"2026-02-27","TGT","Target Corporation","NYSE","19634863","19227449","5728469","3.43",,
"2026-02-27","TJX","TJX Companies, Inc. (The)","NYSE","12195923","12241766","5572049","2.19",,
"2026-02-27","TMO","Thermo Fisher Scientific, Inc.","NYSE","3548063","3557292","1952506","1.82",,
"2026-02-27","TMUS","T-Mobile US, Inc. Common Stock","NNM","13314008","13955516","5548203","2.40",,
"2026-02-27","TRV","The Travelers Companies, Inc.","NYSE","3455982","3945021","1447839","2.39",,
"2026-02-27","TSLA","Tesla, Inc. Common Stock","NNM","61839735","64823111","51533435","1.20",,
"2026-02-27","TXN","Texas Instruments Incorporated","NNM","19389215","24496526","6147593","3.15",,
"2026-02-27","UBER","Uber Technologies, Inc.","NYSE","52419652","52678385","19984694","2.62",,
"2026-02-27","UNH","UNITEDHEALTH GROUP INCORPORATE","NYSE","14788018","13725546","8097294","1.83",,
"2026-02-27","UNP","Union Pacific Corp.","NYSE","27857473","28109310","3274289","8.51",,
"2026-02-27","UPS","United Parcel Service, Inc. Cl","NYSE","16341281","18059773","4644849","3.52",,
"2026-02-27","URI","United Rentals, Inc.","NYSE","1692344","1771640","557486","3.04",,
"2026-02-27","USB","U.S. Bancorp","NYSE","25210791","27594785","9116268","2.77",,
"2026-02-27","V","VISA Inc.","NYSE","27231314","26509047","8823751","3.09",,
"2026-02-27","VLO","Valero Energy Corporation","NYSE","13423416","11723504","2214917","6.06",,
"2026-02-27","VRT","Vertiv Holdings Co Class A Com","NYSE","6251544","9348329","5689782","1.10",,
"2026-02-27","VRTX","Vertex Pharmaceuticals Incorpo","NNM","4433365","4466182","1262692","3.51",,
"2026-02-27","VZ","Verizon Communications","NYSE","113473590","148344833","26623513","4.26",,
"2026-02-27","WBD","Warner Bros. Discovery, Inc. S","NNM","61625649","59898553","24989882","2.47",,
"2026-02-27","WDC","Western Digital Corporation Co","NNM","29882601","31585632","8889193","3.36",,
"2026-02-27","WELL","Welltower Inc.","NYSE","15642773","14360115","3221416","4.86",,
"2026-02-27","WFC","Wells Fargo & Co.","NYSE","27315596","26656825","16583808","1.65",,
"2026-02-27","WM","Waste Management, Inc.","NYSE","5005276","5068213","2397494","2.09",,
"2026-02-27","WMB","Williams Companies Inc.","NYSE","14235285","15330610","6703370","2.12",,
"2026-02-27","WMT","Walmart Inc. Common Stock","NNM","87112768","103328744","27093591","3.22",,
"2026-02-27","XOM","Exxon Mobil Corporation","NYSE","48374573","59561175","19691263","2.46",,
"2026-02-13","AAPL","Apple Inc. Common Stock","NNM","133373267","116854414","59148111","2.25",,
"2026-02-13","ABBV","ABBVIE INC.","NYSE","22876092","19684551","8360159","2.74",,
"2026-02-13","ABNB","Airbnb, Inc. Class A Common St","NNM","15167170","16324234","6101921","2.49",,
"2026-02-13","ABT","Abbott Laboratories","NYSE","17198525","18726478","11350842","1.52",,
"2026-02-13","ADBE","Adobe Inc. Common Stock","NNM","12365032","11939563","6820270","1.81",,
"2026-02-13","ADI","Analog Devices, Inc. Common St","NNM","8208539","8704773","4532190","1.81",,
"2026-02-13","ADP","Automatic Data Processing, Inc","NNM","9979809","8901390","4016596","2.48",,
"2026-02-13","AEP","American Electric Power Compan","NNM","18651847","18368461","3876424","4.81",,
"2026-02-13","AFL","Aflac Inc.","NYSE","7355225","7286886","2644585","2.78",,
"2026-02-13","AJG","Arthur J. Gallagher & Co.","NYSE","4948436","5722133","3449747","1.43",,
"2026-02-13","ALL","The Allstate Corporation","NYSE","5692361","6303230","2022773","2.81",,
"2026-02-13","AMAT","Applied Materials, Inc. Common","NNM","14696995","13733468","9512663","1.54",,
"2026-02-13","AMD","Advanced Micro Devices, Inc. C","NNM","30729466","33811708","46056424","1.00",,
"2026-02-13","AMGN","Amgen Inc. Common Stock","NNM","14443255","13263244","3323891","4.35",,
"2026-02-13","AMT","American Tower Corporation","NYSE","6744851","5928746","3407523","1.98",,
"2026-02-13","AMZN","Amazon.com, Inc. Common Stock","NNM","86971840","71847643","78781734","1.10",,
"2026-02-13","ANET","Arista Networks","NYSE","12739253","12759807","10588960","1.20",,
"2026-02-13","AON","Aon plc Class A","NYSE","2202013","2030381","2251933","1.00",,
"2026-02-13","APD","Air Products & Chemicals, Inc.","NYSE","5094818","5638221","1432976","3.56",,
"2026-02-13","APH","Amphenol Corporation","NYSE","16395991","17405697","12234904","1.34",,
"2026-02-13","APO","Apollo Global Management, Inc.","NYSE","27777871","30347916","5814106","4.78",,
"2026-02-13","APP","Applovin Corporation Class A C","NNM","14450337","13054929","9658599","1.50",,
"2026-02-13","AVGO","Broadcom Inc. Common Stock","NNM","49908631","54204502","27652406","1.80",,
"2026-02-13","AXP","American Express Company","NYSE","8616704","7161764","3319715","2.60",,
"2026-02-13","BA","Boeing Company","NYSE","13688808","13812861","6439121","2.13",,
"2026-02-13","BAC","Bank of America Corporation","NYSE","101109542","90325108","42228344","2.39",,
"2026-02-13","BKNG","Booking Holdings Inc. Common S","NNM","820195","748948","551117","1.49",,
"2026-02-13","BLK","Blackrock, Inc.","NYSE","1471790","1503354","892248","1.65",,
"2026-02-13","BMY","Bristol-Myers Squibb Co.","NYSE","31674440","29894882","14615157","2.17",,
"2026-02-13","BRKA","Berkshire Hathaway Inc.","NYSE","368","233","2312","1.00",,
"2026-02-13","BRKB","BERKSHIRE HATHAWAY Class B","NYSE","10673871","11433397","5310532","2.01",,
"2026-02-13","BSX","Boston Scientific Corp.","NYSE","26641433","28281105","27986053","1.00",,
"2026-02-13","BX","Blackstone Inc.","NYSE","13014635","10516063","8953203","1.45",,
"2026-02-13","C","Citigroup Inc.","NYSE","27973195","25767017","14826595","1.89",,
"2026-02-13","CAT","Caterpillar Inc.","NYSE","10003029","6208435","3983183","2.51",,
"2026-02-13","CDNS","Cadence Design Systems, Inc. C","NNM","5028705","4410798","3389593","1.48",,
"2026-02-13","CEG","Constellation Energy Corporati","NNM","7943497","7523064","4727066","1.68",,
"2026-02-13","CI","The Cigna Group","NYSE","4498128","4610825","2266376","1.98",,
"2026-02-13","CL","Colgate-Palmolive Company","NYSE","16589065","15274525","7476131","2.22",,
"2026-02-13","CMCSA","Comcast Corporation Class A Co","NNM","84443427","79270043","31230528","2.70",,
"2026-02-13","CME","CME Group Inc. Class A Common","NNM","5372152","5207550","2598006","2.07",,
"2026-02-13","CMI","Cummins Inc.","NYSE","1508420","1378524","1442494","1.05",,
"2026-02-13","COF","Capital One Financial","NYSE","8084093","8458162","5076021","1.59",,
"2026-02-13","COP","ConocoPhillips","NYSE","20337546","15732676","8435681","2.41",,
"2026-02-13","COST","Costco Wholesale Corporation C","NNM","7002026","7122161","2417078","2.90",,
"2026-02-13","CRM","Salesforce, Inc.","NYSE","19084122","17692491","16029113","1.19",,
"2026-02-13","CRWD","CrowdStrike Holdings, Inc. Cla","NNM","7442289","6884194","3661729","2.03",,
"2026-02-13","CSCO","Cisco Systems, Inc. Common Sto","NNM","55264533","52483731","34534970","1.60",,
"2026-02-13","CSX","CSX Corporation Common Stock","NNM","31043372","31829823","13870150","2.24",,
"2026-02-13","CTAS","Cintas Corporation Common Stoc","NNM","6953921","5876773","2162438","3.22",,
"2026-02-13","CVNA","Carvana Co.","NYSE","15165730","14838818","3820244","3.97",,
"2026-02-13","CVS","CVS HEALTH CORPORATION","NYSE","16528176","20354623","9397283","1.76",,
"2026-02-13","CVX","Chevron Corporation","NYSE","23105401","21246384","11789717","1.96",,
"2026-02-13","D","Dominion Energy, Inc Common St","NYSE","28031319","27346350","5397439","5.19",,
"2026-02-13","DASH","DoorDash, Inc. Class A Common","NNM","11748736","12044605","6084287","1.93",,
"2026-02-13","DDOG","Datadog, Inc. Class A Common S","NNM","8917828","9314884","8087680","1.10",,
"2026-02-13","DE","Deere & Company","NYSE","6346495","6194393","1859713","3.41",,
"2026-02-13","DELL","Dell Technologies Inc.","NYSE","27449476","26472793","8379448","3.28",,
"2026-02-13","DHR","Danaher Corporation","NYSE","7067378","7139091","4435836","1.59",,
"2026-02-13","DIS","The Walt Disney Company","NYSE","23103999","22062492","17351191","1.33",,
"2026-02-13","DLR","Digital Realty Trust, Inc.","NYSE","10022520","10006541","2447983","4.09",,
"2026-02-13","DUK","Duke Energy Corporation","NYSE","17167846","13441610","5230056","3.28",,
"2026-02-13","ECL","Ecolab, Inc.","NYSE","3161138","2835404","1542240","2.05",,
"2026-02-13","ELV","Elevance Health, Inc.","NYSE","4649830","3595465","1722452","2.70",,
"2026-02-13","EMR","Emerson Electric Co.","NYSE","16753986","14504733","5707244","2.94",,
"2026-02-13","EOG","EOG Resources, Inc.","NYSE","15380148","14262173","5172156","2.97",,
"2026-02-13","EPD","Enterprise Products Partners L","NYSE","21647875","23744652","7005804","3.09",,
"2026-02-13","EQIX","Equinix, Inc. Common Stock REI","NNM","2630331","2476075","805997","3.26",,
"2026-02-13","FCX","Freeport-McMoran Inc.","NYSE","33939235","34995575","20644665","1.64",,
"2026-02-13","FDX","FedEx Corporation","NYSE","3498116","3282589","2400879","1.46",,
"2026-02-13","FTNT","Fortinet, Inc. Common Stock","NNM","16939807","17595538","9045143","1.87",,
"2026-02-13","GD","General Dynamics Corporation","NYSE","2651768","2540631","1448144","1.83",,
"2026-02-13","GE","GE Aerospace","NYSE","15454251","15731488","5328552","2.90",,
"2026-02-13","GEV","GE Vernova Inc.","NYSE","6060018","7105265","3296462","1.84",,
"2026-02-13","GILD","Gilead Sciences, Inc. Common S","NNM","21892924","23684789","8417817","2.60",,
"2026-02-13","GLW","Corning Incorporated","NYSE","14970324","13436003","11974722","1.25",,
"2026-02-13","GM","General Motors Company","NYSE","25254786","22700723","7991043","3.16",,
"2026-02-13","GOOG","Alphabet Inc. Class C Capital","NNM","45049261","48648196","28979427","1.55",,
"2026-02-13","GOOGL","Alphabet Inc. Class A Common S","NNM","73567743","75948619","48400160","1.52",,
"2026-02-13","GS","Goldman Sachs Group Inc.","NYSE","6108767","6093158","2748756","2.22",,
"2026-02-13","GWW","W.W. Grainger, Inc.","NYSE","1449391","1372492","441603","3.28",,
"2026-02-13","HCA","HCA Healthcare, Inc.","NYSE","3924877","4135586","1175604","3.34",,
"2026-02-13","HD","Home Depot, Inc.","NYSE","10153045","11960827","4106988","2.47",,
"2026-02-13","HLT","Hilton Worldwide Holdings Inc.","NYSE","5075097","5840610","2545654","1.99",,
"2026-02-13","HON","Honeywell International Inc. C","NNM","11157787","12625090","4631475","2.41",,
"2026-02-13","HOOD","Robinhood Markets, Inc. Class","NNM","34546761","33191544","51305935","1.00",,
"2026-02-13","HPE","Hewlett Packard Enterprise Com","NYSE","89720693","94785356","19479498","4.61",,
"2026-02-13","HWM","Howmet Aerospace Inc.","NYSE","11001914","11209680","3334308","3.30",,
"2026-02-13","IBKR","Interactive Brokers Group, Inc","NNM","11390874","10159672","5750523","1.98",,
"2026-02-13","IBM","International Business Machine","NYSE","19654683","18658931","6953426","2.83",,
"2026-02-13","ICE","Intercontinental Exchange  Inc","NYSE","7856656","8076633","6164195","1.27",,
"2026-02-13","INTC","Intel Corporation Common Stock","NNM","117811424","111648636","102507732","1.15",,
"2026-02-13","INTU","Intuit Inc. Common Stock","NNM","8305847","5931643","4955369","1.68",,
"2026-02-13","ISRG","Intuitive Surgical, Inc. Commo","NNM","6602962","7171500","2535802","2.60",,
"2026-02-13","ITW","Illinois Tool Works Inc.","NYSE","8899669","7959785","2125562","4.19",,
"2026-02-13","JNJ","Johnson & Johnson","NYSE","20767056","19562840","9114561","2.28",,
"2026-02-13","JPM","JPMorgan Chase & Co.","NYSE","19886105","18828203","11220267","1.77",,
"2026-02-13","KKR","KKR & Co. Inc.","NYSE","8759981","10752397","10752408","1.00",,
"2026-02-13","KLAC","KLA Corporation Common Stock","NNM","2908133","2601171","1356383","2.14",,
"2026-02-13","KMI","Kinder Morgan, Inc.","NYSE","46476621","46854721","14180952","3.28",,
"2026-02-13","KO","Coca-Cola Company","NYSE","41189418","33894174","23273059","1.77",,
"2026-02-13","LIN","Linde plc Ordinary Shares","NNM","6063494","6510982","3136813","1.93",,
"2026-02-13","LLY","Eli Lilly & Co.","NYSE","6379120","6981558","4384383","1.45",,
"2026-02-13","LMT","Lockheed Martin Corp.","NYSE","2930837","2533815","1676605","1.75",,
"2026-02-13","LOW","Lowe's Companies Inc.","NYSE","10735310","10038295","2802151","3.83",,
"2026-02-13","LRCX","Lam Research Corporation Commo","NNM","32943284","30563220","11745203","2.80",,
"2026-02-13","MA","Mastercard Incorporated","NYSE","7194771","6755048","4066831","1.77",,
"2026-02-13","MAR","Marriott International Class A","NNM","6938249","7386742","1910860","3.63",,
"2026-02-13","MCD","McDonald's Corporation","NYSE","8702562","8025665","3974583","2.19",,
"2026-02-13","MCK","McKesson Corporation","NYSE","1865575","1841966","1145575","1.63",,
"2026-02-13","MCO","Moody's Corporation","NYSE","1965580","2105494","2282637","1.00",,
"2026-02-13","MDLZ","Mondelez International, Inc. C","NNM","31176011","31377855","13144113","2.37",,
"2026-02-13","MDT","Medtronic plc","NYSE","17328251","19723625","9509623","1.82",,
"2026-02-13","META","Meta Platforms, Inc. Class A C","NNM","27114122","32456385","14487964","1.87",,
"2026-02-13","MMM","3M Company","NYSE","8186036","8143860","4647138","1.76",,
"2026-02-13","MNST","Monster Beverage Corporation","NNM","20315291","18428025","7137246","2.85",,
"2026-02-13","MO","Altria Group, Inc.","NYSE","46593623","44235126","10654159","4.37",,
"2026-02-13","MPC","MARATHON PETROLEUM CORPORATION","NYSE","8793250","8928450","2561534","3.43",,
"2026-02-13","MPWR","Monolithic Power Systems, Inc.","NNM","2099811","2304227","844053","2.49",,
"2026-02-13","MRK","Merck & Co., Inc.","NYSE","28130031","28729402","16529127","1.70",,
"2026-02-13","MRSH","Marsh","NYSE","5578918","6941853","3837562","1.45",,
"2026-02-13","MRVL","Marvell Technology, Inc. Commo","NNM","32398767","33859815","15116226","2.14",,
"2026-02-13","MS","Morgan Stanley","NYSE","16523284","14098500","9172019","1.80",,
"2026-02-13","MSFT","Microsoft Corporation Common S","NNM","56124540","58407538","46894552","1.20",,
"2026-02-13","MSI","Motorola Solutions, Inc. New","NYSE","2322978","2256218","1376269","1.69",,
"2026-02-13","MU","Micron Technology, Inc. Common","NNM","30844110","29957541","39913657","1.00",,
"2026-02-13","NEE","Nextra Energy, Inc.","NYSE","44358566","43481162","8986276","4.94",,
"2026-02-13","NEM","Newmont Corporation","NYSE","18702308","21583987","9929151","1.88",,
"2026-02-13","NET","Cloudflare, Inc. Class A commo","NYSE","8689921","9254915","7693777","1.13",,
"2026-02-13","NFLX","Netflix, Inc. Common Stock","NNM","82928240","76008839","47722895","1.74",,
"2026-02-13","NKE","Nike, Inc.","NYSE","40064023","44360004","14897329","2.69",,
"2026-02-13","NOC","Northrop Grumman Corp.","NYSE","1821087","1524289","941520","1.93",,
"2026-02-13","NOW","SERVICENOW, INC.","NYSE","27222531","21224885","28229985","1.00",,
"2026-02-13","NSC","Norfolk Southern Corp.","NYSE","10417810","8869480","1359600","7.66",,
"2026-02-13","NVDA","NVIDIA Corporation Common Stoc","NNM","254311707","257091247","181794594","1.40",,
"2026-02-13","O","Realty Income Corporation","NYSE","27137724","33300010","7039522","3.86",,
"2026-02-13","ORCL","Oracle Corp","NYSE","33644740","34761104","36220584","1.00",,
"2026-02-13","ORLY","O'Reilly Automotive, Inc. Comm","NNM","15179577","13445813","7368943","2.06",,
"2026-02-13","PANW","Palo Alto Networks, Inc. Commo","NNM","22768366","46289607","17339422","1.31",,
"2026-02-13","PCAR","PACCAR Inc. Common Stock","NNM","12100595","13354233","3710756","3.26",,
"2026-02-13","PEP","PepsiCo, Inc. Common Stock","NNM","29665371","23630340","11378549","2.61",,
"2026-02-13","PFE","Pfizer Inc.","NYSE","146379047","143036062","58100251","2.52",,
"2026-02-13","PG","Procter & Gamble Company","NYSE","25908742","23373932","11775689","2.20",,
"2026-02-13","PGR","Progressive Corporation","NYSE","6769965","6770967","3746722","1.81",,
"2026-02-13","PH","Parker-Hannifin Corporation","NYSE","1583388","1341358","729194","2.17",,
"2026-02-13","PLD","PROLOGIS, INC.","NYSE","11279951","11816840","3294508","3.42",,
"2026-02-13","PLTR","Palantir Technologies Inc. Cla","NNM","51368925","44641497","73314724","1.00",,
"2026-02-13","PM","Philip Morris International In","NYSE","19062595","19833894","6421468","2.97",,
"2026-02-13","PNC","PNC Financial Services Group","NYSE","7133093","6223076","2823408","2.53",,
"2026-02-13","PSX","PHILLIPS 66","NYSE","7155487","7630885","2624426","2.73",,
"2026-02-13","PWR","Quanta Services, Inc.","NYSE","4544718","4911565","1191939","3.81",,
"2026-02-13","QCOM","QUALCOMM Incorporated Common S","NNM","35191883","34252436","13880765","2.54",,
"2026-02-13","RCL","Royal Caribbean Group","NYSE","11689180","11932919","2094388","5.58",,
"2026-02-13","REGN","Regeneron Pharmaceuticals, Inc","NNM","2051997","2176530","823603","2.49",,
"2026-02-13","ROST","Ross Stores, Inc. Common Stock","NNM","7935534","7564612","2410322","3.29",,
"2026-02-13","RSG","Republic Services Inc.","NYSE","2847518","2641924","1531236","1.86",,
"2026-02-13","RTX","RTX Corporation","NYSE","12329892","10414664","6457678","1.91",,
"2026-02-13","SBUX","Starbucks Corporation Common S","NNM","48403877","42310959","8076714","5.99",,
"2026-02-13","SCCO","Southern Copper Corporation","NYSE","11998010","10882035","2427539","4.94","S",
"2026-02-13","SCHW","The Charles Schwab Corporation","NYSE","13722066","15429821","16454344","1.00",,
"2026-02-13","SHW","The Sherwin-Williams Company","NYSE","3436224","3487349","2070477","1.66",,
"2026-02-13","SNDK","Sandisk Corporation Common Sto","NNM","7617435","7426816","23239839","1.00",,
"2026-02-13","SNOW","Snowflake Inc.","NYSE","13013880","12255709","9205432","1.41",,
"2026-02-13","SNPS","Synopsys, Inc. Common Stock","NNM","4380945","4622520","2890513","1.52",,
"2026-02-13","SO","The Southern Company","NYSE","24567203","25897190","6990846","3.51",,
"2026-02-13","SPCX","The SPAC and New Issue ETF","NNM","7448","6400","756","9.85",,
"2026-02-13","SPG","Simon Property Group, Inc.","NYSE","5214567","5512634","1925797","2.71",,
"2026-02-13","SPGI","S&P Global Inc.","NYSE","4881483","3116092","5365668","1.00",,
"2026-02-13","SYK","Stryker Corporation","NYSE","4081187","4109086","2401545","1.70",,
"2026-02-13","T","AT&T Inc.","NYSE","111651160","130070083","50764304","2.20",,
"2026-02-13","TDG","TransDigm Group Incorporated","NYSE","1128706","1251536","553045","2.04",,
"2026-02-13","TFC","Truist Financial Corporation","NYSE","29664452","31176118","10603284","2.80",,
"2026-02-13","TGT","Target Corporation","NYSE","19227449","18776532","7089736","2.71",,
"2026-02-13","TJX","TJX Companies, Inc. (The)","NYSE","12241766","12397333","5773601","2.12",,
"2026-02-13","TMO","Thermo Fisher Scientific, Inc.","NYSE","3557292","4773669","2838227","1.25",,
"2026-02-13","TMUS","T-Mobile US, Inc. Common Stock","NNM","13955516","13211543","8110684","1.72",,
"2026-02-13","TRV","The Travelers Companies, Inc.","NYSE","3945021","3726979","1943259","2.03",,
"2026-02-13","TSLA","Tesla, Inc. Common Stock","NNM","64823111","64365617","60790528","1.07",,
"2026-02-13","TXN","Texas Instruments Incorporated","NNM","24496526","22354945","9674516","2.53",,
"2026-02-13","UBER","Uber Technologies, Inc.","NYSE","52678385","47146598","29358300","1.79",,
"2026-02-13","UNH","UNITEDHEALTH GROUP INCORPORATE","NYSE","13725546","14137772","10163373","1.35",,
"2026-02-13","UNP","Union Pacific Corp.","NYSE","28109310","26543751","4713272","5.96",,
"2026-02-13","UPS","United Parcel Service, Inc. Cl","NYSE","18059773","15309055","7395850","2.44",,
"2026-02-13","URI","United Rentals, Inc.","NYSE","1771640","1622846","861246","2.06",,
"2026-02-13","USB","U.S. Bancorp","NYSE","27594785","28196490","12725108","2.17",,
"2026-02-13","V","VISA Inc.","NYSE","26509047","25898939","8581979","3.09",,
"2026-02-13","VLO","Valero Energy Corporation","NYSE","11723504","11955413","3028090","3.87",,
"2026-02-13","VRT","Vertiv Holdings Co Class A Com","NYSE","9348329","9511374","8353784","1.12",,
"2026-02-13","VRTX","Vertex Pharmaceuticals Incorpo","NNM","4466182","4422490","1676321","2.66",,
"2026-02-13","VZ","Verizon Communications","NYSE","148344833","110059370","44617715","3.32",,
"2026-02-13","WBD","Warner Bros. Discovery, Inc. S","NNM","59898553","54530058","23640345","2.53",,
"2026-02-13","WDC","Western Digital Corporation Co","NNM","31585632","31540967","11847503","2.67",,
"2026-02-13","WELL","Welltower Inc.","NYSE","14360115","13153942","3614752","3.97",,
"2026-02-13","WFC","Wells Fargo & Co.","NYSE","26656825","31999574","15560221","1.71",,
"2026-02-13","WM","Waste Management, Inc.","NYSE","5068213","4934955","2377254","2.13",,
"2026-02-13","WMB","Williams Companies Inc.","NYSE","15330610","16268250","10097294","1.52",,
"2026-02-13","WMT","Walmart Inc. Common Stock","NNM","103328744","95773972","27790598","3.72",,
"2026-02-13","XOM","Exxon Mobil Corporation","NYSE","59561175","51357780","24139497","2.47",,
"2026-01-30","AAPL","Apple Inc. Common Stock","NNM","116854414","113576032","58429082","2.00",,
"2026-01-30","ABBV","ABBVIE INC.","NYSE","19684551","22042536","7106876","2.77",,
"2026-01-30","ABNB","Airbnb, Inc. Class A Common St","NNM","16324234","16892673","3776437","4.32",,
"2026-01-30","ABT","Abbott Laboratories","NYSE","18726478","19914580","17855046","1.05",,
"2026-01-30","ADBE","Adobe Inc. Common Stock","NNM","11939563","11967138","5490565","2.17",,
"2026-01-30","ADI","Analog Devices, Inc. Common St","NNM","8704773","9073162","3537780","2.46",,
"2026-01-30","ADP","Automatic Data Processing, Inc","NNM","8901390","7377784","2810636","3.17",,
"2026-01-30","AEP","American Electric Power Compan","NNM","18368461","18367066","3331250","5.51",,
"2026-01-30","AFL","Aflac Inc.","NYSE","7286886","7261426","2659098","2.74",,
"2026-01-30","AJG","Arthur J. Gallagher & Co.","NYSE","5722133","5332766","2275867","2.51",,
"2026-01-30","ALL","The Allstate Corporation","NYSE","6303230","6093831","1534017","4.11",,
"2026-01-30","AMAT","Applied Materials, Inc. Common","NNM","13733468","16088927","7828801","1.75",,
"2026-01-30","AMD","Advanced Micro Devices, Inc. C","NNM","33811708","38164595","38450154","1.00",,
"2026-01-30","AMGN","Amgen Inc. Common Stock","NNM","13263244","13956207","3028017","4.38",,
"2026-01-30","AMT","American Tower Corporation","NYSE","5928746","6615588","3614678","1.64",,
"2026-01-30","AMZN","Amazon.com, Inc. Common Stock","NNM","71847643","78078171","40595854","1.77",,
"2026-01-30","ANET","Arista Networks","NYSE","12759807","14012839","8445265","1.51",,
"2026-01-30","AON","Aon plc Class A","NYSE","2030381","1949482","1446199","1.40",,
"2026-01-30","APD","Air Products & Chemicals, Inc.","NYSE","5638221","6112169","1672334","3.37",,
"2026-01-30","APH","Amphenol Corporation","NYSE","17405697","12893636","13999939","1.24",,
"2026-01-30","APO","Apollo Global Management, Inc.","NYSE","30347916","30881740","3391289","8.95",,
"2026-01-30","APP","Applovin Corporation Class A C","NNM","13054929","14530080","6681391","1.95",,
"2026-01-30","AVGO","Broadcom Inc. Common Stock","NNM","54204502","58046762","26822222","2.02",,
"2026-01-30","AXP","American Express Company","NYSE","7161764","8041941","3084817","2.32",,
"2026-01-30","BA","Boeing Company","NYSE","13812861","16636845","9725551","1.42",,
"2026-01-30","BAC","Bank of America Corporation","NYSE","90325108","79332935","36247621","2.49",,
"2026-01-30","BKNG","Booking Holdings Inc. Common S","NNM","748948","728780","237118","3.16",,
"2026-01-30","BLK","Blackrock, Inc.","NYSE","1503354","1233437","748061","2.01",,
"2026-01-30","BMY","Bristol-Myers Squibb Co.","NYSE","29894882","36975176","12741067","2.35",,
"2026-01-30","BNY","BlackRock New York Municipal I","NYSE","14515","8664","47325","1.00",,
"2026-01-30","BRKA","Berkshire Hathaway Inc.","NYSE","233","246","589","1.00",,
"2026-01-30","BRKB","BERKSHIRE HATHAWAY Class B","NYSE","11433397","10664028","5196811","2.20",,
"2026-01-30","BSX","Boston Scientific Corp.","NYSE","28281105","23415429","14359024","1.97",,
"2026-01-30","BX","Blackstone Inc.","NYSE","10516063","9804514","4365058","2.41",,
"2026-01-30","C","Citigroup Inc.","NYSE","25767017","25171239","13716433","1.88",,
"2026-01-30","CAT","Caterpillar Inc.","NYSE","6208435","6182351","2636120","2.36",,
"2026-01-30","CDNS","Cadence Design Systems, Inc. C","NNM","4410798","4391668","1880133","2.35",,
"2026-01-30","CEG","Constellation Energy Corporati","NNM","7523064","7303522","4719350","1.59",,
"2026-01-30","CI","The Cigna Group","NYSE","4610825","4757244","1532029","3.01",,
"2026-01-30","CL","Colgate-Palmolive Company","NYSE","15274525","16341336","7694740","1.99",,
"2026-01-30","CMCSA","Comcast Corporation Class A Co","NNM","79270043","63455401","44110968","1.80",,
"2026-01-30","CME","CME Group Inc. Class A Common","NNM","5207550","4213842","1870040","2.78",,
"2026-01-30","CMI","Cummins Inc.","NYSE","1378524","1832123","906153","1.52",,
"2026-01-30","COF","Capital One Financial","NYSE","8458162","8616256","6853829","1.23",,
"2026-01-30","COP","ConocoPhillips","NYSE","15732676","19567055","9008733","1.75",,
"2026-01-30","COST","Costco Wholesale Corporation C","NNM","7122161","7859282","2594043","2.75",,
"2026-01-30","CRM","Salesforce, Inc.","NYSE","17692491","18131447","11365085","1.56",,
"2026-01-30","CRWD","CrowdStrike Holdings, Inc. Cla","NNM","6884194","7198287","2729404","2.52",,
"2026-01-30","CSCO","Cisco Systems, Inc. Common Sto","NNM","52483731","57586743","19678904","2.67",,
"2026-01-30","CSX","CSX Corporation Common Stock","NNM","31829823","35100242","15997601","1.99",,
"2026-01-30","CTAS","Cintas Corporation Common Stoc","NNM","5876773","6456837","1772483","3.32",,
"2026-01-30","CVNA","Carvana Co.","NYSE","14838818","16672707","5000493","2.97",,
"2026-01-30","CVS","CVS HEALTH CORPORATION","NYSE","20354623","18762000","13074576","1.56",,
"2026-01-30","CVX","Chevron Corporation","NYSE","21246384","20706754","11676379","1.82",,
"2026-01-30","D","Dominion Energy, Inc Common St","NYSE","27346350","27932651","5427451","5.04",,
"2026-01-30","DASH","DoorDash, Inc. Class A Common","NNM","12044605","12815873","3766751","3.20",,
"2026-01-30","DDOG","Datadog, Inc. Class A Common S","NNM","9314884","8660041","6584846","1.41",,
"2026-01-30","DE","Deere & Company","NYSE","6194393","5679576","1298333","4.77",,
"2026-01-30","DELL","Dell Technologies Inc.","NYSE","26472793","25909416","7817563","3.39",,
"2026-01-30","DHR","Danaher Corporation","NYSE","7139091","7664560","4890365","1.46",,
"2026-01-30","DIS","The Walt Disney Company","NYSE","22062492","23473830","11097427","1.99",,
"2026-01-30","DLR","Digital Realty Trust, Inc.","NYSE","10006541","9372181","1953598","5.12",,
"2026-01-30","DUK","Duke Energy Corporation","NYSE","13441610","12604484","4527932","2.97",,
"2026-01-30","ECL","Ecolab, Inc.","NYSE","2835404","2655294","1151511","2.46",,
"2026-01-30","ELV","Elevance Health, Inc.","NYSE","3595465","3685633","2295153","1.57",,
"2026-01-30","EMR","Emerson Electric Co.","NYSE","14504733","15167536","2971877","4.88",,
"2026-01-30","EOG","EOG Resources, Inc.","NYSE","14262173","14116656","5492545","2.60",,
"2026-01-30","EPD","Enterprise Products Partners L","NYSE","23744652","25049034","4916728","4.83",,
"2026-01-30","EQIX","Equinix, Inc. Common Stock REI","NNM","2476075","2273848","535182","4.63",,
"2026-01-30","FCX","Freeport-McMoran Inc.","NYSE","34995575","33425507","28050879","1.25",,
"2026-01-30","FDX","FedEx Corporation","NYSE","3282589","3425555","1919980","1.71",,
"2026-01-30","FTNT","Fortinet, Inc. Common Stock","NNM","17595538","20072333","6430309","2.74",,
"2026-01-30","GD","General Dynamics Corporation","NYSE","2540631","2969122","1576356","1.61",,
"2026-01-30","GE","GE Aerospace","NYSE","15731488","13771655","8240089","1.91",,
"2026-01-30","GEV","GE Vernova Inc.","NYSE","7105265","6518083","3828953","1.86",,
"2026-01-30","GILD","Gilead Sciences, Inc. Common S","NNM","23684789","22974646","9218456","2.57",,
"2026-01-30","GLW","Corning Incorporated","NYSE","13436003","11363356","10022071","1.34",,
"2026-01-30","GM","General Motors Company","NYSE","22700723","23552305","10588792","2.14",,
"2026-01-30","GOOG","Alphabet Inc. Class C Capital","NNM","48648196","50395237","20534585","2.37",,
"2026-01-30","GOOGL","Alphabet Inc. Class A Common S","NNM","75948619","83933151","30635442","2.48",,
"2026-01-30","GS","Goldman Sachs Group Inc.","NYSE","6093158","6190729","2486482","2.45",,
"2026-01-30","GWW","W.W. Grainger, Inc.","NYSE","1372492","1369431","260260","5.27",,
"2026-01-30","HCA","HCA Healthcare, Inc.","NYSE","4135586","3922164","1349524","3.06",,
"2026-01-30","HD","Home Depot, Inc.","NYSE","11960827","11725073","4152177","2.88",,
"2026-01-30","HLT","Hilton Worldwide Holdings Inc.","NYSE","5840610","6451729","1950372","2.99",,
"2026-01-30","HON","Honeywell International Inc. C","NNM","12625090","11735373","5593975","2.26",,
"2026-01-30","HOOD","Robinhood Markets, Inc. Class","NNM","33191544","33861805","20974208","1.58",,
"2026-01-30","HPE","Hewlett Packard Enterprise Com","NYSE","94785356","84220925","15835657","5.99",,
"2026-01-30","HWM","Howmet Aerospace Inc.","NYSE","11209680","11800345","3068534","3.65",,
"2026-01-30","IBKR","Interactive Brokers Group, Inc","NNM","10159672","11270557","6044350","1.68",,
"2026-01-30","IBM","International Business Machine","NYSE","18658931","19858300","5416650","3.44",,
"2026-01-30","ICE","Intercontinental Exchange  Inc","NYSE","8076633","7799560","3164216","2.55",,
"2026-01-30","INTC","Intel Corporation Common Stock","NNM","111648636","133999256","166040763","1.00",,
"2026-01-30","INTU","Intuit Inc. Common Stock","NNM","5931643","5105923","3368355","1.76",,
"2026-01-30","ISRG","Intuitive Surgical, Inc. Commo","NNM","7171500","7140130","2239541","3.20",,
"2026-01-30","ITW","Illinois Tool Works Inc.","NYSE","7959785","7677067","1218933","6.53",,
"2026-01-30","JNJ","Johnson & Johnson","NYSE","19562840","21326879","10368157","1.89",,
"2026-01-30","JPM","JPMorgan Chase & Co.","NYSE","18828203","20092036","11583704","1.63",,
"2026-01-30","KKR","KKR & Co. Inc.","NYSE","10752397","10472018","4890452","2.20",,
"2026-01-30","KLAC","KLA Corporation Common Stock","NNM","2601171","3040627","1444667","1.80",,
"2026-01-30","KMI","Kinder Morgan, Inc.","NYSE","46854721","40297765","18136609","2.58",,
"2026-01-30","KO","Coca-Cola Company","NYSE","33894174","35911681","18528300","1.83",,
"2026-01-30","LIN","Linde plc Ordinary Shares","NNM","6510982","7442834","2413213","2.70",,
"2026-01-30","LLY","Eli Lilly & Co.","NYSE","6981558","7697492","2879996","2.42",,
"2026-01-30","LMT","Lockheed Martin Corp.","NYSE","2533815","2552060","1900787","1.33",,
"2026-01-30","LOW","Lowe's Companies Inc.","NYSE","10038295","10664274","2991383","3.36",,
"2026-01-30","LRCX","Lam Research Corporation Commo","NNM","30563220","31244667","13181632","2.32",,
"2026-01-30","MA","Mastercard Incorporated","NYSE","6755048","7154622","4662040","1.45",,
"2026-01-30","MAR","Marriott International Class A","NNM","7386742","7441963","1487823","4.96",,
"2026-01-30","MCD","McDonald's Corporation","NYSE","8025665","7729101","2867090","2.80",,
"2026-01-30","MCK","McKesson Corporation","NYSE","1841966","2029575","602923","3.06",,
"2026-01-30","MCO","Moody's Corporation","NYSE","2105494","2541719","688364","3.06",,
"2026-01-30","MDLZ","Mondelez International, Inc. C","NNM","31377855","34212125","11173535","2.81",,
"2026-01-30","MDT","Medtronic plc","NYSE","19723625","16774153","8978904","2.20",,
"2026-01-30","META","Meta Platforms, Inc. Class A C","NNM","32456385","32561725","22562214","1.44",,
"2026-01-30","MMM","3M Company","NYSE","8143860","7448636","5797231","1.40",,
"2026-01-30","MNST","Monster Beverage Corporation","NNM","18428025","18163648","5778809","3.19",,
"2026-01-30","MO","Altria Group, Inc.","NYSE","44235126","47666528","11765250","3.76",,
"2026-01-30","MPC","MARATHON PETROLEUM CORPORATION","NYSE","8928450","8983903","1951103","4.58",,
"2026-01-30","MPWR","Monolithic Power Systems, Inc.","NNM","2304227","2313245","615553","3.74",,
"2026-01-30","MRK","Merck & Co., Inc.","NYSE","28729402","33654686","12072510","2.38",,
"2026-01-30","MRSH","Marsh","NYSE","6941853","4911245","3315725","2.09",,
"2026-01-30","MRVL","Marvell Technology, Inc. Commo","NNM","33859815","37593167","13654899","2.48",,
"2026-01-30","MS","Morgan Stanley","NYSE","14098500","15928487","8089116","1.74",,
"2026-01-30","MSFT","Microsoft Corporation Common S","NNM","58407538","54651789","43544863","1.34",,
"2026-01-30","MSI","Motorola Solutions, Inc. New","NYSE","2256218","2482170","1216685","1.85",,
"2026-01-30","MU","Micron Technology, Inc. Common","NNM","29957541","27612604","42352160","1.00",,
"2026-01-30","NEE","Nextra Energy, Inc.","NYSE","43481162","38341026","11040137","3.94",,
"2026-01-30","NEM","Newmont Corporation","NYSE","21583987","21757060","12124375","1.78",,
"2026-01-30","NET","Cloudflare, Inc. Class A commo","NYSE","9254915","10009292","5774870","1.60",,
"2026-01-30","NFLX","Netflix, Inc. Common Stock","NNM","76008839","70320999","61349440","1.24",,
"2026-01-30","NKE","Nike, Inc.","NYSE","44360004","39181203","14228798","3.12",,
"2026-01-30","NOC","Northrop Grumman Corp.","NYSE","1524289","1620665","980979","1.55",,
"2026-01-30","NOW","SERVICENOW, INC.","NYSE","21224885","19331570","21916077","1.00",,
"2026-01-30","NSC","Norfolk Southern Corp.","NYSE","8869480","9269773","1215520","7.30",,
"2026-01-30","NVDA","NVIDIA Corporation Common Stoc","NNM","257091247","261838673","164060286","1.57",,
"2026-01-30","O","Realty Income Corporation","NYSE","33300010","32055666","6431172","5.18",,
"2026-01-30","ORCL","Oracle Corp","NYSE","34761104","29096646","27939104","1.24",,
"2026-01-30","ORLY","O'Reilly Automotive, Inc. Comm","NNM","13445813","15431381","5822708","2.31",,
"2026-01-30","PANW","Palo Alto Networks, Inc. Commo","NNM","46289607","47748481","6836390","6.77",,
"2026-01-30","PCAR","PACCAR Inc. Common Stock","NNM","13354233","15042303","3238230","4.12",,
"2026-01-30","PEP","PepsiCo, Inc. Common Stock","NNM","23630340","21730146","8260551","2.86",,
"2026-01-30","PFE","Pfizer Inc.","NYSE","143036062","129801593","51541353","2.78",,
"2026-01-30","PG","Procter & Gamble Company","NYSE","23373932","18958988","12517652","1.87",,
"2026-01-30","PGR","Progressive Corporation","NYSE","6770967","6764601","4225830","1.60",,
"2026-01-30","PH","Parker-Hannifin Corporation","NYSE","1341358","1369271","779185","1.72",,
"2026-01-30","PLD","PROLOGIS, INC.","NYSE","11816840","13635942","4610652","2.56",,
"2026-01-30","PLTR","Palantir Technologies Inc. Cla","NNM","44641497","47362326","39816799","1.12",,
"2026-01-30","PM","Philip Morris International In","NYSE","19833894","19409671","5541085","3.58",,
"2026-01-30","PNC","PNC Financial Services Group","NYSE","6223076","5487671","3489720","1.78",,
"2026-01-30","PSX","PHILLIPS 66","NYSE","7630885","7634493","2051380","3.72",,
"2026-01-30","PWR","Quanta Services, Inc.","NYSE","4911565","4964172","1132262","4.34",,
"2026-01-30","QCOM","QUALCOMM Incorporated Common S","NNM","34252436","31957753","9011490","3.80",,
"2026-01-30","RCL","Royal Caribbean Group","NYSE","11932919","10955952","3144826","3.79",,
"2026-01-30","REGN","Regeneron Pharmaceuticals, Inc","NNM","2176530","2289214","929677","2.34",,
"2026-01-30","ROST","Ross Stores, Inc. Common Stock","NNM","7564612","8926463","2510738","3.01",,
"2026-01-30","RSG","Republic Services Inc.","NYSE","2641924","2671813","1523792","1.73",,
"2026-01-30","RTX","RTX Corporation","NYSE","10414664","9607185","6526605","1.60",,
"2026-01-30","SBUX","Starbucks Corporation Common S","NNM","42310959","44251716","14684989","2.88",,
"2026-01-30","SCCO","Southern Copper Corporation","NYSE","10882035","10448987","3033083","3.59",,
"2026-01-30","SCHW","The Charles Schwab Corporation","NYSE","15429821","16071149","10907410","1.41",,
"2026-01-30","SHW","The Sherwin-Williams Company","NYSE","3487349","3821905","1954730","1.78",,
"2026-01-30","SNDK","Sandisk Corporation Common Sto","NNM","7426816","7117661","20079985","1.00",,
"2026-01-30","SNOW","Snowflake Inc.","NYSE","12255709","12035501","4322527","2.84",,
"2026-01-30","SNPS","Synopsys, Inc. Common Stock","NNM","4622520","4954653","1778099","2.60",,
"2026-01-30","SO","The Southern Company","NYSE","25897190","25893160","6173480","4.19",,
"2026-01-30","SPCX","The SPAC and New Issue ETF","NNM","6400","6253","971","6.59",,
"2026-01-30","SPG","Simon Property Group, Inc.","NYSE","5512634","5033904","1741754","3.16",,
"2026-01-30","SPGI","S&P Global Inc.","NYSE","3116092","4148383","1613084","1.93",,
"2026-01-30","SYK","Stryker Corporation","NYSE","4109086","4683664","2044855","2.01",,
"2026-01-30","T","AT&T Inc.","NYSE","130070083","116197063","55754802","2.33",,
"2026-01-30","TDG","TransDigm Group Incorporated","NYSE","1251536","1207366","332280","3.77",,
"2026-01-30","TFC","Truist Financial Corporation","NYSE","31176118","30569050","12328492","2.53",,
"2026-01-30","TGT","Target Corporation","NYSE","18776532","18256199","5898547","3.18",,
"2026-01-30","TJX","TJX Companies, Inc. (The)","NYSE","12397333","13124724","6276738","1.98",,
"2026-01-30","TMO","Thermo Fisher Scientific, Inc.","NYSE","4773669","3886964","2808838","1.70",,
"2026-01-30","TMUS","T-Mobile US, Inc. Common Stock","NNM","13211543","15062587","7147152","1.85",,
"2026-01-30","TRV","The Travelers Companies, Inc.","NYSE","3726979","3476899","1842843","2.02",,
"2026-01-30","TSLA","Tesla, Inc. Common Stock","NNM","64365617","64410264","61755685","1.04",,
"2026-01-30","TXN","Texas Instruments Incorporated","NNM","22354945","19204883","9911022","2.26",,
"2026-01-30","UBER","Uber Technologies, Inc.","NYSE","47146598","47893803","20257039","2.33",,
"2026-01-30","UNH","UNITEDHEALTH GROUP INCORPORATE","NYSE","14137772","13371588","16625444","1.00",,
"2026-01-30","UNP","Union Pacific Corp.","NYSE","26543751","25275570","4135118","6.42",,
"2026-01-30","UPS","United Parcel Service, Inc. Cl","NYSE","15309055","14847503","7178252","2.13",,
"2026-01-30","URI","United Rentals, Inc.","NYSE","1622846","1536556","802894","2.02",,
"2026-01-30","USB","U.S. Bancorp","NYSE","28196490","22660354","12711474","2.22",,
"2026-01-30","V","VISA Inc.","NYSE","25898939","22144435","8162802","3.17",,
"2026-01-30","VLO","Valero Energy Corporation","NYSE","11955413","13318502","3233120","3.70",,
"2026-01-30","VRT","Vertiv Holdings Co Class A Com","NYSE","9511374","9971063","4629580","2.05",,
"2026-01-30","VRTX","Vertex Pharmaceuticals Incorpo","NNM","4422490","4423965","1586405","2.79",,
"2026-01-30","VZ","Verizon Communications","NYSE","110059370","120595282","37105517","2.97",,
"2026-01-30","WBD","Warner Bros. Discovery, Inc. S","NNM","54530058","77486708","21904693","2.49",,
"2026-01-30","WDC","Western Digital Corporation Co","NNM","31540967","33513366","10697494","2.95",,
"2026-01-30","WELL","Welltower Inc.","NYSE","13153942","13027925","3485593","3.77",,
"2026-01-30","WFC","Wells Fargo & Co.","NYSE","31999574","33658519","18319070","1.75",,
"2026-01-30","WM","Waste Management, Inc.","NYSE","4934955","4657823","2654703","1.86",,
"2026-01-30","WMB","Williams Companies Inc.","NYSE","16268250","15153175","7379950","2.20",,
"2026-01-30","WMT","Walmart Inc. Common Stock","NNM","95773972","65512077","63832255","1.50",,
"2026-01-30","XOM","Exxon Mobil Corporation","NYSE","51357780","47699932","19793652","2.59",,
"2026-01-15","AAPL","Apple Inc. Common Stock","NNM","113576032","112732788","43772789","2.59",,
"2026-01-15","ABBV","ABBVIE INC.","NYSE","22042536","19705568","7499512","2.94",,
"2026-01-15","ABNB","Airbnb, Inc. Class A Common St","NNM","16892673","17915163","4224749","4.00",,
"2026-01-15","ABT","Abbott Laboratories","NYSE","19914580","17399553","6014646","3.31",,
"2026-01-15","ADBE","Adobe Inc. Common Stock","NNM","11967138","12370336","4392090","2.72",,
"2026-01-15","ADI","Analog Devices, Inc. Common St","NNM","9073162","10154096","3679176","2.47",,
"2026-01-15","ADP","Automatic Data Processing, Inc","NNM","7377784","6954562","1835801","4.02",,
"2026-01-15","AEP","American Electric Power Compan","NNM","18367066","18048525","3113175","5.90",,
"2026-01-15","AFL","Aflac Inc.","NYSE","7261426","7141610","1863889","3.90",,
"2026-01-15","AJG","Arthur J. Gallagher & Co.","NYSE","5332766","4926285","1831863","2.91",,
"2026-01-15","ALL","The Allstate Corporation","NYSE","6093831","4748572","2216659","2.75",,
"2026-01-15","AMAT","Applied Materials, Inc. Common","NNM","16088927","13964508","7663493","2.10",,
"2026-01-15","AMD","Advanced Micro Devices, Inc. C","NNM","38164595","36873432","36441347","1.05",,
"2026-01-15","AMGN","Amgen Inc. Common Stock","NNM","13956207","14978144","2412494","5.78",,
"2026-01-15","AMT","American Tower Corporation","NYSE","6615588","6378028","2849029","2.32",,
"2026-01-15","AMZN","Amazon.com, Inc. Common Stock","NNM","78078171","73419039","42316503","1.85",,
"2026-01-15","ANET","Arista Networks","NYSE","14012839","14266812","8129948","1.72",,
"2026-01-15","AON","Aon plc Class A","NYSE","1949482","1923934","951956","2.05",,
"2026-01-15","APD","Air Products & Chemicals, Inc.","NYSE","6112169","6129339","1482778","4.12",,
"2026-01-15","APH","Amphenol Corporation","NYSE","12893636","12031863","8836605","1.46",,
"2026-01-15","APO","Apollo Global Management, Inc.","NYSE","30881740","29537228","2769443","11.15",,
"2026-01-15","APP","Applovin Corporation Class A C","NNM","14530080","15691148","4379824","3.32",,
"2026-01-15","AVGO","Broadcom Inc. Common Stock","NNM","58046762","55143814","23878487","2.43",,
"2026-01-15","AXP","American Express Company","NYSE","8041941","9151837","3187956","2.52",,
"2026-01-15","BA","Boeing Company","NYSE","16636845","15552209","8531590","1.95",,
"2026-01-15","BAC","Bank of America Corporation","NYSE","79332935","90554920","42996115","1.85",,
"2026-01-15","BKNG","Booking Holdings Inc. Common S","NNM","728780","666437","188471","3.87",,
"2026-01-15","BLK","Blackrock, Inc.","NYSE","1233437","1216184","789247","1.56",,
"2026-01-15","BMY","Bristol-Myers Squibb Co.","NYSE","36975176","36577723","12869177","2.87",,
"2026-01-15","BNY","BlackRock New York Municipal I","NYSE","8664","5455","43128","1.00",,
"2026-01-15","BRKA","Berkshire Hathaway Inc.","NYSE","246","230","371","1.00",,
"2026-01-15","BRKB","BERKSHIRE HATHAWAY Class B","NYSE","10664028","11095604","4541263","2.35",,
"2026-01-15","BSX","Boston Scientific Corp.","NYSE","23415429","20010940","10294612","2.27",,
"2026-01-15","BX","Blackstone Inc.","NYSE","9804514","10700690","3722199","2.63",,
"2026-01-15","C","Citigroup Inc.","NYSE","25171239","28831165","16010549","1.57",,
"2026-01-15","CAT","Caterpillar Inc.","NYSE","6182351","5608881","2409837","2.57",,
"2026-01-15","CDNS","Cadence Design Systems, Inc. C","NNM","4391668","4401250","1932244","2.27",,
"2026-01-15","CEG","Constellation Energy Corporati","NNM","7303522","6207293","3081902","2.37",,
"2026-01-15","CI","The Cigna Group","NYSE","4757244","4691680","1547144","3.07",,
"2026-01-15","CL","Colgate-Palmolive Company","NYSE","16341336","14453331","7543276","2.17",,
"2026-01-15","CMCSA","Comcast Corporation Class A Co","NNM","63455401","61140797","32586887","1.95",,
"2026-01-15","CME","CME Group Inc. Class A Common","NNM","4213842","4995418","2106738","2.00",,
"2026-01-15","CMI","Cummins Inc.","NYSE","1832123","1624366","771419","2.38",,
"2026-01-15","COF","Capital One Financial","NYSE","8616256","8669612","6013703","1.43",,
"2026-01-15","COP","ConocoPhillips","NYSE","19567055","16584037","9739965","2.01",,
"2026-01-15","COST","Costco Wholesale Corporation C","NNM","7859282","7456384","2887500","2.72",,
"2026-01-15","CRM","Salesforce, Inc.","NYSE","18131447","16762831","7882700","2.30",,
"2026-01-15","CRWD","CrowdStrike Holdings, Inc. Cla","NNM","7198287","6595474","2794853","2.58",,
"2026-01-15","CSCO","Cisco Systems, Inc. Common Sto","NNM","57586743","60928400","17774396","3.24",,
"2026-01-15","CSX","CSX Corporation Common Stock","NNM","35100242","33490675","14771547","2.38",,
"2026-01-15","CTAS","Cintas Corporation Common Stoc","NNM","6456837","6383831","1616768","3.99",,
"2026-01-15","CVNA","Carvana Co.","NYSE","16672707","16128980","2994548","5.57",,
"2026-01-15","CVS","CVS HEALTH CORPORATION","NYSE","18762000","21665261","7566253","2.48",,
"2026-01-15","CVX","Chevron Corporation","NYSE","20706754","17927715","14791680","1.40",,
"2026-01-15","D","Dominion Energy, Inc Common St","NYSE","27932651","32228912","6621037","4.22",,
"2026-01-15","DASH","DoorDash, Inc. Class A Common","NNM","12815873","13724705","3978774","3.22",,
"2026-01-15","DDOG","Datadog, Inc. Class A Common S","NNM","8660041","9276961","5076913","1.71",,
"2026-01-15","DE","Deere & Company","NYSE","5679576","6308411","1441844","3.94",,
"2026-01-15","DELL","Dell Technologies Inc.","NYSE","25909416","21527108","7136012","3.63",,
"2026-01-15","DHR","Danaher Corporation","NYSE","7664560","8293840","2978082","2.57",,
"2026-01-15","DIS","The Walt Disney Company","NYSE","23473830","21969761","9202250","2.55",,
"2026-01-15","DLR","Digital Realty Trust, Inc.","NYSE","9372181","9549283","2121316","4.42",,
"2026-01-15","DUK","Duke Energy Corporation","NYSE","12604484","13171735","3412437","3.69",,
"2026-01-15","ECL","Ecolab, Inc.","NYSE","2655294","2887408","1147153","2.31",,
"2026-01-15","ELV","Elevance Health, Inc.","NYSE","3685633","4098765","1224916","3.01",,
"2026-01-15","EMR","Emerson Electric Co.","NYSE","15167536","15329674","3145116","4.82",,
"2026-01-15","EOG","EOG Resources, Inc.","NYSE","14116656","14585219","3909628","3.61",,
"2026-01-15","EPD","Enterprise Products Partners L","NYSE","25049034","27100232","3814295","6.57",,
"2026-01-15","EQIX","Equinix, Inc. Common Stock REI","NNM","2273848","2223513","536351","4.24",,
"2026-01-15","FCX","Freeport-McMoran Inc.","NYSE","33425507","30585309","21667362","1.54",,
"2026-01-15","FDX","FedEx Corporation","NYSE","3425555","4146682","1906564","1.80",,
"2026-01-15","FTNT","Fortinet, Inc. Common Stock","NNM","20072333","20930180","6362963","3.15",,
"2026-01-15","GD","General Dynamics Corporation","NYSE","2969122","3074688","1643811","1.81",,
"2026-01-15","GE","GE Aerospace","NYSE","13771655","14187892","4310735","3.19",,
"2026-01-15","GEV","GE Vernova Inc.","NYSE","6518083","7060615","2740628","2.38",,
"2026-01-15","GILD","Gilead Sciences, Inc. Common S","NNM","22974646","23154890","6098981","3.77",,
"2026-01-15","GLW","Corning Incorporated","NYSE","11363356","13004095","5582564","2.04",,
"2026-01-15","GM","General Motors Company","NYSE","23552305","23484370","8342470","2.82",,
"2026-01-15","GOOG","Alphabet Inc. Class C Capital","NNM","50395237","53600778","20532592","2.45",,
"2026-01-15","GOOGL","Alphabet Inc. Class A Common S","NNM","83933151","82670176","30794420","2.73",,
"2026-01-15","GS","Goldman Sachs Group Inc.","NYSE","6190729","6981217","2494064","2.48",,
"2026-01-15","GWW","W.W. Grainger, Inc.","NYSE","1369431","1344349","217773","6.29",,
"2026-01-15","HCA","HCA Healthcare, Inc.","NYSE","3922164","4124926","948768","4.13",,
"2026-01-15","HD","Home Depot, Inc.","NYSE","11725073","11338910","4849736","2.42",,
"2026-01-15","HLT","Hilton Worldwide Holdings Inc.","NYSE","6451729","6817360","1830894","3.52",,
"2026-01-15","HON","Honeywell International Inc. C","NNM","11735373","10079729","4609189","2.55",,
"2026-01-15","HOOD","Robinhood Markets, Inc. Class","NNM","33861805","36511898","21528046","1.57",,
"2026-01-15","HPE","Hewlett Packard Enterprise Com","NYSE","84220925","85937917","17710674","4.76",,
"2026-01-15","HWM","Howmet Aerospace Inc.","NYSE","11800345","10970974","2338248","5.05",,
"2026-01-15","IBKR","Interactive Brokers Group, Inc","NNM","11270557","12787443","4475062","2.52",,
"2026-01-15","IBM","International Business Machine","NYSE","19858300","19612003","3900994","5.09",,
"2026-01-15","ICE","Intercontinental Exchange  Inc","NYSE","7799560","8550551","3388749","2.30",,
"2026-01-15","INTC","Intel Corporation Common Stock","NNM","133999256","115946126","122933144","1.09",,
"2026-01-15","INTU","Intuit Inc. Common Stock","NNM","5105923","5187261","2403049","2.12",,
"2026-01-15","ISRG","Intuitive Surgical, Inc. Commo","NNM","7140130","7443768","1874919","3.81",,
"2026-01-15","ITW","Illinois Tool Works Inc.","NYSE","7677067","8302257","1524054","5.04",,
"2026-01-15","JNJ","Johnson & Johnson","NYSE","21326879","20427016","8769335","2.43",,
"2026-01-15","JPM","JPMorgan Chase & Co.","NYSE","20092036","23245406","12763705","1.57",,
"2026-01-15","KKR","KKR & Co. Inc.","NYSE","10472018","10437029","3961780","2.64",,
"2026-01-15","KLAC","KLA Corporation Common Stock","NNM","3040627","3360917","1051762","2.89",,
"2026-01-15","KMI","Kinder Morgan, Inc.","NYSE","40297765","35007800","13532995","2.98",,
"2026-01-15","KO","Coca-Cola Company","NYSE","35911681","35777361","18456723","1.95",,
"2026-01-15","LIN","Linde plc Ordinary Shares","NNM","7442834","7747437","2275774","3.27",,
"2026-01-15","LLY","Eli Lilly & Co.","NYSE","7697492","6970774","3028579","2.54",,
"2026-01-15","LMT","Lockheed Martin Corp.","NYSE","2552060","2995610","2615302","1.00",,
"2026-01-15","LOW","Lowe's Companies Inc.","NYSE","10664274","10568385","2972850","3.59",,
"2026-01-15","LRCX","Lam Research Corporation Commo","NNM","31244667","33124018","14729518","2.12",,
"2026-01-15","MA","Mastercard Incorporated","NYSE","7154622","6569687","4024673","1.78",,
"2026-01-15","MAR","Marriott International Class A","NNM","7441963","7899282","1490872","4.99",,
"2026-01-15","MCD","McDonald's Corporation","NYSE","7729101","8318960","3412092","2.27",,
"2026-01-15","MCK","McKesson Corporation","NYSE","2029575","1988268","569354","3.56",,
"2026-01-15","MCO","Moody's Corporation","NYSE","2541719","2138709","760827","3.34",,
"2026-01-15","MDLZ","Mondelez International, Inc. C","NNM","34212125","40156059","11722623","2.92",,
"2026-01-15","MDT","Medtronic plc","NYSE","16774153","14397372","6868763","2.44",,
"2026-01-15","META","Meta Platforms, Inc. Class A C","NNM","32561725","33105604","13329994","2.44",,
"2026-01-15","MMM","3M Company","NYSE","7448636","7940729","2738626","2.72",,
"2026-01-15","MNST","Monster Beverage Corporation","NNM","18163648","19934782","5123448","3.55",,
"2026-01-15","MO","Altria Group, Inc.","NYSE","47666528","48089327","11146083","4.28",,
"2026-01-15","MPC","MARATHON PETROLEUM CORPORATION","NYSE","8983903","9200800","2602386","3.45",,
"2026-01-15","MPWR","Monolithic Power Systems, Inc.","NNM","2313245","2855358","522096","4.43",,
"2026-01-15","MRK","Merck & Co., Inc.","NYSE","33654686","32573724","13172764","2.55",,
"2026-01-15","MRSH","Marsh","NYSE","4911245","4955022","2238100","2.19",,
"2026-01-15","MRVL","Marvell Technology, Inc. Commo","NNM","37593167","38727517","15117259","2.49",,
"2026-01-15","MS","Morgan Stanley","NYSE","15928487","15749255","6062353","2.63",,
"2026-01-15","MSFT","Microsoft Corporation Common S","NNM","54651789","52944379","23669106","2.31",,
"2026-01-15","MSI","Motorola Solutions, Inc. New","NYSE","2482170","2537488","1087005","2.28",,
"2026-01-15","MU","Micron Technology, Inc. Common","NNM","27612604","29997536","31318730","1.00",,
"2026-01-15","NEE","Nextra Energy, Inc.","NYSE","38341026","32203995","8614088","4.45",,
"2026-01-15","NEM","Newmont Corporation","NYSE","21757060","20443073","8512277","2.56",,
"2026-01-15","NET","Cloudflare, Inc. Class A commo","NYSE","10009292","9116168","2540977","3.94",,
"2026-01-15","NFLX","Netflix, Inc. Common Stock","NNM","70320999","67751366","41734523","1.68",,
"2026-01-15","NKE","Nike, Inc.","NYSE","39181203","41136389","18088886","2.17",,
"2026-01-15","NOC","Northrop Grumman Corp.","NYSE","1620665","1523038","1401292","1.16",,
"2026-01-15","NOW","SERVICENOW, INC.","NYSE","19331570","17038816","10467470","1.85",,
"2026-01-15","NSC","Norfolk Southern Corp.","NYSE","9269773","8537896","949937","9.76",,
"2026-01-15","NVDA","NVIDIA Corporation Common Stoc","NNM","261838673","256762405","160968779","1.63",,
"2026-01-15","O","Realty Income Corporation","NYSE","32055666","38119759","6671801","4.80",,
"2026-01-15","ORCL","Oracle Corp","NYSE","29096646","27052830","19062084","1.53",,
"2026-01-15","ORLY","O'Reilly Automotive, Inc. Comm","NNM","15431381","14930309","6128329","2.52",,
"2026-01-15","PANW","Palo Alto Networks, Inc. Commo","NNM","47748481","47048715","5992402","7.97",,
"2026-01-15","PCAR","PACCAR Inc. Common Stock","NNM","15042303","15171688","3323588","4.53",,
"2026-01-15","PEP","PepsiCo, Inc. Common Stock","NNM","21730146","21554918","8439025","2.57",,
"2026-01-15","PFE","Pfizer Inc.","NYSE","129801593","130020324","47505184","2.73",,
"2026-01-15","PG","Procter & Gamble Company","NYSE","18958988","18734867","11679878","1.62",,
"2026-01-15","PGR","Progressive Corporation","NYSE","6764601","6674307","3714066","1.82",,
"2026-01-15","PH","Parker-Hannifin Corporation","NYSE","1369271","1259324","569184","2.41",,
"2026-01-15","PLD","PROLOGIS, INC.","NYSE","13635942","12901617","3057576","4.46",,
"2026-01-15","PLTR","Palantir Technologies Inc. Cla","NNM","47362326","47037170","38300140","1.24",,
"2026-01-15","PM","Philip Morris International In","NYSE","19409671","18101842","5295860","3.67",,
"2026-01-15","PNC","PNC Financial Services Group","NYSE","5487671","7019260","2654276","2.07",,
"2026-01-15","PSX","PHILLIPS 66","NYSE","7634493","7967282","2893861","2.64",,
"2026-01-15","PWR","Quanta Services, Inc.","NYSE","4964172","4885130","930125","5.34",,
"2026-01-15","QCOM","QUALCOMM Incorporated Common S","NNM","31957753","29658048","9382526","3.41",,
"2026-01-15","RCL","Royal Caribbean Group","NYSE","10955952","11239597","2136513","5.13",,
"2026-01-15","REGN","Regeneron Pharmaceuticals, Inc","NNM","2289214","2484091","894421","2.56",,
"2026-01-15","ROST","Ross Stores, Inc. Common Stock","NNM","8926463","7728614","2236136","3.99",,
"2026-01-15","RSG","Republic Services Inc.","NYSE","2671813","3257553","1373701","1.94",,
"2026-01-15","RTX","RTX Corporation","NYSE","9607185","9779001","5847527","1.64",,
"2026-01-15","SBUX","Starbucks Corporation Common S","NNM","44251716","45018128","8829594","5.01",,
"2026-01-15","SCCO","Southern Copper Corporation","NYSE","10448987","9097180","2132875","4.90",,
"2026-01-15","SCHW","The Charles Schwab Corporation","NYSE","16071149","14881217","7643446","2.10",,
"2026-01-15","SHW","The Sherwin-Williams Company","NYSE","3821905","3503527","1817711","2.10",,
"2026-01-15","SNDK","Sandisk Corporation Common Sto","NNM","7117661","8816510","14884739","1.00",,
"2026-01-15","SNOW","Snowflake Inc.","NYSE","12035501","12492811","4667472","2.58",,
"2026-01-15","SNPS","Synopsys, Inc. Common Stock","NNM","4954653","4552389","1818927","2.72",,
"2026-01-15","SO","The Southern Company","NYSE","25893160","26706630","4469918","5.79",,
"2026-01-15","SPCX","The SPAC and New Issue ETF","NNM","6253","6463","1166","5.36",,
"2026-01-15","SPG","Simon Property Group, Inc.","NYSE","5033904","5077687","1437956","3.50",,
"2026-01-15","SPGI","S&P Global Inc.","NYSE","4148383","4954119","1344089","3.09",,
"2026-01-15","SYK","Stryker Corporation","NYSE","4683664","4764338","1941194","2.41",,
"2026-01-15","T","AT&T Inc.","NYSE","116197063","110824613","42814740","2.71",,
"2026-01-15","TDG","TransDigm Group Incorporated","NYSE","1207366","1116160","344388","3.51",,
"2026-01-15","TFC","Truist Financial Corporation","NYSE","30569050","31093679","8530357","3.58",,
"2026-01-15","TGT","Target Corporation","NYSE","18256199","20145522","6727965","2.71",,
"2026-01-15","TJX","TJX Companies, Inc. (The)","NYSE","13124724","13227923","4965153","2.64",,
"2026-01-15","TMO","Thermo Fisher Scientific, Inc.","NYSE","3886964","3902857","2596875","1.50",,
"2026-01-15","TMUS","T-Mobile US, Inc. Common Stock","NNM","15062587","15520683","4687329","3.21",,
"2026-01-15","TRV","The Travelers Companies, Inc.","NYSE","3476899","3776457","1729887","2.01",,
"2026-01-15","TSLA","Tesla, Inc. Common Stock","NNM","64410264","67866137","64096821","1.00",,
"2026-01-15","TXN","Texas Instruments Incorporated","NNM","19204883","18776032","7203143","2.67",,
"2026-01-15","UBER","Uber Technologies, Inc.","NYSE","47893803","54551869","18321550","2.61",,
"2026-01-15","UNH","UNITEDHEALTH GROUP INCORPORATE","NYSE","13371588","13909868","6634864","2.02",,
"2026-01-15","UNP","Union Pacific Corp.","NYSE","25275570","24820661","2763837","9.15",,
"2026-01-15","UPS","United Parcel Service, Inc. Cl","NYSE","14847503","15910894","5240581","2.83",,
"2026-01-15","URI","United Rentals, Inc.","NYSE","1536556","1567637","667495","2.30",,
"2026-01-15","USB","U.S. Bancorp","NYSE","22660354","20737185","11459407","1.98",,
"2026-01-15","V","VISA Inc.","NYSE","22144435","23296359","8900699","2.49",,
"2026-01-15","VLO","Valero Energy Corporation","NYSE","13318502","13929097","4793243","2.78",,
"2026-01-15","VRT","Vertiv Holdings Co Class A Com","NYSE","9971063","10629662","5529185","1.80",,
"2026-01-15","VRTX","Vertex Pharmaceuticals Incorpo","NNM","4423965","5022282","1437372","3.08",,
"2026-01-15","VZ","Verizon Communications","NYSE","120595282","118765170","31446517","3.83",,
"2026-01-15","WBD","Warner Bros. Discovery, Inc. S","NNM","77486708","98974919","26076592","2.97",,
"2026-01-15","WDC","Western Digital Corporation Co","NNM","33513366","36866308","9567772","3.50",,
"2026-01-15","WELL","Welltower Inc.","NYSE","13027925","13094288","2690477","4.84",,
"2026-01-15","WFC","Wells Fargo & Co.","NYSE","33658519","38360053","16671189","2.02",,
"2026-01-15","WM","Waste Management, Inc.","NYSE","4657823","4793943","1869830","2.49",,
"2026-01-15","WMB","Williams Companies Inc.","NYSE","15153175","15590303","7227700","2.10",,
"2026-01-15","WMT","Walmart Inc. Common Stock","NNM","65512077","55065739","26759232","2.45",,
"2026-01-15","XOM","Exxon Mobil Corporation","NYSE","47699932","41944270","20626787","2.31",,
"2025-12-31","AAPL","Apple Inc. Common Stock","NNM","112732788","122035714","41632615","2.71",,
"2025-12-31","ABBV","ABBVIE INC.","NYSE","19705568","18075534","5136946","3.84",,
"2025-12-31","ABNB","Airbnb, Inc. Class A Common St","NNM","17915163","16947750","4047117","4.43",,
"2025-12-31","ABT","Abbott Laboratories","NYSE","17399553","15875548","5794927","3.00",,
"2025-12-31","ADBE","Adobe Inc. Common Stock","NNM","12370336","11592689","3256967","3.80",,
"2025-12-31","ADI","Analog Devices, Inc. Common St","NNM","10154096","10995864","3034146","3.35",,
"2025-12-31","ADP","Automatic Data Processing, Inc","NNM","6954562","7618073","2482131","2.80",,
"2025-12-31","AEP","American Electric Power Compan","NNM","18048525","22650297","3432010","5.26",,
"2025-12-31","AFL","Aflac Inc.","NYSE","7141610","6472557","2489768","2.87",,
"2025-12-31","AJG","Arthur J. Gallagher & Co.","NYSE","4926285","3898403","1500053","3.28",,
"2025-12-31","ALL","The Allstate Corporation","NYSE","4748572","3833912","1492293","3.18",,
"2025-12-31","AMAT","Applied Materials, Inc. Common","NNM","13964508","17743721","6064652","2.30",,
"2025-12-31","AMD","Advanced Micro Devices, Inc. C","NNM","36873432","36052433","23981964","1.54",,
"2025-12-31","AMGN","Amgen Inc. Common Stock","NNM","14978144","14121914","2862566","5.23",,
"2025-12-31","AMT","American Tower Corporation","NYSE","6378028","6074387","2987213","2.14",,
"2025-12-31","AMZN","Amazon.com, Inc. Common Stock","NNM","73419039","76073227","33695601","2.18",,
"2025-12-31","ANET","Arista Networks","NYSE","14266812","14987583","5450743","2.62",,
"2025-12-31","AON","Aon plc Class A","NYSE","1923934","1891956","798517","2.41",,
"2025-12-31","APD","Air Products & Chemicals, Inc.","NYSE","6129339","5813098","1609978","3.81",,
"2025-12-31","APH","Amphenol Corporation","NYSE","12031863","11714566","6519482","1.85",,
"2025-12-31","APO","Apollo Global Management, Inc.","NYSE","29537228","32095448","2262644","13.05",,
"2025-12-31","APP","Applovin Corporation Class A C","NNM","15691148","15247318","2983870","5.26",,
"2025-12-31","AVGO","Broadcom Inc. Common Stock","NNM","55143814","69789300","43227054","1.28",,
"2025-12-31","AXP","American Express Company","NYSE","9151837","9757775","2486458","3.68",,
"2025-12-31","BA","Boeing Company","NYSE","15552209","16176959","6006896","2.59",,
"2025-12-31","BAC","Bank of America Corporation","NYSE","90554920","114878738","33457146","2.71",,
"2025-12-31","BKNG","Booking Holdings Inc. Common S","NNM","666437","725578","161493","4.13",,
"2025-12-31","BLK","Blackrock, Inc.","NYSE","1216184","1264999","475003","2.56",,
"2025-12-31","BMY","Bristol-Myers Squibb Co.","NYSE","36577723","35431255","16091811","2.27",,
"2025-12-31","BNY","BlackRock New York Municipal I","NYSE","5455","11900","111724","1.00",,
"2025-12-31","BRKA","Berkshire Hathaway Inc.","NYSE","230","225","419","1.00",,
"2025-12-31","BRKB","BERKSHIRE HATHAWAY Class B","NYSE","11095604","12386480","4351078","2.55",,
"2025-12-31","BSX","Boston Scientific Corp.","NYSE","20010940","19144680","8454112","2.37",,
"2025-12-31","BX","Blackstone Inc.","NYSE","10700690","11010697","3153725","3.39",,
"2025-12-31","C","Citigroup Inc.","NYSE","28831165","29060069","15224633","1.89",,
"2025-12-31","CAT","Caterpillar Inc.","NYSE","5608881","7123267","2237144","2.51",,
"2025-12-31","CDNS","Cadence Design Systems, Inc. C","NNM","4401250","4007512","1398942","3.15",,
"2025-12-31","CEG","Constellation Energy Corporati","NNM","6207293","6324828","2199199","2.82",,
"2025-12-31","CI","The Cigna Group","NYSE","4691680","4484017","1446219","3.24",,
"2025-12-31","CL","Colgate-Palmolive Company","NYSE","14453331","13516071","5102275","2.83",,
"2025-12-31","CMCSA","Comcast Corporation Class A Co","NNM","61140797","53525909","39624611","1.54",,
"2025-12-31","CME","CME Group Inc. Class A Common","NNM","4995418","6158003","1447462","3.45",,
"2025-12-31","CMI","Cummins Inc.","NYSE","1624366","1558500","751372","2.16",,
"2025-12-31","COF","Capital One Financial","NYSE","8669612","9500495","2636148","3.29",,
"2025-12-31","COP","ConocoPhillips","NYSE","16584037","16927069","6564538","2.53",,
"2025-12-31","COST","Costco Wholesale Corporation C","NNM","7456384","6737305","2811324","2.65",,
"2025-12-31","CRM","Salesforce, Inc.","NYSE","16762831","16019089","5882061","2.85",,
"2025-12-31","CRWD","CrowdStrike Holdings, Inc. Cla","NNM","6595474","7521987","1888406","3.49",,
"2025-12-31","CSCO","Cisco Systems, Inc. Common Sto","NNM","60928400","54886724","22324962","2.73",,
"2025-12-31","CSX","CSX Corporation Common Stock","NNM","33490675","31709967","10334278","3.24",,
"2025-12-31","CTAS","Cintas Corporation Common Stoc","NNM","6383831","7229415","2000574","3.19",,
"2025-12-31","CVNA","Carvana Co.","NYSE","16128980","14240637","5541781","2.91",,
"2025-12-31","CVS","CVS HEALTH CORPORATION","NYSE","21665261","22923080","5008100","4.33",,
"2025-12-31","CVX","Chevron Corporation","NYSE","17927715","17809981","7566423","2.37",,
"2025-12-31","D","Dominion Energy, Inc Common St","NYSE","32228912","41702591","7868217","4.10",,
"2025-12-31","DASH","DoorDash, Inc. Class A Common","NNM","13724705","13432520","3368577","4.07",,
"2025-12-31","DDOG","Datadog, Inc. Class A Common S","NNM","9276961","8332400","2984985","3.11",,
"2025-12-31","DE","Deere & Company","NYSE","6308411","5613451","1265107","4.99",,
"2025-12-31","DELL","Dell Technologies Inc.","NYSE","21527108","20603933","4743634","4.54",,
"2025-12-31","DHR","Danaher Corporation","NYSE","8293840","8690262","2598701","3.19",,
"2025-12-31","DIS","The Walt Disney Company","NYSE","21969761","21786737","9973293","2.20",,
"2025-12-31","DLR","Digital Realty Trust, Inc.","NYSE","9549283","10525945","2040028","4.68",,
"2025-12-31","DUK","Duke Energy Corporation","NYSE","13171735","13931486","3097564","4.25",,
"2025-12-31","ECL","Ecolab, Inc.","NYSE","2887408","3383105","1208044","2.39",,
"2025-12-31","ELV","Elevance Health, Inc.","NYSE","4098765","4764383","1393947","2.94",,
"2025-12-31","EMR","Emerson Electric Co.","NYSE","15329674","13796341","2349554","6.52",,
"2025-12-31","EOG","EOG Resources, Inc.","NYSE","14585219","14334600","3706973","3.93",,
"2025-12-31","EPD","Enterprise Products Partners L","NYSE","27100232","29093438","3124830","8.67",,
"2025-12-31","EQIX","Equinix, Inc. Common Stock REI","NNM","2223513","2288665","508075","4.38",,
"2025-12-31","FCX","Freeport-McMoran Inc.","NYSE","30585309","28027039","13685234","2.23",,
"2025-12-31","FDX","FedEx Corporation","NYSE","4146682","3947617","1956033","2.12",,
"2025-12-31","FTNT","Fortinet, Inc. Common Stock","NNM","20930180","23558764","5898779","3.55",,
"2025-12-31","GD","General Dynamics Corporation","NYSE","3074688","2505676","983495","3.13",,
"2025-12-31","GE","GE Aerospace","NYSE","14187892","14465583","3941401","3.60",,
"2025-12-31","GEV","GE Vernova Inc.","NYSE","7060615","7171803","2806265","2.52",,
"2025-12-31","GILD","Gilead Sciences, Inc. Common S","NNM","23154890","21650110","6326979","3.66",,
"2025-12-31","GLW","Corning Incorporated","NYSE","13004095","14954625","4664469","2.79",,
"2025-12-31","GM","General Motors Company","NYSE","23484370","20666700","7694569","3.05",,
"2025-12-31","GOOG","Alphabet Inc. Class C Capital","NNM","53600778","56150436","17224416","3.11",,
"2025-12-31","GOOGL","Alphabet Inc. Class A Common S","NNM","82670176","82147118","26465124","3.12",,
"2025-12-31","GS","Goldman Sachs Group Inc.","NYSE","6981217","7093648","1845675","3.78",,
"2025-12-31","GWW","W.W. Grainger, Inc.","NYSE","1344349","1254643","286951","4.68",,
"2025-12-31","HCA","HCA Healthcare, Inc.","NYSE","4124926","4495103","1172083","3.52",,
"2025-12-31","HD","Home Depot, Inc.","NYSE","11338910","10217103","4005217","2.83",,
"2025-12-31","HLT","Hilton Worldwide Holdings Inc.","NYSE","6817360","6673064","1610401","4.23",,
"2025-12-31","HON","Honeywell International Inc. C","NNM","10079729","9304333","3503782","2.88",,
"2025-12-31","HOOD","Robinhood Markets, Inc. Class","NNM","36511898","41119503","19039215","1.92",,
"2025-12-31","HPE","Hewlett Packard Enterprise Com","NYSE","85937917","68068856","18857330","4.56",,
"2025-12-31","HWM","Howmet Aerospace Inc.","NYSE","10970974","10409350","1929935","5.68",,
"2025-12-31","IBKR","Interactive Brokers Group, Inc","NNM","12787443","12309986","2885389","4.43",,
"2025-12-31","IBM","International Business Machine","NYSE","19612003","19765710","3861804","5.08",,
"2025-12-31","ICE","Intercontinental Exchange  Inc","NYSE","8550551","7827125","2381546","3.59",,
"2025-12-31","INTC","Intel Corporation Common Stock","NNM","115946126","128600305","57885023","2.00",,
"2025-12-31","INTU","Intuit Inc. Common Stock","NNM","5187261","4735364","1499407","3.46",,
"2025-12-31","ISRG","Intuitive Surgical, Inc. Commo","NNM","7443768","6976993","1376535","5.41",,
"2025-12-31","ITW","Illinois Tool Works Inc.","NYSE","8302257","7564429","1132639","7.33",,
"2025-12-31","JNJ","Johnson & Johnson","NYSE","20427016","23972906","7546343","2.71",,
"2025-12-31","JPM","JPMorgan Chase & Co.","NYSE","23245406","23727009","8913449","2.61",,
"2025-12-31","KKR","KKR & Co. Inc.","NYSE","10437029","11900269","3217924","3.24",,
"2025-12-31","KLAC","KLA Corporation Common Stock","NNM","3360917","3575716","741856","4.53",,
"2025-12-31","KMI","Kinder Morgan, Inc.","NYSE","35007800","34069201","9749534","3.59",,
"2025-12-31","KO","Coca-Cola Company","NYSE","35777361","37490775","12948221","2.76",,
"2025-12-31","LIN","Linde plc Ordinary Shares","NNM","7747437","8441173","2666486","2.91",,
"2025-12-31","LLY","Eli Lilly & Co.","NYSE","6970774","6547749","2605596","2.68",,
"2025-12-31","LMT","Lockheed Martin Corp.","NYSE","2995610","2901357","1201350","2.49",,
"2025-12-31","LOW","Lowe's Companies Inc.","NYSE","10568385","11305493","2084215","5.07",,
"2025-12-31","LRCX","Lam Research Corporation Commo","NNM","33124018","32838316","10447211","3.17",,
"2025-12-31","MA","Mastercard Incorporated","NYSE","6569687","6817593","2400759","2.74",,
"2025-12-31","MAR","Marriott International Class A","NNM","7899282","7282733","1331054","5.93",,
"2025-12-31","MCD","McDonald's Corporation","NYSE","8318960","8212267","2750375","3.02",,
"2025-12-31","MCK","McKesson Corporation","NYSE","1988268","2123463","528991","3.76",,
"2025-12-31","MCO","Moody's Corporation","NYSE","2138709","2346691","703682","3.04",,
"2025-12-31","MDLZ","Mondelez International, Inc. C","NNM","40156059","31640208","11253446","3.57",,
"2025-12-31","MDT","Medtronic plc","NYSE","14397372","15131648","5453596","2.64",,
"2025-12-31","META","Meta Platforms, Inc. Class A C","NNM","33105604","31954576","14670811","2.26",,
"2025-12-31","MMM","3M Company","NYSE","7940729","7103813","2062860","3.85",,
"2025-12-31","MNST","Monster Beverage Corporation","NNM","19934782","18861744","4809808","4.14",,
"2025-12-31","MO","Altria Group, Inc.","NYSE","48089327","45456022","10289291","4.67",,
"2025-12-31","MPC","MARATHON PETROLEUM CORPORATION","NYSE","9200800","9768852","2407372","3.82",,
"2025-12-31","MPWR","Monolithic Power Systems, Inc.","NNM","2855358","1729984","917722","3.11",,
"2025-12-31","MRK","Merck & Co., Inc.","NYSE","32573724","37162304","13965417","2.33",,
"2025-12-31","MRVL","Marvell Technology, Inc. Commo","NNM","38727517","36862349","10746142","3.60",,
"2025-12-31","MS","Morgan Stanley","NYSE","15749255","15670281","4772766","3.30",,
"2025-12-31","MSFT","Microsoft Corporation Common S","NNM","52944379","66675893","20803939","2.54",,
"2025-12-31","MSI","Motorola Solutions, Inc. New","NYSE","2537488","2693606","1591264","1.59",,
"2025-12-31","MU","Micron Technology, Inc. Common","NNM","29997536","25152856","31060164","1.00",,
"2025-12-31","NEE","Nextra Energy, Inc.","NYSE","32203995","35887206","8467989","3.80",,
"2025-12-31","NEM","Newmont Corporation","NYSE","20443073","19826351","8460546","2.42",,
"2025-12-31","NET","Cloudflare, Inc. Class A commo","NYSE","9116168","9689708","1818180","5.01",,
"2025-12-31","NFLX","Netflix, Inc. Common Stock","NNM","67751366","73585254","33461131","2.02",,
"2025-12-31","NKE","Nike, Inc.","NYSE","41136389","36882181","32841976","1.25",,
"2025-12-31","NOC","Northrop Grumman Corp.","NYSE","1523038","1538336","568517","2.68",,
"2025-12-31","NOW","SERVICENOW, INC.","NYSE","17038816","3673141","10355733","1.65","S",
"2025-12-31","NSC","Norfolk Southern Corp.","NYSE","8537896","7012921","979620","8.72",,
"2025-12-31","NVDA","NVIDIA Corporation Common Stoc","NNM","256762405","264294883","154556611","1.66",,
"2025-12-31","O","Realty Income Corporation","NYSE","38119759","45661043","6499845","5.86",,
"2025-12-31","ORCL","Oracle Corp","NYSE","27052830","28628389","27385698","1.00",,
"2025-12-31","ORLY","O'Reilly Automotive, Inc. Comm","NNM","14930309","12107375","5371194","2.78",,
"2025-12-31","PANW","Palo Alto Networks, Inc. Commo","NNM","47048715","44853361","5342986","8.81",,
"2025-12-31","PCAR","PACCAR Inc. Common Stock","NNM","15171688","13375157","2783701","5.45",,
"2025-12-31","PEP","PepsiCo, Inc. Common Stock","NNM","21554918","21269278","7182744","3.00",,
"2025-12-31","PFE","Pfizer Inc.","NYSE","130020324","139486093","47481814","2.74",,
"2025-12-31","PG","Procter & Gamble Company","NYSE","18734867","17843879","9079625","2.06",,
"2025-12-31","PGR","Progressive Corporation","NYSE","6674307","6323834","3050717","2.19",,
"2025-12-31","PH","Parker-Hannifin Corporation","NYSE","1259324","1413221","513973","2.45",,
"2025-12-31","PLD","PROLOGIS, INC.","NYSE","12901617","12478613","3135297","4.11",,
"2025-12-31","PLTR","Palantir Technologies Inc. Cla","NNM","47037170","45832885","34549938","1.36",,
"2025-12-31","PM","Philip Morris International In","NYSE","18101842","17624958","5879050","3.08",,
"2025-12-31","PNC","PNC Financial Services Group","NYSE","7019260","7252615","1581471","4.44",,
"2025-12-31","PSX","PHILLIPS 66","NYSE","7967282","7622472","2454608","3.25",,
"2025-12-31","PWR","Quanta Services, Inc.","NYSE","4885130","4592436","787029","6.21",,
"2025-12-31","QCOM","QUALCOMM Incorporated Common S","NNM","29658048","30845068","6946080","4.27",,
"2025-12-31","RCL","Royal Caribbean Group","NYSE","11239597","11036392","1851198","6.07",,
"2025-12-31","REGN","Regeneron Pharmaceuticals, Inc","NNM","2484091","2738113","753196","3.30",,
"2025-12-31","ROST","Ross Stores, Inc. Common Stock","NNM","7728614","7020936","2158992","3.58",,
"2025-12-31","RSG","Republic Services Inc.","NYSE","3257553","2962251","1620118","2.01",,
"2025-12-31","RTX","RTX Corporation","NYSE","9779001","9353884","3850904","2.54",,
"2025-12-31","SBUX","Starbucks Corporation Common S","NNM","45018128","47193701","8037594","5.60",,
"2025-12-31","SCCO","Southern Copper Corporation","NYSE","9097180","8307773","996708","9.13",,
"2025-12-31","SCHW","The Charles Schwab Corporation","NYSE","14881217","18850601","8213656","1.81",,
"2025-12-31","SHW","The Sherwin-Williams Company","NYSE","3503527","3876701","1552738","2.26",,
"2025-12-31","SNDK","Sandisk Corporation Common Sto","NNM","8816510","6930918","6924731","1.27",,
"2025-12-31","SNOW","Snowflake Inc.","NYSE","12492811","12165859","3180283","3.93",,
"2025-12-31","SNPS","Synopsys, Inc. Common Stock","NNM","4552389","4414899","1629349","2.79",,
"2025-12-31","SO","The Southern Company","NYSE","26706630","25511417","5056470","5.28",,
"2025-12-31","SPCX","The SPAC and New Issue ETF","NNM","6463","9764","2568","2.52",,
"2025-12-31","SPG","Simon Property Group, Inc.","NYSE","5077687","5168946","1300202","3.91",,
"2025-12-31","SPGI","S&P Global Inc.","NYSE","4954119","4820230","1484370","3.34",,
"2025-12-31","SYK","Stryker Corporation","NYSE","4764338","4236763","1561201","3.05",,
"2025-12-31","T","AT&T Inc.","NYSE","110824613","115805418","31835603","3.48",,
"2025-12-31","TDG","TransDigm Group Incorporated","NYSE","1116160","1201665","326478","3.42",,
"2025-12-31","TFC","Truist Financial Corporation","NYSE","31093679","32108521","6842437","4.54",,
"2025-12-31","TGT","Target Corporation","NYSE","20145522","20176926","7718751","2.61",,
"2025-12-31","TJX","TJX Companies, Inc. (The)","NYSE","13227923","13483781","3812799","3.47",,
"2025-12-31","TMO","Thermo Fisher Scientific, Inc.","NYSE","3902857","5086563","1420155","2.75",,
"2025-12-31","TMUS","T-Mobile US, Inc. Common Stock","NNM","15520683","15628622","5346013","2.90",,
"2025-12-31","TRV","The Travelers Companies, Inc.","NYSE","3776457","3878069","1178001","3.21",,
"2025-12-31","TSLA","Tesla, Inc. Common Stock","NNM","67866137","74678636","74909385","1.00",,
"2025-12-31","TXN","Texas Instruments Incorporated","NNM","18776032","19603474","6051627","3.10",,
"2025-12-31","UBER","Uber Technologies, Inc.","NYSE","54551869","53044392","16143432","3.38",,
"2025-12-31","UNH","UNITEDHEALTH GROUP INCORPORATE","NYSE","13909868","14831445","5502700","2.53",,
"2025-12-31","UNP","Union Pacific Corp.","NYSE","24820661","24315985","2197231","11.30",,
"2025-12-31","UPS","United Parcel Service, Inc. Cl","NYSE","15910894","15161785","5658084","2.81",,
"2025-12-31","URI","United Rentals, Inc.","NYSE","1567637","1639656","501965","3.12",,
"2025-12-31","USB","U.S. Bancorp","NYSE","20737185","21710851","8169074","2.54",,
"2025-12-31","V","VISA Inc.","NYSE","23296359","24838184","5782597","4.03",,
"2025-12-31","VLO","Valero Energy Corporation","NYSE","13929097","12363562","2901109","4.80",,
"2025-12-31","VRT","Vertiv Holdings Co Class A Com","NYSE","10629662","10139719","5404562","1.97",,
"2025-12-31","VRTX","Vertex Pharmaceuticals Incorpo","NNM","5022282","4287121","1227594","4.09",,
"2025-12-31","VZ","Verizon Communications","NYSE","118765170","117969960","20706782","5.74",,
"2025-12-31","WBD","Warner Bros. Discovery, Inc. S","NNM","98974919","106423942","49329305","2.01",,
"2025-12-31","WDC","Western Digital Corporation Co","NNM","36866308","31351861","8128699","4.54",,
"2025-12-31","WELL","Welltower Inc.","NYSE","13094288","12165881","3625467","3.61",,
"2025-12-31","WFC","Wells Fargo & Co.","NYSE","38360053","41423518","11747324","3.27",,
"2025-12-31","WM","Waste Management, Inc.","NYSE","4793943","4447387","1416524","3.38",,
"2025-12-31","WMB","Williams Companies Inc.","NYSE","15590303","15816823","5776857","2.70",,
"2025-12-31","WMT","Walmart Inc. Common Stock","NNM","55065739","56882884","18282862","3.01",,
"2025-12-31","XOM","Exxon Mobil Corporation","NYSE","41944270","46741139","15481080","2.71",,
"2025-11-28","AAPL","Apple Inc. Common Stock","NNM","129458559","114913396","44036020","2.94",,
"2025-11-28","ABBV","ABBVIE INC.","NYSE","18209156","18724102","6345817","2.87",,
"2025-11-28","ABNB","Airbnb, Inc. Class A Common St","NNM","17183486","18199745","5622109","3.06",,
"2025-11-28","ABT","Abbott Laboratories","NYSE","18485281","19141411","8229621","2.25",,
"2025-11-28","ADBE","Adobe Inc. Common Stock","NNM","12263926","12301524","3631579","3.38",,
"2025-11-28","ADI","Analog Devices, Inc. Common St","NNM","10525960","10429465","4732588","2.22",,
"2025-11-28","ADP","Automatic Data Processing, Inc","NNM","7624972","7467952","2072698","3.68",,
"2025-11-28","AEP","American Electric Power Compan","NNM","22975346","21957978","3639105","6.31",,
"2025-11-28","AFL","Aflac Inc.","NYSE","6792432","6970078","2662454","2.55",,
"2025-11-28","AJG","Arthur J. Gallagher & Co.","NYSE","4263068","4086481","1587915","2.68",,
"2025-11-28","ALL","The Allstate Corporation","NYSE","4270803","3318042","1626356","2.63",,
"2025-11-28","AMAT","Applied Materials, Inc. Common","NNM","18983233","14815531","8381761","2.26",,
"2025-11-28","AMD","Advanced Micro Devices, Inc. C","NNM","37039237","40737550","48950886","1.00",,
"2025-11-28","AMGN","Amgen Inc. Common Stock","NNM","14322050","13363223","2786141","5.14",,
"2025-11-28","AMT","American Tower Corporation","NYSE","5998677","5864326","2904038","2.07",,
"2025-11-28","AMZN","Amazon.com, Inc. Common Stock","NNM","73266891","70637060","49286158","1.49",,"R"
"2025-11-28","ANET","Arista Networks","NYSE","14355719","13688428","10206522","1.41",,
"2025-11-28","AON","Aon plc Class A","NYSE","2036005","1937191","1182980","1.72",,
"2025-11-28","APD","Air Products & Chemicals, Inc.","NYSE","5573569","5342484","1129070","4.94",,
"2025-11-28","APH","Amphenol Corporation","NYSE","11246004","9924862","7990313","1.41",,
"2025-11-28","APO","Apollo Global Management, Inc.","NYSE","31774504","32992756","3112776","10.21",,
"2025-11-28","APP","Applovin Corporation Class A C","NNM","14866419","16391414","3876985","3.83",,
"2025-11-28","AVGO","Broadcom Inc. Common Stock","NNM","56351035","54525404","26330762","2.14",,
"2025-11-28","AXP","American Express Company","NYSE","10293299","10320081","2655929","3.88",,
"2025-11-28","BA","Boeing Company","NYSE","14812526","14910585","8991995","1.65",,
"2025-11-28","BAC","Bank of America Corporation","NYSE","110788029","114022231","36056229","3.07",,
"2025-11-28","BKNG","Booking Holdings Inc. Common S","NNM","595843","599483","337479","1.77",,
"2025-11-28","BLK","Blackrock, Inc.","NYSE","1822480","1241874","776780","2.35",,
"2025-11-28","BMY","Bristol-Myers Squibb Co.","NYSE","33891065","31685786","14281206","2.37",,
"2025-11-28","BNY","BlackRock New York Municipal I","NYSE","12660","25085","62791","1.00",,
"2025-11-28","BRKA","Berkshire Hathaway Inc.","NYSE","302","311","305","1.00",,
"2025-11-28","BRKB","BERKSHIRE HATHAWAY Class B","NYSE","13020089","12513598","5615194","2.32",,
"2025-11-28","BSX","Boston Scientific Corp.","NYSE","18734072","21076004","9892043","1.89",,
"2025-11-28","BX","Blackstone Inc.","NYSE","10571138","12455451","4201989","2.52",,
"2025-11-28","C","Citigroup Inc.","NYSE","23877077","26532968","11426617","2.09",,
"2025-11-28","CAT","Caterpillar Inc.","NYSE","6466178","6384502","2514608","2.57",,
"2025-11-28","CDNS","Cadence Design Systems, Inc. C","NNM","4397998","4144356","1704387","2.58",,
"2025-11-28","CEG","Constellation Energy Corporati","NNM","6136494","6253159","2470726","2.48",,
"2025-11-28","CI","The Cigna Group","NYSE","3934383","3934852","1765289","2.23",,
"2025-11-28","CL","Colgate-Palmolive Company","NYSE","14296299","14262439","5509380","2.59",,
"2025-11-28","CMCSA","Comcast Corporation Class A Co","NNM","52488029","52554069","28521269","1.84",,
"2025-11-28","CME","CME Group Inc. Class A Common","NNM","4948926","5410273","2105335","2.35",,
"2025-11-28","CMI","Cummins Inc.","NYSE","1923399","1442412","1068096","1.80",,
"2025-11-28","COF","Capital One Financial","NYSE","7941602","8974517","4326321","1.84",,
"2025-11-28","COP","ConocoPhillips","NYSE","17166468","13164917","6108868","2.81",,
"2025-11-28","COST","Costco Wholesale Corporation C","NNM","7678174","7220010","2608702","2.94",,
"2025-11-28","CRM","Salesforce, Inc.","NYSE","16514004","17711446","7670159","2.15",,
"2025-11-28","CRWD","CrowdStrike Holdings, Inc. Cla","NNM","6482750","6900650","2040502","3.18",,
"2025-11-28","CSCO","Cisco Systems, Inc. Common Sto","NNM","51219340","53535244","21953170","2.33",,
"2025-11-28","CSX","CSX Corporation Common Stock","NNM","33384909","30540986","14558822","2.29",,
"2025-11-28","CTAS","Cintas Corporation Common Stoc","NNM","8209219","6358006","2406316","3.41",,
"2025-11-28","CVNA","Carvana Co.","NYSE","13717277","11481353","3112735","4.41",,
"2025-11-28","CVS","CVS HEALTH CORPORATION","NYSE","19631638","19288799","6543454","3.00",,
"2025-11-28","CVX","Chevron Corporation","NYSE","18269639","14528769","9002969","2.03",,
"2025-11-28","D","Dominion Energy, Inc Common St","NYSE","38134891","37575409","5423779","7.03",,
"2025-11-28","DASH","DoorDash, Inc. Class A Common","NNM","13378426","12996440","7463750","1.79",,
"2025-11-28","DDOG","Datadog, Inc. Class A Common S","NNM","9792914","9840126","4619418","2.12",,
"2025-11-28","DE","Deere & Company","NYSE","5349142","4285259","2060577","2.60",,
"2025-11-28","DELL","Dell Technologies Inc.","NYSE","18541609","19702771","10582410","1.75",,
"2025-11-28","DHR","Danaher Corporation","NYSE","8173161","6932897","3655916","2.24",,
"2025-11-28","DIS","The Walt Disney Company","NYSE","18531484","19495671","11392553","1.63",,
"2025-11-28","DLR","Digital Realty Trust, Inc.","NYSE","9900799","9138100","2088784","4.74",,
"2025-11-28","DUK","Duke Energy Corporation","NYSE","15269748","15716609","3244883","4.71",,
"2025-11-28","ECL","Ecolab, Inc.","NYSE","3256945","2788517","1577795","2.06",,
"2025-11-28","ELV","Elevance Health, Inc.","NYSE","3883536","4041947","1489461","2.61",,
"2025-11-28","EMR","Emerson Electric Co.","NYSE","14820619","15988405","2441221","6.07",,
"2025-11-28","EOG","EOG Resources, Inc.","NYSE","13866233","14007309","3171580","4.37",,
"2025-11-28","EPD","Enterprise Products Partners L","NYSE","29493415","31035652","3623633","8.14",,
"2025-11-28","EQIX","Equinix, Inc. Common Stock REI","NNM","2089536","1620279","532915","3.92",,
"2025-11-28","FCX","Freeport-McMoran Inc.","NYSE","20725394","22385917","16063036","1.29",,
"2025-11-28","FDX","FedEx Corporation","NYSE","4004262","4865423","1374862","2.91",,
"2025-11-28","FTNT","Fortinet, Inc. Common Stock","NNM","22715240","20482617","5009489","4.53",,
"2025-11-28","GD","General Dynamics Corporation","NYSE","2345121","2482072","1072504","2.19",,
"2025-11-28","GE","GE Aerospace","NYSE","17008368","12798503","4612621","3.69",,
"2025-11-28","GEV","GE Vernova Inc.","NYSE","7552922","7196296","3142155","2.40",,
"2025-11-28","GILD","Gilead Sciences, Inc. Common S","NNM","18479939","17007031","7394434","2.50",,
"2025-11-28","GLW","Corning Incorporated","NYSE","12580925","15297330","6318706","1.99",,
"2025-11-28","GM","General Motors Company","NYSE","18893056","20217434","9137396","2.07",,
"2025-11-28","GOOG","Alphabet Inc. Class C Capital","NNM","41660640","35314387","37112366","1.12",,
"2025-11-28","GOOGL","Alphabet Inc. Class A Common S","NNM","79334780","62477299","60681413","1.31",,"R"
"2025-11-28","GS","Goldman Sachs Group Inc.","NYSE","6731316","7015699","1914746","3.52",,
"2025-11-28","GWW","W.W. Grainger, Inc.","NYSE","1100352","1096442","294908","3.73",,
"2025-11-28","HCA","HCA Healthcare, Inc.","NYSE","4928210","4536300","1403063","3.51",,
"2025-11-28","HD","Home Depot, Inc.","NYSE","9199089","10154712","5938201","1.55",,
"2025-11-28","HLT","Hilton Worldwide Holdings Inc.","NYSE","6564219","6757828","1619736","4.05",,
"2025-11-28","HON","Honeywell International Inc. C","NNM","9575164","8638171","3782276","2.53",,
"2025-11-28","HOOD","Robinhood Markets, Inc. Class","NNM","41594190","45600557","31702340","1.31",,
"2025-11-28","HPE","Hewlett Packard Enterprise Com","NYSE","52480971","48734692","27938785","1.88",,
"2025-11-28","HWM","Howmet Aerospace Inc.","NYSE","10474557","9823251","2205661","4.75",,
"2025-11-28","IBKR","Interactive Brokers Group, Inc","NNM","10965805","9704283","4257099","2.58",,
"2025-11-28","IBM","International Business Machine","NYSE","19626620","18607288","4048550","4.85",,
"2025-11-28","ICE","Intercontinental Exchange  Inc","NYSE","7206338","6312668","3496076","2.06",,
"2025-11-28","INTC","Intel Corporation Common Stock","NNM","132752358","131905538","79151015","1.68",,
"2025-11-28","INTU","Intuit Inc. Common Stock","NNM","5220115","5142021","2168487","2.41",,
"2025-11-28","ISRG","Intuitive Surgical, Inc. Commo","NNM","7170088","7453367","1858770","3.86",,
"2025-11-28","ITW","Illinois Tool Works Inc.","NYSE","7992083","7509398","1228693","6.50",,
"2025-11-28","JNJ","Johnson & Johnson","NYSE","23910602","20122322","11296103","2.12",,
"2025-11-28","JPM","JPMorgan Chase & Co.","NYSE","24146818","25364654","8142998","2.97",,
"2025-11-28","KKR","KKR & Co. Inc.","NYSE","11065908","11787348","4520247","2.45",,
"2025-11-28","KLAC","KLA Corporation Common Stock","NNM","3304319","3710400","1110507","2.98",,
"2025-11-28","KMI","Kinder Morgan, Inc.","NYSE","35541301","36420143","15059276","2.36",,
"2025-11-28","KO","Coca-Cola Company","NYSE","41493877","37527557","17598847","2.36",,
"2025-11-28","LIN","Linde plc Ordinary Shares","NNM","6758131","6621476","2710250","2.49",,
"2025-11-28","LLY","Eli Lilly & Co.","NYSE","7073265","7247713","3847630","1.84",,
"2025-11-28","LMT","Lockheed Martin Corp.","NYSE","3333026","2947911","1291271","2.58",,
"2025-11-28","LOW","Lowe's Companies Inc.","NYSE","9791615","8219384","4488493","2.18",,
"2025-11-28","LRCX","Lam Research Corporation Commo","NNM","34097668","33152875","11834669","2.88",,
"2025-11-28","MA","Mastercard Incorporated","NYSE","6437747","6383599","3159791","2.04",,
"2025-11-28","MAR","Marriott International Class A","NNM","8438797","8627120","1417813","5.95",,
"2025-11-28","MCD","McDonald's Corporation","NYSE","6875680","7720128","3031916","2.27",,
"2025-11-28","MCK","McKesson Corporation","NYSE","2009117","1906137","742374","2.71",,
"2025-11-28","MCO","Moody's Corporation","NYSE","2148866","1843809","724471","2.97",,
"2025-11-28","MDLZ","Mondelez International, Inc. C","NNM","34814448","30834280","8605894","4.05",,
"2025-11-28","MDT","Medtronic plc","NYSE","18974699","13532095","10540864","1.80",,
"2025-11-28","META","Meta Platforms, Inc. Class A C","NNM","32396587","30166399","20089981","1.61",,"R"
"2025-11-28","MMM","3M Company","NYSE","7140337","7434437","3034752","2.35",,
"2025-11-28","MNST","Monster Beverage Corporation","NNM","19218709","17565210","5183954","3.71",,
"2025-11-28","MO","Altria Group, Inc.","NYSE","44193344","40224798","8030235","5.50",,
"2025-11-28","MPC","MARATHON PETROLEUM CORPORATION","NYSE","9263628","7210689","1878573","4.93",,
"2025-11-28","MPWR","Monolithic Power Systems, Inc.","NNM","1850349","1796489","732879","2.52",,
"2025-11-28","MRK","Merck & Co., Inc.","NYSE","31943311","27626151","18022575","1.77",,
"2025-11-28","MRVL","Marvell Technology, Inc. Commo","NNM","38421808","36853216","16968807","2.26",,
"2025-11-28","MS","Morgan Stanley","NYSE","13529580","13949748","5994511","2.26",,
"2025-11-28","MSFT","Microsoft Corporation Common S","NNM","61948927","48553489","25987206","2.38",,"R"
"2025-11-28","MSI","Motorola Solutions, Inc. New","NYSE","2274673","2101660","1713153","1.33",,
"2025-11-28","MU","Micron Technology, Inc. Common","NNM","22871993","27473507","28835084","1.00",,
"2025-11-28","NEE","Nextra Energy, Inc.","NYSE","32151886","29951782","10065261","3.19",,
"2025-11-28","NEM","Newmont Corporation","NYSE","22287044","20912879","9248507","2.41",,"R"
"2025-11-28","NET","Cloudflare, Inc. Class A commo","NYSE","9130458","8770645","3811054","2.40",,
"2025-11-28","NFLX","Netflix, Inc. Common Stock","NNM","75214504","14650481","35126358","2.14","S",
"2025-11-28","NKE","Nike, Inc.","NYSE","41567390","38391572","12968454","3.21",,
"2025-11-28","NOC","Northrop Grumman Corp.","NYSE","1666867","1746447","752937","2.21",,
"2025-11-28","NOW","SERVICENOW, INC.","NYSE","3725686","3484994","1536667","2.42",,
"2025-11-28","NSC","Norfolk Southern Corp.","NYSE","6406961","7297896","1514211","4.23",,
"2025-11-28","NVDA","NVIDIA Corporation Common Stoc","NNM","232898275","237153736","241685988","1.00",,
"2025-11-28","O","Realty Income Corporation","NYSE","47209585","40508924","6113909","7.72",,
"2025-11-28","ORCL","Oracle Corp","NYSE","25279450","24372181","25816395","1.00",,
"2025-11-28","ORLY","O'Reilly Automotive, Inc. Comm","NNM","13361505","12392832","4822859","2.77",,
"2025-11-28","PANW","Palo Alto Networks, Inc. Commo","NNM","44633987","43552633","8245992","5.41",,
"2025-11-28","PCAR","PACCAR Inc. Common Stock","NNM","13821675","11041608","3388115","4.08",,
"2025-11-28","PEP","PepsiCo, Inc. Common Stock","NNM","20427866","19304418","7443872","2.74",,
"2025-11-28","PFE","Pfizer Inc.","NYSE","139072627","130660363","55545625","2.50",,
"2025-11-28","PG","Procter & Gamble Company","NYSE","19528220","18435421","9590446","2.04",,
"2025-11-28","PGR","Progressive Corporation","NYSE","6662075","6047499","3254785","2.05",,
"2025-11-28","PH","Parker-Hannifin Corporation","NYSE","1340515","1357262","726531","1.85",,
"2025-11-28","PLD","PROLOGIS, INC.","NYSE","11785560","11555861","4239095","2.78",,
"2025-11-28","PLTR","Palantir Technologies Inc. Cla","NNM","47421769","50998682","48924709","1.00",,"R"
"2025-11-28","PM","Philip Morris International In","NYSE","16942220","16645717","5784939","2.93",,
"2025-11-28","PNC","PNC Financial Services Group","NYSE","7026421","6352583","2138677","3.29",,
"2025-11-28","PSX","PHILLIPS 66","NYSE","7297248","8834526","2167272","3.37",,
"2025-11-28","PWR","Quanta Services, Inc.","NYSE","4683267","4305084","1204760","3.89",,
"2025-11-28","QCOM","QUALCOMM Incorporated Common S","NNM","26036122","25685766","9284752","2.80",,
"2025-11-28","RCL","Royal Caribbean Group","NYSE","10328367","11006230","2657149","3.89",,
"2025-11-28","REGN","Regeneron Pharmaceuticals, Inc","NNM","3148430","2844265","1292803","2.44",,
"2025-11-28","ROST","Ross Stores, Inc. Common Stock","NNM","7088564","6755819","3685214","1.92",,
"2025-11-28","RSG","Republic Services Inc.","NYSE","3251480","3069441","1838923","1.77",,
"2025-11-28","RTX","RTX Corporation","NYSE","11019876","10153954","4529106","2.43",,
"2025-11-28","SBUX","Starbucks Corporation Common S","NNM","43080435","44794976","7949782","5.42",,
"2025-11-28","SCCO","Southern Copper Corporation","NYSE","8572005","9466405","1344306","6.38",,
"2025-11-28","SCHW","The Charles Schwab Corporation","NYSE","15827954","12462235","8743399","1.81",,
"2025-11-28","SHW","The Sherwin-Williams Company","NYSE","4344627","4407109","1896923","2.29",,
"2025-11-28","SNDK","Sandisk Corporation Common Sto","NNM","7149762","7585403","19036422","1.00",,
"2025-11-28","SNOW","Snowflake Inc.","NYSE","12260014","12132429","3516580","3.49",,
"2025-11-28","SNPS","Synopsys, Inc. Common Stock","NNM","4696842","4220524","1807018","2.60",,
"2025-11-28","SO","The Southern Company","NYSE","33570464","37961722","5282997","6.35",,
"2025-11-28","SPCX","The SPAC and New Issue ETF","NNM","6367","6451","760","8.38",,
"2025-11-28","SPG","Simon Property Group, Inc.","NYSE","4522950","4554915","1165874","3.88",,
"2025-11-28","SPGI","S&P Global Inc.","NYSE","2654221","2490366","1498210","1.77",,
"2025-11-28","SYK","Stryker Corporation","NYSE","4126421","4287007","1586980","2.60",,
"2025-11-28","T","AT&T Inc.","NYSE","101253099","95811820","40999357","2.47",,
"2025-11-28","TDG","TransDigm Group Incorporated","NYSE","1292031","1187974","304229","4.25",,
"2025-11-28","TFC","Truist Financial Corporation","NYSE","31976094","27846954","7593364","4.21",,
"2025-11-28","TGT","Target Corporation","NYSE","19651031","17207231","9882706","1.99",,
"2025-11-28","TJX","TJX Companies, Inc. (The)","NYSE","13899896","13994509","8200805","1.69",,
"2025-11-28","TMO","Thermo Fisher Scientific, Inc.","NYSE","5101544","5462612","1589169","3.21",,
"2025-11-28","TMUS","T-Mobile US, Inc. Common Stock","NNM","15124576","11295704","5344535","2.83",,
"2025-11-28","TRV","The Travelers Companies, Inc.","NYSE","3996373","3926897","1325843","3.01",,
"2025-11-28","TSLA","Tesla, Inc. Common Stock","NNM","78303390","71187810","81018337","1.00",,"R"
"2025-11-28","TXN","Texas Instruments Incorporated","NNM","17918733","16550837","7573401","2.37",,
"2025-11-28","UBER","Uber Technologies, Inc.","NYSE","56000489","51094055","22335426","2.51",,
"2025-11-28","UNH","UNITEDHEALTH GROUP INCORPORATE","NYSE","12939301","12327679","7164894","1.81",,
"2025-11-28","UNP","Union Pacific Corp.","NYSE","22308388","20809880","3248798","6.87",,
"2025-11-28","UPS","United Parcel Service, Inc. Cl","NYSE","17342062","19418756","6049057","2.87",,
"2025-11-28","URI","United Rentals, Inc.","NYSE","1678758","1757903","834398","2.01",,
"2025-11-28","USB","U.S. Bancorp","NYSE","20425360","18441714","7739456","2.64",,
"2025-11-28","V","VISA Inc.","NYSE","22077848","22171040","6917745","3.19",,
"2025-11-28","VLO","Valero Energy Corporation","NYSE","12847366","11359471","3005104","4.28",,
"2025-11-28","VRT","Vertiv Holdings Co Class A Com","NYSE","8677770","7961595","7296265","1.19",,
"2025-11-28","VRTX","Vertex Pharmaceuticals Incorpo","NNM","4455217","4006159","1393814","3.20",,
"2025-11-28","VZ","Verizon Communications","NYSE","114325367","103245865","25120809","4.55",,
"2025-11-28","WBD","Warner Bros. Discovery, Inc. S","NNM","91865098","78959787","40711914","2.26",,
"2025-11-28","WDC","Western Digital Corporation Co","NNM","30825377","33625289","7839656","3.93",,
"2025-11-28","WELL","Welltower Inc.","NYSE","14647589","12410239","3825088","3.83",,
"2025-11-28","WFC","Wells Fargo & Co.","NYSE","42720493","40371214","13816265","3.09",,
"2025-11-28","WM","Waste Management, Inc.","NYSE","5378171","4554743","2330392","2.31",,
"2025-11-28","WMB","Williams Companies Inc.","NYSE","12965940","15386962","6846011","1.89",,
"2025-11-28","WMT","Walmart Inc.","NYSE","46669627","39618148","26356601","1.77",,
"2025-11-28","XOM","Exxon Mobil Corporation","NYSE","44457065","48639717","14354681","3.10",,
"2025-12-15","AAPL","Apple Inc. Common Stock","NNM","122035714","129458559","41372302","2.95",,
"2025-12-15","ABBV","ABBVIE INC.","NYSE","18075534","18209156","5046976","3.58",,
"2025-12-15","ABNB","Airbnb, Inc. Class A Common St","NNM","16947750","17183486","4620326","3.67",,
"2025-12-15","ABT","Abbott Laboratories","NYSE","15875548","18485281","5633010","2.82",,
"2025-12-15","ADBE","Adobe Inc. Common Stock","NNM","11592689","12263926","5245040","2.21",,
"2025-12-15","ADI","Analog Devices, Inc. Common St","NNM","10995864","10525960","4096146","2.68",,
"2025-12-15","ADP","Automatic Data Processing, Inc","NNM","7618073","7624972","2468536","3.09",,
"2025-12-15","AEP","American Electric Power Compan","NNM","22650297","22975346","3070966","7.38",,
"2025-12-15","AFL","Aflac Inc.","NYSE","6472557","6792432","2356373","2.75",,
"2025-12-15","AJG","Arthur J. Gallagher & Co.","NYSE","3898403","4263068","1713305","2.28",,
"2025-12-15","ALL","The Allstate Corporation","NYSE","3833912","4270803","1599160","2.40",,
"2025-12-15","AMAT","Applied Materials, Inc. Common","NNM","17743721","18983233","6436894","2.76",,
"2025-12-15","AMD","Advanced Micro Devices, Inc. C","NNM","36052433","37039237","29969415","1.20",,
"2025-12-15","AMGN","Amgen Inc. Common Stock","NNM","14121914","14322050","2922763","4.83",,
"2025-12-15","AMT","American Tower Corporation","NYSE","6074387","5998677","3679959","1.65",,
"2025-12-15","AMZN","Amazon.com, Inc. Common Stock","NNM","76073227","73266891","37111835","2.05",,
"2025-12-15","ANET","Arista Networks","NYSE","14987583","14355719","5988353","2.50",,
"2025-12-15","AON","Aon plc Class A","NYSE","1891956","2036005","997936","1.90",,
"2025-12-15","APD","Air Products & Chemicals, Inc.","NYSE","5813098","5573569","2238142","2.60",,
"2025-12-15","APH","Amphenol Corporation","NYSE","11714566","11246004","7872683","1.49",,
"2025-12-15","APO","Apollo Global Management, Inc.","NYSE","32095448","31774504","3386164","9.48",,
"2025-12-15","APP","Applovin Corporation Class A C","NNM","15247318","14866419","3881022","3.93",,
"2025-12-15","AVGO","Broadcom Inc. Common Stock","NNM","69789300","56351035","35966447","1.94",,
"2025-12-15","AXP","American Express Company","NYSE","9757775","10293299","2435899","4.01",,
"2025-12-15","BA","Boeing Company","NYSE","16176959","14812526","10426591","1.55",,
"2025-12-15","BAC","Bank of America Corporation","NYSE","114878738","110788029","39215322","2.93",,
"2025-12-15","BKNG","Booking Holdings Inc. Common S","NNM","725578","595843","295330","2.46",,
"2025-12-15","BLK","Blackrock, Inc.","NYSE","1264999","1822480","622979","2.03",,
"2025-12-15","BMY","Bristol-Myers Squibb Co.","NYSE","35431255","33891065","16391235","2.16",,
"2025-12-15","BNY","BlackRock New York Municipal I","NYSE","11900","12660","70424","1.00",,
"2025-12-15","BRKA","Berkshire Hathaway Inc.","NYSE","225","302","582","1.00",,
"2025-12-15","BRKB","BERKSHIRE HATHAWAY Class B","NYSE","12386480","13020089","4378262","2.83",,
"2025-12-15","BSX","Boston Scientific Corp.","NYSE","19144680","18734072","10117284","1.89",,
"2025-12-15","BX","Blackstone Inc.","NYSE","11010697","10571138","3967960","2.77",,
"2025-12-15","C","Citigroup Inc.","NYSE","29060069","23877077","12365762","2.35",,
"2025-12-15","CAT","Caterpillar Inc.","NYSE","7123267","6466178","2659576","2.68",,
"2025-12-15","CDNS","Cadence Design Systems, Inc. C","NNM","4007512","4397998","1478493","2.71",,
"2025-12-15","CEG","Constellation Energy Corporati","NNM","6324828","6136494","2137373","2.96",,
"2025-12-15","CI","The Cigna Group","NYSE","4484017","3934383","1702200","2.63",,
"2025-12-15","CL","Colgate-Palmolive Company","NYSE","13516071","14296299","6539071","2.07",,
"2025-12-15","CMCSA","Comcast Corporation Class A Co","NNM","53525909","52488029","36880707","1.45",,
"2025-12-15","CME","CME Group Inc. Class A Common","NNM","6158003","4948926","1907748","3.23",,
"2025-12-15","CMI","Cummins Inc.","NYSE","1558500","1923399","890631","1.75",,
"2025-12-15","COF","Capital One Financial","NYSE","9500495","7941602","3889518","2.44",,
"2025-12-15","COP","ConocoPhillips","NYSE","16927069","17166468","7653280","2.21",,
"2025-12-15","COST","Costco Wholesale Corporation C","NNM","6737305","7678174","2939659","2.29",,
"2025-12-15","CRM","Salesforce, Inc.","NYSE","16019089","16514004","10510507","1.52",,
"2025-12-15","CRWD","CrowdStrike Holdings, Inc. Cla","NNM","7521987","6482750","2758742","2.73",,
"2025-12-15","CSCO","Cisco Systems, Inc. Common Sto","NNM","54886724","51219340","16089198","3.41",,
"2025-12-15","CSX","CSX Corporation Common Stock","NNM","31709967","33384909","12255435","2.59",,
"2025-12-15","CTAS","Cintas Corporation Common Stoc","NNM","7229415","8209219","1823931","3.96",,
"2025-12-15","CVNA","Carvana Co.","NYSE","14240637","13717277","4910055","2.90",,
"2025-12-15","CVS","CVS HEALTH CORPORATION","NYSE","22923080","19631638","8975125","2.55",,
"2025-12-15","CVX","Chevron Corporation","NYSE","17809981","18269639","8843209","2.01",,
"2025-12-15","D","Dominion Energy, Inc Common St","NYSE","41702591","38134891","6675742","6.25",,
"2025-12-15","DASH","DoorDash, Inc. Class A Common","NNM","13432520","13378426","5745414","2.34",,
"2025-12-15","DDOG","Datadog, Inc. Class A Common S","NNM","8332400","9792914","3813789","2.18",,
"2025-12-15","DE","Deere & Company","NYSE","5613451","5349142","1468276","3.82",,
"2025-12-15","DELL","Dell Technologies Inc.","NYSE","20603933","18541609","5701467","3.61",,
"2025-12-15","DHR","Danaher Corporation","NYSE","8690262","8173161","3940397","2.21",,
"2025-12-15","DIS","The Walt Disney Company","NYSE","21786737","18531484","11607253","1.88",,
"2025-12-15","DLR","Digital Realty Trust, Inc.","NYSE","10525945","9900799","1971581","5.34",,
"2025-12-15","DUK","Duke Energy Corporation","NYSE","13931486","15269748","3575199","3.90",,
"2025-12-15","ECL","Ecolab, Inc.","NYSE","3383105","3256945","1556422","2.17",,
"2025-12-15","ELV","Elevance Health, Inc.","NYSE","4764383","3883536","1706213","2.79",,
"2025-12-15","EMR","Emerson Electric Co.","NYSE","13796341","14820619","2205985","6.25",,
"2025-12-15","EOG","EOG Resources, Inc.","NYSE","14334600","13866233","3831100","3.74",,
"2025-12-15","EPD","Enterprise Products Partners L","NYSE","29093438","29493415","3183618","9.14",,
"2025-12-15","EQIX","Equinix, Inc. Common Stock REI","NNM","2288665","2089536","644654","3.55",,
"2025-12-15","FCX","Freeport-McMoran Inc.","NYSE","28027039","20725394","16211640","1.73",,
"2025-12-15","FDX","FedEx Corporation","NYSE","3947617","4004262","1427441","2.77",,
"2025-12-15","FTNT","Fortinet, Inc. Common Stock","NNM","23558764","22715240","5159079","4.57",,
"2025-12-15","GD","General Dynamics Corporation","NYSE","2505676","2345121","1268120","1.98",,
"2025-12-15","GE","GE Aerospace","NYSE","14465583","17008368","5213015","2.77",,
"2025-12-15","GEV","GE Vernova Inc.","NYSE","7171803","7552922","4048588","1.77",,
"2025-12-15","GILD","Gilead Sciences, Inc. Common S","NNM","21650110","18479939","6783914","3.19",,
"2025-12-15","GLW","Corning Incorporated","NYSE","14954625","12580925","6964904","2.15",,
"2025-12-15","GM","General Motors Company","NYSE","20666700","18893056","10434348","1.98",,
"2025-12-15","GOOG","Alphabet Inc. Class C Capital","NNM","56150436","41660640","22468802","2.50",,
"2025-12-15","GOOGL","Alphabet Inc. Class A Common S","NNM","82147118","79334780","34513002","2.38",,
"2025-12-15","GS","Goldman Sachs Group Inc.","NYSE","7093648","6731316","2269657","3.13",,
"2025-12-15","GWW","W.W. Grainger, Inc.","NYSE","1254643","1100352","302112","4.15",,
"2025-12-15","HCA","HCA Healthcare, Inc.","NYSE","4495103","4928210","1320832","3.40",,
"2025-12-15","HD","Home Depot, Inc.","NYSE","10217103","9199089","5157483","1.98",,
"2025-12-15","HLT","Hilton Worldwide Holdings Inc.","NYSE","6673064","6564219","1539456","4.33",,
"2025-12-15","HON","Honeywell International Inc. C","NNM","9304333","9575164","3813717","2.44",,
"2025-12-15","HOOD","Robinhood Markets, Inc. Class","NNM","41119503","41594190","26089191","1.58",,
"2025-12-15","HPE","Hewlett Packard Enterprise Com","NYSE","68068856","52480971","32493277","2.09",,
"2025-12-15","HWM","Howmet Aerospace Inc.","NYSE","10409350","10474557","2257142","4.61",,
"2025-12-15","IBKR","Interactive Brokers Group, Inc","NNM","12309986","10965805","3866393","3.18",,
"2025-12-15","IBM","International Business Machine","NYSE","19765710","19626620","3267398","6.05",,
"2025-12-15","ICE","Intercontinental Exchange  Inc","NYSE","7827125","7206338","3761434","2.08",,
"2025-12-15","INTC","Intel Corporation Common Stock","NNM","128600305","132752358","88551197","1.45",,
"2025-12-15","INTU","Intuit Inc. Common Stock","NNM","4735364","5220115","1890172","2.51",,
"2025-12-15","ISRG","Intuitive Surgical, Inc. Commo","NNM","6976993","7170088","1527954","4.57",,
"2025-12-15","ITW","Illinois Tool Works Inc.","NYSE","7564429","7992083","1016493","7.44",,
"2025-12-15","JNJ","Johnson & Johnson","NYSE","23972906","23910602","8487235","2.82",,
"2025-12-15","JPM","JPMorgan Chase & Co.","NYSE","23727009","24146818","10324342","2.30",,
"2025-12-15","KKR","KKR & Co. Inc.","NYSE","11900269","11065908","4440657","2.68",,
"2025-12-15","KLAC","KLA Corporation Common Stock","NNM","3575716","3304319","846344","4.22",,
"2025-12-15","KMI","Kinder Morgan, Inc.","NYSE","34069201","35541301","12412366","2.74",,
"2025-12-15","KO","Coca-Cola Company","NYSE","37490775","41493877","18523010","2.02",,
"2025-12-15","LIN","Linde plc Ordinary Shares","NNM","8441173","6758131","3439334","2.45",,
"2025-12-15","LLY","Eli Lilly & Co.","NYSE","6547749","7073265","3383572","1.94",,
"2025-12-15","LMT","Lockheed Martin Corp.","NYSE","2901357","3333026","1455381","1.99",,
"2025-12-15","LOW","Lowe's Companies Inc.","NYSE","11305493","9791615","3413398","3.31",,
"2025-12-15","LRCX","Lam Research Corporation Commo","NNM","32838316","34097668","9366680","3.51",,
"2025-12-15","MA","Mastercard Incorporated","NYSE","6817593","6437747","2757191","2.47",,
"2025-12-15","MAR","Marriott International Class A","NNM","7282733","8438797","1752330","4.16",,
"2025-12-15","MCD","McDonald's Corporation","NYSE","8212267","6875680","3866746","2.12",,
"2025-12-15","MCK","McKesson Corporation","NYSE","2123463","2009117","942564","2.25",,
"2025-12-15","MCO","Moody's Corporation","NYSE","2346691","2148866","846316","2.77",,
"2025-12-15","MDLZ","Mondelez International, Inc. C","NNM","31640208","34814448","11839905","2.67",,
"2025-12-15","MDT","Medtronic plc","NYSE","15131648","18974699","6098112","2.48",,
"2025-12-15","META","Meta Platforms, Inc. Class A C","NNM","31954576","32396587","15395993","2.08",,
"2025-12-15","MMM","3M Company","NYSE","7103813","7140337","2675983","2.65",,
"2025-12-15","MNST","Monster Beverage Corporation","NNM","18861744","19218709","5133421","3.67",,
"2025-12-15","MO","Altria Group, Inc.","NYSE","45456022","44193344","7763874","5.85",,
"2025-12-15","MPC","MARATHON PETROLEUM CORPORATION","NYSE","9768852","9263628","2168288","4.51",,
"2025-12-15","MPWR","Monolithic Power Systems, Inc.","NNM","1729984","1850349","523443","3.31",,
"2025-12-15","MRK","Merck & Co., Inc.","NYSE","37162304","31943311","14121374","2.63",,
"2025-12-15","MRVL","Marvell Technology, Inc. Commo","NNM","36862349","38421808","25994560","1.42",,
"2025-12-15","MS","Morgan Stanley","NYSE","15670281","13529580","5476818","2.86",,
"2025-12-15","MSFT","Microsoft Corporation Common S","NNM","66675893","61948927","23823417","2.80",,
"2025-12-15","MSI","Motorola Solutions, Inc. New","NYSE","2693606","2274673","1553522","1.73",,
"2025-12-15","MU","Micron Technology, Inc. Common","NNM","25152856","22871993","20813633","1.21",,
"2025-12-15","NEE","Nextra Energy, Inc.","NYSE","35887206","32151886","10670770","3.36",,
"2025-12-15","NEM","Newmont Corporation","NYSE","19826351","22287044","9037151","2.19",,
"2025-12-15","NET","Cloudflare, Inc. Class A commo","NYSE","9689708","9130458","1991160","4.87",,
"2025-12-15","NFLX","Netflix, Inc. Common Stock","NNM","73585254","75214504","57929161","1.27",,
"2025-12-15","NKE","Nike, Inc.","NYSE","36882181","41567390","13036731","2.83",,
"2025-12-15","NOC","Northrop Grumman Corp.","NYSE","1538336","1666867","695613","2.21",,
"2025-12-15","NOW","SERVICENOW, INC.","NYSE","3673141","3725686","1734351","2.12",,
"2025-12-15","NSC","Norfolk Southern Corp.","NYSE","7012921","6406961","1599199","4.39",,
"2025-12-15","NVDA","NVIDIA Corporation Common Stoc","NNM","264294883","232898275","171364401","1.54",,
"2025-12-15","O","Realty Income Corporation","NYSE","45661043","47209585","6085560","7.50",,
"2025-12-15","ORCL","Oracle Corp","NYSE","28628389","25279450","35427861","1.00",,
"2025-12-15","ORLY","O'Reilly Automotive, Inc. Comm","NNM","12107375","13361505","5219279","2.32",,
"2025-12-15","PANW","Palo Alto Networks, Inc. Commo","NNM","44853361","44633987","5123851","8.75",,
"2025-12-15","PCAR","PACCAR Inc. Common Stock","NNM","13375157","13821675","3719107","3.60",,
"2025-12-15","PEP","PepsiCo, Inc. Common Stock","NNM","21269278","20427866","8249347","2.58",,
"2025-12-15","PFE","Pfizer Inc.","NYSE","139486093","139072627","46900267","2.97",,
"2025-12-15","PG","Procter & Gamble Company","NYSE","17843879","19528220","12226526","1.46",,
"2025-12-15","PGR","Progressive Corporation","NYSE","6323834","6662075","2901318","2.18",,
"2025-12-15","PH","Parker-Hannifin Corporation","NYSE","1413221","1340515","556731","2.54",,
"2025-12-15","PLD","PROLOGIS, INC.","NYSE","12478613","11785560","3332511","3.74",,
"2025-12-15","PLTR","Palantir Technologies Inc. Cla","NNM","45832885","47421769","33833867","1.35",,
"2025-12-15","PM","Philip Morris International In","NYSE","17624958","16942220","5795855","3.04",,
"2025-12-15","PNC","PNC Financial Services Group","NYSE","7252615","7026421","1893694","3.83",,
"2025-12-15","PSX","PHILLIPS 66","NYSE","7622472","7297248","2237048","3.41",,
"2025-12-15","PWR","Quanta Services, Inc.","NYSE","4592436","4683267","954373","4.81",,
"2025-12-15","QCOM","QUALCOMM Incorporated Common S","NNM","30845068","26036122","7767425","3.97",,
"2025-12-15","RCL","Royal Caribbean Group","NYSE","11036392","10328367","2523046","4.37",,
"2025-12-15","REGN","Regeneron Pharmaceuticals, Inc","NNM","2738113","3148430","974712","2.81",,
"2025-12-15","ROST","Ross Stores, Inc. Common Stock","NNM","7020936","7088564","3002526","2.34",,
"2025-12-15","RSG","Republic Services Inc.","NYSE","2962251","3251480","1402338","2.11",,
"2025-12-15","RTX","RTX Corporation","NYSE","9353884","11019876","4894084","1.91",,
"2025-12-15","SBUX","Starbucks Corporation Common S","NNM","47193701","43080435","9513098","4.96",,
"2025-12-15","SCCO","Southern Copper Corporation","NYSE","8307773","8572005","1095764","7.58",,
"2025-12-15","SCHW","The Charles Schwab Corporation","NYSE","18850601","15827954","9352008","2.02",,
"2025-12-15","SHW","The Sherwin-Williams Company","NYSE","3876701","4344627","1644806","2.36",,
"2025-12-15","SNDK","Sandisk Corporation Common Sto","NNM","6930918","7149762","8863121","1.00",,
"2025-12-15","SNOW","Snowflake Inc.","NYSE","12165859","12260014","8784560","1.38",,
"2025-12-15","SNPS","Synopsys, Inc. Common Stock","NNM","4414899","4696842","2759600","1.60",,
"2025-12-15","SO","The Southern Company","NYSE","25511417","33570464","7035244","3.63",,
"2025-12-15","SPCX","The SPAC and New Issue ETF","NNM","9764","6367","1583","6.17",,
"2025-12-15","SPG","Simon Property Group, Inc.","NYSE","5168946","4522950","1511597","3.42",,
"2025-12-15","SPGI","S&P Global Inc.","NYSE","4820230","2654221","1524539","3.16",,
"2025-12-15","SYK","Stryker Corporation","NYSE","4236763","4126421","1623095","2.61",,
"2025-12-15","T","AT&T Inc.","NYSE","115805418","101253099","36182073","3.20",,
"2025-12-15","TDG","TransDigm Group Incorporated","NYSE","1201665","1292031","288611","4.16",,
"2025-12-15","TFC","Truist Financial Corporation","NYSE","32108521","31976094","7765251","4.13",,
"2025-12-15","TGT","Target Corporation","NYSE","20176926","19651031","6454022","3.13",,
"2025-12-15","TJX","TJX Companies, Inc. (The)","NYSE","13483781","13899896","5107306","2.64",,
"2025-12-15","TMO","Thermo Fisher Scientific, Inc.","NYSE","5086563","5101544","1573068","3.23",,
"2025-12-15","TMUS","T-Mobile US, Inc. Common Stock","NNM","15628622","15124576","4683031","3.34",,
"2025-12-15","TRV","The Travelers Companies, Inc.","NYSE","3878069","3996373","1563647","2.48",,
"2025-12-15","TSLA","Tesla, Inc. Common Stock","NNM","74678636","78303390","72210774","1.03",,
"2025-12-15","TXN","Texas Instruments Incorporated","NNM","19603474","17918733","6588885","2.98",,
"2025-12-15","UBER","Uber Technologies, Inc.","NYSE","53044392","56000489","21334414","2.49",,
"2025-12-15","UNH","UNITEDHEALTH GROUP INCORPORATE","NYSE","14831445","12939301","6830126","2.17",,
"2025-12-15","UNP","Union Pacific Corp.","NYSE","24315985","22308388","3470802","7.01",,
"2025-12-15","UPS","United Parcel Service, Inc. Cl","NYSE","15161785","17342062","5840075","2.60",,
"2025-12-15","URI","United Rentals, Inc.","NYSE","1639656","1678758","758125","2.16",,
"2025-12-15","USB","U.S. Bancorp","NYSE","21710851","20425360","9400337","2.31",,
"2025-12-15","V","VISA Inc.","NYSE","24838184","22077848","6898009","3.60",,
"2025-12-15","VLO","Valero Energy Corporation","NYSE","12363562","12847366","2804904","4.41",,
"2025-12-15","VRT","Vertiv Holdings Co Class A Com","NYSE","10139719","8677770","7232336","1.40",,
"2025-12-15","VRTX","Vertex Pharmaceuticals Incorpo","NNM","4287121","4455217","1361317","3.15",,
"2025-12-15","VZ","Verizon Communications","NYSE","117969960","114325367","26447502","4.46",,
"2025-12-15","WBD","Warner Bros. Discovery, Inc. S","NNM","106423942","91865098","75705862","1.41",,
"2025-12-15","WDC","Western Digital Corporation Co","NNM","31351861","30825377","6574405","4.77",,
"2025-12-15","WELL","Welltower Inc.","NYSE","12165881","14647589","3572724","3.41",,
"2025-12-15","WFC","Wells Fargo & Co.","NYSE","41423518","42720493","13943881","2.97",,
"2025-12-15","WM","Waste Management, Inc.","NYSE","4447387","5378171","2098584","2.12",,
"2025-12-15","WMB","Williams Companies Inc.","NYSE","15816823","12965940","6789812","2.33",,
"2025-12-15","WMT","Walmart Inc. Common Stock","NNM","56882884","46669627","21655442","2.63",,
"2025-12-15","XOM","Exxon Mobil Corporation","NYSE","46741139","44457065","15857169","2.95",,
"2025-11-14","AAPL","Apple Inc. Common Stock","NNM","114913396","115557836","47053455","2.44",,
"2025-11-14","ABBV","ABBVIE INC.","NYSE","18724102","18891139","6259695","2.99",,
"2025-11-14","ABNB","Airbnb, Inc. Class A Common St","NNM","18199745","18046972","5915962","3.08",,
"2025-11-14","ABT","Abbott Laboratories","NYSE","19141411","20171849","5291928","3.62",,
"2025-11-14","ADBE","Adobe Inc. Common Stock","NNM","12301524","11464202","3265735","3.77",,
"2025-11-14","ADI","Analog Devices, Inc. Common St","NNM","10429465","9360347","3596047","2.90",,
"2025-11-14","ADP","Automatic Data Processing, Inc","NNM","7467952","7423501","2134115","3.50",,
"2025-11-14","AEP","American Electric Power Compan","NNM","21957978","21194891","3683400","5.96",,
"2025-11-14","AFL","Aflac Inc.","NYSE","6970078","6420431","2272360","3.07",,
"2025-11-14","AJG","Arthur J. Gallagher & Co.","NYSE","4086481","3767919","1799824","2.27",,
"2025-11-14","ALL","The Allstate Corporation","NYSE","3318042","2807021","1488733","2.23",,
"2025-11-14","AMAT","Applied Materials, Inc. Common","NNM","14815531","17115618","8399531","1.76",,
"2025-11-14","AMD","Advanced Micro Devices, Inc. C","NNM","40737550","37184848","59352101","1.00",,
"2025-11-14","AMGN","Amgen Inc. Common Stock","NNM","13363223","13428043","3251938","4.11",,
"2025-11-14","AMT","American Tower Corporation","NYSE","5864326","4948438","2986032","1.96",,
"2025-11-14","AMZN","Amazon.com, Inc. Common Stock","NNM","70637204","70120761","44704250","1.58",,
"2025-11-14","ANET","Arista Networks","NYSE","13688428","12518459","9776667","1.40",,
"2025-11-14","AON","Aon plc Class A","NYSE","1937191","1882967","1181767","1.64",,
"2025-11-14","APD","Air Products & Chemicals, Inc.","NYSE","5342484","5038161","1667897","3.20",,
"2025-11-14","APH","Amphenol Corporation","NYSE","9924862","9434248","8594370","1.15",,
"2025-11-14","APO","Apollo Global Management, Inc.","NYSE","32992756","31909583","4155274","7.94",,
"2025-11-14","APP","Applovin Corporation Class A C","NNM","16391414","16144334","5338340","3.07",,
"2025-11-14","AVGO","Broadcom Inc. Common Stock","NNM","54525404","54655737","18481736","2.95",,
"2025-11-14","AXP","American Express Company","NYSE","10320081","10145452","2420231","4.26",,
"2025-11-14","BA","Boeing Company","NYSE","14910585","15327110","7666725","1.94",,
"2025-11-14","BAC","Bank of America Corporation","NYSE","114022231","110410239","38762092","2.94",,
"2025-11-14","BKNG","Booking Holdings Inc. Common S","NNM","599483","591440","244030","2.46",,
"2025-11-14","BLK","Blackrock, Inc.","NYSE","1241874","1203585","532020","2.33",,
"2025-11-14","BMY","Bristol-Myers Squibb Co.","NYSE","31685786","32070775","14120523","2.24",,
"2025-11-14","BNY","BlackRock New York Municipal I","NYSE","25085","22181","91419","1.00",,
"2025-11-14","BRKA","Berkshire Hathaway Inc.","NYSE","311","226","486","1.00",,
"2025-11-14","BRKB","BERKSHIRE HATHAWAY Class B","NYSE","12513598","11974812","5786851","2.16",,
"2025-11-14","BSX","Boston Scientific Corp.","NYSE","21076004","19453503","7709891","2.73",,
"2025-11-14","BX","Blackstone Inc.","NYSE","12455451","14964769","4920575","2.53",,
"2025-11-14","C","Citigroup Inc.","NYSE","26532968","29459156","11598130","2.29",,
"2025-11-14","CAT","Caterpillar Inc.","NYSE","6384502","6765731","2536449","2.52",,
"2025-11-14","CDNS","Cadence Design Systems, Inc. C","NNM","4144356","3577481","1996596","2.08",,
"2025-11-14","CEG","Constellation Energy Corporati","NNM","6253159","4937372","3055446","2.05",,
"2025-11-14","CI","The Cigna Group","NYSE","3934852","3671958","3121635","1.26",,
"2025-11-14","CL","Colgate-Palmolive Company","NYSE","14262439","13712844","7675992","1.86",,
"2025-11-14","CMCSA","Comcast Corporation Class A Co","NNM","52554069","49367832","40000628","1.31",,
"2025-11-14","CME","CME Group Inc. Class A Common","NNM","5410273","4107908","1907310","2.84",,
"2025-11-14","CMI","Cummins Inc.","NYSE","1442412","1617268","1003313","1.44",,
"2025-11-14","COF","Capital One Financial","NYSE","8974517","7069427","3413352","2.63",,
"2025-11-14","COP","ConocoPhillips","NYSE","13164917","15646486","7351566","1.79",,
"2025-11-14","COST","Costco Wholesale Corporation C","NNM","7220010","6934489","2470013","2.92",,
"2025-11-14","CRM","Salesforce, Inc.","NYSE","17711446","16845911","6345357","2.79",,
"2025-11-14","CRWD","CrowdStrike Holdings, Inc. Cla","NNM","6900650","6681281","2126064","3.25",,
"2025-11-14","CSCO","Cisco Systems, Inc. Common Sto","NNM","53535244","48002950","28643603","1.87",,
"2025-11-14","CSX","CSX Corporation Common Stock","NNM","30540986","24903822","11672349","2.62",,
"2025-11-14","CTAS","Cintas Corporation Common Stoc","NNM","6358006","6399163","2360946","2.69",,
"2025-11-14","CVNA","Carvana Co.","NYSE","11481353","10811137","3168250","3.62",,
"2025-11-14","CVS","CVS HEALTH CORPORATION","NYSE","19288799","18902018","6615706","2.92",,
"2025-11-14","CVX","Chevron Corporation","NYSE","14528769","14024760","8063868","1.80",,
"2025-11-14","D","Dominion Energy, Inc Common St","NYSE","37575409","35201397","5054550","7.43",,
"2025-11-14","DASH","DoorDash, Inc. Class A Common","NNM","12996440","11148469","7909446","1.64",,
"2025-11-14","DDOG","Datadog, Inc. Class A Common S","NNM","9840126","9930262","6730528","1.46",,
"2025-11-14","DE","Deere & Company","NYSE","4285259","4185265","1195399","3.58",,
"2025-11-14","DELL","Dell Technologies Inc.","NYSE","19702771","14159463","6061516","3.25",,
"2025-11-14","DHR","Danaher Corporation","NYSE","6932897","7528811","3626761","1.91",,
"2025-11-14","DIS","The Walt Disney Company","NYSE","19495671","18349450","13616980","1.43",,
"2025-11-14","DLR","Digital Realty Trust, Inc.","NYSE","9138100","8854258","1692088","5.40",,
"2025-11-14","DUK","Duke Energy Corporation","NYSE","15716609","13605957","3842952","4.09",,
"2025-11-14","ECL","Ecolab, Inc.","NYSE","2788517","2795051","1406706","1.98",,
"2025-11-14","ELV","Elevance Health, Inc.","NYSE","4041947","3479088","1537722","2.63",,
"2025-11-14","EMR","Emerson Electric Co.","NYSE","15988405","15910679","3135197","5.10",,
"2025-11-14","EOG","EOG Resources, Inc.","NYSE","14007309","14333442","4589096","3.05",,
"2025-11-14","EPD","Enterprise Products Partners L","NYSE","31035652","33714226","4827144","6.43",,
"2025-11-14","EQIX","Equinix, Inc. Common Stock REI","NNM","1620279","1775941","518422","3.13",,
"2025-11-14","FCX","Freeport-McMoran Inc.","NYSE","22385917","21141972","14098068","1.59",,
"2025-11-14","FDX","FedEx Corporation","NYSE","4865423","4179415","1892793","2.57",,
"2025-11-14","FTNT","Fortinet, Inc. Common Stock","NNM","20482617","21065832","6684485","3.06",,
"2025-11-14","GD","General Dynamics Corporation","NYSE","2482072","2270693","1039798","2.39",,
"2025-11-14","GE","GE Aerospace","NYSE","12798503","12095919","3742142","3.42",,
"2025-11-14","GEV","GE Vernova Inc.","NYSE","7196296","7007241","2926677","2.46",,
"2025-11-14","GILD","Gilead Sciences, Inc. Common S","NNM","17007031","17975927","7329337","2.32",,
"2025-11-14","GLW","Corning Incorporated","NYSE","15297330","14103906","6945713","2.20",,
"2025-11-14","GM","General Motors Company","NYSE","20217434","20656668","8106193","2.49",,
"2025-11-14","GOOG","Alphabet Inc. Class C Capital","NNM","35314387","39496401","18772939","1.88",,
"2025-11-14","GOOGL","Alphabet Inc. Class A Common S","NNM","62477349","67264072","29378271","2.13",,
"2025-11-14","GS","Goldman Sachs Group Inc.","NYSE","7015699","6548012","2040274","3.44",,
"2025-11-14","GWW","W.W. Grainger, Inc.","NYSE","1096442","1065366","256434","4.28",,
"2025-11-14","HCA","HCA Healthcare, Inc.","NYSE","4536300","4019017","1261037","3.60",,
"2025-11-14","HD","Home Depot, Inc.","NYSE","10154712","10374151","3212907","3.16",,
"2025-11-14","HLT","Hilton Worldwide Holdings Inc.","NYSE","6757828","6887423","1584773","4.26",,
"2025-11-14","HON","Honeywell International Inc. C","NNM","8638171","14989581","4185113","2.06",,
"2025-11-14","HOOD","Robinhood Markets, Inc. Class","NNM","45600557","46413710","30696266","1.49",,
"2025-11-14","HPE","Hewlett Packard Enterprise Com","NYSE","48734692","46725749","30825189","1.58",,
"2025-11-14","HWM","Howmet Aerospace Inc.","NYSE","9823251","9790135","2025157","4.85",,
"2025-11-14","IBKR","Interactive Brokers Group, Inc","NNM","9704283","9873122","4387131","2.21",,
"2025-11-14","IBM","International Business Machine","NYSE","18607288","18050081","4947734","3.76",,
"2025-11-14","ICE","Intercontinental Exchange  Inc","NYSE","6312668","5974231","3368698","1.87",,
"2025-11-14","INTC","Intel Corporation Common Stock","NNM","131905538","115142507","75711769","1.74",,
"2025-11-14","INTU","Intuit Inc. Common Stock","NNM","5142021","5028476","1518451","3.39",,
"2025-11-14","ISRG","Intuitive Surgical, Inc. Commo","NNM","7453367","6854495","2160584","3.45",,
"2025-11-14","ITW","Illinois Tool Works Inc.","NYSE","7509398","7678246","1072012","7.00",,
"2025-11-14","JNJ","Johnson & Johnson","NYSE","20122322","19529775","7257724","2.77",,
"2025-11-14","JPM","JPMorgan Chase & Co.","NYSE","25364654","24932870","7693209","3.30",,
"2025-11-14","KKR","KKR & Co. Inc.","NYSE","11787348","7733881","5427375","2.17",,
"2025-11-14","KLAC","KLA Corporation Common Stock","NNM","3710400","3173235","1056267","3.51",,
"2025-11-14","KMI","Kinder Morgan, Inc.","NYSE","36420143","37258762","14371088","2.53",,
"2025-11-14","KO","Coca-Cola Company","NYSE","37527557","35775779","15453487","2.43",,
"2025-11-14","LIN","Linde plc Ordinary Shares","NNM","6621476","6291058","3031316","2.18",,
"2025-11-14","LLY","Eli Lilly & Co.","NYSE","7247713","6436275","5244081","1.38",,
"2025-11-14","LMT","Lockheed Martin Corp.","NYSE","2947911","2616247","1321804","2.23",,
"2025-11-14","LOW","Lowe's Companies Inc.","NYSE","8219384","7849952","2698811","3.05",,
"2025-11-14","LRCX","Lam Research Corporation Commo","NNM","33152875","33328175","10647618","3.11",,
"2025-11-14","MA","Mastercard Incorporated","NYSE","6383599","6227798","2330474","2.74",,
"2025-11-14","MAR","Marriott International Class A","NNM","8627120","8278894","1906023","4.53",,
"2025-11-14","MCD","McDonald's Corporation","NYSE","7720128","7258102","3572161","2.16",,
"2025-11-14","MCK","McKesson Corporation","NYSE","1906137","2046773","812635","2.35",,
"2025-11-14","MCO","Moody's Corporation","NYSE","1843809","2032612","766647","2.41",,
"2025-11-14","MDLZ","Mondelez International, Inc. C","NNM","30834280","26956569","9328858","3.31",,
"2025-11-14","MDT","Medtronic plc","NYSE","13532095","14431402","6255699","2.16",,
"2025-11-14","META","Meta Platforms, Inc. Class A C","NNM","30166415","27949085","23018797","1.31",,
"2025-11-14","MMM","3M Company","NYSE","7434437","6812250","3146151","2.36",,
"2025-11-14","MNST","Monster Beverage Corporation","NNM","17565210","19097709","7011209","2.51",,
"2025-11-14","MO","Altria Group, Inc.","NYSE","40224798","38667759","8726580","4.61",,
"2025-11-14","MPC","MARATHON PETROLEUM CORPORATION","NYSE","7210689","7547623","2546934","2.83",,
"2025-11-14","MPWR","Monolithic Power Systems, Inc.","NNM","1796489","1667795","663569","2.71",,
"2025-11-14","MRK","Merck & Co., Inc.","NYSE","27626151","25815354","12867044","2.15",,
"2025-11-14","MRVL","Marvell Technology, Inc. Commo","NNM","36853216","36833165","16088857","2.29",,
"2025-11-14","MS","Morgan Stanley","NYSE","13949748","14187742","5313618","2.63",,
"2025-11-14","MSFT","Microsoft Corporation Common S","NNM","48553497","52549516","23988414","2.02",,
"2025-11-14","MSI","Motorola Solutions, Inc. New","NYSE","2101660","1901219","1590762","1.32",,
"2025-11-14","MU","Micron Technology, Inc. Common","NNM","27473507","26527161","26738292","1.03",,
"2025-11-14","NEE","Nextra Energy, Inc.","NYSE","29951782","26882894","8890559","3.37",,
"2025-11-14","NEM","Newmont Corporation","NYSE","21002213","20766195","9411109","2.23",,
"2025-11-14","NET","Cloudflare, Inc. Class A commo","NYSE","8770645","9146655","3014527","2.91",,
"2025-11-14","NFLX","Netflix, Inc. Common Stock","NNM","14650481","6743885","4001995","3.66",,
"2025-11-14","NKE","Nike, Inc.","NYSE","38391572","36774637","17321330","2.22",,
"2025-11-14","NOC","Northrop Grumman Corp.","NYSE","1746447","1200859","700481","2.49",,
"2025-11-14","NOW","SERVICENOW, INC.","NYSE","3484994","2683339","1566898","2.22",,
"2025-11-14","NSC","Norfolk Southern Corp.","NYSE","7297896","6239391","1247501","5.85",,
"2025-11-14","NVDA","NVIDIA Corporation Common Stoc","NNM","237153736","238599888","193683210","1.22",,
"2025-11-14","O","Realty Income Corporation","NYSE","40508924","44114879","6848775","5.91",,
"2025-11-14","ORCL","Oracle Corp","NYSE","24372181","20573306","21476392","1.13",,
"2025-11-14","ORLY","O'Reilly Automotive, Inc. Comm","NNM","12392832","11376280","5550092","2.23",,
"2025-11-14","PANW","Palo Alto Networks, Inc. Commo","NNM","43552633","44631312","4959345","8.78",,
"2025-11-14","PCAR","PACCAR Inc. Common Stock","NNM","11041608","11076839","2903133","3.80",,
"2025-11-14","PEP","PepsiCo, Inc. Common Stock","NNM","19304418","16948916","6985149","2.76",,
"2025-11-14","PFE","Pfizer Inc.","NYSE","130660363","126587750","126043706","1.04",,
"2025-11-14","PG","Procter & Gamble Company","NYSE","18435421","18663695","9007589","2.05",,
"2025-11-14","PGR","Progressive Corporation","NYSE","6047499","6109328","3680756","1.64",,
"2025-11-14","PH","Parker-Hannifin Corporation","NYSE","1357262","1452393","949841","1.43",,
"2025-11-14","PLD","PROLOGIS, INC.","NYSE","11555861","9609991","3077053","3.76",,
"2025-11-14","PLTR","Palantir Technologies Inc. Cla","NNM","50998685","49281252","74238846","1.00",,
"2025-11-14","PM","Philip Morris International In","NYSE","16645717","16188729","5353053","3.11",,
"2025-11-14","PNC","PNC Financial Services Group","NYSE","6352583","7389355","1577240","4.03",,
"2025-11-14","PSX","PHILLIPS 66","NYSE","8834526","6415645","2298697","3.84",,
"2025-11-14","PWR","Quanta Services, Inc.","NYSE","4305084","4203777","907682","4.74",,
"2025-11-14","QCOM","QUALCOMM Incorporated Common S","NNM","25685766","24435707","10964144","2.34",,
"2025-11-14","RCL","Royal Caribbean Group","NYSE","11006230","10862830","2167638","5.08",,
"2025-11-14","REGN","Regeneron Pharmaceuticals, Inc","NNM","2844265","2793459","960953","2.96",,
"2025-11-14","ROST","Ross Stores, Inc. Common Stock","NNM","6755819","6537288","2291039","2.95",,
"2025-11-14","RSG","Republic Services Inc.","NYSE","3069441","3179905","1405078","2.18",,
"2025-11-14","RTX","RTX Corporation","NYSE","10153954","12406437","3702123","2.74",,
"2025-11-14","SBUX","Starbucks Corporation Common S","NNM","44794976","38156209","12543488","3.57",,
"2025-11-14","SCCO","Southern Copper Corporation","NYSE","9466405","8595788","1262634","7.50","S",
"2025-11-14","SCHW","The Charles Schwab Corporation","NYSE","12462235","14667997","7858960","1.59",,
"2025-11-14","SHW","The Sherwin-Williams Company","NYSE","4407109","3907062","2076402","2.12",,
"2025-11-14","SNDK","Sandisk Corporation Common Sto","NNM","7585403","5821672","14316611","1.00",,
"2025-11-14","SNOW","Snowflake Inc.","NYSE","12132429","12703059","3595440","3.37",,
"2025-11-14","SNPS","Synopsys, Inc. Common Stock","NNM","4220524","4073028","2562896","1.65",,
"2025-11-14","SO","The Southern Company","NYSE","37961722","38277756","7450966","5.09",,
"2025-11-14","SPCX","The SPAC and New Issue ETF","NNM","6451","6456","604","10.68",,
"2025-11-14","SPG","Simon Property Group, Inc.","NYSE","4554915","4740070","1457241","3.13",,
"2025-11-14","SPGI","S&P Global Inc.","NYSE","2490366","2719122","1639567","1.52",,
"2025-11-14","SYK","Stryker Corporation","NYSE","4287007","4211464","2032278","2.11",,
"2025-11-14","T","AT&T Inc.","NYSE","95811820","86628864","58449085","1.64",,
"2025-11-14","TDG","TransDigm Group Incorporated","NYSE","1187974","1141479","337757","3.52",,
"2025-11-14","TFC","Truist Financial Corporation","NYSE","27846954","31620989","8609043","3.23",,
"2025-11-14","TGT","Target Corporation","NYSE","17207231","17864000","6152279","2.80",,
"2025-11-14","TJX","TJX Companies, Inc. (The)","NYSE","13994509","13315203","4871558","2.87",,
"2025-11-14","TMO","Thermo Fisher Scientific, Inc.","NYSE","5462612","4409154","1702154","3.21",,
"2025-11-14","TMUS","T-Mobile US, Inc. Common Stock","NNM","11295704","12703618","5049485","2.24",,
"2025-11-14","TRV","The Travelers Companies, Inc.","NYSE","3926897","3667346","1417058","2.77",,
"2025-11-14","TSLA","Tesla, Inc. Common Stock","NNM","71187964","72221014","88063249","1.00",,
"2025-11-14","TXN","Texas Instruments Incorporated","NNM","16550837","17620587","7531869","2.20",,
"2025-11-14","UBER","Uber Technologies, Inc.","NYSE","51094055","51129156","20401493","2.50",,
"2025-11-14","UNH","UNITEDHEALTH GROUP INCORPORATE","NYSE","12327679","12595742","9116014","1.35",,
"2025-11-14","UNP","Union Pacific Corp.","NYSE","20809880","19914219","3047162","6.83",,
"2025-11-14","UPS","United Parcel Service, Inc. Cl","NYSE","19418756","19071206","6982771","2.78",,
"2025-11-14","URI","United Rentals, Inc.","NYSE","1757903","1468301","472672","3.72",,
"2025-11-14","USB","U.S. Bancorp","NYSE","18441714","17449697","6578925","2.80",,
"2025-11-14","V","VISA Inc.","NYSE","22171040","23894949","5779170","3.84",,
"2025-11-14","VLO","Valero Energy Corporation","NYSE","11359471","11323781","2246139","5.06",,
"2025-11-14","VRT","Vertiv Holdings Co Class A Com","NYSE","7961595","8101813","7539079","1.06",,
"2025-11-14","VRTX","Vertex Pharmaceuticals Incorpo","NNM","4006159","4131677","1492462","2.68",,
"2025-11-14","VZ","Verizon Communications","NYSE","103245865","101722175","28123541","3.67",,
"2025-11-14","WBD","Warner Bros. Discovery, Inc. S","NNM","78959787","74521109","36424628","2.17",,
"2025-11-14","WDC","Western Digital Corporation Co","NNM","33625289","31956205","9885586","3.40",,
"2025-11-14","WELL","Welltower Inc.","NYSE","12410239","11135369","3120569","3.98",,
"2025-11-14","WFC","Wells Fargo & Co.","NYSE","40371214","30037679","15239952","2.65",,
"2025-11-14","WM","Waste Management, Inc.","NYSE","4554743","4250575","2173127","2.10",,
"2025-11-14","WMB","Williams Companies Inc.","NYSE","15386962","13587073","8815034","1.75",,
"2025-11-14","WMT","Walmart Inc.","NYSE","39618148","38821970","15420647","2.57",,
"2025-11-14","XOM","Exxon Mobil Corporation","NYSE","48639717","41661225","15022486","3.24",,
"2025-10-31","AAPL","Apple Inc. Common Stock","NNM","115557836","109135657","52555048","2.20",,
"2025-10-31","ABBV","ABBVIE INC.","NYSE","18891139","18080904","5096113","3.71",,
"2025-10-31","ABNB","Airbnb, Inc. Class A Common St","NNM","18046972","19242337","3945821","4.57",,
"2025-10-31","ABT","Abbott Laboratories","NYSE","20171849","19360135","6116704","3.30",,
"2025-10-31","ADBE","Adobe Inc. Common Stock","NNM","11464202","11532326","3763213","3.05",,
"2025-10-31","ADI","Analog Devices, Inc. Common St","NNM","9360347","7331650","3053102","3.07",,
"2025-10-31","ADP","Automatic Data Processing, Inc","NNM","7423501","7882546","1885947","3.94",,
"2025-10-31","AEP","American Electric Power Compan","NNM","21194891","22615959","3621684","5.85",,
"2025-10-31","AFL","Aflac Inc.","NYSE","6420431","6334585","1742112","3.69",,
"2025-10-31","AJG","Arthur J. Gallagher & Co.","NYSE","3767919","3812456","2086194","1.81",,
"2025-10-31","ALL","The Allstate Corporation","NYSE","2807021","3122788","1299336","2.16",,
"2025-10-31","AMAT","Applied Materials, Inc. Common","NNM","17115618","18525672","6465766","2.65",,
"2025-10-31","AMD","Advanced Micro Devices, Inc. C","NNM","37184848","38861080","53135752","1.00",,
"2025-10-31","AMGN","Amgen Inc. Common Stock","NNM","13428043","11478293","1897458","7.08",,
"2025-10-31","AMT","American Tower Corporation","NYSE","4948438","4906974","2794501","1.77",,
"2025-10-31","AMZN","Amazon.com, Inc. Common Stock","NNM","70120761","74507966","57620097","1.22",,
"2025-10-31","ANET","Arista Networks","NYSE","12518459","12783741","6135734","2.04",,
"2025-10-31","AON","Aon plc Class A","NYSE","1882967","2025344","1493441","1.26",,
"2025-10-31","APD","Air Products & Chemicals, Inc.","NYSE","5038161","5127527","1221875","4.12",,
"2025-10-31","APH","Amphenol Corporation","NYSE","9434248","8569155","8893719","1.06",,
"2025-10-31","APO","Apollo Global Management, Inc.","NYSE","31909583","31726447","3129413","10.20",,
"2025-10-31","APP","Applovin Corporation Class A C","NNM","16144334","17172451","3869704","4.17",,
"2025-10-31","AVGO","Broadcom Inc. Common Stock","NNM","54655737","52626360","19313900","2.83",,
"2025-10-31","AXP","American Express Company","NYSE","10145452","8743388","2754661","3.68",,
"2025-10-31","BA","Boeing Company","NYSE","15327110","13604624","8598530","1.78",,
"2025-10-31","BAC","Bank of America Corporation","NYSE","110410239","106772069","34488689","3.20",,
"2025-10-31","BKNG","Booking Holdings Inc. Common S","NNM","591440","643088","291341","2.03",,
"2025-10-31","BLK","Blackrock, Inc.","NYSE","1203585","1271499","734703","1.64",,
"2025-10-31","BMY","Bristol-Myers Squibb Co.","NYSE","32070775","30358285","17797730","1.80",,
"2025-10-31","BNY","BlackRock New York Municipal I","NYSE","22181","36079","54377","1.00",,
"2025-10-31","BRKA","Berkshire Hathaway Inc.","NYSE","226","175","290","1.00",,
"2025-10-31","BRKB","BERKSHIRE HATHAWAY Class B","NYSE","11974812","11093599","4549367","2.63",,
"2025-10-31","BSX","Boston Scientific Corp.","NYSE","19453503","19634328","8516401","2.28",,
"2025-10-31","BX","Blackstone Inc.","NYSE","14964769","11883729","4525842","3.31",,
"2025-10-31","C","Citigroup Inc.","NYSE","29459156","29370584","12004769","2.45",,
"2025-10-31","CAT","Caterpillar Inc.","NYSE","6765731","7822768","3136338","2.16",,
"2025-10-31","CDNS","Cadence Design Systems, Inc. C","NNM","3577481","3869804","1998944","1.79",,
"2025-10-31","CEG","Constellation Energy Corporati","NNM","4937372","5484873","2746146","1.80",,
"2025-10-31","CI","The Cigna Group","NYSE","3671958","3776937","2353292","1.56",,
"2025-10-31","CL","Colgate-Palmolive Company","NYSE","13712844","15401100","7423742","1.85",,
"2025-10-31","CMCSA","Comcast Corporation Class A Co","NNM","49367832","54229836","29312278","1.68",,
"2025-10-31","CME","CME Group Inc. Class A Common","NNM","4107908","4493938","1746714","2.35",,
"2025-10-31","CMI","Cummins Inc.","NYSE","1617268","1455349","941153","1.72",,
"2025-10-31","COF","Capital One Financial","NYSE","7069427","6759845","4340641","1.63",,
"2025-10-31","COP","ConocoPhillips","NYSE","15646486","13042310","6363444","2.46",,
"2025-10-31","COST","Costco Wholesale Corporation C","NNM","6934489","6948318","2141642","3.24",,
"2025-10-31","CRM","Salesforce, Inc.","NYSE","16845911","15802266","9494885","1.77",,
"2025-10-31","CRWD","CrowdStrike Holdings, Inc. Cla","NNM","6681281","6070454","2206809","3.03",,
"2025-10-31","CSCO","Cisco Systems, Inc. Common Sto","NNM","48002950","47260110","16168833","2.97",,
"2025-10-31","CSX","CSX Corporation Common Stock","NNM","24903822","27709588","13450666","1.85",,
"2025-10-31","CTAS","Cintas Corporation Common Stoc","NNM","6399163","6040988","2149112","2.98",,
"2025-10-31","CVNA","Carvana Co.","NYSE","10811137","10110330","4209155","2.57",,
"2025-10-31","CVS","CVS HEALTH CORPORATION","NYSE","18902018","19523681","8253279","2.29",,
"2025-10-31","CVX","Chevron Corporation","NYSE","14024760","15790033","6935324","2.02",,
"2025-10-31","D","Dominion Energy, Inc Common St","NYSE","35201397","37090699","4450552","7.91",,
"2025-10-31","DASH","DoorDash, Inc. Class A Common","NNM","11148469","11280052","3304852","3.37",,
"2025-10-31","DDOG","Datadog, Inc. Class A Common S","NNM","9930262","10763046","3010149","3.30",,
"2025-10-31","DE","Deere & Company","NYSE","4185265","4024816","1145530","3.65",,
"2025-10-31","DELL","Dell Technologies Inc.","NYSE","14159463","13201287","5327312","2.66",,
"2025-10-31","DHR","Danaher Corporation","NYSE","7528811","7980198","4456207","1.69",,
"2025-10-31","DIS","The Walt Disney Company","NYSE","18349450","19065480","7630010","2.40",,
"2025-10-31","DLR","Digital Realty Trust, Inc.","NYSE","8854258","8257377","1810364","4.89",,
"2025-10-31","DUK","Duke Energy Corporation","NYSE","13605957","14453865","2910534","4.67",,
"2025-10-31","ECL","Ecolab, Inc.","NYSE","2795051","2263631","1705441","1.64",,
"2025-10-31","ELV","Elevance Health, Inc.","NYSE","3479088","2731969","1907047","1.82",,
"2025-10-31","EMR","Emerson Electric Co.","NYSE","15910679","15374163","2413878","6.59",,
"2025-10-31","EOG","EOG Resources, Inc.","NYSE","14333442","13261177","4175232","3.43",,
"2025-10-31","EPD","Enterprise Products Partners L","NYSE","33714226","30226619","4408205","7.65",,
"2025-10-31","EQIX","Equinix, Inc. Common Stock REI","NNM","1775941","1724274","524615","3.39",,
"2025-10-31","FCX","Freeport-McMoran Inc.","NYSE","21141972","19786656","13792401","1.53",,
"2025-10-31","FDX","FedEx Corporation","NYSE","4179415","4367601","1402442","2.98",,
"2025-10-31","FTNT","Fortinet, Inc. Common Stock","NNM","21065832","20327870","4193124","5.02",,
"2025-10-31","GD","General Dynamics Corporation","NYSE","2270693","2347577","1256905","1.81",,
"2025-10-31","GE","GE Aerospace","NYSE","12095919","11287867","4079430","2.97",,
"2025-10-31","GEV","GE Vernova Inc.","NYSE","7007241","6749455","3762820","1.86",,
"2025-10-31","GILD","Gilead Sciences, Inc. Common S","NNM","17975927","15804496","7065409","2.54",,
"2025-10-31","GLW","Corning Incorporated","NYSE","14103906","12667640","7980213","1.77",,
"2025-10-31","GM","General Motors Company","NYSE","20656668","22938381","13323717","1.55",,
"2025-10-31","GOOG","Alphabet Inc. Class C Capital","NNM","39496401","35835418","22985207","1.72",,
"2025-10-31","GOOGL","Alphabet Inc. Class A Common S","NNM","67264072","58341664","35892179","1.87",,
"2025-10-31","GS","Goldman Sachs Group Inc.","NYSE","6548012","6092146","2026026","3.23",,
"2025-10-31","GWW","W.W. Grainger, Inc.","NYSE","1065366","1046230","321991","3.31",,
"2025-10-31","HCA","HCA Healthcare, Inc.","NYSE","4019017","3263233","1514379","2.65",,
"2025-10-31","HD","Home Depot, Inc.","NYSE","10374151","10511200","2739943","3.79",,
"2025-10-31","HLT","Hilton Worldwide Holdings Inc.","NYSE","6887423","7062162","1959483","3.51",,
"2025-10-31","HON","Honeywell International Inc. C","NNM","14989581","20656314","5028786","2.98",,
"2025-10-31","HOOD","Robinhood Markets, Inc. Class","NNM","46413710","43966352","23772255","1.95",,
"2025-10-31","HPE","Hewlett Packard Enterprise Com","NYSE","46725749","44195516","47423075","1.00",,
"2025-10-31","HWM","Howmet Aerospace Inc.","NYSE","9790135","9655898","2225454","4.40",,
"2025-10-31","IBKR","Interactive Brokers Group, Inc","NNM","9873122","10030080","5155722","1.91",,
"2025-10-31","IBM","International Business Machine","NYSE","18050081","15852807","7700964","2.34",,
"2025-10-31","ICE","Intercontinental Exchange  Inc","NYSE","5974231","6224385","4982031","1.20",,
"2025-10-31","INTC","Intel Corporation Common Stock","NNM","115142507","116134131","117820720","1.00",,
"2025-10-31","INTU","Intuit Inc. Common Stock","NNM","5028476","5160118","1380727","3.64",,
"2025-10-31","ISRG","Intuitive Surgical, Inc. Commo","NNM","6854495","7388032","3004937","2.28",,
"2025-10-31","ITW","Illinois Tool Works Inc.","NYSE","7678246","6908781","1551737","4.95",,
"2025-10-31","JNJ","Johnson & Johnson","NYSE","19529775","20626892","8093944","2.41",,
"2025-10-31","JPM","JPMorgan Chase & Co.","NYSE","24932870","26007014","7535514","3.31",,
"2025-10-31","KKR","KKR & Co. Inc.","NYSE","7733881","8230516","4346514","1.78",,
"2025-10-31","KLAC","KLA Corporation Common Stock","NNM","3173235","2951921","1061493","2.99",,
"2025-10-31","KMI","Kinder Morgan, Inc.","NYSE","37258762","36050384","16825435","2.21",,
"2025-10-31","KO","Coca-Cola Company","NYSE","35775779","33409600","17372684","2.06",,
"2025-10-31","LIN","Linde plc Ordinary Shares","NNM","6291058","5387129","2504200","2.51",,
"2025-10-31","LLY","Eli Lilly & Co.","NYSE","6436275","6843231","3138460","2.05",,
"2025-10-31","LMT","Lockheed Martin Corp.","NYSE","2616247","2456124","1478373","1.77",,
"2025-10-31","LOW","Lowe's Companies Inc.","NYSE","7849952","8074210","2223207","3.53",,
"2025-10-31","LRCX","Lam Research Corporation Commo","NNM","33328175","32402751","10837762","3.08",,
"2025-10-31","MA","Mastercard Incorporated","NYSE","6227798","5811410","2841406","2.19",,
"2025-10-31","MAR","Marriott International Class A","NNM","8278894","8265920","1348849","6.14",,
"2025-10-31","MCD","McDonald's Corporation","NYSE","7258102","7318888","2459025","2.95",,
"2025-10-31","MCK","McKesson Corporation","NYSE","2046773","2327398","580922","3.52",,
"2025-10-31","MCO","Moody's Corporation","NYSE","2032612","1771411","998720","2.04",,
"2025-10-31","MDLZ","Mondelez International, Inc. C","NNM","26956569","24334357","9354776","2.88",,
"2025-10-31","MDT","Medtronic plc","NYSE","14431402","14948934","5745781","2.51",,
"2025-10-31","META","Meta Platforms, Inc. Class A C","NNM","27949085","24531229","21623824","1.29",,
"2025-10-31","MMM","3M Company","NYSE","6812250","7202274","3895701","1.75",,
"2025-10-31","MNST","Monster Beverage Corporation","NNM","19097709","18129401","4875861","3.92",,
"2025-10-31","MO","Altria Group, Inc.","NYSE","38667759","35621840","9015106","4.29",,
"2025-10-31","MPC","MARATHON PETROLEUM CORPORATION","NYSE","7547623","7374144","1576460","4.79",,
"2025-10-31","MPWR","Monolithic Power Systems, Inc.","NNM","1667795","1881672","684845","2.44",,
"2025-10-31","MRK","Merck & Co., Inc.","NYSE","25815354","26700419","10250522","2.52",,
"2025-10-31","MRVL","Marvell Technology, Inc. Commo","NNM","36833165","36285440","14921914","2.47",,
"2025-10-31","MS","Morgan Stanley","NYSE","14187742","15098399","5496038","2.58",,
"2025-10-31","MSFT","Microsoft Corporation Common S","NNM","52549516","52344880","22626543","2.32",,
"2025-10-31","MSI","Motorola Solutions, Inc. New","NYSE","1901219","2032137","802524","2.37",,
"2025-10-31","MU","Micron Technology, Inc. Common","NNM","26527161","25192304","21697428","1.22",,
"2025-10-31","NEE","Nextra Energy, Inc.","NYSE","26882894","30051071","9376790","2.87",,
"2025-10-31","NEM","Newmont Corporation","NYSE","20766195","21510954","15031651","1.38",,
"2025-10-31","NET","Cloudflare, Inc. Class A commo","NYSE","9146655","9327727","2931808","3.12",,
"2025-10-31","NFLX","Netflix, Inc. Common Stock","NNM","6743885","6050487","5547108","1.22",,
"2025-10-31","NKE","Nike, Inc.","NYSE","36774637","34228532","11418193","3.22",,
"2025-10-31","NOC","Northrop Grumman Corp.","NYSE","1200859","1480189","889031","1.35",,
"2025-10-31","NOW","SERVICENOW, INC.","NYSE","2683339","3108450","1464602","1.83",,
"2025-10-31","NSC","Norfolk Southern Corp.","NYSE","6239391","6328992","1151740","5.42",,
"2025-10-31","NVDA","NVIDIA Corporation Common Stoc","NNM","238599888","210957056","176361326","1.35",,
"2025-10-31","O","Realty Income Corporation","NYSE","44114879","38722753","5124362","8.61",,
"2025-10-31","ORCL","Oracle Corp","NYSE","20573306","19366561","21420074","1.00",,
"2025-10-31","ORLY","O'Reilly Automotive, Inc. Comm","NNM","11376280","11510462","5746862","1.98",,
"2025-10-31","PANW","Palo Alto Networks, Inc. Commo","NNM","44631312","46536552","4191642","10.65",,
"2025-10-31","PCAR","PACCAR Inc. Common Stock","NNM","11076839","11406661","3389611","3.27",,
"2025-10-31","PEP","PepsiCo, Inc. Common Stock","NNM","16948916","16772527","5955917","2.85",,
"2025-10-31","PFE","Pfizer Inc.","NYSE","126587750","116815571","59344065","2.13",,
"2025-10-31","PG","Procter & Gamble Company","NYSE","18663695","16733477","7608045","2.45",,
"2025-10-31","PGR","Progressive Corporation","NYSE","6109328","6452787","4149746","1.47",,
"2025-10-31","PH","Parker-Hannifin Corporation","NYSE","1452393","1353036","548108","2.65",,
"2025-10-31","PLD","PROLOGIS, INC.","NYSE","9609991","8913620","3554086","2.70",,
"2025-10-31","PLTR","Palantir Technologies Inc. Cla","NNM","49281252","48790674","43305405","1.14",,
"2025-10-31","PM","Philip Morris International In","NYSE","16188729","14503340","9284695","1.74",,
"2025-10-31","PNC","PNC Financial Services Group","NYSE","7389355","7955012","2449866","3.02",,
"2025-10-31","PSX","PHILLIPS 66","NYSE","6415645","6057251","2436250","2.63",,
"2025-10-31","PWR","Quanta Services, Inc.","NYSE","4203777","4507563","1166864","3.60",,
"2025-10-31","QCOM","QUALCOMM Incorporated Common S","NNM","24435707","23760181","14731898","1.66",,
"2025-10-31","RCL","Royal Caribbean Group","NYSE","10862830","10558228","2658899","4.09",,
"2025-10-31","REGN","Regeneron Pharmaceuticals, Inc","NNM","2793459","2927169","1014914","2.75",,
"2025-10-31","ROST","Ross Stores, Inc. Common Stock","NNM","6537288","6868715","1844424","3.54",,
"2025-10-31","RSG","Republic Services Inc.","NYSE","3179905","3867248","1490283","2.13",,
"2025-10-31","RTX","RTX Corporation","NYSE","12406437","11986520","5564143","2.23",,
"2025-10-31","SBUX","Starbucks Corporation Common S","NNM","38156209","39612067","9576442","3.98",,
"2025-10-31","SCCO","Southern Copper Corporation","NYSE","8595788","9275170","1459755","5.89",,
"2025-10-31","SCHW","The Charles Schwab Corporation","NYSE","14667997","16870640","8753564","1.68",,
"2025-10-31","SHW","The Sherwin-Williams Company","NYSE","3907062","3664399","2473484","1.58",,
"2025-10-31","SNDK","Sandisk Corporation Common Sto","NNM","5821672","6719358","7971510","1.00",,
"2025-10-31","SNOW","Snowflake Inc.","NYSE","12703059","11120020","4313309","2.95",,
"2025-10-31","SNPS","Synopsys, Inc. Common Stock","NNM","4073028","4241124","1848202","2.20",,
"2025-10-31","SO","The Southern Company","NYSE","38277756","41384243","4981310","7.68",,
"2025-10-31","SPCX","The SPAC and New Issue ETF","NNM","6456","6548","568","11.37",,
"2025-10-31","SPG","Simon Property Group, Inc.","NYSE","4740070","5130353","1244684","3.81",,
"2025-10-31","SPGI","S&P Global Inc.","NYSE","2719122","2969289","1774723","1.53",,
"2025-10-31","SYK","Stryker Corporation","NYSE","4211464","3749178","1458001","2.89",,
"2025-10-31","T","AT&T Inc.","NYSE","86628864","82398013","83302498","1.04",,
"2025-10-31","TDG","TransDigm Group Incorporated","NYSE","1141479","1081517","273419","4.17",,
"2025-10-31","TFC","Truist Financial Corporation","NYSE","31620989","30453540","9397479","3.36",,
"2025-10-31","TGT","Target Corporation","NYSE","17864000","20746098","6395067","2.79",,
"2025-10-31","TJX","TJX Companies, Inc. (The)","NYSE","13315203","15157739","3980073","3.35",,
"2025-10-31","TMO","Thermo Fisher Scientific, Inc.","NYSE","4409154","3908166","2043124","2.16",,
"2025-10-31","TMUS","T-Mobile US, Inc. Common Stock","NNM","12703618","10853675","5635192","2.25",,
"2025-10-31","TRV","The Travelers Companies, Inc.","NYSE","3667346","3579267","1421625","2.58",,
"2025-10-31","TSLA","Tesla, Inc. Common Stock","NNM","72221014","72686353","83023880","1.00",,
"2025-10-31","TXN","Texas Instruments Incorporated","NNM","17620587","15725267","9891278","1.78",,
"2025-10-31","UBER","Uber Technologies, Inc.","NYSE","51129156","52465810","13839355","3.69",,
"2025-10-31","UNH","UNITEDHEALTH GROUP INCORPORATE","NYSE","12595742","13531383","8728913","1.44",,
"2025-10-31","UNP","Union Pacific Corp.","NYSE","19914219","18338494","3445789","5.78",,
"2025-10-31","UPS","United Parcel Service, Inc. Cl","NYSE","19071206","20041959","9548149","2.00",,
"2025-10-31","URI","United Rentals, Inc.","NYSE","1468301","1657091","652480","2.25",,
"2025-10-31","USB","U.S. Bancorp","NYSE","17449697","16892383","10950009","1.59",,
"2025-10-31","V","VISA Inc.","NYSE","23894949","26427530","6007035","3.98",,
"2025-10-31","VLO","Valero Energy Corporation","NYSE","11323781","11929583","2282984","4.96",,
"2025-10-31","VRT","Vertiv Holdings Co Class A Com","NYSE","8101813","8214356","8124254","1.00",,
"2025-10-31","VRTX","Vertex Pharmaceuticals Incorpo","NNM","4131677","3555766","1281366","3.22",,
"2025-10-31","VZ","Verizon Communications","NYSE","101722175","97515795","34823645","2.92",,
"2025-10-31","WBD","Warner Bros. Discovery, Inc. S","NNM","74521109","76448340","33033945","2.26",,
"2025-10-31","WDC","Western Digital Corporation Co","NNM","31956205","34186289","10294390","3.10",,
"2025-10-31","WELL","Welltower Inc.","NYSE","11135369","10978979","3068818","3.63",,
"2025-10-31","WFC","Wells Fargo & Co.","NYSE","30037679","31951328","16287605","1.84",,
"2025-10-31","WM","Waste Management, Inc.","NYSE","4250575","4663738","2054680","2.07",,
"2025-10-31","WMB","Williams Companies Inc.","NYSE","13587073","12768083","7596587","1.79",,
"2025-10-31","WMT","Walmart Inc.","NYSE","38821970","39401378","13466063","2.88",,
"2025-10-31","XOM","Exxon Mobil Corporation","NYSE","41661225","39974623","12607918","3.30",,
"2025-10-15","AAPL","Apple Inc. Common Stock","NNM","109135657","110777598","41519913","2.63",,
"2025-10-15","ABBV","ABBVIE INC.","NYSE","18080904","16289679","6937881","2.61",,
"2025-10-15","ABNB","Airbnb, Inc. Class A Common St","NNM","19242337","21167430","4672989","4.12",,
"2025-10-15","ABT","Abbott Laboratories","NYSE","19360135","18168908","6914984","2.80",,
"2025-10-15","ADBE","Adobe Inc. Common Stock","NNM","11532326","11240999","3847233","3.00",,
"2025-10-15","ADI","Analog Devices, Inc. Common St","NNM","7331650","8728777","3554462","2.06",,
"2025-10-15","ADP","Automatic Data Processing, Inc","NNM","7882546","8630985","1692084","4.66",,
"2025-10-15","AEP","American Electric Power Compan","NNM","22615959","22135488","3607232","6.27",,
"2025-10-15","AFL","Aflac Inc.","NYSE","6334585","7519197","1683593","3.76",,
"2025-10-15","AJG","Arthur J. Gallagher & Co.","NYSE","3812456","4194958","1181707","3.23",,
"2025-10-15","ALL","The Allstate Corporation","NYSE","3122788","3448096","1241608","2.52",,
"2025-10-15","AMAT","Applied Materials, Inc. Common","NNM","18525672","19677583","9270478","2.00",,
"2025-10-15","AMD","Advanced Micro Devices, Inc. C","NNM","38861080","37942273","100865432","1.00",,
"2025-10-15","AMGN","Amgen Inc. Common Stock","NNM","11478293","12909801","2361254","4.86",,
"2025-10-15","AMT","American Tower Corporation","NYSE","4906974","4610775","3074870","1.60",,
"2025-10-15","AMZN","Amazon.com, Inc. Common Stock","NNM","74507966","76984980","45032955","1.65",,
"2025-10-15","ANET","Arista Networks","NYSE","12783741","11630525","9626838","1.33",,
"2025-10-15","AON","Aon plc Class A","NYSE","2025344","2078416","890836","2.27",,
"2025-10-15","APD","Air Products & Chemicals, Inc.","NYSE","5127527","6214185","1028622","4.98",,
"2025-10-15","APH","Amphenol Corporation","NYSE","8569155","9406039","6474919","1.32",,
"2025-10-15","APO","Apollo Global Management, Inc.","NYSE","31726447","30422467","4288448","7.40",,
"2025-10-15","APP","Applovin Corporation Class A C","NNM","17172451","21858209","6498195","2.64",,
"2025-10-15","AVGO","Broadcom Inc. Common Stock","NNM","52626360","54295565","22758070","2.31",,
"2025-10-15","AXP","American Express Company","NYSE","8743388","9854885","2217312","3.94",,
"2025-10-15","BA","Boeing Company","NYSE","13604624","14933213","7624551","1.78",,
"2025-10-15","BAC","Bank of America Corporation","NYSE","106772069","113280828","31736935","3.36",,
"2025-10-15","BKNG","Booking Holdings Inc. Common S","NNM","643088","698634","253880","2.53",,
"2025-10-15","BLK","Blackrock, Inc.","NYSE","1271499","1519109","664495","1.91",,
"2025-10-15","BMY","Bristol-Myers Squibb Co.","NYSE","30358285","26343569","17889611","1.70",,
"2025-10-15","BNY","BlackRock New York Municipal I","NYSE","36079","49010","168334","1.00",,
"2025-10-15","BRKA","Berkshire Hathaway Inc.","NYSE","175","217","322","1.00",,
"2025-10-15","BRKB","BERKSHIRE HATHAWAY Class B","NYSE","11093599","12532579","3625859","3.06",,
"2025-10-15","BSX","Boston Scientific Corp.","NYSE","19634328","19401596","9665641","2.03",,
"2025-10-15","BX","Blackstone Inc.","NYSE","11883729","11833140","3661015","3.25",,
"2025-10-15","C","Citigroup Inc.","NYSE","29370584","30477845","15169147","1.94",,
"2025-10-15","CAT","Caterpillar Inc.","NYSE","7822768","7315366","3260322","2.40",,
"2025-10-15","CDNS","Cadence Design Systems, Inc. C","NNM","3869804","3796744","1427678","2.71",,
"2025-10-15","CEG","Constellation Energy Corporati","NNM","5484873","6813484","2862771","1.92",,
"2025-10-15","CI","The Cigna Group","NYSE","3776937","3562269","1387165","2.72",,
"2025-10-15","CL","Colgate-Palmolive Company","NYSE","15401100","13896652","6216713","2.48",,
"2025-10-15","CMCSA","Comcast Corporation Class A Co","NNM","54229836","56197276","24746992","2.19",,
"2025-10-15","CME","CME Group Inc. Class A Common","NNM","4493938","4126036","1920990","2.34",,
"2025-10-15","CMI","Cummins Inc.","NYSE","1455349","1651431","799066","1.82",,
"2025-10-15","COF","Capital One Financial","NYSE","6759845","7154784","3226975","2.09",,
"2025-10-15","COP","ConocoPhillips","NYSE","13042310","13354172","5465532","2.39",,
"2025-10-15","COST","Costco Wholesale Corporation C","NNM","6948318","6685683","2486342","2.79",,
"2025-10-15","CRM","Salesforce, Inc.","NYSE","15802266","17850737","8880262","1.78",,
"2025-10-15","CRWD","CrowdStrike Holdings, Inc. Cla","NNM","6070454","6623545","2504353","2.42",,
"2025-10-15","CSCO","Cisco Systems, Inc. Common Sto","NNM","47260110","40923882","18123633","2.61",,
"2025-10-15","CSX","CSX Corporation Common Stock","NNM","27709588","28569432","13825287","2.00",,
"2025-10-15","CTAS","Cintas Corporation Common Stoc","NNM","6040988","6736628","1965307","3.07",,
"2025-10-15","CVNA","Carvana Co.","NYSE","10110330","11904824","2488395","4.06",,
"2025-10-15","CVS","CVS HEALTH CORPORATION","NYSE","19523681","18936807","7789299","2.51",,
"2025-10-15","CVX","Chevron Corporation","NYSE","15790033","16108313","6337718","2.49",,
"2025-10-15","D","Dominion Energy, Inc Common St","NYSE","37090699","38630675","4722576","7.85",,
"2025-10-15","DASH","DoorDash, Inc. Class A Common","NNM","11280052","11801348","2434071","4.63",,
"2025-10-15","DDOG","Datadog, Inc. Class A Common S","NNM","10763046","13239993","4502251","2.39",,
"2025-10-15","DE","Deere & Company","NYSE","4024816","4290459","1323490","3.04",,
"2025-10-15","DELL","Dell Technologies Inc.","NYSE","13201287","11766069","10948355","1.21",,
"2025-10-15","DHR","Danaher Corporation","NYSE","7980198","8598826","4618312","1.73",,
"2025-10-15","DIS","The Walt Disney Company","NYSE","19065480","19442855","7517133","2.54",,
"2025-10-15","DLR","Digital Realty Trust, Inc.","NYSE","8257377","7803069","1390301","5.94",,
"2025-10-15","DUK","Duke Energy Corporation","NYSE","14453865","14722710","2555948","5.65",,
"2025-10-15","ECL","Ecolab, Inc.","NYSE","2263631","2535068","1063979","2.13",,
"2025-10-15","ELV","Elevance Health, Inc.","NYSE","2731969","3202284","1815700","1.50",,
"2025-10-15","EMR","Emerson Electric Co.","NYSE","15374163","15897184","2256057","6.81",,
"2025-10-15","EOG","EOG Resources, Inc.","NYSE","13261177","14981804","3983105","3.33",,
"2025-10-15","EPD","Enterprise Products Partners L","NYSE","30226619","30917315","3742898","8.08",,
"2025-10-15","EQIX","Equinix, Inc. Common Stock REI","NNM","1724274","1884950","434155","3.97",,
"2025-10-15","FCX","Freeport-McMoran Inc.","NYSE","19786656","16719879","21310755","1.00",,
"2025-10-15","FDX","FedEx Corporation","NYSE","4367601","4937713","1609659","2.71",,
"2025-10-15","FTNT","Fortinet, Inc. Common Stock","NNM","20327870","20862566","4422010","4.60",,
"2025-10-15","GD","General Dynamics Corporation","NYSE","2347577","2689182","878506","2.67",,
"2025-10-15","GE","GE Aerospace","NYSE","11287867","12894240","2956580","3.82",,
"2025-10-15","GEV","GE Vernova Inc.","NYSE","6749455","7060940","2590591","2.61",,
"2025-10-15","GILD","Gilead Sciences, Inc. Common S","NNM","15804496","18035549","7648238","2.07",,
"2025-10-15","GLW","Corning Incorporated","NYSE","12667640","13865265","6770081","1.87",,
"2025-10-15","GM","General Motors Company","NYSE","22938381","20941259","7969737","2.88",,
"2025-10-15","GOOG","Alphabet Inc. Class C Capital","NNM","35835418","35349968","17966515","1.99",,
"2025-10-15","GOOGL","Alphabet Inc. Class A Common S","NNM","58341664","59536136","26729033","2.18",,
"2025-10-15","GS","Goldman Sachs Group Inc.","NYSE","6092146","5941212","2241807","2.72",,
"2025-10-15","GWW","W.W. Grainger, Inc.","NYSE","1046230","1076113","254118","4.12",,
"2025-10-15","HCA","HCA Healthcare, Inc.","NYSE","3263233","3561967","1241661","2.63",,
"2025-10-15","HD","Home Depot, Inc.","NYSE","10511200","11690090","3246449","3.24",,
"2025-10-15","HLT","Hilton Worldwide Holdings Inc.","NYSE","7062162","7524311","1780062","3.97",,
"2025-10-15","HON","Honeywell International Inc. C","NNM","20656314","8987077","4135131","5.00",,
"2025-10-15","HOOD","Robinhood Markets, Inc. Class","NNM","43966352","52808830","29215716","1.50",,
"2025-10-15","HPE","Hewlett Packard Enterprise Com","NYSE","44195516","47846926","28107147","1.57",,
"2025-10-15","HWM","Howmet Aerospace Inc.","NYSE","9655898","11019879","1649230","5.85",,
"2025-10-15","IBKR","Interactive Brokers Group, Inc","NNM","10030080","11808810","4345634","2.31",,
"2025-10-15","IBM","International Business Machine","NYSE","15852807","16197030","4372670","3.63",,
"2025-10-15","ICE","Intercontinental Exchange  Inc","NYSE","6224385","7188466","3927420","1.58",,
"2025-10-15","INTC","Intel Corporation Common Stock","NNM","116134131","121832917","122511888","1.00",,
"2025-10-15","INTU","Intuit Inc. Common Stock","NNM","5160118","4536322","1861242","2.77",,
"2025-10-15","ISRG","Intuitive Surgical, Inc. Commo","NNM","7388032","8224603","2073405","3.56",,
"2025-10-15","ITW","Illinois Tool Works Inc.","NYSE","6908781","6551017","997681","6.92",,
"2025-10-15","JNJ","Johnson & Johnson","NYSE","20626892","18178743","8904507","2.32",,
"2025-10-15","JPM","JPMorgan Chase & Co.","NYSE","26007014","27060820","9000324","2.89",,
"2025-10-15","KKR","KKR & Co. Inc.","NYSE","8230516","8715262","4873313","1.69",,
"2025-10-15","KLAC","KLA Corporation Common Stock","NNM","2951921","3387793","1151057","2.56",,
"2025-10-15","KMI","Kinder Morgan, Inc.","NYSE","36050384","36429995","12276095","2.94",,
"2025-10-15","KO","Coca-Cola Company","NYSE","33409600","35006706","13779274","2.42",,
"2025-10-15","LIN","Linde plc Ordinary Shares","NNM","5387129","5568396","1584438","3.40",,
"2025-10-15","LLY","Eli Lilly & Co.","NYSE","6843231","7686850","3718380","1.84",,
"2025-10-15","LMT","Lockheed Martin Corp.","NYSE","2456124","2119900","1127598","2.18",,
"2025-10-15","LOW","Lowe's Companies Inc.","NYSE","8074210","7887237","2563578","3.15",,
"2025-10-15","LRCX","Lam Research Corporation Commo","NNM","32402751","29737626","12524148","2.59",,
"2025-10-15","MA","Mastercard Incorporated","NYSE","5811410","5562433","2650121","2.19",,
"2025-10-15","MAR","Marriott International Class A","NNM","8265920","8074364","1533783","5.39",,
"2025-10-15","MCD","McDonald's Corporation","NYSE","7318888","7275707","2985734","2.45",,
"2025-10-15","MCK","McKesson Corporation","NYSE","2327398","2448361","649886","3.58",,
"2025-10-15","MCO","Moody's Corporation","NYSE","1771411","1810573","920976","1.92",,
"2025-10-15","MDLZ","Mondelez International, Inc. C","NNM","24334357","32844111","6441408","3.78",,
"2025-10-15","MDT","Medtronic plc","NYSE","14948934","10664283","6945056","2.15",,
"2025-10-15","META","Meta Platforms, Inc. Class A C","NNM","24531229","23801739","13553101","1.81",,
"2025-10-15","MMM","3M Company","NYSE","7202274","6619440","2528027","2.85",,
"2025-10-15","MNST","Monster Beverage Corporation","NNM","18129401","21078899","5115179","3.54",,
"2025-10-15","MO","Altria Group, Inc.","NYSE","35621840","35221064","8108506","4.39",,
"2025-10-15","MPC","MARATHON PETROLEUM CORPORATION","NYSE","7374144","7470350","1544486","4.77",,
"2025-10-15","MPWR","Monolithic Power Systems, Inc.","NNM","1881672","2051204","567843","3.31",,
"2025-10-15","MRK","Merck & Co., Inc.","NYSE","26700419","25174694","12669726","2.11",,
"2025-10-15","MRVL","Marvell Technology, Inc. Commo","NNM","36285440","41324835","19146282","1.90",,
"2025-10-15","MS","Morgan Stanley","NYSE","15098399","14573942","6101864","2.47",,
"2025-10-15","MSFT","Microsoft Corporation Common S","NNM","52344880","54926474","17554205","2.98",,
"2025-10-15","MSI","Motorola Solutions, Inc. New","NYSE","2032137","2316655","713716","2.85",,
"2025-10-15","MU","Micron Technology, Inc. Common","NNM","25192304","22170120","26002668","1.00",,
"2025-10-15","NEE","Nextra Energy, Inc.","NYSE","30051071","32506275","11496211","2.61",,
"2025-10-15","NEM","Newmont Corporation","NYSE","21510954","23511378","9729384","2.21",,
"2025-10-15","NET","Cloudflare, Inc. Class A commo","NYSE","9327727","9518242","2115093","4.41",,
"2025-10-15","NFLX","Netflix, Inc. Common Stock","NNM","6050487","6428320","3148596","1.92",,
"2025-10-15","NKE","Nike, Inc.","NYSE","34228532","32100882","19574891","1.75",,
"2025-10-15","NOC","Northrop Grumman Corp.","NYSE","1480189","1468968","635543","2.33",,
"2025-10-15","NOW","SERVICENOW, INC.","NYSE","3108450","2877539","1213976","2.56",,
"2025-10-15","NSC","Norfolk Southern Corp.","NYSE","6328992","5449571","1199599","5.28",,
"2025-10-15","NVDA","NVIDIA Corporation Common Stoc","NNM","210957056","226771413","171666204","1.23",,
"2025-10-15","O","Realty Income Corporation","NYSE","38722753","38425929","4735321","8.18",,
"2025-10-15","ORCL","Oracle Corp","NYSE","19366561","18589003","20562592","1.00",,
"2025-10-15","ORLY","O'Reilly Automotive, Inc. Comm","NNM","11510462","12400068","3896071","2.95",,
"2025-10-15","PANW","Palo Alto Networks, Inc. Commo","NNM","46536552","48578462","5120669","9.09",,
"2025-10-15","PCAR","PACCAR Inc. Common Stock","NNM","11406661","11162744","2247524","5.08",,
"2025-10-15","PEP","PepsiCo, Inc. Common Stock","NNM","16772527","18371072","8093166","2.07",,
"2025-10-15","PFE","Pfizer Inc.","NYSE","116815571","113954344","63461564","1.84",,
"2025-10-15","PG","Procter & Gamble Company","NYSE","16733477","16952900","7101342","2.36",,
"2025-10-15","PGR","Progressive Corporation","NYSE","6452787","6206552","3544973","1.82",,
"2025-10-15","PH","Parker-Hannifin Corporation","NYSE","1353036","1466640","441874","3.06",,
"2025-10-15","PLD","PROLOGIS, INC.","NYSE","8913620","9276966","3260279","2.73",,
"2025-10-15","PLTR","Palantir Technologies Inc. Cla","NNM","48790674","53884782","51294084","1.00",,
"2025-10-15","PM","Philip Morris International In","NYSE","14503340","12096218","6773669","2.14",,
"2025-10-15","PNC","PNC Financial Services Group","NYSE","7955012","7039582","2266476","3.51",,
"2025-10-15","PSX","PHILLIPS 66","NYSE","6057251","7621016","1814077","3.34",,
"2025-10-15","PWR","Quanta Services, Inc.","NYSE","4507563","5256690","1030279","4.38",,
"2025-10-15","QCOM","QUALCOMM Incorporated Common S","NNM","23760181","23832501","7977306","2.98",,
"2025-10-15","RCL","Royal Caribbean Group","NYSE","10558228","10930574","1506702","7.01",,
"2025-10-15","REGN","Regeneron Pharmaceuticals, Inc","NNM","2927169","2760203","1188676","2.46",,
"2025-10-15","ROST","Ross Stores, Inc. Common Stock","NNM","6868715","7223030","2191625","3.13",,
"2025-10-15","RSG","Republic Services Inc.","NYSE","3867248","3117706","1156277","3.34",,
"2025-10-15","RTX","RTX Corporation","NYSE","11986520","13571073","4773137","2.51",,
"2025-10-15","SBUX","Starbucks Corporation Common S","NNM","39612067","44046184","9865862","4.02",,
"2025-10-15","SCCO","Southern Copper Corporation","NYSE","9275170","9156870","2057868","4.51",,
"2025-10-15","SCHW","The Charles Schwab Corporation","NYSE","16870640","21587246","8661814","1.95",,
"2025-10-15","SHW","The Sherwin-Williams Company","NYSE","3664399","3964535","1930212","1.90",,
"2025-10-15","SNDK","Sandisk Corporation Common Sto","NNM","6719358","7159804","8214747","1.00",,
"2025-10-15","SNOW","Snowflake Inc.","NYSE","11120020","10748397","4963740","2.24",,
"2025-10-15","SNPS","Synopsys, Inc. Common Stock","NNM","4241124","4849184","2265493","1.87",,
"2025-10-15","SO","The Southern Company","NYSE","41384243","38006947","5051478","8.19",,
"2025-10-15","SPCX","The SPAC and New Issue ETF","NNM","6548","6547","1403","4.67",,
"2025-10-15","SPG","Simon Property Group, Inc.","NYSE","5130353","5363302","1415565","3.62",,
"2025-10-15","SPGI","S&P Global Inc.","NYSE","2969289","3085150","1702339","1.74",,
"2025-10-15","SYK","Stryker Corporation","NYSE","3749178","4880838","1617816","2.32",,
"2025-10-15","T","AT&T Inc.","NYSE","82398013","83628511","40207549","2.05",,
"2025-10-15","TDG","TransDigm Group Incorporated","NYSE","1081517","1128485","290876","3.72",,
"2025-10-15","TFC","Truist Financial Corporation","NYSE","30453540","30005656","7634944","3.99",,
"2025-10-15","TGT","Target Corporation","NYSE","20746098","20530466","8305911","2.50",,
"2025-10-15","TJX","TJX Companies, Inc. (The)","NYSE","15157739","14482314","4936604","3.07",,
"2025-10-15","TMO","Thermo Fisher Scientific, Inc.","NYSE","3908166","4268524","2450214","1.60",,
"2025-10-15","TMUS","T-Mobile US, Inc. Common Stock","NNM","10853675","13289035","4298821","2.52",,
"2025-10-15","TRV","The Travelers Companies, Inc.","NYSE","3579267","3932154","1072745","3.34",,
"2025-10-15","TSLA","Tesla, Inc. Common Stock","NNM","72686353","76816175","93457716","1.00",,
"2025-10-15","TXN","Texas Instruments Incorporated","NNM","15725267","18457520","7220007","2.18",,
"2025-10-15","UBER","Uber Technologies, Inc.","NYSE","52465810","52086395","14149117","3.71",,
"2025-10-15","UNH","UNITEDHEALTH GROUP INCORPORATE","NYSE","13531383","13181807","8623296","1.57",,
"2025-10-15","UNP","Union Pacific Corp.","NYSE","18338494","17205349","2984578","6.14",,
"2025-10-15","UPS","United Parcel Service, Inc. Cl","NYSE","20041959","21247444","6566522","3.05",,
"2025-10-15","URI","United Rentals, Inc.","NYSE","1657091","1658625","366998","4.52",,
"2025-10-15","USB","U.S. Bancorp","NYSE","16892383","15664353","8553498","1.97",,
"2025-10-15","V","VISA Inc.","NYSE","26427530","27885185","5159803","5.12",,
"2025-10-15","VLO","Valero Energy Corporation","NYSE","11929583","11120191","2340988","5.10",,
"2025-10-15","VRT","Vertiv Holdings Co Class A Com","NYSE","8214356","9342409","8333344","1.00",,
"2025-10-15","VRTX","Vertex Pharmaceuticals Incorpo","NNM","3555766","3557058","1343866","2.65",,
"2025-10-15","VZ","Verizon Communications","NYSE","97515795","87625884","31367583","3.11",,
"2025-10-15","WBD","Warner Bros. Discovery, Inc. S","NNM","76448340","100423182","26591627","2.87",,
"2025-10-15","WDC","Western Digital Corporation Co","NNM","34186289","36849266","10379028","3.29",,
"2025-10-15","WELL","Welltower Inc.","NYSE","10978979","11396513","2628766","4.18",,
"2025-10-15","WFC","Wells Fargo & Co.","NYSE","31951328","34569708","15529897","2.06",,
"2025-10-15","WM","Waste Management, Inc.","NYSE","4663738","4397582","1379190","3.38",,
"2025-10-15","WMB","Williams Companies Inc.","NYSE","12768083","15068946","6229613","2.05",,
"2025-10-15","WMT","Walmart Inc.","NYSE","39401378","34298383","17019686","2.32",,
"2025-10-15","XOM","Exxon Mobil Corporation","NYSE","39974623","38673511","12485808","3.20",,
"2022-03-31","AAPL","Apple Inc. Common Stock","NNM","101969098","111286790","94420168","1.08",,
"2022-03-31","ABBV","ABBVIE INC.","NYSE","13443845","14892047","6371844","2.11",,
"2022-03-31","ABNB","Airbnb, Inc. Class A Common St","NNM","11283365","11970044","4605348","2.45",,
"2022-03-31","ABT","Abbott Laboratories","NYSE","12103872","13329695","4826018","2.51",,
"2022-03-31","ADBE","Adobe Inc. Common Stock","NNM","6821268","7534425","5154134","1.32",,
"2022-03-31","ADI","Analog Devices, Inc. Common St","NNM","7182174","7147730","3788254","1.90",,
"2022-03-31","ADP","Automatic Data Processing, Inc","NNM","3383338","4530919","2060331","1.64",,
"2022-03-31","AEP","American Electric Power Compan","NNM","6760900","8870624","3064844","2.21",,
"2022-03-31","AFL","Aflac Inc.","NYSE","10415266","11435865","2437682","4.27",,
"2022-03-31","AJG","Arthur J. Gallagher & Co.","NYSE","1597577","1689932","871230","1.83",,
"2022-03-31","ALL","The Allstate Corporation","NYSE","3746303","3425945","2466630","1.52",,
"2022-03-31","AMAT","Applied Materials, Inc. Common","NNM","9536053","10001598","7025441","1.36",,
"2022-03-31","AMD","Advanced Micro Devices, Inc. C","NNM","27435575","27776129","105646171","1.00",,
"2022-03-31","AMGN","Amgen Inc. Common Stock","NNM","22522358","24467803","2985128","7.54",,
"2022-03-31","AMT","American Tower Corporation","NYSE","3457625","3691923","2044924","1.69",,
"2022-03-31","AMZN","Amazon.com, Inc. Common Stock","NNM","3647235","4229483","3423914","1.07",,
"2022-03-31","ANET","Arista Networks","NYSE","3031858","2967450","2035539","1.49",,
"2022-03-31","AON","Aon plc Class A","NYSE","3178356","3818047","1402123","2.27",,
"2022-03-31","APD","Air Products & Chemicals, Inc.","NYSE","2096229","2549038","1596157","1.31",,
"2022-03-31","APH","Amphenol Corporation","NYSE","5249816","4497002","2963095","1.77",,
"2022-03-31","APO","Apollo Global Management, Inc.","NYSE","13066717","10606418","3405259","3.84",,
"2022-03-31","APP","Applovin Corporation Class A C","NNM","8942088","8652207","2040766","4.38",,
"2022-03-31","AVGO","Broadcom Inc. Common Stock","NNM","4320074","4900600","2205811","1.96",,
"2022-03-31","AXP","American Express Company","NYSE","8992499","8900038","3867046","2.33",,
"2022-03-31","BA","Boeing Company","NYSE","6570863","8928303","10692914","1.00",,
"2022-03-31","BAC","Bank of America Corporation","NYSE","65352793","60705239","49152691","1.33",,
"2022-03-31","BKNG","Booking Holdings Inc. Common S","NNM","751178","650617","372915","2.01",,
"2022-03-31","BLK","Blackrock, Inc.","NYSE","1646713","1668827","725109","2.27",,
"2022-03-31","BMY","Bristol-Myers Squibb Co.","NYSE","47337961","53732263","15983670","2.96",,
"2022-03-31","BNY","BlackRock New York Municipal I","NYSE","65928","37804","70566","1.00",,
"2022-03-31","BRKA","Berkshire Hathaway Inc.","NYSE","248","254","2988","1.00",,
"2022-03-31","BRKB","BERKSHIRE HATHAWAY Class B","NYSE","9381809","10347136","5623551","1.67",,
"2022-03-31","BSX","Boston Scientific Corp.","NYSE","15670760","13823149","7459042","2.10",,
"2022-03-31","BX","Blackstone Inc.","NYSE","8524578","9365117","4432008","1.92",,
"2022-03-31","C","Citigroup Inc.","NYSE","45291446","44945411","24878543","1.82",,
"2022-03-31","CAT","Caterpillar Inc.","NYSE","4865601","4913171","2961803","1.64",,
"2022-03-31","CDNS","Cadence Design Systems, Inc. C","NNM","2893350","3014010","1615626","1.79",,
"2022-03-31","CEG","Constellation Energy Corporati","NNM","4490971","4870857","3266732","1.37",,
"2022-03-31","CI","CIGNA Corporation","NYSE","3525210","4218769","1636915","2.15",,
"2022-03-31","CL","Colgate-Palmolive Company","NYSE","9630439","9951791","5876903","1.64",,
"2022-03-31","CMCSA","Comcast Corporation Class A Co","NNM","66492430","69792598","18796010","3.54",,
"2022-03-31","CME","CME Group Inc. Class A Common","NNM","4104665","3971528","1823453","2.25",,
"2022-03-31","CMI","Cummins Inc.","NYSE","2636065","2433121","1097697","2.40",,
"2022-03-31","COF","Capital One Financial","NYSE","5595227","5587116","3109847","1.80",,
"2022-03-31","COP","ConocoPhillips","NYSE","14618421","14337304","8619877","1.70",,
"2022-03-31","COST","Costco Wholesale Corporation C","NNM","4103881","4087250","2340072","1.75",,
"2022-03-31","CRM","salesforce.com, inc.","NYSE","14585896","14799584","6295052","2.32",,
"2022-03-31","CRWD","CrowdStrike Holdings, Inc. Cla","NNM","11626011","13361040","4957281","2.35",,
"2022-03-31","CSCO","Cisco Systems, Inc. Common Sto","NNM","34439464","41983356","24118857","1.43",,
"2022-03-31","CSX","CSX Corporation Common Stock","NNM","23532125","23172261","16207075","1.45",,
"2022-03-31","CTAS","Cintas Corporation Common Stoc","NNM","933844","1103528","599770","1.56",,
"2022-03-31","CVNA","Carvana Co.","NYSE","16967700","17320915","4182949","4.06",,
"2022-03-31","CVS","CVS HEALTH CORPORATION","NYSE","11263956","12627185","5436923","2.07",,
"2022-03-31","CVX","Chevron Corporation","NYSE","22265855","32017819","13412018","1.66",,
"2022-03-31","D","Dominion Energy, Inc Common St","NYSE","8320967","8506694","3380481","2.46",,
"2022-03-31","DASH","DoorDash, Inc.","NYSE","13619133","17633308","5032712","2.71",,
"2022-03-31","DDOG","Datadog, Inc. Class A Common S","NNM","9844806","12810370","3877236","2.54",,
"2022-03-31","DE","Deere & Company","NYSE","3009293","2676590","2319104","1.30",,
"2022-03-31","DELL","Dell Technologies Inc.","NYSE","7500178","6940620","3942174","1.90",,
"2022-03-31","DHR","Danaher Corporation","NYSE","5193025","4091106","2737840","1.90",,
"2022-03-31","DIS","The Walt Disney Company","NYSE","18460755","17360326","8908605","2.07",,
"2022-03-31","DLR","Digital Realty Trust, Inc.","NYSE","7724026","8321536","1251379","6.17",,
"2022-03-31","DUK","Duke Energy Corporation","NYSE","6244977","7389832","2620278","2.38",,
"2022-03-31","ECL","Ecolab, Inc.","NYSE","2396287","2890152","2251204","1.06",,
"2022-03-31","EMR","Emerson Electric Co.","NYSE","4375473","6672238","3928408","1.11",,
"2022-03-31","EOG","EOG Resources, Inc.","NYSE","8502215","7785917","5434876","1.56",,
"2022-03-31","EPD","Enterprise Products Partners L","NYSE","24094108","23925081","5767524","4.18",,
"2022-03-31","EQIX","Equinix, Inc. Common Stock REI","NNM","1144902","1174552","423884","2.70",,
"2022-03-31","FCX","Freeport-McMoran Inc.","NYSE","24518198","29271687","15830447","1.55",,
"2022-03-31","FDX","FedEx Corporation","NYSE","3391702","2831994","3248922","1.04",,
"2022-03-31","FTNT","Fortinet, Inc. Common Stock","NNM","2134397","2358039","1288526","1.66",,
"2022-03-31","GD","General Dynamics Corporation","NYSE","2309552","2374731","1563517","1.48",,
"2022-03-31","GE","General Electric Company","NYSE","9878946","10913766","6131287","1.61",,
"2022-03-31","GILD","Gilead Sciences, Inc. Common S","NNM","14463683","14844474","10245684","1.41",,
"2022-03-31","GLW","Corning Incorporated","NYSE","9803654","10771804","5156074","1.90",,
"2022-03-31","GM","General Motors Company","NYSE","27835480","29202213","14923974","1.87",,
"2022-03-31","GOOG","Alphabet Inc. Class C Capital","NNM","1397898","1632500","1353250","1.03",,
"2022-03-31","GOOGL","Alphabet Inc. Class A Common S","NNM","2011649","2031573","1544699","1.30",,
"2022-03-31","GS","Goldman Sachs Group Inc.","NYSE","5402140","4902484","2795106","1.93",,
"2022-03-31","GWW","W.W. Grainger, Inc.","NYSE","930342","930886","274095","3.39",,
"2022-03-31","HCA","HCA Healthcare, Inc.","NYSE","3153751","3123848","1620810","1.95",,
"2022-03-31","HD","Home Depot, Inc.","NYSE","8012381","7522997","5695512","1.41",,
"2022-03-31","HLT","Hilton Worldwide Holdings Inc.","NYSE","6957703","6603288","1990266","3.50",,
"2022-03-31","HON","Honeywell International Inc. C","NNM","5873607","5321500","3384883","1.74",,
"2022-03-31","HOOD","Robinhood Markets, Inc. Class","NNM","62252287","59273788","29041956","2.14",,
"2022-03-31","HPE","Hewlett Packard Enterprise Com","NYSE","33911417","36808970","10657626","3.18",,
"2022-03-31","HWM","Howmet Aerospace Inc.","NYSE","4238715","6012198","2751461","1.54",,
"2022-03-31","IBKR","Interactive Brokers Group, Inc","NNM","2318327","1999762","983905","2.36",,
"2022-03-31","IBM","International Business Machine","NYSE","21675416","23115012","3842031","5.64",,
"2022-03-31","ICE","Intercontinental Exchange  Inc","NYSE","3539532","3523811","2315606","1.53",,
"2022-03-31","INTC","Intel Corporation Common Stock","NNM","54657529","55882630","34493584","1.58",,
"2022-03-31","INTU","Intuit Inc. Common Stock","NNM","2630289","2055189","2090069","1.26",,
"2022-03-31","ISRG","Intuitive Surgical, Inc. Commo","NNM","3067720","3418795","1932021","1.59",,
"2022-03-31","ITW","Illinois Tool Works Inc.","NYSE","5645616","5327940","987677","5.72",,
"2022-03-31","JNJ","Johnson & Johnson","NYSE","14354524","15556351","7607019","1.89",,
"2022-03-31","JPM","JPMorgan Chase & Co.","NYSE","15828071","14975156","13836943","1.14",,
"2022-03-31","KKR","KKR & Co. Inc.","NYSE","6990082","6045067","3265918","2.14",,
"2022-03-31","KLAC","KLA Corporation Common Stock","NNM","1714771","1481003","1281566","1.34",,
"2022-03-31","KMI","Kinder Morgan, Inc.","NYSE","28508680","32531871","19124401","1.49",,
"2022-03-31","KO","Coca-Cola Company","NYSE","23880536","25129766","16311831","1.46",,
"2022-03-31","LIN","Linde plc Ordinary Share","NYSE","2336553","2512051","2181696","1.07",,
"2022-03-31","LLY","Eli Lilly & Co.","NYSE","5785388","6593440","3055576","1.89",,
"2022-03-31","LMT","Lockheed Martin Corp.","NYSE","3653029","5146453","2631878","1.39",,
"2022-03-31","LOW","Lowe's Companies Inc.","NYSE","8448564","8669161","5292663","1.60",,
"2022-03-31","LRCX","Lam Research Corporation Commo","NNM","1395208","1771386","1236053","1.13",,
"2022-03-31","MA","Mastercard Incorporated","NYSE","5519839","5310807","3970205","1.39",,
"2022-03-31","MAR","Marriott International Class A","NNM","5994025","6104974","2089520","2.87",,
"2022-03-31","MCD","McDonald's Corporation","NYSE","5370888","6025551","3109016","1.73",,
"2022-03-31","MCK","McKesson Corporation","NYSE","4765211","5568804","1522947","3.13",,
"2022-03-31","MCO","Moody's Corporation","NYSE","3180426","3166944","869600","3.66",,
"2022-03-31","MDLZ","Mondelez International, Inc. C","NNM","10706798","14228149","8788440","1.22",,
"2022-03-31","MDT","Medtronic plc","NYSE","10500368","7383753","7121920","1.47",,
"2022-03-31","MMM","3M Company","NYSE","9678460","10528819","3427506","2.82",,
"2022-03-31","MNST","Monster Beverage Corporation","NNM","3710903","3611854","2612149","1.42",,
"2022-03-31","MO","Altria Group, Inc.","NYSE","13211119","18788004","10197830","1.30",,
"2022-03-31","MPC","MARATHON PETROLEUM CORPORATION","NYSE","14530309","17320639","6544188","2.22",,
"2022-03-31","MPWR","Monolithic Power Systems, Inc.","NNM","1090436","889602","504370","2.16",,
"2022-03-31","MRK","Merck & Co., Inc.","NYSE","16857742","16588178","10187393","1.65",,
"2022-03-31","MRVL","Marvell Technology, Inc. Commo","NNM","16716913","16232141","8931343","1.87",,
"2022-03-31","MS","Morgan Stanley","NYSE","16677376","15394875","9802069","1.70",,
"2022-03-31","MSFT","Microsoft Corporation Common S","NNM","36814442","36442967","30294942","1.22",,
"2022-03-31","MSI","Motorola Solutions, Inc. New","NYSE","1582026","2052824","936263","1.69",,
"2022-03-31","MU","Micron Technology, Inc. Common","NNM","24713967","23069786","31619334","1.00",,
"2022-03-31","NEE","Nextra Energy, Inc.","NYSE","16627759","19357027","7743581","2.15",,
"2022-03-31","NEM","Newmont Corporation","NYSE","8307029","13100425","8227276","1.01",,
"2022-03-31","NET","Cloudflare, Inc. Class A commo","NYSE","12544529","13008469","6142828","2.04",,
"2022-03-31","NFLX","Netflix, Inc. Common Stock","NNM","7635256","9674544","4946026","1.54",,
"2022-03-31","NKE","Nike, Inc.","NYSE","13094800","12728671","9038249","1.45",,
"2022-03-31","NOC","Northrop Grumman Corp.","NYSE","1217550","1390582","939786","1.30",,
"2022-03-31","NOW","SERVICENOW, INC.","NYSE","3255756","3656503","1485004","2.19",,
"2022-03-31","NSC","Norfolk Southern Corp.","NYSE","3428011","3997310","1231297","2.78",,
"2022-03-31","NVDA","NVIDIA Corporation Common Stoc","NNM","26945545","24493956","57192296","1.00",,
"2022-03-31","O","Realty Income Corporation","NYSE","11866329","10748831","3875329","3.06",,
"2022-03-31","ORCL","Oracle Corp","NYSE","12989946","23659288","9470896","1.37",,
"2022-03-31","ORLY","O'Reilly Automotive, Inc. Comm","NNM","775324","871892","584176","1.33",,
"2022-03-31","PANW","Palo Alto Networks, Inc. Commo","NNM","7569290","8166712","1895080","3.99",,
"2022-03-31","PCAR","PACCAR Inc. Common Stock","NNM","4291420","3623542","1604991","2.67",,
"2022-03-31","PEP","PepsiCo, Inc. Common Stock","NNM","10426989","9324788","5276143","1.98",,
"2022-03-31","PFE","Pfizer Inc.","NYSE","61562260","61175144","30536360","2.02",,
"2022-03-31","PG","Procter & Gamble Company","NYSE","12629764","13800215","6724256","1.88",,
"2022-03-31","PGR","Progressive Corporation","NYSE","6070148","5787778","2314462","2.62",,
"2022-03-31","PH","Parker-Hannifin Corporation","NYSE","1300221","1424525","606597","2.14",,
"2022-03-31","PLD","PROLOGIS, INC.","NYSE","9643571","8971536","3151700","3.06",,
"2022-03-31","PLTR","Palantir Technologies Inc. Cla","NYSE","104727867","118858518","39005304","2.68",,
"2022-03-31","PM","Philip Morris International In","NYSE","10591317","8962986","5627897","1.88",,
"2022-03-31","PNC","PNC Financial Services Group","NYSE","3703342","4498229","2224918","1.66",,
"2022-03-31","PSX","PHILLIPS 66","NYSE","9754266","8723162","4479428","2.18",,
"2022-03-31","PWR","Quanta Services, Inc.","NYSE","4078583","3716713","1221238","3.34",,
"2022-03-31","QCOM","QUALCOMM Incorporated Common S","NNM","18648616","17244249","10514393","1.77",,
"2022-03-31","RCL","Royal Caribbean Group","NYSE","12142906","12110141","3410729","3.56",,
"2022-03-31","REGN","Regeneron Pharmaceuticals, Inc","NNM","2197544","2394165","721115","3.05",,
"2022-03-31","ROST","Ross Stores, Inc. Common Stock","NNM","5689382","5093589","2514968","2.26",,
"2022-03-31","RSG","Republic Services Inc.","NYSE","1728559","2320374","914654","1.89",,
"2022-03-31","RTX","Raytheon Technologies Corporat","NYSE","11109637","11604779","5846997","1.90",,
"2022-03-31","SBUX","Starbucks Corporation Common S","NNM","12122535","10356546","10738842","1.13",,
"2022-03-31","SCCO","Southern Copper Corporation","NYSE","3402548","4038803","992303","3.43",,
"2022-03-31","SCHW","The Charles Schwab Corporation","NYSE","14026664","12574360","7835624","1.79",,
"2022-03-31","SHW","The Sherwin-Williams Company","NYSE","2254227","2548317","1467885","1.54",,
"2022-03-31","SNOW","Snowflake Inc.","NYSE","7411679","7183903","6843700","1.08",,
"2022-03-31","SNPS","Synopsys, Inc. Common Stock","NNM","1462349","1582951","1059952","1.38",,
"2022-03-31","SO","The Southern Company","NYSE","14519525","16598251","4879516","2.98",,
"2022-03-31","SPCX","The SPAC and New Issue ETF","NNM","165601","169191","11696","14.16",,
"2022-03-31","SPG","Simon Property Group, Inc.","NYSE","8541335","9635709","2205471","3.87",,
"2022-03-31","SPGI","S&P Global Inc.","NYSE","15070065","17955143","2225139","6.77",,
"2022-03-31","SYK","Stryker Corporation","NYSE","4712480","4846199","1338409","3.52",,
"2022-03-31","T","AT&T Inc.","NYSE","78750089","73266608","37479049","2.10",,
"2022-03-31","TDG","TransDigm Group Incorporated","NYSE","1339404","1068700","323930","4.13",,
"2022-03-31","TFC","Truist Financial Corporation","NYSE","13724932","12011305","7737174","1.77",,
"2022-03-31","TGT","Target Corporation","NYSE","11848007","14264878","3231864","3.67",,
"2022-03-31","TJX","TJX Companies, Inc. (The)","NYSE","9659475","8500440","9524620","1.01",,
"2022-03-31","TMO","Thermo Fisher Scientific, Inc.","NYSE","2812806","2692759","1385154","2.03",,
"2022-03-31","TMUS","T-Mobile US, Inc. Common Stock","NNM","17756129","14878180","5470984","3.25",,
"2022-03-31","TRV","The Travelers Companies, Inc.","NYSE","3376514","3892833","1431580","2.36",,
"2022-03-31","TSLA","Tesla, Inc. Common Stock","NNM","25345219","25148408","27007120","1.00",,
"2022-03-31","TXN","Texas Instruments Incorporated","NNM","15272470","14409582","5081051","3.01",,
"2022-03-31","UBER","Uber Technologies, Inc.","NYSE","73734964","68259558","29795429","2.47",,
"2022-03-31","UNH","UNITEDHEALTH GROUP INCORPORATE","NYSE","5187254","6618453","3127199","1.66",,
"2022-03-31","UNP","Union Pacific Corp.","NYSE","8182341","9882979","3657500","2.24",,
"2022-03-31","UPS","United Parcel Service, Inc. Cl","NYSE","7977368","8224226","2772643","2.88",,
"2022-03-31","URI","United Rentals, Inc.","NYSE","2057143","1999066","669345","3.07",,
"2022-03-31","USB","U.S. Bancorp","NYSE","11540993","8630446","7932614","1.45",,
"2022-03-31","V","VISA Inc.","NYSE","26503385","27484541","7468610","3.55",,
"2022-03-31","VLO","Valero Energy Corporation","NYSE","10131349","11965879","4121243","2.46",,
"2022-03-31","VRT","Vertiv Holdings Co Class A Com","NYSE","9635129","7958454","5370424","1.79",,
"2022-03-31","VRTX","Vertex Pharmaceuticals Incorpo","NNM","4007243","3359467","1484844","2.70",,
"2022-03-31","VZ","Verizon Communications","NYSE","39562906","45658138","30080936","1.32",,
"2022-03-31","WDC","Western Digital Corporation Co","NNM","6679811","6830545","2626332","2.54",,
"2022-03-31","WELL","Welltower Inc.","NYSE","9796655","12992801","2182349","4.49",,
"2022-03-31","WFC","Wells Fargo & Co.","NYSE","30366164","38740509","29299206","1.04",,
"2022-03-31","WM","Waste Management, Inc.","NYSE","4570120","4584357","1524847","3.00",,
"2022-03-31","WMB","Williams Companies Inc.","NYSE","17311763","19249538","8323245","2.08",,
"2022-03-31","WMT","Walmart Inc.","NYSE","10632640","10948400","7105788","1.50",,
"2022-03-31","XOM","Exxon Mobil Corporation","NYSE","32414468","39894813","28171867","1.15",,
"2025-09-30","AAPL","Apple Inc. Common Stock","NNM","110777598","118199377","63489777","1.74",,
"2025-09-30","ABBV","ABBVIE INC.","NYSE","16289679","16559691","6278492","2.59",,
"2025-09-30","ABNB","Airbnb, Inc. Class A Common St","NNM","21167430","21689966","4741028","4.46",,
"2025-09-30","ABT","Abbott Laboratories","NYSE","18168908","18072584","5717866","3.18",,
"2025-09-30","ADBE","Adobe Inc. Common Stock","NNM","11240999","9607458","5047428","2.23",,
"2025-09-30","ADI","Analog Devices, Inc. Common St","NNM","8728777","8350588","2842004","3.07",,
"2025-09-30","ADP","Automatic Data Processing, Inc","NNM","8630985","7128044","2488448","3.47",,
"2025-09-30","AEP","American Electric Power Compan","NNM","22135488","23628018","3326816","6.65",,
"2025-09-30","AFL","Aflac Inc.","NYSE","7519197","7691915","2844231","2.64",,
"2025-09-30","AJG","Arthur J. Gallagher & Co.","NYSE","4194958","3454456","1443655","2.91",,
"2025-09-30","ALL","The Allstate Corporation","NYSE","3448096","3757378","1601799","2.15",,
"2025-09-30","AMAT","Applied Materials, Inc. Common","NNM","19677583","19925504","10768048","1.83",,
"2025-09-30","AMD","Advanced Micro Devices, Inc. C","NNM","37942273","41767201","42532125","1.00",,
"2025-09-30","AMGN","Amgen Inc. Common Stock","NNM","12909801","13202457","3021350","4.27",,
"2025-09-30","AMT","American Tower Corporation","NYSE","4610775","5577255","3234233","1.43",,
"2025-09-30","AMZN","Amazon.com, Inc. Common Stock","NNM","76984980","69908794","51449484","1.50",,
"2025-09-30","ANET","Arista Networks","NYSE","11630525","12519594","8141778","1.43",,
"2025-09-30","AON","Aon plc Class A","NYSE","2078416","2136376","1465158","1.42",,
"2025-09-30","APD","Air Products & Chemicals, Inc.","NYSE","6214185","5347995","1317680","4.72",,
"2025-09-30","APH","Amphenol Corporation","NYSE","9406039","19190934","10086806","1.00",,
"2025-09-30","APO","Apollo Global Management, Inc.","NYSE","30422467","30196051","3593073","8.47",,
"2025-09-30","APP","Applovin Corporation Class A C","NNM","21858209","14856820","13936665","1.57",,
"2025-09-30","AVGO","Broadcom Inc. Common Stock","NNM","54295565","49717172","25368882","2.14",,
"2025-09-30","AXP","American Express Company","NYSE","9854885","9642094","3150308","3.13",,
"2025-09-30","BA","Boeing Company","NYSE","14933213","16579168","9215651","1.62",,
"2025-09-30","BAC","Bank of America Corporation","NYSE","113280828","104086178","34869640","3.25",,
"2025-09-30","BKNG","Booking Holdings Inc. Common S","NNM","698634","593179","219365","3.18",,
"2025-09-30","BLK","Blackrock, Inc.","NYSE","1519109","2130051","599892","2.53",,
"2025-09-30","BMY","Bristol-Myers Squibb Co.","NYSE","26343569","29470983","19180880","1.37",,
"2025-09-30","BNY","BlackRock New York Municipal I","NYSE","49010","49139","44427","1.10",,
"2025-09-30","BRKA","Berkshire Hathaway Inc.","NYSE","217","268","346","1.00",,
"2025-09-30","BRKB","BERKSHIRE HATHAWAY Class B","NYSE","12532579","12464485","4333874","2.89",,
"2025-09-30","BSX","Boston Scientific Corp.","NYSE","19401596","19015043","13301110","1.46",,
"2025-09-30","BX","Blackstone Inc.","NYSE","11833140","12462912","3875083","3.05",,
"2025-09-30","C","Citigroup Inc.","NYSE","30477845","36260537","13973413","2.18",,
"2025-09-30","CAT","Caterpillar Inc.","NYSE","7315366","6941303","3328114","2.20",,
"2025-09-30","CDNS","Cadence Design Systems, Inc. C","NNM","3796744","3826608","1829428","2.08",,
"2025-09-30","CEG","Constellation Energy Corporati","NNM","6813484","7155135","2255010","3.02",,
"2025-09-30","CI","The Cigna Group","NYSE","3562269","3261016","1523481","2.34",,
"2025-09-30","CL","Colgate-Palmolive Company","NYSE","13896652","12609331","6209732","2.24",,
"2025-09-30","CMCSA","Comcast Corporation Class A Co","NNM","56197276","55434200","28051328","2.00",,
"2025-09-30","CME","CME Group Inc. Class A Common","NNM","4126036","4629679","1842257","2.24",,
"2025-09-30","CMI","Cummins Inc.","NYSE","1651431","1639150","975084","1.69",,
"2025-09-30","COF","Capital One Financial","NYSE","7154784","8963826","3628875","1.97",,
"2025-09-30","COP","ConocoPhillips","NYSE","13354172","14362910","7956300","1.68",,
"2025-09-30","COST","Costco Wholesale Corporation C","NNM","6685683","6542302","3008068","2.22",,
"2025-09-30","CRM","Salesforce, Inc.","NYSE","17850737","13050735","8387044","2.13",,
"2025-09-30","CRWD","CrowdStrike Holdings, Inc. Cla","NNM","6623545","6421574","3826219","1.73",,
"2025-09-30","CSCO","Cisco Systems, Inc. Common Sto","NNM","40923882","44834130","21256766","1.93",,
"2025-09-30","CSX","CSX Corporation Common Stock","NNM","28569432","34208922","19204723","1.49",,
"2025-09-30","CTAS","Cintas Corporation Common Stoc","NNM","6736628","7968605","2407245","2.80",,
"2025-09-30","CVNA","Carvana Co.","NYSE","11904824","13124908","2965951","4.01",,
"2025-09-30","CVS","CVS HEALTH CORPORATION","NYSE","18936807","23623517","6851615","2.76",,
"2025-09-30","CVX","Chevron Corporation","NYSE","16108313","19596345","7712151","2.09",,
"2025-09-30","D","Dominion Energy, Inc Common St","NYSE","38630675","37529374","4581301","8.43",,
"2025-09-30","DASH","DoorDash, Inc. Class A Common","NNM","11801348","11768411","3464759","3.41",,
"2025-09-30","DDOG","Datadog, Inc. Class A Common S","NNM","13239993","13493449","4199316","3.15",,
"2025-09-30","DE","Deere & Company","NYSE","4290459","4308605","1530504","2.80",,
"2025-09-30","DELL","Dell Technologies Inc.","NYSE","11766069","11811846","6234092","1.89",,
"2025-09-30","DHR","Danaher Corporation","NYSE","8598826","9526418","4863907","1.77",,
"2025-09-30","DIS","The Walt Disney Company","NYSE","19442855","19795012","10503348","1.85",,
"2025-09-30","DLR","Digital Realty Trust, Inc.","NYSE","7803069","7984215","1499789","5.20",,
"2025-09-30","DUK","Duke Energy Corporation","NYSE","14722710","14451416","3018081","4.88",,
"2025-09-30","ECL","Ecolab, Inc.","NYSE","2535068","2098626","1695470","1.50",,
"2025-09-30","ELV","Elevance Health, Inc.","NYSE","3202284","3677507","1920532","1.67",,
"2025-09-30","EMR","Emerson Electric Co.","NYSE","15897184","15967460","3900909","4.08",,
"2025-09-30","EOG","EOG Resources, Inc.","NYSE","14981804","14613517","4228295","3.54",,
"2025-09-30","EPD","Enterprise Products Partners L","NYSE","30917315","32835652","4187460","7.38",,
"2025-09-30","EQIX","Equinix, Inc. Common Stock REI","NNM","1884950","2309033","556487","3.39",,
"2025-09-30","FCX","Freeport-McMoran Inc.","NYSE","16719879","21394508","34398467","1.00",,
"2025-09-30","FDX","FedEx Corporation","NYSE","4937713","4375871","3177529","1.55",,
"2025-09-30","FTNT","Fortinet, Inc. Common Stock","NNM","20862566","19429476","6614547","3.15",,
"2025-09-30","GD","General Dynamics Corporation","NYSE","2689182","1971584","1443464","1.86",,
"2025-09-30","GE","GE Aerospace","NYSE","12894240","14247171","4826379","2.67",,
"2025-09-30","GEV","GE Vernova Inc.","NYSE","7060940","7368173","2471001","2.86",,
"2025-09-30","GILD","Gilead Sciences, Inc. Common S","NNM","18035549","18249455","7429719","2.43",,
"2025-09-30","GLW","Corning Incorporated","NYSE","13865265","17484284","8799069","1.58",,
"2025-09-30","GM","General Motors Company","NYSE","20941259","18928768","8140581","2.57",,
"2025-09-30","GOOG","Alphabet Inc. Class C Capital","NNM","35349968","39567333","21895036","1.61",,
"2025-09-30","GOOGL","Alphabet Inc. Class A Common S","NNM","59536136","67329048","32338433","1.84",,
"2025-09-30","GS","Goldman Sachs Group Inc.","NYSE","5941212","6035304","1762880","3.37",,
"2025-09-30","GWW","W.W. Grainger, Inc.","NYSE","1076113","1040529","305157","3.53",,
"2025-09-30","HCA","HCA Healthcare, Inc.","NYSE","3561967","4228281","1395085","2.55",,
"2025-09-30","HD","Home Depot, Inc.","NYSE","11690090","13290337","3496325","3.34",,
"2025-09-30","HLT","Hilton Worldwide Holdings Inc.","NYSE","7524311","8091730","2067882","3.64",,
"2025-09-30","HON","Honeywell International Inc. C","NNM","8987077","9088588","5288207","1.70",,
"2025-09-30","HOOD","Robinhood Markets, Inc. Class","NNM","52808830","37475808","51553009","1.02",,
"2025-09-30","HPE","Hewlett Packard Enterprise Com","NYSE","47846926","46587551","25095231","1.91",,
"2025-09-30","HWM","Howmet Aerospace Inc.","NYSE","11019879","11083223","2455046","4.49",,
"2025-09-30","IBKR","Interactive Brokers Group, Inc","NNM","11808810","11742089","4995139","2.36",,
"2025-09-30","IBM","International Business Machine","NYSE","16197030","14626762","6149545","2.63",,
"2025-09-30","ICE","Intercontinental Exchange  Inc","NYSE","7188466","6695143","3458162","2.08",,
"2025-09-30","INTC","Intel Corporation Common Stock","NNM","121832917","101515016","192475213","1.00",,
"2025-09-30","INTU","Intuit Inc. Common Stock","NNM","4536322","4657282","2205069","2.06",,
"2025-09-30","ISRG","Intuitive Surgical, Inc. Commo","NNM","8224603","5715392","2513600","3.27",,
"2025-09-30","ITW","Illinois Tool Works Inc.","NYSE","6551017","6420519","888435","7.37",,
"2025-09-30","JNJ","Johnson & Johnson","NYSE","18178743","22053691","9817592","1.85",,
"2025-09-30","JPM","JPMorgan Chase & Co.","NYSE","27060820","26956512","9713163","2.79",,
"2025-09-30","KKR","KKR & Co. Inc.","NYSE","8715262","9027168","4741873","1.84",,
"2025-09-30","KLAC","KLA Corporation Common Stock","NNM","3387793","3727843","944149","3.59",,
"2025-09-30","KMI","Kinder Morgan, Inc.","NYSE","36429995","36981496","13227013","2.75",,
"2025-09-30","KO","Coca-Cola Company","NYSE","35006706","39226752","17165904","2.04",,
"2025-09-30","LIN","Linde plc Ordinary Shares","NNM","5568396","5505092","1823284","3.05",,
"2025-09-30","LLY","Eli Lilly & Co.","NYSE","7686850","7323001","4007818","1.92",,
"2025-09-30","LMT","Lockheed Martin Corp.","NYSE","2119900","2459639","1355864","1.56",,
"2025-09-30","LOW","Lowe's Companies Inc.","NYSE","7887237","9475136","2903516","2.72",,
"2025-09-30","LRCX","Lam Research Corporation Commo","NNM","29737626","31121222","12315288","2.41",,
"2025-09-30","MA","Mastercard Incorporated","NYSE","5562433","5883618","3149385","1.77",,
"2025-09-30","MAR","Marriott International Class A","NNM","8074364","7230671","1507183","5.36",,
"2025-09-30","MCD","McDonald's Corporation","NYSE","7275707","8234303","3293714","2.21",,
"2025-09-30","MCK","McKesson Corporation","NYSE","2448361","1845330","880597","2.78",,
"2025-09-30","MCO","Moody's Corporation","NYSE","1810573","2304042","925649","1.96",,
"2025-09-30","MDLZ","Mondelez International, Inc. C","NNM","32844111","22220360","8179968","4.02",,
"2025-09-30","MDT","Medtronic plc","NYSE","10664283","12788226","8366601","1.27",,
"2025-09-30","META","Meta Platforms, Inc. Class A C","NNM","23801739","26292755","11999813","1.98",,
"2025-09-30","MMM","3M Company","NYSE","6619440","7945844","2638247","2.51",,
"2025-09-30","MNST","Monster Beverage Corporation","NNM","21078899","19333694","5890229","3.58",,
"2025-09-30","MO","Altria Group, Inc.","NYSE","35221064","33727999","8876589","3.97",,
"2025-09-30","MPC","MARATHON PETROLEUM CORPORATION","NYSE","7470350","7861133","2167238","3.45",,
"2025-09-30","MPWR","Monolithic Power Systems, Inc.","NNM","2051204","1619039","502060","4.09",,
"2025-09-30","MRK","Merck & Co., Inc.","NYSE","25174694","27709865","14294134","1.76",,
"2025-09-30","MRVL","Marvell Technology, Inc. Commo","NNM","41324835","30947350","27669985","1.49",,
"2025-09-30","MS","Morgan Stanley","NYSE","14573942","16224917","6066681","2.40",,
"2025-09-30","MSFT","Microsoft Corporation Common S","NNM","54926474","65238937","20756767","2.65",,
"2025-09-30","MSI","Motorola Solutions, Inc. New","NYSE","2316655","2591139","892941","2.59",,
"2025-09-30","MU","Micron Technology, Inc. Common","NNM","22170120","25357200","29772683","1.00",,
"2025-09-30","NEE","Nextra Energy, Inc.","NYSE","32506275","31751525","10174416","3.19",,
"2025-09-30","NEM","Newmont Corporation","NYSE","23511378","23053364","14570109","1.61",,
"2025-09-30","NET","Cloudflare, Inc. Class A commo","NYSE","9518242","10299645","2581940","3.69",,
"2025-09-30","NFLX","Netflix, Inc. Common Stock","NNM","6428320","6955599","2939607","2.19",,
"2025-09-30","NKE","Nike, Inc.","NYSE","32100882","35698407","17163561","1.87",,
"2025-09-30","NOC","Northrop Grumman Corp.","NYSE","1468968","1568971","849524","1.73",,
"2025-09-30","NOW","SERVICENOW, INC.","NYSE","2877539","3002406","1458187","1.97",,
"2025-09-30","NSC","Norfolk Southern Corp.","NYSE","5449571","3703963","1921587","2.84",,
"2025-09-30","NVDA","NVIDIA Corporation Common Stoc","NNM","226771413","217485473","194676865","1.16",,
"2025-09-30","O","Realty Income Corporation","NYSE","38425929","38783894","6347859","6.05",,
"2025-09-30","ORCL","Oracle Corp","NYSE","18589003","23583435","33953496","1.00",,
"2025-09-30","ORLY","O'Reilly Automotive, Inc. Comm","NNM","12400068","13129812","5496628","2.26",,
"2025-09-30","PANW","Palo Alto Networks, Inc. Commo","NNM","48578462","49937430","5837930","8.32",,
"2025-09-30","PCAR","PACCAR Inc. Common Stock","NNM","11162744","12228024","3556607","3.14",,
"2025-09-30","PEP","PepsiCo, Inc. Common Stock","NNM","18371072","20097613","7652101","2.40",,
"2025-09-30","PFE","Pfizer Inc.","NYSE","113954344","112932270","60455578","1.88",,
"2025-09-30","PG","Procter & Gamble Company","NYSE","16952900","17497188","8307678","2.04",,
"2025-09-30","PGR","Progressive Corporation","NYSE","6206552","6822668","3135760","1.98",,
"2025-09-30","PH","Parker-Hannifin Corporation","NYSE","1466640","1552607","567033","2.59",,
"2025-09-30","PLD","PROLOGIS, INC.","NYSE","9276966","11720242","3503865","2.65",,
"2025-09-30","PLTR","Palantir Technologies Inc. Cla","NNM","53884782","54581338","57615142","1.00",,
"2025-09-30","PM","Philip Morris International In","NYSE","12096218","12083276","6093384","1.99",,
"2025-09-30","PNC","PNC Financial Services Group","NYSE","7039582","7738411","1474137","4.78",,
"2025-09-30","PSX","PHILLIPS 66","NYSE","7621016","8559102","3705410","2.06",,
"2025-09-30","PWR","Quanta Services, Inc.","NYSE","5256690","4693482","1031065","5.10",,
"2025-09-30","QCOM","QUALCOMM Incorporated Common S","NNM","23832501","21286327","8188649","2.91",,
"2025-09-30","RCL","Royal Caribbean Group","NYSE","10930574","11843280","1984957","5.51",,
"2025-09-30","REGN","Regeneron Pharmaceuticals, Inc","NNM","2760203","2985318","1168677","2.36",,
"2025-09-30","ROST","Ross Stores, Inc. Common Stock","NNM","7223030","5687225","2780738","2.60",,
"2025-09-30","RSG","Republic Services Inc.","NYSE","3117706","3219465","1328284","2.35",,
"2025-09-30","RTX","RTX Corporation","NYSE","13571073","14883335","4649799","2.92",,
"2025-09-30","SBUX","Starbucks Corporation Common S","NNM","44046184","44788978","9017258","4.88",,
"2025-09-30","SCCO","Southern Copper Corporation","NYSE","9156870","8475691","2188015","4.19",,
"2025-09-30","SCHW","The Charles Schwab Corporation","NYSE","21587246","20843310","10318078","2.09",,
"2025-09-30","SHW","The Sherwin-Williams Company","NYSE","3964535","4312867","1627169","2.44",,
"2025-09-30","SNDK","Sandisk Corporation Common Sto","NNM","7159804","6213553","8786180","1.00",,
"2025-09-30","SNOW","Snowflake Inc.","NYSE","10748397","11408077","4399261","2.44",,
"2025-09-30","SNPS","Synopsys, Inc. Common Stock","NNM","4849184","4546141","4002522","1.21",,
"2025-09-30","SO","The Southern Company","NYSE","38006947","32942556","6328410","6.01",,
"2025-09-30","SPCX","The SPAC and New Issue ETF","NNM","6547","6404","1981","3.30",,
"2025-09-30","SPG","Simon Property Group, Inc.","NYSE","5363302","6049790","2011168","2.67",,
"2025-09-30","SPGI","S&P Global Inc.","NYSE","3085150","3337788","2109480","1.46",,
"2025-09-30","SYK","Stryker Corporation","NYSE","4880838","4608346","1554371","3.14",,
"2025-09-30","T","AT&T Inc.","NYSE","83628511","90962568","31253314","2.68",,
"2025-09-30","TDG","TransDigm Group Incorporated","NYSE","1128485","1051706","278927","4.05",,
"2025-09-30","TFC","Truist Financial Corporation","NYSE","30005656","31977521","8074274","3.72",,
"2025-09-30","TGT","Target Corporation","NYSE","20530466","16777297","10038652","2.05",,
"2025-09-30","TJX","TJX Companies, Inc. (The)","NYSE","14482314","15684755","4705715","3.08",,
"2025-09-30","TMO","Thermo Fisher Scientific, Inc.","NYSE","4268524","3829062","2733911","1.56",,
"2025-09-30","TMUS","T-Mobile US, Inc. Common Stock","NNM","13289035","12525411","4131692","3.22",,
"2025-09-30","TRV","The Travelers Companies, Inc.","NYSE","3932154","4017134","1143560","3.44",,
"2025-09-30","TSLA","Tesla, Inc. Common Stock","NNM","76816175","86213226","92359224","1.00",,
"2025-09-30","TXN","Texas Instruments Incorporated","NNM","18457520","15405670","6969667","2.65",,
"2025-09-30","UBER","Uber Technologies, Inc.","NYSE","52086395","52783148","21393906","2.43",,
"2025-09-30","UNH","UNITEDHEALTH GROUP INCORPORATE","NYSE","13181807","14238970","9608010","1.37",,
"2025-09-30","UNP","Union Pacific Corp.","NYSE","17205349","14491431","5574687","3.09",,
"2025-09-30","UPS","United Parcel Service, Inc. Cl","NYSE","21247444","21330481","9008849","2.36",,
"2025-09-30","URI","United Rentals, Inc.","NYSE","1658625","1894097","539501","3.07",,
"2025-09-30","USB","U.S. Bancorp","NYSE","15664353","22010375","10750911","1.46",,
"2025-09-30","V","VISA Inc.","NYSE","27885185","26737854","7624121","3.66",,
"2025-09-30","VLO","Valero Energy Corporation","NYSE","11120191","12587706","3518313","3.16",,
"2025-09-30","VRT","Vertiv Holdings Co Class A Com","NYSE","9342409","11346472","6936926","1.35",,
"2025-09-30","VRTX","Vertex Pharmaceuticals Incorpo","NNM","3557058","4053668","2027132","1.75",,
"2025-09-30","VZ","Verizon Communications","NYSE","87625884","92919127","18586144","4.71",,
"2025-09-30","WBD","Warner Bros. Discovery, Inc. S","NNM","100423182","92426748","61469040","1.63",,
"2025-09-30","WDC","Western Digital Corporation Co","NNM","36849266","39478138","9545267","3.86",,
"2025-09-30","WELL","Welltower Inc.","NYSE","11396513","12275382","4980891","2.29",,
"2025-09-30","WFC","Wells Fargo & Co.","NYSE","34569708","44007011","13825345","2.50",,
"2025-09-30","WM","Waste Management, Inc.","NYSE","4397582","3872931","1649878","2.67",,
"2025-09-30","WMB","Williams Companies Inc.","NYSE","15068946","13162231","7881832","1.91",,
"2025-09-30","WMT","Walmart Inc.","NYSE","34298383","40824255","16501258","2.08",,
"2025-09-30","XOM","Exxon Mobil Corporation","NYSE","38673511","44822159","19133537","2.02",,
"2022-05-31","AAPL","Apple Inc. Common Stock","NNM","113283277","108695931","104301959","1.09",,
"2022-05-31","ABBV","ABBVIE INC.","NYSE","12754153","14233892","6947813","1.84",,
"2022-05-31","ABNB","Airbnb, Inc. Class A Common St","NNM","13353519","10618779","7445143","1.79",,
"2022-05-31","ABT","Abbott Laboratories","NYSE","13667032","13573896","6036989","2.26",,
"2022-05-31","ADBE","Adobe Inc. Common Stock","NNM","5869875","6284096","3245606","1.81",,
"2022-05-31","ADI","Analog Devices, Inc. Common St","NNM","7512540","6648856","3850031","1.95",,
"2022-05-31","ADP","Automatic Data Processing, Inc","NNM","3607701","3643534","1821172","1.98",,
"2022-05-31","AEP","American Electric Power Compan","NNM","7860177","6815980","2718125","2.89",,
"2022-05-31","AFL","Aflac Inc.","NYSE","10851025","9816940","3401126","3.19",,
"2022-05-31","AJG","Arthur J. Gallagher & Co.","NYSE","1637698","1755657","874006","1.87",,
"2022-05-31","ALL","The Allstate Corporation","NYSE","3954211","3418166","2046583","1.93",,
"2022-05-31","AMAT","Applied Materials, Inc. Common","NNM","11954111","12677308","8890134","1.34",,
"2022-05-31","AMD","Advanced Micro Devices, Inc. C","NNM","40384382","33469783","133206282","1.00",,
"2022-05-31","AMGN","Amgen Inc. Common Stock","NNM","20295060","18854769","3118325","6.51",,
"2022-05-31","AMT","American Tower Corporation","NYSE","4405771","3368111","1963928","2.24",,
"2022-05-31","AMZN","Amazon.com, Inc. Common Stock","NNM","4966064","4723931","4899285","1.01",,
"2022-05-31","ANET","Arista Networks","NYSE","3569552","3191342","2125828","1.68",,
"2022-05-31","AON","Aon plc Class A","NYSE","2406871","2641024","1188949","2.02",,
"2022-05-31","APD","Air Products & Chemicals, Inc.","NYSE","2109266","2349021","909000","2.32",,
"2022-05-31","APH","Amphenol Corporation","NYSE","5544976","5436787","2471125","2.24",,
"2022-05-31","APO","Apollo Global Management, Inc.","NYSE","22192679","21722254","3382237","6.56",,
"2022-05-31","APP","Applovin Corporation Class A C","NNM","10453637","10021315","3985017","2.62",,
"2022-05-31","AVGO","Broadcom Inc. Common Stock","NNM","5063027","4606782","3220705","1.57",,
"2022-05-31","AXP","American Express Company","NYSE","9768316","8791038","2987169","3.27",,
"2022-05-31","BA","Boeing Company","NYSE","10721784","11337694","9903842","1.08",,
"2022-05-31","BAC","Bank of America Corporation","NYSE","66899497","77540752","52569655","1.27",,
"2022-05-31","BKNG","Booking Holdings Inc. Common S","NNM","791883","723590","359008","2.21",,
"2022-05-31","BLK","Blackrock, Inc.","NYSE","2229108","2048398","1407627","1.58",,
"2022-05-31","BMY","Bristol-Myers Squibb Co.","NYSE","33041615","32183421","15583413","2.12",,
"2022-05-31","BNY","BlackRock New York Municipal I","NYSE","23598","40305","62275","1.00",,
"2022-05-31","BRKA","Berkshire Hathaway Inc.","NYSE","249","271","2247","1.00",,
"2022-05-31","BRKB","BERKSHIRE HATHAWAY Class B","NYSE","9282930","8660927","4411743","2.10",,
"2022-05-31","BSX","Boston Scientific Corp.","NYSE","15183919","15002791","8063899","1.88",,
"2022-05-31","BX","Blackstone Inc.","NYSE","15718627","11921576","5098778","3.08",,
"2022-05-31","C","Citigroup Inc.","NYSE","45760251","42148521","27229436","1.68",,
"2022-05-31","CAT","Caterpillar Inc.","NYSE","5741531","4966762","3130644","1.83",,
"2022-05-31","CDNS","Cadence Design Systems, Inc. C","NNM","3345696","3882395","1687223","1.98",,
"2022-05-31","CEG","Constellation Energy Corporati","NNM","4950391","3111942","2855574","1.73",,
"2022-05-31","CI","CIGNA Corporation","NYSE","2544468","2996633","1705093","1.49",,
"2022-05-31","CL","Colgate-Palmolive Company","NYSE","14845185","14218070","4439032","3.34",,
"2022-05-31","CMCSA","Comcast Corporation Class A Co","NNM","76449975","69738543","20795862","3.68",,
"2022-05-31","CME","CME Group Inc. Class A Common","NNM","2901714","3237496","1730351","1.68",,
"2022-05-31","CMI","Cummins Inc.","NYSE","1852439","1968402","908673","2.04",,
"2022-05-31","COF","Capital One Financial","NYSE","6954719","6283571","2521974","2.76",,
"2022-05-31","COP","ConocoPhillips","NYSE","17176881","13641376","8133287","2.11",,
"2022-05-31","COST","Costco Wholesale Corporation C","NNM","4124857","3946625","4619713","1.00",,
"2022-05-31","CRM","Salesforce, Inc.","NYSE","13144617","13461210","8227163","1.60",,
"2022-05-31","CRWD","CrowdStrike Holdings, Inc. Cla","NNM","11870960","12287713","5161547","2.30",,
"2022-05-31","CSCO","Cisco Systems, Inc. Common Sto","NNM","42609606","33746382","38338260","1.11",,
"2022-05-31","CSX","CSX Corporation Common Stock","NNM","22876805","21785488","21886825","1.05",,
"2022-05-31","CTAS","Cintas Corporation Common Stoc","NNM","1094839","975114","555681","1.97",,
"2022-05-31","CVNA","Carvana Co.","NYSE","27922437","31479093","13190166","2.12",,
"2022-05-31","CVS","CVS HEALTH CORPORATION","NYSE","14641100","12968824","5465737","2.68",,
"2022-05-31","CVX","Chevron Corporation","NYSE","23393775","21078090","12022943","1.95",,
"2022-05-31","D","Dominion Energy, Inc Common St","NYSE","9884391","10178818","4136491","2.39",,
"2022-05-31","DASH","DoorDash, Inc.","NYSE","15493894","15253310","6092971","2.54",,
"2022-05-31","DDOG","Datadog, Inc. Class A Common S","NNM","11518384","11787594","6583156","1.75",,
"2022-05-31","DE","Deere & Company","NYSE","2467483","2428168","2722967","1.00",,
"2022-05-31","DELL","Dell Technologies Inc.","NYSE","8858246","8899262","8047693","1.10",,
"2022-05-31","DHR","Danaher Corporation","NYSE","4469437","4532400","2787974","1.60",,
"2022-05-31","DIS","The Walt Disney Company","NYSE","21626696","20221594","13383059","1.62",,
"2022-05-31","DLR","Digital Realty Trust, Inc.","NYSE","9191255","8495189","1389835","6.61",,
"2022-05-31","DUK","Duke Energy Corporation","NYSE","6614158","6299013","3299615","2.00",,
"2022-05-31","ECL","Ecolab, Inc.","NYSE","2102583","2483270","1122179","1.87",,
"2022-05-31","EMR","Emerson Electric Co.","NYSE","5242165","5050485","3189111","1.64",,
"2022-05-31","EOG","EOG Resources, Inc.","NYSE","7145963","7062357","3996982","1.79",,
"2022-05-31","EPD","Enterprise Products Partners L","NYSE","21503212","21320107","5940889","3.62",,
"2022-05-31","EQIX","Equinix, Inc. Common Stock REI","NNM","992618","958037","505311","1.96",,
"2022-05-31","FCX","Freeport-McMoran Inc.","NYSE","22446810","23259343","16921287","1.33",,
"2022-05-31","FDX","FedEx Corporation","NYSE","4142412","4211017","2327352","1.78",,
"2022-05-31","FTNT","Fortinet, Inc. Common Stock","NNM","2734409","2628119","1673515","1.63",,
"2022-05-31","GD","General Dynamics Corporation","NYSE","3747283","3166622","1605099","2.33",,
"2022-05-31","GE","General Electric Company","NYSE","14630926","13092190","5899331","2.48",,
"2022-05-31","GILD","Gilead Sciences, Inc. Common S","NNM","14682763","16853033","7749770","1.89",,
"2022-05-31","GLW","Corning Incorporated","NYSE","15399432","12021427","5721499","2.69",,
"2022-05-31","GM","General Motors Company","NYSE","31635559","32719762","17583949","1.80",,
"2022-05-31","GOOG","Alphabet Inc. Class C Capital","NNM","2150420","1698803","1719245","1.25",,
"2022-05-31","GOOGL","Alphabet Inc. Class A Common S","NNM","2824417","2444682","2020440","1.40",,
"2022-05-31","GS","Goldman Sachs Group Inc.","NYSE","4112654","4526456","2157420","1.91",,
"2022-05-31","GWW","W.W. Grainger, Inc.","NYSE","1009373","966473","267183","3.78",,
"2022-05-31","HCA","HCA Healthcare, Inc.","NYSE","5341980","4995566","1834649","2.91",,
"2022-05-31","HD","Home Depot, Inc.","NYSE","8543576","7818743","5683976","1.50",,
"2022-05-31","HLT","Hilton Worldwide Holdings Inc.","NYSE","5944057","5761907","2474574","2.40",,
"2022-05-31","HON","Honeywell International Inc. C","NNM","5668223","5919952","2944724","1.92",,
"2022-05-31","HOOD","Robinhood Markets, Inc. Class","NNM","54636073","63413742","16210671","3.37",,
"2022-05-31","HPE","Hewlett Packard Enterprise Com","NYSE","30965875","32529490","14096434","2.20",,
"2022-05-31","HWM","Howmet Aerospace Inc.","NYSE","7319123","7159572","2439998","3.00",,
"2022-05-31","IBKR","Interactive Brokers Group, Inc","NNM","2936171","2671446","884678","3.32",,
"2022-05-31","IBM","International Business Machine","NYSE","19584317","19094621","4996053","3.92",,
"2022-05-31","ICE","Intercontinental Exchange  Inc","NYSE","4791460","4622874","3284594","1.46",,
"2022-05-31","INTC","Intel Corporation Common Stock","NNM","67019185","61610015","31430296","2.13",,
"2022-05-31","INTU","Intuit Inc. Common Stock","NNM","3055796","2207180","2670323","1.14",,
"2022-05-31","ISRG","Intuitive Surgical, Inc. Commo","NNM","3231957","2993335","1775240","1.82",,
"2022-05-31","ITW","Illinois Tool Works Inc.","NYSE","6756918","6197707","1156263","5.84",,
"2022-05-31","JNJ","Johnson & Johnson","NYSE","17436781","15220916","7585065","2.30",,
"2022-05-31","JPM","JPMorgan Chase & Co.","NYSE","22302332","20420097","14606885","1.53",,
"2022-05-31","KKR","KKR & Co. Inc.","NYSE","9441474","12757248","3464252","2.73",,
"2022-05-31","KLAC","KLA Corporation Common Stock","NNM","1970016","1926513","1421427","1.39",,
"2022-05-31","KMI","Kinder Morgan, Inc.","NYSE","33622122","29176261","18460717","1.82",,
"2022-05-31","KO","Coca-Cola Company","NYSE","33750189","31273974","23139835","1.46",,
"2022-05-31","LIN","Linde plc Ordinary Share","NYSE","2283516","2416561","2004758","1.14",,
"2022-05-31","LLY","Eli Lilly & Co.","NYSE","5118737","5225969","3479193","1.47",,
"2022-05-31","LMT","Lockheed Martin Corp.","NYSE","2952034","3239083","1274106","2.32",,
"2022-05-31","LOW","Lowe's Companies Inc.","NYSE","11402966","11131319","4926248","2.31",,
"2022-05-31","LRCX","Lam Research Corporation Commo","NNM","1775468","1434126","1339265","1.33",,
"2022-05-31","MA","Mastercard Incorporated","NYSE","5207396","5257923","3232842","1.61",,
"2022-05-31","MAR","Marriott International Class A","NNM","6070338","6727362","2551631","2.38",,
"2022-05-31","MCD","McDonald's Corporation","NYSE","6417719","6124268","3176275","2.02",,
"2022-05-31","MCK","McKesson Corporation","NYSE","3191106","2570946","1115220","2.86",,
"2022-05-31","MCO","Moody's Corporation","NYSE","3276601","3426496","1110613","2.95",,
"2022-05-31","MDLZ","Mondelez International, Inc. C","NNM","16339788","13279800","9218658","1.77",,
"2022-05-31","MDT","Medtronic plc","NYSE","9329601","9402626","6544956","1.43",,
"2022-05-31","MMM","3M Company","NYSE","9903490","9660473","2738288","3.62",,
"2022-05-31","MNST","Monster Beverage Corporation","NNM","5095620","6460790","2781713","1.83",,
"2022-05-31","MO","Altria Group, Inc.","NYSE","20559425","17920898","10165332","2.02",,
"2022-05-31","MPC","MARATHON PETROLEUM CORPORATION","NYSE","16635943","14000581","6135744","2.71",,
"2022-05-31","MPWR","Monolithic Power Systems, Inc.","NNM","923106","902076","482005","1.92",,
"2022-05-31","MRK","Merck & Co., Inc.","NYSE","23346249","21568730","13305093","1.75",,
"2022-05-31","MRVL","Marvell Technology, Inc. Commo","NNM","16695137","13437157","12038710","1.39",,
"2022-05-31","MS","Morgan Stanley","NYSE","21488473","21595660","7375783","2.91",,
"2022-05-31","MSFT","Microsoft Corporation Common S","NNM","46001375","38428490","31386618","1.47",,
"2022-05-31","MSI","Motorola Solutions, Inc. New","NYSE","1269018","1431976","1152163","1.10",,
"2022-05-31","MU","Micron Technology, Inc. Common","NNM","28639134","21916338","16379198","1.75",,
"2022-05-31","NEE","Nextra Energy, Inc.","NYSE","27686171","18397813","11560921","2.39",,
"2022-05-31","NEM","Newmont Corporation","NYSE","10683952","9741663","6296660","1.70",,
"2022-05-31","NET","Cloudflare, Inc. Class A commo","NYSE","15303124","15970438","6669585","2.29",,
"2022-05-31","NFLX","Netflix, Inc. Common Stock","NNM","13715573","11947966","10006746","1.37",,
"2022-05-31","NKE","Nike, Inc.","NYSE","9846703","12831496","7356151","1.34",,
"2022-05-31","NOC","Northrop Grumman Corp.","NYSE","2068744","1513290","767305","2.70",,
"2022-05-31","NOW","SERVICENOW, INC.","NYSE","4338389","4013713","2040473","2.13",,
"2022-05-31","NSC","Norfolk Southern Corp.","NYSE","3324042","3298990","1340368","2.48",,
"2022-05-31","NVDA","NVIDIA Corporation Common Stoc","NNM","33604244","30257848","67353531","1.00",,
"2022-05-31","O","Realty Income Corporation","NYSE","19809817","11393371","4632129","4.28",,
"2022-05-31","ORCL","Oracle Corp","NYSE","12459279","11754221","8108058","1.54",,
"2022-05-31","ORLY","O'Reilly Automotive, Inc. Comm","NNM","1042075","989054","756548","1.38",,
"2022-05-31","PANW","Palo Alto Networks, Inc. Commo","NNM","7660242","6951704","2591445","2.96",,
"2022-05-31","PCAR","PACCAR Inc. Common Stock","NNM","3656702","3437985","2019462","1.81",,
"2022-05-31","PEP","PepsiCo, Inc. Common Stock","NNM","9967853","9730475","6674865","1.49",,
"2022-05-31","PFE","Pfizer Inc.","NYSE","77201464","57670212","27136109","2.84",,
"2022-05-31","PG","Procter & Gamble Company","NYSE","16094432","15309988","7849068","2.05",,
"2022-05-31","PGR","Progressive Corporation","NYSE","7546501","6264733","3815911","1.98",,
"2022-05-31","PH","Parker-Hannifin Corporation","NYSE","1253330","1657223","621837","2.02",,
"2022-05-31","PLD","PROLOGIS, INC.","NYSE","13103626","10611625","5681753","2.31",,
"2022-05-31","PLTR","Palantir Technologies Inc. Cla","NYSE","107052985","131531994","38114225","2.81",,
"2022-05-31","PM","Philip Morris International In","NYSE","9340824","10095193","6219342","1.50",,
"2022-05-31","PNC","PNC Financial Services Group","NYSE","5696169","5468090","2253718","2.53",,
"2022-05-31","PSX","PHILLIPS 66","NYSE","10343082","10285558","3996014","2.59",,
"2022-05-31","PWR","Quanta Services, Inc.","NYSE","5280850","5369115","2258905","2.34",,
"2022-05-31","QCOM","QUALCOMM Incorporated Common S","NNM","15225855","16806521","9910690","1.54",,
"2022-05-31","RCL","Royal Caribbean Group","NYSE","13398045","12703905","4467413","3.00",,
"2022-05-31","REGN","Regeneron Pharmaceuticals, Inc","NNM","2094280","2180180","642051","3.26",,
"2022-05-31","ROST","Ross Stores, Inc. Common Stock","NNM","6774335","4459536","8337833","1.00",,
"2022-05-31","RSG","Republic Services Inc.","NYSE","1730046","1824587","1529222","1.13",,
"2022-05-31","RTX","Raytheon Technologies Corporat","NYSE","11082322","8519225","5187575","2.14",,
"2022-05-31","SBUX","Starbucks Corporation Common S","NNM","18594855","12565867","11853334","1.57",,
"2022-05-31","SCCO","Southern Copper Corporation","NYSE","4631375","4051723","1563083","2.96",,
"2022-05-31","SCHW","The Charles Schwab Corporation","NYSE","18182767","18497458","8077528","2.25",,
"2022-05-31","SHW","The Sherwin-Williams Company","NYSE","3115462","3144304","1772725","1.76",,
"2022-05-31","SNOW","Snowflake Inc.","NYSE","11039597","9685933","11547286","1.00",,
"2022-05-31","SNPS","Synopsys, Inc. Common Stock","NNM","1821594","1653041","1213558","1.50",,
"2022-05-31","SO","The Southern Company","NYSE","13355100","14412497","5152519","2.59",,
"2022-05-31","SPCX","The SPAC and New Issue ETF","NNM","171886","170701","7157","24.02",,
"2022-05-31","SPG","Simon Property Group, Inc.","NYSE","7497023","7003108","2297347","3.26",,
"2022-05-31","SPGI","S&P Global Inc.","NYSE","10716989","9720890","3107285","3.45",,
"2022-05-31","SYK","Stryker Corporation","NYSE","3493050","3985677","1180343","2.96",,
"2022-05-31","T","AT&T Inc.","NYSE","85637054","82691755","43298923","1.98",,
"2022-05-31","TDG","TransDigm Group Incorporated","NYSE","1154501","1039576","469515","2.46",,
"2022-05-31","TFC","Truist Financial Corporation","NYSE","11723679","10150456","7654798","1.53",,
"2022-05-31","TGT","Target Corporation","NYSE","10657344","8365223","13264997","1.00",,
"2022-05-31","TJX","TJX Companies, Inc. (The)","NYSE","12900306","10310992","11474450","1.12",,
"2022-05-31","TMO","Thermo Fisher Scientific, Inc.","NYSE","3038332","3302819","1637664","1.86",,
"2022-05-31","TMUS","T-Mobile US, Inc. Common Stock","NNM","16112606","16906831","3925801","4.10",,
"2022-05-31","TRV","The Travelers Companies, Inc.","NYSE","3298039","2913192","1292191","2.55",,
"2022-05-31","TSLA","Tesla, Inc. Common Stock","NNM","27541699","25651653","31917283","1.00",,
"2022-05-31","TXN","Texas Instruments Incorporated","NNM","13690547","13086964","5614547","2.44",,
"2022-05-31","UBER","Uber Technologies, Inc.","NYSE","74258231","90806927","33251257","2.23",,
"2022-05-31","UNH","UNITEDHEALTH GROUP INCORPORATE","NYSE","5714864","4612063","2991614","1.91",,
"2022-05-31","UNP","Union Pacific Corp.","NYSE","6504728","7212997","3007949","2.16",,
"2022-05-31","UPS","United Parcel Service, Inc. Cl","NYSE","11445647","9823204","3743803","3.06",,
"2022-05-31","URI","United Rentals, Inc.","NYSE","2491575","2328449","792083","3.15",,
"2022-05-31","USB","U.S. Bancorp","NYSE","12033432","12227489","6951237","1.73",,
"2022-05-31","V","VISA Inc.","NYSE","32796679","28514414","7813927","4.20",,
"2022-05-31","VLO","Valero Energy Corporation","NYSE","8004398","10132370","5097368","1.57",,
"2022-05-31","VRT","Vertiv Holdings Co Class A Com","NYSE","9672199","7654368","4587745","2.11",,
"2022-05-31","VRTX","Vertex Pharmaceuticals Incorpo","NNM","3837632","3580110","1751988","2.19",,
"2022-05-31","VZ","Verizon Communications","NYSE","36612084","41391606","20945745","1.75",,
"2022-05-31","WBD","Warner Bros. Discovery, Inc. S","NNM","42998691","40073355","19580636","2.20",,
"2022-05-31","WDC","Western Digital Corporation Co","NNM","6451021","7879754","3100076","2.08",,
"2022-05-31","WELL","Welltower Inc.","NYSE","8905080","8985943","2613307","3.41",,
"2022-05-31","WFC","Wells Fargo & Co.","NYSE","39171749","36204997","26016647","1.51",,
"2022-05-31","WM","Waste Management, Inc.","NYSE","3742122","4762118","2051518","1.82",,
"2022-05-31","WMB","Williams Companies Inc.","NYSE","20179521","20113857","8273750","2.44",,
"2022-05-31","WMT","Walmart Inc.","NYSE","12443416","12958505","17418309","1.00",,
"2022-05-31","XOM","Exxon Mobil Corporation","NYSE","50714717","35000633","27647980","1.83",,
"2022-04-14","AAPL","Apple Inc. Common Stock","NNM","103292182","101969098","76887776","1.34",,
"2022-04-14","ABBV","ABBVIE INC.","NYSE","12068291","13443845","8859431","1.36",,
"2022-04-14","ABNB","Airbnb, Inc. Class A Common St","NNM","10540679","11283365","4316987","2.44",,
"2022-04-14","ABT","Abbott Laboratories","NYSE","12790403","12103872","4696227","2.72",,
"2022-04-14","ADBE","Adobe Inc. Common Stock","NNM","6743863","6821268","2763808","2.44",,
"2022-04-14","ADI","Analog Devices, Inc. Common St","NNM","6862305","7182174","4011446","1.71",,
"2022-04-14","ADP","Automatic Data Processing, Inc","NNM","3760308","3383338","1979775","1.90",,
"2022-04-14","AEP","American Electric Power Compan","NNM","6775506","6760900","2615416","2.59",,
"2022-04-14","AFL","Aflac Inc.","NYSE","10253444","10415266","2177845","4.71",,
"2022-04-14","AJG","Arthur J. Gallagher & Co.","NYSE","1882180","1597577","941064","2.00",,
"2022-04-14","ALL","The Allstate Corporation","NYSE","3561852","3746303","1840732","1.94",,
"2022-04-14","AMAT","Applied Materials, Inc. Common","NNM","7979020","9536053","9454938","1.00",,
"2022-04-14","AMD","Advanced Micro Devices, Inc. C","NNM","27423971","27435575","90707509","1.00",,
"2022-04-14","AMGN","Amgen Inc. Common Stock","NNM","20749642","22522358","2725483","7.61",,
"2022-04-14","AMT","American Tower Corporation","NYSE","5138274","3457625","1895043","2.71",,
"2022-04-14","AMZN","Amazon.com, Inc. Common Stock","NNM","3554951","3647235","2810496","1.26",,
"2022-04-14","ANET","Arista Networks","NYSE","3033999","3031858","1621602","1.87",,
"2022-04-14","AON","Aon plc Class A","NYSE","2886888","3178356","801641","3.60",,
"2022-04-14","APD","Air Products & Chemicals, Inc.","NYSE","2353283","2096229","1125450","2.09",,
"2022-04-14","APH","Amphenol Corporation","NYSE","4845288","5249816","2386142","2.03",,
"2022-04-14","APO","Apollo Global Management, Inc.","NYSE","15930168","13066717","2518581","6.33",,
"2022-04-14","APP","Applovin Corporation Class A C","NNM","7332842","8942088","1022368","7.17",,
"2022-04-14","AVGO","Broadcom Inc. Common Stock","NNM","4433161","4320074","2000802","2.22",,
"2022-04-14","AXP","American Express Company","NYSE","8940066","8992499","3368837","2.65",,
"2022-04-14","BA","Boeing Company","NYSE","6912808","6570863","6891977","1.00",,
"2022-04-14","BAC","Bank of America Corporation","NYSE","62685649","65352793","51883424","1.21",,
"2022-04-14","BKNG","Booking Holdings Inc. Common S","NNM","763852","751178","318891","2.40",,
"2022-04-14","BLK","Blackrock, Inc.","NYSE","1635716","1646713","802188","2.04",,
"2022-04-14","BMY","Bristol-Myers Squibb Co.","NYSE","42241233","47337961","15155298","2.79",,
"2022-04-14","BNY","BlackRock New York Municipal I","NYSE","49706","65928","59604","1.00",,
"2022-04-14","BRKA","Berkshire Hathaway Inc.","NYSE","240","248","2333","1.00",,
"2022-04-14","BRKB","BERKSHIRE HATHAWAY Class B","NYSE","9312159","9381809","3975012","2.34",,
"2022-04-14","BSX","Boston Scientific Corp.","NYSE","11973409","15670760","6986622","1.71",,
"2022-04-14","BX","Blackstone Inc.","NYSE","8036346","8524578","3438331","2.34",,
"2022-04-14","C","Citigroup Inc.","NYSE","47521362","45291446","26808645","1.77",,
"2022-04-14","CAT","Caterpillar Inc.","NYSE","5432173","4865601","2810905","1.93",,
"2022-04-14","CDNS","Cadence Design Systems, Inc. C","NNM","2851232","2893350","1497038","1.90",,
"2022-04-14","CEG","Constellation Energy Corporati","NNM","4148671","4490971","2854581","1.45",,
"2022-04-14","CI","CIGNA Corporation","NYSE","3436998","3525210","1409406","2.44",,
"2022-04-14","CL","Colgate-Palmolive Company","NYSE","12251821","9630439","6876085","1.78",,
"2022-04-14","CMCSA","Comcast Corporation Class A Co","NNM","67655437","66492430","16886616","4.01",,
"2022-04-14","CME","CME Group Inc. Class A Common","NNM","3946461","4104665","1332148","2.96",,
"2022-04-14","CMI","Cummins Inc.","NYSE","2515559","2636065","1178184","2.14",,
"2022-04-14","COF","Capital One Financial","NYSE","5548451","5595227","2620957","2.12",,
"2022-04-14","COP","ConocoPhillips","NYSE","12630760","14618421","6384800","1.98",,
"2022-04-14","COST","Costco Wholesale Corporation C","NNM","4154550","4103881","2585143","1.61",,
"2022-04-14","CRM","Salesforce, Inc.","NYSE","14342960","14585896","6133885","2.34",,
"2022-04-14","CRWD","CrowdStrike Holdings, Inc. Cla","NNM","13137819","11626011","4915247","2.67",,
"2022-04-14","CSCO","Cisco Systems, Inc. Common Sto","NNM","33204102","34439464","18755878","1.77",,
"2022-04-14","CSX","CSX Corporation Common Stock","NNM","21717960","23532125","13221959","1.64",,
"2022-04-14","CTAS","Cintas Corporation Common Stoc","NNM","717392","933844","405619","1.77",,
"2022-04-14","CVNA","Carvana Co.","NYSE","17932292","16967700","3802436","4.72",,
"2022-04-14","CVS","CVS HEALTH CORPORATION","NYSE","12444906","11263956","5990602","2.08",,
"2022-04-14","CVX","Chevron Corporation","NYSE","23452807","22265855","9163205","2.56",,
"2022-04-14","D","Dominion Energy, Inc Common St","NYSE","8510181","8320967","2856091","2.98",,
"2022-04-14","DASH","DoorDash, Inc.","NYSE","11925098","13619133","3509356","3.40",,
"2022-04-14","DDOG","Datadog, Inc. Class A Common S","NNM","9457743","9844806","2989052","3.16",,
"2022-04-14","DE","Deere & Company","NYSE","2776828","3009293","1340256","2.07",,
"2022-04-14","DELL","Dell Technologies Inc.","NYSE","6908336","7500178","4596632","1.50",,
"2022-04-14","DHR","Danaher Corporation","NYSE","4916210","5193025","2715011","1.81",,
"2022-04-14","DIS","The Walt Disney Company","NYSE","19749628","18460755","8823642","2.24",,
"2022-04-14","DLR","Digital Realty Trust, Inc.","NYSE","7866766","7724026","1173074","6.71",,
"2022-04-14","DUK","Duke Energy Corporation","NYSE","7139809","6244977","2483097","2.88",,
"2022-04-14","ECL","Ecolab, Inc.","NYSE","2324398","2396287","1185271","1.96",,
"2022-04-14","EMR","Emerson Electric Co.","NYSE","4372185","4375473","2947369","1.48",,
"2022-04-14","EOG","EOG Resources, Inc.","NYSE","8803316","8502215","3082032","2.86",,
"2022-04-14","EPD","Enterprise Products Partners L","NYSE","23445816","24094108","4686698","5.00",,
"2022-04-14","EQIX","Equinix, Inc. Common Stock REI","NNM","1130998","1144902","307459","3.68",,
"2022-04-14","FCX","Freeport-McMoran Inc.","NYSE","22513359","24518198","12225324","1.84",,
"2022-04-14","FDX","FedEx Corporation","NYSE","3406108","3391702","2648009","1.29",,
"2022-04-14","FTNT","Fortinet, Inc. Common Stock","NNM","1968478","2134397","811803","2.42",,
"2022-04-14","GD","General Dynamics Corporation","NYSE","2697618","2309552","1097232","2.46",,
"2022-04-14","GE","General Electric Company","NYSE","10181068","9878946","5289073","1.92",,
"2022-04-14","GILD","Gilead Sciences, Inc. Common S","NNM","15373547","14463683","8402301","1.83",,
"2022-04-14","GLW","Corning Incorporated","NYSE","11984294","9803654","4203857","2.85",,
"2022-04-14","GM","General Motors Company","NYSE","28947332","27835480","19532445","1.48",,
"2022-04-14","GOOG","Alphabet Inc. Class C Capital","NNM","1471856","1397898","1050130","1.40",,
"2022-04-14","GOOGL","Alphabet Inc. Class A Common S","NNM","1776723","2011649","1422342","1.25",,
"2022-04-14","GS","Goldman Sachs Group Inc.","NYSE","4568138","5402140","3119437","1.46",,
"2022-04-14","GWW","W.W. Grainger, Inc.","NYSE","1002335","930342","279632","3.58",,
"2022-04-14","HCA","HCA Healthcare, Inc.","NYSE","3953811","3153751","1389042","2.85",,
"2022-04-14","HD","Home Depot, Inc.","NYSE","8255540","8012381","4805709","1.72",,
"2022-04-14","HLT","Hilton Worldwide Holdings Inc.","NYSE","6745173","6957703","1951025","3.46",,
"2022-04-14","HON","Honeywell International Inc. C","NNM","5201786","5873607","2700647","1.93",,
"2022-04-14","HOOD","Robinhood Markets, Inc. Class","NNM","56960158","62252287","15038790","3.79",,
"2022-04-14","HPE","Hewlett Packard Enterprise Com","NYSE","33728236","33911417","9356723","3.60",,
"2022-04-14","HWM","Howmet Aerospace Inc.","NYSE","4652573","4238715","2062540","2.26",,
"2022-04-14","IBKR","Interactive Brokers Group, Inc","NNM","2680098","2318327","574370","4.67",,
"2022-04-14","IBM","International Business Machine","NYSE","21228769","21675416","3591298","5.91",,
"2022-04-14","ICE","Intercontinental Exchange  Inc","NYSE","3886050","3539532","3118139","1.25",,
"2022-04-14","INTC","Intel Corporation Common Stock","NNM","55600879","54657529","29168338","1.91",,
"2022-04-14","INTU","Intuit Inc. Common Stock","NNM","2573045","2630289","1668464","1.54",,
"2022-04-14","ISRG","Intuitive Surgical, Inc. Commo","NNM","2898945","3067720","1387219","2.09",,
"2022-04-14","ITW","Illinois Tool Works Inc.","NYSE","5749098","5645616","982893","5.85",,
"2022-04-14","JNJ","Johnson & Johnson","NYSE","14828752","14354524","6941405","2.14",,
"2022-04-14","JPM","JPMorgan Chase & Co.","NYSE","16860102","15828071","15741991","1.07",,
"2022-04-14","KKR","KKR & Co. Inc.","NYSE","8471420","6990082","2755580","3.07",,
"2022-04-14","KLAC","KLA Corporation Common Stock","NNM","1596457","1714771","1356406","1.18",,
"2022-04-14","KMI","Kinder Morgan, Inc.","NYSE","30436070","28508680","13310611","2.29",,
"2022-04-14","KO","Coca-Cola Company","NYSE","28084014","23880536","14488581","1.94",,
"2022-04-14","LIN","Linde plc Ordinary Share","NYSE","2388350","2336553","1530050","1.56",,
"2022-04-14","LLY","Eli Lilly & Co.","NYSE","6222624","5785388","2966618","2.10",,
"2022-04-14","LMT","Lockheed Martin Corp.","NYSE","3626057","3653029","1685721","2.15",,
"2022-04-14","LOW","Lowe's Companies Inc.","NYSE","10259613","8448564","4553128","2.25",,
"2022-04-14","LRCX","Lam Research Corporation Commo","NNM","1371686","1395208","1344849","1.02",,
"2022-04-14","MA","Mastercard Incorporated","NYSE","5128077","5519839","3025487","1.69",,
"2022-04-14","MAR","Marriott International Class A","NNM","5165578","5994025","2092924","2.47",,
"2022-04-14","MCD","McDonald's Corporation","NYSE","5952336","5370888","2582758","2.30",,
"2022-04-14","MCK","McKesson Corporation","NYSE","4227003","4765211","1132262","3.73",,
"2022-04-14","MCO","Moody's Corporation","NYSE","3249257","3180426","777595","4.18",,
"2022-04-14","MDLZ","Mondelez International, Inc. C","NNM","10933443","10706798","6851193","1.60",,
"2022-04-14","MDT","Medtronic plc","NYSE","9571980","10500368","5213317","1.84",,
"2022-04-14","MMM","3M Company","NYSE","9223918","9678460","2408821","3.83",,
"2022-04-14","MNST","Monster Beverage Corporation","NNM","4551161","3710903","2999337","1.52",,
"2022-04-14","MO","Altria Group, Inc.","NYSE","16468895","13211119","7666216","2.15",,
"2022-04-14","MPC","MARATHON PETROLEUM CORPORATION","NYSE","16183032","14530309","4498601","3.60",,
"2022-04-14","MPWR","Monolithic Power Systems, Inc.","NNM","904887","1090436","517154","1.75",,
"2022-04-14","MRK","Merck & Co., Inc.","NYSE","19280197","16857742","13136944","1.47",,
"2022-04-14","MRVL","Marvell Technology, Inc. Commo","NNM","14277511","16716913","10349849","1.38",,
"2022-04-14","MS","Morgan Stanley","NYSE","15793825","16677376","9867055","1.60",,
"2022-04-14","MSFT","Microsoft Corporation Common S","NNM","35578015","36814442","28564804","1.25",,
"2022-04-14","MSI","Motorola Solutions, Inc. New","NYSE","1638471","1582026","626392","2.62",,
"2022-04-14","MU","Micron Technology, Inc. Common","NNM","21247176","24713967","22726638","1.00",,
"2022-04-14","NEE","Nextra Energy, Inc.","NYSE","16649693","16627759","7177642","2.32",,
"2022-04-14","NEM","Newmont Corporation","NYSE","9109693","8307029","6185370","1.47",,
"2022-04-14","NET","Cloudflare, Inc. Class A commo","NYSE","12095452","12544529","3829055","3.16",,
"2022-04-14","NFLX","Netflix, Inc. Common Stock","NNM","7049275","7635256","4409470","1.60",,
"2022-04-14","NKE","Nike, Inc.","NYSE","12405815","13094800","6342652","1.96",,
"2022-04-14","NOC","Northrop Grumman Corp.","NYSE","1320742","1217550","765141","1.73",,
"2022-04-14","NOW","SERVICENOW, INC.","NYSE","3393313","3255756","1438741","2.36",,
"2022-04-14","NSC","Norfolk Southern Corp.","NYSE","2989934","3428011","1585057","1.89",,
"2022-04-14","NVDA","NVIDIA Corporation Common Stoc","NNM","25704839","26945545","54510635","1.00",,
"2022-04-14","O","Realty Income Corporation","NYSE","12671065","11866329","2898040","4.37",,
"2022-04-14","ORCL","Oracle Corp","NYSE","12178201","12989946","6019437","2.02",,
"2022-04-14","ORLY","O'Reilly Automotive, Inc. Comm","NNM","703554","775324","501987","1.40",,
"2022-04-14","PANW","Palo Alto Networks, Inc. Commo","NNM","7610858","7569290","1138706","6.68",,
"2022-04-14","PCAR","PACCAR Inc. Common Stock","NNM","4059385","4291420","2159517","1.88",,
"2022-04-14","PEP","PepsiCo, Inc. Common Stock","NNM","9619779","10426989","4160251","2.31",,
"2022-04-14","PFE","Pfizer Inc.","NYSE","62649844","61562260","23125979","2.71",,
"2022-04-14","PG","Procter & Gamble Company","NYSE","12002142","12629764","6764157","1.77",,
"2022-04-14","PGR","Progressive Corporation","NYSE","6048235","6070148","2854434","2.12",,
"2022-04-14","PH","Parker-Hannifin Corporation","NYSE","1438944","1300221","784992","1.83",,
"2022-04-14","PLD","PROLOGIS, INC.","NYSE","9421896","9643571","2721741","3.46",,
"2022-04-14","PLTR","Palantir Technologies Inc. Cla","NYSE","110486080","104727867","29873066","3.70",,
"2022-04-14","PM","Philip Morris International In","NYSE","11105344","10591317","5893958","1.88",,
"2022-04-14","PNC","PNC Financial Services Group","NYSE","4657408","3703342","2407400","1.93",,
"2022-04-14","PSX","PHILLIPS 66","NYSE","10512083","9754266","3597531","2.92",,
"2022-04-14","PWR","Quanta Services, Inc.","NYSE","4716675","4078583","1531493","3.08",,
"2022-04-14","QCOM","QUALCOMM Incorporated Common S","NNM","17927771","18648616","13203680","1.36",,
"2022-04-14","RCL","Royal Caribbean Group","NYSE","12157709","12142906","2521139","4.82",,
"2022-04-14","REGN","Regeneron Pharmaceuticals, Inc","NNM","2148903","2197544","677425","3.17",,
"2022-04-14","ROST","Ross Stores, Inc. Common Stock","NNM","6326317","5689382","2911185","2.17",,
"2022-04-14","RSG","Republic Services Inc.","NYSE","1630113","1728559","1040429","1.57",,
"2022-04-14","RTX","Raytheon Technologies Corporat","NYSE","9803102","11109637","4778824","2.05",,
"2022-04-14","SBUX","Starbucks Corporation Common S","NNM","13614045","12122535","10602560","1.28",,
"2022-04-14","SCCO","Southern Copper Corporation","NYSE","3335682","3402548","883584","3.78",,
"2022-04-14","SCHW","The Charles Schwab Corporation","NYSE","13751227","14026664","8563961","1.61",,
"2022-04-14","SHW","The Sherwin-Williams Company","NYSE","2161798","2254227","1331389","1.62",,
"2022-04-14","SNOW","Snowflake Inc.","NYSE","7554442","7411679","5309762","1.42",,
"2022-04-14","SNPS","Synopsys, Inc. Common Stock","NNM","1467272","1462349","1088170","1.35",,
"2022-04-14","SO","The Southern Company","NYSE","15971140","14519525","5930567","2.69",,
"2022-04-14","SPCX","The SPAC and New Issue ETF","NNM","157892","165601","8733","18.08",,
"2022-04-14","SPG","Simon Property Group, Inc.","NYSE","8472042","8541335","1768466","4.79",,
"2022-04-14","SPGI","S&P Global Inc.","NYSE","11666672","15070065","1795504","6.50",,
"2022-04-14","SYK","Stryker Corporation","NYSE","4550767","4712480","1483485","3.07",,
"2022-04-14","T","AT&T Inc.","NYSE","81701560","78750089","62820080","1.30",,
"2022-04-14","TDG","TransDigm Group Incorporated","NYSE","1138903","1339404","267538","4.26",,
"2022-04-14","TFC","Truist Financial Corporation","NYSE","13864955","13724932","6248158","2.22",,
"2022-04-14","TGT","Target Corporation","NYSE","10494623","11848007","4007058","2.62",,
"2022-04-14","TJX","TJX Companies, Inc. (The)","NYSE","7961939","9659475","6634451","1.20",,
"2022-04-14","TMO","Thermo Fisher Scientific, Inc.","NYSE","2434102","2812806","1353399","1.80",,
"2022-04-14","TMUS","T-Mobile US, Inc. Common Stock","NNM","20590818","17756129","5452874","3.78",,
"2022-04-14","TRV","The Travelers Companies, Inc.","NYSE","3106610","3376514","1013390","3.07",,
"2022-04-14","TSLA","Tesla, Inc. Common Stock","NNM","24552598","25345219","22554211","1.09",,
"2022-04-14","TXN","Texas Instruments Incorporated","NNM","14423113","15272470","5040536","2.86",,
"2022-04-14","UBER","Uber Technologies, Inc.","NYSE","63618575","73734964","23068426","2.76",,
"2022-04-14","UNH","UNITEDHEALTH GROUP INCORPORATE","NYSE","5505159","5187254","3345299","1.65",,
"2022-04-14","UNP","Union Pacific Corp.","NYSE","6776798","8182341","4341388","1.56",,
"2022-04-14","UPS","United Parcel Service, Inc. Cl","NYSE","8493253","7977368","3761381","2.26",,
"2022-04-14","URI","United Rentals, Inc.","NYSE","1992116","2057143","664668","3.00",,
"2022-04-14","USB","U.S. Bancorp","NYSE","11680177","11540993","8495305","1.37",,
"2022-04-14","V","VISA Inc.","NYSE","26094660","26503385","7023677","3.72",,
"2022-04-14","VLO","Valero Energy Corporation","NYSE","9320327","10131349","3636437","2.56",,
"2022-04-14","VRT","Vertiv Holdings Co Class A Com","NYSE","9664279","9635129","3627841","2.66",,
"2022-04-14","VRTX","Vertex Pharmaceuticals Incorpo","NNM","4097405","4007243","1880249","2.18",,
"2022-04-14","VZ","Verizon Communications","NYSE","44565979","39562906","24727070","1.80",,
"2022-04-14","WBD","Warner Bros. Discovery, Inc. S","NNM","61411071","0","21477617","2.86",,
"2022-04-14","WDC","Western Digital Corporation Co","NNM","7818680","6679811","3555923","2.20",,
"2022-04-14","WELL","Welltower Inc.","NYSE","8915620","9796655","1817505","4.91",,
"2022-04-14","WFC","Wells Fargo & Co.","NYSE","34205964","30366164","29377324","1.16",,
"2022-04-14","WM","Waste Management, Inc.","NYSE","4568617","4570120","1529729","2.99",,
"2022-04-14","WMB","Williams Companies Inc.","NYSE","17280241","17311763","7583087","2.28",,
"2022-04-14","WMT","Walmart Inc.","NYSE","13334130","10632640","8215172","1.62",,
"2022-04-14","XOM","Exxon Mobil Corporation","NYSE","32334228","32414468","22517845","1.44",,
"2022-11-15","AAPL","Apple Inc. Common Stock","NNM","114431895","103178670","94210713","1.21",,
"2022-11-15","ABBV","ABBVIE INC.","NYSE","12907317","13798523","5369773","2.40",,
"2022-11-15","ABNB","Airbnb, Inc. Class A Common St","NNM","16760488","17012122","9943906","1.69",,
"2022-11-15","ABT","Abbott Laboratories","NYSE","15649357","14185094","5456519","2.87",,
"2022-11-15","ADBE","Adobe Inc. Common Stock","NNM","4591048","5317353","3930162","1.17",,
"2022-11-15","ADI","Analog Devices, Inc. Common St","NNM","8279300","7267298","4002167","2.07",,
"2022-11-15","ADP","Automatic Data Processing, Inc","NNM","6504822","5791182","1679889","3.87",,
"2022-11-15","AEP","American Electric Power Compan","NNM","6611705","5668267","3595032","1.84",,
"2022-11-15","AFL","Aflac Inc.","NYSE","9320706","9511198","3243882","2.87",,
"2022-11-15","AJG","Arthur J. Gallagher & Co.","NYSE","2088643","2024211","920521","2.27",,
"2022-11-15","ALL","The Allstate Corporation","NYSE","3563029","4415647","1743421","2.04",,
"2022-11-15","AMAT","Applied Materials, Inc. Common","NNM","17072568","14761271","8792705","1.94",,
"2022-11-15","AMD","Advanced Micro Devices, Inc. C","NNM","38796438","32943648","94955975","1.00",,
"2022-11-15","AMGN","Amgen Inc. Common Stock","NNM","10427893","11772512","3338564","3.12",,
"2022-11-15","AMT","American Tower Corporation","NYSE","3698096","4203518","1996647","1.85",,
"2022-11-15","AMZN","Amazon.com, Inc. Common Stock","NNM","81177291","79540326","119044195","1.00",,
"2022-11-15","ANET","Arista Networks","NYSE","3236567","4011933","3187988","1.02",,
"2022-11-15","AON","Aon plc Class A","NYSE","1638914","1649901","691437","2.37",,
"2022-11-15","APD","Air Products & Chemicals, Inc.","NYSE","2645909","2392518","1421278","1.86",,
"2022-11-15","APH","Amphenol Corporation","NYSE","5620250","5140354","2563922","2.19",,
"2022-11-15","APO","Apollo Global Management, Inc.","NYSE","9408909","10757554","3561615","2.64",,
"2022-11-15","APP","Applovin Corporation Class A C","NNM","17821023","15031017","4547378","3.92",,
"2022-11-15","AVGO","Broadcom Inc. Common Stock","NNM","5897222","4995342","2319299","2.54",,
"2022-11-15","AXP","American Express Company","NYSE","6914187","7431771","3363632","2.06",,
"2022-11-15","BA","Boeing Company","NYSE","10433989","9953830","10552124","1.00",,
"2022-11-15","BAC","Bank of America Corporation","NYSE","73606657","79277165","38189792","1.93",,
"2022-11-15","BKNG","Booking Holdings Inc. Common S","NNM","574089","509487","451032","1.27",,
"2022-11-15","BLK","Blackrock, Inc.","NYSE","3215519","3564903","980749","3.28",,
"2022-11-15","BMY","Bristol-Myers Squibb Co.","NYSE","24362467","24766439","10369141","2.35",,
"2022-11-15","BNY","BlackRock New York Municipal I","NYSE","7222","7554","104694","1.00",,
"2022-11-15","BRKA","Berkshire Hathaway Inc.","NYSE","810","686","2955","1.00",,
"2022-11-15","BRKB","BERKSHIRE HATHAWAY Class B","NYSE","6045906","6398341","4189101","1.44",,
"2022-11-15","BSX","Boston Scientific Corp.","NYSE","13165568","13905372","7239408","1.82",,
"2022-11-15","BX","Blackstone Inc.","NYSE","19514007","21291223","5216303","3.74",,
"2022-11-15","C","Citigroup Inc.","NYSE","29199317","29980897","18382439","1.59",,
"2022-11-15","CAT","Caterpillar Inc.","NYSE","7999147","6199217","3864387","2.07",,
"2022-11-15","CDNS","Cadence Design Systems, Inc. C","NNM","3512801","3405639","1974417","1.78",,
"2022-11-15","CEG","Constellation Energy Corporati","NNM","5345473","4721178","2536245","2.11",,
"2022-11-15","CI","CIGNA Corporation","NYSE","3082076","3596775","2260960","1.36",,
"2022-11-15","CL","Colgate-Palmolive Company","NYSE","8675641","9996043","3463498","2.50",,
"2022-11-15","CMCSA","Comcast Corporation Class A Co","NNM","74357068","73600479","25900810","2.87",,
"2022-11-15","CME","CME Group Inc. Class A Common","NNM","3700280","3949615","2081570","1.78",,
"2022-11-15","CMI","Cummins Inc.","NYSE","3291828","3561903","1324984","2.48",,
"2022-11-15","COF","Capital One Financial","NYSE","5512053","6715479","2968682","1.86",,
"2022-11-15","COP","ConocoPhillips","NYSE","17183497","16044213","7917428","2.17",,
"2022-11-15","COST","Costco Wholesale Corporation C","NNM","4615392","4558405","2092225","2.21",,
"2022-11-15","CRM","Salesforce, Inc.","NYSE","9404711","10420177","7725415","1.22",,
"2022-11-15","CRWD","CrowdStrike Holdings, Inc. Cla","NNM","9606798","9642983","4503650","2.13",,
"2022-11-15","CSCO","Cisco Systems, Inc. Common Sto","NNM","38699272","37838456","19610322","1.97",,
"2022-11-15","CSX","CSX Corporation Common Stock","NNM","21429271","20758839","14693859","1.46",,
"2022-11-15","CTAS","Cintas Corporation Common Stoc","NNM","1263709","1164915","460323","2.75",,
"2022-11-15","CVNA","Carvana Co.","NYSE","41318257","37564063","32687453","1.26",,
"2022-11-15","CVS","CVS HEALTH CORPORATION","NYSE","13248308","13287392","7608932","1.74",,
"2022-11-15","CVX","Chevron Corporation","NYSE","18871228","20733934","7833439","2.41",,
"2022-11-15","D","Dominion Energy, Inc Common St","NYSE","6847830","7967181","8526405","1.00",,
"2022-11-15","DASH","DoorDash, Inc.","NYSE","21057431","24582540","8984955","2.34",,
"2022-11-15","DDOG","Datadog, Inc. Class A Common S","NNM","10468200","12502624","6506657","1.61",,
"2022-11-15","DE","Deere & Company","NYSE","3311368","3320303","1774693","1.87",,
"2022-11-15","DELL","Dell Technologies Inc.","NYSE","7753057","7613536","2658059","2.92",,
"2022-11-15","DHR","Danaher Corporation","NYSE","3608445","3909001","3115330","1.16",,
"2022-11-15","DIS","The Walt Disney Company","NYSE","20233137","16342777","21247794","1.00",,
"2022-11-15","DLR","Digital Realty Trust, Inc.","NYSE","8591989","10003831","2384204","3.60",,
"2022-11-15","DUK","Duke Energy Corporation","NYSE","8158961","6984101","3664850","2.23",,
"2022-11-15","ECL","Ecolab, Inc.","NYSE","2385235","2892072","2080580","1.15",,
"2022-11-15","ELV","Elevance Health, Inc.","NYSE","1937192","2221681","1240168","1.56",,
"2022-11-15","EMR","Emerson Electric Co.","NYSE","5995647","5744479","4400662","1.36",,
"2022-11-15","EOG","EOG Resources, Inc.","NYSE","7375334","5277379","4389088","1.68",,
"2022-11-15","EPD","Enterprise Products Partners L","NYSE","23699270","21028315","5732007","4.13",,
"2022-11-15","EQIX","Equinix, Inc. Common Stock REI","NNM","1504385","1351759","598956","2.51",,
"2022-11-15","FCX","Freeport-McMoran Inc.","NYSE","26207358","26776305","18136926","1.44",,
"2022-11-15","FDX","FedEx Corporation","NYSE","5565137","7883113","3273524","1.70",,
"2022-11-15","FTNT","Fortinet, Inc. Common Stock","NNM","10362280","8690621","7523972","1.38",,
"2022-11-15","GD","General Dynamics Corporation","NYSE","2246588","2191610","1152527","1.95",,
"2022-11-15","GE","General Electric Company","NYSE","12362257","11483837","6675719","1.85",,
"2022-11-15","GILD","Gilead Sciences, Inc. Common S","NNM","20726261","19071317","9235284","2.24",,
"2022-11-15","GLW","Corning Incorporated","NYSE","10445012","12507265","4185878","2.50",,
"2022-11-15","GM","General Motors Company","NYSE","25944717","23319472","13180125","1.97",,
"2022-11-15","GOOG","Alphabet Inc. Class C Capital","NNM","33662766","30147273","35254448","1.00",,
"2022-11-15","GOOGL","Alphabet Inc. Class A Common S","NNM","53117948","51989928","42651616","1.25",,
"2022-11-15","GS","Goldman Sachs Group Inc.","NYSE","7100483","5711910","3027832","2.35",,
"2022-11-15","GWW","W.W. Grainger, Inc.","NYSE","1263472","1364687","337599","3.74",,
"2022-11-15","HCA","HCA Healthcare, Inc.","NYSE","3199447","3396178","1336160","2.39",,
"2022-11-15","HD","Home Depot, Inc.","NYSE","9863619","7621441","5007971","1.97",,
"2022-11-15","HLT","Hilton Worldwide Holdings Inc.","NYSE","4938989","4967002","2256607","2.19",,
"2022-11-15","HON","Honeywell International Inc. C","NNM","6534952","5479340","3629988","1.80",,
"2022-11-15","HOOD","Robinhood Markets, Inc. Class","NNM","41726762","34616391","21936640","1.90",,
"2022-11-15","HPE","Hewlett Packard Enterprise Com","NYSE","23515568","25777209","12964705","1.81",,
"2022-11-15","HWM","Howmet Aerospace Inc.","NYSE","6544690","6438564","3694270","1.77",,
"2022-11-15","IBKR","Interactive Brokers Group, Inc","NNM","2010501","3270801","1226828","1.64",,
"2022-11-15","IBM","International Business Machine","NYSE","30466418","28957162","4783194","6.37",,
"2022-11-15","ICE","Intercontinental Exchange  Inc","NYSE","3978069","3962273","3084690","1.29",,
"2022-11-15","INTC","Intel Corporation Common Stock","NNM","68755874","71743412","42756504","1.61",,
"2022-11-15","INTU","Intuit Inc. Common Stock","NNM","2106162","2556610","2495021","1.00",,
"2022-11-15","ISRG","Intuitive Surgical, Inc. Commo","NNM","6263392","6996235","2348487","2.67",,
"2022-11-15","ITW","Illinois Tool Works Inc.","NYSE","6280463","6334442","1042491","6.02",,
"2022-11-15","JNJ","Johnson & Johnson","NYSE","12663666","12348035","6980772","1.81",,
"2022-11-15","JPM","JPMorgan Chase & Co.","NYSE","24333614","22353403","12757374","1.91",,
"2022-11-15","KKR","KKR & Co. Inc.","NYSE","19070692","14659503","3811106","5.00",,
"2022-11-15","KLAC","KLA Corporation Common Stock","NNM","3523413","2733163","1745765","2.02",,
"2022-11-15","KMI","Kinder Morgan, Inc.","NYSE","39269716","40511920","16764297","2.34",,
"2022-11-15","KO","Coca-Cola Company","NYSE","31716908","34365953","12600999","2.52",,
"2022-11-15","LIN","Linde plc Ordinary Share","NYSE","3459216","3633644","2061491","1.68",,
"2022-11-15","LLY","Eli Lilly & Co.","NYSE","5611848","6095880","3917925","1.43",,
"2022-11-15","LMT","Lockheed Martin Corp.","NYSE","3528893","2725526","1730168","2.04",,
"2022-11-15","LOW","Lowe's Companies Inc.","NYSE","11467157","10699105","3965196","2.89",,
"2022-11-15","LRCX","Lam Research Corporation Commo","NNM","3513929","3298872","2202153","1.60",,
"2022-11-15","MA","Mastercard Incorporated","NYSE","4666018","4735401","3026983","1.54",,
"2022-11-15","MAR","Marriott International Class A","NNM","4644248","5149766","2294015","2.02",,
"2022-11-15","MCD","McDonald's Corporation","NYSE","6525770","6079527","3509405","1.86",,
"2022-11-15","MCK","McKesson Corporation","NYSE","2487442","2983290","1436628","1.73",,
"2022-11-15","MCO","Moody's Corporation","NYSE","3657151","3410161","911200","4.01",,
"2022-11-15","MDLZ","Mondelez International, Inc. C","NNM","12447873","9905438","7344466","1.69",,
"2022-11-15","MDT","Medtronic plc","NYSE","9590646","9631620","7263414","1.32",,
"2022-11-15","META","Meta Platforms, Inc. Class A C","NNM","41523267","35331958","71245552","1.00",,
"2022-11-15","MMM","3M Company","NYSE","13765627","14314641","2387496","5.77",,
"2022-11-15","MNST","Monster Beverage Corporation","NNM","4329724","5284362","2919676","1.48",,
"2022-11-15","MO","Altria Group, Inc.","NYSE","14899941","18138186","7734501","1.93",,
"2022-11-15","MPC","MARATHON PETROLEUM CORPORATION","NYSE","12815165","13811721","3427629","3.74",,
"2022-11-15","MPWR","Monolithic Power Systems, Inc.","NNM","2740033","2612958","779458","3.52",,
"2022-11-15","MRK","Merck & Co., Inc.","NYSE","19467627","20358398","9722762","2.00",,
"2022-11-15","MRVL","Marvell Technology, Inc. Commo","NNM","18569903","18625174","13489515","1.38",,
"2022-11-15","MS","Morgan Stanley","NYSE","17700023","19705003","7134051","2.48",,
"2022-11-15","MSFT","Microsoft Corporation Common S","NNM","34590231","36909448","34090357","1.01",,
"2022-11-15","MSI","Motorola Solutions, Inc. New","NYSE","1309705","1195351","1027151","1.28",,
"2022-11-15","MU","Micron Technology, Inc. Common","NNM","32724559","31692265","16237522","2.02",,
"2022-11-15","NEE","Nextra Energy, Inc.","NYSE","18273563","16882157","6656527","2.75",,
"2022-11-15","NEM","Newmont Corporation","NYSE","14798569","14874962","9635986","1.54",,
"2022-11-15","NET","Cloudflare, Inc. Class A commo","NYSE","14487519","12378216","8323962","1.74",,
"2022-11-15","NFLX","Netflix, Inc. Common Stock","NNM","10887930","12053104","9965204","1.09",,
"2022-11-15","NKE","Nike, Inc.","NYSE","16075136","17377903","8317304","1.93",,
"2022-11-15","NOC","Northrop Grumman Corp.","NYSE","1877676","2599420","1317508","1.43",,
"2022-11-15","NOW","SERVICENOW, INC.","NYSE","3121855","3377248","1841642","1.70",,
"2022-11-15","NSC","Norfolk Southern Corp.","NYSE","2786120","3413027","1399221","1.99",,
"2022-11-15","NVDA","NVIDIA Corporation Common Stoc","NNM","35679525","31451677","55460358","1.00",,
"2022-11-15","O","Realty Income Corporation","NYSE","29340935","28496521","3650982","8.04",,
"2022-11-15","ORCL","Oracle Corp","NYSE","16921721","16347657","7517421","2.25",,
"2022-11-15","ORLY","O'Reilly Automotive, Inc. Comm","NNM","978097","817487","485172","2.02",,
"2022-11-15","PANW","Palo Alto Networks, Inc. Commo","NNM","20573923","21967330","5565666","3.70",,
"2022-11-15","PCAR","PACCAR Inc. Common Stock","NNM","4077818","3257492","2280116","1.79",,
"2022-11-15","PEP","PepsiCo, Inc. Common Stock","NNM","10092831","9424716","4830460","2.09",,
"2022-11-15","PFE","Pfizer Inc.","NYSE","70044794","54691142","22499531","3.11",,
"2022-11-15","PG","Procter & Gamble Company","NYSE","14378327","13907989","6701036","2.15",,
"2022-11-15","PGR","Progressive Corporation","NYSE","3521983","3969799","2719777","1.29",,
"2022-11-15","PH","Parker-Hannifin Corporation","NYSE","1446589","1405187","1089193","1.33",,
"2022-11-15","PLD","PROLOGIS, INC.","NYSE","13016799","12559537","3804391","3.42",,
"2022-11-15","PLTR","Palantir Technologies Inc. Cla","NYSE","121489083","119568239","50043312","2.43",,
"2022-11-15","PM","Philip Morris International In","NYSE","10516967","10213572","4206063","2.50",,
"2022-11-15","PNC","PNC Financial Services Group","NYSE","5333866","6669475","2575458","2.07",,
"2022-11-15","PSX","PHILLIPS 66","NYSE","10788460","12627921","3895592","2.77",,
"2022-11-15","PWR","Quanta Services, Inc.","NYSE","4665934","5257057","1193786","3.91",,
"2022-11-15","QCOM","QUALCOMM Incorporated Common S","NNM","15084687","13182981","11197750","1.35",,
"2022-11-15","RCL","Royal Caribbean Group","NYSE","23222483","22193770","6888456","3.37",,
"2022-11-15","REGN","Regeneron Pharmaceuticals, Inc","NNM","1759975","1766629","762858","2.31",,
"2022-11-15","ROST","Ross Stores, Inc. Common Stock","NNM","6135453","7303994","2795844","2.19",,
"2022-11-15","RSG","Republic Services Inc.","NYSE","1939759","1850245","1474735","1.32",,
"2022-11-15","RTX","Raytheon Technologies Corporat","NYSE","8347296","7084552","4889653","1.71",,
"2022-11-15","SBUX","Starbucks Corporation Common S","NNM","15131344","13092385","9300308","1.63",,
"2022-11-15","SCCO","Southern Copper Corporation","NYSE","7246910","6540288","1937408","3.74",,
"2022-11-15","SCHW","The Charles Schwab Corporation","NYSE","16052381","14611831","7672718","2.09",,
"2022-11-15","SHW","The Sherwin-Williams Company","NYSE","1685268","1780486","1841833","1.00",,
"2022-11-15","SNOW","Snowflake Inc.","NYSE","11399710","11361467","6426392","1.77",,
"2022-11-15","SNPS","Synopsys, Inc. Common Stock","NNM","1950713","1668009","978839","1.99",,
"2022-11-15","SO","The Southern Company","NYSE","8576041","9994102","4345707","1.97",,
"2022-11-15","SPCX","The SPAC and New Issue ETF","NNM","160893","161797","10123","15.89",,
"2022-11-15","SPG","Simon Property Group, Inc.","NYSE","6524633","6702158","2010064","3.25",,
"2022-11-15","SPGI","S&P Global Inc.","NYSE","4519918","3925150","1661015","2.72",,
"2022-11-15","SYK","Stryker Corporation","NYSE","3921823","5035469","1983294","1.98",,
"2022-11-15","T","AT&T Inc.","NYSE","94202700","94890966","44420635","2.12",,
"2022-11-15","TDG","TransDigm Group Incorporated","NYSE","1653273","1807801","324671","5.09",,
"2022-11-15","TFC","Truist Financial Corporation","NYSE","16150965","15171336","7140144","2.26",,
"2022-11-15","TGT","Target Corporation","NYSE","13307381","10024953","4273217","3.11",,
"2022-11-15","TJX","TJX Companies, Inc. (The)","NYSE","10962629","11260072","5420232","2.02",,
"2022-11-15","TMO","Thermo Fisher Scientific, Inc.","NYSE","2975064","2919334","1719520","1.73",,
"2022-11-15","TMUS","T-Mobile US, Inc. Common Stock","NNM","16963140","16475479","5812195","2.92",,
"2022-11-15","TRV","The Travelers Companies, Inc.","NYSE","3490601","3788355","1413561","2.47",,
"2022-11-15","TSLA","Tesla, Inc. Common Stock","NNM","78270643","76828235","96309390","1.00",,
"2022-11-15","TXN","Texas Instruments Incorporated","NNM","19541578","20713089","6050766","3.23",,
"2022-11-15","UBER","Uber Technologies, Inc.","NYSE","46378722","46811179","34671797","1.34",,
"2022-11-15","UNH","UNITEDHEALTH GROUP INCORPORATE","NYSE","4921234","5155359","3691652","1.33",,
"2022-11-15","UNP","Union Pacific Corp.","NYSE","5958439","5687477","4331097","1.38",,
"2022-11-15","UPS","United Parcel Service, Inc. Cl","NYSE","11480113","10550577","2887063","3.98",,
"2022-11-15","URI","United Rentals, Inc.","NYSE","3109344","3336324","769400","4.04",,
"2022-11-15","USB","U.S. Bancorp","NYSE","11595382","11764137","11135435","1.04",,
"2022-11-15","V","VISA Inc.","NYSE","39821649","37663220","7606451","5.24",,
"2022-11-15","VLO","Valero Energy Corporation","NYSE","8992910","9626865","3890799","2.31",,
"2022-11-15","VRT","Vertiv Holdings Co Class A Com","NYSE","8208261","12772852","3919824","2.09",,
"2022-11-15","VRTX","Vertex Pharmaceuticals Incorpo","NNM","3032365","2836024","1437053","2.11",,
"2022-11-15","VZ","Verizon Communications","NYSE","34011795","31777796","22001742","1.55",,
"2022-11-15","WBD","Warner Bros. Discovery, Inc. S","NNM","94565838","92983925","37305299","2.53",,
"2022-11-15","WDC","Western Digital Corporation Co","NNM","8502353","6830856","4237320","2.01",,
"2022-11-15","WELL","Welltower Inc.","NYSE","10190930","13790440","3140918","3.24",,
"2022-11-15","WFC","Wells Fargo & Co.","NYSE","30485946","30458088","20084656","1.52",,
"2022-11-15","WM","Waste Management, Inc.","NYSE","4295247","3919659","1746105","2.46",,
"2022-11-15","WMB","Williams Companies Inc.","NYSE","19525702","21015100","6132132","3.18",,
"2022-11-15","WMT","Walmart Inc.","NYSE","11807965","12223901","7636655","1.55",,
"2022-11-15","XOM","Exxon Mobil Corporation","NYSE","41236390","45167966","18964501","2.17",,
"2022-08-15","AAPL","Apple Inc. Common Stock","NNM","115400891","107535584","63151561","1.83",,
"2022-08-15","ABBV","ABBVIE INC.","NYSE","13012004","13851007","5462054","2.38",,
"2022-08-15","ABNB","Airbnb, Inc. Class A Common St","NNM","17867480","19261921","8442824","2.12",,
"2022-08-15","ABT","Abbott Laboratories","NYSE","14080258","13844969","3240775","4.34",,
"2022-08-15","ADBE","Adobe Inc. Common Stock","NNM","5609009","5334071","2246001","2.50",,
"2022-08-15","ADI","Analog Devices, Inc. Common St","NNM","8775907","7500949","2722849","3.22",,
"2022-08-15","ADP","Automatic Data Processing, Inc","NNM","4301132","4293001","1230141","3.50",,
"2022-08-15","AEP","American Electric Power Compan","NNM","7136707","8510981","2370505","3.01",,
"2022-08-15","AFL","Aflac Inc.","NYSE","9088435","9347359","2565919","3.54",,
"2022-08-15","AJG","Arthur J. Gallagher & Co.","NYSE","2269877","2226715","831788","2.73",,
"2022-08-15","ALL","The Allstate Corporation","NYSE","5033795","4363389","1692326","2.97",,
"2022-08-15","AMAT","Applied Materials, Inc. Common","NNM","10801619","11533762","6397707","1.69",,
"2022-08-15","AMD","Advanced Micro Devices, Inc. C","NNM","35627850","35275192","94637785","1.00",,
"2022-08-15","AMGN","Amgen Inc. Common Stock","NNM","16578892","17278533","2526984","6.56",,
"2022-08-15","AMT","American Tower Corporation","NYSE","4078132","3706402","1297107","3.14",,
"2022-08-15","AMZN","Amazon.com, Inc. Common Stock","NNM","78386488","67798677","55434244","1.41",,
"2022-08-15","ANET","Arista Networks","NYSE","4371033","4081069","2294623","1.90",,
"2022-08-15","AON","Aon plc Class A","NYSE","1980073","1868193","794916","2.49",,
"2022-08-15","APD","Air Products & Chemicals, Inc.","NYSE","2355519","1820270","1123390","2.10",,
"2022-08-15","APH","Amphenol Corporation","NYSE","5541885","4695311","1669644","3.32",,
"2022-08-15","APO","Apollo Global Management, Inc.","NYSE","13063723","19147588","2357240","5.54",,
"2022-08-15","APP","Applovin Corporation Class A C","NNM","12747340","14495275","4115940","3.10",,
"2022-08-15","AVGO","Broadcom Inc. Common Stock","NNM","5472504","5205640","1576970","3.47",,
"2022-08-15","AXP","American Express Company","NYSE","7874075","8040079","2613001","3.01",,
"2022-08-15","BA","Boeing Company","NYSE","10462365","10417101","7662590","1.37",,
"2022-08-15","BAC","Bank of America Corporation","NYSE","69900820","71088529","36982101","1.89",,
"2022-08-15","BKNG","Booking Holdings Inc. Common S","NNM","632071","625313","435089","1.45",,
"2022-08-15","BLK","Blackrock, Inc.","NYSE","2662225","2291003","677903","3.93",,
"2022-08-15","BMY","Bristol-Myers Squibb Co.","NYSE","23842565","27825589","8240409","2.89",,
"2022-08-15","BNY","BlackRock New York Municipal I","NYSE","9806","11386","41555","1.00",,
"2022-08-15","BRKA","Berkshire Hathaway Inc.","NYSE","634","284","2599","1.00",,
"2022-08-15","BRKB","BERKSHIRE HATHAWAY Class B","NYSE","7665706","7360837","3603234","2.13",,
"2022-08-15","BSX","Boston Scientific Corp.","NYSE","16857546","13750558","5239261","3.22",,
"2022-08-15","BX","Blackstone Inc.","NYSE","14031950","16214699","3454541","4.06",,
"2022-08-15","C","Citigroup Inc.","NYSE","34688799","38926677","14756273","2.35",,
"2022-08-15","CAT","Caterpillar Inc.","NYSE","4878423","5336623","3045284","1.60",,
"2022-08-15","CDNS","Cadence Design Systems, Inc. C","NNM","3095285","3747558","1792215","1.73",,
"2022-08-15","CEG","Constellation Energy Corporati","NNM","3991004","4294423","2554279","1.56",,
"2022-08-15","CI","CIGNA Corporation","NYSE","4467161","6870789","2261320","1.98",,
"2022-08-15","CL","Colgate-Palmolive Company","NYSE","11593570","13812501","5486681","2.11",,
"2022-08-15","CMCSA","Comcast Corporation Class A Co","NNM","71637032","70442681","20167402","3.55",,
"2022-08-15","CME","CME Group Inc. Class A Common","NNM","3201665","3075906","1258334","2.54",,
"2022-08-15","CMI","Cummins Inc.","NYSE","2547537","2490035","828266","3.08",,
"2022-08-15","COF","Capital One Financial","NYSE","5672091","6157181","2378713","2.38",,
"2022-08-15","COP","ConocoPhillips","NYSE","15623599","15958970","6212474","2.51",,
"2022-08-15","COST","Costco Wholesale Corporation C","NNM","4232510","3792961","1915649","2.21",,
"2022-08-15","CRM","Salesforce, Inc.","NYSE","12546363","12869799","4197307","2.99",,
"2022-08-15","CRWD","CrowdStrike Holdings, Inc. Cla","NNM","13683382","12899675","2897515","4.72",,
"2022-08-15","CSCO","Cisco Systems, Inc. Common Sto","NNM","39244052","37079470","15793052","2.48",,
"2022-08-15","CSX","CSX Corporation Common Stock","NNM","22287120","25393268","12768003","1.75",,
"2022-08-15","CTAS","Cintas Corporation Common Stoc","NNM","1018393","1165984","326143","3.12",,
"2022-08-15","CVNA","Carvana Co.","NYSE","26080032","27477026","14618683","1.78",,
"2022-08-15","CVS","CVS HEALTH CORPORATION","NYSE","15039002","15757097","5187319","2.90",,
"2022-08-15","CVX","Chevron Corporation","NYSE","20493467","18802877","7506897","2.73",,
"2022-08-15","D","Dominion Energy, Inc Common St","NYSE","6238532","5705527","2866400","2.18",,
"2022-08-15","DASH","DoorDash, Inc.","NYSE","14674021","17165653","7976705","1.84",,
"2022-08-15","DDOG","Datadog, Inc. Class A Common S","NNM","10547248","9337448","5391550","1.96",,
"2022-08-15","DE","Deere & Company","NYSE","3054590","2972502","1210156","2.52",,
"2022-08-15","DELL","Dell Technologies Inc.","NYSE","5757199","5344883","2511369","2.29",,
"2022-08-15","DHR","Danaher Corporation","NYSE","3936996","3892513","1709838","2.30",,
"2022-08-15","DIS","The Walt Disney Company","NYSE","20644142","20739705","17337895","1.19",,
"2022-08-15","DLR","Digital Realty Trust, Inc.","NYSE","7459725","7601076","1407109","5.30",,
"2022-08-15","DUK","Duke Energy Corporation","NYSE","8108568","7449849","2714773","2.99",,
"2022-08-15","ECL","Ecolab, Inc.","NYSE","2953415","2288853","882076","3.35",,
"2022-08-15","ELV","Elevance Health, Inc.","NYSE","2078760","2177566","734143","2.83",,
"2022-08-15","EMR","Emerson Electric Co.","NYSE","4922557","4510808","2664586","1.85",,
"2022-08-15","EOG","EOG Resources, Inc.","NYSE","5639518","5709718","3712732","1.52",,
"2022-08-15","EPD","Enterprise Products Partners L","NYSE","24813800","17284378","4828092","5.14",,
"2022-08-15","EQIX","Equinix, Inc. Common Stock REI","NNM","1052518","1428148","365708","2.88",,
"2022-08-15","FCX","Freeport-McMoran Inc.","NYSE","27179299","27781647","15446368","1.76",,
"2022-08-15","FDX","FedEx Corporation","NYSE","3169297","3536977","1658547","1.91",,
"2022-08-15","FTNT","Fortinet, Inc. Common Stock","NNM","8445228","10127184","6920391","1.22",,
"2022-08-15","GD","General Dynamics Corporation","NYSE","3388870","2910229","1086160","3.12",,
"2022-08-15","GE","General Electric Company","NYSE","10572657","14299576","6235372","1.70",,
"2022-08-15","GILD","Gilead Sciences, Inc. Common S","NNM","17043979","14155841","6817708","2.50",,
"2022-08-15","GLW","Corning Incorporated","NYSE","9856233","12630203","3345088","2.95",,
"2022-08-15","GM","General Motors Company","NYSE","27103216","25891810","12611864","2.15",,
"2022-08-15","GOOG","Alphabet Inc. Class C Capital","NNM","36987998","34674376","18053708","2.05",,
"2022-08-15","GOOGL","Alphabet Inc. Class A Common S","NNM","54019534","47636874","22484030","2.40",,
"2022-08-15","GS","Goldman Sachs Group Inc.","NYSE","5559904","5245849","1891253","2.94",,
"2022-08-15","GWW","W.W. Grainger, Inc.","NYSE","1000767","1132732","280954","3.56",,
"2022-08-15","HCA","HCA Healthcare, Inc.","NYSE","3498822","3563795","1026276","3.41",,
"2022-08-15","HD","Home Depot, Inc.","NYSE","7598325","7968575","2916636","2.61",,
"2022-08-15","HLT","Hilton Worldwide Holdings Inc.","NYSE","5338834","4969086","1334994","4.00",,
"2022-08-15","HON","Honeywell International Inc. C","NNM","4984840","5149942","2326801","2.14",,
"2022-08-15","HOOD","Robinhood Markets, Inc. Class","NNM","39354942","41749026","14886827","2.64",,
"2022-08-15","HPE","Hewlett Packard Enterprise Com","NYSE","27656888","28919048","8453948","3.27",,
"2022-08-15","HWM","Howmet Aerospace Inc.","NYSE","8100464","7852113","3956213","2.05",,
"2022-08-15","IBKR","Interactive Brokers Group, Inc","NNM","1979831","2491537","1367559","1.45",,
"2022-08-15","IBM","International Business Machine","NYSE","22644445","23111989","3404175","6.65",,
"2022-08-15","ICE","Intercontinental Exchange  Inc","NYSE","8463587","7468204","2256128","3.75",,
"2022-08-15","INTC","Intel Corporation Common Stock","NNM","63382337","66959836","44478460","1.43",,
"2022-08-15","INTU","Intuit Inc. Common Stock","NNM","2479357","2568091","1225719","2.02",,
"2022-08-15","ISRG","Intuitive Surgical, Inc. Commo","NNM","6213137","3849117","1793021","3.47",,
"2022-08-15","ITW","Illinois Tool Works Inc.","NYSE","5555574","5603386","1137708","4.88",,
"2022-08-15","JNJ","Johnson & Johnson","NYSE","10869142","11879849","6993370","1.55",,
"2022-08-15","JPM","JPMorgan Chase & Co.","NYSE","17983035","16582866","12704966","1.42",,
"2022-08-15","KKR","KKR & Co. Inc.","NYSE","10218228","8792857","2967472","3.44",,
"2022-08-15","KLAC","KLA Corporation Common Stock","NNM","6296141","7488618","1464825","4.30",,
"2022-08-15","KMI","Kinder Morgan, Inc.","NYSE","38789301","34888644","13888753","2.79",,
"2022-08-15","KO","Coca-Cola Company","NYSE","26264631","26732776","10493332","2.50",,
"2022-08-15","LIN","Linde plc Ordinary Share","NYSE","4017034","3857365","1211686","3.32",,
"2022-08-15","LLY","Eli Lilly & Co.","NYSE","4824849","4964746","3047833","1.58",,
"2022-08-15","LMT","Lockheed Martin Corp.","NYSE","2666440","2652169","1213688","2.20",,
"2022-08-15","LOW","Lowe's Companies Inc.","NYSE","11091723","12900429","3406070","3.26",,
"2022-08-15","LRCX","Lam Research Corporation Commo","NNM","2174599","1738445","1643558","1.32",,
"2022-08-15","MA","Mastercard Incorporated","NYSE","4314846","4764535","2483345","1.74",,
"2022-08-15","MAR","Marriott International Class A","NNM","4322595","4968305","1721329","2.51",,
"2022-08-15","MCD","McDonald's Corporation","NYSE","5534292","6071707","2217387","2.50",,
"2022-08-15","MCK","McKesson Corporation","NYSE","2688752","2093792","1097433","2.45",,
"2022-08-15","MCO","Moody's Corporation","NYSE","2923942","3222750","607195","4.82",,
"2022-08-15","MDLZ","Mondelez International, Inc. C","NNM","13599050","13358769","4823123","2.82",,
"2022-08-15","MDT","Medtronic plc","NYSE","8741957","9770783","4384035","1.99",,
"2022-08-15","META","Meta Platforms, Inc. Class A C","NNM","28758877","24416114","26034851","1.10",,
"2022-08-15","MMM","3M Company","NYSE","9961015","8027775","3099494","3.21",,
"2022-08-15","MNST","Monster Beverage Corporation","NNM","6165210","6018442","3483592","1.77",,
"2022-08-15","MO","Altria Group, Inc.","NYSE","17139701","16897591","6057091","2.83",,
"2022-08-15","MPC","MARATHON PETROLEUM CORPORATION","NYSE","13783527","16081257","4557163","3.02",,
"2022-08-15","MPWR","Monolithic Power Systems, Inc.","NNM","1123347","1070694","632117","1.78",,
"2022-08-15","MRK","Merck & Co., Inc.","NYSE","19761346","16789912","8666376","2.28",,
"2022-08-15","MRVL","Marvell Technology, Inc. Commo","NNM","16019014","16907973","9582958","1.67",,"R"
"2022-08-15","MS","Morgan Stanley","NYSE","21969743","19607003","6585252","3.34",,
"2022-08-15","MSFT","Microsoft Corporation Common S","NNM","38084466","38192351","20905128","1.82",,
"2022-08-15","MSI","Motorola Solutions, Inc. New","NYSE","1437481","1324149","877243","1.64",,
"2022-08-15","MU","Micron Technology, Inc. Common","NNM","32785887","35051183","15399580","2.13",,
"2022-08-15","NEE","Nextra Energy, Inc.","NYSE","24242744","23522756","6867658","3.53",,
"2022-08-15","NEM","Newmont Corporation","NYSE","11766208","11635096","9564996","1.23",,
"2022-08-15","NET","Cloudflare, Inc. Class A commo","NYSE","13138293","15456043","6888946","1.91",,
"2022-08-15","NFLX","Netflix, Inc. Common Stock","NNM","10398559","10851930","7128142","1.46",,
"2022-08-15","NKE","Nike, Inc.","NYSE","14719227","14638380","5480815","2.69",,
"2022-08-15","NOC","Northrop Grumman Corp.","NYSE","1460481","1737962","692255","2.11",,
"2022-08-15","NOW","SERVICENOW, INC.","NYSE","3865095","3193549","1739731","2.22",,
"2022-08-15","NSC","Norfolk Southern Corp.","NYSE","2586475","3046987","1077969","2.40",,
"2022-08-15","NVDA","NVIDIA Corporation Common Stoc","NNM","31324946","33395681","53363116","1.00",,
"2022-08-15","O","Realty Income Corporation","NYSE","17087217","17382905","2880829","5.93",,
"2022-08-15","ORCL","Oracle Corp","NYSE","15170725","16645554","5135447","2.95",,
"2022-08-15","ORLY","O'Reilly Automotive, Inc. Comm","NNM","802868","729466","443435","1.81",,
"2022-08-15","PANW","Palo Alto Networks, Inc. Commo","NNM","7124475","6954194","1295223","5.50",,
"2022-08-15","PCAR","PACCAR Inc. Common Stock","NNM","3732413","3428014","1506233","2.48",,
"2022-08-15","PEP","PepsiCo, Inc. Common Stock","NNM","8674833","9720623","3536046","2.45",,
"2022-08-15","PFE","Pfizer Inc.","NYSE","67935703","59897992","19875002","3.42",,
"2022-08-15","PG","Procter & Gamble Company","NYSE","13038185","13206271","6155341","2.12",,
"2022-08-15","PGR","Progressive Corporation","NYSE","4978602","5472177","2103801","2.37",,
"2022-08-15","PH","Parker-Hannifin Corporation","NYSE","1303120","1426707","696505","1.87",,
"2022-08-15","PLD","PROLOGIS, INC.","NYSE","18042931","17041095","2389554","7.55",,
"2022-08-15","PLTR","Palantir Technologies Inc. Cla","NYSE","116941493","113592513","48147011","2.43",,
"2022-08-15","PM","Philip Morris International In","NYSE","6892500","8922579","3726461","1.85",,
"2022-08-15","PNC","PNC Financial Services Group","NYSE","5509605","5595759","1342710","4.10",,
"2022-08-15","PSX","PHILLIPS 66","NYSE","10770943","10883660","2573467","4.19",,
"2022-08-15","PWR","Quanta Services, Inc.","NYSE","5200671","6292898","1123103","4.63",,
"2022-08-15","QCOM","QUALCOMM Incorporated Common S","NNM","14350373","15580576","6044480","2.37",,
"2022-08-15","RCL","Royal Caribbean Group","NYSE","20625168","16187258","9646456","2.14",,
"2022-08-15","REGN","Regeneron Pharmaceuticals, Inc","NNM","2931178","3068454","607697","4.82",,
"2022-08-15","ROST","Ross Stores, Inc. Common Stock","NNM","7917359","9156810","2220266","3.57",,
"2022-08-15","RSG","Republic Services Inc.","NYSE","1523196","1525186","1151907","1.32",,
"2022-08-15","RTX","Raytheon Technologies Corporat","NYSE","8881846","9908970","3959900","2.24",,
"2022-08-15","SBUX","Starbucks Corporation Common S","NNM","13015070","13794952","6285437","2.07",,
"2022-08-15","SCCO","Southern Copper Corporation","NYSE","5690209","6476318","1426970","3.99",,
"2022-08-15","SCHW","The Charles Schwab Corporation","NYSE","13576296","13209054","8709912","1.56",,
"2022-08-15","SHW","The Sherwin-Williams Company","NYSE","1835445","2616861","1770863","1.04",,
"2022-08-15","SNOW","Snowflake Inc.","NYSE","12146373","12649065","5584281","2.18",,
"2022-08-15","SNPS","Synopsys, Inc. Common Stock","NNM","1966378","1909304","919458","2.14",,
"2022-08-15","SO","The Southern Company","NYSE","12199885","13105967","4166882","2.93",,
"2022-08-15","SPCX","The SPAC and New Issue ETF","NNM","158287","176533","6085","26.01",,
"2022-08-15","SPG","Simon Property Group, Inc.","NYSE","6283281","6418381","1757556","3.58",,
"2022-08-15","SPGI","S&P Global Inc.","NYSE","12768485","7745137","1485251","8.60",,
"2022-08-15","SYK","Stryker Corporation","NYSE","5244266","5082009","1258200","4.17",,
"2022-08-15","T","AT&T Inc.","NYSE","77502567","80102492","36389703","2.13",,
"2022-08-15","TDG","TransDigm Group Incorporated","NYSE","1050904","990150","262812","4.00",,
"2022-08-15","TFC","Truist Financial Corporation","NYSE","13356851","12077539","4112946","3.25",,
"2022-08-15","TGT","Target Corporation","NYSE","7706532","6726711","3404154","2.26",,
"2022-08-15","TJX","TJX Companies, Inc. (The)","NYSE","10790726","14389792","4745366","2.27",,
"2022-08-15","TMO","Thermo Fisher Scientific, Inc.","NYSE","2816203","2663159","1054829","2.67",,
"2022-08-15","TMUS","T-Mobile US, Inc. Common Stock","NNM","14521343","13762186","3217918","4.51",,
"2022-08-15","TRV","The Travelers Companies, Inc.","NYSE","4423473","3991274","1085688","4.07",,
"2022-08-15","TSLA","Tesla, Inc. Common Stock","NNM","20109630","25022667","30094309","1.00",,
"2022-08-15","TXN","Texas Instruments Incorporated","NNM","15667997","16430770","4327663","3.62",,
"2022-08-15","UBER","Uber Technologies, Inc.","NYSE","60822072","61660594","41785073","1.46",,
"2022-08-15","UNH","UNITEDHEALTH GROUP INCORPORATE","NYSE","4730410","5228061","2138549","2.21",,
"2022-08-15","UNP","Union Pacific Corp.","NYSE","5724523","5677072","2122990","2.70",,
"2022-08-15","UPS","United Parcel Service, Inc. Cl","NYSE","14095519","12027163","2058233","6.85",,
"2022-08-15","URI","United Rentals, Inc.","NYSE","3015436","3170417","555342","5.43",,
"2022-08-15","USB","U.S. Bancorp","NYSE","10700208","11208058","5732103","1.87",,
"2022-08-15","V","VISA Inc.","NYSE","33639667","33543157","6601298","5.10",,
"2022-08-15","VLO","Valero Energy Corporation","NYSE","8560656","7923334","3940029","2.17",,
"2022-08-15","VRT","Vertiv Holdings Co Class A Com","NYSE","9908379","9212476","4691834","2.11",,
"2022-08-15","VRTX","Vertex Pharmaceuticals Incorpo","NNM","2566414","3416380","1534739","1.67",,
"2022-08-15","VZ","Verizon Communications","NYSE","28880927","39000834","18128047","1.59",,
"2022-08-15","WBD","Warner Bros. Discovery, Inc. S","NNM","60651601","59649981","33472382","1.81",,
"2022-08-15","WDC","Western Digital Corporation Co","NNM","6440005","6709431","3366229","1.91",,
"2022-08-15","WELL","Welltower Inc.","NYSE","13332459","13423330","2271671","5.87",,
"2022-08-15","WFC","Wells Fargo & Co.","NYSE","31102697","31896107","13918178","2.23",,
"2022-08-15","WM","Waste Management, Inc.","NYSE","3596166","3285098","1515927","2.37",,
"2022-08-15","WMB","Williams Companies Inc.","NYSE","20035331","21602134","6598314","3.04",,
"2022-08-15","WMT","Walmart Inc.","NYSE","15351254","15150828","9138245","1.68",,
"2022-08-15","XOM","Exxon Mobil Corporation","NYSE","32225157","36375774","19708168","1.64",,
"2022-09-15","AAPL","Apple Inc. Common Stock","NNM","116076947","113066596","87048374","1.33",,
"2022-09-15","ABBV","ABBVIE INC.","NYSE","12947137","11384956","4771594","2.71",,
"2022-09-15","ABNB","Airbnb, Inc. Class A Common St","NNM","18301207","16537998","5412893","3.38",,
"2022-09-15","ABT","Abbott Laboratories","NYSE","16028757","12941187","4991470","3.21",,
"2022-09-15","ADBE","Adobe Inc. Common Stock","NNM","4620508","4973784","5266590","1.00",,
"2022-09-15","ADI","Analog Devices, Inc. Common St","NNM","7649156","8636588","2999963","2.55",,
"2022-09-15","ADP","Automatic Data Processing, Inc","NNM","4610253","4600832","2045796","2.25",,
"2022-09-15","AEP","American Electric Power Compan","NNM","8189825","7970071","2498991","3.28",,
"2022-09-15","AFL","Aflac Inc.","NYSE","9619288","8777219","2943736","3.27",,
"2022-09-15","AJG","Arthur J. Gallagher & Co.","NYSE","2550987","2868567","1129097","2.26",,
"2022-09-15","ALL","The Allstate Corporation","NYSE","4961237","4702220","1543882","3.21",,
"2022-09-15","AMAT","Applied Materials, Inc. Common","NNM","9894150","10466892","6514147","1.52",,
"2022-09-15","AMD","Advanced Micro Devices, Inc. C","NNM","30951736","30934716","78002621","1.00",,
"2022-09-15","AMGN","Amgen Inc. Common Stock","NNM","16954695","16516589","2972839","5.70",,
"2022-09-15","AMT","American Tower Corporation","NYSE","3385545","3344349","1394251","2.43",,
"2022-09-15","AMZN","Amazon.com, Inc. Common Stock","NNM","77853906","71375116","52421558","1.49",,
"2022-09-15","ANET","Arista Networks","NYSE","3986711","4411474","1689951","2.36",,
"2022-09-15","AON","Aon plc Class A","NYSE","2102972","2074139","731146","2.88",,
"2022-09-15","APD","Air Products & Chemicals, Inc.","NYSE","1957240","2438845","880568","2.22",,
"2022-09-15","APH","Amphenol Corporation","NYSE","5141972","4937734","1702030","3.02",,
"2022-09-15","APO","Apollo Global Management, Inc.","NYSE","12245142","10851738","2199167","5.57",,
"2022-09-15","APP","Applovin Corporation Class A C","NNM","14879304","14346824","2344270","6.35",,
"2022-09-15","AVGO","Broadcom Inc. Common Stock","NNM","6172894","5672555","2719047","2.27",,
"2022-09-15","AXP","American Express Company","NYSE","9122975","9168079","2883880","3.16",,
"2022-09-15","BA","Boeing Company","NYSE","9629027","8878702","6651458","1.45",,
"2022-09-15","BAC","Bank of America Corporation","NYSE","84580352","69617654","38838656","2.18",,
"2022-09-15","BKNG","Booking Holdings Inc. Common S","NNM","620437","605673","407721","1.52",,
"2022-09-15","BLK","Blackrock, Inc.","NYSE","3105729","2546983","712942","4.36",,
"2022-09-15","BMY","Bristol-Myers Squibb Co.","NYSE","23093787","22710498","10835144","2.13",,
"2022-09-15","BNY","BlackRock New York Municipal I","NYSE","6055","9667","60777","1.00",,
"2022-09-15","BRKA","Berkshire Hathaway Inc.","NYSE","361","334","2603","1.00",,
"2022-09-15","BRKB","BERKSHIRE HATHAWAY Class B","NYSE","7466987","7835712","3710869","2.01",,
"2022-09-15","BSX","Boston Scientific Corp.","NYSE","16102565","15214559","6384395","2.52",,
"2022-09-15","BX","Blackstone Inc.","NYSE","17177840","15231379","2927808","5.87",,
"2022-09-15","C","Citigroup Inc.","NYSE","34605086","33647143","17571387","1.97",,
"2022-09-15","CAT","Caterpillar Inc.","NYSE","5643831","5083779","2207909","2.56",,
"2022-09-15","CDNS","Cadence Design Systems, Inc. C","NNM","2668030","2533302","1679590","1.59",,
"2022-09-15","CEG","Constellation Energy Corporati","NNM","4294513","3923727","2333079","1.84",,
"2022-09-15","CI","CIGNA Corporation","NYSE","4596655","4315295","2067025","2.22",,
"2022-09-15","CL","Colgate-Palmolive Company","NYSE","12972973","13318232","5305702","2.45",,
"2022-09-15","CMCSA","Comcast Corporation Class A Co","NNM","76567804","72188956","29793207","2.57",,
"2022-09-15","CME","CME Group Inc. Class A Common","NNM","4381662","3435725","1479343","2.96",,
"2022-09-15","CMI","Cummins Inc.","NYSE","2854886","2765616","648613","4.40",,
"2022-09-15","COF","Capital One Financial","NYSE","7312491","7550622","2439453","3.00",,
"2022-09-15","COP","ConocoPhillips","NYSE","17627014","19661280","7285048","2.42",,
"2022-09-15","COST","Costco Wholesale Corporation C","NNM","4262094","4098056","1943693","2.19",,
"2022-09-15","CRM","Salesforce, Inc.","NYSE","13293616","12016491","6699548","1.98",,
"2022-09-15","CRWD","CrowdStrike Holdings, Inc. Cla","NNM","14183077","13790123","3695355","3.84",,
"2022-09-15","CSCO","Cisco Systems, Inc. Common Sto","NNM","38247511","33871831","17944282","2.13",,
"2022-09-15","CSX","CSX Corporation Common Stock","NNM","23803272","19612423","16306137","1.46",,
"2022-09-15","CTAS","Cintas Corporation Common Stoc","NNM","1205745","967024","460118","2.62",,
"2022-09-15","CVNA","Carvana Co.","NYSE","28937273","26852933","7429229","3.90",,
"2022-09-15","CVS","CVS HEALTH CORPORATION","NYSE","14379029","13475818","4679767","3.07",,
"2022-09-15","CVX","Chevron Corporation","NYSE","23372393","23717096","9131271","2.56",,
"2022-09-15","D","Dominion Energy, Inc Common St","NYSE","7583113","8537908","3510542","2.16",,
"2022-09-15","DASH","DoorDash, Inc.","NYSE","18705029","15614466","5780064","3.24",,
"2022-09-15","DDOG","Datadog, Inc. Class A Common S","NNM","10968099","10948695","4374997","2.51",,
"2022-09-15","DE","Deere & Company","NYSE","3275995","3502684","1127212","2.91",,
"2022-09-15","DELL","Dell Technologies Inc.","NYSE","7329011","7230961","3555708","2.06",,
"2022-09-15","DHR","Danaher Corporation","NYSE","4437951","4132693","2254623","1.97",,
"2022-09-15","DIS","The Walt Disney Company","NYSE","20519060","19644075","8870984","2.31",,
"2022-09-15","DLR","Digital Realty Trust, Inc.","NYSE","8106329","7278466","1376144","5.89",,
"2022-09-15","DUK","Duke Energy Corporation","NYSE","7722745","7273064","2177220","3.55",,
