"settlementDate","symbolCode","issueName","marketClassCode","currentShortPositionQuantity","previousShortPositionQuantity","averageDailyVolumeQuantity","daysToCoverQuantity","stockSplitFlag","revisionFlag"
"2020-02-28","GWW","W.W. Grainger, Inc.","NYSE","1464254","1497896","347386","4.22",,
"2020-02-28","HCA","HCA Healthcare, Inc.","NYSE","3539712","3616510","2068608","1.71",,
"2020-02-28","HD","Home Depot, Inc.","NYSE","8541410","9501816","5888278","1.45",,
"2020-02-28","HLT","Hilton Worldwide Holdings Inc.","NYSE","6026247","4907147","4024353","1.50",,
"2020-02-28","HON","Honeywell International, Inc.","NYSE","7848129","7649042","3642162","2.15",,
"2020-02-28","HPE","Hewlett Packard Enterprise Com","NYSE","43234907","42911569","10958097","3.95",,
"2020-02-28","IBKR","Interactive Brokers Group, Inc","NNM","6323832","6365592","771311","8.20",,
"2020-02-28","IBM","International Business Machine","NYSE","18670312","18930938","5666845","3.29",,
"2020-02-28","ICE","Intercontinental Exchange  Inc","NYSE","4488570","4384457","3458734","1.30",,
"2020-02-28","INTC","Intel Corporation Common Stock","NNM","47714258","47666089","29313043","1.63",,
"2020-02-28","INTU","Intuit Inc. Common Stock","NNM","2851536","2983857","1854723","1.54",,
"2020-02-28","ISRG","Intuitive Surgical, Inc. Commo","NNM","2007339","1887333","898785","2.23",,
"2020-02-28","ITW","Illinois Tool Works Inc.","NYSE","7201958","6694820","1556404","4.63",,
"2020-02-28","JNJ","Johnson & Johnson","NYSE","16625280","18159956","10243703","1.62",,
"2020-02-28","JPM","JPMorgan Chase & Co.","NYSE","24737421","24456700","17940450","1.38",,
"2020-02-28","KKR","KKR & Co. Inc. Class A Common","NYSE","11949938","11945836","3706890","3.22",,
"2020-02-28","KLAC","KLA Corporation Common Stock","NNM","2211528","2210800","2242982","1.00",,
"2020-02-28","KMI","Kinder Morgan, Inc.","NYSE","33101361","32364136","18680459","1.77",,
"2020-02-28","KO","Coca-Cola Company","NYSE","34548949","38342179","16177521","2.14",,
"2020-02-28","LIN","Linde plc Ordinary Share","NYSE","5494372","5376849","2558337","2.15",,
"2020-02-28","LLY","Eli Lilly & Co.","NYSE","10892998","12248540","4137666","2.63",,
"2020-02-28","LMT","Lockheed Martin Corp.","NYSE","3519184","3829273","1496145","2.35",,
"2020-02-28","LOW","Lowe's Companies Inc.","NYSE","12497769","9982621","6515457","1.92",,
"2020-02-28","LRCX","Lam Research Corporation Commo","NNM","3456773","4244110","2488450","1.39",,
"2020-02-28","MA","Mastercard Incorporated","NYSE","6741004","6430578","8062870","1.00",,
"2020-02-28","MAR","Marriott International Class A","NNM","6365743","6312856","3810945","1.67",,
"2020-02-28","MCD","McDonald''s Corporation","NYSE","8815769","7607448","4650293","1.90",,
"2020-02-28","MCK","McKesson Corporation","NYSE","18863037","7908837","5406072","3.49",,
"2020-02-28","MCO","Moody's Corporation","NYSE","2474610","2385434","1192771","2.07",,
"2020-02-28","MDLZ","Mondelez International, Inc. C","NNM","13475080","14643093","8356754","1.61",,
"2020-02-28","MDT","Medtronic plc","NYSE","9958879","10099236","7160617","1.39",,
"2020-02-28","MMM","3M Company","NYSE","9225561","9290653","5043775","1.83",,
"2020-02-28","MNST","Monster Beverage Corporation","NNM","7378384","9261792","3978969","1.85",,
"2020-02-28","MO","Altria Group, Inc.","NYSE","12889612","14738540","12900330","1.00",,
"2020-02-28","MPC","MARATHON PETROLEUM CORPORATION","NYSE","17610504","16959254","9441863","1.87",,
"2020-02-28","MPWR","Monolithic Power Systems, Inc.","NNM","1017014","854595","365245","2.78",,
"2020-02-28","MRK","Merck & Co., Inc.","NYSE","20780382","22555495","13341912","1.56",,
"2020-02-28","MRVL","Marvell Technology Group Ltd.","NNM","27383289","27841736","11724168","2.34",,
"2020-02-28","MS","Morgan Stanley","NYSE","38216948","16917009","26819239","1.42",,
"2020-02-28","MSFT","Microsoft Corporation Common S","NNM","37031775","56193866","58388230","1.00",,
"2020-02-28","MSI","Motorola Solutions, Inc. New","NYSE","2098401","2353292","1140567","1.84",,
"2020-02-28","MU","Micron Technology, Inc. Common","NNM","23508867","22827522","30251082","1.00",,
"2020-02-28","NEE","Nextra Energy, Inc.","NYSE","6748272","5600226","3436576","1.96",,
"2020-02-28","NEM","Newmont Corporation","NYSE","16986949","14894951","11894208","1.43",,
"2020-02-28","NET","Cloudflare, Inc. Class A commo","NYSE","5239884","5163888","5437039","1.00",,
"2020-02-28","NFLX","Netflix, Inc. Common Stock","NNM","19041477","19660890","6935756","2.75",,
"2020-02-28","NKE","Nike, Inc.","NYSE","10526359","8921581","8884694","1.18",,
"2020-02-28","NOC","Northrop Grumman Corp.","NYSE","1595318","1600236","1324199","1.20",,
"2020-02-28","NOW","SERVICENOW, INC.","NYSE","6841709","7034444","1982714","3.45",,
"2020-02-28","NSC","Norfolk Southern Corp.","NYSE","3672156","3581610","1909729","1.92",,
"2020-02-28","NVDA","NVIDIA Corporation Common Stoc","NNM","9031059","10901963","21042212","1.00",,
"2020-02-28","O","Realty Income Corporation","NYSE","9688029","9826176","4330642","2.24",,
"2020-02-28","ORCL","Oracle Corp","NYSE","38027579","38848409","12155009","3.13",,
"2020-02-28","ORLY","O'Reilly Automotive, Inc. Comm","NNM","1099871","1013136","988487","1.11",,
"2020-02-28","PANW","PALO ALTO NETWORKS, INC","NYSE","7608574","2692291","3047808","2.50",,
"2020-02-28","PCAR","PACCAR Inc. Common Stock","NNM","5070652","5643758","2252514","2.25",,
"2020-02-28","PEP","PepsiCo, Inc. Common Stock","NNM","10960810","12320012","6316924","1.74",,
"2020-02-28","PFE","Pfizer Inc.","NYSE","53667518","58668786","37994651","1.41",,
"2020-02-28","PG","Procter & Gamble Company","NYSE","21136526","19900952","9526725","2.22",,
"2020-02-28","PGR","Progressive Corporation","NYSE","5258535","6447891","3816910","1.38",,
"2020-02-28","PH","Parker-Hannifin Corporation","NYSE","2023215","2273030","1327450","1.52",,
"2020-02-28","PLD","PROLOGIS, INC.","NYSE","8433271","9461860","5112640","1.65",,
"2020-02-28","PM","Philip Morris International In","NYSE","12268354","12161040","6723186","1.82",,
"2020-02-28","PNC","PNC Financial Services Group","NYSE","5266787","4763817","2531177","2.08",,
"2020-02-28","PSX","PHILLIPS 66","NYSE","5613393","5515421","4271264","1.31",,
"2020-02-28","PWR","Quanta Services, Inc.","NYSE","6816401","6188410","2020850","3.37",,
"2020-02-28","QCOM","QUALCOMM Incorporated Common S","NNM","19295860","18658991","12849050","1.50",,
"2020-02-28","RCL","Royal Caribbean Cruises Ltd.","NYSE","5817999","5693784","6620894","1.00",,
"2020-02-28","REGN","Regeneron Pharmaceuticals, Inc","NNM","2876199","2648570","1646742","1.75",,
"2020-02-28","ROST","Ross Stores, Inc. Common Stock","NNM","4804190","4472969","2031984","2.36",,
"2020-02-28","RSG","Republic Services Inc.","NYSE","3796662","3730527","1515851","2.50",,
"2020-02-28","SBUX","Starbucks Corporation Common S","NNM","13931414","12963965","9625326","1.45",,
"2020-02-28","SCCO","Southern Copper Corporation","NYSE","5540200","5562940","927684","5.97",,
"2020-02-28","SCHW","The Charles Schwab Corporation","NYSE","64758894","63502743","16128415","4.02",,
"2020-02-28","SHW","The Sherwin-Williams Company","NYSE","1172824","1075586","656089","1.79",,
"2020-02-28","SNPS","Synopsys, Inc. Common Stock","NNM","3251363","2153400","2412619","1.35",,
"2020-02-28","SO","The Southern Company","NYSE","14184986","17215069","6724104","2.11",,
"2020-02-28","SPG","Simon Property Group, Inc.","NYSE","17158183","18477476","3137351","5.47",,
"2020-02-28","SPGI","S&P Global Inc.","NYSE","4211935","5218451","1828764","2.30",,
"2020-02-28","SYK","Stryker Corporation","NYSE","3849022","3413130","1812372","2.12",,
"2020-02-28","T","AT&T Inc.","NYSE","116793897","121011776","45999158","2.54",,
"2020-02-28","TDG","TransDigm Group Incorporated","NYSE","2032918","2081776","501089","4.06",,
"2020-02-28","TFC","Truist Financial Corporation","NYSE","15022676","15304221","6462919","2.32",,
"2020-02-28","TGT","Target Corporation","NYSE","11964529","13371975","4796110","2.49",,
"2020-02-28","TJX","TJX Companies, Inc. (The)","NYSE","12892667","11369210","7643402","1.69",,
"2020-02-28","TMO","Thermo Fisher Scientific, Inc.","NYSE","4123111","3854562","2094736","1.97",,
"2020-02-28","TMUS","T-Mobile US, Inc. Common Stock","NNM","15885704","12093141","6550287","2.43",,
"2020-02-28","TRV","The Travelers Companies, Inc.","NYSE","3620613","3748705","1946251","1.86",,
"2020-02-28","TSLA","Tesla, Inc. Common Stock","NNM","16680531","18385351","18790064","1.00",,
"2020-02-28","TXN","Texas Instruments Incorporated","NNM","18023595","17710898","5910451","3.05",,
"2020-02-28","UBER","Uber Technologies, Inc.","NYSE","45302388","38004879","37852655","1.20",,
"2020-02-28","UNH","UNITEDHEALTH GROUP INCORPORATE","NYSE","8784003","9105034","5941874","1.48",,
"2020-02-28","UNP","Union Pacific Corp.","NYSE","11188446","6747413","5040717","2.22",,
"2020-02-28","UPS","United Parcel Service, Inc. Cl","NYSE","14734282","11486617","6469914","2.28",,
"2020-02-28","URI","United Rentals, Inc.","NYSE","5079348","4954699","1371197","3.70",,
"2020-02-28","USB","U.S. Bancorp","NYSE","16465709","14241710","9865337","1.67",,
"2020-02-28","V","VISA Inc.","NYSE","26118842","25402801","13070092","2.00",,
"2020-02-28","VLO","Valero Energy Corporation","NYSE","8438658","7596863","3946870","2.14",,
"2020-02-28","VRT","Vertiv Holdings, LLC Class A C","NYSE","4752469","2517704","2655182","1.79",,
"2020-02-28","VRTX","Vertex Pharmaceuticals Incorpo","NNM","2881827","2633208","1596425","1.81",,
"2020-02-28","VZ","Verizon Communications","NYSE","42627346","35057064","20558463","2.07",,
"2020-02-28","WDC","Western Digital Corporation Co","NNM","7301591","8146703","4638127","1.57",,
"2020-02-28","WELL","Welltower Inc.","NYSE","14989829","14206770","3377014","4.44",,
"2020-02-28","WFC","Wells Fargo & Co.","NYSE","43395038","38922951","30026507","1.45",,
"2020-02-28","WM","Waste Management, Inc.","NYSE","6011834","4585481","2973652","2.02",,
"2020-02-28","WMB","Williams Companies Inc.","NYSE","25462253","24689652","16451548","1.55",,
"2020-02-28","WMT","Walmart Inc.","NYSE","16299857","19480974","8668908","1.88",,
"2020-02-28","XOM","Exxon Mobil Corporation","NYSE","44775310","39327531","30647308","1.46",,
"2020-01-31","AAPL","Apple Inc. Common Stock","NNM","41543664","41597446","31320132","1.33",,
"2020-01-31","ABBV","ABBVIE INC.","NYSE","74740028","76675797","9244549","8.08",,
"2020-01-31","ABT","Abbott Laboratories","NYSE","18155594","20845664","5315358","3.42",,
"2020-01-31","ADBE","Adobe Inc. Common Stock","NNM","4762700","5233155","1875010","2.54",,
"2020-01-31","ADI","Analog Devices, Inc. Common St","NNM","4784473","4107561","2151301","2.22",,
"2020-01-31","ADP","Automatic Data Processing, Inc","NNM","5126320","4788184","2013778","2.55",,
"2020-01-31","AEP","American Electric Power Compan","NYSE","8280572","8497994","2500222","3.31",,
"2020-01-31","AFL","Aflac Inc.","NYSE","12562320","12457305","2456806","5.11",,
"2020-01-31","AJG","Arthur J. Gallagher & Co.","NYSE","2924433","2867914","596364","4.90",,
"2020-01-31","ALL","The Allstate Corporation","NYSE","3920403","4369409","1424673","2.75",,
"2020-01-31","AMAT","Applied Materials, Inc. Common","NNM","14026400","17923656","6322718","2.22",,
"2020-01-31","AMD","Advanced Micro Devices, Inc. C","NNM","76491709","87782934","56397503","1.36",,
"2020-01-31","AMGN","Amgen Inc. Common Stock","NNM","9409078","9416242","2390537","3.94",,
"2020-01-31","AMT","American Tower Corporation","NYSE","4194095","4355859","1362019","3.08",,
"2020-01-31","AMZN","Amazon.com, Inc. Common Stock","NNM","3521884","3744576","3135423","1.12",,
"2020-01-31","ANET","Arista Networks","NYSE","2379107","2314695","738637","3.22",,
"2020-01-31","AON","Aon plc Class A","NYSE","1439762","1433374","748410","1.92",,
"2020-01-31","APD","Air Products & Chemicals, Inc.","NYSE","3049731","3378566","1142528","2.67",,
"2020-01-31","APH","Amphenol Corporation","NYSE","2480343","2711203","1358452","1.83",,
"2020-01-31","APO","Apollo Global Management, Inc.","NYSE","5848586","9103224","2398026","2.44",,
"2020-01-31","AVGO","Broadcom Inc. Common Stock","NNM","4935954","4512885","2650252","1.86",,
"2020-01-31","AXP","American Express Company","NYSE","7644304","7771292","3565233","2.14",,
"2020-01-31","BA","Boeing Company","NYSE","7684736","6447654","10195215","1.00",,
"2020-01-31","BAC","Bank of America Corporation","NYSE","69579388","91617261","42875585","1.62",,
"2020-01-31","BKNG","Booking Holdings Inc. Common S","NNM","1108643","929180","478853","2.32",,
"2020-01-31","BLK","Blackrock, Inc.","NYSE","1321040","1303511","592345","2.23",,
"2020-01-31","BMY","Bristol-Myers Squibb Co.","NYSE","63722680","54995903","12855879","4.96",,
"2020-01-31","BNY","BlackRock New York Municipal I","NYSE","20457","504","20734","1.00",,
"2020-01-31","BRKA","Berkshire Hathaway Inc.","NYSE","189","206","233","1.00",,
"2020-01-31","BRKB","BERKSHIRE HATHAWAY Class B","NYSE","13518866","16136662","3832432","3.53",,
"2020-01-31","BSX","Boston Scientific Corp.","NYSE","12964654","11610589","7397826","1.75",,
"2020-01-31","BX","The Blackstone Group Inc. Clas","NYSE","15719934","16727429","4760729","3.30",,
"2020-01-31","C","Citigroup Inc.","NYSE","18567968","19971334","10623612","1.75",,
"2020-01-31","CAT","Caterpillar Inc.","NYSE","5480878","6858504","2759878","1.99",,
"2020-01-31","CDNS","Cadence Design Systems, Inc. C","NNM","5056721","5471429","1150091","4.40",,
"2020-01-31","CI","CIGNA Corporation","NYSE","4726208","5417578","1659487","2.85",,
"2020-01-31","CL","Colgate-Palmolive Company","NYSE","13357262","13914801","3168458","4.22",,
"2020-01-31","CMCSA","Comcast Corporation Class A Co","NNM","81271739","79756352","22991021","3.53",,
"2020-01-31","CME","CME Group Inc. Class A Common","NNM","6487458","6423479","1119796","5.79",,
"2020-01-31","CMI","Cummins Inc.","NYSE","4493288","5100561","1061716","4.23",,
"2020-01-31","COF","Capital One Financial","NYSE","4566333","5036808","2613400","1.75",,
"2020-01-31","COP","ConocoPhillips","NYSE","8380942","12180850","5261848","1.59",,
"2020-01-31","COST","Costco Wholesale Corporation C","NNM","4276140","5122743","1848407","2.31",,
"2020-01-31","CRM","salesforce.com, inc.","NYSE","14635798","16499371","3850958","3.80",,
"2020-01-31","CRWD","CrowdStrike Holdings, Inc. Cla","NNM","4240950","3932809","4400066","1.00",,
"2020-01-31","CSCO","Cisco Systems, Inc. Common Sto","NNM","37305082","35475396","16239844","2.30",,
"2020-01-31","CSX","CSX Corporation Common Stock","NNM","8972577","8430048","4544777","1.97",,
"2020-01-31","CTAS","Cintas Corporation Common Stoc","NNM","2939572","3035825","349616","8.41",,
"2020-01-31","CVNA","Carvana Co.","NYSE","18316065","18327366","1322139","13.85",,
"2020-01-31","CVS","CVS HEALTH CORPORATION","NYSE","18681219","20568845","6377678","2.93",,
"2020-01-31","CVX","Chevron Corporation","NYSE","20778237","21108725","6403204","3.24",,
"2020-01-31","D","Dominion Energy, Inc Common St","NYSE","11723880","12329351","2661647","4.40",,
"2020-01-31","DDOG","Datadog, Inc. Class A Common S","NNM","3002210","3423384","1814418","1.65",,
"2020-01-31","DE","Deere & Company","NYSE","4252159","4550182","1467902","2.90",,
"2020-01-31","DELL","Dell Technologies Inc.","NYSE","5783129","6028890","1985330","2.91",,
"2020-01-31","DHR","Danaher Corporation","NYSE","7740067","9650140","2138318","3.62",,
"2020-01-31","DIS","The Walt Disney Company","NYSE","19118687","18770330","9338224","2.05",,
"2020-01-31","DLR","Digital Realty Trust, Inc.","NYSE","26028840","24913586","1490218","17.47",,
"2020-01-31","DUK","Duke Energy Corporation","NYSE","39346267","38882058","2835981","13.87",,
"2020-01-31","ECL","Ecolab, Inc.","NYSE","3616354","3205315","969985","3.73",,
"2020-01-31","EMR","Emerson Electric Co.","NYSE","6432386","6160355","2825247","2.28",,
"2020-01-31","EOG","EOG Resources, Inc.","NYSE","9613029","10715134","3429324","2.80",,
"2020-01-31","EPD","Enterprise Products Partners L","NYSE","35826039","40308375","6048667","5.92",,
"2020-01-31","EQIX","Equinix, Inc. Common Stock REI","NNM","939030","1083447","385405","2.44",,
"2020-01-31","FCX","Freeport-McMoran Inc.","NYSE","56650389","56799374","29166957","1.94",,
"2020-01-31","FDX","FedEx Corporation","NYSE","7145277","7356172","2186976","3.27",,
"2020-01-31","FTNT","Fortinet, Inc. Common Stock","NNM","2918657","4100916","941648","3.10",,
"2020-01-31","GD","General Dynamics Corporation","NYSE","3746405","3105095","1350747","2.77",,
"2020-01-31","GE","General Electric Company","NYSE","88896985","98254400","68050420","1.31",,
"2020-01-31","GILD","Gilead Sciences, Inc. Common S","NNM","20589567","17776670","10352162","1.99",,
"2020-01-31","GLW","Corning Incorporated","NYSE","27675446","28272064","6025451","4.59",,
"2020-01-31","GM","General Motors Company","NYSE","21241372","20132603","8344069","2.55",,"R"
"2020-01-31","GOOG","Alphabet Inc. Class C Capital","NNM","3520621","3480684","1460044","2.41",,
"2020-01-31","GOOGL","Alphabet Inc. Class A Common S","NNM","2982155","3126868","1472762","2.02",,
"2020-01-31","GS","Goldman Sachs Group Inc.","NYSE","5445178","6615762","2717232","2.00",,
"2020-01-31","GWW","W.W. Grainger, Inc.","NYSE","1872115","1909876","358156","5.23",,
"2020-01-31","HCA","HCA Healthcare, Inc.","NYSE","3494790","3753689","1471350","2.38",,
"2020-01-31","HD","Home Depot, Inc.","NYSE","9204853","9467304","4166241","2.21",,
"2020-01-31","HLT","Hilton Worldwide Holdings Inc.","NYSE","5232468","6312023","2149651","2.43",,
"2020-01-31","HON","Honeywell International, Inc.","NYSE","6238604","6410717","2182774","2.86",,
"2020-01-31","HPE","Hewlett Packard Enterprise Com","NYSE","43780665","41632073","8973117","4.88",,
"2020-01-31","IBKR","Interactive Brokers Group, Inc","NNM","6267745","5910843","533526","11.75",,
"2020-01-31","IBM","International Business Machine","NYSE","16622795","16816455","5511589","3.02",,
"2020-01-31","ICE","Intercontinental Exchange  Inc","NYSE","4704581","4768198","1924252","2.44",,
"2020-01-31","INTC","Intel Corporation Common Stock","NNM","46611941","55762663","29687533","1.57",,
"2020-01-31","INTU","Intuit Inc. Common Stock","NNM","3355388","3175709","1210164","2.77",,
"2020-01-31","ISRG","Intuitive Surgical, Inc. Commo","NNM","1787156","1760574","813094","2.20",,
"2020-01-31","ITW","Illinois Tool Works Inc.","NYSE","7052890","6978268","1212943","5.81",,
"2020-01-31","JNJ","Johnson & Johnson","NYSE","20871705","20423117","7346951","2.84",,
"2020-01-31","JPM","JPMorgan Chase & Co.","NYSE","24754113","25205494","10028651","2.47",,
"2020-01-31","KKR","KKR & Co. Inc. Class A Common","NYSE","12355526","14238976","3245749","3.81",,
"2020-01-31","KLAC","KLA Corporation Common Stock","NNM","3137003","3656995","1128883","2.78",,
"2020-01-31","KMI","Kinder Morgan, Inc.","NYSE","39077047","34603413","13170163","2.97",,
"2020-01-31","KO","Coca-Cola Company","NYSE","36185124","36634601","12162777","2.98",,
"2020-01-31","LIN","Linde plc Ordinary Share","NYSE","5647581","5951187","1276490","4.42",,
"2020-01-31","LLY","Eli Lilly & Co.","NYSE","12566602","12983489","3330713","3.77",,
"2020-01-31","LMT","Lockheed Martin Corp.","NYSE","3697044","4022712","1147057","3.22",,
"2020-01-31","LOW","Lowe's Companies Inc.","NYSE","10613634","9174569","3437915","3.09",,
"2020-01-31","LRCX","Lam Research Corporation Commo","NNM","4085432","5377526","1738120","2.35",,
"2020-01-31","MA","Mastercard Incorporated","NYSE","7092815","8521221","3749199","1.89",,
"2020-01-31","MAR","Marriott International Class A","NNM","6407495","7385560","1593319","4.02",,
"2020-01-31","MCD","McDonald''s Corporation","NYSE","7813971","8772812","3286420","2.38",,
"2020-01-31","MCK","McKesson Corporation","NYSE","3699105","3870158","1108227","3.34",,
"2020-01-31","MCO","Moody's Corporation","NYSE","2263636","2391317","612771","3.69",,
"2020-01-31","MDLZ","Mondelez International, Inc. C","NNM","10722375","13008084","7058492","1.52",,
"2020-01-31","MDT","Medtronic plc","NYSE","11639817","11783482","3808269","3.06",,
"2020-01-31","MMM","3M Company","NYSE","8907413","10694481","3601255","2.47",,
"2020-01-31","MNST","Monster Beverage Corporation","NNM","9227118","10766609","2294706","4.02",,
"2020-01-31","MO","Altria Group, Inc.","NYSE","15081564","16032710","8442723","1.79",,
"2020-01-31","MPC","MARATHON PETROLEUM CORPORATION","NYSE","16775829","16378120","5623215","2.98",,
"2020-01-31","MPWR","Monolithic Power Systems, Inc.","NNM","884992","942559","295164","3.00",,
"2020-01-31","MRK","Merck & Co., Inc.","NYSE","25328920","24916308","8954918","2.83",,
"2020-01-31","MRVL","Marvell Technology Group Ltd.","NNM","33155017","45022390","11047763","3.00",,
"2020-01-31","MS","Morgan Stanley","NYSE","16615576","18379888","12592549","1.32",,
"2020-01-31","MSFT","Microsoft Corporation Common S","NNM","56674560","63639312","27250621","2.08",,
"2020-01-31","MSI","Motorola Solutions, Inc. New","NYSE","2471531","2559796","741008","3.34",,
"2020-01-31","MU","Micron Technology, Inc. Common","NNM","23733555","27009983","21923924","1.08",,
"2020-01-31","NEE","Nextra Energy, Inc.","NYSE","6003394","6725044","1946054","3.08",,
"2020-01-31","NEM","Newmont Corporation","NYSE","17273033","16126280","5688617","3.04",,"R"
"2020-01-31","NET","Cloudflare, Inc. Class A commo","NYSE","5030234","5120888","514258","9.78",,
"2020-01-31","NFLX","Netflix, Inc. Common Stock","NNM","19096903","20487623","10049874","1.90",,
"2020-01-31","NKE","Nike, Inc.","NYSE","9028951","8710129","5523192","1.63",,
"2020-01-31","NOC","Northrop Grumman Corp.","NYSE","1869642","2182542","870589","2.15",,
"2020-01-31","NOW","SERVICENOW, INC.","NYSE","6782080","10855375","2077927","3.26",,
"2020-01-31","NSC","Norfolk Southern Corp.","NYSE","3317287","3673548","1573983","2.11",,
"2020-01-31","NVDA","NVIDIA Corporation Common Stoc","NNM","9607083","9535377","6676835","1.44",,
"2020-01-31","O","Realty Income Corporation","NYSE","9996071","9141453","1694359","5.90",,
"2020-01-31","ORCL","Oracle Corp","NYSE","37028625","36351435","7234876","5.12",,
"2020-01-31","ORLY","O'Reilly Automotive, Inc. Comm","NNM","877334","963376","525652","1.67",,
"2020-01-31","PANW","PALO ALTO NETWORKS, INC","NYSE","2406029","2872673","751121","3.20",,"R"
"2020-01-31","PCAR","PACCAR Inc. Common Stock","NNM","6041111","6911819","1661196","3.64",,
"2020-01-31","PEP","PepsiCo, Inc. Common Stock","NNM","12531115","13788213","3855267","3.25",,
"2020-01-31","PFE","Pfizer Inc.","NYSE","61026207","56967572","26778436","2.28",,
"2020-01-31","PG","Procter & Gamble Company","NYSE","19746278","19284884","7346289","2.69",,
"2020-01-31","PGR","Progressive Corporation","NYSE","6268257","5924301","2902401","2.16",,
"2020-01-31","PH","Parker-Hannifin Corporation","NYSE","1575287","2132986","970018","1.62",,
"2020-01-31","PLD","PROLOGIS, INC.","NYSE","20154765","18067847","2844957","7.08",,
"2020-01-31","PM","Philip Morris International In","NYSE","11062684","11452379","4278545","2.59",,
"2020-01-31","PNC","PNC Financial Services Group","NYSE","4290536","5477651","2149200","2.00",,
"2020-01-31","PSX","PHILLIPS 66","NYSE","5143303","6433153","2364049","2.18",,
"2020-01-31","PWR","Quanta Services, Inc.","NYSE","6375111","6004895","826325","7.72",,
"2020-01-31","QCOM","QUALCOMM Incorporated Common S","NNM","14531728","13934234","9833464","1.48",,
"2020-01-31","RCL","Royal Caribbean Cruises Ltd.","NYSE","4176934","4291685","2313731","1.81",,
"2020-01-31","REGN","Regeneron Pharmaceuticals, Inc","NNM","2889152","2624477","801347","3.61",,
"2020-01-31","ROST","Ross Stores, Inc. Common Stock","NNM","4118567","4446709","1657517","2.48",,
"2020-01-31","RSG","Republic Services Inc.","NYSE","3336945","2774110","910854","3.66",,
"2020-01-31","SBUX","Starbucks Corporation Common S","NNM","13987629","16290735","8368018","1.67",,
"2020-01-31","SCCO","Southern Copper Corporation","NYSE","5340051","4328374","866803","6.16",,"R"
"2020-01-31","SCHW","The Charles Schwab Corporation","NYSE","61093588","52911070","8475468","7.21",,
"2020-01-31","SHW","The Sherwin-Williams Company","NYSE","1193322","1275790","502374","2.38",,
"2020-01-31","SNPS","Synopsys, Inc. Common Stock","NNM","1762070","2226327","853590","2.06",,
"2020-01-31","SO","The Southern Company","NYSE","18905040","20175989","3800029","4.97",,
"2020-01-31","SPG","Simon Property Group, Inc.","NYSE","13264210","12187140","1545302","8.58",,
"2020-01-31","SPGI","S&P Global Inc.","NYSE","3031591","3837745","958270","3.16",,
"2020-01-31","SYK","Stryker Corporation","NYSE","3665487","3827281","1884393","1.95",,
"2020-01-31","T","AT&T Inc.","NYSE","133718131","164971167","34454600","3.88",,
"2020-01-31","TDG","TransDigm Group Incorporated","NYSE","2339928","2575504","318633","7.34",,
"2020-01-31","TFC","Truist Financial Corporation","NYSE","13036298","13572361","5435708","2.40",,
"2020-01-31","TGT","Target Corporation","NYSE","13587874","15394307","5388086","2.52",,
"2020-01-31","TJX","TJX Companies, Inc. (The)","NYSE","11514113","13586575","3774436","3.05",,
"2020-01-31","TMO","Thermo Fisher Scientific, Inc.","NYSE","2744328","3554580","1306648","2.10",,
"2020-01-31","TMUS","T-Mobile US, Inc. Common Stock","NNM","7389700","9659600","2230404","3.31",,
"2020-01-31","TRV","The Travelers Companies, Inc.","NYSE","3998242","4171165","1539582","2.60",,
"2020-01-31","TSLA","Tesla, Inc. Common Stock","NNM","22752621","24954265","17334224","1.31",,
"2020-01-31","TXN","Texas Instruments Incorporated","NNM","17018269","19503325","5715175","2.98",,
"2020-01-31","UBER","Uber Technologies, Inc.","NYSE","43750045","50687473","22563961","1.94",,
"2020-01-31","UNH","UNITEDHEALTH GROUP INCORPORATE","NYSE","9523886","9620105","3653454","2.61",,
"2020-01-31","UNP","Union Pacific Corp.","NYSE","6683180","6295311","3097201","2.16",,
"2020-01-31","UPS","United Parcel Service, Inc. Cl","NYSE","10594950","11289371","2998938","3.53",,
"2020-01-31","URI","United Rentals, Inc.","NYSE","4874243","5166250","1143074","4.26",,
"2020-01-31","USB","U.S. Bancorp","NYSE","14300803","14598278","6798556","2.10",,
"2020-01-31","V","VISA Inc.","NYSE","25278275","30709317","8345573","3.03",,
"2020-01-31","VLO","Valero Energy Corporation","NYSE","6820988","7569312","2741679","2.49",,
"2020-01-31","VRTX","Vertex Pharmaceuticals Incorpo","NNM","3135061","3546001","1073831","2.92",,
"2020-01-31","VZ","Verizon Communications","NYSE","37092983","34368477","11481503","3.23",,
"2020-01-31","WDC","Western Digital Corporation Co","NNM","8056166","10225341","4420542","1.82",,
"2020-01-31","WELL","Welltower Inc.","NYSE","14705439","13821063","1760788","8.35",,
"2020-01-31","WFC","Wells Fargo & Co.","NYSE","41308859","43236253","20202925","2.04",,
"2020-01-31","WM","Waste Management, Inc.","NYSE","5731100","5382186","1355681","4.23",,
"2020-01-31","WMB","Williams Companies Inc.","NYSE","25697458","25759243","11545384","2.23",,
"2020-01-31","WMT","Walmart Inc.","NYSE","20752783","17739112","5184643","4.00",,
"2020-01-31","XOM","Exxon Mobil Corporation","NYSE","42497644","39576431","16183132","2.63",,
"2019-11-29","AAPL","Apple Inc. Common Stock","NNM","63489595","46016361","21052135","3.02",,
"2019-11-29","ABBV","ABBVIE INC.","NYSE","68396385","70925988","7260992","9.42",,
"2019-11-29","ABT","Abbott Laboratories","NYSE","18863056","17504693","4922421","3.83",,
"2019-11-29","ADBE","Adobe Inc. Common Stock","NNM","8042228","7757003","1799226","4.47",,
"2019-11-29","ADI","Analog Devices, Inc. Common St","NNM","4275297","5041664","2978525","1.44",,
"2019-11-29","ADP","Automatic Data Processing, Inc","NNM","4156171","4343443","1283832","3.24",,
"2019-11-29","AEP","American Electric Power Compan","NYSE","7312876","6333786","2318100","3.15",,
"2019-11-29","AFL","Aflac Inc.","NYSE","9968037","9070838","2351282","4.24",,
"2019-11-29","AJG","Arthur J. Gallagher & Co.","NYSE","2886124","3107303","707848","4.08",,
"2019-11-29","ALL","The Allstate Corporation","NYSE","4947909","6724858","1492618","3.31",,
"2019-11-29","AMAT","Applied Materials, Inc. Common","NNM","19213247","18973633","9434266","2.04",,
"2019-11-29","AMD","Advanced Micro Devices, Inc. C","NNM","104388321","118828624","58515571","1.78",,
"2019-11-29","AMGN","Amgen Inc. Common Stock","NNM","9704762","9018928","2378629","4.08",,
"2019-11-29","AMT","American Tower Corporation","NYSE","4313886","3951258","1378814","3.13",,
"2019-11-29","AMZN","Amazon.com, Inc. Common Stock","NNM","3559976","3807907","2742871","1.30",,
"2019-11-29","ANET","Arista Networks","NYSE","2030042","2050892","679211","2.99",,
"2019-11-29","AON","Aon plc Class A","NYSE","1555230","1542575","873280","1.78",,
"2019-11-29","APD","Air Products & Chemicals, Inc.","NYSE","2988757","3016090","996849","3.00",,
"2019-11-29","APH","Amphenol Corporation","NYSE","2859140","3190201","1070260","2.67",,
"2019-11-29","APO","Apollo Global Management, Inc.","NYSE","6045683","6981771","1334537","4.53",,
"2019-11-29","AVGO","Broadcom Inc. Common Stock","NNM","5053003","6304675","1998266","2.53",,
"2019-11-29","AXP","American Express Company","NYSE","7301845","7240686","2548918","2.86",,
"2019-11-29","BA","Boeing Company","NYSE","5545717","6101082","3625455","1.53",,
"2019-11-29","BAC","Bank of America Corporation","NYSE","97859520","101501403","38006436","2.57",,
"2019-11-29","BKNG","Booking Holdings Inc. Common S","NNM","1046564","1079685","290925","3.60",,
"2019-11-29","BLK","Blackrock, Inc.","NYSE","1535903","1808807","400309","3.84",,
"2019-11-29","BMY","Bristol-Myers Squibb Co.","NYSE","97220677","151225044","42230275","2.30",,"R"
"2019-11-29","BNY","BlackRock New York Municipal I","NYSE","9121","7042","24575","1.00",,
"2019-11-29","BRKA","Berkshire Hathaway Inc.","NYSE","128","128","240","1.00",,
"2019-11-29","BRKB","BERKSHIRE HATHAWAY Class B","NYSE","13953664","12728065","3545931","3.94",,
"2019-11-29","BSX","Boston Scientific Corp.","NYSE","12686794","14133533","5579372","2.27",,
"2019-11-29","BX","The Blackstone Group Inc. Clas","NYSE","22903178","14486165","6853091","3.34",,
"2019-11-29","C","Citigroup Inc.","NYSE","18890373","18909828","9285115","2.03",,
"2019-11-29","CAT","Caterpillar Inc.","NYSE","9716244","12544090","2625819","3.70",,
"2019-11-29","CDNS","Cadence Design Systems, Inc. C","NNM","5353793","5666737","1544168","3.47",,
"2019-11-29","CI","CIGNA Corporation","NYSE","5171424","5770468","1827247","2.83",,
"2019-11-29","CL","Colgate-Palmolive Company","NYSE","13332100","12691920","3085900","4.32",,
"2019-11-29","CMCSA","Comcast Corporation Class A Co","NNM","77923597","77853265","19099149","4.08",,
"2019-11-29","CME","CME Group Inc. Class A Common","NNM","5391449","5088676","1244086","4.33",,
"2019-11-29","CMI","Cummins Inc.","NYSE","5441394","4995333","1051481","5.17",,
"2019-11-29","COF","Capital One Financial","NYSE","5395316","5222433","2034048","2.65",,
"2019-11-29","COP","ConocoPhillips","NYSE","11917208","10781428","7129915","1.67",,
"2019-11-29","COST","Costco Wholesale Corporation C","NNM","5474039","5569529","1713375","3.19",,
"2019-11-29","CRM","salesforce.com, inc.","NYSE","14820879","15453179","5143997","2.88",,
"2019-11-29","CRWD","CrowdStrike Holdings, Inc. Cla","NNM","9257659","8826845","1574153","5.88",,
"2019-11-29","CSCO","Cisco Systems, Inc. Common Sto","NNM","34634003","37804789","19473278","1.78",,
"2019-11-29","CSX","CSX Corporation Common Stock","NNM","7641730","8348066","3007304","2.54",,
"2019-11-29","CTAS","Cintas Corporation Common Stoc","NNM","3511297","3631727","620900","5.66",,
"2019-11-29","CVNA","Carvana Co.","NYSE","18078641","17745001","1472364","12.28",,
"2019-11-29","CVS","CVS HEALTH CORPORATION","NYSE","20278817","23209472","7035909","2.88",,
"2019-11-29","CVX","Chevron Corporation","NYSE","20133288","22629106","6104795","3.30",,"R"
"2019-11-29","D","Dominion Energy, Inc Common St","NYSE","14458621","15415360","2730993","5.29",,
"2019-11-29","DDOG","Datadog, Inc. Class A Common S","NNM","5801892","5245865","1582053","3.67",,
"2019-11-29","DE","Deere & Company","NYSE","5853401","6757348","2360493","2.48",,
"2019-11-29","DELL","Dell Technologies Inc.","NYSE","3323685","2671058","3317561","1.00",,
"2019-11-29","DHR","Danaher Corporation","NYSE","30838071","4713165","5974546","5.16",,
"2019-11-29","DIS","The Walt Disney Company","NYSE","18846999","20564734","11216819","1.68",,
"2019-11-29","DLR","Digital Realty Trust, Inc.","NYSE","21629527","20584640","1642240","13.17",,
"2019-11-29","DUK","Duke Energy Corporation","NYSE","38077671","11318091","6387983","5.96",,
"2019-11-29","ECL","Ecolab, Inc.","NYSE","3447662","3429193","1518343","2.27",,
"2019-11-29","EMR","Emerson Electric Co.","NYSE","7172913","7361268","1949017","3.68",,
"2019-11-29","EOG","EOG Resources, Inc.","NYSE","10454881","10061264","3122692","3.35",,
"2019-11-29","EPD","Enterprise Products Partners L","NYSE","42744847","39194237","5457462","7.83",,
"2019-11-29","EQIX","Equinix, Inc. Common Stock REI","NNM","934819","824257","400591","2.33",,
"2019-11-29","FCX","Freeport-McMoran Inc.","NYSE","55395026","51360698","20057872","2.76",,
"2019-11-29","FDX","FedEx Corporation","NYSE","4878270","5954362","1925682","2.53",,
"2019-11-29","FTNT","Fortinet, Inc. Common Stock","NNM","3591955","4135984","1350709","2.66",,
"2019-11-29","GD","General Dynamics Corporation","NYSE","2628813","3058409","1023625","2.57",,
"2019-11-29","GE","General Electric Company","NYSE","93964126","95956738","45987997","2.04",,
"2019-11-29","GILD","Gilead Sciences, Inc. Common S","NNM","15168416","15583988","5769554","2.63",,
"2019-11-29","GLW","Corning Incorporated","NYSE","26596752","26830685","3664194","7.26",,
"2019-11-29","GM","General Motors Company","NYSE","17637504","21878337","10283038","1.72",,
"2019-11-29","GOOG","Alphabet Inc. Class C Capital","NNM","3092148","3499483","1125939","2.75",,
"2019-11-29","GOOGL","Alphabet Inc. Class A Common S","NNM","3200763","2944801","1161487","2.76",,
"2019-11-29","GS","Goldman Sachs Group Inc.","NYSE","6597307","7337896","1699954","3.88",,
"2019-11-29","GWW","W.W. Grainger, Inc.","NYSE","1884898","1852492","305206","6.18",,
"2019-11-29","HCA","HCA Healthcare, Inc.","NYSE","3775121","3554954","1477526","2.56",,
"2019-11-29","HD","Home Depot, Inc.","NYSE","8441844","11290682","8121496","1.04",,
"2019-11-29","HLT","Hilton Worldwide Holdings Inc.","NYSE","6282443","5442715","1420687","4.42",,
"2019-11-29","HON","Honeywell International, Inc.","NYSE","5953703","7044251","2685790","2.22",,
"2019-11-29","HPE","Hewlett Packard Enterprise Com","NYSE","33753688","36840193","9806856","3.44",,
"2019-11-29","IBKR","Interactive Brokers Group, Inc","NNM","6102049","5678966","404501","15.09",,
"2019-11-29","IBM","International Business Machine","NYSE","13887566","13858611","3164536","4.39",,
"2019-11-29","ICE","Intercontinental Exchange  Inc","NYSE","6843601","5968911","2368894","2.89",,
"2019-11-29","INTC","Intel Corporation Common Stock","NNM","58782176","56871026","16495268","3.56",,
"2019-11-29","INTU","Intuit Inc. Common Stock","NNM","3177590","2792426","1831205","1.74",,
"2019-11-29","ISRG","Intuitive Surgical, Inc. Commo","NNM","1742364","1531247","608865","2.86",,
"2019-11-29","ITW","Illinois Tool Works Inc.","NYSE","6770782","7036365","909388","7.45",,
"2019-11-29","JNJ","Johnson & Johnson","NYSE","17210823","16452032","7033181","2.45",,
"2019-11-29","JPM","JPMorgan Chase & Co.","NYSE","29796229","28582923","8680071","3.43",,
"2019-11-29","KKR","KKR & Co. Inc. Class A Common","NYSE","18422160","18894528","2037482","9.04",,"R"
"2019-11-29","KLAC","KLA Corporation Common Stock","NNM","2348998","3502918","1696065","1.38",,
"2019-11-29","KMI","Kinder Morgan, Inc.","NYSE","34684417","31612632","12596980","2.75",,"R"
"2019-11-29","KO","Coca-Cola Company","NYSE","32670687","30225223","10714200","3.05",,
"2019-11-29","LIN","Linde plc Ordinary Share","NYSE","4757359","5553702","1225976","3.88",,
"2019-11-29","LLY","Eli Lilly & Co.","NYSE","10554211","10223518","3055359","3.45",,
"2019-11-29","LMT","Lockheed Martin Corp.","NYSE","3790272","3353194","876798","4.32",,
"2019-11-29","LOW","Lowe's Companies Inc.","NYSE","10800044","10681637","5863896","1.84",,
"2019-11-29","LRCX","Lam Research Corporation Commo","NNM","6325749","5978287","1454768","4.35",,
"2019-11-29","MA","Mastercard Incorporated","NYSE","7927330","8636988","3085800","2.57",,
"2019-11-29","MAR","Marriott International Class A","NNM","7998966","7603191","1283991","6.23",,
"2019-11-29","MCD","McDonald''s Corporation","NYSE","6740633","6538761","3358256","2.01",,
"2019-11-29","MCK","McKesson Corporation","NYSE","4232235","4017863","1386500","3.05",,
"2019-11-29","MCO","Moody's Corporation","NYSE","1649014","1796573","678832","2.43",,
"2019-11-29","MDLZ","Mondelez International, Inc. C","NNM","10517256","10902753","4979737","2.11",,
"2019-11-29","MDT","Medtronic plc","NYSE","12077767","10628081","6101105","1.98",,
"2019-11-29","MMM","3M Company","NYSE","10237569","9574625","2374511","4.31",,"R"
"2019-11-29","MNST","Monster Beverage Corporation","NNM","11514519","13004204","1960421","5.87",,
"2019-11-29","MO","Altria Group, Inc.","NYSE","17719229","14160429","9070249","1.95",,"R"
"2019-11-29","MPC","MARATHON PETROLEUM CORPORATION","NYSE","16220232","16566275","5261777","3.08",,
"2019-11-29","MPWR","Monolithic Power Systems, Inc.","NNM","1239125","1312331","215658","5.75",,
"2019-11-29","MRK","Merck & Co., Inc.","NYSE","24665071","21792933","8772042","2.81",,
"2019-11-29","MRVL","Marvell Technology Group Ltd.","NNM","31288473","35807068","5962300","5.25",,
"2019-11-29","MS","Morgan Stanley","NYSE","16688765","14845031","7679525","2.17",,
"2019-11-29","MSFT","Microsoft Corporation Common S","NNM","61128125","62707579","20005646","3.06",,
"2019-11-29","MSI","Motorola Solutions, Inc. New","NYSE","2765048","3362419","1058029","2.61",,
"2019-11-29","MU","Micron Technology, Inc. Common","NNM","30420581","36539725","15057662","2.02",,
"2019-11-29","NEE","Nextra Energy, Inc.","NYSE","7345865","7093047","1868868","3.93",,
"2019-11-29","NEM","Newmont Goldcorp Corporation","NYSE","17085550","17206199","5245872","3.26",,
"2019-11-29","NET","Cloudflare, Inc. Class A commo","NYSE","4036314","3781146","938070","4.30",,
"2019-11-29","NFLX","Netflix, Inc. Common Stock","NNM","23839570","25386553","5869436","4.06",,
"2019-11-29","NKE","Nike, Inc.","NYSE","7641341","7347518","5047660","1.51",,
"2019-11-29","NOC","Northrop Grumman Corp.","NYSE","1728531","1777484","807957","2.14",,
"2019-11-29","NOW","SERVICENOW, INC.","NYSE","13250170","8597108","7226365","1.83",,
"2019-11-29","NSC","Norfolk Southern Corp.","NYSE","4235003","4243265","1297658","3.26",,"R"
"2019-11-29","NVDA","NVIDIA Corporation Common Stoc","NNM","8892544","8820377","8963001","1.00",,
"2019-11-29","O","Realty Income Corporation","NYSE","9686659","11132807","1773358","5.46",,
"2019-11-29","ORCL","Oracle Corp","NYSE","38393860","39284718","7775623","4.94",,
"2019-11-29","ORLY","O'Reilly Automotive, Inc. Comm","NNM","979125","1036008","427108","2.29",,
"2019-11-29","PANW","PALO ALTO NETWORKS, INC","NYSE","3777844","3928129","2453786","1.54",,
"2019-11-29","PCAR","PACCAR Inc. Common Stock","NNM","6634246","6436003","1191469","5.57",,
"2019-11-29","PEP","PepsiCo, Inc. Common Stock","NNM","11626943","10403370","3343751","3.48",,
"2019-11-29","PFE","Pfizer Inc.","NYSE","57978493","51656257","21739141","2.67",,
"2019-11-29","PG","Procter & Gamble Company","NYSE","22321067","21838027","5724553","3.90",,
"2019-11-29","PGR","Progressive Corporation","NYSE","4617254","5739809","3221513","1.43",,
"2019-11-29","PH","Parker-Hannifin Corporation","NYSE","1972027","2267194","781074","2.52",,
"2019-11-29","PLD","PROLOGIS, INC.","NYSE","13020478","11987587","2824201","4.61",,
"2019-11-29","PM","Philip Morris International In","NYSE","8754015","11451961","4764509","1.84",,
"2019-11-29","PNC","PNC Financial Services Group","NYSE","5166345","5318139","1473977","3.51",,
"2019-11-29","PSX","PHILLIPS 66","NYSE","5315800","6289896","2602119","2.04",,
"2019-11-29","PWR","Quanta Services, Inc.","NYSE","5673223","6101171","1023721","5.54",,
"2019-11-29","QCOM","QUALCOMM Incorporated Common S","NNM","15919513","18034479","9713791","1.64",,
"2019-11-29","RCL","Royal Caribbean Cruises Ltd.","NYSE","4039300","4117594","1702258","2.37",,
"2019-11-29","REGN","Regeneron Pharmaceuticals, Inc","NNM","2359742","2228868","802069","2.94",,
"2019-11-29","ROST","Ross Stores, Inc. Common Stock","NNM","3842955","4172561","2530677","1.52",,
"2019-11-29","RSG","Republic Services Inc.","NYSE","3239650","2883634","967702","3.35",,
"2019-11-29","SBUX","Starbucks Corporation Common S","NNM","13940411","14857659","6389690","2.18",,"R"
"2019-11-29","SCCO","Southern Copper Corporation","NYSE","4576543","4425598","565463","8.09",,
"2019-11-29","SCHW","The Charles Schwab Corporation","NYSE","30831594","17889402","17350274","1.78",,
"2019-11-29","SHW","The Sherwin-Williams Company","NYSE","1321858","1140809","541586","2.44",,
"2019-11-29","SNPS","Synopsys, Inc. Common Stock","NNM","1858219","2058512","1013438","1.83",,
"2019-11-29","SO","The Southern Company","NYSE","18199643","19634246","4228371","4.30",,
"2019-11-29","SPG","Simon Property Group, Inc.","NYSE","11601255","11795802","1338060","8.67",,
"2019-11-29","SPGI","S&P Global Inc.","NYSE","3264284","3014402","1303554","2.50",,
"2019-11-29","SYK","Stryker Corporation","NYSE","3796812","3326620","1268667","2.99",,
"2019-11-29","T","AT&T Inc.","NYSE","99566965","104501046","37040127","2.69",,
"2019-11-29","TDG","TransDigm Group Incorporated","NYSE","2802138","2751249","356297","7.86",,
"2019-11-29","TGT","Target Corporation","NYSE","13060574","13868182","9676658","1.35",,
"2019-11-29","TJX","TJX Companies, Inc. (The)","NYSE","11667848","13629314","7682644","1.52",,
"2019-11-29","TMO","Thermo Fisher Scientific, Inc.","NYSE","3567694","3415257","1303294","2.74",,
"2019-11-29","TMUS","T-Mobile US, Inc. Common Stock","NNM","10258326","9569623","2532793","4.05",,
"2019-11-29","TRV","The Travelers Companies, Inc.","NYSE","3968961","3976307","1269032","3.13",,
"2019-11-29","TSLA","Tesla, Inc. Common Stock","NNM","28651737","30614501","7798493","3.67",,
"2019-11-29","TXN","Texas Instruments Incorporated","NNM","13850924","14397067","4575257","3.03",,
"2019-11-29","UBER","Uber Technologies, Inc.","NYSE","39737617","38918693","35920547","1.11",,
"2019-11-29","UNH","UNITEDHEALTH GROUP INCORPORATE","NYSE","10602472","8795203","3574379","2.97",,
"2019-11-29","UNP","Union Pacific Corp.","NYSE","6694465","6176685","2419126","2.77",,
"2019-11-29","UPS","United Parcel Service, Inc. Cl","NYSE","11145727","11915784","2386914","4.67",,
"2019-11-29","URI","United Rentals, Inc.","NYSE","5704985","5855341","997634","5.72",,
"2019-11-29","USB","U.S. Bancorp","NYSE","17939588","16277243","5548599","3.23",,
"2019-11-29","V","VISA Inc.","NYSE","28788958","30992286","6763983","4.26",,
"2019-11-29","VLO","Valero Energy Corporation","NYSE","8133076","8221421","3323077","2.45",,
"2019-11-29","VRTX","Vertex Pharmaceuticals Incorpo","NNM","3953370","4000763","1446508","2.73",,
"2019-11-29","VZ","Verizon Communications","NYSE","35326726","32717172","10000306","3.53",,
"2019-11-29","WDC","Western Digital Corporation Co","NNM","12490869","10434168","5076656","2.46",,
"2019-11-29","WELL","Welltower Inc.","NYSE","14073870","13190303","2093829","6.72",,
"2019-11-29","WFC","Wells Fargo & Co.","NYSE","38589460","39916902","14924637","2.59",,
"2019-11-29","WM","Waste Management, Inc.","NYSE","4466362","5044278","1929963","2.31",,
"2019-11-29","WMB","Williams Companies Inc.","NYSE","27333903","25667500","11528501","2.37",,
"2019-11-29","WMT","Walmart Inc.","NYSE","16388314","16395982","4696155","3.49",,
"2019-11-29","XOM","Exxon Mobil Corporation","NYSE","39256381","42065267","12042180","3.26",,
"2019-08-30","AAPL","Apple Inc. Common Stock","NNM","39517330","45594258","25536624","1.55",,
"2019-08-30","ABBV","ABBVIE INC.","NYSE","52536795","51013972","7724832","6.80",,
"2019-08-30","ABT","Abbott Laboratories","NYSE","15419827","17049341","4242054","3.63",,
"2019-08-30","ADBE","Adobe Inc. Common Stock","NNM","5365120","5636166","2037581","2.63",,
"2019-08-30","ADI","Analog Devices, Inc. Common St","NNM","4554944","4379169","2570836","1.77",,
"2019-08-30","ADP","Automatic Data Processing, Inc","NNM","3115997","3620380","1354501","2.30",,
"2019-08-30","AEP","American Electric Power Compan","NYSE","5845595","7268201","2041630","2.86",,
"2019-08-30","AFL","Aflac Inc.","NYSE","8269847","8534450","3960848","2.09",,
"2019-08-30","AJG","Arthur J. Gallagher & Co.","NYSE","2704578","2616460","940506","2.88",,
"2019-08-30","ALL","The Allstate Corporation","NYSE","3665874","4096976","1387501","2.64",,
"2019-08-30","AMAT","Applied Materials, Inc. Common","NNM","16845876","15706429","7862060","2.14",,
"2019-08-30","AMD","Advanced Micro Devices, Inc. C","NNM","130475388","136523156","55011172","2.37",,
"2019-08-30","AMGN","Amgen Inc. Common Stock","NNM","8518304","9747234","2971781","2.87",,
"2019-08-30","AMT","American Tower Corporation","NYSE","3992811","4136710","1334377","2.99",,
"2019-08-30","AMZN","Amazon.com, Inc. Common Stock","NNM","3290235","3413947","2945235","1.12",,
"2019-08-30","ANET","Arista Networks","NYSE","1729268","1574672","601789","2.87",,
"2019-08-30","AON","Aon plc Class A","NYSE","1856093","1616546","633367","2.93",,
"2019-08-30","APD","Air Products & Chemicals, Inc.","NYSE","2654145","2765729","725490","3.66",,
"2019-08-30","APH","Amphenol Corporation","NYSE","2131007","2625635","1130281","1.89",,
"2019-08-30","APO","Apollo Global Management, LLC","NYSE","9729282","8723199","2195872","4.43",,
"2019-08-30","AVGO","Broadcom Inc. Common Stock","NNM","5131752","5674098","1724202","2.98",,
"2019-08-30","AXP","American Express Company","NYSE","5601758","6245088","2932725","1.91",,
"2019-08-30","BA","Boeing Company","NYSE","5291297","5371297","4367639","1.21",,
"2019-08-30","BAC","Bank of America Corporation","NYSE","89536604","86344845","52676680","1.70",,
"2019-08-30","BKNG","Booking Holdings Inc. Common S","NNM","1196297","1186283","253908","4.71",,
"2019-08-30","BLK","Blackrock, Inc.","NYSE","1426203","1383795","619384","2.30",,
"2019-08-30","BMY","Bristol-Myers Squibb Co.","NYSE","144022776","134251860","10772764","13.37",,
"2019-08-30","BNY","BlackRock New York Municipal I","NYSE","21281","12113","13791","1.54",,
"2019-08-30","BRKA","Berkshire Hathaway Inc.","NYSE","476","476","236","2.02",,
"2019-08-30","BRKB","BERKSHIRE HATHAWAY Class B","NYSE","9766286","10398272","3843779","2.54",,
"2019-08-30","BSX","Boston Scientific Corp.","NYSE","12367168","13869131","4114807","3.01",,
"2019-08-30","BX","The Blackstone Group Inc. Clas","NYSE","10894249","11459274","4024227","2.71",,
"2019-08-30","C","Citigroup Inc.","NYSE","19631865","18286123","13229502","1.48",,
"2019-08-30","CAT","Caterpillar Inc.","NYSE","8406470","7833529","3410361","2.46",,
"2019-08-30","CDNS","Cadence Design Systems, Inc. C","NNM","7023036","7432903","1873339","3.75",,
"2019-08-30","CI","CIGNA Corporation","NYSE","5676197","5887839","1800169","3.15",,
"2019-08-30","CL","Colgate-Palmolive Company","NYSE","10621482","11705996","2385359","4.45",,
"2019-08-30","CMCSA","Comcast Corporation Class A Co","NNM","79423151","81713097","13408237","5.92",,
"2019-08-30","CME","CME Group Inc. Class A Common","NNM","5340120","5721353","945962","5.65",,
"2019-08-30","CMI","Cummins Inc.","NYSE","4623753","3715819","1281269","3.61",,
"2019-08-30","COF","Capital One Financial","NYSE","4887011","4898631","1814561","2.69",,
"2019-08-30","COP","ConocoPhillips","NYSE","9226950","9363619","5830791","1.58",,
"2019-08-30","COST","Costco Wholesale Corporation C","NNM","5478080","4186149","2378736","2.30",,
"2019-08-30","CRM","salesforce.com, inc.","NYSE","17985799","17316378","8656422","2.08",,
"2019-08-30","CRWD","CrowdStrike Holdings, Inc. Cla","NNM","2446217","2984424","1936852","1.26",,
"2019-08-30","CSCO","Cisco Systems, Inc. Common Sto","NNM","34654393","37953869","19652850","1.76",,
"2019-08-30","CSX","CSX Corporation Common Stock","NNM","9711465","8778887","4060816","2.39",,
"2019-08-30","CTAS","Cintas Corporation Common Stoc","NNM","2848359","2769372","461149","6.18",,
"2019-08-30","CVNA","Carvana Co.","NYSE","19056511","18420450","1453790","13.11",,
"2019-08-30","CVS","CVS HEALTH CORPORATION","NYSE","24105367","21324170","7954812","3.03",,
"2019-08-30","CVX","Chevron Corporation","NYSE","17605293","18371008","5104068","3.45",,
"2019-08-30","D","Dominion Energy, Inc Common St","NYSE","12749546","16515472","3174875","4.02",,
"2019-08-30","DE","Deere & Company","NYSE","6569074","6578494","1953885","3.36",,
"2019-08-30","DELL","Dell Technologies Inc.","NYSE","8180518","8270801","3532610","2.32",,
"2019-08-30","DHR","Danaher Corporation","NYSE","4840122","4237789","1854128","2.61",,
"2019-08-30","DIS","The Walt Disney Company","NYSE","17357238","16906201","7495639","2.32",,
"2019-08-30","DLR","Digital Realty Trust, Inc.","NYSE","13989395","13988153","775015","18.05",,
"2019-08-30","DUK","Duke Energy Corporation","NYSE","8248339","8418084","2646971","3.12",,
"2019-08-30","ECL","Ecolab, Inc.","NYSE","3733902","4149668","1064405","3.51",,
"2019-08-30","EMR","Emerson Electric Co.","NYSE","6230137","7100617","2827326","2.20",,
"2019-08-30","EOG","EOG Resources, Inc.","NYSE","12182255","11903926","3158402","3.86",,
"2019-08-30","EPD","Enterprise Products Partners L","NYSE","31342187","31675048","3259633","9.62",,
"2019-08-30","EQIX","Equinix, Inc. Common Stock REI","NNM","767897","945006","330470","2.32",,
"2019-08-30","FCX","Freeport-McMoran Inc.","NYSE","42566840","40565294","16422673","2.59",,
"2019-08-30","FDX","FedEx Corporation","NYSE","5160546","4256652","1554578","3.32",,
"2019-08-30","FTNT","Fortinet, Inc. Common Stock","NNM","5853137","5225765","1312970","4.46",,
"2019-08-30","GD","General Dynamics Corporation","NYSE","2791626","2564462","969881","2.88",,
"2019-08-30","GE","General Electric Company","NYSE","130025392","129899112","93905183","1.38",,
"2019-08-30","GILD","Gilead Sciences, Inc. Common S","NNM","13863750","14733129","5523785","2.51",,
"2019-08-30","GLW","Corning Incorporated","NYSE","22835398","22530561","4578102","4.99",,
"2019-08-30","GM","General Motors Company","NYSE","22595684","24859379","5356796","4.22",,
"2019-08-30","GOOG","Alphabet Inc. Class C Capital","NNM","2304924","2856241","1108393","2.08",,
"2019-08-30","GOOGL","Alphabet Inc. Class A Common S","NNM","2301612","2471107","1076033","2.14",,
"2019-08-30","GS","Goldman Sachs Group Inc.","NYSE","7553724","7750963","1587011","4.76",,
"2019-08-30","GWW","W.W. Grainger, Inc.","NYSE","2260242","2492689","290951","7.77",,
"2019-08-30","HCA","HCA Healthcare, Inc.","NYSE","3307250","3685716","1223441","2.70",,
"2019-08-30","HD","Home Depot, Inc.","NYSE","10266850","10324740","5476268","1.87",,
"2019-08-30","HLT","Hilton Worldwide Holdings Inc.","NYSE","6646866","5962274","1596588","4.16",,
"2019-08-30","HON","Honeywell International, Inc.","NYSE","6429643","6406109","2563681","2.51",,
"2019-08-30","HPE","Hewlett Packard Enterprise Com","NYSE","33277881","40581501","9872581","3.37",,
"2019-08-30","IBKR","Interactive Brokers Group, Inc","IEX","5469630","5165476","338309","16.17",,
"2019-08-30","IBM","International Business Machine","NYSE","16099247","16062329","3248721","4.96",,
"2019-08-30","ICE","Intercontinental Exchange  Inc","NYSE","5315873","5516463","1618399","3.28",,
"2019-08-30","INTC","Intel Corporation Common Stock","NNM","53363065","55507255","20407758","2.61",,
"2019-08-30","INTU","Intuit Inc. Common Stock","NNM","2876359","3234669","1521019","1.89",,
"2019-08-30","ISRG","Intuitive Surgical, Inc. Commo","NNM","2032481","1876880","617624","3.29",,
"2019-08-30","ITW","Illinois Tool Works Inc.","NYSE","7706230","8094192","1157781","6.66",,
"2019-08-30","JNJ","Johnson & Johnson","NYSE","14284917","15500165","9188280","1.55",,
"2019-08-30","JPM","JPMorgan Chase & Co.","NYSE","23432273","21409500","10371256","2.26",,
"2019-08-30","KKR","KKR & Co. Inc. Class A Common","NYSE","24321158","21364732","2678169","9.08",,
"2019-08-30","KLAC","KLA Corporation Common Stock","NNM","3391037","2883124","1318252","2.57",,
"2019-08-30","KMI","Kinder Morgan, Inc.","NYSE","40666289","57676343","12487934","3.26",,
"2019-08-30","KO","Coca-Cola Company","NYSE","31968987","33125527","10613237","3.01",,
"2019-08-30","LIN","Linde plc Ordinary Share","NYSE","4193352","4533465","1418488","2.96",,
"2019-08-30","LLY","Eli Lilly & Co.","NYSE","14161063","16681964","2657098","5.33",,
"2019-08-30","LMT","Lockheed Martin Corp.","NYSE","2668790","2468355","869332","3.07",,
"2019-08-30","LOW","Lowe's Companies Inc.","NYSE","12312998","10300758","6969460","1.77",,
"2019-08-30","LRCX","Lam Research Corporation Commo","NNM","5870351","6268042","1357747","4.32",,
"2019-08-30","MA","Mastercard Incorporated","NYSE","6191626","6290532","2659309","2.33",,
"2019-08-30","MAR","Marriott International Class A","NNM","8356455","8397473","1435273","5.82",,
"2019-08-30","MCD","McDonald''s Corporation","NYSE","5680962","6194291","2549053","2.23",,
"2019-08-30","MCK","McKesson Corporation","NYSE","6020426","5675213","1759149","3.42",,
"2019-08-30","MCO","Moody's Corporation","NYSE","2429925","2202111","637070","3.81",,
"2019-08-30","MDLZ","Mondelez International, Inc. C","NNM","9543735","10587127","4515242","2.11",,
"2019-08-30","MDT","Medtronic plc","NYSE","9418230","10237129","5240491","1.80",,
"2019-08-30","MMM","3M Company","NYSE","8637017","9048596","2547066","3.39",,
"2019-08-30","MNST","Monster Beverage Corporation","NNM","11760212","12033667","2222764","5.29",,
"2019-08-30","MO","Altria Group, Inc.","NYSE","15512724","12647656","14976326","1.04",,
"2019-08-30","MPC","MARATHON PETROLEUM CORPORATION","NYSE","12920951","11625867","5462298","2.37",,
"2019-08-30","MPWR","Monolithic Power Systems, Inc.","NNM","1021355","962891","216407","4.72",,
"2019-08-30","MRK","Merck & Co., Inc.","NYSE","20129794","21825650","6811551","2.96",,
"2019-08-30","MRVL","Marvell Technology Group Ltd.","NNM","25684333","28459520","8173698","3.14",,
"2019-08-30","MS","Morgan Stanley","NYSE","12148431","10947500","9806327","1.24",,
"2019-08-30","MSFT","Microsoft Corporation Common S","NNM","45984963","48886121","22527553","2.04",,
"2019-08-30","MSI","Motorola Solutions, Inc. New","NYSE","3463494","3556797","750818","4.61",,
"2019-08-30","MU","Micron Technology, Inc. Common","NNM","33509983","34468072","17719160","1.89",,
"2019-08-30","NEE","Nextra Energy, Inc.","NYSE","8171653","5835301","2277723","3.59",,
"2019-08-30","NEM","Newmont Goldcorp Corporation","NYSE","13930961","12976150","6931556","2.01",,
"2019-08-30","NFLX","Netflix, Inc. Common Stock","NNM","21811154","21398776","5471197","3.99",,
"2019-08-30","NKE","Nike, Inc.","NYSE","8707878","8845386","5613715","1.55",,
"2019-08-30","NOC","Northrop Grumman Corp.","NYSE","2062774","2675988","591929","3.48",,
"2019-08-30","NOW","SERVICENOW, INC.","NYSE","6718700","6627170","1550370","4.33",,
"2019-08-30","NSC","Norfolk Southern Corp.","NYSE","3458450","3684343","1382442","2.50",,
"2019-08-30","NVDA","NVIDIA Corporation Common Stoc","NNM","10901318","10166206","11664935","1.00",,
"2019-08-30","O","Realty Income Corporation","NYSE","9067822","9265925","1124968","8.06",,
"2019-08-30","ORCL","Oracle Corp","NYSE","54682122","53259082","8609981","6.35",,
"2019-08-30","ORLY","O'Reilly Automotive, Inc. Comm","NNM","1358080","1530211","474966","2.86",,
"2019-08-30","PANW","PALO ALTO NETWORKS, INC","NYSE","6104434","5749469","1752792","3.48",,
"2019-08-30","PCAR","PACCAR Inc. Common Stock","NNM","8504369","8063180","1588797","5.35",,
"2019-08-30","PEP","PepsiCo, Inc. Common Stock","NNM","10156100","9688622","3761575","2.70",,
"2019-08-30","PFE","Pfizer Inc.","NYSE","58889034","55228288","20923146","2.81",,
"2019-08-30","PG","Procter & Gamble Company","NYSE","20066930","20326712","5920914","3.39",,
"2019-08-30","PGR","Progressive Corporation","NYSE","4063882","4794520","2129829","1.91",,
"2019-08-30","PH","Parker-Hannifin Corporation","NYSE","2062169","2374945","616335","3.35",,
"2019-08-30","PLD","PROLOGIS, INC.","NYSE","6190213","7262692","1949880","3.17",,
"2019-08-30","PM","Philip Morris International In","NYSE","6956682","10015742","10515271","1.00",,
"2019-08-30","PNC","PNC Financial Services Group","NYSE","3841151","4150338","1787898","2.15",,
"2019-08-30","PSX","PHILLIPS 66","NYSE","5496811","5289131","2253420","2.44",,
"2019-08-30","PWR","Quanta Services, Inc.","NYSE","4721157","4793145","1208010","3.91",,
"2019-08-30","QCOM","QUALCOMM Incorporated Common S","NNM","25315572","28396685","9456137","2.68",,
"2019-08-30","RCL","Royal Caribbean Cruises Ltd.","NYSE","3891096","3707138","1256315","3.10",,
"2019-08-30","REGN","Regeneron Pharmaceuticals, Inc","NNM","2329506","2423168","631537","3.69",,
"2019-08-30","ROST","Ross Stores, Inc. Common Stock","NNM","4352009","6202373","2354210","1.85",,
"2019-08-30","RSG","Republic Services Inc.","NYSE","2959598","3463362","905680","3.27",,
"2019-08-30","SBUX","Starbucks Corporation Common S","NNM","18422517","18449070","5641304","3.27",,
"2019-08-30","SCCO","Southern Copper Corporation","NYSE","4563827","4213027","990511","4.61",,
"2019-08-30","SCHW","The Charles Schwab Corporation","NYSE","16013643","17762859","7154952","2.24",,
"2019-08-30","SHW","The Sherwin-Williams Company","NYSE","1306421","1671518","438307","2.98",,
"2019-08-30","SNPS","Synopsys, Inc. Common Stock","NNM","1560930","1723499","1237663","1.26",,
"2019-08-30","SO","The Southern Company","NYSE","19564909","16829659","5100991","3.84",,
"2019-08-30","SPG","Simon Property Group, Inc.","NYSE","10774112","10372082","1411169","7.63",,
"2019-08-30","SPGI","S&P Global Inc.","NYSE","3301584","4055448","1318431","2.50",,
"2019-08-30","SYK","Stryker Corporation","NYSE","3409937","3799438","902868","3.78",,
"2019-08-30","T","AT&T Inc.","NYSE","104137460","102018214","25531800","4.08",,
"2019-08-30","TDG","TransDigm Group Incorporated","NYSE","2473213","2792817","427900","5.78",,
"2019-08-30","TGT","Target Corporation","NYSE","20641262","24214270","10607901","1.95",,
"2019-08-30","TJX","TJX Companies, Inc. (The)","NYSE","15350188","12063056","8999752","1.71",,
"2019-08-30","TMO","Thermo Fisher Scientific, Inc.","NYSE","3004748","2808404","1264051","2.38",,
"2019-08-30","TMUS","T-Mobile US, Inc. Common Stock","NNM","13794313","12248058","1990254","6.93",,
"2019-08-30","TRV","The Travelers Companies, Inc.","NYSE","3975083","4958188","1089476","3.65",,
"2019-08-30","TSLA","Tesla, Inc. Common Stock","NNM","39744386","39296516","5983580","6.64",,
"2019-08-30","TXN","Texas Instruments Incorporated","NNM","19551807","19891677","3517775","5.56",,
"2019-08-30","UBER","Uber Technologies, Inc.","NYSE","43628545","40518616","8284530","5.27",,
"2019-08-30","UNH","UNITEDHEALTH GROUP INCORPORATE","NYSE","7841818","7388944","3724587","2.11",,
"2019-08-30","UNP","Union Pacific Corp.","NYSE","5621190","6066182","3364821","1.67",,
"2019-08-30","UPS","United Parcel Service, Inc. Cl","NYSE","13958578","13824434","2783957","5.01",,
"2019-08-30","URI","United Rentals, Inc.","NYSE","5228267","5442094","1155152","4.53",,
"2019-08-30","USB","U.S. Bancorp","NYSE","16492069","16811421","4344978","3.80",,
"2019-08-30","V","VISA Inc.","NYSE","27695527","27284229","5430172","5.10",,
"2019-08-30","VLO","Valero Energy Corporation","NYSE","5084161","6472093","2745227","1.85",,
"2019-08-30","VRTX","Vertex Pharmaceuticals Incorpo","NNM","3706198","4225053","1008935","3.67",,
"2019-08-30","VZ","Verizon Communications","NYSE","34567630","33336504","11193702","3.09",,
"2019-08-30","WDC","Western Digital Corporation Co","NNM","14325182","15698558","3424176","4.18",,
"2019-08-30","WELL","Welltower Inc.","NYSE","12795772","13010061","1774822","7.21",,
"2019-08-30","WFC","Wells Fargo & Co.","NYSE","39448651","35720441","16045222","2.46",,
"2019-08-30","WM","Waste Management, Inc.","NYSE","3873042","3854245","1536748","2.52",,
"2019-08-30","WMB","Williams Companies Inc.","NYSE","24355686","22725701","7694402","3.17",,
"2019-08-30","WMT","Walmart Inc.","NYSE","15479063","16500218","6606569","2.34",,
"2019-08-30","XOM","Exxon Mobil Corporation","NYSE","37260562","37478788","10144467","3.67",,
"2020-01-15","AAPL","Apple Inc. Common Stock","NNM","41597446","45514898","30991214","1.34",,
"2020-01-15","ABBV","ABBVIE INC.","NYSE","76675797","71952096","6717150","11.41",,
"2020-01-15","ABT","Abbott Laboratories","NYSE","20845664","20161920","4931823","4.23",,
"2020-01-15","ADBE","Adobe Inc. Common Stock","NNM","5233155","6748989","1757769","2.98",,
"2020-01-15","ADI","Analog Devices, Inc. Common St","NNM","4107561","4681357","1441648","2.85",,
"2020-01-15","ADP","Automatic Data Processing, Inc","NNM","4788184","4929753","1187651","4.03",,
"2020-01-15","AEP","American Electric Power Compan","NYSE","8497994","7933071","1837044","4.63",,
"2020-01-15","AFL","Aflac Inc.","NYSE","12457305","12043138","2768142","4.50",,
"2020-01-15","AJG","Arthur J. Gallagher & Co.","NYSE","2867914","2818471","639231","4.49",,
"2020-01-15","ALL","The Allstate Corporation","NYSE","4369409","3910517","1318261","3.31",,
"2020-01-15","AMAT","Applied Materials, Inc. Common","NNM","17923656","19547065","5482258","3.27",,
"2020-01-15","AMD","Advanced Micro Devices, Inc. C","NNM","87782934","93212915","51071234","1.72",,
"2020-01-15","AMGN","Amgen Inc. Common Stock","NNM","9416242","9908195","1691431","5.57",,
"2020-01-15","AMT","American Tower Corporation","NYSE","4355859","4211620","1346413","3.24",,
"2020-01-15","AMZN","Amazon.com, Inc. Common Stock","NNM","3744576","4161073","3168126","1.18",,
"2020-01-15","ANET","Arista Networks","NYSE","2314695","2265025","530481","4.36",,
"2020-01-15","AON","Aon plc Class A","NYSE","1433374","1421209","539100","2.66",,
"2020-01-15","APD","Air Products & Chemicals, Inc.","NYSE","3378566","3122885","1183516","2.85",,
"2020-01-15","APH","Amphenol Corporation","NYSE","2711203","3183290","830411","3.26",,
"2020-01-15","APO","Apollo Global Management, Inc.","NYSE","9103224","9715971","1415342","6.43",,
"2020-01-15","AVGO","Broadcom Inc. Common Stock","NNM","4512885","4204357","2473169","1.82",,
"2020-01-15","AXP","American Express Company","NYSE","7771292","7450050","2586097","3.01",,
"2020-01-15","BA","Boeing Company","NYSE","6447654","6340130","5993429","1.08",,
"2020-01-15","BAC","Bank of America Corporation","NYSE","91617261","95847935","39475164","2.32",,
"2020-01-15","BKNG","Booking Holdings Inc. Common S","NNM","929180","1071859","270979","3.43",,
"2020-01-15","BLK","Blackrock, Inc.","NYSE","1303511","1338298","498711","2.61",,
"2020-01-15","BMY","Bristol-Myers Squibb Co.","NYSE","54995903","67980116","14849454","3.70",,
"2020-01-15","BNY","BlackRock New York Municipal I","NYSE","504","4933","14535","1.00",,
"2020-01-15","BRKA","Berkshire Hathaway Inc.","NYSE","206","191","217","1.00",,
"2020-01-15","BRKB","BERKSHIRE HATHAWAY Class B","NYSE","16136662","16465239","3108202","5.19",,
"2020-01-15","BSX","Boston Scientific Corp.","NYSE","11610589","14047182","7079111","1.64",,
"2020-01-15","BX","The Blackstone Group Inc. Clas","NYSE","16727429","16183669","2913186","5.74",,
"2020-01-15","C","Citigroup Inc.","NYSE","19971334","19071695","12176929","1.64",,
"2020-01-15","CAT","Caterpillar Inc.","NYSE","6858504","8050162","2473653","2.77",,
"2020-01-15","CDNS","Cadence Design Systems, Inc. C","NNM","5471429","5372424","1229641","4.45",,
"2020-01-15","CI","CIGNA Corporation","NYSE","5417578","5494941","1374734","3.94",,
"2020-01-15","CL","Colgate-Palmolive Company","NYSE","13914801","13461776","3754091","3.71",,
"2020-01-15","CMCSA","Comcast Corporation Class A Co","NNM","79756352","79915157","16925842","4.71",,
"2020-01-15","CME","CME Group Inc. Class A Common","NNM","6423479","5197835","1242687","5.17",,
"2020-01-15","CMI","Cummins Inc.","NYSE","5100561","5168559","1027086","4.97",,
"2020-01-15","COF","Capital One Financial","NYSE","5036808","4962044","1515859","3.32",,
"2020-01-15","COP","ConocoPhillips","NYSE","12180850","11355362","5477309","2.22",,
"2020-01-15","COST","Costco Wholesale Corporation C","NNM","5122743","5646548","1956614","2.62",,
"2020-01-15","CRM","salesforce.com, inc.","NYSE","16499371","14399153","5430059","3.04",,
"2020-01-15","CRWD","CrowdStrike Holdings, Inc. Cla","NNM","3932809","5236539","8686273","1.00",,
"2020-01-15","CSCO","Cisco Systems, Inc. Common Sto","NNM","35475396","36230555","16382800","2.17",,
"2020-01-15","CSX","CSX Corporation Common Stock","NNM","8430048","9235787","2943839","2.86",,
"2020-01-15","CTAS","Cintas Corporation Common Stoc","NNM","3035825","3043511","445737","6.81",,
"2020-01-15","CVNA","Carvana Co.","NYSE","18327366","17329877","1546714","11.85",,
"2020-01-15","CVS","CVS HEALTH CORPORATION","NYSE","20568845","20246122","5238938","3.93",,
"2020-01-15","CVX","Chevron Corporation","NYSE","21108725","21510200","6447587","3.27",,
"2020-01-15","D","Dominion Energy, Inc Common St","NYSE","12329351","13258731","2214987","5.57",,
"2020-01-15","DDOG","Datadog, Inc. Class A Common S","NNM","3423384","4320254","2587829","1.32",,
"2020-01-15","DE","Deere & Company","NYSE","4550182","4803999","1330350","3.42",,
"2020-01-15","DELL","Dell Technologies Inc.","NYSE","6028890","5044249","2643729","2.28",,
"2020-01-15","DHR","Danaher Corporation","NYSE","9650140","11211782","2164538","4.46",,
"2020-01-15","DIS","The Walt Disney Company","NYSE","18770330","17053668","7564992","2.48",,
"2020-01-15","DLR","Digital Realty Trust, Inc.","NYSE","24913586","23649235","1416172","17.59",,
"2020-01-15","DUK","Duke Energy Corporation","NYSE","38882058","38842737","2720369","14.29",,
"2020-01-15","ECL","Ecolab, Inc.","NYSE","3205315","3611868","1057245","3.03",,
"2020-01-15","EMR","Emerson Electric Co.","NYSE","6160355","7194913","2314328","2.66",,
"2020-01-15","EOG","EOG Resources, Inc.","NYSE","10715134","12881133","4185057","2.56",,
"2020-01-15","EPD","Enterprise Products Partners L","NYSE","40308375","42022802","4171543","9.66",,
"2020-01-15","EQIX","Equinix, Inc. Common Stock REI","NNM","1083447","1102336","293103","3.70",,
"2020-01-15","FCX","Freeport-McMoran Inc.","NYSE","56799374","55247338","18482301","3.07",,
"2020-01-15","FDX","FedEx Corporation","NYSE","7356172","6817120","2449502","3.00",,
"2020-01-15","FTNT","Fortinet, Inc. Common Stock","NNM","4100916","4652954","944522","4.34",,
"2020-01-15","GD","General Dynamics Corporation","NYSE","3105095","2795879","1192161","2.60",,
"2020-01-15","GE","General Electric Company","NYSE","98254400","86753712","62129475","1.58",,
"2020-01-15","GILD","Gilead Sciences, Inc. Common S","NNM","17776670","21298569","6006743","2.96",,
"2020-01-15","GLW","Corning Incorporated","NYSE","28272064","26509907","5497857","5.14",,
"2020-01-15","GM","General Motors Company","NYSE","20079256","20778941","8945295","2.24",,
"2020-01-15","GOOG","Alphabet Inc. Class C Capital","NNM","3480684","3234964","1385011","2.51",,
"2020-01-15","GOOGL","Alphabet Inc. Class A Common S","NNM","3126868","3552341","1413742","2.21",,
"2020-01-15","GS","Goldman Sachs Group Inc.","NYSE","6615762","6055123","3220340","2.05",,
"2020-01-15","GWW","W.W. Grainger, Inc.","NYSE","1909876","1805654","265623","7.19",,
"2020-01-15","HCA","HCA Healthcare, Inc.","NYSE","3753689","4260352","967837","3.88",,
"2020-01-15","HD","Home Depot, Inc.","NYSE","9467304","10323166","4270775","2.22",,
"2020-01-15","HLT","Hilton Worldwide Holdings Inc.","NYSE","6312023","6971230","1563136","4.04",,
"2020-01-15","HON","Honeywell International, Inc.","NYSE","6410717","6512959","2240396","2.86",,
"2020-01-15","HPE","Hewlett Packard Enterprise Com","NYSE","41632073","38958017","7733488","5.38",,
"2020-01-15","IBKR","Interactive Brokers Group, Inc","NNM","5910843","5881385","380346","15.54",,
"2020-01-15","IBM","International Business Machine","NYSE","16816455","16172140","2977442","5.65",,
"2020-01-15","ICE","Intercontinental Exchange  Inc","NYSE","4768198","4794063","2337175","2.04",,
"2020-01-15","INTC","Intel Corporation Common Stock","NNM","55762663","58793757","16318849","3.42",,
"2020-01-15","INTU","Intuit Inc. Common Stock","NNM","3175709","3702714","1031790","3.08",,
"2020-01-15","ISRG","Intuitive Surgical, Inc. Commo","NNM","1760574","1841996","683847","2.57",,
"2020-01-15","ITW","Illinois Tool Works Inc.","NYSE","6978268","6999499","1067931","6.53",,
"2020-01-15","JNJ","Johnson & Johnson","NYSE","20423117","20500856","5590218","3.65",,
"2020-01-15","JPM","JPMorgan Chase & Co.","NYSE","25205494","28532239","10872724","2.32",,
"2020-01-15","KKR","KKR & Co. Inc. Class A Common","NYSE","14238976","14413767","2500132","5.70",,
"2020-01-15","KLAC","KLA Corporation Common Stock","NNM","3656995","3264413","882753","4.14",,
"2020-01-15","KMI","Kinder Morgan, Inc.","NYSE","34603413","32900983","11722382","2.95",,
"2020-01-15","KO","Coca-Cola Company","NYSE","36634601","37466279","11716103","3.13",,
"2020-01-15","LIN","Linde plc Ordinary Share","NYSE","5951187","5370872","1716835","3.47",,
"2020-01-15","LLY","Eli Lilly & Co.","NYSE","12983489","11311711","3213590","4.04",,
"2020-01-15","LMT","Lockheed Martin Corp.","NYSE","4022712","4295949","1341721","3.00",,
"2020-01-15","LOW","Lowe's Companies Inc.","NYSE","9174569","9935479","3041517","3.02",,
"2020-01-15","LRCX","Lam Research Corporation Commo","NNM","5377526","5272060","1279044","4.20",,
"2020-01-15","MA","Mastercard Incorporated","NYSE","8521221","7548005","2993701","2.85",,
"2020-01-15","MAR","Marriott International Class A","NNM","7385560","8112779","1347893","5.48",,
"2020-01-15","MCD","McDonald''s Corporation","NYSE","8772812","7532207","3404419","2.58",,
"2020-01-15","MCK","McKesson Corporation","NYSE","3870158","3613388","969490","3.99",,
"2020-01-15","MCO","Moody's Corporation","NYSE","2391317","2789396","635556","3.76",,
"2020-01-15","MDLZ","Mondelez International, Inc. C","NNM","13008084","14290403","5582828","2.33",,
"2020-01-15","MDT","Medtronic plc","NYSE","11783482","9879923","3730587","3.16",,
"2020-01-15","MMM","3M Company","NYSE","10694481","9949341","2270128","4.71",,
"2020-01-15","MNST","Monster Beverage Corporation","NNM","10766609","10607707","2539362","4.24",,
"2020-01-15","MO","Altria Group, Inc.","NYSE","16032710","16846939","6408431","2.50",,
"2020-01-15","MPC","MARATHON PETROLEUM CORPORATION","NYSE","16378120","15458735","5472674","2.99",,
"2020-01-15","MPWR","Monolithic Power Systems, Inc.","NNM","942559","1228380","277417","3.40",,
"2020-01-15","MRK","Merck & Co., Inc.","NYSE","24916308","25151526","7879137","3.16",,
"2020-01-15","MRVL","Marvell Technology Group Ltd.","NNM","45022390","41288599","8071672","5.58",,
"2020-01-15","MS","Morgan Stanley","NYSE","18379888","14672530","6532405","2.81",,
"2020-01-15","MSFT","Microsoft Corporation Common S","NNM","63639312","62706418","20159661","3.16",,
"2020-01-15","MSI","Motorola Solutions, Inc. New","NYSE","2559796","2545401","1066833","2.40",,
"2020-01-15","MU","Micron Technology, Inc. Common","NNM","27009983","27958125","21978605","1.23",,
"2020-01-15","NEE","Nextra Energy, Inc.","NYSE","6725044","6763725","1469495","4.58",,
"2020-01-15","NEM","Newmont Corporation","NYSE","16126263","19258656","6793839","2.37",,
"2020-01-15","NET","Cloudflare, Inc. Class A commo","NYSE","5120888","5414191","686945","7.45",,
"2020-01-15","NFLX","Netflix, Inc. Common Stock","NNM","20487623","21862242","4845376","4.23",,
"2020-01-15","NKE","Nike, Inc.","NYSE","8710129","9748820","4851429","1.80",,
"2020-01-15","NOC","Northrop Grumman Corp.","NYSE","2182542","2019463","1112271","1.96",,
"2020-01-15","NOW","SERVICENOW, INC.","NYSE","10855375","11614047","1336735","8.12",,
"2020-01-15","NSC","Norfolk Southern Corp.","NYSE","3673548","4221138","1401360","2.62",,
"2020-01-15","NVDA","NVIDIA Corporation Common Stoc","NNM","9535377","8449053","6377613","1.50",,
"2020-01-15","O","Realty Income Corporation","NYSE","9141453","9191808","1602307","5.71",,
"2020-01-15","ORCL","Oracle Corp","NYSE","36351435","37291523","10300345","3.53",,
"2020-01-15","ORLY","O'Reilly Automotive, Inc. Comm","NNM","963376","1043353","536373","1.80",,
"2020-01-15","PANW","PALO ALTO NETWORKS, INC","NYSE","2872413","2891406","848661","3.38",,
"2020-01-15","PCAR","PACCAR Inc. Common Stock","NNM","6911819","7098364","1408354","4.91",,
"2020-01-15","PEP","PepsiCo, Inc. Common Stock","NNM","13788213","13345402","3736420","3.69",,
"2020-01-15","PFE","Pfizer Inc.","NYSE","56967572","57137431","15521625","3.67",,
"2020-01-15","PG","Procter & Gamble Company","NYSE","19284884","21860012","6137668","3.14",,
"2020-01-15","PGR","Progressive Corporation","NYSE","5924301","4958116","3471293","1.71",,
"2020-01-15","PH","Parker-Hannifin Corporation","NYSE","2132986","1855909","674480","3.16",,
"2020-01-15","PLD","PROLOGIS, INC.","NYSE","18067847","16648329","2014775","8.97",,
"2020-01-15","PM","Philip Morris International In","NYSE","11452379","12619066","4654477","2.46",,
"2020-01-15","PNC","PNC Financial Services Group","NYSE","5477651","4929195","1804755","3.04",,
"2020-01-15","PSX","PHILLIPS 66","NYSE","6433153","6663640","2380211","2.70",,
"2020-01-15","PWR","Quanta Services, Inc.","NYSE","6004895","5462959","1080535","5.56",,
"2020-01-15","QCOM","QUALCOMM Incorporated Common S","NNM","13934234","17055986","7809604","1.78",,
"2020-01-15","RCL","Royal Caribbean Cruises Ltd.","NYSE","4291685","4335415","1083689","3.96",,
"2020-01-15","REGN","Regeneron Pharmaceuticals, Inc","NNM","2624477","2481280","557163","4.71",,
"2020-01-15","ROST","Ross Stores, Inc. Common Stock","NNM","4446709","4350282","1490277","2.98",,
"2020-01-15","RSG","Republic Services Inc.","NYSE","2774110","3176011","1108122","2.50",,
"2020-01-15","SBUX","Starbucks Corporation Common S","NNM","16290735","15357864","6026198","2.70",,
"2020-01-15","SCCO","Southern Copper Corporation","NYSE","4326324","4532334","566064","7.64",,
"2020-01-15","SCHW","The Charles Schwab Corporation","NYSE","52911070","43346008","7500830","7.05",,
"2020-01-15","SHW","The Sherwin-Williams Company","NYSE","1275790","1408751","514113","2.48",,
"2020-01-15","SNPS","Synopsys, Inc. Common Stock","NNM","2226327","2130076","824120","2.70",,
"2020-01-15","SO","The Southern Company","NYSE","20175989","20379377","3595555","5.61",,
"2020-01-15","SPG","Simon Property Group, Inc.","NYSE","12187140","12143618","1500052","8.12",,
"2020-01-15","SPGI","S&P Global Inc.","NYSE","3837745","3508134","916428","4.19",,
"2020-01-15","SYK","Stryker Corporation","NYSE","3827281","3908554","1024094","3.74",,
"2020-01-15","T","AT&T Inc.","NYSE","164971167","113558046","29407683","5.61",,
"2020-01-15","TDG","TransDigm Group Incorporated","NYSE","2575504","2841346","291741","8.83",,
"2020-01-15","TFC","Truist Financial Corporation","NYSE","13572361","16973059","5284222","2.57",,
"2020-01-15","TGT","Target Corporation","NYSE","15394307","12757940","4077762","3.78",,
"2020-01-15","TJX","TJX Companies, Inc. (The)","NYSE","13586575","16429159","4015307","3.38",,
"2020-01-15","TMO","Thermo Fisher Scientific, Inc.","NYSE","3554580","3549052","899159","3.95",,
"2020-01-15","TMUS","T-Mobile US, Inc. Common Stock","NNM","9659600","11924387","2369975","4.08",,
"2020-01-15","TRV","The Travelers Companies, Inc.","NYSE","4171165","4075064","1124471","3.71",,
"2020-01-15","TSLA","Tesla, Inc. Common Stock","NNM","24954265","26259152","18352669","1.36",,
"2020-01-15","TXN","Texas Instruments Incorporated","NNM","19503325","20558971","3903101","5.00",,
"2020-01-15","UBER","Uber Technologies, Inc.","NYSE","50687473","42969921","24140253","2.10",,
"2020-01-15","UNH","UNITEDHEALTH GROUP INCORPORATE","NYSE","9620105","10558504","3259393","2.95",,
"2020-01-15","UNP","Union Pacific Corp.","NYSE","6295311","6894666","2582208","2.44",,
"2020-01-15","UPS","United Parcel Service, Inc. Cl","NYSE","11289371","11210714","2309009","4.89",,
"2020-01-15","URI","United Rentals, Inc.","NYSE","5166250","5383389","871160","5.93",,
"2020-01-15","USB","U.S. Bancorp","NYSE","14598278","17433063","5033383","2.90",,
"2020-01-15","V","VISA Inc.","NYSE","30709317","31325891","6474222","4.74",,
"2020-01-15","VLO","Valero Energy Corporation","NYSE","7569312","7901286","3100133","2.44",,
"2020-01-15","VRTX","Vertex Pharmaceuticals Incorpo","NNM","3546001","3589093","1101556","3.22",,
"2020-01-15","VZ","Verizon Communications","NYSE","34368477","38663603","12889249","2.67",,
"2020-01-15","WDC","Western Digital Corporation Co","NNM","10225341","12923858","5066757","2.02",,
"2020-01-15","WELL","Welltower Inc.","NYSE","13821063","12553087","1623237","8.51",,
"2020-01-15","WFC","Wells Fargo & Co.","NYSE","43236253","42137313","19197161","2.25",,
"2020-01-15","WM","Waste Management, Inc.","NYSE","5382186","4968718","1537769","3.50",,
"2020-01-15","WMB","Williams Companies Inc.","NYSE","25759243","27682675","7954475","3.24",,
"2020-01-15","WMT","Walmart Inc.","NYSE","17739112","17268035","5558032","3.19",,
"2020-01-15","XOM","Exxon Mobil Corporation","NYSE","39576431","38805666","13555921","2.92",,
"2019-08-15","AAPL","Apple Inc. Common Stock","NNM","45594258","43005960","36615393","1.25",,
"2019-08-15","ABBV","ABBVIE INC.","NYSE","51013972","45895474","9534520","5.35",,
"2019-08-15","ABT","Abbott Laboratories","NYSE","17049341","16989242","5183937","3.29",,
"2019-08-15","ADBE","Adobe Inc. Common Stock","NNM","5636166","5715559","2582468","2.18",,
"2019-08-15","ADI","Analog Devices, Inc. Common St","NNM","4379169","5209375","2382070","1.84",,
"2019-08-15","ADP","Automatic Data Processing, Inc","NNM","3620380","3293212","2472210","1.46",,
"2019-08-15","AEP","American Electric Power Compan","NYSE","7268201","7859730","2588574","2.81",,
"2019-08-15","AFL","Aflac Inc.","NYSE","8534450","8731034","3226086","2.65",,
"2019-08-15","AJG","Arthur J. Gallagher & Co.","NYSE","2616460","2712748","847428","3.09",,
"2019-08-15","ALL","The Allstate Corporation","NYSE","4096976","4361915","1705886","2.40",,
"2019-08-15","AMAT","Applied Materials, Inc. Common","NNM","15706429","19165418","8350956","1.88",,
"2019-08-15","AMD","Advanced Micro Devices, Inc. C","NNM","136523156","113706626","94851464","1.44",,
"2019-08-15","AMGN","Amgen Inc. Common Stock","NNM","9747234","9539280","4695735","2.08",,
"2019-08-15","AMT","American Tower Corporation","NYSE","4136710","3554651","1766139","2.34",,
"2019-08-15","AMZN","Amazon.com, Inc. Common Stock","NNM","3413947","3667473","4326174","1.00",,
"2019-08-15","ANET","Arista Networks","NYSE","1574672","1419073","1213230","1.30",,
"2019-08-15","AON","Aon plc Class A","NYSE","1616546","1554117","889608","1.82",,
"2019-08-15","APD","Air Products & Chemicals, Inc.","NYSE","2765729","3318599","1051387","2.63",,
"2019-08-15","APH","Amphenol Corporation","NYSE","2625635","2887600","1678208","1.56",,
"2019-08-15","APO","Apollo Global Management, LLC","NYSE","8723199","7194125","2008183","4.34",,
"2019-08-15","AVGO","Broadcom Inc. Common Stock","NNM","5674098","6228002","2392531","2.37",,
"2019-08-15","AXP","American Express Company","NYSE","6245088","5752299","3653936","1.71",,
"2019-08-15","BA","Boeing Company","NYSE","5371297","5309551","4352001","1.23",,
"2019-08-15","BAC","Bank of America Corporation","NYSE","86344845","86082995","70931335","1.22",,
"2019-08-15","BKNG","Booking Holdings Inc. Common S","NNM","1186283","1278168","409971","2.89",,
"2019-08-15","BLK","Blackrock, Inc.","NYSE","1383795","1450949","636578","2.17",,
"2019-08-15","BMY","Bristol-Myers Squibb Co.","NYSE","134251860","124024558","13371457","10.04",,
"2019-08-15","BNY","BlackRock New York Municipal I","NYSE","12113","6183","20917","1.00",,
"2019-08-15","BRKA","Berkshire Hathaway Inc.","NYSE","476","297","260","1.83",,
"2019-08-15","BRKB","BERKSHIRE HATHAWAY Class B","NYSE","10398272","10712558","5004258","2.08",,
"2019-08-15","BSX","Boston Scientific Corp.","NYSE","13869131","13124672","5239056","2.65",,
"2019-08-15","BX","The Blackstone Group Inc. Clas","NYSE","11459274","10683561","7034102","1.63",,
"2019-08-15","C","Citigroup Inc.","NYSE","18286123","16148074","17651285","1.04",,
"2019-08-15","CAT","Caterpillar Inc.","NYSE","7833529","7664544","4706169","1.66",,
"2019-08-15","CDNS","Cadence Design Systems, Inc. C","NNM","7432903","6441201","1944254","3.82",,
"2019-08-15","CI","CIGNA Corporation","NYSE","5887839","5956262","2089782","2.82",,
"2019-08-15","CL","Colgate-Palmolive Company","NYSE","11705996","11271038","3733179","3.14",,
"2019-08-15","CMCSA","Comcast Corporation Class A Co","NNM","81713097","81374834","18453670","4.43",,
"2019-08-15","CME","CME Group Inc. Class A Common","NNM","5721353","5550383","1483633","3.86",,
"2019-08-15","CMI","Cummins Inc.","NYSE","3715819","3394196","1475154","2.52",,
"2019-08-15","COF","Capital One Financial","NYSE","4898631","5026907","2719317","1.80",,
"2019-08-15","COP","ConocoPhillips","NYSE","9363619","9236130","6961430","1.35",,
"2019-08-15","COST","Costco Wholesale Corporation C","NNM","4186149","4669050","2165187","1.93",,
"2019-08-15","CRM","salesforce.com, inc.","NYSE","17316378","29690425","9591634","1.81",,
"2019-08-15","CRWD","CrowdStrike Holdings, Inc. Cla","NNM","2984424","2371806","2055653","1.45",,
"2019-08-15","CSCO","Cisco Systems, Inc. Common Sto","NNM","37953869","43103759","26806700","1.42",,
"2019-08-15","CSX","CSX Corporation Common Stock","NNM","8778887","11137022","5429065","1.62",,
"2019-08-15","CTAS","Cintas Corporation Common Stoc","NNM","2769372","3002882","501651","5.52",,
"2019-08-15","CVNA","Carvana Co.","NYSE","18420450","18074244","2509215","7.34",,
"2019-08-15","CVS","CVS HEALTH CORPORATION","NYSE","21324170","22171632","10929672","1.95",,
"2019-08-15","CVX","Chevron Corporation","NYSE","18371008","20476340","6938371","2.65",,
"2019-08-15","D","Dominion Energy, Inc Common St","NYSE","16515472","18549518","5097940","3.24",,
"2019-08-15","DE","Deere & Company","NYSE","6578494","6474853","2430140","2.71",,
"2019-08-15","DELL","Dell Technologies Inc.","NYSE","8270801","3159052","3631423","2.28",,
"2019-08-15","DHR","Danaher Corporation","NYSE","4237789","4228274","2093204","2.02",,
"2019-08-15","DIS","The Walt Disney Company","NYSE","16906201","17496501","12023228","1.41",,
"2019-08-15","DLR","Digital Realty Trust, Inc.","NYSE","13988153","13756664","1014677","13.79",,
"2019-08-15","DUK","Duke Energy Corporation","NYSE","8418084","8453887","2919443","2.88",,
"2019-08-15","ECL","Ecolab, Inc.","NYSE","4149668","4416353","1048692","3.96",,
"2019-08-15","EMR","Emerson Electric Co.","NYSE","7100617","6492489","3905798","1.82",,
"2019-08-15","EOG","EOG Resources, Inc.","NYSE","11903926","9380084","5398280","2.21",,
"2019-08-15","EPD","Enterprise Products Partners L","NYSE","31675048","32149097","3807625","8.32",,
"2019-08-15","EQIX","Equinix, Inc. Common Stock REI","NNM","945006","895947","478691","1.97",,
"2019-08-15","FCX","Freeport-McMoran Inc.","NYSE","40565294","35004900","23306565","1.74",,
"2019-08-15","FDX","FedEx Corporation","NYSE","4256652","4548515","2069325","2.06",,
"2019-08-15","FTNT","Fortinet, Inc. Common Stock","NNM","5225765","5353446","2145894","2.44",,
"2019-08-15","GD","General Dynamics Corporation","NYSE","2564462","2838082","993088","2.58",,
"2019-08-15","GE","General Electric Company","NYSE","129899112","103449734","101978878","1.27",,
"2019-08-15","GILD","Gilead Sciences, Inc. Common S","NNM","14733129","15523861","6062277","2.43",,
"2019-08-15","GLW","Corning Incorporated","NYSE","22530561","20879152","6475855","3.48",,
"2019-08-15","GM","General Motors Company","NYSE","24859379","25869721","8386974","2.96",,
"2019-08-15","GOOG","Alphabet Inc. Class C Capital","NNM","2856241","2791769","1523064","1.88",,
"2019-08-15","GOOGL","Alphabet Inc. Class A Common S","NNM","2471107","2608512","1590401","1.55",,
"2019-08-15","GS","Goldman Sachs Group Inc.","NYSE","7750963","7623287","2358852","3.29",,
"2019-08-15","GWW","W.W. Grainger, Inc.","NYSE","2492689","2982413","505751","4.93",,
"2019-08-15","HCA","HCA Healthcare, Inc.","NYSE","3685716","3502479","1652440","2.23",,
"2019-08-15","HD","Home Depot, Inc.","NYSE","10324740","10284871","3539778","2.92",,
"2019-08-15","HLT","Hilton Worldwide Holdings Inc.","NYSE","5962274","4343674","2168814","2.75",,
"2019-08-15","HON","Honeywell International, Inc.","NYSE","6406109","6275089","2588291","2.48",,
"2019-08-15","HPE","Hewlett Packard Enterprise Com","NYSE","40581501","48459323","11422244","3.55",,
"2019-08-15","IBKR","Interactive Brokers Group, Inc","IEX","5165476","4483392","492120","10.50",,
"2019-08-15","IBM","International Business Machine","NYSE","16062329","17512881","5505208","2.92",,
"2019-08-15","ICE","Intercontinental Exchange  Inc","NYSE","5516463","5993880","2176217","2.53",,
"2019-08-15","INTC","Intel Corporation Common Stock","NNM","55507255","63371439","27844355","1.99",,"R"
"2019-08-15","INTU","Intuit Inc. Common Stock","NNM","3234669","3662688","1275211","2.54",,
"2019-08-15","ISRG","Intuitive Surgical, Inc. Commo","NNM","1876880","2008475","562294","3.34",,
"2019-08-15","ITW","Illinois Tool Works Inc.","NYSE","8094192","8021027","1355996","5.97",,
"2019-08-15","JNJ","Johnson & Johnson","NYSE","15500165","15811188","6849247","2.26",,
"2019-08-15","JPM","JPMorgan Chase & Co.","NYSE","21409500","23150581","13200411","1.62",,
"2019-08-15","KKR","KKR & Co. Inc. Class A Common","NYSE","21364732","20880672","2767967","7.72",,
"2019-08-15","KLAC","KLA Corporation Common Stock","NNM","2883124","3144365","1884295","1.53",,
"2019-08-15","KMI","Kinder Morgan, Inc.","NYSE","57676343","43447097","16479176","3.50",,
"2019-08-15","KO","Coca-Cola Company","NYSE","33125527","32337372","14097710","2.35",,
"2019-08-15","LIN","Linde plc Ordinary Share","NYSE","4533465","4863790","2272183","2.00",,
"2019-08-15","LLY","Eli Lilly & Co.","NYSE","16681964","11459202","4244753","3.93",,
"2019-08-15","LMT","Lockheed Martin Corp.","NYSE","2468355","2338548","1111128","2.22",,
"2019-08-15","LOW","Lowe's Companies Inc.","NYSE","10300758","9152341","4481541","2.30",,
"2019-08-15","LRCX","Lam Research Corporation Commo","NNM","6268042","7100117","1999019","3.14",,
"2019-08-15","MA","Mastercard Incorporated","NYSE","6290532","5653641","4319069","1.46",,
"2019-08-15","MAR","Marriott International Class A","NNM","8397473","7934831","2160371","3.89",,
"2019-08-15","MCD","McDonald''s Corporation","NYSE","6194291","5960714","3263838","1.90",,
"2019-08-15","MCK","McKesson Corporation","NYSE","5675213","4838202","2078601","2.73",,
"2019-08-15","MCO","Moody's Corporation","NYSE","2202111","1771153","783221","2.81",,
"2019-08-15","MDLZ","Mondelez International, Inc. C","NNM","10587127","13386485","7310873","1.45",,
"2019-08-15","MDT","Medtronic plc","NYSE","10237129","10291762","4380305","2.34",,
"2019-08-15","MMM","3M Company","NYSE","9048596","9470311","3205422","2.82",,
"2019-08-15","MNST","Monster Beverage Corporation","NNM","12033667","11269051","5007609","2.40",,
"2019-08-15","MO","Altria Group, Inc.","NYSE","12647656","13330638","8504479","1.49",,
"2019-08-15","MPC","MARATHON PETROLEUM CORPORATION","NYSE","11625867","13789837","7136911","1.63",,
"2019-08-15","MPWR","Monolithic Power Systems, Inc.","NNM","962891","955655","301758","3.19",,
"2019-08-15","MRK","Merck & Co., Inc.","NYSE","21825650","18784436","9665820","2.26",,
"2019-08-15","MRVL","Marvell Technology Group Ltd.","NNM","28459520","31934339","9486007","3.00",,
"2019-08-15","MS","Morgan Stanley","NYSE","10947500","9883192","12485365","1.00",,
"2019-08-15","MSFT","Microsoft Corporation Common S","NNM","48886121","53072261","30688898","1.59",,
"2019-08-15","MSI","Motorola Solutions, Inc. New","NYSE","3556797","3601086","1094083","3.25",,
"2019-08-15","MU","Micron Technology, Inc. Common","NNM","34468072","40846343","27856156","1.24",,
"2019-08-15","NEE","Nextra Energy, Inc.","NYSE","5835301","5202513","1773459","3.29",,
"2019-08-15","NEM","Newmont Goldcorp Corporation","NYSE","12976150","11657082","9281303","1.40",,
"2019-08-15","NFLX","Netflix, Inc. Common Stock","NNM","21398776","22034440","7016800","3.05",,
"2019-08-15","NKE","Nike, Inc.","NYSE","8845386","7700420","6940261","1.27",,
"2019-08-15","NOC","Northrop Grumman Corp.","NYSE","2675988","2166910","962687","2.78",,
"2019-08-15","NOW","SERVICENOW, INC.","NYSE","6627170","6302179","1843082","3.60",,
"2019-08-15","NSC","Norfolk Southern Corp.","NYSE","3684343","3516444","2095351","1.76",,
"2019-08-15","NVDA","NVIDIA Corporation Common Stoc","NNM","10166206","10718496","10084409","1.01",,
"2019-08-15","O","Realty Income Corporation","NYSE","9265925","9340418","1608806","5.76",,
"2019-08-15","ORCL","Oracle Corp","NYSE","53259082","56608285","11910271","4.47",,
"2019-08-15","ORLY","O'Reilly Automotive, Inc. Comm","NNM","1530211","1438337","704826","2.17",,
"2019-08-15","PANW","PALO ALTO NETWORKS, INC","NYSE","5749469","5771944","861629","6.67",,
"2019-08-15","PCAR","PACCAR Inc. Common Stock","NNM","8063180","8552008","1753957","4.60",,
"2019-08-15","PEP","PepsiCo, Inc. Common Stock","NNM","9688622","10067167","4912942","1.97",,
"2019-08-15","PFE","Pfizer Inc.","NYSE","55228288","67951144","34148805","1.62",,
"2019-08-15","PG","Procter & Gamble Company","NYSE","20326712","20802568","9040340","2.25",,
"2019-08-15","PGR","Progressive Corporation","NYSE","4794520","5288376","2796521","1.71",,
"2019-08-15","PH","Parker-Hannifin Corporation","NYSE","2374945","2344963","836276","2.84",,
"2019-08-15","PLD","PROLOGIS, INC.","NYSE","7262692","7403666","2224832","3.26",,
"2019-08-15","PM","Philip Morris International In","NYSE","10015742","11267750","5064003","1.98",,
"2019-08-15","PNC","PNC Financial Services Group","NYSE","4150338","4273024","2481410","1.67",,
"2019-08-15","PSX","PHILLIPS 66","NYSE","5289131","5333941","2279177","2.32",,
"2019-08-15","PWR","Quanta Services, Inc.","NYSE","4793145","3284098","2048216","2.34",,
"2019-08-15","QCOM","QUALCOMM Incorporated Common S","NNM","28396685","28621468","12019957","2.36",,
"2019-08-15","RCL","Royal Caribbean Cruises Ltd.","NYSE","3707138","3827577","1728690","2.14",,
"2019-08-15","REGN","Regeneron Pharmaceuticals, Inc","NNM","2423168","2351754","696874","3.48",,
"2019-08-15","ROST","Ross Stores, Inc. Common Stock","NNM","6202373","6966703","1810027","3.43",,
"2019-08-15","RSG","Republic Services Inc.","NYSE","3463362","4502492","1274024","2.72",,
"2019-08-15","SBUX","Starbucks Corporation Common S","NNM","18449070","20182376","7278218","2.53",,
"2019-08-15","SCCO","Southern Copper Corporation","NYSE","4213027","4400612","1000584","4.21",,
"2019-08-15","SCHW","The Charles Schwab Corporation","NYSE","17762859","14768949","13203583","1.35",,
"2019-08-15","SHW","The Sherwin-Williams Company","NYSE","1671518","1413412","494168","3.38",,
"2019-08-15","SNPS","Synopsys, Inc. Common Stock","NNM","1723499","1760287","958068","1.80",,
"2019-08-15","SO","The Southern Company","NYSE","16829659","16969668","5961087","2.82",,
"2019-08-15","SPG","Simon Property Group, Inc.","NYSE","10372082","10377577","1848324","5.61",,
"2019-08-15","SPGI","S&P Global Inc.","NYSE","4055448","3206294","1495761","2.71",,
"2019-08-15","SYK","Stryker Corporation","NYSE","3799438","3115337","1031556","3.68",,
"2019-08-15","T","AT&T Inc.","NYSE","102018214","103370201","31801494","3.21",,
"2019-08-15","TDG","TransDigm Group Incorporated","NYSE","2792817","2708200","396179","7.05",,
"2019-08-15","TGT","Target Corporation","NYSE","24214270","22834250","5927077","4.09",,
"2019-08-15","TJX","TJX Companies, Inc. (The)","NYSE","12063056","12107564","6617413","1.82",,
"2019-08-15","TMO","Thermo Fisher Scientific, Inc.","NYSE","2808404","2788471","1726634","1.63",,
"2019-08-15","TMUS","T-Mobile US, Inc. Common Stock","NNM","12248058","13546542","3390769","3.61",,
"2019-08-15","TRV","The Travelers Companies, Inc.","NYSE","4958188","5567238","1414258","3.51",,
"2019-08-15","TSLA","Tesla, Inc. Common Stock","NNM","39296516","39486864","6206713","6.33",,
"2019-08-15","TXN","Texas Instruments Incorporated","NNM","19891677","21152708","6051025","3.29",,
"2019-08-15","UBER","Uber Technologies, Inc.","NYSE","40518616","35541247","16843362","2.41",,
"2019-08-15","UNH","UNITEDHEALTH GROUP INCORPORATE","NYSE","7388944","7110862","3238922","2.28",,
"2019-08-15","UNP","Union Pacific Corp.","NYSE","6066182","5759995","2806247","2.16",,
"2019-08-15","UPS","United Parcel Service, Inc. Cl","NYSE","13824434","15460260","3453801","4.00",,
"2019-08-15","URI","United Rentals, Inc.","NYSE","5442094","5421669","1502713","3.62",,
"2019-08-15","USB","U.S. Bancorp","NYSE","16811421","17269833","6319909","2.66",,
"2019-08-15","V","VISA Inc.","NYSE","27284229","28322354","8478430","3.22",,
"2019-08-15","VLO","Valero Energy Corporation","NYSE","6472093","5921830","3752181","1.72",,
"2019-08-15","VRTX","Vertex Pharmaceuticals Incorpo","NNM","4225053","3400930","1490792","2.83",,
"2019-08-15","VZ","Verizon Communications","NYSE","33336504","33274121","14078202","2.37",,
"2019-08-15","WDC","Western Digital Corporation Co","NNM","15698558","16125113","5805966","2.70",,
"2019-08-15","WELL","Welltower Inc.","NYSE","13010061","11757971","2086834","6.23",,
"2019-08-15","WFC","Wells Fargo & Co.","NYSE","35720441","35245034","22586327","1.58",,
"2019-08-15","WM","Waste Management, Inc.","NYSE","3854245","3507757","1956160","1.97",,
"2019-08-15","WMB","Williams Companies Inc.","NYSE","22725701","24170067","10625856","2.14",,
"2019-08-15","WMT","Walmart Inc.","NYSE","16500218","16840012","7740944","2.13",,
"2019-08-15","XOM","Exxon Mobil Corporation","NYSE","37478788","37691763","15096764","2.48",,
"2019-07-15","AAPL","Apple Inc. Common Stock","NNM","42428971","43448528","19134090","2.22",,
"2019-07-15","ABBV","ABBVIE INC.","NYSE","44168480","28212850","11990723","3.68",,
"2019-07-15","ABT","Abbott Laboratories","NYSE","16825851","14148218","4031078","4.17",,
"2019-07-15","ADBE","Adobe Inc. Common Stock","NNM","5621440","4880657","1905165","2.95",,
"2019-07-15","ADI","Analog Devices, Inc. Common St","NNM","5002190","5933621","1666767","3.00",,
"2019-07-15","ADP","Automatic Data Processing, Inc","NNM","3167081","4041827","3345933","1.00",,
"2019-07-15","AEP","American Electric Power Compan","NYSE","8086269","8254913","1693807","4.77",,
"2019-07-15","AFL","Aflac Inc.","NYSE","9831659","9409098","2387009","4.12",,
"2019-07-15","AJG","Arthur J. Gallagher & Co.","NYSE","2003716","1805559","887162","2.26",,
"2019-07-15","ALL","The Allstate Corporation","NYSE","4854451","5395486","1273418","3.81",,
"2019-07-15","AMAT","Applied Materials, Inc. Common","NNM","17552593","17318233","9055934","1.94",,
"2019-07-15","AMD","Advanced Micro Devices, Inc. C","NNM","116277782","113593452","50657337","2.30",,
"2019-07-15","AMGN","Amgen Inc. Common Stock","NNM","9132482","8695668","2613936","3.49",,
"2019-07-15","AMT","American Tower Corporation","NYSE","4120888","4083558","1829147","2.25",,
"2019-07-15","AMZN","Amazon.com, Inc. Common Stock","NNM","3357298","2942241","3214540","1.04",,
"2019-07-15","ANET","Arista Networks","NYSE","1827476","1937048","587515","3.11",,
"2019-07-15","AON","Aon plc Class A","NYSE","1713762","2048930","592547","2.89",,
"2019-07-15","APD","Air Products & Chemicals, Inc.","NYSE","2490560","2877641","790604","3.15",,
"2019-07-15","APH","Amphenol Corporation","NYSE","2742573","3295228","917369","2.99",,
"2019-07-15","APO","Apollo Global Management, LLC","NYSE","6367579","5745654","1669078","3.82",,
"2019-07-15","AVGO","Broadcom Inc. Common Stock","NNM","6153994","6957966","3014456","2.04",,
"2019-07-15","AXP","American Express Company","NYSE","5469977","6176700","3077306","1.78",,
"2019-07-15","BA","Boeing Company","NYSE","4319563","5631176","4006393","1.08",,
"2019-07-15","BAC","Bank of America Corporation","NYSE","77982841","80522576","35387001","2.20",,
"2019-07-15","BKNG","Booking Holdings Inc. Common S","NNM","1106356","1177918","287228","3.85",,
"2019-07-15","BLK","Blackrock, Inc.","NYSE","1585789","1609694","419017","3.78",,
"2019-07-15","BMY","Bristol-Myers Squibb Co.","NYSE","111016958","111320934","11740407","9.46",,
"2019-07-15","BNY","BlackRock New York Municipal I","NYSE","2580","955","14520","1.00",,
"2019-07-15","BRKA","Berkshire Hathaway Inc.","NYSE","293","321","210","1.40",,
"2019-07-15","BRKB","BERKSHIRE HATHAWAY Class B","NYSE","10107528","10131138","2990127","3.38",,
"2019-07-15","BSX","Boston Scientific Corp.","NYSE","15404745","13633365","5999767","2.57",,
"2019-07-15","BX","The Blackstone Group Inc. Clas","NYSE","16315170","25770465","11994776","1.36",,
"2019-07-15","C","Citigroup Inc.","NYSE","18379559","15538707","12189817","1.51",,
"2019-07-15","CAT","Caterpillar Inc.","NYSE","7418639","7358521","3476898","2.13",,
"2019-07-15","CDNS","Cadence Design Systems, Inc. C","NNM","5653033","6896297","1724830","3.28",,
"2019-07-15","CI","CIGNA Corporation","NYSE","5333727","5564879","2432765","2.19",,
"2019-07-15","CL","Colgate-Palmolive Company","NYSE","10012064","10130247","2909596","3.44",,
"2019-07-15","CMCSA","Comcast Corporation Class A Co","NNM","74728076","70206883","15611102","4.79",,
"2019-07-15","CME","CME Group Inc. Class A Common","NNM","5960848","6358498","1079929","5.52",,
"2019-07-15","CMI","Cummins Inc.","NYSE","3703307","3424064","1104761","3.35",,
"2019-07-15","COF","Capital One Financial","NYSE","4551391","4532528","1675969","2.72",,
"2019-07-15","COP","ConocoPhillips","NYSE","7440572","8578766","5715063","1.30",,
"2019-07-15","COST","Costco Wholesale Corporation C","NNM","4937133","4715758","1471618","3.35",,
"2019-07-15","CRM","salesforce.com, inc.","NYSE","23404841","21144261","4874629","4.80",,
"2019-07-15","CRWD","CrowdStrike Holdings, Inc. Cla","NNM","2097159","1436176","2136776","1.00",,
"2019-07-15","CSCO","Cisco Systems, Inc. Common Sto","NNM","39912074","47535341","16955304","2.35",,
"2019-07-15","CSX","CSX Corporation Common Stock","NNM","10124422","11222280","2909091","3.48",,
"2019-07-15","CTAS","Cintas Corporation Common Stoc","NNM","2791866","3067704","403945","6.91",,
"2019-07-15","CVNA","Carvana Co.","NYSE","16552143","15118624","1162786","14.23",,
"2019-07-15","CVS","CVS HEALTH CORPORATION","NYSE","21003565","19174922","8310001","2.53",,
"2019-07-15","CVX","Chevron Corporation","NYSE","18411450","19147481","4092885","4.50",,
"2019-07-15","D","Dominion Energy, Inc Common St","NYSE","16432980","15712279","3078127","5.34",,
"2019-07-15","DE","Deere & Company","NYSE","6269962","7998718","1689757","3.71",,
"2019-07-15","DELL","Dell Technologies Inc.","NYSE","2978967","4032557","3173058","1.00",,
"2019-07-15","DHR","Danaher Corporation","NYSE","4153333","5092167","2171587","1.91",,
"2019-07-15","DIS","The Walt Disney Company","NYSE","17003483","17071815","7249482","2.35",,
"2019-07-15","DLR","Digital Realty Trust, Inc.","NYSE","13613994","14303221","785787","17.33",,
"2019-07-15","DUK","Duke Energy Corporation","NYSE","8565733","8557026","2172528","3.94",,
"2019-07-15","ECL","Ecolab, Inc.","NYSE","4795996","4061876","957568","5.01",,
"2019-07-15","EMR","Emerson Electric Co.","NYSE","6497187","6599591","2340190","2.78",,
"2019-07-15","EOG","EOG Resources, Inc.","NYSE","9472191","11516955","3534601","2.68",,
"2019-07-15","EPD","Enterprise Products Partners L","NYSE","31785732","28473304","3409760","9.32",,
"2019-07-15","EQIX","Equinix, Inc. Common Stock REI","NNM","1126451","1065059","258583","4.36",,
"2019-07-15","FCX","Freeport-McMoran Inc.","NYSE","39989923","33897034","17861720","2.24",,
"2019-07-15","FDX","FedEx Corporation","NYSE","4580881","4584110","1923008","2.38",,
"2019-07-15","FTNT","Fortinet, Inc. Common Stock","NNM","5920053","6535542","1443806","4.10",,
"2019-07-15","GD","General Dynamics Corporation","NYSE","2676568","2707243","892476","3.00",,
"2019-07-15","GE","General Electric Company","NYSE","93878688","102911320","36023791","2.61",,
"2019-07-15","GILD","Gilead Sciences, Inc. Common S","NNM","14001058","11899685","5344656","2.62",,
"2019-07-15","GLW","Corning Incorporated","NYSE","16193739","16557294","3415643","4.74",,
"2019-07-15","GM","General Motors Company","NYSE","24671165","27007968","6053782","4.08",,
"2019-07-15","GOOG","Alphabet Inc. Class C Capital","NNM","2673500","2487379","1119649","2.39",,
"2019-07-15","GOOGL","Alphabet Inc. Class A Common S","NNM","2710615","2266255","1296340","2.09",,
"2019-07-15","GS","Goldman Sachs Group Inc.","NYSE","7434589","6600349","2094944","3.55",,
"2019-07-15","GWW","W.W. Grainger, Inc.","NYSE","3026850","2857069","427341","7.08",,
"2019-07-15","HCA","HCA Healthcare, Inc.","NYSE","3732299","4031935","1177706","3.17",,
"2019-07-15","HD","Home Depot, Inc.","NYSE","10176335","9649402","3157372","3.22",,
"2019-07-15","HLT","Hilton Worldwide Holdings Inc.","NYSE","5632362","5402889","2044850","2.75",,
"2019-07-15","HON","Honeywell International, Inc.","NYSE","6035880","5832896","1679755","3.59",,
"2019-07-15","HPE","Hewlett Packard Enterprise Com","NYSE","38709841","35465046","7729083","5.01",,
"2019-07-15","IBKR","Interactive Brokers Group, Inc","IEX","5057227","4616249","532910","9.49",,
"2019-07-15","IBM","International Business Machine","NYSE","16946756","15127321","2542528","6.67",,
"2019-07-15","ICE","Intercontinental Exchange  Inc","NYSE","5845727","4653075","1783072","3.28",,
"2019-07-15","INTC","Intel Corporation Common Stock","NNM","61051405","55922386","16909881","3.61",,
"2019-07-15","INTU","Intuit Inc. Common Stock","NNM","3669407","3045140","1054171","3.48",,
"2019-07-15","ISRG","Intuitive Surgical, Inc. Commo","NNM","2054947","2222302","541753","3.79",,
"2019-07-15","ITW","Illinois Tool Works Inc.","NYSE","8070753","7400646","1080011","7.47",,
"2019-07-15","JNJ","Johnson & Johnson","NYSE","14718967","14188476","6527099","2.26",,
"2019-07-15","JPM","JPMorgan Chase & Co.","NYSE","21982453","22488572","9815603","2.24",,
"2019-07-15","KKR","KKR & Co. Inc. Class A Common","NYSE","19986803","20222978","3678757","5.43",,
"2019-07-15","KLAC","KLA-Tencor Corporation Common","NNM","2888602","2957446","1187160","2.43",,
"2019-07-15","KMI","Kinder Morgan, Inc.","NYSE","44381862","45585196","9269287","4.79",,
"2019-07-15","KO","Coca-Cola Company","NYSE","28318660","27917454","9102495","3.11",,
"2019-07-15","LIN","Linde plc Ordinary Share","NYSE","5515576","5258352","1213888","4.54",,
"2019-07-15","LLY","Eli Lilly & Co.","NYSE","12215480","11502765","3899694","3.13",,
"2019-07-15","LMT","Lockheed Martin Corp.","NYSE","2018988","2000019","915035","2.21",,
"2019-07-15","LOW","Lowe's Companies Inc.","NYSE","11408689","10163174","3521091","3.24",,
"2019-07-15","LRCX","Lam Research Corporation Commo","NNM","8236265","8166630","1650892","4.99",,
"2019-07-15","MA","Mastercard Incorporated","NYSE","6050511","4936719","2508248","2.41",,
"2019-07-15","MAR","Marriott International Class A","NNM","8268558","8138408","1363750","6.06",,
"2019-07-15","MCD","McDonald''s Corporation","NYSE","6828961","6815951","2156667","3.17",,
"2019-07-15","MCK","McKesson Corporation","NYSE","4773546","4401908","1246189","3.83",,
"2019-07-15","MCO","Moody's Corporation","NYSE","2197666","2113189","578223","3.80",,
"2019-07-15","MDLZ","Mondelez International, Inc. C","NNM","11246473","11655200","4604684","2.44",,
"2019-07-15","MDT","Medtronic plc","NYSE","8588879","9131686","3549071","2.42",,
"2019-07-15","MMM","3M Company","NYSE","11164631","10410694","2422154","4.61",,
"2019-07-15","MNST","Monster Beverage Corporation","NNM","10721347","10727583","1918110","5.59",,
"2019-07-15","MO","Altria Group, Inc.","NYSE","15870958","16112989","5815597","2.73",,
"2019-07-15","MPC","MARATHON PETROLEUM CORPORATION","NYSE","15250162","14812484","4839808","3.15",,
"2019-07-15","MPWR","Monolithic Power Systems, Inc.","NNM","941250","857518","310422","3.03",,
"2019-07-15","MRK","Merck & Co., Inc.","NYSE","18941782","19342020","11080751","1.71",,
"2019-07-15","MRVL","Marvell Technology Group Ltd.","NNM","32680375","35496828","7266094","4.50",,
"2019-07-15","MS","Morgan Stanley","NYSE","10767995","11707266","7575608","1.42",,
"2019-07-15","MSFT","Microsoft Corporation Common S","NNM","49699392","48005648","18816736","2.64",,
"2019-07-15","MSI","Motorola Solutions, Inc. New","NYSE","3554059","3581338","753646","4.72",,
"2019-07-15","MU","Micron Technology, Inc. Common","NNM","39230767","42983867","32070191","1.22",,
"2019-07-15","NEE","Nextra Energy, Inc.","NYSE","5489207","4967443","1585865","3.46",,
"2019-07-15","NEM","Newmont Goldcorp Corporation","NYSE","13617515","15275820","5872194","2.32",,
"2019-07-15","NFLX","Netflix, Inc. Common Stock","NNM","18353605","18361635","5099861","3.60",,
"2019-07-15","NKE","Nike, Inc.","NYSE","8582668","8735680","5544238","1.55",,
"2019-07-15","NOC","Northrop Grumman Corp.","NYSE","2192897","2025195","528065","4.15",,
"2019-07-15","NOW","SERVICENOW, INC.","NYSE","6826928","6584232","1252467","5.45",,
"2019-07-15","NSC","Norfolk Southern Corp.","NYSE","4299675","4421275","1228676","3.50",,
"2019-07-15","NVDA","NVIDIA Corporation Common Stoc","NNM","11874158","9840313","10894878","1.09",,
"2019-07-15","O","Realty Income Corporation","NYSE","9193911","10190568","1498253","6.14",,
"2019-07-15","ORCL","Oracle Corp","NYSE","61932190","58195231","14145580","4.38",,
"2019-07-15","ORLY","O'Reilly Automotive, Inc. Comm","NNM","1324894","1389290","474832","2.79",,
"2019-07-15","PANW","PALO ALTO NETWORKS, INC","NYSE","5810017","5576973","957609","6.07",,
"2019-07-15","PCAR","PACCAR Inc. Common Stock","NNM","9357460","9874962","1299218","7.20",,
"2019-07-15","PEP","PepsiCo, Inc. Common Stock","NNM","9573514","10182241","4462632","2.15",,
"2019-07-15","PFE","Pfizer Inc.","NYSE","57720475","56972518","20141959","2.87",,
"2019-07-15","PG","Procter & Gamble Company","NYSE","18952555","21090535","6465787","2.93",,
"2019-07-15","PGR","Progressive Corporation","NYSE","5139403","4468213","2005838","2.56",,
"2019-07-15","PH","Parker-Hannifin Corporation","NYSE","2917688","2852970","929283","3.14",,
"2019-07-15","PLD","PROLOGIS, INC.","NYSE","6752142","6819017","2185935","3.09",,
"2019-07-15","PM","Philip Morris International In","NYSE","12988734","12809563","4057888","3.20",,
"2019-07-15","PNC","PNC Financial Services Group","NYSE","4623242","3846751","1661690","2.78",,
"2019-07-15","PSX","PHILLIPS 66","NYSE","5713693","5987024","2552482","2.24",,
"2019-07-15","PWR","Quanta Services, Inc.","NYSE","2849895","3271115","880914","3.24",,
"2019-07-15","QCOM","QUALCOMM Incorporated Common S","NNM","27429023","23279408","10092319","2.72",,
"2019-07-15","RCL","Royal Caribbean Cruises Ltd.","NYSE","3512711","3505014","2436957","1.44",,
"2019-07-15","REGN","Regeneron Pharmaceuticals, Inc","NNM","2540072","2293113","897743","2.83",,
"2019-07-15","ROST","Ross Stores, Inc. Common Stock","NNM","5627881","6175125","2060849","2.73",,
"2019-07-15","RSG","Republic Services Inc.","NYSE","4519252","4711941","777093","5.82",,
"2019-07-15","SBUX","Starbucks Corporation Common S","NNM","21634038","21462036","6244728","3.46",,
"2019-07-15","SCCO","Southern Copper Corporation","NYSE","4635724","4859580","735487","6.30",,
"2019-07-15","SCHW","The Charles Schwab Corporation","NYSE","16579040","18373923","8561786","1.94",,
"2019-07-15","SHW","The Sherwin-Williams Company","NYSE","1400852","1365448","346009","4.05",,
"2019-07-15","SNPS","Synopsys, Inc. Common Stock","NNM","1985500","1890162","1083519","1.83",,
"2019-07-15","SO","The Southern Company","NYSE","18133121","17610394","3476193","5.22",,
"2019-07-15","SPG","Simon Property Group, Inc.","NYSE","10291023","10169420","1383890","7.44",,
"2019-07-15","SPGI","S&P Global Inc.","NYSE","2928255","2982039","886363","3.30",,
"2019-07-15","SYK","Stryker Corporation","NYSE","3423171","2845529","900022","3.80",,
"2019-07-15","T","AT&T Inc.","NYSE","101657904","99004394","26424817","3.85",,
"2019-07-15","TDG","TransDigm Group Incorporated","NYSE","2576125","2515705","240402","10.72",,
"2019-07-15","TGT","Target Corporation","NYSE","20941193","18987205","3824467","5.48",,
"2019-07-15","TJX","TJX Companies, Inc. (The)","NYSE","14296696","14865335","4577911","3.12",,
"2019-07-15","TMO","Thermo Fisher Scientific, Inc.","NYSE","2868378","2620197","1155515","2.48",,
"2019-07-15","TMUS","T-Mobile US, Inc. Common Stock","NNM","11383102","10239796","10746577","1.06",,
"2019-07-15","TRV","The Travelers Companies, Inc.","NYSE","5399795","4484868","837746","6.45",,
"2019-07-15","TSLA","Tesla, Inc. Common Stock","NNM","41406987","41402709","8771516","4.72",,
"2019-07-15","TXN","Texas Instruments Incorporated","NNM","19418161","18761954","3373415","5.76",,
"2019-07-15","UBER","Uber Technologies, Inc.","NYSE","36498822","35062815","8816544","4.14",,
"2019-07-15","UNH","UNITEDHEALTH GROUP INCORPORATE","NYSE","7155864","6664562","3914547","1.83",,
"2019-07-15","UNP","Union Pacific Corp.","NYSE","4798097","5718389","2160198","2.22",,
"2019-07-15","UPS","United Parcel Service, Inc. Cl","NYSE","12426951","12517604","2068560","6.01",,
"2019-07-15","URI","United Rentals, Inc.","NYSE","5052822","4849541","820119","6.16",,
"2019-07-15","USB","U.S. Bancorp","NYSE","16277308","17033701","3886526","4.19",,
"2019-07-15","V","VISA Inc.","NYSE","29657076","27976906","5666772","5.23",,
"2019-07-15","VLO","Valero Energy Corporation","NYSE","6017656","6602448","3072666","1.96",,
"2019-07-15","VRTX","Vertex Pharmaceuticals Incorpo","NNM","3870696","3536610","897916","4.31",,
"2019-07-15","VZ","Verizon Communications","NYSE","31405563","32737219","11732635","2.68",,
"2019-07-15","WDC","Western Digital Corporation Co","NNM","21302245","19022535","7253096","2.94",,
"2019-07-15","WELL","Welltower Inc.","NYSE","11485758","10978734","1686854","6.81",,
"2019-07-15","WFC","Wells Fargo & Co.","NYSE","27370723","28991865","14092097","1.94",,
"2019-07-15","WM","Waste Management, Inc.","NYSE","3397887","3583429","1601439","2.12",,
"2019-07-15","WMB","Williams Companies Inc.","NYSE","23502114","27456454","4910230","4.79",,
"2019-07-15","WMT","Walmart Inc.","NYSE","16834403","15856389","4207038","4.00",,
"2019-07-15","XOM","Exxon Mobil Corporation","NYSE","35599317","33101752","7753274","4.59",,
"2019-12-31","AAPL","Apple Inc. Common Stock","NNM","45514898","50745596","28719633","1.58",,
"2019-12-31","ABBV","ABBVIE INC.","NYSE","71952096","68826698","6311448","11.40",,
"2019-12-31","ABT","Abbott Laboratories","NYSE","20161920","19311486","3970629","5.08",,
"2019-12-31","ADBE","Adobe Inc. Common Stock","NNM","6748989","7530428","2027299","3.33",,
"2019-12-31","ADI","Analog Devices, Inc. Common St","NNM","4681357","4497288","1617659","2.89",,
"2019-12-31","ADP","Automatic Data Processing, Inc","NNM","4929753","4513298","1556130","3.17",,
"2019-12-31","AEP","American Electric Power Compan","NYSE","7933071","7264981","1878206","4.22",,
"2019-12-31","AFL","Aflac Inc.","NYSE","12043138","10853364","2539920","4.74",,
"2019-12-31","AJG","Arthur J. Gallagher & Co.","NYSE","2818471","2697903","661723","4.26",,
"2019-12-31","ALL","The Allstate Corporation","NYSE","3910517","3398936","1679197","2.33",,
"2019-12-31","AMAT","Applied Materials, Inc. Common","NNM","19547065","19653451","5497441","3.56",,
"2019-12-31","AMD","Advanced Micro Devices, Inc. C","NNM","93212915","98378133","44808012","2.08",,
"2019-12-31","AMGN","Amgen Inc. Common Stock","NNM","9908195","9159440","1968729","5.03",,
"2019-12-31","AMT","American Tower Corporation","NYSE","4211620","4155759","1575884","2.67",,
"2019-12-31","AMZN","Amazon.com, Inc. Common Stock","NNM","4161073","3626859","3392019","1.23",,
"2019-12-31","ANET","Arista Networks","NYSE","2265025","1987599","721498","3.14",,
"2019-12-31","AON","Aon plc Class A","NYSE","1421209","1683805","875976","1.62",,
"2019-12-31","APD","Air Products & Chemicals, Inc.","NYSE","3122885","3177975","749306","4.17",,
"2019-12-31","APH","Amphenol Corporation","NYSE","3183290","3174352","795812","4.00",,
"2019-12-31","APO","Apollo Global Management, Inc.","NYSE","9715971","7199803","2694567","3.61",,
"2019-12-31","AVGO","Broadcom Inc. Common Stock","NNM","4204357","4675861","2233304","1.88",,
"2019-12-31","AXP","American Express Company","NYSE","7450050","7472309","2621446","2.84",,
"2019-12-31","BA","Boeing Company","NYSE","6340130","5288230","7181762","1.00",,
"2019-12-31","BAC","Bank of America Corporation","NYSE","95847935","94160210","39901756","2.40",,
"2019-12-31","BKNG","Booking Holdings Inc. Common S","NNM","1071859","1076717","255557","4.19",,
"2019-12-31","BLK","Blackrock, Inc.","NYSE","1338298","1443444","357567","3.74",,
"2019-12-31","BMY","Bristol-Myers Squibb Co.","NYSE","67980116","74316448","11878557","5.72",,
"2019-12-31","BNY","BlackRock New York Municipal I","NYSE","4933","3839","22918","1.00",,
"2019-12-31","BRKA","Berkshire Hathaway Inc.","NYSE","191","234","231","1.00",,
"2019-12-31","BRKB","BERKSHIRE HATHAWAY Class B","NYSE","16465239","14251824","3944022","4.17",,
"2019-12-31","BSX","Boston Scientific Corp.","NYSE","14047182","14281887","5256920","2.67",,
"2019-12-31","BX","The Blackstone Group Inc. Clas","NYSE","16183669","18136287","2534756","6.38",,
"2019-12-31","C","Citigroup Inc.","NYSE","19071695","19529411","12075877","1.58",,
"2019-12-31","CAT","Caterpillar Inc.","NYSE","8050162","8782300","2409636","3.34",,
"2019-12-31","CDNS","Cadence Design Systems, Inc. C","NNM","5372424","5140750","1588269","3.38",,
"2019-12-31","CI","CIGNA Corporation","NYSE","5494941","5078869","1619921","3.39",,
"2019-12-31","CL","Colgate-Palmolive Company","NYSE","13461776","14248749","3181821","4.23",,
"2019-12-31","CMCSA","Comcast Corporation Class A Co","NNM","79915157","79496793","17945422","4.45",,
"2019-12-31","CME","CME Group Inc. Class A Common","NNM","5197835","5176174","1241760","4.19",,
"2019-12-31","CMI","Cummins Inc.","NYSE","5168559","5266145","848946","6.09",,
"2019-12-31","COF","Capital One Financial","NYSE","4962044","6022427","1500348","3.31",,
"2019-12-31","COP","ConocoPhillips","NYSE","11355362","11408031","5248022","2.16",,
"2019-12-31","COST","Costco Wholesale Corporation C","NNM","5646548","5138523","1931664","2.92",,
"2019-12-31","CRM","salesforce.com, inc.","NYSE","14399153","14897165","3768610","3.82",,
"2019-12-31","CRWD","CrowdStrike Holdings, Inc. Cla","NNM","5236539","6512618","3780840","1.39",,
"2019-12-31","CSCO","Cisco Systems, Inc. Common Sto","NNM","36230555","33299023","19195637","1.89",,
"2019-12-31","CSX","CSX Corporation Common Stock","NNM","9235787","9028143","3726791","2.48",,
"2019-12-31","CTAS","Cintas Corporation Common Stoc","NNM","3043511","3381768","617369","4.93",,
"2019-12-31","CVNA","Carvana Co.","NYSE","17329877","17777482","970614","17.85",,
"2019-12-31","CVS","CVS HEALTH CORPORATION","NYSE","20246122","19199479","4630870","4.37",,
"2019-12-31","CVX","Chevron Corporation","NYSE","21510200","20285498","5286251","4.07",,
"2019-12-31","D","Dominion Energy, Inc Common St","NYSE","13258731","12223775","3070433","4.32",,
"2019-12-31","DDOG","Datadog, Inc. Class A Common S","NNM","4320254","5932021","2334868","1.85",,
"2019-12-31","DE","Deere & Company","NYSE","4803999","5137612","1112394","4.32",,
"2019-12-31","DELL","Dell Technologies Inc.","NYSE","5044249","7071769","1753409","2.88",,
"2019-12-31","DHR","Danaher Corporation","NYSE","11211782","132829958","20897665","1.00",,
"2019-12-31","DIS","The Walt Disney Company","NYSE","17053668","17076978","7240091","2.36",,
"2019-12-31","DLR","Digital Realty Trust, Inc.","NYSE","23649235","23575866","1171853","20.18",,
"2019-12-31","DUK","Duke Energy Corporation","NYSE","38842737","39576894","3287798","11.81",,
"2019-12-31","ECL","Ecolab, Inc.","NYSE","3611868","3530212","1001385","3.61",,
"2019-12-31","EMR","Emerson Electric Co.","NYSE","7194913","7355418","2596990","2.77",,
"2019-12-31","EOG","EOG Resources, Inc.","NYSE","12881133","10845051","4273784","3.01",,
"2019-12-31","EPD","Enterprise Products Partners L","NYSE","42022802","44980910","4742889","8.86",,
"2019-12-31","EQIX","Equinix, Inc. Common Stock REI","NNM","1102336","942760","325273","3.39",,
"2019-12-31","FCX","Freeport-McMoran Inc.","NYSE","55247338","58022458","15009355","3.68",,
"2019-12-31","FDX","FedEx Corporation","NYSE","6817120","4621796","5263594","1.30",,
"2019-12-31","FTNT","Fortinet, Inc. Common Stock","NNM","4652954","4404229","1005535","4.63",,
"2019-12-31","GD","General Dynamics Corporation","NYSE","2795879","2769840","915099","3.06",,
"2019-12-31","GE","General Electric Company","NYSE","86753712","87339573","42281882","2.05",,
"2019-12-31","GILD","Gilead Sciences, Inc. Common S","NNM","21298569","16041337","7823634","2.72",,
"2019-12-31","GLW","Corning Incorporated","NYSE","26509907","26147792","4573018","5.80",,
"2019-12-31","GM","General Motors Company","NYSE","20778941","19199160","7794943","2.67",,
"2019-12-31","GOOG","Alphabet Inc. Class C Capital","NNM","3234964","3474839","1242048","2.60",,
"2019-12-31","GOOGL","Alphabet Inc. Class A Common S","NNM","3552341","3367713","1213774","2.93",,
"2019-12-31","GS","Goldman Sachs Group Inc.","NYSE","6055123","6631023","1991740","3.04",,
"2019-12-31","GWW","W.W. Grainger, Inc.","NYSE","1805654","1957411","289897","6.23",,
"2019-12-31","HCA","HCA Healthcare, Inc.","NYSE","4260352","3984247","1267266","3.36",,
"2019-12-31","HD","Home Depot, Inc.","NYSE","10323166","7807166","4504056","2.29",,
"2019-12-31","HLT","Hilton Worldwide Holdings Inc.","NYSE","6971230","6811972","1588533","4.39",,
"2019-12-31","HON","Honeywell International, Inc.","NYSE","6512959","5796568","2212914","2.94",,
"2019-12-31","HPE","Hewlett Packard Enterprise Com","NYSE","38958017","33666726","8159529","4.77",,
"2019-12-31","IBKR","Interactive Brokers Group, Inc","NNM","5881385","5545036","450970","13.04",,
"2019-12-31","IBM","International Business Machine","NYSE","16172140","15121573","3004147","5.38",,
"2019-12-31","ICE","Intercontinental Exchange  Inc","NYSE","4794063","5428771","2297894","2.09",,
"2019-12-31","INTC","Intel Corporation Common Stock","NNM","58793757","57452673","18690510","3.15",,
"2019-12-31","INTU","Intuit Inc. Common Stock","NNM","3702714","2971732","1183336","3.13",,
"2019-12-31","ISRG","Intuitive Surgical, Inc. Commo","NNM","1841996","1532559","477433","3.86",,
"2019-12-31","ITW","Illinois Tool Works Inc.","NYSE","6999499","6818764","916364","7.64",,
"2019-12-31","JNJ","Johnson & Johnson","NYSE","20500856","20866282","6228177","3.29",,
"2019-12-31","JPM","JPMorgan Chase & Co.","NYSE","28532239","30753736","9755888","2.92",,
"2019-12-31","KKR","KKR & Co. Inc. Class A Common","NYSE","14413767","17475677","3190000","4.52",,
"2019-12-31","KLAC","KLA Corporation Common Stock","NNM","3264413","2797789","1006240","3.24",,
"2019-12-31","KMI","Kinder Morgan, Inc.","NYSE","32900983","33314904","9472842","3.47",,
"2019-12-31","KO","Coca-Cola Company","NYSE","37466279","34345230","9554728","3.92",,
"2019-12-31","LIN","Linde plc Ordinary Share","NYSE","5370872","4981556","1125282","4.77",,
"2019-12-31","LLY","Eli Lilly & Co.","NYSE","11311711","11580565","3727183","3.03",,
"2019-12-31","LMT","Lockheed Martin Corp.","NYSE","4295949","3809105","853393","5.03",,
"2019-12-31","LOW","Lowe's Companies Inc.","NYSE","9935479","11034768","2897274","3.43",,
"2019-12-31","LRCX","Lam Research Corporation Commo","NNM","5272060","6162992","1210172","4.36",,
"2019-12-31","MA","Mastercard Incorporated","NYSE","7548005","8081813","2588444","2.92",,
"2019-12-31","MAR","Marriott International Class A","NNM","8112779","8153756","1103959","7.35",,
"2019-12-31","MCD","McDonald''s Corporation","NYSE","7532207","7069397","2809323","2.68",,
"2019-12-31","MCK","McKesson Corporation","NYSE","3613388","3667402","1049168","3.44",,
"2019-12-31","MCO","Moody's Corporation","NYSE","2789396","1752530","612766","4.55",,
"2019-12-31","MDLZ","Mondelez International, Inc. C","NNM","14290403","12208774","5418454","2.64",,
"2019-12-31","MDT","Medtronic plc","NYSE","9879923","10785771","3729703","2.65",,
"2019-12-31","MMM","3M Company","NYSE","9949341","9957296","2626459","3.79",,
"2019-12-31","MNST","Monster Beverage Corporation","NNM","10607707","11341111","2286986","4.64",,
"2019-12-31","MO","Altria Group, Inc.","NYSE","16846939","17851862","8504524","1.98",,
"2019-12-31","MPC","MARATHON PETROLEUM CORPORATION","NYSE","15458735","14625024","4668612","3.31",,
"2019-12-31","MPWR","Monolithic Power Systems, Inc.","NNM","1228380","1308085","258654","4.75",,
"2019-12-31","MRK","Merck & Co., Inc.","NYSE","25151526","24379787","6978305","3.60",,
"2019-12-31","MRVL","Marvell Technology Group Ltd.","NNM","41288599","36320656","5838192","7.07",,
"2019-12-31","MS","Morgan Stanley","NYSE","14672530","17189067","7430524","1.97",,
"2019-12-31","MSFT","Microsoft Corporation Common S","NNM","62706418","63934516","20806843","3.01",,
"2019-12-31","MSI","Motorola Solutions, Inc. New","NYSE","2545401","2376453","1290908","1.97",,
"2019-12-31","MU","Micron Technology, Inc. Common","NNM","27958125","29990293","25950445","1.08",,
"2019-12-31","NEE","Nextra Energy, Inc.","NYSE","6763725","6356114","1889444","3.58",,
"2019-12-31","NEM","Newmont Goldcorp Corporation","NYSE","19258656","18952125","6292738","3.06",,
"2019-12-31","NET","Cloudflare, Inc. Class A commo","NYSE","5414191","4655802","1010046","5.36",,
"2019-12-31","NFLX","Netflix, Inc. Common Stock","NNM","21862242","22949149","6063048","3.61",,
"2019-12-31","NKE","Nike, Inc.","NYSE","9748820","9405218","6801855","1.43",,
"2019-12-31","NOC","Northrop Grumman Corp.","NYSE","2019463","1905993","737645","2.74",,
"2019-12-31","NOW","SERVICENOW, INC.","NYSE","11614047","12254087","1328587","8.74",,
"2019-12-31","NSC","Norfolk Southern Corp.","NYSE","4221138","3872292","1170033","3.61",,
"2019-12-31","NVDA","NVIDIA Corporation Common Stoc","NNM","8449053","8532354","7340180","1.15",,
"2019-12-31","O","Realty Income Corporation","NYSE","9191808","9502251","1765629","5.21",,
"2019-12-31","ORCL","Oracle Corp","NYSE","37291523","38011715","11546799","3.23",,
"2019-12-31","ORLY","O'Reilly Automotive, Inc. Comm","NNM","1043353","979342","381140","2.74",,
"2019-12-31","PANW","PALO ALTO NETWORKS, INC","NYSE","2891406","3352357","742595","3.89",,
"2019-12-31","PCAR","PACCAR Inc. Common Stock","NNM","7098364","6331629","1477814","4.80",,
"2019-12-31","PEP","PepsiCo, Inc. Common Stock","NNM","13345402","13039361","3863859","3.45",,
"2019-12-31","PFE","Pfizer Inc.","NYSE","57137431","58840925","18628975","3.07",,
"2019-12-31","PG","Procter & Gamble Company","NYSE","21860012","22926657","6462082","3.38",,
"2019-12-31","PGR","Progressive Corporation","NYSE","4958116","5291902","2590885","1.91",,
"2019-12-31","PH","Parker-Hannifin Corporation","NYSE","1855909","1627098","793919","2.34",,
"2019-12-31","PLD","PROLOGIS, INC.","NYSE","16648329","13792460","2147366","7.75",,
"2019-12-31","PM","Philip Morris International In","NYSE","12619066","10147059","4119324","3.06",,
"2019-12-31","PNC","PNC Financial Services Group","NYSE","4929195","4792418","1404163","3.51",,
"2019-12-31","PSX","PHILLIPS 66","NYSE","6663640","6218183","1986500","3.35",,
"2019-12-31","PWR","Quanta Services, Inc.","NYSE","5462959","4881307","1199558","4.55",,
"2019-12-31","QCOM","QUALCOMM Incorporated Common S","NNM","17055986","18734057","6771906","2.52",,
"2019-12-31","RCL","Royal Caribbean Cruises Ltd.","NYSE","4335415","4843582","1409416","3.08",,
"2019-12-31","REGN","Regeneron Pharmaceuticals, Inc","NNM","2481280","2463738","583861","4.25",,
"2019-12-31","ROST","Ross Stores, Inc. Common Stock","NNM","4350282","3963343","1452932","2.99",,
"2019-12-31","RSG","Republic Services Inc.","NYSE","3176011","3150561","856737","3.71",,
"2019-12-31","SBUX","Starbucks Corporation Common S","NNM","15357864","16187781","5385056","2.85",,
"2019-12-31","SCCO","Southern Copper Corporation","NYSE","4532334","5019739","569804","7.95",,
"2019-12-31","SCHW","The Charles Schwab Corporation","NYSE","43346008","35741975","7823482","5.54",,
"2019-12-31","SHW","The Sherwin-Williams Company","NYSE","1408751","1294132","288785","4.88",,
"2019-12-31","SNPS","Synopsys, Inc. Common Stock","NNM","2130076","1818162","897814","2.37",,
"2019-12-31","SO","The Southern Company","NYSE","20379377","18928545","5213457","3.91",,
"2019-12-31","SPG","Simon Property Group, Inc.","NYSE","12143618","11477100","1497100","8.11",,
"2019-12-31","SPGI","S&P Global Inc.","NYSE","3508134","3727598","982334","3.57",,
"2019-12-31","SYK","Stryker Corporation","NYSE","3908554","3528125","1409904","2.77",,
"2019-12-31","T","AT&T Inc.","NYSE","113558046","104075552","23012369","4.93",,
"2019-12-31","TDG","TransDigm Group Incorporated","NYSE","2841346","2698823","284407","9.99",,
"2019-12-31","TFC","Truist Financial Corporation","NYSE","16973059","19950218","5454230","3.11",,
"2019-12-31","TGT","Target Corporation","NYSE","12757940","12932429","3294837","3.87",,
"2019-12-31","TJX","TJX Companies, Inc. (The)","NYSE","16429159","15071639","4043492","4.06",,
"2019-12-31","TMO","Thermo Fisher Scientific, Inc.","NYSE","3549052","3498673","1114781","3.18",,
"2019-12-31","TMUS","T-Mobile US, Inc. Common Stock","NNM","11924387","8824746","2499935","4.77",,
"2019-12-31","TRV","The Travelers Companies, Inc.","NYSE","4075064","4384490","1111541","3.67",,
"2019-12-31","TSLA","Tesla, Inc. Common Stock","NNM","26259152","27496754","11650978","2.25",,
"2019-12-31","TXN","Texas Instruments Incorporated","NNM","20558971","17335015","3590456","5.73",,
"2019-12-31","UBER","Uber Technologies, Inc.","NYSE","42969921","32190360","33089547","1.30",,
"2019-12-31","UNH","UNITEDHEALTH GROUP INCORPORATE","NYSE","10558504","10370346","2665106","3.96",,
"2019-12-31","UNP","Union Pacific Corp.","NYSE","6894666","6222661","2375457","2.90",,
"2019-12-31","UPS","United Parcel Service, Inc. Cl","NYSE","11210714","10749027","2630297","4.26",,
"2019-12-31","URI","United Rentals, Inc.","NYSE","5383389","5481770","713532","7.54",,
"2019-12-31","USB","U.S. Bancorp","NYSE","17433063","17026827","6193185","2.81",,
"2019-12-31","V","VISA Inc.","NYSE","31325891","32040782","6210566","5.04",,
"2019-12-31","VLO","Valero Energy Corporation","NYSE","7901286","7700993","2411256","3.28",,
"2019-12-31","VRTX","Vertex Pharmaceuticals Incorpo","NNM","3589093","3615667","1239069","2.90",,
"2019-12-31","VZ","Verizon Communications","NYSE","38663603","36403268","12559034","3.08",,
"2019-12-31","WDC","Western Digital Corporation Co","NNM","12923858","13983926","4483584","2.88",,
"2019-12-31","WELL","Welltower Inc.","NYSE","12553087","14130684","2083321","6.03",,
"2019-12-31","WFC","Wells Fargo & Co.","NYSE","42137313","40443696","17766046","2.37",,
"2019-12-31","WM","Waste Management, Inc.","NYSE","4968718","5208778","1248820","3.98",,
"2019-12-31","WMB","Williams Companies Inc.","NYSE","27682675","31242858","11038040","2.51",,
"2019-12-31","WMT","Walmart Inc.","NYSE","17268035","17115708","4080486","4.23",,
"2019-12-31","XOM","Exxon Mobil Corporation","NYSE","38805666","38326545","12899703","3.01",,
"2019-10-31","AAPL","Apple Inc. Common Stock","NNM","45151775","48022677","24014403","1.88",,
"2019-10-31","ABBV","ABBVIE INC.","NYSE","65574273","63486111","7399409","8.86",,
"2019-10-31","ABT","Abbott Laboratories","NYSE","16668992","17686180","5150003","3.24",,
"2019-10-31","ADBE","Adobe Inc. Common Stock","NNM","7353829","6347123","3006426","2.45",,
"2019-10-31","ADI","Analog Devices, Inc. Common St","NNM","5747662","4669140","2386956","2.41",,
"2019-10-31","ADP","Automatic Data Processing, Inc","NNM","3075987","3096473","2068014","1.49",,
"2019-10-31","AEP","American Electric Power Compan","NYSE","6678437","6764785","2276753","2.93",,
"2019-10-31","AFL","Aflac Inc.","NYSE","9600547","9277197","2657899","3.61",,
"2019-10-31","AJG","Arthur J. Gallagher & Co.","NYSE","2991894","2611945","958863","3.12",,
"2019-10-31","ALL","The Allstate Corporation","NYSE","3514348","4141785","1537400","2.29",,
"2019-10-31","AMAT","Applied Materials, Inc. Common","NNM","18561852","17620551","7690742","2.41",,
"2019-10-31","AMD","Advanced Micro Devices, Inc. C","NNM","143246253","141291080","48784815","2.94",,
"2019-10-31","AMGN","Amgen Inc. Common Stock","NNM","9047012","9176897","2224734","4.07",,
"2019-10-31","AMT","American Tower Corporation","NYSE","3431442","3525498","1712858","2.00",,
"2019-10-31","AMZN","Amazon.com, Inc. Common Stock","NNM","3436897","3403620","3464843","1.00",,
"2019-10-31","ANET","Arista Networks","NYSE","1725023","1679320","623784","2.77",,
"2019-10-31","AON","Aon plc Class A","NYSE","1470596","1795344","960327","1.53",,
"2019-10-31","APD","Air Products & Chemicals, Inc.","NYSE","2699222","2701471","849465","3.18",,
"2019-10-31","APH","Amphenol Corporation","NYSE","2947201","3112241","1294433","2.28",,
"2019-10-31","APO","Apollo Global Management, Inc.","NYSE","7271888","11766978","1682970","4.32",,
"2019-10-31","AVGO","Broadcom Inc. Common Stock","NNM","5719887","5794588","1740224","3.29",,
"2019-10-31","AXP","American Express Company","NYSE","6971347","6329312","3214613","2.17",,
"2019-10-31","BA","Boeing Company","NYSE","5677240","5402499","6737044","1.00",,
"2019-10-31","BAC","Bank of America Corporation","NYSE","96154528","92372258","53818070","1.79",,
"2019-10-31","BKNG","Booking Holdings Inc. Common S","NNM","1211922","1169436","213605","5.67",,
"2019-10-31","BLK","Blackrock, Inc.","NYSE","1639766","1574838","468004","3.50",,
"2019-10-31","BMY","Bristol-Myers Squibb Co.","NYSE","148321527","149621832","14263892","10.40",,
"2019-10-31","BNY","BlackRock New York Municipal I","NYSE","1354","10990","22213","1.00",,
"2019-10-31","BRKA","Berkshire Hathaway Inc.","NYSE","367","348","318","1.15",,
"2019-10-31","BRKB","BERKSHIRE HATHAWAY Class B","NYSE","12245553","11994404","3192478","3.84",,
"2019-10-31","BSX","Boston Scientific Corp.","NYSE","14904003","12929745","9175825","1.62",,
"2019-10-31","BX","The Blackstone Group Inc. Clas","NYSE","14904374","16207628","3990439","3.74",,
"2019-10-31","C","Citigroup Inc.","NYSE","19448699","19595369","11967181","1.63",,
"2019-10-31","CAT","Caterpillar Inc.","NYSE","13525751","9261738","5165660","2.62",,
"2019-10-31","CDNS","Cadence Design Systems, Inc. C","NNM","4928866","4953809","1627150","3.03",,
"2019-10-31","CI","CIGNA Corporation","NYSE","5258552","5504099","2115301","2.49",,
"2019-10-31","CL","Colgate-Palmolive Company","NYSE","13217032","12531951","3872882","3.41",,
"2019-10-31","CMCSA","Comcast Corporation Class A Co","NNM","74250953","75765731","15349655","4.84",,
"2019-10-31","CME","CME Group Inc. Class A Common","NNM","5202782","4869959","1548757","3.36",,
"2019-10-31","CMI","Cummins Inc.","NYSE","4586460","4611036","1298534","3.53",,
"2019-10-31","COF","Capital One Financial","NYSE","4978825","4805692","2145711","2.32",,
"2019-10-31","COP","ConocoPhillips","NYSE","11315829","10232622","5930716","1.91",,
"2019-10-31","COST","Costco Wholesale Corporation C","NNM","5200019","5526654","1747246","2.98",,
"2019-10-31","CRM","salesforce.com, inc.","NYSE","15038740","14753258","5540574","2.71",,
"2019-10-31","CRWD","CrowdStrike Holdings, Inc. Cla","NNM","8200090","6930431","2437159","3.36",,
"2019-10-31","CSCO","Cisco Systems, Inc. Common Sto","NNM","38824588","33930579","14956722","2.60",,
"2019-10-31","CSX","CSX Corporation Common Stock","NNM","9102658","9191016","6799649","1.34",,
"2019-10-31","CTAS","Cintas Corporation Common Stoc","NNM","3149870","3099031","384242","8.20",,
"2019-10-31","CVNA","Carvana Co.","NYSE","17390342","18249443","1308974","13.29",,
"2019-10-31","CVS","CVS HEALTH CORPORATION","NYSE","21981648","21827628","6537087","3.36",,
"2019-10-31","CVX","Chevron Corporation","NYSE","20901252","20357593","4530765","4.61",,
"2019-10-31","D","Dominion Energy, Inc Common St","NYSE","15011615","13453490","2527837","5.94",,
"2019-10-31","DDOG","Datadog, Inc. Class A Common S","NNM","4606654","2303973","1829348","2.52",,
"2019-10-31","DE","Deere & Company","NYSE","6631274","7079059","1741109","3.81",,
"2019-10-31","DELL","Dell Technologies Inc.","NYSE","2548542","2775703","1492249","1.71",,
"2019-10-31","DHR","Danaher Corporation","NYSE","4142101","4332383","2124590","1.95",,
"2019-10-31","DIS","The Walt Disney Company","NYSE","16232513","17881599","8471175","1.92",,
"2019-10-31","DLR","Digital Realty Trust, Inc.","NYSE","16338561","15277920","1774760","9.21",,
"2019-10-31","DUK","Duke Energy Corporation","NYSE","10082846","10726690","2257985","4.47",,
"2019-10-31","ECL","Ecolab, Inc.","NYSE","3508324","3823346","1124298","3.12",,
"2019-10-31","EMR","Emerson Electric Co.","NYSE","7639981","7171353","2462530","3.10",,
"2019-10-31","EOG","EOG Resources, Inc.","NYSE","10668041","10248307","4483995","2.38",,
"2019-10-31","EPD","Enterprise Products Partners L","NYSE","38447752","38215700","4444675","8.65",,
"2019-10-31","EQIX","Equinix, Inc. Common Stock REI","NNM","852029","846445","352973","2.41",,
"2019-10-31","FCX","Freeport-McMoran Inc.","NYSE","53316291","48147984","23082209","2.31",,
"2019-10-31","FDX","FedEx Corporation","NYSE","6616885","6898138","2425463","2.73",,
"2019-10-31","FTNT","Fortinet, Inc. Common Stock","NNM","4530685","4723817","1213229","3.73",,
"2019-10-31","GD","General Dynamics Corporation","NYSE","2749093","2738996","1438148","1.91",,
"2019-10-31","GE","General Electric Company","NYSE","101972959","114341270","63448405","1.61",,
"2019-10-31","GILD","Gilead Sciences, Inc. Common S","NNM","14917355","13923805","6502975","2.29",,
"2019-10-31","GLW","Corning Incorporated","NYSE","23179458","25355928","5893907","3.93",,
"2019-10-31","GM","General Motors Company","NYSE","22127926","21596344","9119137","2.43",,
"2019-10-31","GOOG","Alphabet Inc. Class C Capital","NNM","3319171","2675833","1343962","2.47",,
"2019-10-31","GOOGL","Alphabet Inc. Class A Common S","NNM","2699136","2589613","1564645","1.73",,
"2019-10-31","GS","Goldman Sachs Group Inc.","NYSE","7786094","7617408","2170848","3.59",,
"2019-10-31","GWW","W.W. Grainger, Inc.","NYSE","1752941","2142369","449588","3.90",,
"2019-10-31","HCA","HCA Healthcare, Inc.","NYSE","3610080","3114633","1382128","2.61",,
"2019-10-31","HD","Home Depot, Inc.","NYSE","11128594","12071530","2419148","4.60",,
"2019-10-31","HLT","Hilton Worldwide Holdings Inc.","NYSE","4514707","4786307","1934721","2.33",,
"2019-10-31","HON","Honeywell International, Inc.","NYSE","5806775","5387768","2783124","2.09",,
"2019-10-31","HPE","Hewlett Packard Enterprise Com","NYSE","34126172","41172220","8365200","4.08",,
"2019-10-31","IBKR","Interactive Brokers Group, Inc","NNM","5330040","5685199","457805","11.64",,
"2019-10-31","IBM","International Business Machine","NYSE","13484425","16046928","5114279","2.64",,
"2019-10-31","ICE","Intercontinental Exchange  Inc","NYSE","5773842","5959661","2201036","2.62",,
"2019-10-31","INTC","Intel Corporation Common Stock","NNM","56710336","55548483","21801276","2.60",,
"2019-10-31","INTU","Intuit Inc. Common Stock","NNM","2818314","2536306","1176490","2.40",,
"2019-10-31","ISRG","Intuitive Surgical, Inc. Commo","NNM","1747432","2080282","725217","2.41",,
"2019-10-31","ITW","Illinois Tool Works Inc.","NYSE","7590256","7907442","1455485","5.21",,
"2019-10-31","JNJ","Johnson & Johnson","NYSE","16946822","16718004","10350151","1.64",,
"2019-10-31","JPM","JPMorgan Chase & Co.","NYSE","30301923","27293366","10414794","2.91",,
"2019-10-31","KKR","KKR & Co. Inc. Class A Common","NYSE","21683907","22175000","3098018","7.00",,
"2019-10-31","KLAC","KLA Corporation Common Stock","NNM","3587034","3399042","1568631","2.29",,
"2019-10-31","KMI","Kinder Morgan, Inc.","NYSE","34566386","33410962","12306829","2.81",,
"2019-10-31","KO","Coca-Cola Company","NYSE","30553106","35323924","11133567","2.74",,
"2019-10-31","LIN","Linde plc Ordinary Share","NYSE","5466106","4945057","1158922","4.72",,
"2019-10-31","LLY","Eli Lilly & Co.","NYSE","11428261","11831421","3916083","2.92",,
"2019-10-31","LMT","Lockheed Martin Corp.","NYSE","2834163","2859266","1313623","2.16",,
"2019-10-31","LOW","Lowe's Companies Inc.","NYSE","9716214","9675755","2882858","3.37",,
"2019-10-31","LRCX","Lam Research Corporation Commo","NNM","6363798","5864457","2159365","2.95",,
"2019-10-31","MA","Mastercard Incorporated","NYSE","7297094","6739319","3940883","1.85",,
"2019-10-31","MAR","Marriott International Class A","NNM","6486826","6199595","1331390","4.87",,
"2019-10-31","MCD","McDonald''s Corporation","NYSE","6433059","6582380","5422258","1.19",,
"2019-10-31","MCK","McKesson Corporation","NYSE","4113817","4744933","2259140","1.82",,
"2019-10-31","MCO","Moody's Corporation","NYSE","2011379","2341762","630990","3.19",,
"2019-10-31","MDLZ","Mondelez International, Inc. C","NNM","9899018","10670573","7125993","1.39",,
"2019-10-31","MDT","Medtronic plc","NYSE","10028650","9720780","3578580","2.80",,
"2019-10-31","MMM","3M Company","NYSE","9167024","9485332","2729187","3.36",,
"2019-10-31","MNST","Monster Beverage Corporation","NNM","11852018","11284548","2346485","5.05",,
"2019-10-31","MO","Altria Group, Inc.","NYSE","13028494","13278718","9833260","1.32",,
"2019-10-31","MPC","MARATHON PETROLEUM CORPORATION","NYSE","16620171","16113679","7022853","2.37",,
"2019-10-31","MPWR","Monolithic Power Systems, Inc.","NNM","1438078","1497812","420930","3.42",,
"2019-10-31","MRK","Merck & Co., Inc.","NYSE","19858698","21437894","9729483","2.04",,
"2019-10-31","MRVL","Marvell Technology Group Ltd.","NNM","33951511","39368739","5554980","6.11",,
"2019-10-31","MS","Morgan Stanley","NYSE","17117972","13913272","10468602","1.64",,
"2019-10-31","MSFT","Microsoft Corporation Common S","NNM","61828079","57149134","26420103","2.34",,
"2019-10-31","MSI","Motorola Solutions, Inc. New","NYSE","2972269","3446459","1282823","2.32",,
"2019-10-31","MU","Micron Technology, Inc. Common","NNM","34746075","33471484","16689127","2.08",,
"2019-10-31","NEE","Nextra Energy, Inc.","NYSE","7263322","7188604","1890387","3.84",,
"2019-10-31","NEM","Newmont Goldcorp Corporation","NYSE","17073945","18279584","4965239","3.44",,
"2019-10-31","NET","Cloudflare, Inc. Class A commo","NYSE","3520298","3686419","1018670","3.46",,
"2019-10-31","NFLX","Netflix, Inc. Common Stock","NNM","25319234","23249861","12236831","2.07",,
"2019-10-31","NKE","Nike, Inc.","NYSE","7265964","8965466","7658284","1.00",,
"2019-10-31","NOC","Northrop Grumman Corp.","NYSE","1425209","2101903","1186028","1.20",,
"2019-10-31","NOW","SERVICENOW, INC.","NYSE","8507967","7286008","4769238","1.78",,
"2019-10-31","NSC","Norfolk Southern Corp.","NYSE","3480275","3463735","1893022","1.84",,
"2019-10-31","NVDA","NVIDIA Corporation Common Stoc","NNM","9880787","9532645","7319626","1.35",,
"2019-10-31","O","Realty Income Corporation","NYSE","12430575","10646710","1576446","7.89",,
"2019-10-31","ORCL","Oracle Corp","NYSE","40122112","45158581","8439429","4.75",,
"2019-10-31","ORLY","O'Reilly Automotive, Inc. Comm","NNM","959135","1059327","614546","1.56",,
"2019-10-31","PANW","PALO ALTO NETWORKS, INC","NYSE","4462669","5510157","920274","4.85",,
"2019-10-31","PCAR","PACCAR Inc. Common Stock","NNM","7470789","8890618","2317330","3.22",,
"2019-10-31","PEP","PepsiCo, Inc. Common Stock","NNM","9640420","10121678","2961202","3.26",,
"2019-10-31","PFE","Pfizer Inc.","NYSE","49602981","49037250","18025945","2.75",,
"2019-10-31","PG","Procter & Gamble Company","NYSE","22817801","22236492","7345582","3.11",,
"2019-10-31","PGR","Progressive Corporation","NYSE","5407199","6401709","3918842","1.38",,
"2019-10-31","PH","Parker-Hannifin Corporation","NYSE","1627704","1668569","1068058","1.52",,
"2019-10-31","PLD","PROLOGIS, INC.","NYSE","8948860","6621070","3918682","2.28",,
"2019-10-31","PM","Philip Morris International In","NYSE","10242189","9435906","4976065","2.06",,
"2019-10-31","PNC","PNC Financial Services Group","NYSE","5533659","5163133","1519271","3.64",,
"2019-10-31","PSX","PHILLIPS 66","NYSE","6904388","6452596","3062120","2.25",,
"2019-10-31","PWR","Quanta Services, Inc.","NYSE","5562989","5737758","1516324","3.67",,
"2019-10-31","QCOM","QUALCOMM Incorporated Common S","NNM","18116881","19601322","5952250","3.04",,
"2019-10-31","RCL","Royal Caribbean Cruises Ltd.","NYSE","4108867","4151750","1514899","2.71",,
"2019-10-31","REGN","Regeneron Pharmaceuticals, Inc","NNM","2116837","2133497","565925","3.74",,
"2019-10-31","ROST","Ross Stores, Inc. Common Stock","NNM","3585709","4404701","1609499","2.23",,
"2019-10-31","RSG","Republic Services Inc.","NYSE","2749891","2978271","1053275","2.61",,
"2019-10-31","SBUX","Starbucks Corporation Common S","NNM","16735653","18025241","6300494","2.66",,
"2019-10-31","SCCO","Southern Copper Corporation","NYSE","3841404","4144895","819324","4.69",,
"2019-10-31","SCHW","The Charles Schwab Corporation","NYSE","15452177","21514469","6892229","2.24",,
"2019-10-31","SHW","The Sherwin-Williams Company","NYSE","976658","1107188","600399","1.63",,
"2019-10-31","SNPS","Synopsys, Inc. Common Stock","NNM","1407587","1440675","841260","1.67",,
"2019-10-31","SO","The Southern Company","NYSE","18306333","20038415","3832294","4.78",,
"2019-10-31","SPG","Simon Property Group, Inc.","NYSE","10725501","11537122","1262346","8.50",,
"2019-10-31","SPGI","S&P Global Inc.","NYSE","2806026","2922849","1101129","2.55",,
"2019-10-31","SYK","Stryker Corporation","NYSE","3516330","3667056","1056655","3.33",,
"2019-10-31","T","AT&T Inc.","NYSE","103465469","98199753","32366697","3.20",,
"2019-10-31","TDG","TransDigm Group Incorporated","NYSE","2692781","2503884","239241","11.26",,
"2019-10-31","TGT","Target Corporation","NYSE","13036221","13677631","4113567","3.17",,
"2019-10-31","TJX","TJX Companies, Inc. (The)","NYSE","13823212","15253966","4933186","2.80",,
"2019-10-31","TMO","Thermo Fisher Scientific, Inc.","NYSE","3302244","3926292","1366584","2.42",,
"2019-10-31","TMUS","T-Mobile US, Inc. Common Stock","NNM","11827608","11924852","2821952","4.19",,
"2019-10-31","TRV","The Travelers Companies, Inc.","NYSE","4021722","3608111","1697581","2.37",,
"2019-10-31","TSLA","Tesla, Inc. Common Stock","NNM","31784407","37186793","12023858","2.64",,
"2019-10-31","TXN","Texas Instruments Incorporated","NNM","16948810","19060857","5991862","2.83",,
"2019-10-31","UBER","Uber Technologies, Inc.","NYSE","61641855","57479291","9646163","6.39",,
"2019-10-31","UNH","UNITEDHEALTH GROUP INCORPORATE","NYSE","10113217","9827807","4081115","2.48",,
"2019-10-31","UNP","Union Pacific Corp.","NYSE","6838238","5602759","3419506","2.00",,
"2019-10-31","UPS","United Parcel Service, Inc. Cl","NYSE","10552564","10762777","3179714","3.32",,
"2019-10-31","URI","United Rentals, Inc.","NYSE","5494064","5320100","1872469","2.93",,
"2019-10-31","USB","U.S. Bancorp","NYSE","16267431","15315607","5258508","3.09",,
"2019-10-31","V","VISA Inc.","NYSE","29712192","31508390","7345266","4.05",,
"2019-10-31","VLO","Valero Energy Corporation","NYSE","7400766","5870516","3569283","2.07",,
"2019-10-31","VRTX","Vertex Pharmaceuticals Incorpo","NNM","4282645","4112047","1663226","2.57",,
"2019-10-31","VZ","Verizon Communications","NYSE","35174740","36170677","11381329","3.09",,
"2019-10-31","WDC","Western Digital Corporation Co","NNM","12321597","12832355","4844118","2.54",,
"2019-10-31","WELL","Welltower Inc.","NYSE","13115725","12590110","2334583","5.62",,
"2019-10-31","WFC","Wells Fargo & Co.","NYSE","42552888","41771961","19639048","2.17",,
"2019-10-31","WM","Waste Management, Inc.","NYSE","4486776","4471374","2026948","2.21",,
"2019-10-31","WMB","Williams Companies Inc.","NYSE","21550822","24012799","9506472","2.27",,
"2019-10-31","WMT","Walmart Inc.","NYSE","15787634","17087451","3682993","4.29",,
"2019-10-31","XOM","Exxon Mobil Corporation","NYSE","42246969","40282743","11058843","3.82",,
"2019-09-13","AAPL","Apple Inc. Common Stock","NNM","42651634","39517330","28651684","1.49",,
"2019-09-13","ABBV","ABBVIE INC.","NYSE","54264225","52536795","8797097","6.17",,
"2019-09-13","ABT","Abbott Laboratories","NYSE","16855677","15419827","4245446","3.97",,
"2019-09-13","ADBE","Adobe Inc. Common Stock","NNM","5554095","5365120","2684125","2.07",,
"2019-09-13","ADI","Analog Devices, Inc. Common St","NNM","4180934","4554944","1781265","2.35",,
"2019-09-13","ADP","Automatic Data Processing, Inc","NNM","2508232","3115997","1819098","1.38",,
"2019-09-13","AEP","American Electric Power Compan","NYSE","6780246","5845595","2223906","3.05",,
"2019-09-13","AFL","Aflac Inc.","NYSE","8603847","8269847","3354260","2.57",,
"2019-09-13","AJG","Arthur J. Gallagher & Co.","NYSE","2611591","2704578","825609","3.16",,
"2019-09-13","ALL","The Allstate Corporation","NYSE","4346816","3665874","1383092","3.14",,
"2019-09-13","AMAT","Applied Materials, Inc. Common","NNM","18259068","16845876","7664524","2.38",,
"2019-09-13","AMD","Advanced Micro Devices, Inc. C","NNM","126170443","130475388","49877859","2.53",,
"2019-09-13","AMGN","Amgen Inc. Common Stock","NNM","7915803","8518304","3015632","2.62",,
"2019-09-13","AMT","American Tower Corporation","NYSE","3381888","3992811","2503275","1.35",,
"2019-09-13","AMZN","Amazon.com, Inc. Common Stock","NNM","3230390","3290235","2726336","1.18",,
"2019-09-13","ANET","Arista Networks","NYSE","1852633","1729268","697043","2.66",,
"2019-09-13","AON","Aon plc Class A","NYSE","1643245","1856093","824108","1.99",,
"2019-09-13","APD","Air Products & Chemicals, Inc.","NYSE","2506855","2654145","1234658","2.03",,
"2019-09-13","APH","Amphenol Corporation","NYSE","2007357","2131007","1368829","1.47",,
"2019-09-13","APO","Apollo Global Management, Inc.","NYSE","10292634","9729282","4835996","2.13",,
"2019-09-13","AVGO","Broadcom Inc. Common Stock","NNM","4767678","5131752","2600602","1.83",,
"2019-09-13","AXP","American Express Company","NYSE","5235143","5601758","4406050","1.19",,
"2019-09-13","BA","Boeing Company","NYSE","5084434","5291297","4331895","1.17",,
"2019-09-13","BAC","Bank of America Corporation","NYSE","90233205","89536604","61933256","1.46",,
"2019-09-13","BKNG","Booking Holdings Inc. Common S","NNM","1292564","1196297","392732","3.29",,
"2019-09-13","BLK","Blackrock, Inc.","NYSE","1351679","1426203","630517","2.14",,
"2019-09-13","BMY","Bristol-Myers Squibb Co.","NYSE","145759349","144022776","8137198","17.91",,
"2019-09-13","BNY","BlackRock New York Municipal I","NYSE","4266","21281","22799","1.00",,
"2019-09-13","BRKA","Berkshire Hathaway Inc.","NYSE","407","476","281","1.45",,
"2019-09-13","BRKB","BERKSHIRE HATHAWAY Class B","NYSE","10207708","9766286","3994812","2.56",,
"2019-09-13","BSX","Boston Scientific Corp.","NYSE","13277864","12367168","5896558","2.25",,
"2019-09-13","BX","The Blackstone Group Inc. Clas","NYSE","11176087","10894249","6182998","1.81",,
"2019-09-13","C","Citigroup Inc.","NYSE","19919706","19631865","14102831","1.41",,
"2019-09-13","CAT","Caterpillar Inc.","NYSE","8638937","8406470","5106962","1.69",,
"2019-09-13","CDNS","Cadence Design Systems, Inc. C","NNM","5732879","7023036","1798465","3.19",,
"2019-09-13","CI","CIGNA Corporation","NYSE","5854253","5676197","2518659","2.32",,
"2019-09-13","CL","Colgate-Palmolive Company","NYSE","10646839","10621482","3294043","3.23",,
"2019-09-13","CMCSA","Comcast Corporation Class A Co","NNM","80394903","79423151","16793006","4.79",,
"2019-09-13","CME","CME Group Inc. Class A Common","NNM","4574683","5340120","1532807","2.98",,
"2019-09-13","CMI","Cummins Inc.","NYSE","4731618","4623753","1307990","3.62",,
"2019-09-13","COF","Capital One Financial","NYSE","5260160","4887011","2231756","2.36",,
"2019-09-13","COP","ConocoPhillips","NYSE","10414570","9226950","6430816","1.62",,
"2019-09-13","COST","Costco Wholesale Corporation C","NNM","4668831","5478080","2688695","1.74",,
"2019-09-13","CRM","salesforce.com, inc.","NYSE","16240567","17985799","5096135","3.19",,
"2019-09-13","CRWD","CrowdStrike Holdings, Inc. Cla","NNM","4170843","2446217","4484960","1.00",,
"2019-09-13","CSCO","Cisco Systems, Inc. Common Sto","NNM","34507251","34654393","17247823","2.00",,
"2019-09-13","CSX","CSX Corporation Common Stock","NNM","11108010","9711465","5863880","1.89",,
"2019-09-13","CTAS","Cintas Corporation Common Stoc","NNM","2798903","2848359","680660","4.11",,
"2019-09-13","CVNA","Carvana Co.","NYSE","18919179","19056511","1361054","13.90",,
"2019-09-13","CVS","CVS HEALTH CORPORATION","NYSE","24170431","24105367","7477102","3.23",,
"2019-09-13","CVX","Chevron Corporation","NYSE","20137425","17605293","5582887","3.61",,
"2019-09-13","D","Dominion Energy, Inc Common St","NYSE","12333718","12749546","3535604","3.49",,
"2019-09-13","DE","Deere & Company","NYSE","5881019","6569074","1949663","3.02",,
"2019-09-13","DELL","Dell Technologies Inc.","NYSE","5695432","8180518","3237695","1.76",,
"2019-09-13","DHR","Danaher Corporation","NYSE","4552908","4840122","2279005","2.00",,
"2019-09-13","DIS","The Walt Disney Company","NYSE","17532702","17357238","6267713","2.80",,
"2019-09-13","DLR","Digital Realty Trust, Inc.","NYSE","16853531","13989395","1521846","11.07",,
"2019-09-13","DUK","Duke Energy Corporation","NYSE","9132634","8248339","2728353","3.35",,
"2019-09-13","ECL","Ecolab, Inc.","NYSE","3680619","3733902","1170719","3.14",,
"2019-09-13","EMR","Emerson Electric Co.","NYSE","5649201","6230137","2983031","1.89",,
"2019-09-13","EOG","EOG Resources, Inc.","NYSE","11070816","12182255","3739675","2.96",,
"2019-09-13","EPD","Enterprise Products Partners L","NYSE","31647630","31342187","3332663","9.50",,
"2019-09-13","EQIX","Equinix, Inc. Common Stock REI","NNM","612560","767897","419473","1.46",,
"2019-09-13","FCX","Freeport-McMoran Inc.","NYSE","40109809","42566840","22152956","1.81",,
"2019-09-13","FDX","FedEx Corporation","NYSE","5266147","5160546","1706942","3.09",,
"2019-09-13","FTNT","Fortinet, Inc. Common Stock","NNM","5856192","5853137","1220259","4.80",,
"2019-09-13","GD","General Dynamics Corporation","NYSE","2781116","2791626","997007","2.79",,
"2019-09-13","GE","General Electric Company","NYSE","124474836","130025392","63834354","1.95",,
"2019-09-13","GILD","Gilead Sciences, Inc. Common S","NNM","14657126","13863750","6651094","2.20",,
"2019-09-13","GLW","Corning Incorporated","NYSE","21405148","22835398","5686607","3.76",,
"2019-09-13","GM","General Motors Company","NYSE","17871968","22595684","7649553","2.34",,
"2019-09-13","GOOG","Alphabet Inc. Class C Capital","NNM","2551202","2304924","1343459","1.90",,
"2019-09-13","GOOGL","Alphabet Inc. Class A Common S","NNM","2139376","2301612","1283566","1.67",,
"2019-09-13","GS","Goldman Sachs Group Inc.","NYSE","7536639","7553724","2324585","3.24",,
"2019-09-13","GWW","W.W. Grainger, Inc.","NYSE","2134516","2260242","336923","6.34",,
"2019-09-13","HCA","HCA Healthcare, Inc.","NYSE","3425413","3307250","1619730","2.11",,
"2019-09-13","HD","Home Depot, Inc.","NYSE","12936258","10266850","3634175","3.56",,
"2019-09-13","HLT","Hilton Worldwide Holdings Inc.","NYSE","6734099","6646866","1445528","4.66",,
"2019-09-13","HON","Honeywell International, Inc.","NYSE","6635529","6429643","3710156","1.79",,
"2019-09-13","HPE","Hewlett Packard Enterprise Com","NYSE","34676666","33277881","9094202","3.81",,
"2019-09-13","IBKR","Interactive Brokers Group, Inc","IEX","5596090","5469630","362519","15.44",,
"2019-09-13","IBM","International Business Machine","NYSE","15202591","16099247","3385433","4.49",,
"2019-09-13","ICE","Intercontinental Exchange  Inc","NYSE","5162336","5315873","2185852","2.36",,
"2019-09-13","INTC","Intel Corporation Common Stock","NNM","48176063","53363065","20528701","2.35",,
"2019-09-13","INTU","Intuit Inc. Common Stock","NNM","2912723","2876359","1401335","2.08",,
"2019-09-13","ISRG","Intuitive Surgical, Inc. Commo","NNM","1967821","2032481","658193","2.99",,
"2019-09-13","ITW","Illinois Tool Works Inc.","NYSE","7748850","7706230","1269404","6.10",,
"2019-09-13","JNJ","Johnson & Johnson","NYSE","14230264","14284917","6087994","2.34",,
"2019-09-13","JPM","JPMorgan Chase & Co.","NYSE","25983204","23432273","11628304","2.23",,
"2019-09-13","KKR","KKR & Co. Inc. Class A Common","NYSE","22097648","24321158","2664781","8.29",,
"2019-09-13","KLAC","KLA Corporation Common Stock","NNM","2890198","3391037","2201855","1.31",,
"2019-09-13","KMI","Kinder Morgan, Inc.","NYSE","40063389","40666289","11682500","3.43",,
"2019-09-13","KO","Coca-Cola Company","NYSE","28805163","31968987","11437096","2.52",,
"2019-09-13","LIN","Linde plc Ordinary Share","NYSE","4456897","4193352","1651502","2.70",,
"2019-09-13","LLY","Eli Lilly & Co.","NYSE","13510258","14161063","3979539","3.39",,
"2019-09-13","LMT","Lockheed Martin Corp.","NYSE","2779886","2668790","961188","2.89",,
"2019-09-13","LOW","Lowe's Companies Inc.","NYSE","11791373","12312998","3856498","3.06",,
"2019-09-13","LRCX","Lam Research Corporation Commo","NNM","6053403","5870351","1925779","3.14",,
"2019-09-13","MA","Mastercard Incorporated","NYSE","6375026","6191626","4613973","1.38",,
"2019-09-13","MAR","Marriott International Class A","NNM","6824343","8356455","1645543","4.15",,
"2019-09-13","MCD","McDonald''s Corporation","NYSE","5820464","5680962","3308906","1.76",,
"2019-09-13","MCK","McKesson Corporation","NYSE","5189265","6020426","1539945","3.37",,
"2019-09-13","MCO","Moody's Corporation","NYSE","2421020","2429925","798595","3.03",,
"2019-09-13","MDLZ","Mondelez International, Inc. C","NNM","10175533","9543735","5625066","1.81",,
"2019-09-13","MDT","Medtronic plc","NYSE","8952556","9418230","5030467","1.78",,
"2019-09-13","MMM","3M Company","NYSE","8125098","8637017","2539557","3.20",,
"2019-09-13","MNST","Monster Beverage Corporation","NNM","10604385","11760212","2889103","3.67",,
"2019-09-13","MO","Altria Group, Inc.","NYSE","14715196","15512724","11622738","1.27",,
"2019-09-13","MPC","MARATHON PETROLEUM CORPORATION","NYSE","13656970","12920951","6669822","2.05",,
"2019-09-13","MPWR","Monolithic Power Systems, Inc.","NNM","934844","1021355","240213","3.89",,
"2019-09-13","MRK","Merck & Co., Inc.","NYSE","17982757","20129794","9098875","1.98",,
"2019-09-13","MRVL","Marvell Technology Group Ltd.","NNM","29894465","25684333","7867687","3.80",,
"2019-09-13","MS","Morgan Stanley","NYSE","11642697","12148431","9923871","1.17",,
"2019-09-13","MSFT","Microsoft Corporation Common S","NNM","46215445","45984963","23710543","1.95",,
"2019-09-13","MSI","Motorola Solutions, Inc. New","NYSE","2864098","3463494","1666428","1.72",,
"2019-09-13","MU","Micron Technology, Inc. Common","NNM","32381669","33509983","22685930","1.43",,
"2019-09-13","NEE","Nextra Energy, Inc.","NYSE","6262006","8171653","2514435","2.49",,
"2019-09-13","NEM","Newmont Goldcorp Corporation","NYSE","13373054","13930961","7972938","1.68",,
"2019-09-13","NFLX","Netflix, Inc. Common Stock","NNM","22255631","21811154","6889961","3.23",,
"2019-09-13","NKE","Nike, Inc.","NYSE","8134735","8707878","5156860","1.58",,
"2019-09-13","NOC","Northrop Grumman Corp.","NYSE","2247646","2062774","885060","2.54",,
"2019-09-13","NOW","SERVICENOW, INC.","NYSE","7011998","6718700","1827080","3.84",,
"2019-09-13","NSC","Norfolk Southern Corp.","NYSE","3528406","3458450","1517593","2.33",,
"2019-09-13","NVDA","NVIDIA Corporation Common Stoc","NNM","9922682","10901318","9391939","1.06",,
"2019-09-13","O","Realty Income Corporation","NYSE","9084088","9067822","1867375","4.86",,
"2019-09-13","ORCL","Oracle Corp","NYSE","49066421","54682122","15576507","3.15",,
"2019-09-13","ORLY","O'Reilly Automotive, Inc. Comm","NNM","1224442","1358080","511975","2.39",,
"2019-09-13","PANW","PALO ALTO NETWORKS, INC","NYSE","6402336","6104434","2453878","2.61",,
"2019-09-13","PCAR","PACCAR Inc. Common Stock","NNM","8225388","8504369","1939795","4.24",,
"2019-09-13","PEP","PepsiCo, Inc. Common Stock","NNM","8769222","10156100","3951260","2.22",,
"2019-09-13","PFE","Pfizer Inc.","NYSE","58540752","58889034","21605094","2.71",,
"2019-09-13","PG","Procter & Gamble Company","NYSE","21723838","20066930","6793626","3.20",,
"2019-09-13","PGR","Progressive Corporation","NYSE","5810243","4063882","3521148","1.65",,
"2019-09-13","PH","Parker-Hannifin Corporation","NYSE","2122662","2062169","850056","2.50",,
"2019-09-13","PLD","PROLOGIS, INC.","NYSE","5995358","6190213","2108705","2.84",,
"2019-09-13","PM","Philip Morris International In","NYSE","8070381","6956682","6754292","1.19",,
"2019-09-13","PNC","PNC Financial Services Group","NYSE","3937897","3841151","2172654","1.81",,
"2019-09-13","PSX","PHILLIPS 66","NYSE","5620792","5496811","2092853","2.69",,
"2019-09-13","PWR","Quanta Services, Inc.","NYSE","5407794","4721157","1457318","3.71",,
"2019-09-13","QCOM","QUALCOMM Incorporated Common S","NNM","19670832","25315572","7229023","2.72",,
"2019-09-13","RCL","Royal Caribbean Cruises Ltd.","NYSE","3370818","3891096","1414654","2.38",,
"2019-09-13","REGN","Regeneron Pharmaceuticals, Inc","NNM","2323920","2329506","667654","3.48",,
"2019-09-13","ROST","Ross Stores, Inc. Common Stock","NNM","4672152","4352009","1877872","2.49",,
"2019-09-13","RSG","Republic Services Inc.","NYSE","2861892","2959598","1192625","2.40",,
"2019-09-13","SBUX","Starbucks Corporation Common S","NNM","18008597","18422517","7641302","2.36",,
"2019-09-13","SCCO","Southern Copper Corporation","NYSE","3824108","4563827","818597","4.67",,
"2019-09-13","SCHW","The Charles Schwab Corporation","NYSE","17806183","16013643","7796420","2.28",,
"2019-09-13","SHW","The Sherwin-Williams Company","NYSE","1208116","1306421","433983","2.78",,
"2019-09-13","SNPS","Synopsys, Inc. Common Stock","NNM","1504279","1560930","1237944","1.22",,
"2019-09-13","SO","The Southern Company","NYSE","18397068","19564909","5438207","3.38",,
"2019-09-13","SPG","Simon Property Group, Inc.","NYSE","10927722","10774112","1762433","6.20",,
"2019-09-13","SPGI","S&P Global Inc.","NYSE","2410707","3301584","1372279","1.76",,
"2019-09-13","SYK","Stryker Corporation","NYSE","3445128","3409937","996877","3.46",,
"2019-09-13","T","AT&T Inc.","NYSE","102327486","104137460","43906546","2.33",,
"2019-09-13","TDG","TransDigm Group Incorporated","NYSE","2516858","2473213","387738","6.49",,
"2019-09-13","TGT","Target Corporation","NYSE","19813497","20641262","3969938","4.99",,
"2019-09-13","TJX","TJX Companies, Inc. (The)","NYSE","13587054","15350188","4932441","2.75",,
"2019-09-13","TMO","Thermo Fisher Scientific, Inc.","NYSE","3736396","3004748","1574201","2.37",,
"2019-09-13","TMUS","T-Mobile US, Inc. Common Stock","NNM","11139977","13794313","2155712","5.17",,
"2019-09-13","TRV","The Travelers Companies, Inc.","NYSE","3224269","3975083","1363342","2.36",,
"2019-09-13","TSLA","Tesla, Inc. Common Stock","NNM","38883688","39744386","6265064","6.21",,
"2019-09-13","TXN","Texas Instruments Incorporated","NNM","18740748","19551807","3990496","4.70",,
"2019-09-13","UBER","Uber Technologies, Inc.","NYSE","43727533","43628545","9742269","4.49",,
"2019-09-13","UNH","UNITEDHEALTH GROUP INCORPORATE","NYSE","7748113","7841818","4102526","1.89",,
"2019-09-13","UNP","Union Pacific Corp.","NYSE","6304056","5621190","2985667","2.11",,
"2019-09-13","UPS","United Parcel Service, Inc. Cl","NYSE","14349277","13958578","2600840","5.52",,
"2019-09-13","URI","United Rentals, Inc.","NYSE","5405359","5228267","1452401","3.72",,
"2019-09-13","USB","U.S. Bancorp","NYSE","16359979","16492069","5227146","3.13",,
"2019-09-13","V","VISA Inc.","NYSE","28507690","27695527","7633651","3.73",,
"2019-09-13","VLO","Valero Energy Corporation","NYSE","5215241","5084161","3411920","1.53",,
"2019-09-13","VRTX","Vertex Pharmaceuticals Incorpo","NNM","3808842","3706198","1129672","3.37",,
"2019-09-13","VZ","Verizon Communications","NYSE","36279365","34567630","10795534","3.36",,
"2019-09-13","WDC","Western Digital Corporation Co","NNM","14058297","14325182","4409458","3.19",,
"2019-09-13","WELL","Welltower Inc.","NYSE","12678425","12795772","2241531","5.66",,
"2019-09-13","WFC","Wells Fargo & Co.","NYSE","44492162","39448651","21618419","2.06",,
"2019-09-13","WM","Waste Management, Inc.","NYSE","3851773","3873042","1814680","2.12",,
"2019-09-13","WMB","Williams Companies Inc.","NYSE","24572690","24355686","6813990","3.61",,
"2019-09-13","WMT","Walmart Inc.","NYSE","15765110","15479063","5349121","2.95",,
"2019-09-13","XOM","Exxon Mobil Corporation","NYSE","37897335","37260562","10084315","3.76",,
"2019-07-31","AAPL","Apple Inc. Common Stock","NNM","43005960","42428971","23525795","1.83",,
"2019-07-31","ABBV","ABBVIE INC.","NYSE","45895474","44168480","10461098","4.39",,
"2019-07-31","ABT","Abbott Laboratories","NYSE","16989242","16825851","5286093","3.21",,
"2019-07-31","ADBE","Adobe Inc. Common Stock","NNM","5715559","5621440","1939393","2.95",,
"2019-07-31","ADI","Analog Devices, Inc. Common St","NNM","5209375","5002190","2070163","2.52",,
"2019-07-31","ADP","Automatic Data Processing, Inc","NNM","3293212","3167081","1717612","1.92",,
"2019-07-31","AEP","American Electric Power Compan","NYSE","7859730","8086269","1859543","4.23",,
"2019-07-31","AFL","Aflac Inc.","NYSE","8731034","9831659","3584334","2.44",,
"2019-07-31","AJG","Arthur J. Gallagher & Co.","NYSE","2712748","2003716","1318162","2.06",,
"2019-07-31","ALL","The Allstate Corporation","NYSE","4361915","4854451","1372755","3.18",,
"2019-07-31","AMAT","Applied Materials, Inc. Common","NNM","19165418","17552593","9439889","2.03",,
"2019-07-31","AMD","Advanced Micro Devices, Inc. C","NNM","113706626","116277782","53995734","2.11",,
"2019-07-31","AMGN","Amgen Inc. Common Stock","NNM","9539280","9132482","2701669","3.53",,
"2019-07-31","AMT","American Tower Corporation","NYSE","3554651","4120888","1625452","2.19",,
"2019-07-31","AMZN","Amazon.com, Inc. Common Stock","NNM","3667473","3357298","3420759","1.07",,
"2019-07-31","ANET","Arista Networks","NYSE","1419073","1827476","806746","1.76",,
"2019-07-31","AON","Aon plc Class A","NYSE","1554117","1713762","775689","2.00",,
"2019-07-31","APD","Air Products & Chemicals, Inc.","NYSE","3318599","2490560","1215031","2.73",,
"2019-07-31","APH","Amphenol Corporation","NYSE","2887600","2742573","1922722","1.50",,
"2019-07-31","APO","Apollo Global Management, LLC","NYSE","7194125","6367579","1570133","4.58",,
"2019-07-31","AVGO","Broadcom Inc. Common Stock","NNM","6228002","6153994","1822237","3.42",,
"2019-07-31","AXP","American Express Company","NYSE","5752299","5469977","3531691","1.63",,
"2019-07-31","BA","Boeing Company","NYSE","5309551","4319563","5344057","1.00",,
"2019-07-31","BAC","Bank of America Corporation","NYSE","86082995","77982841","50857339","1.69",,
"2019-07-31","BKNG","Booking Holdings Inc. Common S","NNM","1278168","1106356","258056","4.95",,
"2019-07-31","BLK","Blackrock, Inc.","NYSE","1450949","1585789","507172","2.86",,
"2019-07-31","BMY","Bristol-Myers Squibb Co.","NYSE","124024558","111016958","15612269","7.94",,
"2019-07-31","BNY","BlackRock New York Municipal I","NYSE","6183","2580","14199","1.00",,
"2019-07-31","BRKA","Berkshire Hathaway Inc.","NYSE","297","293","278","1.07",,
"2019-07-31","BRKB","BERKSHIRE HATHAWAY Class B","NYSE","10712558","10107528","3296783","3.25",,
"2019-07-31","BSX","Boston Scientific Corp.","NYSE","13124672","15404745","5928403","2.21",,
"2019-07-31","BX","The Blackstone Group Inc. Clas","NYSE","10683561","16315170","6389467","1.67",,
"2019-07-31","C","Citigroup Inc.","NYSE","16148074","18379559","11945770","1.35",,
"2019-07-31","CAT","Caterpillar Inc.","NYSE","7664544","7418639","4633484","1.65",,
"2019-07-31","CDNS","Cadence Design Systems, Inc. C","NNM","6441201","5653033","2253310","2.86",,
"2019-07-31","CI","CIGNA Corporation","NYSE","5956262","5333727","1739762","3.42",,
"2019-07-31","CL","Colgate-Palmolive Company","NYSE","11271038","10012064","3711121","3.04",,
"2019-07-31","CMCSA","Comcast Corporation Class A Co","NNM","81374834","74728076","16421666","4.96",,
"2019-07-31","CME","CME Group Inc. Class A Common","NNM","5550383","5960848","1185150","4.68",,
"2019-07-31","CMI","Cummins Inc.","NYSE","3394196","3703307","1262640","2.69",,
"2019-07-31","COF","Capital One Financial","NYSE","5026907","4551391","3810978","1.32",,
"2019-07-31","COP","ConocoPhillips","NYSE","9236130","7440572","5715857","1.62",,
"2019-07-31","COST","Costco Wholesale Corporation C","NNM","4669050","4937133","1449356","3.22",,
"2019-07-31","CRM","salesforce.com, inc.","NYSE","29690425","23404841","5366319","5.53",,
"2019-07-31","CRWD","CrowdStrike Holdings, Inc. Cla","NNM","2371806","2097159","3589508","1.00",,
"2019-07-31","CSCO","Cisco Systems, Inc. Common Sto","NNM","43103759","39912074","12933616","3.33",,
"2019-07-31","CSX","CSX Corporation Common Stock","NNM","11137022","10124422","9360320","1.19",,
"2019-07-31","CTAS","Cintas Corporation Common Stoc","NNM","3002882","2791866","778202","3.86",,
"2019-07-31","CVNA","Carvana Co.","NYSE","18074244","16552143","1437712","12.57",,
"2019-07-31","CVS","CVS HEALTH CORPORATION","NYSE","22171632","21003565","6039743","3.67",,
"2019-07-31","CVX","Chevron Corporation","NYSE","20476340","18411450","4883270","4.19",,
"2019-07-31","D","Dominion Energy, Inc Common St","NYSE","18549518","16432980","3457144","5.37",,
"2019-07-31","DE","Deere & Company","NYSE","6474853","6269962","1643996","3.94",,
"2019-07-31","DELL","Dell Technologies Inc.","NYSE","3159052","2978967","2189219","1.44",,
"2019-07-31","DHR","Danaher Corporation","NYSE","4228274","4153333","2563557","1.65",,
"2019-07-31","DIS","The Walt Disney Company","NYSE","17496501","17003483","7483072","2.34",,
"2019-07-31","DLR","Digital Realty Trust, Inc.","NYSE","13756664","13613994","1127172","12.20",,
"2019-07-31","DUK","Duke Energy Corporation","NYSE","8453887","8565733","2409148","3.51",,
"2019-07-31","ECL","Ecolab, Inc.","NYSE","4416353","4795996","971386","4.55",,
"2019-07-31","EMR","Emerson Electric Co.","NYSE","6492489","6497187","2730391","2.38",,
"2019-07-31","EOG","EOG Resources, Inc.","NYSE","9380084","9472191","3123917","3.00",,
"2019-07-31","EPD","Enterprise Products Partners L","NYSE","32149097","31785732","3840270","8.37",,
"2019-07-31","EQIX","Equinix, Inc. Common Stock REI","NNM","895947","1126451","385948","2.32",,
"2019-07-31","FCX","Freeport-McMoran Inc.","NYSE","35004900","39989923","18066560","1.94",,
"2019-07-31","FDX","FedEx Corporation","NYSE","4548515","4580881","2111260","2.15",,
"2019-07-31","FTNT","Fortinet, Inc. Common Stock","NNM","5353446","5920053","1324971","4.04",,
"2019-07-31","GD","General Dynamics Corporation","NYSE","2838082","2676568","1219962","2.33",,
"2019-07-31","GE","General Electric Company","NYSE","103449734","93878688","55321011","1.87",,
"2019-07-31","GILD","Gilead Sciences, Inc. Common S","NNM","15523861","14001058","6111641","2.54",,
"2019-07-31","GLW","Corning Incorporated","NYSE","20879152","16193739","6420873","3.25",,
"2019-07-31","GM","General Motors Company","NYSE","25869721","24671165","7521025","3.44",,
"2019-07-31","GOOG","Alphabet Inc. Class C Capital","NNM","2791769","2673500","1819566","1.53",,
"2019-07-31","GOOGL","Alphabet Inc. Class A Common S","NNM","2608512","2710615","1900522","1.37",,
"2019-07-31","GS","Goldman Sachs Group Inc.","NYSE","7623287","7434589","2588063","2.95",,
"2019-07-31","GWW","W.W. Grainger, Inc.","NYSE","2982413","3026850","617892","4.83",,
"2019-07-31","HCA","HCA Healthcare, Inc.","NYSE","3502479","3732299","2065041","1.70",,
"2019-07-31","HD","Home Depot, Inc.","NYSE","10284871","10176335","2716655","3.79",,
"2019-07-31","HLT","Hilton Worldwide Holdings Inc.","NYSE","4343674","5632362","2417621","1.80",,
"2019-07-31","HON","Honeywell International, Inc.","NYSE","6275089","6035880","2466328","2.54",,
"2019-07-31","HPE","Hewlett Packard Enterprise Com","NYSE","48459323","38709841","7698676","6.29",,
"2019-07-31","IBKR","Interactive Brokers Group, Inc","IEX","4483392","5057227","658184","6.81",,
"2019-07-31","IBM","International Business Machine","NYSE","17512881","16946756","4562555","3.84",,
"2019-07-31","ICE","Intercontinental Exchange  Inc","NYSE","5993880","5845727","1933744","3.10",,
"2019-07-31","INTC","Intel Corporation Common Stock","NNM","63366439","61051405","21736016","2.92",,
"2019-07-31","INTU","Intuit Inc. Common Stock","NNM","3662688","3669407","1079876","3.39",,
"2019-07-31","ISRG","Intuitive Surgical, Inc. Commo","NNM","2008475","2054947","683889","2.94",,
"2019-07-31","ITW","Illinois Tool Works Inc.","NYSE","8021027","8070753","1566371","5.12",,
"2019-07-31","JNJ","Johnson & Johnson","NYSE","15811188","14718967","7881816","2.01",,
"2019-07-31","JPM","JPMorgan Chase & Co.","NYSE","23150581","21982453","11158521","2.07",,
"2019-07-31","KKR","KKR & Co. Inc. Class A Common","NYSE","20880672","19986803","3205671","6.51",,
"2019-07-31","KLAC","KLA Corporation Common Stock","NNM","3144365","2888602","1382116","2.28",,
"2019-07-31","KMI","Kinder Morgan, Inc.","NYSE","43447097","44381862","13908638","3.12",,
"2019-07-31","KO","Coca-Cola Company","NYSE","32337372","28318660","13889644","2.33",,
"2019-07-31","LIN","Linde plc Ordinary Share","NYSE","4863790","5515576","1545726","3.15",,
"2019-07-31","LLY","Eli Lilly & Co.","NYSE","11459202","12215480","3915288","2.93",,
"2019-07-31","LMT","Lockheed Martin Corp.","NYSE","2338548","2018988","1315436","1.78",,
"2019-07-31","LOW","Lowe's Companies Inc.","NYSE","9152341","11408689","4766865","1.92",,
"2019-07-31","LRCX","Lam Research Corporation Commo","NNM","7100117","8236265","1804815","3.93",,
"2019-07-31","MA","Mastercard Incorporated","NYSE","5653641","6050511","3097135","1.83",,
"2019-07-31","MAR","Marriott International Class A","NNM","7934831","8268558","1466494","5.41",,
"2019-07-31","MCD","McDonald''s Corporation","NYSE","5960714","6828961","3100966","1.92",,
"2019-07-31","MCK","McKesson Corporation","NYSE","4838202","4773546","1073797","4.51",,
"2019-07-31","MCO","Moody's Corporation","NYSE","1771153","2197666","683948","2.59",,
"2019-07-31","MDLZ","Mondelez International, Inc. C","NNM","13386485","11246473","5460044","2.45",,
"2019-07-31","MDT","Medtronic plc","NYSE","10291762","8588879","4058909","2.54",,
"2019-07-31","MMM","3M Company","NYSE","9470311","11164631","3196661","2.96",,
"2019-07-31","MNST","Monster Beverage Corporation","NNM","11269051","10721347","2158062","5.22",,
"2019-07-31","MO","Altria Group, Inc.","NYSE","13330638","15870958","7060258","1.89",,
"2019-07-31","MPC","MARATHON PETROLEUM CORPORATION","NYSE","13789837","15250162","4531206","3.04",,
"2019-07-31","MPWR","Monolithic Power Systems, Inc.","NNM","955655","941250","255458","3.74",,
"2019-07-31","MRK","Merck & Co., Inc.","NYSE","18784436","18941782","9254952","2.03",,
"2019-07-31","MRVL","Marvell Technology Group Ltd.","NNM","31934339","32680375","9028636","3.54",,
"2019-07-31","MS","Morgan Stanley","NYSE","9883192","10767995","8916344","1.11",,
"2019-07-31","MSFT","Microsoft Corporation Common S","NNM","53072261","49699392","24615507","2.16",,
"2019-07-31","MSI","Motorola Solutions, Inc. New","NYSE","3601086","3554059","702688","5.12",,
"2019-07-31","MU","Micron Technology, Inc. Common","NNM","40846343","39230767","29154586","1.40",,
"2019-07-31","NEE","Nextra Energy, Inc.","NYSE","5202513","5489207","1490979","3.49",,
"2019-07-31","NEM","Newmont Goldcorp Corporation","NYSE","11657082","13617515","8094722","1.44",,
"2019-07-31","NFLX","Netflix, Inc. Common Stock","NNM","22034440","18353605","12140007","1.82",,
"2019-07-31","NKE","Nike, Inc.","NYSE","7700420","8582668","5197894","1.48",,
"2019-07-31","NOC","Northrop Grumman Corp.","NYSE","2166910","2192897","999372","2.17",,
"2019-07-31","NOW","SERVICENOW, INC.","NYSE","6302179","6826928","2002533","3.15",,
"2019-07-31","NSC","Norfolk Southern Corp.","NYSE","3516444","4299675","2429419","1.45",,
"2019-07-31","NVDA","NVIDIA Corporation Common Stoc","NNM","10718496","11874158","8456582","1.27",,
"2019-07-31","O","Realty Income Corporation","NYSE","9340418","9193911","1475330","6.33",,
"2019-07-31","ORCL","Oracle Corp","NYSE","56608285","61932190","9168767","6.17",,
"2019-07-31","ORLY","O'Reilly Automotive, Inc. Comm","NNM","1438337","1324894","687275","2.09",,
"2019-07-31","PANW","PALO ALTO NETWORKS, INC","NYSE","5771944","5810017","938354","6.15",,
"2019-07-31","PCAR","PACCAR Inc. Common Stock","NNM","8552008","9357460","2082353","4.11",,
"2019-07-31","PEP","PepsiCo, Inc. Common Stock","NNM","10067167","9573514","4294325","2.34",,
"2019-07-31","PFE","Pfizer Inc.","NYSE","67951144","57720475","29935066","2.27",,
"2019-07-31","PG","Procter & Gamble Company","NYSE","20802568","18952555","8525046","2.44",,
"2019-07-31","PGR","Progressive Corporation","NYSE","5288376","5139403","2791036","1.89",,
"2019-07-31","PH","Parker-Hannifin Corporation","NYSE","2344963","2917688","949486","2.47",,
"2019-07-31","PLD","PROLOGIS, INC.","NYSE","7403666","6752142","2139611","3.46",,
"2019-07-31","PM","Philip Morris International In","NYSE","11267750","12988734","5306105","2.12",,
"2019-07-31","PNC","PNC Financial Services Group","NYSE","4273024","4623242","1939058","2.20",,
"2019-07-31","PSX","PHILLIPS 66","NYSE","5333941","5713693","2513340","2.12",,
"2019-07-31","PWR","Quanta Services, Inc.","NYSE","3284098","2849895","1010145","3.25",,
"2019-07-31","QCOM","QUALCOMM Incorporated Common S","NNM","28621468","27429023","11724516","2.44",,
"2019-07-31","RCL","Royal Caribbean Cruises Ltd.","NYSE","3827577","3512711","2365261","1.62",,
"2019-07-31","REGN","Regeneron Pharmaceuticals, Inc","NNM","2351754","2540072","720738","3.26",,
"2019-07-31","ROST","Ross Stores, Inc. Common Stock","NNM","6966703","5627881","1685373","4.13",,
"2019-07-31","RSG","Republic Services Inc.","NYSE","4502492","4519252","953052","4.72",,
"2019-07-31","SBUX","Starbucks Corporation Common S","NNM","20182376","21634038","8603754","2.35",,
"2019-07-31","SCCO","Southern Copper Corporation","NYSE","4400612","4635724","716563","6.14",,
"2019-07-31","SCHW","The Charles Schwab Corporation","NYSE","14768949","16579040","10102938","1.46",,
"2019-07-31","SHW","The Sherwin-Williams Company","NYSE","1413412","1400852","754446","1.87",,
"2019-07-31","SNPS","Synopsys, Inc. Common Stock","NNM","1760287","1985500","714195","2.46",,
"2019-07-31","SO","The Southern Company","NYSE","16969668","18133121","4126468","4.11",,
"2019-07-31","SPG","Simon Property Group, Inc.","NYSE","10377577","10291023","1603305","6.47",,
"2019-07-31","SPGI","S&P Global Inc.","NYSE","3206294","2928255","1020201","3.14",,
"2019-07-31","SYK","Stryker Corporation","NYSE","3115337","3423171","1083710","2.87",,
"2019-07-31","T","AT&T Inc.","NYSE","103370201","101657904","34083454","3.03",,
"2019-07-31","TDG","TransDigm Group Incorporated","NYSE","2708200","2576125","222365","12.18",,
"2019-07-31","TGT","Target Corporation","NYSE","22834250","20941193","3835625","5.95",,
"2019-07-31","TJX","TJX Companies, Inc. (The)","NYSE","12107564","14296696","4487070","2.70",,
"2019-07-31","TMO","Thermo Fisher Scientific, Inc.","NYSE","2788471","2868378","1519652","1.83",,
"2019-07-31","TMUS","T-Mobile US, Inc. Common Stock","NNM","13546542","11383102","6006337","2.26",,
"2019-07-31","TRV","The Travelers Companies, Inc.","NYSE","5567238","5399795","1220100","4.56",,
"2019-07-31","TSLA","Tesla, Inc. Common Stock","NNM","39486864","41406987","9307645","4.24",,
"2019-07-31","TXN","Texas Instruments Incorporated","NNM","21152708","19418161","6207451","3.41",,
"2019-07-31","UBER","Uber Technologies, Inc.","NYSE","35541247","36498822","5553357","6.40",,
"2019-07-31","UNH","UNITEDHEALTH GROUP INCORPORATE","NYSE","7110862","7155864","3615588","1.97",,
"2019-07-31","UNP","Union Pacific Corp.","NYSE","5759995","4798097","4140826","1.39",,
"2019-07-31","UPS","United Parcel Service, Inc. Cl","NYSE","15460260","12426951","4975836","3.11",,
"2019-07-31","URI","United Rentals, Inc.","NYSE","5421669","5052822","2089088","2.60",,
"2019-07-31","USB","U.S. Bancorp","NYSE","17269833","16277308","6564432","2.63",,
"2019-07-31","V","VISA Inc.","NYSE","28322354","29657076","5839052","4.85",,
"2019-07-31","VLO","Valero Energy Corporation","NYSE","5921830","6017656","2810598","2.11",,
"2019-07-31","VRTX","Vertex Pharmaceuticals Incorpo","NNM","3400930","3870696","1251984","2.72",,
"2019-07-31","VZ","Verizon Communications","NYSE","33274121","31405563","12501675","2.66",,
"2019-07-31","WDC","Western Digital Corporation Co","NNM","16125113","21302245","5609065","2.87",,
"2019-07-31","WELL","Welltower Inc.","NYSE","11757971","11485758","1738094","6.76",,
"2019-07-31","WFC","Wells Fargo & Co.","NYSE","35245034","27370723","22564569","1.56",,
"2019-07-31","WM","Waste Management, Inc.","NYSE","3507757","3397887","1550331","2.26",,
"2019-07-31","WMB","Williams Companies Inc.","NYSE","24170067","23502114","9407533","2.57",,
"2019-07-31","WMT","Walmart Inc.","NYSE","16840012","16834403","4102031","4.11",,
"2019-07-31","XOM","Exxon Mobil Corporation","NYSE","37691763","35599317","9115521","4.13",,
"2019-12-13","AAPL","Apple Inc. Common Stock","NNM","50745596","63489595","22399013","2.27",,
"2019-12-13","ABBV","ABBVIE INC.","NYSE","68826698","68396385","6197129","11.11",,
"2019-12-13","ABT","Abbott Laboratories","NYSE","19311486","18863056","3366659","5.74",,
"2019-12-13","ADBE","Adobe Inc. Common Stock","NNM","7530428","8042228","2055008","3.66",,
"2019-12-13","ADI","Analog Devices, Inc. Common St","NNM","4497288","4275297","2028240","2.22",,
"2019-12-13","ADP","Automatic Data Processing, Inc","NNM","4513298","4156171","1535321","2.94",,
"2019-12-13","AEP","American Electric Power Compan","NYSE","7264981","7312876","1842211","3.94",,
"2019-12-13","AFL","Aflac Inc.","NYSE","10853364","9968037","3001619","3.62",,
"2019-12-13","AJG","Arthur J. Gallagher & Co.","NYSE","2697903","2886124","643245","4.19",,
"2019-12-13","ALL","The Allstate Corporation","NYSE","3398936","4947909","1414842","2.40",,
"2019-12-13","AMAT","Applied Materials, Inc. Common","NNM","19653451","19213247","6089966","3.23",,
"2019-12-13","AMD","Advanced Micro Devices, Inc. C","NNM","98378133","104388321","38281955","2.57",,
"2019-12-13","AMGN","Amgen Inc. Common Stock","NNM","9159440","9704762","1639243","5.59",,
"2019-12-13","AMT","American Tower Corporation","NYSE","4155759","4313886","1172810","3.54",,
"2019-12-13","AMZN","Amazon.com, Inc. Common Stock","NNM","3626859","3559976","2620761","1.38",,
"2019-12-13","ANET","Arista Networks","NYSE","1987599","2030042","637599","3.12",,
"2019-12-13","AON","Aon plc Class A","NYSE","1683805","1555230","584322","2.88",,
"2019-12-13","APD","Air Products & Chemicals, Inc.","NYSE","3177975","2988757","1047596","3.03",,
"2019-12-13","APH","Amphenol Corporation","NYSE","3174352","2859140","881080","3.60",,
"2019-12-13","APO","Apollo Global Management, Inc.","NYSE","7199803","6045683","1708216","4.21",,
"2019-12-13","AVGO","Broadcom Inc. Common Stock","NNM","4675861","5053003","1875370","2.49",,
"2019-12-13","AXP","American Express Company","NYSE","7472309","7301845","2861367","2.61",,
"2019-12-13","BA","Boeing Company","NYSE","5288230","5545717","3931351","1.35",,
"2019-12-13","BAC","Bank of America Corporation","NYSE","94160210","97859520","42519807","2.21",,
"2019-12-13","BKNG","Booking Holdings Inc. Common S","NNM","1076717","1046564","290527","3.71",,
"2019-12-13","BLK","Blackrock, Inc.","NYSE","1443444","1535903","429287","3.36",,
"2019-12-13","BMY","Bristol-Myers Squibb Co.","NYSE","74316448","97220677","17937392","4.14",,
"2019-12-13","BNY","BlackRock New York Municipal I","NYSE","3839","9121","18869","1.00",,
"2019-12-13","BRKA","Berkshire Hathaway Inc.","NYSE","234","128","273","1.00",,
"2019-12-13","BRKB","BERKSHIRE HATHAWAY Class B","NYSE","14251824","13953664","3080533","4.63",,
"2019-12-13","BSX","Boston Scientific Corp.","NYSE","14281887","12686794","5362659","2.66",,
"2019-12-13","BX","The Blackstone Group Inc. Clas","NYSE","18136287","22903178","3333252","5.44",,
"2019-12-13","C","Citigroup Inc.","NYSE","19529411","18890373","10087888","1.94",,
"2019-12-13","CAT","Caterpillar Inc.","NYSE","8782300","9716244","2337913","3.76",,
"2019-12-13","CDNS","Cadence Design Systems, Inc. C","NNM","5140750","5353793","1647171","3.12",,
"2019-12-13","CI","CIGNA Corporation","NYSE","5078869","5171424","1730639","2.93",,
"2019-12-13","CL","Colgate-Palmolive Company","NYSE","14248749","13332100","3245460","4.39",,
"2019-12-13","CMCSA","Comcast Corporation Class A Co","NNM","79496793","77923597","21841789","3.64",,
"2019-12-13","CME","CME Group Inc. Class A Common","NNM","5176174","5391449","1162260","4.45",,
"2019-12-13","CMI","Cummins Inc.","NYSE","5266145","5441394","837340","6.29",,
"2019-12-13","COF","Capital One Financial","NYSE","6022427","5395316","2010712","3.00",,
"2019-12-13","COP","ConocoPhillips","NYSE","11408031","11917208","5384583","2.12",,
"2019-12-13","COST","Costco Wholesale Corporation C","NNM","5138523","5474039","1780549","2.89",,
"2019-12-13","CRM","salesforce.com, inc.","NYSE","14897165","14820879","5950503","2.50",,
"2019-12-13","CRWD","CrowdStrike Holdings, Inc. Cla","NNM","6512618","9257659","5202758","1.25",,
"2019-12-13","CSCO","Cisco Systems, Inc. Common Sto","NNM","33299023","34634003","17695691","1.88",,
"2019-12-13","CSX","CSX Corporation Common Stock","NNM","9028143","7641730","4491648","2.01",,
"2019-12-13","CTAS","Cintas Corporation Common Stoc","NNM","3381768","3511297","414922","8.15",,
"2019-12-13","CVNA","Carvana Co.","NYSE","17777482","18078641","1344180","13.23",,
"2019-12-13","CVS","CVS HEALTH CORPORATION","NYSE","19199479","20278817","5443040","3.53",,
"2019-12-13","CVX","Chevron Corporation","NYSE","20285498","20133288","5368034","3.78",,
"2019-12-13","D","Dominion Energy, Inc Common St","NYSE","12223775","14458621","3456997","3.54",,
"2019-12-13","DDOG","Datadog, Inc. Class A Common S","NNM","5932021","5801892","2466324","2.41",,
"2019-12-13","DE","Deere & Company","NYSE","5137612","5853401","1609594","3.19",,
"2019-12-13","DELL","Dell Technologies Inc.","NYSE","7071769","3323685","2661250","2.66",,
"2019-12-13","DHR","Danaher Corporation","NYSE","132829958","30838071","27373991","4.85",,
"2019-12-13","DIS","The Walt Disney Company","NYSE","17076978","18846999","7665860","2.23",,
"2019-12-13","DLR","Digital Realty Trust, Inc.","NYSE","23575866","21629527","1469649","16.04",,
"2019-12-13","DUK","Duke Energy Corporation","NYSE","39576894","38077671","3618112","10.94",,
"2019-12-13","ECL","Ecolab, Inc.","NYSE","3530212","3447662","892518","3.96",,
"2019-12-13","EMR","Emerson Electric Co.","NYSE","7355418","7172913","2571446","2.86",,
"2019-12-13","EOG","EOG Resources, Inc.","NYSE","10845051","10454881","3611527","3.00",,
"2019-12-13","EPD","Enterprise Products Partners L","NYSE","44980910","42744847","5680822","7.92",,
"2019-12-13","EQIX","Equinix, Inc. Common Stock REI","NNM","942760","934819","316347","2.98",,
"2019-12-13","FCX","Freeport-McMoran Inc.","NYSE","58022458","55395026","22632314","2.56",,
"2019-12-13","FDX","FedEx Corporation","NYSE","4621796","4878270","2091114","2.21",,
"2019-12-13","FTNT","Fortinet, Inc. Common Stock","NNM","4404229","3591955","958318","4.60",,
"2019-12-13","GD","General Dynamics Corporation","NYSE","2769840","2628813","1556947","1.78",,
"2019-12-13","GE","General Electric Company","NYSE","87339573","93964126","46652073","1.87",,
"2019-12-13","GILD","Gilead Sciences, Inc. Common S","NNM","16041337","15168416","4964554","3.23",,
"2019-12-13","GLW","Corning Incorporated","NYSE","26147792","26596752","5103495","5.12",,
"2019-12-13","GM","General Motors Company","NYSE","19199160","17637504","7308839","2.63",,
"2019-12-13","GOOG","Alphabet Inc. Class C Capital","NNM","3474839","3092148","1138396","3.05",,
"2019-12-13","GOOGL","Alphabet Inc. Class A Common S","NNM","3367713","3200763","1232868","2.73",,
"2019-12-13","GS","Goldman Sachs Group Inc.","NYSE","6631023","6597307","2129995","3.11",,
"2019-12-13","GWW","W.W. Grainger, Inc.","NYSE","1957411","1884898","298778","6.55",,
"2019-12-13","HCA","HCA Healthcare, Inc.","NYSE","3984247","3775121","1283638","3.10",,
"2019-12-13","HD","Home Depot, Inc.","NYSE","7807166","8441844","5221145","1.50",,
"2019-12-13","HLT","Hilton Worldwide Holdings Inc.","NYSE","6811972","6282443","1236796","5.51",,
"2019-12-13","HON","Honeywell International, Inc.","NYSE","5796568","5953703","2251043","2.58",,
"2019-12-13","HPE","Hewlett Packard Enterprise Com","NYSE","33666726","33753688","6435893","5.23",,
"2019-12-13","IBKR","Interactive Brokers Group, Inc","NNM","5545036","6102049","401089","13.82",,
"2019-12-13","IBM","International Business Machine","NYSE","15121573","13887566","3258293","4.64",,
"2019-12-13","ICE","Intercontinental Exchange  Inc","NYSE","5428771","6843601","2577848","2.11",,
"2019-12-13","INTC","Intel Corporation Common Stock","NNM","57452673","58782176","17702827","3.25",,
"2019-12-13","INTU","Intuit Inc. Common Stock","NNM","2971732","3177590","1155345","2.57",,
"2019-12-13","ISRG","Intuitive Surgical, Inc. Commo","NNM","1532559","1742364","438865","3.49",,
"2019-12-13","ITW","Illinois Tool Works Inc.","NYSE","6818764","6770782","929921","7.33",,
"2019-12-13","JNJ","Johnson & Johnson","NYSE","20866282","17210823","5172304","4.03",,
"2019-12-13","JPM","JPMorgan Chase & Co.","NYSE","30753736","29796229","8819837","3.49",,
"2019-12-13","KKR","KKR & Co. Inc. Class A Common","NYSE","17475677","18422160","1815879","9.62",,
"2019-12-13","KLAC","KLA Corporation Common Stock","NNM","2797789","2348998","1108055","2.52",,
"2019-12-13","KMI","Kinder Morgan, Inc.","NYSE","33314904","34684417","11552237","2.88",,
"2019-12-13","KO","Coca-Cola Company","NYSE","34345230","32670687","10760066","3.19",,
"2019-12-13","LIN","Linde plc Ordinary Share","NYSE","4981556","4757359","1083595","4.60",,
"2019-12-13","LLY","Eli Lilly & Co.","NYSE","11580565","10554211","2565027","4.51",,
"2019-12-13","LMT","Lockheed Martin Corp.","NYSE","3809105","3790272","879323","4.33",,
"2019-12-13","LOW","Lowe's Companies Inc.","NYSE","11034768","10800044","2907068","3.80",,
"2019-12-13","LRCX","Lam Research Corporation Commo","NNM","6162992","6325749","1217159","5.06",,
"2019-12-13","MA","Mastercard Incorporated","NYSE","8081813","7927330","2335768","3.46",,
"2019-12-13","MAR","Marriott International Class A","NNM","8153756","7998966","1092679","7.46",,
"2019-12-13","MCD","McDonald''s Corporation","NYSE","7069397","6740633","2615321","2.70",,
"2019-12-13","MCK","McKesson Corporation","NYSE","3667402","4232235","1098560","3.34",,
"2019-12-13","MCO","Moody's Corporation","NYSE","1752530","1649014","593751","2.95",,
"2019-12-13","MDLZ","Mondelez International, Inc. C","NNM","12208774","10517256","5429004","2.25",,
"2019-12-13","MDT","Medtronic plc","NYSE","10785771","12077767","3086350","3.49",,
"2019-12-13","MMM","3M Company","NYSE","9957296","10237569","2389033","4.17",,
"2019-12-13","MNST","Monster Beverage Corporation","NNM","11341111","11514519","2739340","4.14",,
"2019-12-13","MO","Altria Group, Inc.","NYSE","17851862","17719229","6393640","2.79",,
"2019-12-13","MPC","MARATHON PETROLEUM CORPORATION","NYSE","14625024","16220232","4264446","3.43",,
"2019-12-13","MPWR","Monolithic Power Systems, Inc.","NNM","1308085","1239125","214471","6.10",,
"2019-12-13","MRK","Merck & Co., Inc.","NYSE","24379787","24665071","6576873","3.71",,
"2019-12-13","MRVL","Marvell Technology Group Ltd.","NNM","36320656","31288473","10851886","3.35",,
"2019-12-13","MS","Morgan Stanley","NYSE","17189067","16688765","7977319","2.15",,
"2019-12-13","MSFT","Microsoft Corporation Common S","NNM","63934516","61128125","18096618","3.53",,
"2019-12-13","MSI","Motorola Solutions, Inc. New","NYSE","2376453","2765048","1300279","1.83",,
"2019-12-13","MU","Micron Technology, Inc. Common","NNM","29990293","30420581","18179778","1.65",,
"2019-12-13","NEE","Nextra Energy, Inc.","NYSE","6356114","7345865","1448653","4.39",,
"2019-12-13","NEM","Newmont Goldcorp Corporation","NYSE","18952125","17085550","6805977","2.78",,
"2019-12-13","NET","Cloudflare, Inc. Class A commo","NYSE","4655802","4036314","813242","5.72",,
"2019-12-13","NFLX","Netflix, Inc. Common Stock","NNM","22949149","23839570","5060246","4.54",,
"2019-12-13","NKE","Nike, Inc.","NYSE","9405218","7641341","4755764","1.98",,
"2019-12-13","NOC","Northrop Grumman Corp.","NYSE","1905993","1728531","830537","2.29",,
"2019-12-13","NOW","SERVICENOW, INC.","NYSE","12254087","13250170","1612859","7.60",,
"2019-12-13","NSC","Norfolk Southern Corp.","NYSE","3872292","4235003","1626522","2.38",,
"2019-12-13","NVDA","NVIDIA Corporation Common Stoc","NNM","8532354","8892544","6609578","1.29",,
"2019-12-13","O","Realty Income Corporation","NYSE","9502251","9686659","1628680","5.83",,
"2019-12-13","ORCL","Oracle Corp","NYSE","38011715","38393860","11015918","3.45",,
"2019-12-13","ORLY","O'Reilly Automotive, Inc. Comm","NNM","979342","979125","366412","2.67",,
"2019-12-13","PANW","PALO ALTO NETWORKS, INC","NYSE","3352357","3777844","973227","3.44",,
"2019-12-13","PCAR","PACCAR Inc. Common Stock","NNM","6331629","6634246","1211178","5.23",,
"2019-12-13","PEP","PepsiCo, Inc. Common Stock","NNM","13039361","11626943","3343390","3.90",,
"2019-12-13","PFE","Pfizer Inc.","NYSE","58840925","57978493","13374725","4.40",,
"2019-12-13","PG","Procter & Gamble Company","NYSE","22926657","22321067","5661965","4.05",,
"2019-12-13","PGR","Progressive Corporation","NYSE","5291902","4617254","3262208","1.62",,
"2019-12-13","PH","Parker-Hannifin Corporation","NYSE","1627098","1972027","798760","2.04",,
"2019-12-13","PLD","PROLOGIS, INC.","NYSE","13792460","13020478","2149327","6.42",,
"2019-12-13","PM","Philip Morris International In","NYSE","10147059","8754015","4013782","2.53",,
"2019-12-13","PNC","PNC Financial Services Group","NYSE","4792418","5166345","1934686","2.48",,
"2019-12-13","PSX","PHILLIPS 66","NYSE","6218183","5315800","2015106","3.09",,
"2019-12-13","PWR","Quanta Services, Inc.","NYSE","4881307","5673223","1250321","3.90",,
"2019-12-13","QCOM","QUALCOMM Incorporated Common S","NNM","18734057","15919513","7869684","2.38",,
"2019-12-13","RCL","Royal Caribbean Cruises Ltd.","NYSE","4843582","4039300","1561755","3.10",,
"2019-12-13","REGN","Regeneron Pharmaceuticals, Inc","NNM","2463738","2359742","717344","3.43",,
"2019-12-13","ROST","Ross Stores, Inc. Common Stock","NNM","3963343","3842955","1563352","2.54",,
"2019-12-13","RSG","Republic Services Inc.","NYSE","3150561","3239650","896461","3.51",,
"2019-12-13","SBUX","Starbucks Corporation Common S","NNM","16187781","13940411","6235133","2.60",,
"2019-12-13","SCCO","Southern Copper Corporation","NYSE","5019739","4576543","739723","6.79",,
"2019-12-13","SCHW","The Charles Schwab Corporation","NYSE","35741975","30831594","9722106","3.68",,
"2019-12-13","SHW","The Sherwin-Williams Company","NYSE","1294132","1321858","333416","3.88",,
"2019-12-13","SNPS","Synopsys, Inc. Common Stock","NNM","1818162","1858219","1282803","1.42",,
"2019-12-13","SO","The Southern Company","NYSE","18928545","18199643","4582516","4.13",,
"2019-12-13","SPG","Simon Property Group, Inc.","NYSE","11477100","11601255","1739567","6.60",,
"2019-12-13","SPGI","S&P Global Inc.","NYSE","3727598","3264284","1254282","2.97",,
"2019-12-13","SYK","Stryker Corporation","NYSE","3528125","3796812","1268980","2.78",,
"2019-12-13","T","AT&T Inc.","NYSE","104075552","99566965","21698718","4.80",,
"2019-12-13","TDG","TransDigm Group Incorporated","NYSE","2698823","2802138","262999","10.26",,
"2019-12-13","TFC","Truist Financial Corporation","NYSE","19950218","49005761","7711812","2.59",,
"2019-12-13","TGT","Target Corporation","NYSE","12932429","13060574","3295246","3.92",,
"2019-12-13","TJX","TJX Companies, Inc. (The)","NYSE","15071639","11667848","4320851","3.49",,
"2019-12-13","TMO","Thermo Fisher Scientific, Inc.","NYSE","3498673","3567694","966852","3.62",,
"2019-12-13","TMUS","T-Mobile US, Inc. Common Stock","NNM","8824746","10258326","2618868","3.37",,
"2019-12-13","TRV","The Travelers Companies, Inc.","NYSE","4384490","3968961","1192821","3.68",,
"2019-12-13","TSLA","Tesla, Inc. Common Stock","NNM","27496754","28651737","6204733","4.43",,
"2019-12-13","TXN","Texas Instruments Incorporated","NNM","17335015","13850924","3763368","4.61",,
"2019-12-13","UBER","Uber Technologies, Inc.","NYSE","32190360","39737617","21262253","1.51",,
"2019-12-13","UNH","UNITEDHEALTH GROUP INCORPORATE","NYSE","10370346","10602472","2561773","4.05",,
"2019-12-13","UNP","Union Pacific Corp.","NYSE","6222661","6694465","2406062","2.59",,
"2019-12-13","UPS","United Parcel Service, Inc. Cl","NYSE","10749027","11145727","2654082","4.05",,
"2019-12-13","URI","United Rentals, Inc.","NYSE","5481770","5704985","914190","6.00",,
"2019-12-13","USB","U.S. Bancorp","NYSE","17026827","17939588","5753168","2.96",,
"2019-12-13","V","VISA Inc.","NYSE","32040782","28788958","7850031","4.08",,
"2019-12-13","VLO","Valero Energy Corporation","NYSE","7700993","8133076","2912899","2.64",,
"2019-12-13","VRTX","Vertex Pharmaceuticals Incorpo","NNM","3615667","3953370","984058","3.67",,
"2019-12-13","VZ","Verizon Communications","NYSE","36403268","35326726","8308186","4.38",,
"2019-12-13","WDC","Western Digital Corporation Co","NNM","13983926","12490869","4350977","3.21",,
"2019-12-13","WELL","Welltower Inc.","NYSE","14130684","14073870","1677419","8.42",,
"2019-12-13","WFC","Wells Fargo & Co.","NYSE","40443696","38589460","16373107","2.47",,
"2019-12-13","WM","Waste Management, Inc.","NYSE","5208778","4466362","1573840","3.31",,
"2019-12-13","WMB","Williams Companies Inc.","NYSE","31242858","27333903","10512932","2.97",,
"2019-12-13","WMT","Walmart Inc.","NYSE","17115708","16388314","4346970","3.94",,
"2019-12-13","XOM","Exxon Mobil Corporation","NYSE","38326545","39256381","11937351","3.21",,
"2019-10-15","AAPL","Apple Inc. Common Stock","NNM","48022677","43933897","30419114","1.58",,
"2019-10-15","ABBV","ABBVIE INC.","NYSE","63486111","60796876","6949556","9.14",,
"2019-10-15","ABT","Abbott Laboratories","NYSE","17686180","16862720","4663159","3.79",,
"2019-10-15","ADBE","Adobe Inc. Common Stock","NNM","6347123","5592123","2308133","2.75",,
"2019-10-15","ADI","Analog Devices, Inc. Common St","NNM","4669140","3801878","2152073","2.17",,
"2019-10-15","ADP","Automatic Data Processing, Inc","NNM","3096473","3188765","1639878","1.89",,
"2019-10-15","AEP","American Electric Power Compan","NYSE","6764785","7884693","2275738","2.97",,
"2019-10-15","AFL","Aflac Inc.","NYSE","9277197","9214350","3105520","2.99",,
"2019-10-15","AJG","Arthur J. Gallagher & Co.","NYSE","2611945","2719049","760873","3.43",,
"2019-10-15","ALL","The Allstate Corporation","NYSE","4141785","4105785","1477027","2.80",,
"2019-10-15","AMAT","Applied Materials, Inc. Common","NNM","17620551","17475852","6105703","2.89",,
"2019-10-15","AMD","Advanced Micro Devices, Inc. C","NNM","141291080","152741973","44334908","3.19",,
"2019-10-15","AMGN","Amgen Inc. Common Stock","NNM","9176897","8571271","1942722","4.72",,
"2019-10-15","AMT","American Tower Corporation","NYSE","3525498","3866957","1394315","2.53",,
"2019-10-15","AMZN","Amazon.com, Inc. Common Stock","NNM","3403620","3675265","2780370","1.22",,
"2019-10-15","ANET","Arista Networks","NYSE","1679320","1766179","538432","3.12",,
"2019-10-15","AON","Aon plc Class A","NYSE","1795344","1748485","563351","3.19",,
"2019-10-15","APD","Air Products & Chemicals, Inc.","NYSE","2701471","2915007","845561","3.19",,
"2019-10-15","APH","Amphenol Corporation","NYSE","3112241","2974070","1100828","2.83",,
"2019-10-15","APO","Apollo Global Management, Inc.","NYSE","11766978","13534036","2434784","4.83",,
"2019-10-15","AVGO","Broadcom Inc. Common Stock","NNM","5794588","5771399","2001074","2.90",,
"2019-10-15","AXP","American Express Company","NYSE","6329312","6703928","3008757","2.10",,
"2019-10-15","BA","Boeing Company","NYSE","5402499","5820766","2905146","1.86",,
"2019-10-15","BAC","Bank of America Corporation","NYSE","92372258","87329919","51592386","1.79",,
"2019-10-15","BKNG","Booking Holdings Inc. Common S","NNM","1169436","1197529","238293","4.91",,
"2019-10-15","BLK","Blackrock, Inc.","NYSE","1574838","1513311","600020","2.62",,
"2019-10-15","BMY","Bristol-Myers Squibb Co.","NYSE","149621832","149506045","9676625","15.46",,
"2019-10-15","BNY","BlackRock New York Municipal I","NYSE","10990","3649","8742","1.26",,
"2019-10-15","BRKA","Berkshire Hathaway Inc.","NYSE","348","319","310","1.12",,
"2019-10-15","BRKB","BERKSHIRE HATHAWAY Class B","NYSE","11994404","12385399","3618081","3.32",,
"2019-10-15","BSX","Boston Scientific Corp.","NYSE","12929745","14355560","9766211","1.32",,
"2019-10-15","BX","The Blackstone Group Inc. Clas","NYSE","16207628","21297348","6707013","2.42",,
"2019-10-15","C","Citigroup Inc.","NYSE","19595369","18684578","12676536","1.55",,
"2019-10-15","CAT","Caterpillar Inc.","NYSE","9261738","8940572","3499637","2.65",,
"2019-10-15","CDNS","Cadence Design Systems, Inc. C","NNM","4953809","5118152","1542186","3.21",,
"2019-10-15","CI","CIGNA Corporation","NYSE","5504099","5357509","2131881","2.58",,
"2019-10-15","CL","Colgate-Palmolive Company","NYSE","12531951","12847530","2821102","4.44",,
"2019-10-15","CMCSA","Comcast Corporation Class A Co","NNM","75765731","76049244","13865529","5.46",,
"2019-10-15","CME","CME Group Inc. Class A Common","NNM","4869959","4955371","985313","4.94",,
"2019-10-15","CMI","Cummins Inc.","NYSE","4611036","4784608","1068823","4.31",,
"2019-10-15","COF","Capital One Financial","NYSE","4805692","5132813","1930801","2.49",,
"2019-10-15","COP","ConocoPhillips","NYSE","10232622","9959866","6013217","1.70",,
"2019-10-15","COST","Costco Wholesale Corporation C","NNM","5526654","5039012","2430387","2.27",,
"2019-10-15","CRM","salesforce.com, inc.","NYSE","14753258","15910946","3220254","4.58",,
"2019-10-15","CRWD","CrowdStrike Holdings, Inc. Cla","NNM","6930431","6412338","2940264","2.36",,
"2019-10-15","CSCO","Cisco Systems, Inc. Common Sto","NNM","33930579","36445398","20877914","1.63",,
"2019-10-15","CSX","CSX Corporation Common Stock","NNM","9191016","9990030","4927438","1.87",,
"2019-10-15","CTAS","Cintas Corporation Common Stoc","NNM","3099031","3212137","475330","6.52",,
"2019-10-15","CVNA","Carvana Co.","NYSE","18249443","18916489","1535914","11.88",,
"2019-10-15","CVS","CVS HEALTH CORPORATION","NYSE","21827628","22582144","5838065","3.74",,
"2019-10-15","CVX","Chevron Corporation","NYSE","20357593","21548740","5334796","3.82",,
"2019-10-15","D","Dominion Energy, Inc Common St","NYSE","13453490","15221070","3303961","4.07",,
"2019-10-15","DDOG","Datadog, Inc. Class A Common S","NNM","2303973","1432295","1644452","1.40",,
"2019-10-15","DE","Deere & Company","NYSE","7079059","6605701","2142197","3.30",,
"2019-10-15","DELL","Dell Technologies Inc.","NYSE","2775703","2743163","1537449","1.81",,
"2019-10-15","DHR","Danaher Corporation","NYSE","4332383","5027504","1974258","2.19",,
"2019-10-15","DIS","The Walt Disney Company","NYSE","17881599","17856762","6234643","2.87",,
"2019-10-15","DLR","Digital Realty Trust, Inc.","NYSE","15277920","16727200","1344571","11.36",,
"2019-10-15","DUK","Duke Energy Corporation","NYSE","10726690","9731560","2608267","4.11",,
"2019-10-15","ECL","Ecolab, Inc.","NYSE","3823346","3914915","874799","4.37",,
"2019-10-15","EMR","Emerson Electric Co.","NYSE","7171353","6026836","3594292","2.00",,
"2019-10-15","EOG","EOG Resources, Inc.","NYSE","10248307","11142211","4354055","2.35",,
"2019-10-15","EPD","Enterprise Products Partners L","NYSE","38215700","36964904","3468074","11.02",,
"2019-10-15","EQIX","Equinix, Inc. Common Stock REI","NNM","846445","987175","299768","2.82",,
"2019-10-15","FCX","Freeport-McMoran Inc.","NYSE","48147984","41787519","29643019","1.62",,
"2019-10-15","FDX","FedEx Corporation","NYSE","6898138","6926790","2601636","2.65",,
"2019-10-15","FTNT","Fortinet, Inc. Common Stock","NNM","4723817","5602527","1034554","4.57",,
"2019-10-15","GD","General Dynamics Corporation","NYSE","2738996","2541647","1006863","2.72",,
"2019-10-15","GE","General Electric Company","NYSE","114341270","118025115","45755890","2.50",,
"2019-10-15","GILD","Gilead Sciences, Inc. Common S","NNM","13923805","13912069","5392206","2.58",,
"2019-10-15","GLW","Corning Incorporated","NYSE","25355928","26182411","4538397","5.59",,
"2019-10-15","GM","General Motors Company","NYSE","21596344","22732719","9680875","2.23",,
"2019-10-15","GOOG","Alphabet Inc. Class C Capital","NNM","2675833","2951557","1201166","2.23",,
"2019-10-15","GOOGL","Alphabet Inc. Class A Common S","NNM","2589613","2659624","1125663","2.30",,
"2019-10-15","GS","Goldman Sachs Group Inc.","NYSE","7617408","6496333","3265882","2.33",,
"2019-10-15","GWW","W.W. Grainger, Inc.","NYSE","2142369","2042391","423978","5.05",,
"2019-10-15","HCA","HCA Healthcare, Inc.","NYSE","3114633","2943555","1231706","2.53",,
"2019-10-15","HD","Home Depot, Inc.","NYSE","12071530","12288291","3182858","3.79",,
"2019-10-15","HLT","Hilton Worldwide Holdings Inc.","NYSE","4786307","5541515","1952132","2.45",,
"2019-10-15","HON","Honeywell International, Inc.","NYSE","5387768","5706586","2607599","2.07",,
"2019-10-15","HPE","Hewlett Packard Enterprise Com","NYSE","41172220","45950188","7716459","5.34",,
"2019-10-15","IBKR","Interactive Brokers Group, Inc","NNM","5685199","5870471","817226","6.96",,
"2019-10-15","IBM","International Business Machine","NYSE","16046928","15165862","2857865","5.62",,
"2019-10-15","ICE","Intercontinental Exchange  Inc","NYSE","5959661","5965355","2054043","2.90",,
"2019-10-15","INTC","Intel Corporation Common Stock","NNM","55548483","50316566","16956636","3.28",,
"2019-10-15","INTU","Intuit Inc. Common Stock","NNM","2536306","2325772","1235166","2.05",,
"2019-10-15","ISRG","Intuitive Surgical, Inc. Commo","NNM","2080282","2314627","495155","4.20",,
"2019-10-15","ITW","Illinois Tool Works Inc.","NYSE","7907442","7706348","955290","8.28",,
"2019-10-15","JNJ","Johnson & Johnson","NYSE","16718004","16664008","7638381","2.19",,
"2019-10-15","JPM","JPMorgan Chase & Co.","NYSE","27293366","27555240","12582954","2.17",,
"2019-10-15","KKR","KKR & Co. Inc. Class A Common","NYSE","22175000","21204561","2878536","7.70",,
"2019-10-15","KLAC","KLA Corporation Common Stock","NNM","3399042","3597017","1143967","2.97",,
"2019-10-15","KMI","Kinder Morgan, Inc.","NYSE","33410962","35389473","9645626","3.46",,
"2019-10-15","KO","Coca-Cola Company","NYSE","35323924","34311428","10584242","3.34",,
"2019-10-15","LIN","Linde plc Ordinary Share","NYSE","4945057","5497193","1544723","3.20",,
"2019-10-15","LLY","Eli Lilly & Co.","NYSE","11831421","12191431","2480719","4.77",,
"2019-10-15","LMT","Lockheed Martin Corp.","NYSE","2859266","2983877","980721","2.92",,
"2019-10-15","LOW","Lowe's Companies Inc.","NYSE","9675755","9360275","3817868","2.53",,
"2019-10-15","LRCX","Lam Research Corporation Commo","NNM","5864457","6188220","1351055","4.34",,
"2019-10-15","MA","Mastercard Incorporated","NYSE","6739319","6195881","3004098","2.24",,
"2019-10-15","MAR","Marriott International Class A","NNM","6199595","6406788","1684760","3.68",,
"2019-10-15","MCD","McDonald''s Corporation","NYSE","6582380","6861681","3245825","2.03",,
"2019-10-15","MCK","McKesson Corporation","NYSE","4744933","4957972","1415991","3.35",,
"2019-10-15","MCO","Moody's Corporation","NYSE","2341762","2281652","827589","2.83",,
"2019-10-15","MDLZ","Mondelez International, Inc. C","NNM","10670573","11426333","5068302","2.11",,
"2019-10-15","MDT","Medtronic plc","NYSE","9720780","10293780","3413739","2.85",,
"2019-10-15","MMM","3M Company","NYSE","9485332","9606768","3192975","2.97",,
"2019-10-15","MNST","Monster Beverage Corporation","NNM","11284548","11621007","2758165","4.09",,
"2019-10-15","MO","Altria Group, Inc.","NYSE","13278718","11772862","9956287","1.33",,
"2019-10-15","MPC","MARATHON PETROLEUM CORPORATION","NYSE","16113679","15036519","5338433","3.02",,
"2019-10-15","MPWR","Monolithic Power Systems, Inc.","NNM","1497812","980369","683416","2.19",,
"2019-10-15","MRK","Merck & Co., Inc.","NYSE","21437894","21468468","6250232","3.43",,
"2019-10-15","MRVL","Marvell Technology Group Ltd.","NNM","39368739","31365302","7564819","5.20",,
"2019-10-15","MS","Morgan Stanley","NYSE","13913272","13437206","9838365","1.41",,
"2019-10-15","MSFT","Microsoft Corporation Common S","NNM","57149134","53037374","22334267","2.56",,
"2019-10-15","MSI","Motorola Solutions, Inc. New","NYSE","3446459","3346794","1135678","3.03",,
"2019-10-15","MU","Micron Technology, Inc. Common","NNM","33471484","29514214","20595010","1.63",,
"2019-10-15","NEE","Nextra Energy, Inc.","NYSE","7188604","7405533","1790643","4.01",,
"2019-10-15","NEM","Newmont Goldcorp Corporation","NYSE","18279584","17353065","5909495","3.09",,
"2019-10-15","NET","Cloudflare, Inc. Class A commo","NYSE","3686419","4329008","1748794","2.11",,
"2019-10-15","NFLX","Netflix, Inc. Common Stock","NNM","23249861","22132309","8054338","2.89",,
"2019-10-15","NKE","Nike, Inc.","NYSE","8965466","9224466","5868954","1.53",,
"2019-10-15","NOC","Northrop Grumman Corp.","NYSE","2101903","2230217","989493","2.12",,
"2019-10-15","NOW","SERVICENOW, INC.","NYSE","7286008","7582959","1525166","4.78",,
"2019-10-15","NSC","Norfolk Southern Corp.","NYSE","3463735","3508542","1530643","2.26",,
"2019-10-15","NVDA","NVIDIA Corporation Common Stoc","NNM","9532645","8944675","9754642","1.00",,
"2019-10-15","O","Realty Income Corporation","NYSE","10646710","10966775","1450159","7.34",,
"2019-10-15","ORCL","Oracle Corp","NYSE","45158581","46110092","13779208","3.28",,
"2019-10-15","ORLY","O'Reilly Automotive, Inc. Comm","NNM","1059327","1071567","354892","2.98",,
"2019-10-15","PANW","PALO ALTO NETWORKS, INC","NYSE","5510157","6741612","1028347","5.36",,
"2019-10-15","PCAR","PACCAR Inc. Common Stock","NNM","8890618","8758400","1582399","5.62",,
"2019-10-15","PEP","PepsiCo, Inc. Common Stock","NNM","10121678","10463945","4338748","2.33",,
"2019-10-15","PFE","Pfizer Inc.","NYSE","49037250","47825798","15530818","3.16",,
"2019-10-15","PG","Procter & Gamble Company","NYSE","22236492","23412660","5968051","3.73",,
"2019-10-15","PGR","Progressive Corporation","NYSE","6401709","6166984","2733185","2.34",,
"2019-10-15","PH","Parker-Hannifin Corporation","NYSE","1668569","1776097","783578","2.13",,
"2019-10-15","PLD","PROLOGIS, INC.","NYSE","6621070","6218182","1737953","3.81",,
"2019-10-15","PM","Philip Morris International In","NYSE","9435906","8448387","5114750","1.84",,
"2019-10-15","PNC","PNC Financial Services Group","NYSE","5163133","4913839","1866992","2.77",,
"2019-10-15","PSX","PHILLIPS 66","NYSE","6452596","6927235","2179179","2.96",,
"2019-10-15","PWR","Quanta Services, Inc.","NYSE","5737758","5577289","1202646","4.77",,
"2019-10-15","QCOM","QUALCOMM Incorporated Common S","NNM","19601322","17958240","6018472","3.26",,
"2019-10-15","RCL","Royal Caribbean Cruises Ltd.","NYSE","4151750","3614517","1455525","2.85",,
"2019-10-15","REGN","Regeneron Pharmaceuticals, Inc","NNM","2133497","2270349","790171","2.70",,
"2019-10-15","ROST","Ross Stores, Inc. Common Stock","NNM","4404701","4282430","1680105","2.62",,
"2019-10-15","RSG","Republic Services Inc.","NYSE","2978271","3067810","856958","3.48",,
"2019-10-15","SBUX","Starbucks Corporation Common S","NNM","18025241","18846537","5778345","3.12",,
"2019-10-15","SCCO","Southern Copper Corporation","NYSE","4144895","3971487","630726","6.57",,
"2019-10-15","SCHW","The Charles Schwab Corporation","NYSE","21514469","17487365","16421222","1.31",,
"2019-10-15","SHW","The Sherwin-Williams Company","NYSE","1107188","1081306","431105","2.57",,
"2019-10-15","SNPS","Synopsys, Inc. Common Stock","NNM","1440675","1707115","801368","1.80",,
"2019-10-15","SO","The Southern Company","NYSE","20038415","19503823","3726533","5.38",,
"2019-10-15","SPG","Simon Property Group, Inc.","NYSE","11537122","10988276","1578306","7.31",,
"2019-10-15","SPGI","S&P Global Inc.","NYSE","2922849","3156381","1256659","2.33",,
"2019-10-15","SYK","Stryker Corporation","NYSE","3667056","4784875","949644","3.86",,
"2019-10-15","T","AT&T Inc.","NYSE","98199753","101899190","24533931","4.00",,
"2019-10-15","TDG","TransDigm Group Incorporated","NYSE","2503884","2535971","233766","10.71",,
"2019-10-15","TGT","Target Corporation","NYSE","13677631","14261073","4164879","3.28",,
"2019-10-15","TJX","TJX Companies, Inc. (The)","NYSE","15253966","12581838","4532695","3.37",,
"2019-10-15","TMO","Thermo Fisher Scientific, Inc.","NYSE","3926292","3382211","1769942","2.22",,
"2019-10-15","TMUS","T-Mobile US, Inc. Common Stock","NNM","11924852","13996398","2264987","5.26",,
"2019-10-15","TRV","The Travelers Companies, Inc.","NYSE","3608111","3634013","1038119","3.48",,
"2019-10-15","TSLA","Tesla, Inc. Common Stock","NNM","37186793","36058919","8256926","4.50",,
"2019-10-15","TXN","Texas Instruments Incorporated","NNM","19060857","19702524","4047571","4.71",,
"2019-10-15","UBER","Uber Technologies, Inc.","NYSE","57479291","50702147","9091300","6.32",,
"2019-10-15","UNH","UNITEDHEALTH GROUP INCORPORATE","NYSE","9827807","8429338","5481027","1.79",,
"2019-10-15","UNP","Union Pacific Corp.","NYSE","5602759","5036285","4055063","1.38",,
"2019-10-15","UPS","United Parcel Service, Inc. Cl","NYSE","10762777","12594332","2955578","3.64",,
"2019-10-15","URI","United Rentals, Inc.","NYSE","5320100","5187478","1437629","3.70",,
"2019-10-15","USB","U.S. Bancorp","NYSE","15315607","16914684","5083519","3.01",,
"2019-10-15","V","VISA Inc.","NYSE","31508390","28941245","6823980","4.62",,
"2019-10-15","VLO","Valero Energy Corporation","NYSE","5870516","5712664","2560274","2.29",,
"2019-10-15","VRTX","Vertex Pharmaceuticals Incorpo","NNM","4112047","4441363","929746","4.42",,
"2019-10-15","VZ","Verizon Communications","NYSE","36170677","37671802","11527135","3.14",,
"2019-10-15","WDC","Western Digital Corporation Co","NNM","12832355","11994902","3363806","3.81",,
"2019-10-15","WELL","Welltower Inc.","NYSE","12590110","12821071","1346282","9.35",,
"2019-10-15","WFC","Wells Fargo & Co.","NYSE","41771961","45166409","21453262","1.95",,
"2019-10-15","WM","Waste Management, Inc.","NYSE","4471374","3787661","1954342","2.29",,
"2019-10-15","WMB","Williams Companies Inc.","NYSE","24012799","26802606","7109643","3.38",,
"2019-10-15","WMT","Walmart Inc.","NYSE","17087451","17711328","4981513","3.43",,
"2019-10-15","XOM","Exxon Mobil Corporation","NYSE","40282743","41423342","10193913","3.95",,
"2019-06-28","AAPL","Apple Inc. Common Stock","NNM","43448528","47003511","24985287","1.74",,
"2019-06-28","ABBV","ABBVIE INC.","NYSE","28212850","19582875","21144688","1.33",,
"2019-06-28","ABT","Abbott Laboratories","NYSE","14148218","13827038","6548123","2.16",,
"2019-06-28","ADBE","Adobe Inc. Common Stock","NNM","4880657","3577957","4183025","1.17",,
"2019-06-28","ADI","Analog Devices, Inc. Common St","NNM","5933621","4890297","3086792","1.92",,
"2019-06-28","ADP","Automatic Data Processing, Inc","NNM","4041827","3429659","1541124","2.62",,
"2019-06-28","AEP","American Electric Power Compan","NYSE","8254913","8093522","2752428","3.00",,
"2019-06-28","AFL","Aflac Inc.","NYSE","9409098","9911981","3070017","3.06",,
"2019-06-28","AJG","Arthur J. Gallagher & Co.","NYSE","1805559","1717849","1076659","1.68",,
"2019-06-28","ALL","The Allstate Corporation","NYSE","5395486","4472396","1866214","2.89",,
"2019-06-28","AMAT","Applied Materials, Inc. Common","NNM","17318233","14860860","10858905","1.59",,
"2019-06-28","AMD","Advanced Micro Devices, Inc. C","NNM","113593452","111478347","65416222","1.74",,
"2019-06-28","AMGN","Amgen Inc. Common Stock","NNM","8695668","9452077","3048883","2.85",,
"2019-06-28","AMT","American Tower Corporation","NYSE","4083558","4383395","1920992","2.13",,
"2019-06-28","AMZN","Amazon.com, Inc. Common Stock","NNM","2942241","3259816","2950018","1.00",,
"2019-06-28","ANET","Arista Networks","NYSE","1937048","1649353","924939","2.09",,
"2019-06-28","AON","Aon plc Class A","NYSE","2048930","1765291","838202","2.44",,
"2019-06-28","APD","Air Products & Chemicals, Inc.","NYSE","2877641","2978212","1085737","2.65",,
"2019-06-28","APH","Amphenol Corporation","NYSE","3295228","2835780","1493150","2.21",,
"2019-06-28","APO","Apollo Global Management, LLC","NYSE","5745654","5173265","1360826","4.22",,
"2019-06-28","AVGO","Broadcom Inc. Common Stock","NNM","6957966","6316534","3629648","1.92",,
"2019-06-28","AXP","American Express Company","NYSE","6176700","6879188","2959770","2.09",,
"2019-06-28","BA","Boeing Company","NYSE","5631176","5069456","5096753","1.10",,
"2019-06-28","BAC","Bank of America Corporation","NYSE","80522576","78219321","55255792","1.46",,
"2019-06-28","BKNG","Booking Holdings Inc. Common S","NNM","1177918","1468167","440552","2.67",,
"2019-06-28","BLK","Blackrock, Inc.","NYSE","1609694","1740956","548528","2.93",,
"2019-06-28","BMY","Bristol-Myers Squibb Co.","NYSE","111320934","104714965","16372802","6.80",,
"2019-06-28","BNY","BlackRock New York Municipal I","NYSE","955","132","16066","1.00",,
"2019-06-28","BRKA","Berkshire Hathaway Inc.","NYSE","321","517","263","1.22",,
"2019-06-28","BRKB","BERKSHIRE HATHAWAY Class B","NYSE","10131138","10000438","4212754","2.40",,
"2019-06-28","BSX","Boston Scientific Corp.","NYSE","13633365","14140699","6911425","1.97",,
"2019-06-28","BX","The Blackstone Group L.P","NYSE","25770465","28575929","5902766","4.37",,
"2019-06-28","C","Citigroup Inc.","NYSE","15538707","19566335","13919131","1.12",,
"2019-06-28","CAT","Caterpillar Inc.","NYSE","7358521","9061354","4511452","1.63",,
"2019-06-28","CDNS","Cadence Design Systems, Inc. C","NNM","6896297","5610972","2434464","2.83",,
"2019-06-28","CI","CIGNA Corporation","NYSE","5564879","4047883","1832102","3.04",,
"2019-06-28","CL","Colgate-Palmolive Company","NYSE","10130247","9487094","3487153","2.91",,
"2019-06-28","CMCSA","Comcast Corporation Class A Co","NNM","70206883","69730465","21254571","3.30",,
"2019-06-28","CME","CME Group Inc. Class A Common","NNM","6358498","6645080","1473207","4.32",,
"2019-06-28","CMI","Cummins Inc.","NYSE","3424064","3161055","1352163","2.53",,
"2019-06-28","COF","Capital One Financial","NYSE","4532528","4123111","2095099","2.16",,
"2019-06-28","COP","ConocoPhillips","NYSE","8578766","8733153","6295865","1.36",,
"2019-06-28","COST","Costco Wholesale Corporation C","NNM","4715758","4845019","1746430","2.70",,
"2019-06-28","CRM","salesforce.com, inc.","NYSE","21144261","16287651","7312054","2.89",,
"2019-06-28","CRWD","CrowdStrike Holdings, Inc. Cla","NNM","1436176","173484","2821081","1.00",,
"2019-06-28","CSCO","Cisco Systems, Inc. Common Sto","NNM","47535341","52187765","33008193","1.44",,
"2019-06-28","CSX","CSX Corporation Common Stock","NNM","11222280","13061708","3591846","3.12",,
"2019-06-28","CTAS","Cintas Corporation Common Stoc","NNM","3067704","3063257","658875","4.66",,
"2019-06-28","CVNA","Carvana Co.","NYSE","15118624","15932404","1700589","8.89",,
"2019-06-28","CVS","CVS HEALTH CORPORATION","NYSE","19174922","17597734","8459410","2.27",,
"2019-06-28","CVX","Chevron Corporation","NYSE","19147481","18023488","6092174","3.14",,
"2019-06-28","D","Dominion Energy, Inc Common St","NYSE","15712279","14152005","4527477","3.47",,
"2019-06-28","DE","Deere & Company","NYSE","7998718","7772142","2563628","3.12",,
"2019-06-28","DELL","Dell Technologies Inc.","NYSE","4032557","5022162","2805772","1.44",,
"2019-06-28","DHR","Danaher Corporation","NYSE","5092167","5747598","2323856","2.19",,
"2019-06-28","DIS","The Walt Disney Company","NYSE","17071815","15584827","10984707","1.55",,
"2019-06-28","DLR","Digital Realty Trust, Inc.","NYSE","14303221","14096571","1140691","12.54",,
"2019-06-28","DUK","Duke Energy Corporation","NYSE","8557026","8317831","3430215","2.49",,
"2019-06-28","ECL","Ecolab, Inc.","NYSE","4061876","4861203","1970127","2.06",,
"2019-06-28","EMR","Emerson Electric Co.","NYSE","6599591","7038024","3551508","1.86",,
"2019-06-28","EOG","EOG Resources, Inc.","NYSE","11516955","11154906","3163750","3.64",,
"2019-06-28","EPD","Enterprise Products Partners L","NYSE","28473304","26362088","3445773","8.26",,
"2019-06-28","EQIX","Equinix, Inc. Common Stock REI","NNM","1065059","1054801","419693","2.54",,
"2019-06-28","FCX","Freeport-McMoran Inc.","NYSE","33897034","36700254","17944890","1.89",,
"2019-06-28","FDX","FedEx Corporation","NYSE","4584110","4666627","3309850","1.38",,
"2019-06-28","FTNT","Fortinet, Inc. Common Stock","NNM","6535542","6960936","1539973","4.24",,
"2019-06-28","GD","General Dynamics Corporation","NYSE","2707243","2362961","1192297","2.27",,
"2019-06-28","GE","General Electric Company","NYSE","102911320","103192627","49529464","2.08",,
"2019-06-28","GILD","Gilead Sciences, Inc. Common S","NNM","11899685","12584306","7635562","1.56",,
"2019-06-28","GLW","Corning Incorporated","NYSE","16557294","12848670","6391382","2.59",,
"2019-06-28","GM","General Motors Company","NYSE","27007968","24369575","9808945","2.75",,
"2019-06-28","GOOG","Alphabet Inc. Class C Capital","NNM","2487379","2369159","1432312","1.74",,
"2019-06-28","GOOGL","Alphabet Inc. Class A Common S","NNM","2266255","2142611","1522586","1.49",,
"2019-06-28","GS","Goldman Sachs Group Inc.","NYSE","6600349","6569987","2447227","2.70",,
"2019-06-28","GWW","W.W. Grainger, Inc.","NYSE","2857069","2717143","454784","6.28",,
"2019-06-28","HCA","HCA Healthcare, Inc.","NYSE","4031935","4413082","1705460","2.36",,
"2019-06-28","HD","Home Depot, Inc.","NYSE","9649402","10347767","5214525","1.85",,
"2019-06-28","HLT","Hilton Worldwide Holdings Inc.","NYSE","5402889","5321940","1884875","2.87",,
"2019-06-28","HON","Honeywell International, Inc.","NYSE","5832896","6138030","2558373","2.28",,
"2019-06-28","HPE","Hewlett Packard Enterprise Com","NYSE","35465046","31520716","10348217","3.43",,
"2019-06-28","IBKR","Interactive Brokers Group, Inc","IEX","4616249","5317798","503651","9.17",,
"2019-06-28","IBM","International Business Machine","NYSE","15127321","15693576","3142694","4.81",,
"2019-06-28","ICE","Intercontinental Exchange  Inc","NYSE","4653075","3920231","2157023","2.16",,
"2019-06-28","INTC","Intel Corporation Common Stock","NNM","55922386","55985638","20929297","2.67",,
"2019-06-28","INTU","Intuit Inc. Common Stock","NNM","3045140","3622187","1356329","2.25",,
"2019-06-28","ISRG","Intuitive Surgical, Inc. Commo","NNM","2222302","2278257","678784","3.27",,
"2019-06-28","ITW","Illinois Tool Works Inc.","NYSE","7400646","7247042","1122613","6.59",,
"2019-06-28","JNJ","Johnson & Johnson","NYSE","14188476","14428488","7679906","1.85",,
"2019-06-28","JPM","JPMorgan Chase & Co.","NYSE","22488572","22854905","14760580","1.52",,
"2019-06-28","KKR","KKR & Co. Inc. Class A Common","NYSE","20222978","19856686","3117483","6.49",,
"2019-06-28","KLAC","KLA-Tencor Corporation Common","NNM","2957446","3263543","1481274","2.00",,
"2019-06-28","KMI","Kinder Morgan, Inc.","NYSE","45585196","47979597","13683820","3.33",,
"2019-06-28","KO","Coca-Cola Company","NYSE","27917454","29196296","12629876","2.21",,
"2019-06-28","LIN","Linde plc Ordinary Share","NYSE","5258352","6147990","2273620","2.31",,
"2019-06-28","LLY","Eli Lilly & Co.","NYSE","11502765","12512900","3801915","3.03",,
"2019-06-28","LMT","Lockheed Martin Corp.","NYSE","2000019","1659405","1125088","1.78",,
"2019-06-28","LOW","Lowe's Companies Inc.","NYSE","10163174","9959798","4805792","2.11",,
"2019-06-28","LRCX","Lam Research Corporation Commo","NNM","8166630","8391218","1866662","4.37",,
"2019-06-28","MA","Mastercard Incorporated","NYSE","4936719","6295147","3666649","1.35",,
"2019-06-28","MAR","Marriott International Class A","NNM","8138408","8793321","1709131","4.76",,
"2019-06-28","MCD","McDonald''s Corporation","NYSE","6815951","6316788","2791915","2.44",,
"2019-06-28","MCK","McKesson Corporation","NYSE","4401908","4419201","1380976","3.19",,
"2019-06-28","MCO","Moody's Corporation","NYSE","2113189","2836346","1390246","1.52",,
"2019-06-28","MDLZ","Mondelez International, Inc. C","NNM","11655200","12453463","6831276","1.71",,
"2019-06-28","MDT","Medtronic plc","NYSE","9131686","10948621","4836210","1.89",,
"2019-06-28","MMM","3M Company","NYSE","10410694","10592937","2870585","3.63",,
"2019-06-28","MNST","Monster Beverage Corporation","NNM","10727583","10285813","2497265","4.30",,
"2019-06-28","MO","Altria Group, Inc.","NYSE","16112989","15640857","10605579","1.52",,
"2019-06-28","MPC","MARATHON PETROLEUM CORPORATION","NYSE","14812484","12407198","8415226","1.76",,
"2019-06-28","MPWR","Monolithic Power Systems, Inc.","NNM","857518","803381","380810","2.25",,
"2019-06-28","MRK","Merck & Co., Inc.","NYSE","19342020","17313626","13688401","1.41",,
"2019-06-28","MRVL","Marvell Technology Group Ltd.","NNM","35496828","38636343","8332258","4.26",,
"2019-06-28","MS","Morgan Stanley","NYSE","11707266","12991401","10126757","1.16",,
"2019-06-28","MSFT","Microsoft Corporation Common S","NNM","48005648","47806626","25795295","1.86",,
"2019-06-28","MSI","Motorola Solutions, Inc. New","NYSE","3581338","3436418","1278388","2.80",,
"2019-06-28","MU","Micron Technology, Inc. Common","NNM","42983867","42803711","41425896","1.04",,
"2019-06-28","NEE","Nextra Energy, Inc.","NYSE","4967443","4763374","2009788","2.47",,
"2019-06-28","NEM","Newmont Goldcorp Corporation","NYSE","15275820","12864570","12065705","1.27",,
"2019-06-28","NFLX","Netflix, Inc. Common Stock","NNM","18361635","18666936","5277736","3.48",,
"2019-06-28","NKE","Nike, Inc.","NYSE","8735680","8674321","7833243","1.12",,
"2019-06-28","NOC","Northrop Grumman Corp.","NYSE","2025195","1687818","723515","2.80",,
"2019-06-28","NOW","SERVICENOW, INC.","NYSE","6584232","6138508","1760325","3.74",,
"2019-06-28","NSC","Norfolk Southern Corp.","NYSE","4421275","4455889","2158238","2.05",,
"2019-06-28","NVDA","NVIDIA Corporation Common Stoc","NNM","9840313","12625818","9987437","1.00",,
"2019-06-28","O","Realty Income Corporation","NYSE","10190568","10198536","2301702","4.43",,
"2019-06-28","ORCL","Oracle Corp","NYSE","58195231","57089684","28622788","2.03",,
"2019-06-28","ORLY","O'Reilly Automotive, Inc. Comm","NNM","1389290","1269233","599815","2.32",,
"2019-06-28","PANW","PALO ALTO NETWORKS, INC","NYSE","5576973","5505630","1319911","4.23",,
"2019-06-28","PCAR","PACCAR Inc. Common Stock","NNM","9874962","9506448","1317998","7.49",,
"2019-06-28","PEP","PepsiCo, Inc. Common Stock","NNM","10182241","10133824","4783960","2.13",,
"2019-06-28","PFE","Pfizer Inc.","NYSE","56972518","63794445","26196193","2.17",,
"2019-06-28","PG","Procter & Gamble Company","NYSE","21090535","22910428","7888210","2.67",,
"2019-06-28","PGR","Progressive Corporation","NYSE","4468213","5052024","3278114","1.36",,
"2019-06-28","PH","Parker-Hannifin Corporation","NYSE","2852970","3014209","883315","3.23",,
"2019-06-28","PLD","PROLOGIS, INC.","NYSE","6819017","7177425","2507245","2.72",,
"2019-06-28","PM","Philip Morris International In","NYSE","12809563","10500779","7134466","1.80",,
"2019-06-28","PNC","PNC Financial Services Group","NYSE","3846751","3057321","1864775","2.06",,
"2019-06-28","PSX","PHILLIPS 66","NYSE","5987024","5099178","3350376","1.79",,
"2019-06-28","PWR","Quanta Services, Inc.","NYSE","3271115","3144023","1322140","2.47",,
"2019-06-28","QCOM","QUALCOMM Incorporated Common S","NNM","23279408","18872013","13295138","1.75",,
"2019-06-28","RCL","Royal Caribbean Cruises Ltd.","NYSE","3505014","2181999","1723615","2.03",,
"2019-06-28","REGN","Regeneron Pharmaceuticals, Inc","NNM","2293113","2124811","1020719","2.25",,
"2019-06-28","ROST","Ross Stores, Inc. Common Stock","NNM","6175125","5901338","2986313","2.07",,
"2019-06-28","RSG","Republic Services Inc.","NYSE","4711941","4178955","1103292","4.27",,
"2019-06-28","SBUX","Starbucks Corporation Common S","NNM","21462036","24202195","7732540","2.78",,
"2019-06-28","SCCO","Southern Copper Corporation","NYSE","4859580","5076058","706663","6.88",,
"2019-06-28","SCHW","The Charles Schwab Corporation","NYSE","18373923","16575802","11429831","1.61",,
"2019-06-28","SHW","The Sherwin-Williams Company","NYSE","1365448","1355306","519287","2.63",,
"2019-06-28","SNPS","Synopsys, Inc. Common Stock","NNM","1890162","1977553","1613233","1.17",,
"2019-06-28","SO","The Southern Company","NYSE","17610394","16114757","4580529","3.84",,
"2019-06-28","SPG","Simon Property Group, Inc.","NYSE","10169420","9859391","1574157","6.46",,
"2019-06-28","SPGI","S&P Global Inc.","NYSE","2982039","3238128","1095980","2.72",,
"2019-06-28","SYK","Stryker Corporation","NYSE","2845529","2759087","1124151","2.53",,
"2019-06-28","T","AT&T Inc.","NYSE","99004394","90114259","26273393","3.77",,
"2019-06-28","TDG","TransDigm Group Incorporated","NYSE","2515705","2583094","311225","8.08",,
"2019-06-28","TGT","Target Corporation","NYSE","18987205","21652012","4365860","4.35",,
"2019-06-28","TJX","TJX Companies, Inc. (The)","NYSE","14865335","13603164","6760872","2.20",,
"2019-06-28","TMO","Thermo Fisher Scientific, Inc.","NYSE","2620197","2678954","1627289","1.61",,
"2019-06-28","TMUS","T-Mobile US, Inc. Common Stock","NNM","10239796","10872380","3535559","2.90",,
"2019-06-28","TRV","The Travelers Companies, Inc.","NYSE","4484868","4007237","1412752","3.17",,
"2019-06-28","TSLA","Tesla, Inc. Common Stock","NNM","41402709","41459902","8529571","4.85",,
"2019-06-28","TXN","Texas Instruments Incorporated","NNM","18761954","18508516","4201266","4.47",,
"2019-06-28","UBER","Uber Technologies, Inc.","NYSE","35062815","31573942","10740536","3.26",,
"2019-06-28","UNH","UNITEDHEALTH GROUP INCORPORATE","NYSE","6664562","7682445","4037536","1.65",,
"2019-06-28","UNP","Union Pacific Corp.","NYSE","5718389","7040919","3718273","1.54",,
"2019-06-28","UPS","United Parcel Service, Inc. Cl","NYSE","12517604","13243907","3421668","3.66",,
"2019-06-28","URI","United Rentals, Inc.","NYSE","4849541","4615036","1177070","4.12",,
"2019-06-28","USB","U.S. Bancorp","NYSE","17033701","18149197","5774728","2.95",,
"2019-06-28","V","VISA Inc.","NYSE","27976906","30687463","7980643","3.51",,
"2019-06-28","VLO","Valero Energy Corporation","NYSE","6602448","6118381","3377422","1.95",,
"2019-06-28","VRTX","Vertex Pharmaceuticals Incorpo","NNM","3536610","3798817","1188832","2.97",,
"2019-06-28","VZ","Verizon Communications","NYSE","32737219","27978742","13006096","2.52",,
"2019-06-28","WDC","Western Digital Corporation Co","NNM","19022535","17910268","8005722","2.38",,
"2019-06-28","WELL","Welltower Inc.","NYSE","10978734","9028118","3565202","3.08",,
"2019-06-28","WFC","Wells Fargo & Co.","NYSE","28991865","29213951","21240813","1.36",,
"2019-06-28","WM","Waste Management, Inc.","NYSE","3583429","3712925","1724761","2.08",,
"2019-06-28","WMB","Williams Companies Inc.","NYSE","27456454","23146638","7616613","3.60",,
"2019-06-28","WMT","Walmart Inc.","NYSE","15856389","15721675","5945135","2.67",,
"2019-06-28","XOM","Exxon Mobil Corporation","NYSE","33101752","35128540","12258922","2.70",,
"2019-11-15","AAPL","Apple Inc. Common Stock","NNM","46016361","45151775","23644119","1.95",,
"2019-11-15","ABBV","ABBVIE INC.","NYSE","70925988","65574273","8869339","8.00",,
"2019-11-15","ABT","Abbott Laboratories","NYSE","17504693","16668992","4875993","3.59",,
"2019-11-15","ADBE","Adobe Inc. Common Stock","NNM","7757003","7353829","2590035","2.99",,
"2019-11-15","ADI","Analog Devices, Inc. Common St","NNM","5041664","5747662","1707064","2.95",,
"2019-11-15","ADP","Automatic Data Processing, Inc","NNM","4343443","3075987","2142545","2.03",,
"2019-11-15","AEP","American Electric Power Compan","NYSE","6333786","6678437","2831157","2.24",,
"2019-11-15","AFL","Aflac Inc.","NYSE","9070838","9600547","2288815","3.96",,
"2019-11-15","AJG","Arthur J. Gallagher & Co.","NYSE","3107303","2991894","716104","4.34",,
"2019-11-15","ALL","The Allstate Corporation","NYSE","6724858","3514348","1624665","4.14",,
"2019-11-15","AMAT","Applied Materials, Inc. Common","NNM","18973633","18561852","7160219","2.65",,
"2019-11-15","AMD","Advanced Micro Devices, Inc. C","NNM","118828624","143246253","61611090","1.93",,
"2019-11-15","AMGN","Amgen Inc. Common Stock","NNM","9018928","9047012","2511192","3.59",,
"2019-11-15","AMT","American Tower Corporation","NYSE","3951258","3431442","1888482","2.09",,
"2019-11-15","AMZN","Amazon.com, Inc. Common Stock","NNM","3807907","3436897","2487632","1.53",,
"2019-11-15","ANET","Arista Networks","NYSE","2050892","1725023","2069301","1.00",,
"2019-11-15","AON","Aon plc Class A","NYSE","1542575","1470596","904411","1.71",,
"2019-11-15","APD","Air Products & Chemicals, Inc.","NYSE","3016090","2699222","1199580","2.51",,
"2019-11-15","APH","Amphenol Corporation","NYSE","3190201","2947201","988248","3.23",,
"2019-11-15","APO","Apollo Global Management, Inc.","NYSE","6981771","7271888","1971904","3.54",,
"2019-11-15","AVGO","Broadcom Inc. Common Stock","NNM","6304675","5719887","2075953","3.04",,
"2019-11-15","AXP","American Express Company","NYSE","7240686","6971347","2160136","3.35",,
"2019-11-15","BA","Boeing Company","NYSE","6101082","5677240","4923896","1.24",,
"2019-11-15","BAC","Bank of America Corporation","NYSE","101501403","96154528","45965049","2.21",,
"2019-11-15","BKNG","Booking Holdings Inc. Common S","NNM","1079685","1211922","564720","1.91",,
"2019-11-15","BLK","Blackrock, Inc.","NYSE","1808807","1639766","498646","3.63",,
"2019-11-15","BMY","Bristol-Myers Squibb Co.","NYSE","151225047","148321527","11853809","12.76",,
"2019-11-15","BNY","BlackRock New York Municipal I","NYSE","7042","1354","25809","1.00",,
"2019-11-15","BRKA","Berkshire Hathaway Inc.","NYSE","128","367","329","1.00",,
"2019-11-15","BRKB","BERKSHIRE HATHAWAY Class B","NYSE","12728065","12245553","3654887","3.48",,
"2019-11-15","BSX","Boston Scientific Corp.","NYSE","14133533","14904003","5554895","2.54",,
"2019-11-15","BX","The Blackstone Group Inc. Clas","NYSE","14486165","14904374","4153943","3.49",,
"2019-11-15","C","Citigroup Inc.","NYSE","18909828","19448699","11429375","1.65",,
"2019-11-15","CAT","Caterpillar Inc.","NYSE","12544090","13525751","3654210","3.43",,
"2019-11-15","CDNS","Cadence Design Systems, Inc. C","NNM","5666737","4928866","1371724","4.13",,
"2019-11-15","CI","CIGNA Corporation","NYSE","5770468","5258552","2038457","2.83",,
"2019-11-15","CL","Colgate-Palmolive Company","NYSE","12691920","13217032","4347357","2.92",,
"2019-11-15","CMCSA","Comcast Corporation Class A Co","NNM","77853265","74250953","15598029","4.99",,
"2019-11-15","CME","CME Group Inc. Class A Common","NNM","5088676","5202782","1107140","4.60",,
"2019-11-15","CMI","Cummins Inc.","NYSE","4995333","4586460","1212335","4.12",,
"2019-11-15","COF","Capital One Financial","NYSE","5222433","4978825","2155810","2.42",,
"2019-11-15","COP","ConocoPhillips","NYSE","10781428","11315829","5543282","1.94",,
"2019-11-15","COST","Costco Wholesale Corporation C","NNM","5569529","5200019","1644709","3.39",,
"2019-11-15","CRM","salesforce.com, inc.","NYSE","15453179","15038740","4188898","3.69",,
"2019-11-15","CRWD","CrowdStrike Holdings, Inc. Cla","NNM","8826845","8200090","1968462","4.48",,
"2019-11-15","CSCO","Cisco Systems, Inc. Common Sto","NNM","37804789","38824588","24141211","1.57",,
"2019-11-15","CSX","CSX Corporation Common Stock","NNM","8348066","9102658","2918138","2.86",,
"2019-11-15","CTAS","Cintas Corporation Common Stoc","NNM","3631727","3149870","713864","5.09",,
"2019-11-15","CVNA","Carvana Co.","NYSE","17745001","17390342","1817019","9.77",,
"2019-11-15","CVS","CVS HEALTH CORPORATION","NYSE","23209472","21981648","9327059","2.49",,
"2019-11-15","CVX","Chevron Corporation","NYSE","22629109","20901252","5904423","3.83",,
"2019-11-15","D","Dominion Energy, Inc Common St","NYSE","15415360","15011615","3019773","5.10",,
"2019-11-15","DDOG","Datadog, Inc. Class A Common S","NNM","5245865","4606654","2374190","2.21",,
"2019-11-15","DE","Deere & Company","NYSE","6757348","6631274","1763912","3.83",,
"2019-11-15","DELL","Dell Technologies Inc.","NYSE","2671058","2548542","1472891","1.81",,
"2019-11-15","DHR","Danaher Corporation","NYSE","4713165","4142101","3434580","1.37",,
"2019-11-15","DIS","The Walt Disney Company","NYSE","20564734","16232513","17363205","1.18",,
"2019-11-15","DLR","Digital Realty Trust, Inc.","NYSE","20584640","16338561","2039486","10.09",,
"2019-11-15","DUK","Duke Energy Corporation","NYSE","11318091","10082846","3863172","2.93",,
"2019-11-15","ECL","Ecolab, Inc.","NYSE","3429193","3508324","776264","4.42",,
"2019-11-15","EMR","Emerson Electric Co.","NYSE","7361268","7639981","3261212","2.26",,
"2019-11-15","EOG","EOG Resources, Inc.","NYSE","10061264","10668041","4304021","2.34",,
"2019-11-15","EPD","Enterprise Products Partners L","NYSE","39194237","38447752","5204765","7.53",,
"2019-11-15","EQIX","Equinix, Inc. Common Stock REI","NNM","824257","852029","489272","1.68",,
"2019-11-15","FCX","Freeport-McMoran Inc.","NYSE","51360698","53316291","24613411","2.09",,
"2019-11-15","FDX","FedEx Corporation","NYSE","5954362","6616885","1985367","3.00",,
"2019-11-15","FTNT","Fortinet, Inc. Common Stock","NNM","4135984","4530685","1991904","2.08",,
"2019-11-15","GD","General Dynamics Corporation","NYSE","3058409","2749093","1319871","2.32",,
"2019-11-15","GE","General Electric Company","NYSE","95956738","101972959","61889848","1.55",,
"2019-11-15","GILD","Gilead Sciences, Inc. Common S","NNM","15583988","14917355","5829184","2.67",,
"2019-11-15","GLW","Corning Incorporated","NYSE","26830685","23179458","3831009","7.00",,
"2019-11-15","GM","General Motors Company","NYSE","21878337","22127926","8984253","2.44",,
"2019-11-15","GOOG","Alphabet Inc. Class C Capital","NNM","3499483","3319171","1346569","2.60",,
"2019-11-15","GOOGL","Alphabet Inc. Class A Common S","NNM","2944801","2699136","1445139","2.04",,
"2019-11-15","GS","Goldman Sachs Group Inc.","NYSE","7337896","7786094","2180932","3.36",,
"2019-11-15","GWW","W.W. Grainger, Inc.","NYSE","1852492","1752941","298165","6.21",,
"2019-11-15","HCA","HCA Healthcare, Inc.","NYSE","3554954","3610080","1431740","2.48",,
"2019-11-15","HD","Home Depot, Inc.","NYSE","11290682","11128594","2695918","4.19",,
"2019-11-15","HLT","Hilton Worldwide Holdings Inc.","NYSE","5442715","4514707","1390163","3.92",,
"2019-11-15","HON","Honeywell International, Inc.","NYSE","7044251","5806775","2729572","2.58",,
"2019-11-15","HPE","Hewlett Packard Enterprise Com","NYSE","36840193","34126172","9309936","3.96",,
"2019-11-15","IBKR","Interactive Brokers Group, Inc","NNM","5678966","5330040","346826","16.37",,
"2019-11-15","IBM","International Business Machine","NYSE","13858611","13484425","3312753","4.18",,
"2019-11-15","ICE","Intercontinental Exchange  Inc","NYSE","5968911","5773842","2543944","2.35",,
"2019-11-15","INTC","Intel Corporation Common Stock","NNM","56871026","56710336","15550484","3.66",,
"2019-11-15","INTU","Intuit Inc. Common Stock","NNM","2792426","2818314","1327429","2.10",,
"2019-11-15","ISRG","Intuitive Surgical, Inc. Commo","NNM","1531247","1747432","545503","2.81",,
"2019-11-15","ITW","Illinois Tool Works Inc.","NYSE","7036365","7590256","1111942","6.33",,
"2019-11-15","JNJ","Johnson & Johnson","NYSE","16452032","16946822","5863823","2.81",,
"2019-11-15","JPM","JPMorgan Chase & Co.","NYSE","28582923","30301923","10288396","2.78",,
"2019-11-15","KKR","KKR & Co. Inc. Class A Common","NYSE","18894531","21683907","2805142","6.74",,
"2019-11-15","KLAC","KLA Corporation Common Stock","NNM","3502918","3587034","1096358","3.20",,
"2019-11-15","KMI","Kinder Morgan, Inc.","NYSE","31612643","34566386","13453950","2.35",,
"2019-11-15","KO","Coca-Cola Company","NYSE","30225223","30553106","11807532","2.56",,
"2019-11-15","LIN","Linde plc Ordinary Share","NYSE","5553702","5466106","1179988","4.71",,
"2019-11-15","LLY","Eli Lilly & Co.","NYSE","10223518","11428261","3005981","3.40",,
"2019-11-15","LMT","Lockheed Martin Corp.","NYSE","3353194","2834163","1067926","3.14",,
"2019-11-15","LOW","Lowe's Companies Inc.","NYSE","10681637","9716214","3116093","3.43",,
"2019-11-15","LRCX","Lam Research Corporation Commo","NNM","5978287","6363798","1362771","4.39",,
"2019-11-15","MA","Mastercard Incorporated","NYSE","8636988","7297094","3107589","2.78",,
"2019-11-15","MAR","Marriott International Class A","NNM","7603191","6486826","1665917","4.56",,
"2019-11-15","MCD","McDonald''s Corporation","NYSE","6538761","6433059","5675977","1.15",,
"2019-11-15","MCK","McKesson Corporation","NYSE","4017863","4113817","1638561","2.45",,
"2019-11-15","MCO","Moody's Corporation","NYSE","1796573","2011379","583879","3.08",,
"2019-11-15","MDLZ","Mondelez International, Inc. C","NNM","10902753","9899018","5063821","2.15",,
"2019-11-15","MDT","Medtronic plc","NYSE","10628081","10028650","3407827","3.12",,
"2019-11-15","MMM","3M Company","NYSE","9574627","9167024","2488083","3.85",,
"2019-11-15","MNST","Monster Beverage Corporation","NNM","13004204","11852018","3916098","3.32",,
"2019-11-15","MO","Altria Group, Inc.","NYSE","14160439","13028494","7661145","1.85",,
"2019-11-15","MPC","MARATHON PETROLEUM CORPORATION","NYSE","16566275","16620171","5193280","3.19",,
"2019-11-15","MPWR","Monolithic Power Systems, Inc.","NNM","1312331","1438078","315137","4.16",,
"2019-11-15","MRK","Merck & Co., Inc.","NYSE","21792933","19858698","7832914","2.78",,
"2019-11-15","MRVL","Marvell Technology Group Ltd.","NNM","35807068","33951511","8117514","4.41",,
"2019-11-15","MS","Morgan Stanley","NYSE","14845031","17117972","9349448","1.59",,
"2019-11-15","MSFT","Microsoft Corporation Common S","NNM","62707579","61828079","19362108","3.24",,
"2019-11-15","MSI","Motorola Solutions, Inc. New","NYSE","3362419","2972269","1330941","2.53",,
"2019-11-15","MU","Micron Technology, Inc. Common","NNM","36539725","34746075","16618138","2.20",,
"2019-11-15","NEE","Nextra Energy, Inc.","NYSE","7093047","7263322","2039721","3.48",,
"2019-11-15","NEM","Newmont Goldcorp Corporation","NYSE","17206199","17073945","6395865","2.69",,
"2019-11-15","NET","Cloudflare, Inc. Class A commo","NYSE","3781146","3520298","872443","4.33",,
"2019-11-15","NFLX","Netflix, Inc. Common Stock","NNM","25386553","25319234","5541748","4.58",,
"2019-11-15","NKE","Nike, Inc.","NYSE","7347518","7265964","5792831","1.27",,
"2019-11-15","NOC","Northrop Grumman Corp.","NYSE","1777484","1425209","1098812","1.62",,
"2019-11-15","NOW","SERVICENOW, INC.","NYSE","8597108","8507967","1938685","4.43",,
"2019-11-15","NSC","Norfolk Southern Corp.","NYSE","4243269","3480275","1557546","2.72",,
"2019-11-15","NVDA","NVIDIA Corporation Common Stoc","NNM","8820377","9880787","9340333","1.00",,
"2019-11-15","O","Realty Income Corporation","NYSE","11132807","12430575","2184855","5.10",,
"2019-11-15","ORCL","Oracle Corp","NYSE","39284718","40122112","7931248","4.95",,
"2019-11-15","ORLY","O'Reilly Automotive, Inc. Comm","NNM","1036008","959135","374221","2.77",,
"2019-11-15","PANW","PALO ALTO NETWORKS, INC","NYSE","3928129","4462669","1012688","3.88",,
"2019-11-15","PCAR","PACCAR Inc. Common Stock","NNM","6436003","7470789","1463866","4.40",,
"2019-11-15","PEP","PepsiCo, Inc. Common Stock","NNM","10403370","9640420","3140601","3.31",,
"2019-11-15","PFE","Pfizer Inc.","NYSE","51656257","49602981","20719222","2.49",,
"2019-11-15","PG","Procter & Gamble Company","NYSE","21838027","22817801","6700361","3.26",,
"2019-11-15","PGR","Progressive Corporation","NYSE","5739809","5407199","4090944","1.40",,
"2019-11-15","PH","Parker-Hannifin Corporation","NYSE","2267194","1627704","889469","2.55",,
"2019-11-15","PLD","PROLOGIS, INC.","NYSE","11987587","8948860","2896341","4.14",,
"2019-11-15","PM","Philip Morris International In","NYSE","11451961","10242189","4219393","2.71",,
"2019-11-15","PNC","PNC Financial Services Group","NYSE","5318139","5533659","1519686","3.50",,
"2019-11-15","PSX","PHILLIPS 66","NYSE","6289896","6904388","1923289","3.27",,
"2019-11-15","PWR","Quanta Services, Inc.","NYSE","6101171","5562989","1439693","4.24",,
"2019-11-15","QCOM","QUALCOMM Incorporated Common S","NNM","18034479","18116881","13181401","1.37",,
"2019-11-15","RCL","Royal Caribbean Cruises Ltd.","NYSE","4117594","4108867","1506321","2.73",,
"2019-11-15","REGN","Regeneron Pharmaceuticals, Inc","NNM","2228868","2116837","1036160","2.15",,
"2019-11-15","ROST","Ross Stores, Inc. Common Stock","NNM","4172561","3585709","1384803","3.01",,
"2019-11-15","RSG","Republic Services Inc.","NYSE","2883634","2749891","924441","3.12",,
"2019-11-15","SBUX","Starbucks Corporation Common S","NNM","14857660","16735653","7389144","2.01",,
"2019-11-15","SCCO","Southern Copper Corporation","NYSE","4425598","3841404","655545","6.75",,
"2019-11-15","SCHW","The Charles Schwab Corporation","NYSE","17889402","15452177","5759726","3.11",,
"2019-11-15","SHW","The Sherwin-Williams Company","NYSE","1140809","976658","479643","2.38",,
"2019-11-15","SNPS","Synopsys, Inc. Common Stock","NNM","2058512","1407587","761132","2.70",,
"2019-11-15","SO","The Southern Company","NYSE","19634246","18306333","4331216","4.53",,
"2019-11-15","SPG","Simon Property Group, Inc.","NYSE","11795802","10725501","1452890","8.12",,
"2019-11-15","SPGI","S&P Global Inc.","NYSE","3014402","2806026","853824","3.53",,
"2019-11-15","SYK","Stryker Corporation","NYSE","3326620","3516330","2147870","1.55",,
"2019-11-15","T","AT&T Inc.","NYSE","104501046","103465469","24787743","4.22",,
"2019-11-15","TDG","TransDigm Group Incorporated","NYSE","2751249","2692781","223242","12.32",,
"2019-11-15","TGT","Target Corporation","NYSE","13868182","13036221","3896898","3.56",,
"2019-11-15","TJX","TJX Companies, Inc. (The)","NYSE","13629314","13823212","3755282","3.63",,
"2019-11-15","TMO","Thermo Fisher Scientific, Inc.","NYSE","3415257","3302244","1116028","3.06",,
"2019-11-15","TMUS","T-Mobile US, Inc. Common Stock","NNM","9569623","11827608","3154134","3.03",,
"2019-11-15","TRV","The Travelers Companies, Inc.","NYSE","3976307","4021722","1256506","3.16",,
"2019-11-15","TSLA","Tesla, Inc. Common Stock","NNM","30614501","31784407","7972603","3.84",,
"2019-11-15","TXN","Texas Instruments Incorporated","NNM","14397067","16948810","4492260","3.20",,
"2019-11-15","UBER","Uber Technologies, Inc.","NYSE","38918693","61641855","47473452","1.00",,
"2019-11-15","UNH","UNITEDHEALTH GROUP INCORPORATE","NYSE","8795203","10113217","3666971","2.40",,
"2019-11-15","UNP","Union Pacific Corp.","NYSE","6176685","6838238","2617308","2.36",,
"2019-11-15","UPS","United Parcel Service, Inc. Cl","NYSE","11915784","10552564","2524587","4.72",,
"2019-11-15","URI","United Rentals, Inc.","NYSE","5855341","5494064","1603793","3.65",,
"2019-11-15","USB","U.S. Bancorp","NYSE","16277243","16267431","4483659","3.63",,
"2019-11-15","V","VISA Inc.","NYSE","30992286","29712192","6657783","4.66",,
"2019-11-15","VLO","Valero Energy Corporation","NYSE","8221421","7400766","2533577","3.24",,
"2019-11-15","VRTX","Vertex Pharmaceuticals Incorpo","NNM","4000763","4282645","1310077","3.05",,
"2019-11-15","VZ","Verizon Communications","NYSE","32717172","35174740","10818356","3.02",,
"2019-11-15","WDC","Western Digital Corporation Co","NNM","10434168","12321597","5334857","1.96",,
"2019-11-15","WELL","Welltower Inc.","NYSE","13190303","13115725","2255501","5.85",,
"2019-11-15","WFC","Wells Fargo & Co.","NYSE","39916902","42552888","17692713","2.26",,
"2019-11-15","WM","Waste Management, Inc.","NYSE","5044278","4486776","1875405","2.69",,
"2019-11-15","WMB","Williams Companies Inc.","NYSE","25667500","21550822","10750720","2.39",,
"2019-11-15","WMT","Walmart Inc.","NYSE","16395982","15787634","6793624","2.41",,
"2019-11-15","XOM","Exxon Mobil Corporation","NYSE","42065267","42246969","12840688","3.28",,
"2019-09-30","AAPL","Apple Inc. Common Stock","NNM","43933897","42651634","26310464","1.67",,
"2019-09-30","ABBV","ABBVIE INC.","NYSE","60796876","54264225","8065283","7.54",,
"2019-09-30","ABT","Abbott Laboratories","NYSE","16862720","16855677","3830315","4.40",,
"2019-09-30","ADBE","Adobe Inc. Common Stock","NNM","5592123","5554095","3867354","1.45",,
"2019-09-30","ADI","Analog Devices, Inc. Common St","NNM","3801878","4180934","1902830","2.00",,
"2019-09-30","ADP","Automatic Data Processing, Inc","NNM","3188765","2508232","2182333","1.46",,
"2019-09-30","AEP","American Electric Power Compan","NYSE","7884693","6780246","2414143","3.27",,
"2019-09-30","AFL","Aflac Inc.","NYSE","9214350","8603847","3518144","2.62",,
"2019-09-30","AJG","Arthur J. Gallagher & Co.","NYSE","2719049","2611591","837930","3.24",,
"2019-09-30","ALL","The Allstate Corporation","NYSE","4105785","4346816","1842393","2.23",,
"2019-09-30","AMAT","Applied Materials, Inc. Common","NNM","17475852","18259068","7010334","2.49",,
"2019-09-30","AMD","Advanced Micro Devices, Inc. C","NNM","152741973","126170443","52043889","2.93",,
"2019-09-30","AMGN","Amgen Inc. Common Stock","NNM","8571271","7915803","2406304","3.56",,
"2019-09-30","AMT","American Tower Corporation","NYSE","3866957","3381888","1753135","2.21",,
"2019-09-30","AMZN","Amazon.com, Inc. Common Stock","NNM","3675265","3230390","3405306","1.08",,
"2019-09-30","ANET","Arista Networks","NYSE","1766179","1852633","568984","3.10",,
"2019-09-30","AON","Aon plc Class A","NYSE","1748485","1643245","777425","2.25",,
"2019-09-30","APD","Air Products & Chemicals, Inc.","NYSE","2915007","2506855","782650","3.72",,
"2019-09-30","APH","Amphenol Corporation","NYSE","2974070","2007357","1399102","2.13",,
"2019-09-30","APO","Apollo Global Management, Inc.","NYSE","13534036","10292634","3651771","3.71",,
"2019-09-30","AVGO","Broadcom Inc. Common Stock","NNM","5771399","4767678","2607018","2.21",,
"2019-09-30","AXP","American Express Company","NYSE","6703928","5235143","3581903","1.87",,
"2019-09-30","BA","Boeing Company","NYSE","5820766","5084434","3672142","1.59",,
"2019-09-30","BAC","Bank of America Corporation","NYSE","87329919","90233205","58880648","1.48",,
"2019-09-30","BKNG","Booking Holdings Inc. Common S","NNM","1197529","1292564","311931","3.84",,
"2019-09-30","BLK","Blackrock, Inc.","NYSE","1513311","1351679","659037","2.30",,
"2019-09-30","BMY","Bristol-Myers Squibb Co.","NYSE","149506045","145759349","9856474","15.17",,
"2019-09-30","BNY","BlackRock New York Municipal I","NYSE","3649","4266","14040","1.00",,
"2019-09-30","BRKA","Berkshire Hathaway Inc.","NYSE","319","407","203","1.57",,
"2019-09-30","BRKB","BERKSHIRE HATHAWAY Class B","NYSE","12385399","10207708","3856775","3.21",,
"2019-09-30","BSX","Boston Scientific Corp.","NYSE","14355560","13277864","5898886","2.43",,
"2019-09-30","BX","The Blackstone Group Inc. Clas","NYSE","21297348","11176087","13087688","1.63",,
"2019-09-30","C","Citigroup Inc.","NYSE","18684578","19919706","12551038","1.49",,
"2019-09-30","CAT","Caterpillar Inc.","NYSE","8940572","8638937","3108859","2.88",,
"2019-09-30","CDNS","Cadence Design Systems, Inc. C","NNM","5118152","5732879","1806249","2.83",,
"2019-09-30","CI","CIGNA Corporation","NYSE","5357509","5854253","2174078","2.46",,
"2019-09-30","CL","Colgate-Palmolive Company","NYSE","12847530","10646839","3713040","3.46",,
"2019-09-30","CMCSA","Comcast Corporation Class A Co","NNM","76049244","80394903","17317246","4.39",,
"2019-09-30","CME","CME Group Inc. Class A Common","NNM","4955371","4574683","1357112","3.65",,
"2019-09-30","CMI","Cummins Inc.","NYSE","4784608","4731618","1374198","3.48",,
"2019-09-30","COF","Capital One Financial","NYSE","5132813","5260160","2004632","2.56",,
"2019-09-30","COP","ConocoPhillips","NYSE","9959866","10414570","9335661","1.07",,
"2019-09-30","COST","Costco Wholesale Corporation C","NNM","5039012","4668831","2136033","2.36",,
"2019-09-30","CRM","salesforce.com, inc.","NYSE","15910946","16240567","4391178","3.62",,
"2019-09-30","CRWD","CrowdStrike Holdings, Inc. Cla","NNM","6412338","4170843","2737438","2.34",,
"2019-09-30","CSCO","Cisco Systems, Inc. Common Sto","NNM","36445398","34507251","20011684","1.82",,
"2019-09-30","CSX","CSX Corporation Common Stock","NNM","9990030","11108010","4505724","2.22",,
"2019-09-30","CTAS","Cintas Corporation Common Stoc","NNM","3212137","2798903","777791","4.13",,
"2019-09-30","CVNA","Carvana Co.","NYSE","18916489","18919179","1810873","10.45",,
"2019-09-30","CVS","CVS HEALTH CORPORATION","NYSE","22582144","24170431","6172574","3.66",,
"2019-09-30","CVX","Chevron Corporation","NYSE","21548740","20137425","6711177","3.21",,
"2019-09-30","D","Dominion Energy, Inc Common St","NYSE","15221070","12333718","3722511","4.09",,
"2019-09-30","DDOG","Datadog, Inc. Class A Common S","NNM","1432295","0","3673957","1.00",,
"2019-09-30","DE","Deere & Company","NYSE","6605701","5881019","1854509","3.56",,
"2019-09-30","DELL","Dell Technologies Inc.","NYSE","2743163","5695432","2399014","1.14",,
"2019-09-30","DHR","Danaher Corporation","NYSE","5027504","4552908","2478642","2.03",,
"2019-09-30","DIS","The Walt Disney Company","NYSE","17856762","17532702","9728186","1.84",,
"2019-09-30","DLR","Digital Realty Trust, Inc.","NYSE","16727200","16853531","1696800","9.86",,
"2019-09-30","DUK","Duke Energy Corporation","NYSE","9731560","9132634","2758537","3.53",,
"2019-09-30","ECL","Ecolab, Inc.","NYSE","3914915","3680619","981261","3.99",,
"2019-09-30","EMR","Emerson Electric Co.","NYSE","6026836","5649201","3308491","1.82",,
"2019-09-30","EOG","EOG Resources, Inc.","NYSE","11142211","11070816","4701223","2.37",,
"2019-09-30","EPD","Enterprise Products Partners L","NYSE","36964904","31647630","5572042","6.63",,
"2019-09-30","EQIX","Equinix, Inc. Common Stock REI","NNM","987175","612560","462741","2.13",,
"2019-09-30","FCX","Freeport-McMoran Inc.","NYSE","41787519","40109809","20890359","2.00",,
"2019-09-30","FDX","FedEx Corporation","NYSE","6926790","5266147","5410830","1.28",,
"2019-09-30","FTNT","Fortinet, Inc. Common Stock","NNM","5602527","5856192","1189776","4.71",,
"2019-09-30","GD","General Dynamics Corporation","NYSE","2541647","2781116","1948737","1.30",,
"2019-09-30","GE","General Electric Company","NYSE","118025115","124474836","41114979","2.87",,
"2019-09-30","GILD","Gilead Sciences, Inc. Common S","NNM","13912069","14657126","6061981","2.29",,
"2019-09-30","GLW","Corning Incorporated","NYSE","26182411","21405148","7279766","3.60",,
"2019-09-30","GM","General Motors Company","NYSE","22732719","17871968","9489170","2.40",,
"2019-09-30","GOOG","Alphabet Inc. Class C Capital","NNM","2951557","2551202","1371065","2.15",,
"2019-09-30","GOOGL","Alphabet Inc. Class A Common S","NNM","2659624","2139376","1336524","1.99",,
"2019-09-30","GS","Goldman Sachs Group Inc.","NYSE","6496333","7536639","2304546","2.82",,
"2019-09-30","GWW","W.W. Grainger, Inc.","NYSE","2042391","2134516","321796","6.35",,
"2019-09-30","HCA","HCA Healthcare, Inc.","NYSE","2943555","3425413","1734038","1.70",,
"2019-09-30","HD","Home Depot, Inc.","NYSE","12288291","12936258","3967132","3.10",,
"2019-09-30","HLT","Hilton Worldwide Holdings Inc.","NYSE","5541515","6734099","1669029","3.32",,
"2019-09-30","HON","Honeywell International, Inc.","NYSE","5706586","6635529","2469424","2.31",,
"2019-09-30","HPE","Hewlett Packard Enterprise Com","NYSE","45950188","34676666","11841948","3.88",,
"2019-09-30","IBKR","Interactive Brokers Group, Inc","IEX","5870471","5596090","367579","15.97",,
"2019-09-30","IBM","International Business Machine","NYSE","15165862","15202591","2877056","5.27",,
"2019-09-30","ICE","Intercontinental Exchange  Inc","NYSE","5965355","5162336","2082909","2.86",,
"2019-09-30","INTC","Intel Corporation Common Stock","NNM","50316566","48176063","18951337","2.66",,
"2019-09-30","INTU","Intuit Inc. Common Stock","NNM","2325772","2912723","1051403","2.21",,
"2019-09-30","ISRG","Intuitive Surgical, Inc. Commo","NNM","2314627","1967821","628330","3.68",,
"2019-09-30","ITW","Illinois Tool Works Inc.","NYSE","7706348","7748850","1106872","6.96",,
"2019-09-30","JNJ","Johnson & Johnson","NYSE","16664008","14230264","6309957","2.64",,
"2019-09-30","JPM","JPMorgan Chase & Co.","NYSE","27555240","25983204","11481960","2.40",,
"2019-09-30","KKR","KKR & Co. Inc. Class A Common","NYSE","21204561","22097648","3163797","6.70",,
"2019-09-30","KLAC","KLA Corporation Common Stock","NNM","3597017","2890198","1690842","2.13",,
"2019-09-30","KMI","Kinder Morgan, Inc.","NYSE","35389473","40063389","10359417","3.42",,
"2019-09-30","KO","Coca-Cola Company","NYSE","34311428","28805163","10570900","3.25",,
"2019-09-30","LIN","Linde plc Ordinary Share","NYSE","5497193","4456897","1340875","4.10",,
"2019-09-30","LLY","Eli Lilly & Co.","NYSE","12191431","13510258","3243314","3.76",,
"2019-09-30","LMT","Lockheed Martin Corp.","NYSE","2983877","2779886","1203571","2.48",,
"2019-09-30","LOW","Lowe's Companies Inc.","NYSE","9360275","11791373","3707262","2.52",,
"2019-09-30","LRCX","Lam Research Corporation Commo","NNM","6188220","6053403","1805035","3.43",,
"2019-09-30","MA","Mastercard Incorporated","NYSE","6195881","6375026","3424089","1.81",,
"2019-09-30","MAR","Marriott International Class A","NNM","6406788","6824343","2263833","2.83",,
"2019-09-30","MCD","McDonald''s Corporation","NYSE","6861681","5820464","3188228","2.15",,
"2019-09-30","MCK","McKesson Corporation","NYSE","4957972","5189265","1700183","2.92",,
"2019-09-30","MCO","Moody's Corporation","NYSE","2281652","2421020","1101219","2.07",,
"2019-09-30","MDLZ","Mondelez International, Inc. C","NNM","11426333","10175533","5971728","1.91",,
"2019-09-30","MDT","Medtronic plc","NYSE","10293780","8952556","4733107","2.17",,
"2019-09-30","MMM","3M Company","NYSE","9606768","8125098","2629211","3.65",,
"2019-09-30","MNST","Monster Beverage Corporation","NNM","11621007","10604385","2741690","4.24",,
"2019-09-30","MO","Altria Group, Inc.","NYSE","11772862","14715196","15963818","1.00",,
"2019-09-30","MPC","MARATHON PETROLEUM CORPORATION","NYSE","15036519","13656970","8252983","1.82",,
"2019-09-30","MPWR","Monolithic Power Systems, Inc.","NNM","980369","934844","329346","2.98",,
"2019-09-30","MRK","Merck & Co., Inc.","NYSE","21468468","17982757","8998181","2.39",,
"2019-09-30","MRVL","Marvell Technology Group Ltd.","NNM","31365302","29894465","6828823","4.59",,
"2019-09-30","MS","Morgan Stanley","NYSE","13437206","11642697","8976497","1.50",,
"2019-09-30","MSFT","Microsoft Corporation Common S","NNM","53037374","46215445","24031618","2.21",,
"2019-09-30","MSI","Motorola Solutions, Inc. New","NYSE","3346794","2864098","1007869","3.32",,
"2019-09-30","MU","Micron Technology, Inc. Common","NNM","29514214","32381669","27133667","1.09",,
"2019-09-30","NEE","Nextra Energy, Inc.","NYSE","7405533","6262006","2154824","3.44",,
"2019-09-30","NEM","Newmont Goldcorp Corporation","NYSE","17353065","13373054","7612827","2.28",,
"2019-09-30","NET","Cloudflare, Inc. Class A commo","NYSE","4329008","0","4630714","1.00",,
"2019-09-30","NFLX","Netflix, Inc. Common Stock","NNM","22132309","22255631","10379646","2.13",,
"2019-09-30","NKE","Nike, Inc.","NYSE","9224466","8134735","8145862","1.13",,
"2019-09-30","NOC","Northrop Grumman Corp.","NYSE","2230217","2247646","1328229","1.68",,
"2019-09-30","NOW","SERVICENOW, INC.","NYSE","7582959","7011998","1574781","4.82",,
"2019-09-30","NSC","Norfolk Southern Corp.","NYSE","3508542","3528406","1579393","2.22",,
"2019-09-30","NVDA","NVIDIA Corporation Common Stoc","NNM","8944675","9922682","6872282","1.30",,
"2019-09-30","O","Realty Income Corporation","NYSE","10966775","9084088","1662223","6.60",,
"2019-09-30","ORCL","Oracle Corp","NYSE","46110092","49066421","17873712","2.58",,
"2019-09-30","ORLY","O'Reilly Automotive, Inc. Comm","NNM","1071567","1224442","548423","1.95",,
"2019-09-30","PANW","PALO ALTO NETWORKS, INC","NYSE","6741612","6402336","1214620","5.55",,
"2019-09-30","PCAR","PACCAR Inc. Common Stock","NNM","8758400","8225388","1718189","5.10",,
"2019-09-30","PEP","PepsiCo, Inc. Common Stock","NNM","10463945","8769222","3923759","2.67",,
"2019-09-30","PFE","Pfizer Inc.","NYSE","47825798","58540752","20686160","2.31",,
"2019-09-30","PG","Procter & Gamble Company","NYSE","23412660","21723838","7253895","3.23",,
"2019-09-30","PGR","Progressive Corporation","NYSE","6166984","5810243","3876586","1.59",,
"2019-09-30","PH","Parker-Hannifin Corporation","NYSE","1776097","2122662","775663","2.29",,
"2019-09-30","PLD","PROLOGIS, INC.","NYSE","6218182","5995358","2262590","2.75",,
"2019-09-30","PM","Philip Morris International In","NYSE","8448387","8070381","9259176","1.00",,
"2019-09-30","PNC","PNC Financial Services Group","NYSE","4913839","3937897","2184693","2.25",,
"2019-09-30","PSX","PHILLIPS 66","NYSE","6927235","5620792","3093741","2.24",,
"2019-09-30","PWR","Quanta Services, Inc.","NYSE","5577289","5407794","1224607","4.55",,
"2019-09-30","QCOM","QUALCOMM Incorporated Common S","NNM","17958240","19670832","5889851","3.05",,
"2019-09-30","RCL","Royal Caribbean Cruises Ltd.","NYSE","3614517","3370818","1482786","2.44",,
"2019-09-30","REGN","Regeneron Pharmaceuticals, Inc","NNM","2270349","2323920","705412","3.22",,
"2019-09-30","ROST","Ross Stores, Inc. Common Stock","NNM","4282430","4672152","2073419","2.07",,
"2019-09-30","RSG","Republic Services Inc.","NYSE","3067810","2861892","1082284","2.83",,
"2019-09-30","SBUX","Starbucks Corporation Common S","NNM","18846537","18008597","6141546","3.07",,
"2019-09-30","SCCO","Southern Copper Corporation","NYSE","3971487","3824108","663299","5.99",,
"2019-09-30","SCHW","The Charles Schwab Corporation","NYSE","17487365","17806183","6647989","2.63",,
"2019-09-30","SHW","The Sherwin-Williams Company","NYSE","1081306","1208116","449699","2.40",,
"2019-09-30","SNPS","Synopsys, Inc. Common Stock","NNM","1707115","1504279","1028728","1.66",,
"2019-09-30","SO","The Southern Company","NYSE","19503823","18397068","4211255","4.63",,
"2019-09-30","SPG","Simon Property Group, Inc.","NYSE","10988276","10927722","1237013","8.88",,
"2019-09-30","SPGI","S&P Global Inc.","NYSE","3156381","2410707","1367147","2.31",,
"2019-09-30","SYK","Stryker Corporation","NYSE","4784875","3445128","1265596","3.78",,
"2019-09-30","T","AT&T Inc.","NYSE","101899190","102327486","34375077","2.96",,
"2019-09-30","TDG","TransDigm Group Incorporated","NYSE","2535971","2516858","300047","8.45",,
"2019-09-30","TGT","Target Corporation","NYSE","14261073","19813497","4215154","3.38",,
"2019-09-30","TJX","TJX Companies, Inc. (The)","NYSE","12581838","13587054","5545689","2.27",,
"2019-09-30","TMO","Thermo Fisher Scientific, Inc.","NYSE","3382211","3736396","1427493","2.37",,
"2019-09-30","TMUS","T-Mobile US, Inc. Common Stock","NNM","13996398","11139977","3002315","4.66",,
"2019-09-30","TRV","The Travelers Companies, Inc.","NYSE","3634013","3224269","1165398","3.12",,
"2019-09-30","TSLA","Tesla, Inc. Common Stock","NNM","36058919","38883688","7291443","4.95",,
"2019-09-30","TXN","Texas Instruments Incorporated","NNM","19702524","18740748","4081629","4.83",,
"2019-09-30","UBER","Uber Technologies, Inc.","NYSE","50702147","43727533","7823387","6.48",,
"2019-09-30","UNH","UNITEDHEALTH GROUP INCORPORATE","NYSE","8429338","7748113","4652644","1.81",,
"2019-09-30","UNP","Union Pacific Corp.","NYSE","5036285","6304056","3206861","1.57",,
"2019-09-30","UPS","United Parcel Service, Inc. Cl","NYSE","12594332","14349277","3115165","4.04",,
"2019-09-30","URI","United Rentals, Inc.","NYSE","5187478","5405359","1413782","3.67",,
"2019-09-30","USB","U.S. Bancorp","NYSE","16914684","16359979","5607437","3.02",,
"2019-09-30","V","VISA Inc.","NYSE","28941245","28507690","9396061","3.08",,
"2019-09-30","VLO","Valero Energy Corporation","NYSE","5712664","5215241","3594340","1.59",,
"2019-09-30","VRTX","Vertex Pharmaceuticals Incorpo","NNM","4441363","3808842","1156051","3.84",,
"2019-09-30","VZ","Verizon Communications","NYSE","37671802","36279365","10481879","3.59",,
"2019-09-30","WDC","Western Digital Corporation Co","NNM","11994902","14058297","4641948","2.58",,
"2019-09-30","WELL","Welltower Inc.","NYSE","12821071","12678425","1992362","6.44",,
"2019-09-30","WFC","Wells Fargo & Co.","NYSE","45166409","44492162","25207505","1.79",,
"2019-09-30","WM","Waste Management, Inc.","NYSE","3787661","3851773","1737139","2.18",,
"2019-09-30","WMB","Williams Companies Inc.","NYSE","26802606","24572690","6926688","3.87",,
"2019-09-30","WMT","Walmart Inc.","NYSE","17711328","15765110","5450148","3.25",,
"2019-09-30","XOM","Exxon Mobil Corporation","NYSE","41423342","37897335","11548149","3.59",,
"2019-06-14","AAPL","Apple Inc. Common Stock","NNM","47003511","51257104","26629536","1.77",,
"2019-06-14","ABBV","ABBVIE INC.","NYSE","19582875","19624457","4689451","4.18",,"R"
"2019-06-14","ABT","Abbott Laboratories","NYSE","13827038","13553648","4966880","2.78",,"R"
"2019-06-14","ADBE","Adobe Inc. Common Stock","NNM","3577957","5344018","2599201","1.38",,
"2019-06-14","ADI","Analog Devices, Inc. Common St","NNM","4890297","4901329","2520315","1.94",,"R"
"2019-06-14","ADP","Automatic Data Processing, Inc","NNM","3429659","3518363","1414488","2.42",,
"2019-06-14","AEP","American Electric Power Compan","NYSE","8093522","7263840","1972569","4.10",,"R"
"2019-06-14","AFL","Aflac Inc.","NYSE","9911981","9072232","3020266","3.28",,"R"
"2019-06-14","AJG","Arthur J. Gallagher & Co.","NYSE","1717849","1635323","783645","2.19",,"R"
"2019-06-14","ALL","The Allstate Corporation","NYSE","4472396","4110044","1699612","2.63",,
"2019-06-14","AMAT","Applied Materials, Inc. Common","NNM","14860860","14814480","9136929","1.63",,"R"
"2019-06-14","AMD","Advanced Micro Devices, Inc. C","NNM","111478347","110957457","92259711","1.21",,"R"
"2019-06-14","AMGN","Amgen Inc. Common Stock","NNM","9452077","10131346","2696953","3.50",,
"2019-06-14","AMT","American Tower Corporation","NYSE","4383395","4372947","1946700","2.25",,
"2019-06-14","AMZN","Amazon.com, Inc. Common Stock","NNM","3259816","3097162","4526274","1.00",,
"2019-06-14","ANET","Arista Networks","NYSE","1649353","1820019","1142080","1.44",,"R"
"2019-06-14","AON","Aon plc Class A","NYSE","1765291","1698273","895232","1.97",,
"2019-06-14","APD","Air Products & Chemicals, Inc.","NYSE","2978212","3343636","1413989","2.11",,"R"
"2019-06-14","APH","Amphenol Corporation","NYSE","2835780","3193507","1388140","2.04",,
"2019-06-14","APO","Apollo Global Management, LLC","NYSE","5173265","4909322","947395","5.46",,
"2019-06-14","AVGO","Broadcom Inc. Common Stock","NNM","6316534","6308941","3739001","1.69",,"R"
"2019-06-14","AXP","American Express Company","NYSE","6879188","7133709","2754240","2.50",,"R"
"2019-06-14","BA","Boeing Company","NYSE","5069456","5639408","2986321","1.70",,"R"
"2019-06-14","BAC","Bank of America Corporation","NYSE","78219321","72123341","43461437","1.80",,"R"
"2019-06-14","BKNG","Booking Holdings Inc. Common S","NNM","1468167","1445362","367870","3.99",,
"2019-06-14","BLK","Blackrock, Inc.","NYSE","1740956","1712844","508622","3.42",,"R"
"2019-06-14","BMY","Bristol-Myers Squibb Co.","NYSE","104714965","99727779","10486164","9.99",,"R"
"2019-06-14","BNY","BlackRock New York Municipal I","NYSE","132","1904","14808","1.00",,
"2019-06-14","BRKA","Berkshire Hathaway Inc.","NYSE","517","700","211","2.45",,
"2019-06-14","BRKB","BERKSHIRE HATHAWAY Class B","NYSE","10000438","11339772","2999805","3.33",,"R"
"2019-06-14","BSX","Boston Scientific Corp.","NYSE","14140699","14597449","8936874","1.58",,
"2019-06-14","BX","The Blackstone Group L.P","NYSE","28575929","28828171","5871737","4.87",,
"2019-06-14","C","Citigroup Inc.","NYSE","19566335","18433354","12148912","1.61",,
"2019-06-14","CAT","Caterpillar Inc.","NYSE","9061354","10776201","3494568","2.59",,"R"
"2019-06-14","CDNS","Cadence Design Systems, Inc. C","NNM","5610972","6540096","2503562","2.24",,"R"
"2019-06-14","CI","CIGNA Corporation","NYSE","4047883","4092974","1648378","2.46",,
"2019-06-14","CL","Colgate-Palmolive Company","NYSE","9487094","9497044","3254765","2.91",,
"2019-06-14","CMCSA","Comcast Corporation Class A Co","NNM","69730465","70976907","22917575","3.04",,"R"
"2019-06-14","CME","CME Group Inc. Class A Common","NNM","6645080","6439440","1480987","4.49",,"R"
"2019-06-14","CMI","Cummins Inc.","NYSE","3161055","2432455","1151122","2.75",,
"2019-06-14","COF","Capital One Financial","NYSE","4123111","4268279","1476634","2.79",,"R"
"2019-06-14","COP","ConocoPhillips","NYSE","8733153","9164356","6389561","1.37",,"R"
"2019-06-14","COST","Costco Wholesale Corporation C","NNM","4845019","4930245","1689485","2.87",,
"2019-06-14","CRM","salesforce.com, inc.","NYSE","16287651","10327676","10971315","1.48",,
"2019-06-14","CRWD","CrowdStrike Holdings, Inc. Cla","NNM","173484","0","3663380","1.00",,
"2019-06-14","CSCO","Cisco Systems, Inc. Common Sto","NNM","52187765","43698744","20458363","2.55",,"R"
"2019-06-14","CSX","CSX Corporation Common Stock","NNM","13061708","12592345","3390101","3.85",,
"2019-06-14","CTAS","Cintas Corporation Common Stoc","NNM","3063257","3072735","479870","6.38",,
"2019-06-14","CVNA","Carvana Co.","NYSE","15932404","16352202","1040207","15.32",,
"2019-06-14","CVS","CVS HEALTH CORPORATION","NYSE","17597734","19122364","8779117","2.00",,
"2019-06-14","CVX","Chevron Corporation","NYSE","18023488","16647581","5185049","3.48",,"R"
"2019-06-14","D","Dominion Energy, Inc Common St","NYSE","14152005","10302809","5561056","2.54",,"R"
"2019-06-14","DE","Deere & Company","NYSE","7772142","7825420","1594534","4.87",,"R"
"2019-06-14","DELL","Dell Technologies Inc.","NYSE","5022162","5014564","2453178","2.05",,
"2019-06-14","DHR","Danaher Corporation","NYSE","5747598","5831978","2235288","2.57",,
"2019-06-14","DIS","The Walt Disney Company","NYSE","15584827","17475596","8547872","1.82",,"R"
"2019-06-14","DLR","Digital Realty Trust, Inc.","NYSE","14096571","13240947","1407426","10.02",,"R"
"2019-06-14","DUK","Duke Energy Corporation","NYSE","8317831","9160924","3036331","2.74",,
"2019-06-14","ECL","Ecolab, Inc.","NYSE","4861203","5098994","1278964","3.80",,"R"
"2019-06-14","EMR","Emerson Electric Co.","NYSE","7038024","5954731","3436884","2.05",,
"2019-06-14","EOG","EOG Resources, Inc.","NYSE","11154906","10722511","3343055","3.34",,"R"
"2019-06-14","EPD","Enterprise Products Partners L","NYSE","26362088","23085103","3530184","7.47",,
"2019-06-14","EQIX","Equinix, Inc. Common Stock REI","NNM","1054801","1022227","345813","3.05",,"R"
"2019-06-14","FCX","Freeport-McMoran Inc.","NYSE","36700254","35970390","22069819","1.66",,"R"
"2019-06-14","FDX","FedEx Corporation","NYSE","4666627","5259216","2188356","2.13",,
"2019-06-14","FTNT","Fortinet, Inc. Common Stock","NNM","6960936","6818908","1538848","4.52",,
"2019-06-14","GD","General Dynamics Corporation","NYSE","2362961","2242185","998303","2.37",,"R"
"2019-06-14","GE","General Electric Company","NYSE","103192627","101321594","47212030","2.19",,
"2019-06-14","GILD","Gilead Sciences, Inc. Common S","NNM","12584306","12084756","5845448","2.15",,
"2019-06-14","GLW","Corning Incorporated","NYSE","12848670","13254892","3906156","3.29",,
"2019-06-14","GM","General Motors Company","NYSE","24369575","21739956","7734156","3.15",,"R"
"2019-06-14","GOOG","Alphabet Inc. Class C Capital","NNM","2369159","2085779","1976775","1.20",,"R"
"2019-06-14","GOOGL","Alphabet Inc. Class A Common S","NNM","2142611","2039179","2044209","1.05",,
"2019-06-14","GS","Goldman Sachs Group Inc.","NYSE","6569987","6714553","1961887","3.35",,"R"
"2019-06-14","GWW","W.W. Grainger, Inc.","NYSE","2717143","2574172","464686","5.85",,
"2019-06-14","HCA","HCA Healthcare, Inc.","NYSE","4413082","4291849","1424833","3.10",,
"2019-06-14","HD","Home Depot, Inc.","NYSE","10347767","10217631","3864266","2.68",,"R"
"2019-06-14","HLT","Hilton Worldwide Holdings Inc.","NYSE","5321940","5774982","1572561","3.38",,
"2019-06-14","HON","Honeywell International, Inc.","NYSE","6138030","6911805","2139125","2.87",,
"2019-06-14","HPE","Hewlett Packard Enterprise Com","NYSE","31520716","28023046","8331365","3.78",,
"2019-06-14","IBKR","Interactive Brokers Group, Inc","IEX","5317798","6200523","513237","10.36",,"R"
"2019-06-14","IBM","International Business Machine","NYSE","15693576","14988374","2991604","5.25",,"R"
"2019-06-14","ICE","Intercontinental Exchange  Inc","NYSE","3920231","4225655","2159814","1.82",,"R"
"2019-06-14","INTC","Intel Corporation Common Stock","NNM","55985638","53179132","20574111","2.72",,"R"
"2019-06-14","INTU","Intuit Inc. Common Stock","NNM","3622187","3701703","1288398","2.81",,"R"
"2019-06-14","ISRG","Intuitive Surgical, Inc. Commo","NNM","2278257","1996171","830799","2.74",,"R"
"2019-06-14","ITW","Illinois Tool Works Inc.","NYSE","7247042","7538992","1222345","5.93",,"R"
"2019-06-14","JNJ","Johnson & Johnson","NYSE","14428488","13393018","7408514","1.95",,
"2019-06-14","JPM","JPMorgan Chase & Co.","NYSE","22854905","22350259","10060911","2.27",,"R"
"2019-06-14","KKR","KKR & Co. Inc. Class A Common","NYSE","19856686","21646590","2131803","9.31",,"R"
"2019-06-14","KLAC","KLA-Tencor Corporation Common","NNM","3263543","3791305","1572298","2.08",,"R"
"2019-06-14","KMI","Kinder Morgan, Inc.","NYSE","47979597","54592641","14729346","3.26",,
"2019-06-14","KO","Coca-Cola Company","NYSE","29196296","27536249","12228905","2.39",,"R"
"2019-06-14","LIN","Linde plc Ordinary Share","NYSE","6147990","6523088","2604102","2.36",,"R"
"2019-06-14","LLY","Eli Lilly & Co.","NYSE","12512900","11306684","4794302","2.61",,
"2019-06-14","LMT","Lockheed Martin Corp.","NYSE","1659405","1702019","1338117","1.24",,"R"
"2019-06-14","LOW","Lowe's Companies Inc.","NYSE","9959798","8407777","4761535","2.09",,
"2019-06-14","LRCX","Lam Research Corporation Commo","NNM","8391218","6064076","1964537","4.27",,"R"
"2019-06-14","MA","Mastercard Incorporated","NYSE","6295147","7222506","3956567","1.59",,"R"
"2019-06-14","MAR","Marriott International Class A","NNM","8793321","7941652","1415905","6.21",,"R"
"2019-06-14","MCD","McDonald''s Corporation","NYSE","6316788","6763812","3584641","1.76",,"R"
"2019-06-14","MCK","McKesson Corporation","NYSE","4419201","4121708","1165153","3.79",,
"2019-06-14","MCO","Moody's Corporation","NYSE","2836346","2987970","731429","3.88",,
"2019-06-14","MDLZ","Mondelez International, Inc. C","NNM","12453463","11961032","5910248","2.11",,"R"
"2019-06-14","MDT","Medtronic plc","NYSE","10948621","10205407","5261650","2.08",,
"2019-06-14","MMM","3M Company","NYSE","10592937","11442100","2774703","3.82",,
"2019-06-14","MNST","Monster Beverage Corporation","NNM","10285813","11035030","3713168","2.77",,"R"
"2019-06-14","MO","Altria Group, Inc.","NYSE","15640857","15260085","6141552","2.55",,
"2019-06-14","MPC","MARATHON PETROLEUM CORPORATION","NYSE","12407198","11810787","7609631","1.63",,"R"
"2019-06-14","MPWR","Monolithic Power Systems, Inc.","NNM","803381","709496","306514","2.62",,"R"
"2019-06-14","MRK","Merck & Co., Inc.","NYSE","17313626","17742783","8890144","1.95",,"R"
"2019-06-14","MRVL","Marvell Technology Group Ltd.","NNM","38636343","35270530","10502068","3.68",,"R"
"2019-06-14","MS","Morgan Stanley","NYSE","12991401","10435637","8375846","1.55",,
"2019-06-14","MSFT","Microsoft Corporation Common S","NNM","47806626","44776796","24981637","1.91",,
"2019-06-14","MSI","Motorola Solutions, Inc. New","NYSE","3436418","3328715","1026395","3.35",,
"2019-06-14","MU","Micron Technology, Inc. Common","NNM","42803711","42436660","22102365","1.94",,
"2019-06-14","NEE","Nextra Energy, Inc.","NYSE","4763374","6399118","1582558","3.01",,"R"
"2019-06-14","NEM","Newmont Goldcorp Corporation","NYSE","12864570","12632647","10943581","1.18",,"R"
"2019-06-14","NFLX","Netflix, Inc. Common Stock","NNM","18666936","17911947","5826197","3.20",,"R"
"2019-06-14","NKE","Nike, Inc.","NYSE","8674321","8752880","5633394","1.54",,"R"
"2019-06-14","NOC","Northrop Grumman Corp.","NYSE","1687818","2307588","941091","1.79",,"R"
"2019-06-14","NOW","SERVICENOW, INC.","NYSE","6138508","6526100","1470531","4.17",,"R"
"2019-06-14","NSC","Norfolk Southern Corp.","NYSE","4455889","4546640","1527091","2.92",,"R"
"2019-06-14","NVDA","NVIDIA Corporation Common Stoc","NNM","12625818","14010332","10582071","1.19",,"R"
"2019-06-14","O","Realty Income Corporation","NYSE","10198536","9999114","1541812","6.61",,
"2019-06-14","ORCL","Oracle Corp","NYSE","57089684","54426238","13099244","4.36",,
"2019-06-14","ORLY","O'Reilly Automotive, Inc. Comm","NNM","1269233","1401854","474878","2.67",,"R"
"2019-06-14","PANW","PALO ALTO NETWORKS, INC","NYSE","5505630","5542361","1452378","3.79",,"R"
"2019-06-14","PCAR","PACCAR Inc. Common Stock","NNM","9506448","8970063","1268337","7.50",,
"2019-06-14","PEP","PepsiCo, Inc. Common Stock","NNM","10133824","11089131","4053923","2.50",,"R"
"2019-06-14","PFE","Pfizer Inc.","NYSE","63794445","70297246","17559951","3.63",,"R"
"2019-06-14","PG","Procter & Gamble Company","NYSE","22910428","20391119","7224532","3.17",,"R"
"2019-06-14","PGR","Progressive Corporation","NYSE","5052024","5913928","2637994","1.92",,
"2019-06-14","PH","Parker-Hannifin Corporation","NYSE","3014209","3055344","869051","3.47",,"R"
"2019-06-14","PLD","PROLOGIS, INC.","NYSE","7177425","6959853","2076662","3.46",,
"2019-06-14","PM","Philip Morris International In","NYSE","10500779","9537729","4498194","2.33",,
"2019-06-14","PNC","PNC Financial Services Group","NYSE","3057321","3092927","1492026","2.05",,
"2019-06-14","PSX","PHILLIPS 66","NYSE","5099178","5938470","2834130","1.80",,
"2019-06-14","PWR","Quanta Services, Inc.","NYSE","3144023","3206874","1547999","2.03",,"R"
"2019-06-14","QCOM","QUALCOMM Incorporated Common S","NNM","18872013","21296353","11782305","1.60",,"R"
"2019-06-14","RCL","Royal Caribbean Cruises Ltd.","NYSE","2181999","2387679","1421387","1.54",,"R"
"2019-06-14","REGN","Regeneron Pharmaceuticals, Inc","NNM","2124811","2232088","714960","2.97",,"R"
"2019-06-14","ROST","Ross Stores, Inc. Common Stock","NNM","5901338","5717517","2396021","2.46",,"R"
"2019-06-14","RSG","Republic Services Inc.","NYSE","4178955","4251731","899451","4.65",,
"2019-06-14","SBUX","Starbucks Corporation Common S","NNM","24202195","21902161","8557420","2.83",,"R"
"2019-06-14","SCCO","Southern Copper Corporation","NYSE","5076058","6030796","550835","9.22",,"R"
"2019-06-14","SCHW","The Charles Schwab Corporation","NYSE","16575802","17097207","7890405","2.10",,
"2019-06-14","SHW","The Sherwin-Williams Company","NYSE","1355306","1209527","645964","2.10",,"R"
"2019-06-14","SNPS","Synopsys, Inc. Common Stock","NNM","1977553","1909450","1123276","1.76",,"R"
"2019-06-14","SO","The Southern Company","NYSE","16114757","14601943","4078480","3.95",,"R"
"2019-06-14","SPG","Simon Property Group, Inc.","NYSE","9859391","9260502","1331005","7.41",,
"2019-06-14","SPGI","S&P Global Inc.","NYSE","3238128","3257056","861128","3.76",,
"2019-06-14","SYK","Stryker Corporation","NYSE","2759087","2719216","929175","2.97",,"R"
"2019-06-14","T","AT&T Inc.","NYSE","90114259","89110736","25076156","3.59",,"R"
"2019-06-14","TDG","TransDigm Group Incorporated","NYSE","2583094","2461056","312440","8.27",,"R"
"2019-06-14","TGT","Target Corporation","NYSE","21652012","24499176","4999835","4.33",,"R"
"2019-06-14","TJX","TJX Companies, Inc. (The)","NYSE","13603164","12412231","5905641","2.30",,
"2019-06-14","TMO","Thermo Fisher Scientific, Inc.","NYSE","2678954","2816620","1448647","1.85",,"R"
"2019-06-14","TMUS","T-Mobile US, Inc. Common Stock","NNM","10872380","12723994","3226525","3.37",,"R"
"2019-06-14","TRV","The Travelers Companies, Inc.","NYSE","4007237","4281900","1348584","2.97",,
"2019-06-14","TSLA","Tesla, Inc. Common Stock","NNM","41459902","43664833","12968616","3.20",,"R"
"2019-06-14","TXN","Texas Instruments Incorporated","NNM","18508516","17611682","4756816","3.89",,
"2019-06-14","UBER","Uber Technologies, Inc.","NYSE","31573942","29150018","14246552","2.22",,
"2019-06-14","UNH","UNITEDHEALTH GROUP INCORPORATE","NYSE","7682445","7254180","3255329","2.36",,"R"
"2019-06-14","UNP","Union Pacific Corp.","NYSE","7040919","6893711","2785386","2.53",,
"2019-06-14","UPS","United Parcel Service, Inc. Cl","NYSE","13243907","13236427","3187272","4.16",,"R"
"2019-06-14","URI","United Rentals, Inc.","NYSE","4615036","4429777","1117938","4.13",,
"2019-06-14","USB","U.S. Bancorp","NYSE","18149197","18334230","4920996","3.69",,
"2019-06-14","V","VISA Inc.","NYSE","30687463","27337258","7907868","3.88",,"R"
"2019-06-14","VLO","Valero Energy Corporation","NYSE","6118381","5586682","2985015","2.05",,"R"
"2019-06-14","VRTX","Vertex Pharmaceuticals Incorpo","NNM","3798817","3667269","1181124","3.22",,
"2019-06-14","VZ","Verizon Communications","NYSE","27978742","28340616","13109722","2.13",,"R"
"2019-06-14","WDC","Western Digital Corporation Co","NNM","17910268","17015814","5667738","3.16",,"R"
"2019-06-14","WELL","Welltower Inc.","NYSE","9028118","7685378","1983891","4.55",,"R"
"2019-06-14","WFC","Wells Fargo & Co.","NYSE","29213951","24516171","17052878","1.71",,
"2019-06-14","WM","Waste Management, Inc.","NYSE","3712925","3928002","1765086","2.10",,
"2019-06-14","WMB","Williams Companies Inc.","NYSE","23146638","23113408","6534772","3.54",,"R"
"2019-06-14","WMT","Walmart Inc.","NYSE","15721675","14857180","6207466","2.53",,
"2019-06-14","XOM","Exxon Mobil Corporation","NYSE","35128540","34583996","9636538","3.65",,"R"
"2019-05-15","AAPL","Apple Inc. Common Stock","NNM","49550348","52669476","37444374","1.32",,
"2019-05-15","ABBV","ABBVIE INC.","NYSE","21309313","21822012","4728972","4.51",,
"2019-05-15","ABT","Abbott Laboratories","NYSE","13613261","13109615","4869232","2.80",,
"2019-05-15","ADBE","Adobe Inc. Common Stock","NNM","4930215","4711887","2279753","2.16",,
"2019-05-15","ADI","Analog Devices, Inc. Common St","NNM","5461278","5403402","2785089","1.96",,
"2019-05-15","ADP","Automatic Data Processing, Inc","NNM","3939955","3669513","1899610","2.07",,
"2019-05-15","AEP","American Electric Power Compan","NYSE","6385496","6469884","2310409","2.76",,
"2019-05-15","AFL","Aflac Inc.","NYSE","10070837","9574127","3069505","3.28",,
"2019-05-15","AJG","Arthur J. Gallagher & Co.","NYSE","1871903","1785384","770153","2.43",,
"2019-05-15","ALL","The Allstate Corporation","NYSE","4117367","4154170","1947974","2.11",,
"2019-05-15","AMAT","Applied Materials, Inc. Common","NNM","14243747","14606903","10046322","1.42",,
"2019-05-15","AMD","Advanced Micro Devices, Inc. C","NNM","114851982","110776691","81640868","1.41",,
"2019-05-15","AMGN","Amgen Inc. Common Stock","NNM","10364938","9915524","3228091","3.21",,
"2019-05-15","AMT","American Tower Corporation","NYSE","4781995","5024244","1421988","3.36",,
"2019-05-15","AMZN","Amazon.com, Inc. Common Stock","NNM","2783167","2628633","4998991","1.00",,
"2019-05-15","ANET","Arista Networks","NYSE","1717049","1325502","1796294","1.00",,
"2019-05-15","AON","Aon plc Class A","NYSE","1736675","1623384","761834","2.28",,
"2019-05-15","APD","Air Products & Chemicals, Inc.","NYSE","3541144","2935084","1352458","2.62",,
"2019-05-15","APH","Amphenol Corporation","NYSE","3012030","3288634","1829967","1.65",,
"2019-05-15","APO","Apollo Global Management, LLC","NYSE","5060871","4911587","1526465","3.32",,
"2019-05-15","AVGO","Broadcom Inc. Common Stock","NNM","4827675","4756919","2209350","2.19",,
"2019-05-15","AXP","American Express Company","NYSE","7294849","6375605","3238854","2.25",,
"2019-05-15","BA","Boeing Company","NYSE","5357797","5307354","5149168","1.04",,
"2019-05-15","BAC","Bank of America Corporation","NYSE","66534979","59571332","50084046","1.33",,
"2019-05-15","BKNG","Booking Holdings Inc. Common S","NNM","1316623","1297407","544827","2.42",,
"2019-05-15","BLK","Blackrock, Inc.","NYSE","1690612","1645719","491037","3.44",,
"2019-05-15","BMY","Bristol-Myers Squibb Co.","NYSE","94798968","91485556","14606083","6.49",,
"2019-05-15","BNY","BlackRock New York Municipal I","NYSE","4860","12032","22169","1.00",,
"2019-05-15","BRKA","Berkshire Hathaway Inc.","NYSE","525","352","387","1.36",,
"2019-05-15","BRKB","BERKSHIRE HATHAWAY Class B","NYSE","10740081","10812195","4191198","2.56",,
"2019-05-15","BSX","Boston Scientific Corp.","NYSE","10737313","11267131","7497473","1.43",,
"2019-05-15","BX","The Blackstone Group L.P","NYSE","28691538","28499632","4026436","7.13",,
"2019-05-15","C","Citigroup Inc.","NYSE","16712223","15688572","14414325","1.16",,
"2019-05-15","CAT","Caterpillar Inc.","NYSE","12773933","6668123","4951350","2.58",,
"2019-05-15","CDNS","Cadence Design Systems, Inc. C","NNM","6640941","5587040","1943330","3.42",,
"2019-05-15","CI","CIGNA Corporation","NYSE","4300824","3911809","2940401","1.46",,
"2019-05-15","CL","Colgate-Palmolive Company","NYSE","11143869","11317513","3001446","3.71",,
"2019-05-15","CMCSA","Comcast Corporation Class A Co","NNM","66028996","62597770","16782021","3.93",,
"2019-05-15","CME","CME Group Inc. Class A Common","NNM","6084468","5566403","1823978","3.34",,
"2019-05-15","CMI","Cummins Inc.","NYSE","2372411","1848928","1176811","2.02",,
"2019-05-15","COF","Capital One Financial","NYSE","4113697","4099573","1928265","2.13",,
"2019-05-15","COP","ConocoPhillips","NYSE","7760500","10008009","7478264","1.04",,
"2019-05-15","COST","Costco Wholesale Corporation C","NNM","4566136","4367037","1528167","2.99",,
"2019-05-15","CRM","salesforce.com, inc.","NYSE","10617607","9570225","4622578","2.30",,
"2019-05-15","CSCO","Cisco Systems, Inc. Common Sto","NNM","43437665","39888438","23943912","1.81",,
"2019-05-15","CSX","CSX Corporation Common Stock","NNM","14186585","10972568","3509110","4.04",,
"2019-05-15","CTAS","Cintas Corporation Common Stoc","NNM","2814899","2604586","449496","6.26",,
"2019-05-15","CVNA","Carvana Co.","NYSE","15770379","17414049","1689941","9.33",,
"2019-05-15","CVS","CVS HEALTH CORPORATION","NYSE","19414004","20238115","12101248","1.60",,
"2019-05-15","CVX","Chevron Corporation","NYSE","19052149","28448531","9106964","2.09",,
"2019-05-15","D","Dominion Energy, Inc Common St","NYSE","11163974","9256045","3121365","3.58",,
"2019-05-15","DE","Deere & Company","NYSE","6241606","5978108","2053757","3.04",,
"2019-05-15","DELL","Dell Technologies Inc.","NYSE","4154731","4102107","1352576","3.07",,
"2019-05-15","DHR","Danaher Corporation","NYSE","5986722","5191377","2064837","2.90",,
"2019-05-15","DIS","The Walt Disney Company","NYSE","17887972","18809374","11726782","1.53",,
"2019-05-15","DLR","Digital Realty Trust, Inc.","NYSE","13359584","13572088","1070252","12.48",,
"2019-05-15","DUK","Duke Energy Corporation","NYSE","10771980","11096728","3162983","3.41",,
"2019-05-15","ECL","Ecolab, Inc.","NYSE","4643691","5000443","981461","4.73",,
"2019-05-15","EMR","Emerson Electric Co.","NYSE","5748368","6343020","3098395","1.86",,
"2019-05-15","EOG","EOG Resources, Inc.","NYSE","11846057","10734265","3902562","3.04",,
"2019-05-15","EPD","Enterprise Products Partners L","NYSE","22684179","23026785","3703576","6.12",,
"2019-05-15","EQIX","Equinix, Inc. Common Stock REI","NNM","1004036","971818","474781","2.11",,
"2019-05-15","FCX","Freeport-McMoran Inc.","NYSE","37321076","37948292","21628563","1.73",,
"2019-05-15","FDX","FedEx Corporation","NYSE","4767631","5244594","1730343","2.76",,
"2019-05-15","FTNT","Fortinet, Inc. Common Stock","NNM","7090485","7868197","2052898","3.45",,
"2019-05-15","GD","General Dynamics Corporation","NYSE","2308737","3050853","1448488","1.59",,
"2019-05-15","GE","General Electric Company","NYSE","105559965","113341523","63844921","1.65",,
"2019-05-15","GILD","Gilead Sciences, Inc. Common S","NNM","13943383","13463427","6615903","2.11",,
"2019-05-15","GLW","Corning Incorporated","NYSE","13787661","13658858","5245986","2.63",,
"2019-05-15","GM","General Motors Company","NYSE","18596195","18401448","9336531","1.99",,
"2019-05-15","GOOG","Alphabet Inc. Class C Capital","NNM","1900007","1723153","1770822","1.07",,
"2019-05-15","GOOGL","Alphabet Inc. Class A Common S","NNM","2264251","1922155","2096880","1.08",,
"2019-05-15","GS","Goldman Sachs Group Inc.","NYSE","5677917","5126731","2249370","2.52",,
"2019-05-15","GWW","W.W. Grainger, Inc.","NYSE","2628761","2670737","495484","5.31",,
"2019-05-15","HCA","HCA Healthcare, Inc.","NYSE","5161162","4764207","1802451","2.86",,
"2019-05-15","HD","Home Depot, Inc.","NYSE","9301634","9741566","3502722","2.66",,
"2019-05-15","HLT","Hilton Worldwide Holdings Inc.","NYSE","5970807","9119728","2509252","2.38",,
"2019-05-15","HON","Honeywell International, Inc.","NYSE","5883162","6581526","3308693","1.78",,
"2019-05-15","HPE","Hewlett Packard Enterprise Com","NYSE","28251497","27367055","8590496","3.29",,
"2019-05-15","IBKR","Interactive Brokers Group, Inc","IEX","6056313","5759973","406740","14.89",,
"2019-05-15","IBM","International Business Machine","NYSE","14819442","14154731","3588585","4.13",,
"2019-05-15","ICE","Intercontinental Exchange  Inc","NYSE","4301667","4778639","2515572","1.71",,
"2019-05-15","INTC","Intel Corporation Common Stock","NNM","56748685","50528155","31879028","1.78",,
"2019-05-15","INTU","Intuit Inc. Common Stock","NNM","2672588","2357740","1399411","1.91",,
"2019-05-15","ISRG","Intuitive Surgical, Inc. Commo","NNM","2095406","1972958","750608","2.79",,
"2019-05-15","ITW","Illinois Tool Works Inc.","NYSE","6610109","5701842","1291947","5.12",,
"2019-05-15","JNJ","Johnson & Johnson","NYSE","12441788","12766373","6128308","2.03",,
"2019-05-15","JPM","JPMorgan Chase & Co.","NYSE","21518139","21861124","11001548","1.96",,
"2019-05-15","KKR","KKR & Co. Inc. Class A Common","NYSE","21267030","17697605","3040922","6.99",,
"2019-05-15","KLAC","KLA-Tencor Corporation Common","NNM","3674655","2840339","2109384","1.74",,
"2019-05-15","KMI","Kinder Morgan, Inc.","NYSE","49707266","50922375","13116791","3.79",,
"2019-05-15","KO","Coca-Cola Company","NYSE","24192222","27137847","10733026","2.25",,
"2019-05-15","LIN","Linde plc Ordinary Share","NYSE","6456585","5875913","1702970","3.79",,
"2019-05-15","LLY","Eli Lilly & Co.","NYSE","13068530","16664689","4589595","2.85",,
"2019-05-15","LMT","Lockheed Martin Corp.","NYSE","2215760","1911607","1131911","1.96",,
"2019-05-15","LOW","Lowe's Companies Inc.","NYSE","8292510","7327195","3564820","2.33",,
"2019-05-15","LRCX","Lam Research Corporation Commo","NNM","6179367","6937945","1756155","3.52",,
"2019-05-15","MA","Mastercard Incorporated","NYSE","6415093","6236112","3846501","1.67",,
"2019-05-15","MAR","Marriott International Class A","NNM","7618647","7114315","1908413","3.99",,
"2019-05-15","MCD","McDonald''s Corporation","NYSE","6853806","6163432","2633293","2.60",,
"2019-05-15","MCK","McKesson Corporation","NYSE","4148512","5167328","1667403","2.49",,
"2019-05-15","MCO","Moody's Corporation","NYSE","3625854","4364431","762654","4.75",,
"2019-05-15","MDLZ","Mondelez International, Inc. C","NNM","10428622","10146550","7005139","1.49",,
"2019-05-15","MDT","Medtronic plc","NYSE","10804305","9623169","4678900","2.31",,
"2019-05-15","MMM","3M Company","NYSE","10242135","8479216","4745623","2.16",,
"2019-05-15","MNST","Monster Beverage Corporation","NNM","13028859","16870329","3987901","3.27",,
"2019-05-15","MO","Altria Group, Inc.","NYSE","20607577","21675646","6600915","3.12",,
"2019-05-15","MPC","MARATHON PETROLEUM CORPORATION","NYSE","8112795","6711012","8907687","1.00",,
"2019-05-15","MPWR","Monolithic Power Systems, Inc.","NNM","774251","765858","388002","2.00",,
"2019-05-15","MRK","Merck & Co., Inc.","NYSE","16905739","14324639","9366839","1.80",,
"2019-05-15","MRVL","Marvell Technology Group Ltd.","NNM","37055888","44307689","9596650","3.86",,
"2019-05-15","MS","Morgan Stanley","NYSE","9869192","11728290","9904120","1.00",,
"2019-05-15","MSFT","Microsoft Corporation Common S","NNM","43378626","44892598","28157940","1.54",,
"2019-05-15","MSI","Motorola Solutions, Inc. New","NYSE","3366750","3171058","1124587","2.99",,
"2019-05-15","MU","Micron Technology, Inc. Common","NNM","37666006","32498604","24634740","1.53",,
"2019-05-15","NEE","Nextra Energy, Inc.","NYSE","5211671","4464614","1990684","2.62",,
"2019-05-15","NEM","Newmont Goldcorp Corporation","NYSE","13434175","14774414","8384107","1.60",,
"2019-05-15","NFLX","Netflix, Inc. Common Stock","NNM","15412238","15994873","6398282","2.41",,
"2019-05-15","NKE","Nike, Inc.","NYSE","9740411","9407769","7537232","1.29",,
"2019-05-15","NOC","Northrop Grumman Corp.","NYSE","2299690","1782099","925884","2.48",,
"2019-05-15","NOW","SERVICENOW, INC.","NYSE","6765346","7131253","1822586","3.71",,
"2019-05-15","NSC","Norfolk Southern Corp.","NYSE","4359236","3470442","1217213","3.58",,
"2019-05-15","NVDA","NVIDIA Corporation Common Stoc","NNM","13781617","14248675","12263210","1.12",,
"2019-05-15","O","Realty Income Corporation","NYSE","9707491","11964089","3492018","2.78",,
"2019-05-15","ORCL","Oracle Corp","NYSE","48341870","43767291","10266348","4.71",,
"2019-05-15","ORLY","O'Reilly Automotive, Inc. Comm","NNM","1405848","1203198","705378","1.99",,
"2019-05-15","PANW","PALO ALTO NETWORKS, INC","NYSE","5510860","5187957","1087097","5.07",,
"2019-05-15","PCAR","PACCAR Inc. Common Stock","NNM","8104339","7866369","1897256","4.27",,
"2019-05-15","PEP","PepsiCo, Inc. Common Stock","NNM","8825289","8169194","3623087","2.44",,
"2019-05-15","PFE","Pfizer Inc.","NYSE","66500745","47574125","22654639","2.94",,
"2019-05-15","PG","Procter & Gamble Company","NYSE","20218359","20157937","6085048","3.32",,
"2019-05-15","PGR","Progressive Corporation","NYSE","5128580","4430304","3550262","1.44",,
"2019-05-15","PH","Parker Hannifin Corp","NYSE","2377259","1874201","1147282","2.07",,
"2019-05-15","PLD","PROLOGIS, INC.","NYSE","7326805","7438352","2084440","3.51",,
"2019-05-15","PM","Philip Morris International In","NYSE","9518659","8403862","3297924","2.89",,
"2019-05-15","PNC","PNC Financial Services Group","NYSE","3137222","3074996","1482644","2.12",,
"2019-05-15","PSX","PHILLIPS 66","NYSE","5863647","6582349","3079970","1.90",,
"2019-05-15","PWR","Quanta Services, Inc.","NYSE","3604224","3165271","1633034","2.21",,
"2019-05-15","QCOM","QUALCOMM Incorporated Common S","NNM","41499871","43222706","19597088","2.12",,
"2019-05-15","RCL","Royal Caribbean Cruises Ltd.","NYSE","2462498","2532011","1636270","1.50",,
"2019-05-15","REGN","Regeneron Pharmaceuticals, Inc","NNM","2514875","2654047","1024936","2.45",,
"2019-05-15","ROST","Ross Stores, Inc. Common Stock","NNM","6329488","5844391","1858855","3.41",,
"2019-05-15","RSG","Republic Services Inc.","NYSE","4966023","4341778","1054452","4.71",,
"2019-05-15","SBUX","Starbucks Corporation Common S","NNM","22249695","21325360","6829463","3.26",,
"2019-05-15","SCCO","Southern Copper Corporation","NYSE","5367169","6079045","1021312","5.26",,
"2019-05-15","SCHW","The Charles Schwab Corporation","NYSE","16909875","12513907","6051126","2.79",,
"2019-05-15","SHW","The Sherwin-Williams Company","NYSE","1125116","1103899","472339","2.38",,
"2019-05-15","SNPS","Synopsys, Inc. Common Stock","NNM","2003447","2295804","736598","2.72",,
"2019-05-15","SO","The Southern Company","NYSE","14278553","13913498","4454902","3.21",,
"2019-05-15","SPG","Simon Property Group, Inc.","NYSE","8975271","8715872","1362102","6.59",,
"2019-05-15","SPGI","S&P Global Inc.","NYSE","3102094","3637009","1184561","2.62",,
"2019-05-15","SYK","Stryker Corporation","NYSE","3160090","2798576","976477","3.24",,
"2019-05-15","T","AT&T Inc.","NYSE","90935015","96903235","27201270","3.34",,
"2019-05-15","TDG","TransDigm Group Incorporated","NYSE","2313815","2228592","360442","6.42",,
"2019-05-15","TGT","Target Corporation","NYSE","26973041","26144608","5234962","5.15",,
"2019-05-15","TJX","TJX Companies, Inc. (The)","NYSE","9280137","7713150","4931356","1.88",,
"2019-05-15","TMO","Thermo Fisher Scientific, Inc.","NYSE","3238664","2950173","1545436","2.10",,
"2019-05-15","TMUS","T-Mobile US, Inc. Common Stock","NNM","8033068","6744267","2910511","2.76",,
"2019-05-15","TRV","The Travelers Companies, Inc.","NYSE","4283551","3198020","1209133","3.54",,
"2019-05-15","TSLA","Tesla, Inc. Common Stock","NNM","37569877","37925793","10801447","3.48",,
"2019-05-15","TXN","Texas Instruments Incorporated","NNM","16973312","15965342","4727742","3.59",,
"2019-05-15","UBER","Uber Technologies, Inc.","NYSE","13669181","0","31682924","1.00",,
"2019-05-15","UNH","UNITEDHEALTH GROUP INCORPORATE","NYSE","7034271","6590937","4953357","1.42",,
"2019-05-15","UNP","Union Pacific Corp.","NYSE","6798561","6682408","2937200","2.31",,
"2019-05-15","UPS","United Parcel Service, Inc. Cl","NYSE","12529657","12061602","3207399","3.91",,
"2019-05-15","URI","United Rentals, Inc.","NYSE","4137874","3594995","1220490","3.39",,
"2019-05-15","USB","U.S. Bancorp","NYSE","18004478","15207804","5152274","3.49",,
"2019-05-15","V","VISA Inc.","NYSE","25408730","26771557","6996606","3.63",,
"2019-05-15","VLO","Valero Energy Corporation","NYSE","5980720","6720117","4421488","1.35",,
"2019-05-15","VRTX","Vertex Pharmaceuticals Incorpo","NNM","3956622","4033813","1063586","3.72",,
"2019-05-15","VZ","Verizon Communications","NYSE","27405755","28328334","12132035","2.26",,
"2019-05-15","WDC","Western Digital Corporation Co","NNM","16266637","14123856","5533040","2.94",,
"2019-05-15","WELL","Welltower Inc.","NYSE","6845510","5824844","1356661","5.05",,
"2019-05-15","WFC","Wells Fargo & Co.","NYSE","27764811","25821186","20176021","1.38",,
"2019-05-15","WM","Waste Management, Inc.","NYSE","3633289","3757434","1339715","2.71",,
"2019-05-15","WMB","Williams Companies Inc.","NYSE","23959353","24458261","6596130","3.63",,
"2019-05-15","WMT","Walmart Inc.","NYSE","15958196","16068890","6015560","2.65",,
"2019-05-15","XOM","Exxon Mobil Corporation","NYSE","37107579","37868786","12326365","3.01",,
"2019-05-31","AAPL","Apple Inc. Common Stock","NNM","51257104","49550348","29778281","1.72",,
"2019-05-31","ABBV","ABBVIE INC.","NYSE","19599383","21309313","4460657","4.39",,
"2019-05-31","ABT","Abbott Laboratories","NYSE","13532815","13613261","4783558","2.83",,
"2019-05-31","ADBE","Adobe Inc. Common Stock","NNM","5344018","4930215","2216152","2.41",,
"2019-05-31","ADI","Analog Devices, Inc. Common St","NNM","4879446","5461278","3706527","1.32",,
"2019-05-31","ADP","Automatic Data Processing, Inc","NNM","3518363","3939955","1352556","2.60",,
"2019-05-31","AEP","American Electric Power Compan","NYSE","7073205","6385496","2073365","3.41",,
"2019-05-31","AFL","Aflac Inc.","NYSE","9036177","10070837","2697054","3.35",,
"2019-05-31","AJG","Arthur J. Gallagher & Co.","NYSE","1626150","1871903","815217","1.99",,
"2019-05-31","ALL","The Allstate Corporation","NYSE","4110044","4117367","1566668","2.62",,
"2019-05-31","AMAT","Applied Materials, Inc. Common","NNM","14235688","14243747","11089836","1.28",,
"2019-05-31","AMD","Advanced Micro Devices, Inc. C","NNM","110597850","114851982","70590335","1.57",,
"2019-05-31","AMGN","Amgen Inc. Common Stock","NNM","10131346","10364938","2617472","3.87",,
"2019-05-31","AMT","American Tower Corporation","NYSE","4372947","4781995","1685348","2.59",,
"2019-05-31","AMZN","Amazon.com, Inc. Common Stock","NNM","3097162","2783532","3928915","1.00",,"R"
"2019-05-31","ANET","Arista Networks","NYSE","1635530","1717049","836957","1.95",,
"2019-05-31","AON","Aon plc Class A","NYSE","1698273","1736675","1082946","1.57",,
"2019-05-31","APD","Air Products & Chemicals, Inc.","NYSE","3331189","3541144","1166814","2.85",,
"2019-05-31","APH","Amphenol Corporation","NYSE","3193507","3012030","1510206","2.11",,
"2019-05-31","APO","Apollo Global Management, LLC","NYSE","4909322","5060875","1000912","4.90",,"R"
"2019-05-31","AVGO","Broadcom Inc. Common Stock","NNM","6177635","4827675","3631083","1.70",,
"2019-05-31","AXP","American Express Company","NYSE","7106487","7295829","3089059","2.30",,"R"
"2019-05-31","BA","Boeing Company","NYSE","5615857","5357797","4196601","1.34",,
"2019-05-31","BAC","Bank of America Corporation","NYSE","66316329","66534979","46641907","1.42",,
"2019-05-31","BKNG","Booking Holdings Inc. Common S","NNM","1445362","1316623","345895","4.18",,
"2019-05-31","BLK","Blackrock, Inc.","NYSE","1706017","1690612","427737","3.99",,
"2019-05-31","BMY","Bristol-Myers Squibb Co.","NYSE","99720106","94798968","11993012","8.31",,
"2019-05-31","BNY","BlackRock New York Municipal I","NYSE","1904","4860","15564","1.00",,
"2019-05-31","BRKA","Berkshire Hathaway Inc.","NYSE","700","525","213","3.29",,
"2019-05-31","BRKB","BERKSHIRE HATHAWAY Class B","NYSE","11276993","10740081","3881714","2.91",,
"2019-05-31","BSX","Boston Scientific Corp.","NYSE","14597449","10737313","7137234","2.05",,
"2019-05-31","BX","The Blackstone Group L.P","NYSE","28828171","28691538","4733113","6.09",,
"2019-05-31","C","Citigroup Inc.","NYSE","18433354","16712223","13105474","1.41",,
"2019-05-31","CAT","Caterpillar Inc.","NYSE","10649561","12773933","4858345","2.19",,
"2019-05-31","CDNS","Cadence Design Systems, Inc. C","NNM","6480593","6640941","2553072","2.54",,
"2019-05-31","CI","CIGNA Corporation","NYSE","4092974","4300824","2383725","1.72",,
"2019-05-31","CL","Colgate-Palmolive Company","NYSE","9497044","11143869","2981137","3.19",,
"2019-05-31","CMCSA","Comcast Corporation Class A Co","NNM","67895849","66028996","15852314","4.28",,
"2019-05-31","CME","CME Group Inc. Class A Common","NNM","6438213","6084468","1359696","4.74",,
"2019-05-31","CMI","Cummins Inc.","NYSE","2432455","2372411","1169898","2.08",,
"2019-05-31","COF","Capital One Financial","NYSE","4265548","4113697","1648098","2.59",,
"2019-05-31","COP","ConocoPhillips","NYSE","9152656","7760500","6024002","1.52",,
"2019-05-31","COST","Costco Wholesale Corporation C","NNM","4930245","4566136","2075272","2.38",,
"2019-05-31","CRM","salesforce.com, inc.","NYSE","10327676","10617607","4497446","2.30",,
"2019-05-31","CSCO","Cisco Systems, Inc. Common Sto","NNM","43670199","43437665","22773026","1.92",,
"2019-05-31","CSX","CSX Corporation Common Stock","NNM","12592345","14186748","5252593","2.40",,"R"
"2019-05-31","CTAS","Cintas Corporation Common Stoc","NNM","3072735","2814899","404283","7.60",,
"2019-05-31","CVNA","Carvana Co.","NYSE","16352202","15770379","1876140","8.72",,
"2019-05-31","CVS","CVS HEALTH CORPORATION","NYSE","19122364","19414004","8732476","2.19",,
"2019-05-31","CVX","Chevron Corporation","NYSE","16469304","19052149","6800292","2.42",,
"2019-05-31","D","Dominion Energy, Inc Common St","NYSE","10066257","11163974","3219479","3.13",,
"2019-05-31","DE","Deere & Company","NYSE","7737871","6241606","3289713","2.35",,
"2019-05-31","DELL","Dell Technologies Inc.","NYSE","5014564","4154731","2350231","2.13",,
"2019-05-31","DHR","Danaher Corporation","NYSE","5831978","5986722","2287798","2.55",,
"2019-05-31","DIS","The Walt Disney Company","NYSE","17465395","17887972","7227538","2.42",,
"2019-05-31","DLR","Digital Realty Trust, Inc.","NYSE","13210520","13359584","849203","15.56",,
"2019-05-31","DUK","Duke Energy Corporation","NYSE","9160924","10771980","3103926","2.95",,
"2019-05-31","ECL","Ecolab, Inc.","NYSE","5076545","4643691","869166","5.84",,
"2019-05-31","EMR","Emerson Electric Co.","NYSE","5954731","5748368","3141543","1.90",,
"2019-05-31","EOG","EOG Resources, Inc.","NYSE","10696245","11846057","3248284","3.29",,
"2019-05-31","EPD","Enterprise Products Partners L","NYSE","23085103","22684179","4193031","5.51",,
"2019-05-31","EQIX","Equinix, Inc. Common Stock REI","NNM","1019480","1004036","334766","3.05",,
"2019-05-31","FCX","Freeport-McMoran Inc.","NYSE","35056031","37321076","18151235","1.93",,
"2019-05-31","FDX","FedEx Corporation","NYSE","5259216","4767631","2136434","2.46",,
"2019-05-31","FTNT","Fortinet, Inc. Common Stock","NNM","6818908","7090676","1524402","4.47",,"R"
"2019-05-31","GD","General Dynamics Corporation","NYSE","2236359","2308737","1314958","1.70",,
"2019-05-31","GE","General Electric Company","NYSE","101321594","105559965","52170558","1.94",,
"2019-05-31","GILD","Gilead Sciences, Inc. Common S","NNM","12084756","13943383","6035818","2.00",,
"2019-05-31","GLW","Corning Incorporated","NYSE","13254892","13787661","4797758","2.76",,
"2019-05-31","GM","General Motors Company","NYSE","21605905","18596195","10638552","2.03",,
"2019-05-31","GOOG","Alphabet Inc. Class C Capital","NNM","2081877","1900007","1258293","1.65",,
"2019-05-31","GOOGL","Alphabet Inc. Class A Common S","NNM","2039179","2264751","1278420","1.60",,"R"
"2019-05-31","GS","Goldman Sachs Group Inc.","NYSE","6644639","5677917","2401108","2.77",,
"2019-05-31","GWW","W.W. Grainger, Inc.","NYSE","2574172","2628761","528057","4.87",,
"2019-05-31","HCA","HCA Healthcare, Inc.","NYSE","4291849","5161162","1695086","2.53",,
"2019-05-31","HD","Home Depot, Inc.","NYSE","10216759","9301634","5102136","2.00",,
"2019-05-31","HLT","Hilton Worldwide Holdings Inc.","NYSE","5774982","5970807","2289583","2.52",,
"2019-05-31","HON","Honeywell International, Inc.","NYSE","6911805","5883162","2452937","2.82",,
"2019-05-31","HPE","Hewlett Packard Enterprise Com","NYSE","28023046","28251497","13362241","2.10",,
"2019-05-31","IBKR","Interactive Brokers Group, Inc","IEX","6155083","6056313","377764","16.29",,
"2019-05-31","IBM","International Business Machine","NYSE","14966759","14819442","3278496","4.57",,
"2019-05-31","ICE","Intercontinental Exchange  Inc","NYSE","4221955","4301667","2407756","1.75",,
"2019-05-31","INTC","Intel Corporation Common Stock","NNM","53121530","56748685","26050530","2.04",,
"2019-05-31","INTU","Intuit Inc. Common Stock","NNM","3645734","2672588","1512888","2.41",,
"2019-05-31","ISRG","Intuitive Surgical, Inc. Commo","NNM","1982238","2095406","691907","2.86",,
"2019-05-31","ITW","Illinois Tool Works Inc.","NYSE","7518473","6610109","1507733","4.99",,
"2019-05-31","JNJ","Johnson & Johnson","NYSE","13393018","12441788","8329433","1.61",,
"2019-05-31","JPM","JPMorgan Chase & Co.","NYSE","21350950","21518139","9972379","2.14",,
"2019-05-31","KKR","KKR & Co. Inc. Class A Common","NYSE","21643457","21267030","3217829","6.73",,
"2019-05-31","KLAC","KLA-Tencor Corporation Common","NNM","3682143","3674655","1717545","2.14",,
"2019-05-31","KMI","Kinder Morgan, Inc.","NYSE","54592641","49707266","14064932","3.88",,
"2019-05-31","KO","Coca-Cola Company","NYSE","27495985","24192222","12746328","2.16",,
"2019-05-31","LIN","Linde plc Ordinary Share","NYSE","6507019","6456585","1400556","4.65",,
"2019-05-31","LLY","Eli Lilly & Co.","NYSE","11306684","13068530","3796934","2.98",,
"2019-05-31","LMT","Lockheed Martin Corp.","NYSE","1698186","2215760","1388949","1.22",,
"2019-05-31","LOW","Lowe's Companies Inc.","NYSE","8407777","8292510","8474157","1.00",,
"2019-05-31","LRCX","Lam Research Corporation Commo","NNM","6035710","6179367","2050439","2.94",,
"2019-05-31","MA","Mastercard Incorporated","NYSE","7222504","6415093","3883739","1.86",,
"2019-05-31","MAR","Marriott International Class A","NNM","7930513","7618647","1788886","4.43",,
"2019-05-31","MCD","McDonald''s Corporation","NYSE","6753943","6853806","2693054","2.51",,
"2019-05-31","MCK","McKesson Corporation","NYSE","4121708","4148512","1700496","2.42",,
"2019-05-31","MCO","Moody's Corporation","NYSE","2987970","3625854","1061057","2.82",,
"2019-05-31","MDLZ","Mondelez International, Inc. C","NNM","11911795","10428862","7213887","1.65",,"R"
"2019-05-31","MDT","Medtronic plc","NYSE","10205407","10804305","6689886","1.53",,
"2019-05-31","MMM","3M Company","NYSE","11442100","10242135","3854942","2.97",,
"2019-05-31","MNST","Monster Beverage Corporation","NNM","11030599","13029259","2257224","4.89",,"R"
"2019-05-31","MO","Altria Group, Inc.","NYSE","15260085","20607577","7796180","1.96",,
"2019-05-31","MPC","MARATHON PETROLEUM CORPORATION","NYSE","11651455","8112795","7854644","1.48",,
"2019-05-31","MPWR","Monolithic Power Systems, Inc.","NNM","707957","774251","284476","2.49",,
"2019-05-31","MRK","Merck & Co., Inc.","NYSE","17709346","16905739","9230223","1.92",,
"2019-05-31","MRVL","Marvell Technology Group Ltd.","NNM","34490760","37055888","12620973","2.73",,
"2019-05-31","MS","Morgan Stanley","NYSE","10435637","9869192","9226342","1.13",,
"2019-05-31","MSFT","Microsoft Corporation Common S","NNM","44776796","43378626","21590421","2.07",,
"2019-05-31","MSI","Motorola Solutions, Inc. New","NYSE","3328715","3366750","1092832","3.05",,
"2019-05-31","MU","Micron Technology, Inc. Common","NNM","42436660","37666006","26795262","1.58",,
"2019-05-31","NEE","Nextra Energy, Inc.","NYSE","6398693","5211671","1754356","3.65",,
"2019-05-31","NEM","Newmont Goldcorp Corporation","NYSE","12279897","13434175","7979229","1.54",,
"2019-05-31","NFLX","Netflix, Inc. Common Stock","NNM","17819124","15412238","4992176","3.57",,
"2019-05-31","NKE","Nike, Inc.","NYSE","8746412","9740411","7164805","1.22",,
"2019-05-31","NOC","Northrop Grumman Corp.","NYSE","2199223","2299690","1053896","2.09",,
"2019-05-31","NOW","SERVICENOW, INC.","NYSE","6524715","6765346","1631024","4.00",,
"2019-05-31","NSC","Norfolk Southern Corp.","NYSE","4534266","4359236","1219621","3.72",,
"2019-05-31","NVDA","NVIDIA Corporation Common Stoc","NNM","13942466","13781617","13144930","1.06",,
"2019-05-31","O","Realty Income Corporation","NYSE","9999114","9707491","1700815","5.88",,
"2019-05-31","ORCL","Oracle Corp","NYSE","54426238","48341870","11560290","4.71",,
"2019-05-31","ORLY","O'Reilly Automotive, Inc. Comm","NNM","1390141","1405848","668868","2.08",,
"2019-05-31","PANW","PALO ALTO NETWORKS, INC","NYSE","5440783","5510860","1905234","2.86",,
"2019-05-31","PCAR","PACCAR Inc. Common Stock","NNM","8970063","8104339","1482180","6.05",,
"2019-05-31","PEP","PepsiCo, Inc. Common Stock","NNM","11087702","8825417","4379318","2.53",,"R"
"2019-05-31","PFE","Pfizer Inc.","NYSE","69358895","66500745","25030857","2.77",,
"2019-05-31","PG","Procter & Gamble Company","NYSE","20380908","20218359","6604343","3.09",,
"2019-05-31","PGR","Progressive Corporation","NYSE","5913928","5128580","2793069","2.12",,
"2019-05-31","PH","Parker Hannifin Corp","NYSE","3053933","2377259","899297","3.40",,
"2019-05-31","PLD","PROLOGIS, INC.","NYSE","6959853","7326805","2160322","3.22",,
"2019-05-31","PM","Philip Morris International In","NYSE","9537729","9518659","4102365","2.32",,
"2019-05-31","PNC","PNC Financial Services Group","NYSE","3092927","3137222","1424694","2.17",,
"2019-05-31","PSX","PHILLIPS 66","NYSE","5938470","5863647","2582036","2.30",,
"2019-05-31","PWR","Quanta Services, Inc.","NYSE","3047044","3604224","1418300","2.15",,
"2019-05-31","QCOM","QUALCOMM Incorporated Common S","NNM","21233807","41499871","25174979","1.00",,
"2019-05-31","RCL","Royal Caribbean Cruises Ltd.","NYSE","2371794","2462498","959742","2.47",,
"2019-05-31","REGN","Regeneron Pharmaceuticals, Inc","NNM","2221039","2514875","814516","2.73",,
"2019-05-31","ROST","Ross Stores, Inc. Common Stock","NNM","5630944","6329488","3169033","1.78",,
"2019-05-31","RSG","Republic Services Inc.","NYSE","4251731","4966023","1102815","3.86",,
"2019-05-31","SBUX","Starbucks Corporation Common S","NNM","21890741","22249831","8494594","2.58",,"R"
"2019-05-31","SCCO","Southern Copper Corporation","NYSE","6030091","5367169","730867","8.25",,
"2019-05-31","SCHW","The Charles Schwab Corporation","NYSE","17097207","16909875","6942682","2.46",,
"2019-05-31","SHW","The Sherwin-Williams Company","NYSE","1202377","1125116","474337","2.53",,
"2019-05-31","SNPS","Synopsys, Inc. Common Stock","NNM","1887094","2003447","1728232","1.09",,
"2019-05-31","SO","The Southern Company","NYSE","14108004","14278553","3960168","3.56",,
"2019-05-31","SPG","Simon Property Group, Inc.","NYSE","9260502","8975271","1698053","5.45",,
"2019-05-31","SPGI","S&P Global Inc.","NYSE","3257056","3102094","1237032","2.63",,
"2019-05-31","SYK","Stryker Corporation","NYSE","2711598","3160090","1113844","2.43",,
"2019-05-31","T","AT&T Inc.","NYSE","86571811","90935015","28837830","3.00",,
"2019-05-31","TDG","TransDigm Group Incorporated","NYSE","2426704","2313815","290983","8.34",,
"2019-05-31","TGT","Target Corporation","NYSE","23992331","26973041","7500205","3.20",,
"2019-05-31","TJX","TJX Companies, Inc. (The)","NYSE","12412231","9280137","8182416","1.52",,
"2019-05-31","TMO","Thermo Fisher Scientific, Inc.","NYSE","2798290","3238664","1350348","2.07",,
"2019-05-31","TMUS","T-Mobile US, Inc. Common Stock","NNM","12712396","8033068","5809972","2.19",,
"2019-05-31","TRV","The Travelers Companies, Inc.","NYSE","4281900","4283551","1388060","3.08",,
"2019-05-31","TSLA","Tesla, Inc. Common Stock","NNM","43626944","37569877","14894342","2.93",,
"2019-05-31","TXN","Texas Instruments Incorporated","NNM","17611682","16973312","4858048","3.63",,
"2019-05-31","UBER","Uber Technologies, Inc.","NYSE","29150018","13669181","18588750","1.57",,
"2019-05-31","UNH","UNITEDHEALTH GROUP INCORPORATE","NYSE","7189068","7034271","4244495","1.69",,
"2019-05-31","UNP","Union Pacific Corp.","NYSE","6893711","6798561","3273607","2.11",,
"2019-05-31","UPS","United Parcel Service, Inc. Cl","NYSE","13066155","12529657","2847934","4.59",,
"2019-05-31","URI","United Rentals, Inc.","NYSE","4429777","4137874","1208427","3.67",,
"2019-05-31","USB","U.S. Bancorp","NYSE","18334230","18004478","4878687","3.76",,
"2019-05-31","V","VISA Inc.","NYSE","26982182","25408730","6392678","4.22",,
"2019-05-31","VLO","Valero Energy Corporation","NYSE","5404715","5980720","3804215","1.42",,
"2019-05-31","VRTX","Vertex Pharmaceuticals Incorpo","NNM","3667269","3956622","1160216","3.16",,
"2019-05-31","VZ","Verizon Communications","NYSE","28338425","27405755","15971788","1.77",,
"2019-05-31","WDC","Western Digital Corporation Co","NNM","16365782","16266637","4877657","3.36",,
"2019-05-31","WELL","Welltower Inc.","NYSE","7664558","6845510","1557751","4.92",,
"2019-05-31","WFC","Wells Fargo & Co.","NYSE","24516171","27764811","17444781","1.41",,
"2019-05-31","WM","Waste Management, Inc.","NYSE","3928002","3633289","1741116","2.26",,
"2019-05-31","WMB","Williams Companies Inc.","NYSE","22908586","23959353","7097339","3.23",,
"2019-05-31","WMT","Walmart Inc.","NYSE","14857180","15958196","8144971","1.82",,
"2019-05-31","XOM","Exxon Mobil Corporation","NYSE","34449245","37107579","10409582","3.31",,
"2019-04-30","AAPL","Apple Inc. Common Stock","NNM","52669476","61003851","24561618","2.14",,
"2019-04-30","ABBV","ABBVIE INC.","NYSE","21822012","27575807","7260751","3.01",,
"2019-04-30","ABT","Abbott Laboratories","NYSE","13109615","13074097","6619268","1.98",,
"2019-04-30","ADBE","Adobe Inc. Common Stock","NNM","4711887","4661147","2448379","1.92",,
"2019-04-30","ADI","Analog Devices, Inc. Common St","NNM","5403402","6220358","2800254","1.93",,
"2019-04-30","ADP","Automatic Data Processing, Inc","NNM","3669513","3936399","1329334","2.76",,
"2019-04-30","AEP","American Electric Power Compan","NYSE","6469884","7217178","2191490","2.95",,
"2019-04-30","AFL","Aflac Inc.","NYSE","9574127","8939222","3142670","3.05",,
"2019-04-30","AJG","Arthur J. Gallagher & Co.","NYSE","1785384","1543941","1004822","1.78",,
"2019-04-30","ALL","The Allstate Corporation","NYSE","4154170","4415972","1584305","2.62",,
"2019-04-30","AMAT","Applied Materials, Inc. Common","NNM","14606903","13570753","7924406","1.84",,
"2019-04-30","AMD","Advanced Micro Devices, Inc. C","NNM","110776691","112022509","48920764","2.26",,
"2019-04-30","AMGN","Amgen Inc. Common Stock","NNM","9915524","10888044","3714972","2.67",,
"2019-04-30","AMT","American Tower Corporation","NYSE","5024244","5050554","1350418","3.72",,
"2019-04-30","AMZN","Amazon.com, Inc. Common Stock","NNM","2628633","2580066","4244603","1.00",,
"2019-04-30","ANET","Arista Networks","NYSE","1325502","1460669","761594","1.74",,
"2019-04-30","AON","Aon plc Class A","NYSE","1623384","1610465","867672","1.87",,
"2019-04-30","APD","Air Products & Chemicals, Inc.","NYSE","2935084","2755823","1158425","2.53",,
"2019-04-30","APH","Amphenol Corporation","NYSE","3288634","3184858","1564940","2.10",,
"2019-04-30","APO","Apollo Global Management, LLC","NYSE","4911587","4572668","1272011","3.86",,
"2019-04-30","AVGO","Broadcom Inc. Common Stock","NNM","4756919","5045259","1980274","2.40",,
"2019-04-30","AXP","American Express Company","NYSE","6375605","6447955","3441567","1.85",,
"2019-04-30","BA","Boeing Company","NYSE","5307354","5341558","5517339","1.00",,
"2019-04-30","BAC","Bank of America Corporation","NYSE","59571332","69504687","57857196","1.03",,
"2019-04-30","BKNG","Booking Holdings Inc. Common S","NNM","1297407","1244957","423732","3.06",,
"2019-04-30","BLK","Blackrock, Inc.","NYSE","1645719","1372492","632043","2.60",,
"2019-04-30","BMY","Bristol-Myers Squibb Co.","NYSE","91485556","77458472","17111018","5.35",,
"2019-04-30","BNY","BlackRock New York Municipal I","NYSE","12032","23804","29202","1.00",,
"2019-04-30","BRKA","Berkshire Hathaway Inc.","NYSE","352","340","209","1.68",,
"2019-04-30","BRKB","BERKSHIRE HATHAWAY Class B","NYSE","10812195","11157202","3011809","3.59",,
"2019-04-30","BSX","Boston Scientific Corp.","NYSE","11267131","8977057","13760826","1.00",,
"2019-04-30","BX","The Blackstone Group L.P","NYSE","28499632","27947720","7427759","3.84",,
"2019-04-30","C","Citigroup Inc.","NYSE","15688572","18098839","13597897","1.15",,
"2019-04-30","CAT","Caterpillar Inc.","NYSE","6668123","5874557","4636025","1.44",,
"2019-04-30","CDNS","Cadence Design Systems, Inc. C","NNM","5587040","5206802","2666079","2.10",,
"2019-04-30","CI","CIGNA Corporation","NYSE","3911809","5403768","3909696","1.00",,
"2019-04-30","CL","Colgate-Palmolive Company","NYSE","11317513","10522977","3665797","3.09",,
"2019-04-30","CMCSA","Comcast Corporation Class A Co","NNM","62597770","66797296","16358032","3.83",,
"2019-04-30","CME","CME Group Inc. Class A Common","NNM","5566403","5464976","1720510","3.24",,
"2019-04-30","CMI","Cummins Inc.","NYSE","1848928","2776110","1169957","1.58",,
"2019-04-30","COF","Capital One Financial","NYSE","4099573","4515978","2137264","1.92",,
"2019-04-30","COP","ConocoPhillips","NYSE","10008009","11771947","7920059","1.26",,
"2019-04-30","COST","Costco Wholesale Corporation C","NNM","4367037","4586780","1404425","3.11",,
"2019-04-30","CRM","salesforce.com, inc.","NYSE","9570225","8809688","3884197","2.46",,
"2019-04-30","CSCO","Cisco Systems, Inc. Common Sto","NNM","39888438","39644606","17855205","2.23",,
"2019-04-30","CSX","CSX Corporation Common Stock","NNM","10972568","11440749","4072406","2.69",,
"2019-04-30","CTAS","Cintas Corporation Common Stoc","NNM","2604586","2462437","427883","6.09",,
"2019-04-30","CVNA","Carvana Co.","NYSE","17414049","19051862","1102041","15.80",,
"2019-04-30","CVS","CVS HEALTH CORPORATION","NYSE","20238115","15738155","12503380","1.62",,
"2019-04-30","CVX","Chevron Corporation","NYSE","28448531","17007784","12562691","2.26",,
"2019-04-30","D","Dominion Energy, Inc Common St","NYSE","9256045","9573408","2739757","3.38",,
"2019-04-30","DE","Deere & Company","NYSE","5978108","6168066","1431625","4.18",,
"2019-04-30","DELL","Dell Technologies Inc.","NYSE","4102107","4532475","1297565","3.16",,
"2019-04-30","DHR","Danaher Corporation","NYSE","5191377","4916666","3242708","1.60",,
"2019-04-30","DIS","The Walt Disney Company","NYSE","18809374","13976790","14606414","1.29",,
"2019-04-30","DLR","Digital Realty Trust, Inc.","NYSE","13572088","13531118","1325057","10.24",,
"2019-04-30","DUK","Duke Energy Corporation","NYSE","11096728","12776191","2744396","4.04",,
"2019-04-30","ECL","Ecolab, Inc.","NYSE","5000443","4638307","977689","5.11",,
"2019-04-30","EMR","Emerson Electric Co.","NYSE","6343020","7840105","2777074","2.28",,
"2019-04-30","EOG","EOG Resources, Inc.","NYSE","10734265","12923349","3625781","2.96",,
"2019-04-30","EPD","Enterprise Products Partners L","NYSE","23026785","24919417","2949901","7.81",,
"2019-04-30","EQIX","Equinix, Inc. Common Stock REI","NNM","971818","1173638","351332","2.77",,
"2019-04-30","FCX","Freeport-McMoran Inc.","NYSE","37948292","33999549","25957924","1.46",,
"2019-04-30","FDX","FedEx Corporation","NYSE","5244594","3946318","1849459","2.84",,
"2019-04-30","FTNT","Fortinet, Inc. Common Stock","NNM","7868197","9139737","1576016","4.99",,
"2019-04-30","GD","General Dynamics Corporation","NYSE","3050853","2642105","1448062","2.11",,
"2019-04-30","GE","General Electric Company","NYSE","113341523","126651407","67608503","1.68",,
"2019-04-30","GILD","Gilead Sciences, Inc. Common S","NNM","13463427","13810419","8149352","1.65",,
"2019-04-30","GLW","Corning Incorporated","NYSE","13658858","15075228","4497047","3.04",,
"2019-04-30","GM","General Motors Company","NYSE","18401448","18524392","9320479","1.97",,
"2019-04-30","GOOG","Alphabet Inc. Class C Capital","NNM","1723153","1651481","1761203","1.00",,
"2019-04-30","GOOGL","Alphabet Inc. Class A Common S","NNM","1922155","1571305","2081080","1.00",,
"2019-04-30","GS","Goldman Sachs Group Inc.","NYSE","5126731","5864998","2869049","1.79",,
"2019-04-30","GWW","W.W. Grainger, Inc.","NYSE","2670737","3082565","559205","4.78",,
"2019-04-30","HCA","HCA Healthcare, Inc.","NYSE","4764207","5281741","3176134","1.50",,
"2019-04-30","HD","Home Depot, Inc.","NYSE","9741566","9612037","3280697","2.97",,
"2019-04-30","HLT","Hilton Worldwide Holdings Inc.","NYSE","9119728","9968059","2452027","3.72",,
"2019-04-30","HON","Honeywell International, Inc.","NYSE","6581526","5321173","3669849","1.79",,
"2019-04-30","HPE","Hewlett Packard Enterprise Com","NYSE","27367055","32590918","9741333","2.81",,
"2019-04-30","IBKR","Interactive Brokers Group, Inc","IEX","5759973","5410555","396468","14.53",,
"2019-04-30","IBM","International Business Machine","NYSE","14154731","14299518","4834593","2.93",,
"2019-04-30","ICE","Intercontinental Exchange  Inc","NYSE","4778639","4543783","2359618","2.03",,
"2019-04-30","INTC","Intel Corporation Common Stock","NNM","50528155","52099252","30666189","1.65",,
"2019-04-30","INTU","Intuit Inc. Common Stock","NNM","2357740","2184845","1813396","1.30",,
"2019-04-30","ISRG","Intuitive Surgical, Inc. Commo","NNM","1972958","1629597","1600882","1.23",,
"2019-04-30","ITW","Illinois Tool Works Inc.","NYSE","5701842","6182450","1394145","4.09",,
"2019-04-30","JNJ","Johnson & Johnson","NYSE","12766373","11236255","6701864","1.90",,
"2019-04-30","JPM","JPMorgan Chase & Co.","NYSE","21861124","18877914","11112466","1.97",,
"2019-04-30","KKR","KKR & Co. Inc. Class A Common","NYSE","17697605","18176294","3294328","5.37",,
"2019-04-30","KLAC","KLA-Tencor Corporation Common","NNM","2840339","4218060","1239325","2.29",,
"2019-04-30","KMI","Kinder Morgan, Inc.","NYSE","50922375","50951089","15436612","3.30",,
"2019-04-30","KO","Coca-Cola Company","NYSE","27137847","22165215","13522418","2.01",,
"2019-04-30","LIN","Linde plc Ordinary Share","NYSE","5875913","6495654","1585241","3.71",,
"2019-04-30","LLY","Eli Lilly & Co.","NYSE","16664689","26966991","6733069","2.48",,
"2019-04-30","LMT","Lockheed Martin Corp.","NYSE","1911607","2097735","1415716","1.35",,
"2019-04-30","LOW","Lowe's Companies Inc.","NYSE","7327195","11426544","3931586","1.86",,
"2019-04-30","LRCX","Lam Research Corporation Commo","NNM","6937945","7647233","2130106","3.26",,
"2019-04-30","MA","Mastercard Incorporated","NYSE","6236112","5513115","3394816","1.84",,
"2019-04-30","MAR","Marriott International Class A","NNM","7114315","7457996","1108860","6.42",,
"2019-04-30","MCD","McDonald''s Corporation","NYSE","6163432","5877619","2731569","2.26",,
"2019-04-30","MCK","McKesson Corporation","NYSE","5167328","6180996","1065852","4.85",,
"2019-04-30","MCO","Moody's Corporation","NYSE","4364431","4137353","882959","4.94",,
"2019-04-30","MDLZ","Mondelez International, Inc. C","NNM","10146550","9350650","5535127","1.83",,
"2019-04-30","MDT","Medtronic plc","NYSE","9623169","8413289","6010756","1.60",,
"2019-04-30","MMM","3M Company","NYSE","8479216","9254337","3780351","2.24",,
"2019-04-30","MNST","Monster Beverage Corporation","NNM","16870329","14019286","4213368","4.00",,
"2019-04-30","MO","Altria Group, Inc.","NYSE","21675646","22110080","10722994","2.02",,
"2019-04-30","MPC","MARATHON PETROLEUM CORPORATION","NYSE","6711012","7987991","6212403","1.08",,
"2019-04-30","MPWR","Monolithic Power Systems, Inc.","NNM","765858","874293","254294","3.01",,
"2019-04-30","MRK","Merck & Co., Inc.","NYSE","14324639","22306347","15995919","1.00",,
"2019-04-30","MRVL","Marvell Technology Group Ltd.","NNM","44307689","45369613","15355854","2.89",,
"2019-04-30","MS","Morgan Stanley","NYSE","11728290","11928847","10817754","1.08",,
"2019-04-30","MSFT","Microsoft Corporation Common S","NNM","44892598","42920632","23442825","1.91",,
"2019-04-30","MSI","Motorola Solutions, Inc. New","NYSE","3171058","2927102","754800","4.20",,
"2019-04-30","MU","Micron Technology, Inc. Common","NNM","32498604","36436900","20335025","1.60",,
"2019-04-30","NEE","Nextra Energy, Inc.","NYSE","4464614","4652632","1821002","2.45",,
"2019-04-30","NEM","Newmont Goldcorp Corporation","NYSE","14774414","42900866","20270689","1.00",,
"2019-04-30","NFLX","Netflix, Inc. Common Stock","NNM","15994873","15160552","9333738","1.71",,
"2019-04-30","NKE","Nike, Inc.","NYSE","9407769","9505122","6424358","1.46",,
"2019-04-30","NOC","Northrop Grumman Corp.","NYSE","1782099","1812520","1057059","1.69",,
"2019-04-30","NOW","SERVICENOW, INC.","NYSE","7131253","6905081","2312579","3.08",,
"2019-04-30","NSC","Norfolk Southern Corp.","NYSE","3470442","3745121","1517969","2.29",,
"2019-04-30","NVDA","NVIDIA Corporation Common Stoc","NNM","14248675","13941520","10515966","1.35",,
"2019-04-30","O","Realty Income Corporation","NYSE","11964089","12475838","1516071","7.89",,
"2019-04-30","ORCL","Oracle Corp","NYSE","43767291","42355254","8140485","5.38",,
"2019-04-30","ORLY","O'Reilly Automotive, Inc. Comm","NNM","1203198","1351684","915432","1.31",,
"2019-04-30","PANW","PALO ALTO NETWORKS, INC","NYSE","5187957","5073750","1007579","5.15",,
"2019-04-30","PCAR","PACCAR Inc. Common Stock","NNM","7866369","8252528","1776218","4.43",,
"2019-04-30","PEP","PepsiCo, Inc. Common Stock","NNM","8169194","9099712","4577184","1.78",,
"2019-04-30","PFE","Pfizer Inc.","NYSE","47574125","65040585","28003751","1.70",,
"2019-04-30","PG","Procter & Gamble Company","NYSE","20157937","20989549","8416706","2.39",,
"2019-04-30","PGR","Progressive Corporation","NYSE","4430304","4588171","2797328","1.58",,
"2019-04-30","PH","Parker Hannifin Corp","NYSE","1874201","2152786","887246","2.11",,
"2019-04-30","PLD","PROLOGIS, INC.","NYSE","7438352","7082904","2457997","3.03",,
"2019-04-30","PM","Philip Morris International In","NYSE","8403862","8231352","5085907","1.65",,
"2019-04-30","PNC","PNC Financial Services Group","NYSE","3074996","2510043","1824743","1.69",,
"2019-04-30","PSX","PHILLIPS 66","NYSE","6582349","6479479","2397514","2.75",,
"2019-04-30","PWR","Quanta Services, Inc.","NYSE","3165271","3637147","1096923","2.89",,
"2019-04-30","QCOM","QUALCOMM Incorporated Common S","NNM","43222706","18452043","49051379","1.00",,
"2019-04-30","RCL","Royal Caribbean Cruises Ltd.","NYSE","2532011","2283963","1602058","1.58",,
"2019-04-30","REGN","Regeneron Pharmaceuticals, Inc","NNM","2654047","2347540","1057268","2.51",,
"2019-04-30","ROST","Ross Stores, Inc. Common Stock","NNM","5844391","4742069","1820871","3.21",,
"2019-04-30","RSG","Republic Services Inc.","NYSE","4341778","5289602","1288419","3.37",,
"2019-04-30","SBUX","Starbucks Corporation Common S","NNM","21325360","28955229","8027719","2.66",,
"2019-04-30","SCCO","Southern Copper Corporation","NYSE","6079045","6747141","791572","7.68",,
"2019-04-30","SCHW","The Charles Schwab Corporation","NYSE","12513907","14934117","5850157","2.14",,
"2019-04-30","SHW","The Sherwin-Williams Company","NYSE","1103899","1184574","638913","1.73",,
"2019-04-30","SNPS","Synopsys, Inc. Common Stock","NNM","2295804","2563816","869791","2.64",,
"2019-04-30","SO","The Southern Company","NYSE","13913498","14582315","3959865","3.51",,
"2019-04-30","SPG","Simon Property Group, Inc.","NYSE","8715872","8886368","1254033","6.95",,
"2019-04-30","SPGI","S&P Global Inc.","NYSE","3637009","4006660","817454","4.45",,
"2019-04-30","SYK","Stryker Corporation","NYSE","2798576","3538580","2035858","1.37",,
"2019-04-30","T","AT&T Inc.","NYSE","96903235","85702202","33952468","2.85",,
"2019-04-30","TDG","TransDigm Group Incorporated","NYSE","2228592","2269793","260859","8.54",,
"2019-04-30","TGT","Target Corporation","NYSE","26144608","25752061","5168791","5.06",,
"2019-04-30","TJX","TJX Companies, Inc. (The)","NYSE","7713150","11731839","4285357","1.80",,
"2019-04-30","TMO","Thermo Fisher Scientific, Inc.","NYSE","2950173","2985559","2426488","1.22",,
"2019-04-30","TMUS","T-Mobile US, Inc. Common Stock","NNM","6744267","7931248","3219024","2.10",,
"2019-04-30","TRV","The Travelers Companies, Inc.","NYSE","3198020","3834127","1292554","2.47",,
"2019-04-30","TSLA","Tesla, Inc. Common Stock","NNM","37925793","33468438","12247699","3.10",,
"2019-04-30","TXN","Texas Instruments Incorporated","NNM","15965342","18579122","5709069","2.80",,
"2019-04-30","UNH","UNITEDHEALTH GROUP INCORPORATE","NYSE","6590937","5581387","11606621","1.00",,
"2019-04-30","UNP","Union Pacific Corp.","NYSE","6682408","7844262","3631124","1.84",,
"2019-04-30","UPS","United Parcel Service, Inc. Cl","NYSE","12061602","12648047","4023883","3.00",,
"2019-04-30","URI","United Rentals, Inc.","NYSE","3594995","3545213","1696055","2.12",,
"2019-04-30","USB","U.S. Bancorp","NYSE","15207804","14859177","6678447","2.28",,
"2019-04-30","V","VISA Inc.","NYSE","26771557","28433306","6981681","3.83",,
"2019-04-30","VLO","Valero Energy Corporation","NYSE","6720117","6218657","3575974","1.88",,
"2019-04-30","VRTX","Vertex Pharmaceuticals Incorpo","NNM","4033813","3705637","1511471","2.67",,
"2019-04-30","VZ","Verizon Communications","NYSE","28328334","28056519","15080160","1.88",,
"2019-04-30","WDC","Western Digital Corporation Co","NNM","14123856","14634394","7545214","1.87",,
"2019-04-30","WELL","Welltower Inc.","NYSE","5824844","5657487","1606988","3.62",,
"2019-04-30","WFC","Wells Fargo & Co.","NYSE","25821186","21047546","19453860","1.33",,
"2019-04-30","WM","Waste Management, Inc.","NYSE","3757434","3470183","1521554","2.47",,
"2019-04-30","WMB","Williams Companies Inc.","NYSE","24458261","27320889","5096344","4.80",,
"2019-04-30","WMT","Walmart Inc.","NYSE","16068890","16319351","5169640","3.11",,
"2019-04-30","XOM","Exxon Mobil Corporation","NYSE","37868786","36631628","11079434","3.42",,
"2019-04-15","AAPL","Apple Inc. Common Stock","NNM","61003851","67786010","23755423","2.57",,
"2019-04-15","ABBV","ABBVIE INC.","NYSE","27575807","22898566","4952645","5.57",,
"2019-04-15","ABT","Abbott Laboratories","NYSE","13074097","14680905","4751705","2.75",,
"2019-04-15","ADBE","Adobe Inc. Common Stock","NNM","4661147","4918863","2023880","2.30",,
"2019-04-15","ADI","Analog Devices, Inc. Common St","NNM","6220358","6976990","2188341","2.84",,
"2019-04-15","ADP","Automatic Data Processing, Inc","NNM","3936399","4720917","1340331","2.94",,
"2019-04-15","AEP","American Electric Power Compan","NYSE","7217178","7871002","2718116","2.66",,
"2019-04-15","AFL","Aflac Inc.","NYSE","8939222","10499167","3527931","2.53",,
"2019-04-15","AJG","Arthur J. Gallagher & Co.","NYSE","1543941","1601483","975244","1.58",,
"2019-04-15","ALL","The Allstate Corporation","NYSE","4415972","5118550","1474862","2.99",,
"2019-04-15","AMAT","Applied Materials, Inc. Common","NNM","13570753","15211166","7896350","1.72",,
"2019-04-15","AMD","Advanced Micro Devices, Inc. C","NNM","112022509","117033875","71461501","1.57",,
"2019-04-15","AMGN","Amgen Inc. Common Stock","NNM","10888044","10819558","2003241","5.44",,
"2019-04-15","AMT","American Tower Corporation","NYSE","5050554","6760884","1983923","2.55",,
"2019-04-15","AMZN","Amazon.com, Inc. Common Stock","NNM","2580066","4724141","3532455","1.00",,
"2019-04-15","ANET","Arista Networks","NYSE","1460669","1813889","661567","2.21",,
"2019-04-15","AON","Aon plc Class A","NYSE","1610465","1835350","720316","2.24",,
"2019-04-15","APD","Air Products & Chemicals, Inc.","NYSE","2755823","3570950","945304","2.92",,
"2019-04-15","APH","Amphenol Corporation","NYSE","3184858","3144460","1129837","2.82",,
"2019-04-15","APO","Apollo Global Management, LLC","NYSE","4572668","4922662","552912","8.27",,
"2019-04-15","AVGO","Broadcom Inc. Common Stock","NNM","5045259","5443918","1915023","2.63",,
"2019-04-15","AXP","American Express Company","NYSE","6447955","6699376","3436896","1.88",,
"2019-04-15","BA","Boeing Company","NYSE","5341558","5066184","7839549","1.00",,
"2019-04-15","BAC","Bank of America Corporation","NYSE","69504687","108049545","58927260","1.18",,
"2019-04-15","BKNG","Booking Holdings Inc. Common S","NNM","1244957","1232081","412428","3.02",,
"2019-04-15","BLK","Blackrock, Inc.","NYSE","1372492","1191305","453460","3.03",,
"2019-04-15","BMY","Bristol-Myers Squibb Co.","NYSE","77458472","48063938","18421723","4.20",,
"2019-04-15","BNY","BlackRock New York Municipal I","NYSE","23804","12980","23859","1.00",,
"2019-04-15","BRKA","Berkshire Hathaway Inc.","NYSE","340","351","221","1.54",,
"2019-04-15","BRKB","BERKSHIRE HATHAWAY Class B","NYSE","11157202","11294742","3103299","3.60",,
"2019-04-15","BSX","Boston Scientific Corp.","NYSE","8977057","9308359","5724769","1.57",,
"2019-04-15","BX","The Blackstone Group L.P","NYSE","27947720","29216315","2255462","12.39",,
"2019-04-15","C","Citigroup Inc.","NYSE","18098839","18037871","13205749","1.37",,
"2019-04-15","CAT","Caterpillar Inc.","NYSE","5874557","6258842","3412288","1.72",,
"2019-04-15","CDNS","Cadence Design Systems, Inc. C","NNM","5206802","5238508","2009079","2.59",,
"2019-04-15","CI","CIGNA Corporation","NYSE","5403768","5170058","2648352","2.04",,
"2019-04-15","CL","Colgate-Palmolive Company","NYSE","10522977","11344856","2786655","3.78",,
"2019-04-15","CMCSA","Comcast Corporation Class A Co","NNM","66797296","69412038","14284909","4.68",,
"2019-04-15","CME","CME Group Inc. Class A Common","NNM","5464976","4829334","1467680","3.72",,
"2019-04-15","CMI","Cummins Inc.","NYSE","2776110","3264017","908851","3.05",,
"2019-04-15","COF","Capital One Financial","NYSE","4515978","5059428","1892211","2.39",,
"2019-04-15","COP","ConocoPhillips","NYSE","11771947","11611512","6826830","1.72",,
"2019-04-15","COST","Costco Wholesale Corporation C","NNM","4586780","5155240","1708742","2.68",,
"2019-04-15","CRM","salesforce.com, inc.","NYSE","8809688","11362167","3829754","2.30",,
"2019-04-15","CSCO","Cisco Systems, Inc. Common Sto","NNM","39644606","42215423","15503072","2.56",,
"2019-04-15","CSX","CSX Corporation Common Stock","NNM","11440749","14492265","4382616","2.61",,
"2019-04-15","CTAS","Cintas Corporation Common Stoc","NNM","2462437","2774472","353122","6.97",,
"2019-04-15","CVNA","Carvana Co.","NYSE","19051862","21056812","1366437","13.94",,
"2019-04-15","CVS","CVS HEALTH CORPORATION","NYSE","15738155","19358142","12715020","1.24",,
"2019-04-15","CVX","Chevron Corporation","NYSE","17007784","17173486","8694451","1.96",,
"2019-04-15","D","Dominion Energy, Inc Common St","NYSE","9573408","12567114","3347445","2.86",,
"2019-04-15","DE","Deere & Company","NYSE","6168066","6626385","1470866","4.19",,
"2019-04-15","DELL","Dell Technologies Inc.","NYSE","4532475","5086363","1747161","2.59",,
"2019-04-15","DHR","Danaher Corporation","NYSE","4916666","6398318","2152779","2.28",,
"2019-04-15","DIS","The Walt Disney Company","NYSE","13976790","13978131","19012294","1.00",,
"2019-04-15","DLR","Digital Realty Trust, Inc.","NYSE","13531118","13274951","855985","15.81",,
"2019-04-15","DUK","Duke Energy Corporation","NYSE","12776191","13063236","3543538","3.61",,
"2019-04-15","ECL","Ecolab, Inc.","NYSE","4638307","4510522","969246","4.79",,
"2019-04-15","EMR","Emerson Electric Co.","NYSE","7840105","6713291","2155380","3.64",,
"2019-04-15","EOG","EOG Resources, Inc.","NYSE","12923349","13748380","4315350","2.99",,
"2019-04-15","EPD","Enterprise Products Partners L","NYSE","24919417","25742147","2894863","8.61",,
"2019-04-15","EQIX","Equinix, Inc. Common Stock REI","NNM","1173638","1252414","352458","3.33",,
"2019-04-15","FCX","Freeport-McMoran Inc.","NYSE","33999549","30658255","18048759","1.88",,
"2019-04-15","FDX","FedEx Corporation","NYSE","3946318","3621410","1625924","2.43",,
"2019-04-15","FTNT","Fortinet, Inc. Common Stock","NNM","9139737","9185064","2035488","4.49",,
"2019-04-15","GD","General Dynamics Corporation","NYSE","2642105","2763720","1236538","2.14",,
"2019-04-15","GE","General Electric Company","NYSE","126651407","136016208","69424443","1.82",,
"2019-04-15","GILD","Gilead Sciences, Inc. Common S","NNM","13810419","12852521","6071435","2.27",,
"2019-04-15","GLW","Corning Incorporated","NYSE","15075228","14824580","2608299","5.78",,
"2019-04-15","GM","General Motors Company","NYSE","18524392","18487626","6014507","3.08",,
"2019-04-15","GOOG","Alphabet Inc. Class C Capital","NNM","1651481","2117779","931648","1.77",,
"2019-04-15","GOOGL","Alphabet Inc. Class A Common S","NNM","1571305","1875272","1051126","1.49",,
"2019-04-15","GS","Goldman Sachs Group Inc.","NYSE","5864998","5441784","3162085","1.85",,
"2019-04-15","GWW","W.W. Grainger, Inc.","NYSE","3082565","3051067","418270","7.37",,
"2019-04-15","HCA","HCA Healthcare, Inc.","NYSE","5281741","5542431","1367324","3.86",,
"2019-04-15","HD","Home Depot, Inc.","NYSE","9612037","9613142","3490752","2.75",,
"2019-04-15","HLT","Hilton Worldwide Holdings Inc.","NYSE","9968059","11157234","2163555","4.61",,
"2019-04-15","HON","Honeywell International, Inc.","NYSE","5321173","5387947","2335414","2.28",,
"2019-04-15","HPE","Hewlett Packard Enterprise Com","NYSE","32590918","34433116","7257768","4.49",,
"2019-04-15","IBKR","Interactive Brokers Group, Inc","IEX","5410555","5396443","398108","13.59",,
"2019-04-15","IBM","International Business Machine","NYSE","14299518","14631593","2895755","4.94",,
"2019-04-15","ICE","Intercontinental Exchange  Inc","NYSE","4543783","4255982","2887399","1.57",,
"2019-04-15","INTC","Intel Corporation Common Stock","NNM","52099252","53902827","15018906","3.47",,
"2019-04-15","INTU","Intuit Inc. Common Stock","NNM","2184845","2579650","1569413","1.39",,
"2019-04-15","ISRG","Intuitive Surgical, Inc. Commo","NNM","1629597","1681163","516861","3.15",,
"2019-04-15","ITW","Illinois Tool Works Inc.","NYSE","6182450","6666391","984044","6.28",,
"2019-04-15","JNJ","Johnson & Johnson","NYSE","11236255","12267355","5210198","2.16",,
"2019-04-15","JPM","JPMorgan Chase & Co.","NYSE","18877914","17585411","12853843","1.47",,
"2019-04-15","KKR","KKR & Co. Inc. Class A Common","NYSE","18176294","18150571","2365372","7.68",,
"2019-04-15","KLAC","KLA-Tencor Corporation Common","NNM","4218060","4421387","1211020","3.48",,
"2019-04-15","KMI","Kinder Morgan, Inc.","NYSE","50951089","56829716","11705319","4.35",,
"2019-04-15","KO","Coca-Cola Company","NYSE","22165215","24513347","9344821","2.37",,
"2019-04-15","LIN","Linde plc Ordinary Share","NYSE","6495654","5695552","1679573","3.87",,
"2019-04-15","LLY","Eli Lilly & Co.","NYSE","26966991","35064784","4580246","5.89",,
"2019-04-15","LMT","Lockheed Martin Corp.","NYSE","2097735","2259011","954604","2.20",,
"2019-04-15","LOW","Lowe's Companies Inc.","NYSE","11426544","13277199","4275014","2.67",,
"2019-04-15","LRCX","Lam Research Corporation Commo","NNM","7647233","7646435","1759738","4.35",,
"2019-04-15","MA","Mastercard Incorporated","NYSE","5513115","5951376","2859042","1.93",,
"2019-04-15","MAR","Marriott International Class A","NNM","7457996","7808138","1632169","4.57",,
"2019-04-15","MCD","McDonald''s Corporation","NYSE","5877619","6188763","2381699","2.47",,
"2019-04-15","MCK","McKesson Corporation","NYSE","6180996","5309894","1493921","4.14",,
"2019-04-15","MCO","Moody's Corporation","NYSE","4137353","5520267","807302","5.12",,
"2019-04-15","MDLZ","Mondelez International, Inc. C","NNM","9350650","10801089","5753256","1.63",,
"2019-04-15","MDT","Medtronic plc","NYSE","8413289","7845563","5866914","1.43",,
"2019-04-15","MMM","3M Company","NYSE","9254337","10016492","1555105","5.95",,
"2019-04-15","MNST","Monster Beverage Corporation","NNM","14019286","12081736","5156682","2.72",,
"2019-04-15","MO","Altria Group, Inc.","NYSE","22110080","19793292","7482320","2.95",,
"2019-04-15","MPC","MARATHON PETROLEUM CORPORATION","NYSE","7987991","9387962","7142679","1.12",,
"2019-04-15","MPWR","Monolithic Power Systems, Inc.","NNM","874293","992099","290915","3.01",,
"2019-04-15","MRK","Merck & Co., Inc.","NYSE","22306347","32630395","9064182","2.46",,
"2019-04-15","MRVL","Marvell Technology Group Ltd.","NNM","45369613","34344169","16963736","2.67",,
"2019-04-15","MS","Morgan Stanley","NYSE","11928847","13530923","12236590","1.00",,
"2019-04-15","MSFT","Microsoft Corporation Common S","NNM","42920632","45928562","18058282","2.38",,
"2019-04-15","MSI","Motorola Solutions, Inc. New","NYSE","2927102","3062560","715929","4.09",,
"2019-04-15","MU","Micron Technology, Inc. Common","NNM","36436900","44405582","25468817","1.43",,
"2019-04-15","NEE","Nextra Energy, Inc.","NYSE","4652632","4759862","1714214","2.71",,
"2019-04-15","NEM","Newmont Mining Corp.","NYSE","42900866","46456450","8878635","4.83",,
"2019-04-15","NFLX","Netflix, Inc. Common Stock","NNM","15160552","15305888","6523488","2.32",,
"2019-04-15","NKE","Nike, Inc.","NYSE","9505122","10959372","4829897","1.97",,
"2019-04-15","NOC","Northrop Grumman Corp.","NYSE","1812520","1872128","781657","2.32",,
"2019-04-15","NOW","SERVICENOW, INC.","NYSE","6905081","7524021","1440883","4.79",,
"2019-04-15","NSC","Norfolk Southern Corp.","NYSE","3745121","3481196","1191564","3.14",,
"2019-04-15","NVDA","NVIDIA Corporation Common Stoc","NNM","13941520","20021319","11926491","1.17",,
"2019-04-15","O","Realty Income Corporation","NYSE","12475838","13511372","1594309","7.83",,
"2019-04-15","ORCL","Oracle Corp","NYSE","42355254","43726102","10191108","4.16",,
"2019-04-15","ORLY","O'Reilly Automotive, Inc. Comm","NNM","1351684","1453722","502572","2.69",,
"2019-04-15","PANW","PALO ALTO NETWORKS, INC","NYSE","5073750","5286129","975466","5.20",,
"2019-04-15","PCAR","PACCAR Inc. Common Stock","NNM","8252528","9173215","2016740","4.09",,
"2019-04-15","PEP","PepsiCo, Inc. Common Stock","NNM","9099712","10260697","3706014","2.46",,
"2019-04-15","PFE","Pfizer Inc.","NYSE","65040585","79891707","16480527","3.95",,
"2019-04-15","PG","Procter & Gamble Company","NYSE","20989549","22811535","5828985","3.60",,
"2019-04-15","PGR","Progressive Corporation","NYSE","4588171","6856165","2120982","2.16",,
"2019-04-15","PH","Parker Hannifin Corp","NYSE","2152786","2254102","834864","2.58",,
"2019-04-15","PLD","PROLOGIS, INC.","NYSE","7082904","6489179","1963853","3.61",,
"2019-04-15","PM","Philip Morris International In","NYSE","8231352","9675751","4471267","1.84",,
"2019-04-15","PNC","PNC Financial Services Group","NYSE","2510043","2758054","1979955","1.27",,
"2019-04-15","PSX","PHILLIPS 66","NYSE","6479479","6986172","2209064","2.93",,
"2019-04-15","PWR","Quanta Services, Inc.","NYSE","3637147","4561628","1315915","2.76",,
"2019-04-15","QCOM","QUALCOMM Incorporated Common S","NNM","18452043","23028859","11643736","1.58",,
"2019-04-15","RCL","Royal Caribbean Cruises Ltd.","NYSE","2283963","2125622","1274855","1.79",,
"2019-04-15","REGN","Regeneron Pharmaceuticals, Inc","NNM","2347540","2092097","703696","3.34",,
"2019-04-15","ROST","Ross Stores, Inc. Common Stock","NNM","4742069","4405130","1832215","2.59",,
"2019-04-15","RSG","Republic Services Inc.","NYSE","5289602","5180865","1343907","3.94",,
"2019-04-15","SBUX","Starbucks Corporation Common S","NNM","28955229","32811897","6011115","4.82",,
"2019-04-15","SCCO","Southern Copper Corporation","NYSE","6747141","7163295","697027","9.68",,
"2019-04-15","SCHW","The Charles Schwab Corporation","NYSE","14934117","16135163","6749359","2.21",,
"2019-04-15","SHW","The Sherwin-Williams Company","NYSE","1184574","1157576","458542","2.58",,
"2019-04-15","SNPS","Synopsys, Inc. Common Stock","NNM","2563816","3094728","1186632","2.16",,
"2019-04-15","SO","The Southern Company","NYSE","14582315","15388657","4270698","3.41",,
"2019-04-15","SPG","Simon Property Group, Inc.","NYSE","8886368","8839163","868670","10.23",,
"2019-04-15","SPGI","S&P Global Inc.","NYSE","4006660","4173997","858129","4.67",,
"2019-04-15","SYK","Stryker Corporation","NYSE","3538580","4005501","1025346","3.45",,
"2019-04-15","T","AT&T Inc.","NYSE","85702202","85023468","29224803","2.93",,
"2019-04-15","TDG","TransDigm Group Incorporated","NYSE","2269793","2524302","286102","7.93",,
"2019-04-15","TGT","Target Corporation","NYSE","25752061","27520506","3701400","6.96",,
"2019-04-15","TJX","TJX Companies, Inc. (The)","NYSE","11731839","10797085","4784539","2.45",,
"2019-04-15","TMO","Thermo Fisher Scientific, Inc.","NYSE","2985559","3258042","1159650","2.57",,
"2019-04-15","TMUS","T-Mobile US, Inc. Common Stock","NNM","7931248","8189717","3125003","2.54",,
"2019-04-15","TRV","The Travelers Companies, Inc.","NYSE","3834127","3860366","1126643","3.40",,
"2019-04-15","TSLA","Tesla, Inc. Common Stock","NNM","33468438","32740424","9843321","3.40",,
"2019-04-15","TXN","Texas Instruments Incorporated","NNM","18579122","17347821","4720840","3.94",,
"2019-04-15","UNH","UNITEDHEALTH GROUP INCORPORATE","NYSE","5581387","6512378","5217687","1.07",,
"2019-04-15","UNP","Union Pacific Corp.","NYSE","7844262","9441675","2816757","2.78",,
"2019-04-15","UPS","United Parcel Service, Inc. Cl","NYSE","12648047","12164760","2451884","5.16",,
"2019-04-15","URI","United Rentals, Inc.","NYSE","3545213","3296381","1500250","2.36",,
"2019-04-15","USB","U.S. Bancorp","NYSE","14859177","15044527","6281654","2.37",,
"2019-04-15","V","VISA Inc.","NYSE","28433306","30051980","6061259","4.69",,
"2019-04-15","VLO","Valero Energy Corporation","NYSE","6218657","7312372","3214949","1.93",,
"2019-04-15","VRTX","Vertex Pharmaceuticals Incorpo","NNM","3705637","3586130","1187749","3.12",,
"2019-04-15","VZ","Verizon Communications","NYSE","28056519","38658321","11108249","2.53",,
"2019-04-15","WDC","Western Digital Corporation Co","NNM","14634394","19354757","5035754","2.91",,
"2019-04-15","WELL","Welltower Inc.","NYSE","5657487","6726116","1650733","3.43",,
"2019-04-15","WFC","Wells Fargo & Co.","NYSE","21047546","22299822","32946827","1.00",,
"2019-04-15","WM","Waste Management, Inc.","NYSE","3470183","3873480","2032134","1.71",,
"2019-04-15","WMB","Williams Companies Inc.","NYSE","27320889","27575511","6036519","4.53",,
"2019-04-15","WMT","Walmart Inc.","NYSE","16319351","16523258","5355643","3.05",,
"2019-04-15","XOM","Exxon Mobil Corporation","NYSE","36631628","39522692","9884526","3.71",,
"2018-10-15","AAPL","Apple Inc. Common Stock","NNM","40148048","40204115","33247265","1.21",,
"2018-10-15","ABBV","ABBVIE INC.","NYSE","32649937","31008468","5158491","6.33",,
"2018-10-15","ABT","Abbott Laboratories","NYSE","15621970","16391074","7496480","2.08",,
"2018-10-15","ADBE","Adobe Inc. Common Stock","NNM","4413555","4516948","4213405","1.05",,
"2018-10-15","ADI","Analog Devices, Inc. Common St","NNM","10915242","9474536","3925915","2.78",,
"2018-10-15","ADP","Automatic Data Processing, Inc","NNM","3581775","3586852","1798270","1.99",,
"2018-10-15","AEP","American Electric Power Compan","NYSE","7419916","6473414","2918434","2.54",,
"2018-10-15","AFL","Aflac Inc.","NYSE","12439380","11421249","3506789","3.55",,
"2018-10-15","AJG","Arthur J. Gallagher & Co.","NYSE","1837786","1780562","708455","2.59",,
"2018-10-15","ALL","The Allstate Corporation","NYSE","5485230","5464118","1572799","3.49",,
"2018-10-15","AMAT","Applied Materials, Inc. Common","NNM","16015152","16225554","14143637","1.13",,
"2018-10-15","AMD","Advanced Micro Devices, Inc. C","NNM","121634146","134048852","118113562","1.03",,"R"
"2018-10-15","AMGN","Amgen Inc. Common Stock","NNM","10290144","10244329","2879110","3.57",,
"2018-10-15","AMT","American Tower Corporation","NYSE","4438543","4320649","1828423","2.43",,
"2018-10-15","AMZN","Amazon.com, Inc. Common Stock","NNM","5119639","4350336","7389023","1.00",,
"2018-10-15","ANET","Arista Networks","NYSE","3191095","3318355","1183420","2.70",,
"2018-10-15","AON","Aon plc Class A","NYSE","2463330","2279396","901331","2.73",,
"2018-10-15","APD","Air Products & Chemicals, Inc.","NYSE","1931917","1672428","901892","2.14",,
"2018-10-15","APH","Amphenol Corporation","NYSE","3752172","3604664","1414712","2.65",,
"2018-10-15","APO","Apollo Global Management, LLC","NYSE","4486040","4401520","1224870","3.66",,
"2018-10-15","AVGO","Broadcom Inc. Common Stock","NNM","10085893","10279745","3147092","3.20",,
"2018-10-15","AXP","American Express Company","NYSE","4640175","4931510","3323450","1.40",,
"2018-10-15","BA","Boeing Company","NYSE","4798875","4729650","4352126","1.10",,"R"
"2018-10-15","BAC","Bank of America Corporation","NYSE","116668476","124284713","73209589","1.59",,"R"
"2018-10-15","BKNG","Booking Holdings Inc. Common S","NNM","1109963","1162241","436695","2.54",,
"2018-10-15","BLK","Blackrock, Inc.","NYSE","992000","928906","988083","1.00",,
"2018-10-15","BMY","Bristol-Myers Squibb Co.","NYSE","12925782","13501371","7000818","1.85",,
"2018-10-15","BNY","BlackRock New York Municipal I","NYSE","4191","6321","32480","1.00",,
"2018-10-15","BRKA","Berkshire Hathaway Inc.","NYSE","286","277","381","1.00",,
"2018-10-15","BRKB","BERKSHIRE HATHAWAY Class B","NYSE","12245728","10865041","4944130","2.48",,
"2018-10-15","BSX","Boston Scientific Corp.","NYSE","12445533","13015023","7593550","1.64",,
"2018-10-15","BX","The Blackstone Group L.P","NYSE","10482589","11272547","5188774","2.02",,
"2018-10-15","C","Citigroup Inc.","NYSE","17276860","18369119","17572455","1.00",,
"2018-10-15","CAT","Caterpillar Inc.","NYSE","6810885","8042833","5275995","1.29",,
"2018-10-15","CDNS","Cadence Design Systems, Inc. C","NNM","5266979","4534303","2055487","2.56",,
"2018-10-15","CI","CIGNA Corporation","NYSE","14663194","14395455","2413508","6.08",,
"2018-10-15","CL","Colgate-Palmolive Company","NYSE","10095599","9679193","3976865","2.54",,
"2018-10-15","CMCSA","Comcast Corporation Class A Co","NNM","62119986","63101869","23838816","2.61",,
"2018-10-15","CME","CME Group Inc. Class A Common","NNM","8603046","7492072","1752584","4.91",,
"2018-10-15","CMI","Cummins Inc.","NYSE","3720658","3809985","1426412","2.61",,
"2018-10-15","COF","Capital One Financial","NYSE","4016263","3087669","2611503","1.54",,
"2018-10-15","COP","ConocoPhillips","NYSE","11288063","12740406","6158727","1.83",,
"2018-10-15","COST","Costco Wholesale Corporation C","NNM","6182355","5517414","2985774","2.07",,
"2018-10-15","CRM","salesforce.com, inc.","NYSE","10397002","11244610","7142781","1.46",,"R"
"2018-10-15","CSCO","Cisco Systems, Inc. Common Sto","NNM","34122425","34231564","22769725","1.50",,
"2018-10-15","CSX","CSX Corporation Common Stock","NNM","13330657","12648004","5963581","2.24",,
"2018-10-15","CTAS","Cintas Corporation Common Stoc","NNM","3356361","3376459","850699","3.95",,
"2018-10-15","CVNA","Carvana Co.","NYSE","12677040","10709477","1883612","6.73",,
"2018-10-15","CVS","CVS HEALTH CORPORATION","NYSE","58345396","58549171","7571870","7.71",,
"2018-10-15","CVX","Chevron Corporation","NYSE","17727904","17619941","6006996","2.95",,
"2018-10-15","D","Dominion Energy, Inc Common St","NYSE","21896402","20351024","3062706","7.15",,
"2018-10-15","DE","Deere & Company","NYSE","7688671","6826413","2575114","2.99",,
"2018-10-15","DHR","Danaher Corporation","NYSE","4563169","4273037","2465404","1.85",,
"2018-10-15","DIS","The Walt Disney Company","NYSE","26464662","27218447","7048662","3.75",,
"2018-10-15","DLR","Digital Realty Trust, Inc.","NYSE","14899889","14885489","1525102","9.77",,
"2018-10-15","DUK","Duke Energy Corporation","NYSE","15439203","13593904","4220121","3.66",,
"2018-10-15","ECL","Ecolab, Inc.","NYSE","5042897","5237452","1128665","4.47",,
"2018-10-15","EMR","Emerson Electric Co.","NYSE","6552419","5270560","3485562","1.88",,
"2018-10-15","EOG","EOG Resources, Inc.","NYSE","9920526","8820656","2905160","3.41",,
"2018-10-15","EPD","Enterprise Products Partners L","NYSE","9750335","8805357","4606897","2.12",,
"2018-10-15","EQIX","Equinix, Inc. Common Stock REI","NNM","1039660","1225570","478784","2.17",,
"2018-10-15","FCX","Freeport-McMoran Inc.","NYSE","25230898","28920594","20892392","1.21",,
"2018-10-15","FDX","FedEx Corporation","NYSE","4717627","4899056","1836418","2.57",,
"2018-10-15","FTNT","Fortinet, Inc. Common Stock","NNM","5891607","6330578","5635717","1.05",,
"2018-10-15","GD","General Dynamics Corporation","NYSE","3035522","2837909","1286196","2.36",,"R"
"2018-10-15","GE","General Electric Company","NYSE","124164069","123793031","131172948","1.00",,
"2018-10-15","GILD","Gilead Sciences, Inc. Common S","NNM","15046053","13219532","6495748","2.32",,
"2018-10-15","GLW","Corning Incorporated","NYSE","16618123","16893913","6026487","2.76",,
"2018-10-15","GM","General Motors Company","NYSE","28100798","26648373","16961573","1.66",,
"2018-10-15","GOOG","Alphabet Inc. Class C Capital","NNM","2103149","2181128","1821532","1.15",,
"2018-10-15","GOOGL","Alphabet Inc. Class A Common S","NNM","1945093","1798300","2109393","1.00",,
"2018-10-15","GS","Goldman Sachs Group Inc.","NYSE","4387666","3532243","3089041","1.42",,
"2018-10-15","GWW","W.W. Grainger, Inc.","NYSE","3594875","3787573","778672","4.62",,
"2018-10-15","HCA","HCA Healthcare, Inc.","NYSE","4077626","4271027","1604090","2.54",,
"2018-10-15","HD","Home Depot, Inc.","NYSE","8621668","8310222","4777714","1.80",,
"2018-10-15","HLT","Hilton Worldwide Holdings Inc.","NYSE","10079607","8221959","4801307","2.10",,
"2018-10-15","HON","Honeywell International, Inc.","NYSE","5807788","5821380","3209582","1.81",,
"2018-10-15","HPE","Hewlett Packard Enterprise Com","NYSE","25518715","25015212","10911730","2.34",,
"2018-10-15","IBKR","Interactive Brokers Group, Inc","IEX","2483327","2582770","622678","3.99",,
"2018-10-15","IBM","International Business Machine","NYSE","21393155","20969512","4692019","4.56",,
"2018-10-15","ICE","Intercontinental Exchange  Inc","NYSE","5838977","5946475","2549281","2.29",,
"2018-10-15","INTC","Intel Corporation Common Stock","NNM","68117741","72175748","31527659","2.16",,
"2018-10-15","INTU","Intuit Inc. Common Stock","NNM","3585741","3449651","1821549","1.97",,
"2018-10-15","ISRG","Intuitive Surgical, Inc. Commo","NNM","1320809","1250407","933585","1.41",,
"2018-10-15","ITW","Illinois Tool Works Inc.","NYSE","4263020","4535894","1726217","2.47",,
"2018-10-15","JNJ","Johnson & Johnson","NYSE","14375585","13368685","6153370","2.34",,
"2018-10-15","JPM","JPMorgan Chase & Co.","NYSE","16681702","18655265","18853499","1.00",,
"2018-10-15","KKR","KKR & Co. Inc. Class A Common","NYSE","16570696","18770293","5282781","3.14",,
"2018-10-15","KLAC","KLA-Tencor Corporation Common","NNM","5517473","5319166","1888217","2.92",,
"2018-10-15","KMI","Kinder Morgan, Inc.","NYSE","44340938","36007218","15327873","2.89",,
"2018-10-15","KO","Coca-Cola Company","NYSE","24877758","24723524","11085674","2.24",,
"2018-10-15","LLY","Eli Lilly & Co.","NYSE","15215133","9453231","5710529","2.66",,
"2018-10-15","LMT","Lockheed Martin Corp.","NYSE","2096101","1939505","1176449","1.78",,
"2018-10-15","LOW","Lowe's Companies Inc.","NYSE","9192868","10800435","4897396","1.88",,
"2018-10-15","LRCX","Lam Research Corporation Commo","NNM","9732676","11506507","3018291","3.22",,
"2018-10-15","MA","Mastercard Incorporated","NYSE","6011330","7264539","5241094","1.15",,
"2018-10-15","MAR","Marriott International Class A","NNM","6534458","7928362","2180316","3.00",,
"2018-10-15","MCD","McDonald's Corporation","NYSE","7438341","7339712","3648440","2.04",,
"2018-10-15","MCK","McKesson Corporation","NYSE","4463114","4361693","1366404","3.27",,
"2018-10-15","MCO","Moody's Corporation","NYSE","2677668","2116335","1175039","2.28",,
"2018-10-15","MDLZ","Mondelez International, Inc. C","NNM","11207588","15640484","6342085","1.77",,
"2018-10-15","MDT","Medtronic plc","NYSE","8367359","8950310","4597731","1.82",,
"2018-10-15","MMM","3M Company","NYSE","8401188","8520628","2344389","3.58",,
"2018-10-15","MNST","Monster Beverage Corporation","NNM","7233505","6286615","2923948","2.47",,
"2018-10-15","MO","Altria Group, Inc.","NYSE","26849287","29467455","8091095","3.32",,
"2018-10-15","MPC","MARATHON PETROLEUM CORPORATION","NYSE","8227824","35326467","7933842","1.04",,
"2018-10-15","MPWR","Monolithic Power Systems, Inc.","NNM","1672402","1294439","609311","2.74",,
"2018-10-15","MRK","Merck & Co., Inc.","NYSE","17352254","17400442","9488303","1.83",,
"2018-10-15","MRVL","Marvell Technology Group Ltd.","NNM","26334942","19042183","12830877","2.05",,
"2018-10-15","MS","Morgan Stanley","NYSE","11235503","12538179","11357088","1.00",,
"2018-10-15","MSFT","Microsoft Corporation Common S","NNM","46403307","48402349","34699190","1.34",,
"2018-10-15","MSI","Motorola Solutions, Inc. New","NYSE","3911206","4016070","885690","4.42",,
"2018-10-15","MU","Micron Technology, Inc. Common","NNM","57502121","51865437","34054575","1.69",,
"2018-10-15","NEE","Nextra Energy, Inc.","NYSE","6345869","6693411","1833385","3.46",,
"2018-10-15","NEM","Newmont Mining Corp.","NYSE","9421121","9410200","6366854","1.48",,
"2018-10-15","NFLX","Netflix, Inc. Common Stock","NNM","16234018","16396960","11445002","1.42",,
"2018-10-15","NKE","Nike, Inc.","NYSE","11516385","10307920","8995036","1.28",,
"2018-10-15","NOC","Northrop Grumman Corp.","NYSE","2382955","2487025","1007648","2.36",,
"2018-10-15","NOW","SERVICENOW, INC.","NYSE","10733181","10705885","2404697","4.46",,
"2018-10-15","NSC","Norfolk Southern Corp.","NYSE","6439975","6912485","2022567","3.18",,
"2018-10-15","NVDA","NVIDIA Corporation Common Stoc","NNM","12954401","11598267","12038536","1.08",,
"2018-10-15","O","Realty Income Corporation","NYSE","20169217","18739652","3019263","6.68",,
"2018-10-15","ORCL","Oracle Corp","NYSE","41292847","39440369","20017420","2.06",,
"2018-10-15","ORLY","O'Reilly Automotive, Inc. Comm","NNM","1648253","1672731","566846","2.91",,
"2018-10-15","PANW","PALO ALTO NETWORKS, INC","NYSE","4528757","4156530","1289674","3.51",,
"2018-10-15","PCAR","PACCAR Inc. Common Stock","NNM","6893824","8197402","1851658","3.72",,
"2018-10-15","PEP","PepsiCo, Inc. Common Stock","NNM","10324099","7827877","4860478","2.12",,
"2018-10-15","PFE","Pfizer Inc.","NYSE","50351438","49879042","23693538","2.13",,
"2018-10-15","PG","Procter & Gamble Company","NYSE","19552251","20973776","7965547","2.45",,
"2018-10-15","PGR","Progressive Corporation","NYSE","8808830","9264025","3470873","2.54",,
"2018-10-15","PH","Parker Hannifin Corp","NYSE","2820077","2635794","1164123","2.42",,
"2018-10-15","PLD","PROLOGIS, INC.","NYSE","7623417","7407493","2912676","2.62",,
"2018-10-15","PM","Philip Morris International In","NYSE","12793812","11309706","5934857","2.16",,
"2018-10-15","PNC","PNC Financial Services Group","NYSE","2814137","2954490","2940606","1.00",,
"2018-10-15","PSX","PHILLIPS 66","NYSE","5355671","5658254","2711397","1.98",,
"2018-10-15","PWR","Quanta Services, Inc.","NYSE","4805941","4214867","1432423","3.36",,
"2018-10-15","QCOM","QUALCOMM Incorporated Common S","NNM","107920459","127026496","15923033","6.78",,
"2018-10-15","RCL","Royal Caribbean Cruises Ltd.","NYSE","2615294","3262052","1477946","1.77",,
"2018-10-15","REGN","Regeneron Pharmaceuticals, Inc","NNM","2601861","2619900","586682","4.43",,
"2018-10-15","ROST","Ross Stores, Inc. Common Stock","NNM","5596861","5642042","2505212","2.23",,
"2018-10-15","RSG","Republic Services Inc.","NYSE","4420866","3969178","1251429","3.53",,
"2018-10-15","SBUX","Starbucks Corporation Common S","NNM","87302625","25103170","12530582","6.97",,
"2018-10-15","SCCO","Southern Copper Corporation","NYSE","7152840","7363289","915101","7.82",,
"2018-10-15","SCHW","The Charles Schwab Corporation","NYSE","14384248","12869122","7623114","1.89",,
"2018-10-15","SHW","The Sherwin-Williams Company","NYSE","1059499","1362593","850033","1.25",,
"2018-10-15","SNPS","Synopsys, Inc. Common Stock","NNM","2477010","2229810","1339585","1.85",,
"2018-10-15","SO","The Southern Company","NYSE","27112874","28423258","6424536","4.22",,
"2018-10-15","SPG","Simon Property Group, Inc.","NYSE","11793409","10835267","1710989","6.89",,
"2018-10-15","SPGI","S&P Global Inc.","NYSE","2312153","2481621","1616701","1.43",,
"2018-10-15","SYK","Stryker Corporation","NYSE","5079144","4602716","1257729","4.04",,
"2018-10-15","T","AT&T Inc.","NYSE","63756658","63426337","34268684","1.86",,
"2018-10-15","TDG","TransDigm Group Incorporated","NYSE","2450729","2582719","510842","4.80",,
"2018-10-15","TGT","Target Corporation","NYSE","23524349","23498080","4346777","5.41",,
"2018-10-15","TJX","TJX Companies, Inc. (The)","NYSE","6997997","6242318","3082150","2.27",,
"2018-10-15","TMO","Thermo Fisher Scientific, Inc.","NYSE","3481839","3641539","1616541","2.15",,
"2018-10-15","TMUS","T-Mobile US, Inc. Common Stock","NNM","10386980","12059124","3769459","2.76",,
"2018-10-15","TRV","The Travelers Companies, Inc.","NYSE","3313053","3332469","1446818","2.29",,
"2018-10-15","TSLA","Tesla, Inc. Common Stock","NNM","34057205","33611481","11748424","2.90",,"R"
"2018-10-15","TXN","Texas Instruments Incorporated","NNM","16722724","15088152","6981815","2.40",,
"2018-10-15","UNH","UNITEDHEALTH GROUP INCORPORATE","NYSE","5357251","5338452","3101635","1.73",,
"2018-10-15","UNP","Union Pacific Corp.","NYSE","12578163","14830106","4360401","2.88",,
"2018-10-15","UPS","United Parcel Service, Inc. Cl","NYSE","10803558","8052832","2897207","3.73",,
"2018-10-15","URI","United Rentals, Inc.","NYSE","3291360","3373227","1537348","2.14",,
"2018-10-15","USB","U.S. Bancorp","NYSE","13563112","15311594","7516352","1.80",,
"2018-10-15","V","VISA Inc.","NYSE","25980468","28390159","10559577","2.46",,
"2018-10-15","VLO","Valero Energy Corporation","NYSE","7409424","8126765","2936909","2.52",,
"2018-10-15","VRTX","Vertex Pharmaceuticals Incorpo","NNM","2756220","2868277","1254364","2.20",,
"2018-10-15","VZ","Verizon Communications","NYSE","38458626","33213396","16532156","2.33",,
"2018-10-15","WDC","Western Digital Corporation Co","NNM","11217805","11677564","4200987","2.67",,"R"
"2018-10-15","WELL","Welltower Inc.","NYSE","12197659","12509733","2075166","5.88",,
"2018-10-15","WFC","Wells Fargo & Co.","NYSE","22025623","19655053","21760690","1.01",,
"2018-10-15","WM","Waste Management, Inc.","NYSE","5216866","4070085","2063977","2.53",,
"2018-10-15","WMB","Williams Companies Inc.","NYSE","29323197","32729290","9447398","3.10",,
"2018-10-15","WMT","Walmart Inc.","NYSE","21525146","19411621","7724235","2.79",,
"2018-10-15","XOM","Exxon Mobil Corporation","NYSE","29331977","28341888","12067166","2.43",,
"2019-03-15","AAPL","Apple Inc. Common Stock","NNM","72751656","96832513","27347457","2.66",,
"2019-03-15","ABBV","ABBVIE INC.","NYSE","22777273","21880236","7054898","3.23",,
"2019-03-15","ABT","Abbott Laboratories","NYSE","16023321","15112577","5815477","2.76",,
"2019-03-15","ADBE","Adobe Inc. Common Stock","NNM","4308772","4588733","3775574","1.14",,
"2019-03-15","ADI","Analog Devices, Inc. Common St","NNM","7435852","8205946","2829637","2.63",,
"2019-03-15","ADP","Automatic Data Processing, Inc","NNM","5389539","4319725","2491083","2.16",,
"2019-03-15","AEP","American Electric Power Compan","NYSE","8602123","9695006","3162598","2.72",,
"2019-03-15","AFL","Aflac Inc.","NYSE","10756179","10333187","2929685","3.67",,
"2019-03-15","AJG","Arthur J. Gallagher & Co.","NYSE","2553487","2161672","1373141","1.86",,
"2019-03-15","ALL","The Allstate Corporation","NYSE","5190120","4236310","2085212","2.49",,
"2019-03-15","AMAT","Applied Materials, Inc. Common","NNM","15970091","13958893","11270431","1.42",,
"2019-03-15","AMD","Advanced Micro Devices, Inc. C","NNM","114672426","118846426","50055248","2.29",,
"2019-03-15","AMGN","Amgen Inc. Common Stock","NNM","10702476","10852205","3295170","3.25",,
"2019-03-15","AMT","American Tower Corporation","NYSE","5429655","5007864","1639870","3.31",,
"2019-03-15","AMZN","Amazon.com, Inc. Common Stock","NNM","4582645","4258413","4544241","1.01",,
"2019-03-15","ANET","Arista Networks","NYSE","1930843","2104699","789271","2.45",,
"2019-03-15","AON","Aon plc Class A","NYSE","1545380","1547283","1807303","1.00",,
"2019-03-15","APD","Air Products & Chemicals, Inc.","NYSE","2948448","2749570","1007519","2.93",,
"2019-03-15","APH","Amphenol Corporation","NYSE","3188633","3162293","913776","3.49",,
"2019-03-15","APO","Apollo Global Management, LLC","NYSE","5188030","5259938","531613","9.76",,
"2019-03-15","AVGO","Broadcom Inc. Common Stock","NNM","4790486","5583462","3599337","1.33",,
"2019-03-15","AXP","American Express Company","NYSE","8733778","7097201","3356560","2.60",,
"2019-03-15","BA","Boeing Company","NYSE","4921045","4866158","15575111","1.00",,
"2019-03-15","BAC","Bank of America Corporation","NYSE","106283593","104534888","48767860","2.18",,
"2019-03-15","BKNG","Booking Holdings Inc. Common S","NNM","1183784","1085568","750132","1.58",,
"2019-03-15","BLK","Blackrock, Inc.","NYSE","1064847","1012309","642472","1.66",,
"2019-03-15","BMY","Bristol-Myers Squibb Co.","NYSE","65779147","74111887","21684195","3.03",,
"2019-03-15","BNY","BlackRock New York Municipal I","NYSE","27047","7453","17921","1.51",,
"2019-03-15","BRKA","Berkshire Hathaway Inc.","NYSE","317","295","238","1.33",,
"2019-03-15","BRKB","BERKSHIRE HATHAWAY Class B","NYSE","11552641","10019398","4344371","2.66",,
"2019-03-15","BSX","Boston Scientific Corp.","NYSE","8390487","8476067","5597408","1.50",,
"2019-03-15","BX","The Blackstone Group L.P","NYSE","29330878","29066082","2275153","12.89",,
"2019-03-15","C","Citigroup Inc.","NYSE","15871341","18339578","16770619","1.00",,
"2019-03-15","CAT","Caterpillar Inc.","NYSE","7689469","8904067","4219054","1.82",,
"2019-03-15","CDNS","Cadence Design Systems, Inc. C","NNM","6010698","5425477","2219146","2.71",,
"2019-03-15","CI","CIGNA Corporation","NYSE","4974838","4998666","2927287","1.70",,
"2019-03-15","CL","Colgate-Palmolive Company","NYSE","11813703","10213987","3483642","3.39",,
"2019-03-15","CMCSA","Comcast Corporation Class A Co","NNM","66413719","68171696","22362425","2.97",,
"2019-03-15","CME","CME Group Inc. Class A Common","NNM","4851562","4896955","2168118","2.24",,
"2019-03-15","CMI","Cummins Inc.","NYSE","3952851","3361903","1640707","2.41",,
"2019-03-15","COF","Capital One Financial","NYSE","5923031","5057158","2406614","2.46",,
"2019-03-15","COP","ConocoPhillips","NYSE","12912183","11524200","8802784","1.47",,
"2019-03-15","COST","Costco Wholesale Corporation C","NNM","5647211","4293279","3183076","1.77",,
"2019-03-15","CRM","salesforce.com, inc.","NYSE","10592068","10694730","7727809","1.37",,
"2019-03-15","CSCO","Cisco Systems, Inc. Common Sto","NNM","44234513","41191088","21625589","2.05",,
"2019-03-15","CSX","CSX Corporation Common Stock","NNM","14274982","12724571","5675675","2.52",,
"2019-03-15","CTAS","Cintas Corporation Common Stoc","NNM","2667124","2447741","579156","4.61",,
"2019-03-15","CVNA","Carvana Co.","NYSE","23879805","22782871","2485795","9.61",,
"2019-03-15","CVS","CVS HEALTH CORPORATION","NYSE","19836575","14851537","19506039","1.02",,
"2019-03-15","CVX","Chevron Corporation","NYSE","19240678","15861087","6998181","2.75",,
"2019-03-15","D","Dominion Energy, Inc Common St","NYSE","10626702","10312584","5338649","1.99",,
"2019-03-15","DE","Deere & Company","NYSE","7428785","7783105","1897728","3.91",,
"2019-03-15","DELL","Dell Technologies Inc.","NYSE","4847558","5110834","2860206","1.69",,
"2019-03-15","DHR","Danaher Corporation","NYSE","6433423","4803555","3289953","1.96",,
"2019-03-15","DIS","The Walt Disney Company","NYSE","43262491","35074930","9606624","4.50",,
"2019-03-15","DLR","Digital Realty Trust, Inc.","NYSE","13258151","14997867","1367124","9.70",,
"2019-03-15","DUK","Duke Energy Corporation","NYSE","12648091","12725868","4123333","3.07",,
"2019-03-15","ECL","Ecolab, Inc.","NYSE","4822409","5069975","1144105","4.22",,
"2019-03-15","EMR","Emerson Electric Co.","NYSE","8084459","7276858","3956020","2.04",,
"2019-03-15","EOG","EOG Resources, Inc.","NYSE","13324951","11310433","5783118","2.30",,
"2019-03-15","EPD","Enterprise Products Partners L","NYSE","24873640","22065540","3300456","7.54",,
"2019-03-15","EQIX","Equinix, Inc. Common Stock REI","NNM","1020399","1018003","613203","1.66",,
"2019-03-15","FCX","Freeport-McMoran Inc.","NYSE","30350076","34213112","14928424","2.03",,
"2019-03-15","FDX","FedEx Corporation","NYSE","3655593","3284140","1818090","2.01",,
"2019-03-15","FTNT","Fortinet, Inc. Common Stock","NNM","8989206","8982634","1684460","5.34",,
"2019-03-15","GD","General Dynamics Corporation","NYSE","3397522","3189399","1604596","2.12",,
"2019-03-15","GE","General Electric Company","NYSE","116621628","112261481","123724875","1.00",,
"2019-03-15","GILD","Gilead Sciences, Inc. Common S","NNM","11348259","10321882","7558968","1.50",,
"2019-03-15","GLW","Corning Incorporated","NYSE","15302884","15947772","3239463","4.72",,
"2019-03-15","GM","General Motors Company","NYSE","18237398","19232371","8832349","2.06",,
"2019-03-15","GOOG","Alphabet Inc. Class C Capital","NNM","2215719","1927838","1511279","1.47",,
"2019-03-15","GOOGL","Alphabet Inc. Class A Common S","NNM","2485347","2025784","1656085","1.50",,
"2019-03-15","GS","Goldman Sachs Group Inc.","NYSE","6306233","7630501","2509077","2.51",,
"2019-03-15","GWW","W.W. Grainger, Inc.","NYSE","3033870","3038944","383429","7.91",,
"2019-03-15","HCA","HCA Healthcare, Inc.","NYSE","5519608","3837464","2507370","2.20",,
"2019-03-15","HD","Home Depot, Inc.","NYSE","9599779","8380417","4663027","2.06",,
"2019-03-15","HLT","Hilton Worldwide Holdings Inc.","NYSE","8812495","9072744","2269124","3.88",,
"2019-03-15","HON","Honeywell International, Inc.","NYSE","5392904","4980745","3305402","1.63",,
"2019-03-15","HPE","Hewlett Packard Enterprise Com","NYSE","35360956","36557459","13793670","2.56",,
"2019-03-15","IBKR","Interactive Brokers Group, Inc","IEX","5587017","5724690","441438","12.66",,
"2019-03-15","IBM","International Business Machine","NYSE","15872820","13011793","3868047","4.10",,
"2019-03-15","ICE","Intercontinental Exchange  Inc","NYSE","4697937","4669746","2976165","1.58",,
"2019-03-15","INTC","Intel Corporation Common Stock","NNM","57085137","53945086","22629670","2.52",,
"2019-03-15","INTU","Intuit Inc. Common Stock","NNM","2712349","3296089","1520868","1.78",,
"2019-03-15","ISRG","Intuitive Surgical, Inc. Commo","NNM","1533804","1694011","617201","2.49",,
"2019-03-15","ITW","Illinois Tool Works Inc.","NYSE","6387660","5779762","1682443","3.80",,
"2019-03-15","JNJ","Johnson & Johnson","NYSE","13068388","10487880","7139978","1.83",,
"2019-03-15","JPM","JPMorgan Chase & Co.","NYSE","18547558","17633721","12567083","1.48",,
"2019-03-15","KKR","KKR & Co. Inc. Class A Common","NYSE","16896123","13549086","4413690","3.83",,
"2019-03-15","KLAC","KLA-Tencor Corporation Common","NNM","6092560","7557669","1616105","3.77",,
"2019-03-15","KMI","Kinder Morgan, Inc.","NYSE","52962403","45421531","17530962","3.02",,
"2019-03-15","KO","Coca-Cola Company","NYSE","29347831","24059544","19152705","1.53",,
"2019-03-15","LIN","Linde plc Ordinary Share","NYSE","5480698","5640439","1700366","3.22",,
"2019-03-15","LLY","Eli Lilly & Co.","NYSE","133358352","103663031","51788097","2.58",,
"2019-03-15","LMT","Lockheed Martin Corp.","NYSE","3136814","2767343","1451281","2.16",,
"2019-03-15","LOW","Lowe's Companies Inc.","NYSE","12522975","9912535","4873987","2.57",,
"2019-03-15","LRCX","Lam Research Corporation Commo","NNM","8707538","9825946","2667287","3.26",,
"2019-03-15","MA","Mastercard Incorporated","NYSE","6544199","6070132","2977480","2.20",,
"2019-03-15","MAR","Marriott International Class A","NNM","6082290","7086897","2514065","2.42",,
"2019-03-15","MCD","McDonald's Corporation","NYSE","6250904","5857082","3120358","2.00",,
"2019-03-15","MCK","McKesson Corporation","NYSE","5109995","3307858","1746868","2.93",,
"2019-03-15","MCO","Moody's Corporation","NYSE","6173164","6699251","943937","6.54",,
"2019-03-15","MDLZ","Mondelez International, Inc. C","NNM","10797615","12241089","7291591","1.48",,
"2019-03-15","MDT","Medtronic plc","NYSE","7304479","8482146","5934095","1.23",,
"2019-03-15","MMM","3M Company","NYSE","9807468","8747107","2373062","4.13",,
"2019-03-15","MNST","Monster Beverage Corporation","NNM","7850011","6787372","4511655","1.74",,
"2019-03-15","MO","Altria Group, Inc.","NYSE","19241918","12813629","13549736","1.42",,
"2019-03-15","MPC","MARATHON PETROLEUM CORPORATION","NYSE","10155683","8084799","6857654","1.48",,
"2019-03-15","MPWR","Monolithic Power Systems, Inc.","NNM","1004442","985789","220292","4.56",,
"2019-03-15","MRK","Merck & Co., Inc.","NYSE","38684680","39664695","9626470","4.02",,
"2019-03-15","MRVL","Marvell Technology Group Ltd.","NNM","32261636","26188472","12655653","2.55",,
"2019-03-15","MS","Morgan Stanley","NYSE","13414349","11243119","10656576","1.26",,
"2019-03-15","MSFT","Microsoft Corporation Common S","NNM","44887908","41155216","28106752","1.60",,
"2019-03-15","MSI","Motorola Solutions, Inc. New","NYSE","3449427","3348161","909269","3.79",,
"2019-03-15","MU","Micron Technology, Inc. Common","NNM","44530668","50885845","28178357","1.58",,
"2019-03-15","NEE","Nextra Energy, Inc.","NYSE","5907720","6234415","1956666","3.02",,
"2019-03-15","NEM","Newmont Mining Corp.","NYSE","47267710","30231757","15707268","3.01",,
"2019-03-15","NFLX","Netflix, Inc. Common Stock","NNM","15578777","14918660","6270292","2.48",,
"2019-03-15","NKE","Nike, Inc.","NYSE","10266569","8693247","5566107","1.84",,
"2019-03-15","NOC","Northrop Grumman Corp.","NYSE","2548809","2140557","984655","2.59",,
"2019-03-15","NOW","SERVICENOW, INC.","NYSE","9667494","8950259","2027557","4.77",,
"2019-03-15","NSC","Norfolk Southern Corp.","NYSE","3798623","3731077","1522511","2.49",,
"2019-03-15","NVDA","NVIDIA Corporation Common Stoc","NNM","17025404","13447231","13172260","1.29",,
"2019-03-15","O","Realty Income Corporation","NYSE","13073398","14695358","1916641","6.82",,
"2019-03-15","ORCL","Oracle Corp","NYSE","43726093","50788097","19626525","2.23",,
"2019-03-15","ORLY","O'Reilly Automotive, Inc. Comm","NNM","1238776","1078290","607064","2.04",,
"2019-03-15","PANW","PALO ALTO NETWORKS, INC","NYSE","5619978","5757785","1497523","3.75",,
"2019-03-15","PCAR","PACCAR Inc. Common Stock","NNM","9305545","8222766","2334697","3.99",,
"2019-03-15","PEP","PepsiCo, Inc. Common Stock","NNM","11072628","8238229","6250185","1.77",,
"2019-03-15","PFE","Pfizer Inc.","NYSE","103486562","138180124","29558567","3.50",,
"2019-03-15","PG","Procter & Gamble Company","NYSE","24681949","22481729","9408819","2.62",,
"2019-03-15","PGR","Progressive Corporation","NYSE","6627683","6192860","3175128","2.09",,
"2019-03-15","PH","Parker Hannifin Corp","NYSE","2497182","2318381","838887","2.98",,
"2019-03-15","PLD","PROLOGIS, INC.","NYSE","6565567","5392065","2702982","2.43",,
"2019-03-15","PM","Philip Morris International In","NYSE","10761078","10794613","5480822","1.96",,
"2019-03-15","PNC","PNC Financial Services Group","NYSE","3728968","2565240","2596633","1.44",,
"2019-03-15","PSX","PHILLIPS 66","NYSE","6490750","6111634","2705190","2.40",,
"2019-03-15","PWR","Quanta Services, Inc.","NYSE","5242985","5370139","1405755","3.73",,
"2019-03-15","QCOM","QUALCOMM Incorporated Common S","NNM","27881226","35040694","13253165","2.10",,
"2019-03-15","RCL","Royal Caribbean Cruises Ltd.","NYSE","2030230","2034499","1135794","1.79",,
"2019-03-15","REGN","Regeneron Pharmaceuticals, Inc","NNM","1906601","1846284","860783","2.21",,
"2019-03-15","ROST","Ross Stores, Inc. Common Stock","NNM","5385114","4413480","3095721","1.74",,
"2019-03-15","RSG","Republic Services Inc.","NYSE","5136356","5873729","1183177","4.34",,
"2019-03-15","SBUX","Starbucks Corporation Common S","NNM","23982456","25978849","10548217","2.27",,
"2019-03-15","SCCO","Southern Copper Corporation","NYSE","6780877","6422726","1062735","6.38",,
"2019-03-15","SCHW","The Charles Schwab Corporation","NYSE","13646613","11900335","6236365","2.19",,
"2019-03-15","SHW","The Sherwin-Williams Company","NYSE","1185190","1239385","684798","1.73",,
"2019-03-15","SNPS","Synopsys, Inc. Common Stock","NNM","2360413","2204133","1257151","1.88",,
"2019-03-15","SO","The Southern Company","NYSE","16465267","15853332","4848584","3.40",,
"2019-03-15","SPG","Simon Property Group, Inc.","NYSE","8509368","8227122","1648465","5.16",,
"2019-03-15","SPGI","S&P Global Inc.","NYSE","4317909","4722823","1109747","3.89",,
"2019-03-15","SYK","Stryker Corporation","NYSE","4760980","4168229","1042990","4.56",,
"2019-03-15","T","AT&T Inc.","NYSE","83953297","81723128","30879654","2.72",,
"2019-03-15","TDG","TransDigm Group Incorporated","NYSE","2244743","2138779","481777","4.66",,
"2019-03-15","TGT","Target Corporation","NYSE","28630637","25032809","6294469","4.55",,
"2019-03-15","TJX","TJX Companies, Inc. (The)","NYSE","13156313","11084960","6665128","1.97",,
"2019-03-15","TMO","Thermo Fisher Scientific, Inc.","NYSE","2822759","2846636","1631622","1.73",,
"2019-03-15","TMUS","T-Mobile US, Inc. Common Stock","NNM","8402475","9660030","2538987","3.31",,
"2019-03-15","TRV","The Travelers Companies, Inc.","NYSE","3670244","3374168","1216641","3.02",,
"2019-03-15","TSLA","Tesla, Inc. Common Stock","NNM","29872310","26965480","11908629","2.51",,
"2019-03-15","TXN","Texas Instruments Incorporated","NNM","19148783","17156587","5019430","3.81",,
"2019-03-15","UNH","UNITEDHEALTH GROUP INCORPORATE","NYSE","6493815","6145876","5574120","1.16",,
"2019-03-15","UNP","Union Pacific Corp.","NYSE","12006843","12302994","4224637","2.84",,
"2019-03-15","UPS","United Parcel Service, Inc. Cl","NYSE","11908425","11723415","3213210","3.71",,
"2019-03-15","URI","United Rentals, Inc.","NYSE","3475436","3646915","1418551","2.45",,
"2019-03-15","USB","U.S. Bancorp","NYSE","13391602","13190485","5186799","2.58",,
"2019-03-15","V","VISA Inc.","NYSE","30936548","28258116","9314014","3.32",,
"2019-03-15","VLO","Valero Energy Corporation","NYSE","8698972","6839750","4024557","2.16",,
"2019-03-15","VRTX","Vertex Pharmaceuticals Incorpo","NNM","3431106","3709047","1402227","2.45",,
"2019-03-15","VZ","Verizon Communications","NYSE","32183002","28434350","14003311","2.30",,
"2019-03-15","WDC","Western Digital Corporation Co","NNM","19885068","18516323","7407010","2.68",,
"2019-03-15","WELL","Welltower Inc.","NYSE","6894684","8065131","2580867","2.67",,
"2019-03-15","WFC","Wells Fargo & Co.","NYSE","25074940","26206179","20576264","1.22",,
"2019-03-15","WM","Waste Management, Inc.","NYSE","4502269","3435853","1872284","2.40",,
"2019-03-15","WMB","Williams Companies Inc.","NYSE","28978904","31920444","6561906","4.42",,
"2019-03-15","WMT","Walmart Inc.","NYSE","20133450","18009794","6914807","2.91",,
"2019-03-15","XOM","Exxon Mobil Corporation","NYSE","43300315","32263070","15143299","2.86",,
"2019-02-15","AAPL","Apple Inc. Common Stock","NNM","39903215","40360782","26937971","1.48",,
"2019-02-15","ABBV","ABBVIE INC.","NYSE","22190657","25312582","5973348","3.71",,
"2019-02-15","ABT","Abbott Laboratories","NYSE","15218455","15209243","5713031","2.66",,
"2019-02-15","ADBE","Adobe Inc. Common Stock","NNM","6304388","6339570","2727260","2.31",,
"2019-02-15","ADI","Analog Devices, Inc. Common St","NNM","9446111","10283499","2804051","3.37",,
"2019-02-15","ADP","Automatic Data Processing, Inc","NNM","4751718","3289608","2433334","1.95",,
"2019-02-15","AEP","American Electric Power Compan","NYSE","9581761","9146420","2500299","3.83",,
"2019-02-15","AFL","Aflac Inc.","NYSE","10995696","10770318","3260631","3.37",,
"2019-02-15","AJG","Arthur J. Gallagher & Co.","NYSE","2271364","1661577","1270056","1.79",,
"2019-02-15","ALL","The Allstate Corporation","NYSE","5983151","6287120","2595685","2.31",,
"2019-02-15","AMAT","Applied Materials, Inc. Common","NNM","13141158","13869327","13316774","1.00",,
"2019-02-15","AMD","Advanced Micro Devices, Inc. C","NNM","115973454","119776315","79130292","1.47",,
"2019-02-15","AMGN","Amgen Inc. Common Stock","NNM","10566061","9868801","3075830","3.44",,
"2019-02-15","AMT","American Tower Corporation","NYSE","5478547","5211726","1841028","2.98",,
"2019-02-15","AMZN","Amazon.com, Inc. Common Stock","NNM","4890851","4327752","5028789","1.00",,
"2019-02-15","ANET","Arista Networks","NYSE","1898339","1886421","1125992","1.69",,
"2019-02-15","AON","Aon plc Class A","NYSE","2035371","1638637","1339196","1.52",,
"2019-02-15","APD","Air Products & Chemicals, Inc.","NYSE","2575950","2348139","1137892","2.26",,
"2019-02-15","APH","Amphenol Corporation","NYSE","3402015","3922663","1072741","3.17",,
"2019-02-15","APO","Apollo Global Management, LLC","NYSE","5870346","5882197","855221","6.86",,
"2019-02-15","AVGO","Broadcom Inc. Common Stock","NNM","6461903","6848721","2147287","3.01",,
"2019-02-15","AXP","American Express Company","NYSE","7959294","6621081","3174077","2.51",,
"2019-02-15","BA","Boeing Company","NYSE","4405070","5249042","4398329","1.00",,
"2019-02-15","BAC","Bank of America Corporation","NYSE","103794341","113615307","52133383","1.99",,
"2019-02-15","BKNG","Booking Holdings Inc. Common S","NNM","1329938","1057393","306942","4.33",,
"2019-02-15","BLK","Blackrock, Inc.","NYSE","1107904","1106623","569489","1.95",,
"2019-02-15","BMY","Bristol-Myers Squibb Co.","NYSE","60972039","57526799","15352644","3.97",,
"2019-02-15","BNY","BlackRock New York Municipal I","NYSE","10645","6257","24292","1.00",,
"2019-02-15","BRKA","Berkshire Hathaway Inc.","NYSE","299","338","264","1.13",,
"2019-02-15","BRKB","BERKSHIRE HATHAWAY Class B","NYSE","9465748","10424856","4215302","2.25",,
"2019-02-15","BSX","Boston Scientific Corp.","NYSE","8937711","9632708","7816241","1.14",,
"2019-02-15","BX","The Blackstone Group L.P","NYSE","30531534","30949960","3304793","9.24",,
"2019-02-15","C","Citigroup Inc.","NYSE","17363132","18051043","14520185","1.20",,
"2019-02-15","CAT","Caterpillar Inc.","NYSE","9992009","11473981","3832446","2.61",,
"2019-02-15","CDNS","Cadence Design Systems, Inc. C","NNM","5471795","4639811","1677108","3.26",,
"2019-02-15","CI","CIGNA Corporation","NYSE","5131735","4349925","3181173","1.61",,
"2019-02-15","CL","Colgate-Palmolive Company","NYSE","11062167","11217748","3898500","2.84",,
"2019-02-15","CMCSA","Comcast Corporation Class A Co","NNM","62827252","65823225","18444872","3.41",,
"2019-02-15","CME","CME Group Inc. Class A Common","NNM","4766445","4319555","1995555","2.39",,
"2019-02-15","CMI","Cummins Inc.","NYSE","2896384","3906259","1306529","2.22",,
"2019-02-15","COF","Capital One Financial","NYSE","5052759","5211834","2684365","1.88",,
"2019-02-15","COP","ConocoPhillips","NYSE","10578670","10904596","5457703","1.94",,
"2019-02-15","COST","Costco Wholesale Corporation C","NNM","4472280","5052565","2139216","2.09",,
"2019-02-15","CRM","salesforce.com, inc.","NYSE","10408194","10237436","5087718","2.05",,
"2019-02-15","CSCO","Cisco Systems, Inc. Common Sto","NNM","36479092","39863730","23188922","1.57",,
"2019-02-15","CSX","CSX Corporation Common Stock","NNM","13666071","13725547","5045274","2.71",,
"2019-02-15","CTAS","Cintas Corporation Common Stoc","NNM","2560643","2565170","473649","5.41",,
"2019-02-15","CVNA","Carvana Co.","NYSE","21924721","20138273","2371612","9.24",,
"2019-02-15","CVS","CVS HEALTH CORPORATION","NYSE","15082197","14420741","8700723","1.73",,
"2019-02-15","CVX","Chevron Corporation","NYSE","16934314","17321454","6505970","2.60",,
"2019-02-15","D","Dominion Energy, Inc Common St","NYSE","11757894","13864655","4433516","2.65",,
"2019-02-15","DE","Deere & Company","NYSE","6916365","6968507","2462579","2.81",,
"2019-02-15","DELL","Dell Technologies Inc.","NYSE","5847390","5746825","2449450","2.39",,
"2019-02-15","DHR","Danaher Corporation","NYSE","5239648","4484028","2121233","2.47",,
"2019-02-15","DIS","The Walt Disney Company","NYSE","27032910","27839048","8785036","3.08",,
"2019-02-15","DLR","Digital Realty Trust, Inc.","NYSE","14171719","12697553","1729454","8.19",,
"2019-02-15","DUK","Duke Energy Corporation","NYSE","13723668","13779151","3440801","3.99",,
"2019-02-15","ECL","Ecolab, Inc.","NYSE","5206981","5076612","1038429","5.01",,
"2019-02-15","EMR","Emerson Electric Co.","NYSE","6913853","5643353","4373988","1.58",,
"2019-02-15","EOG","EOG Resources, Inc.","NYSE","11466525","12085020","2772488","4.14",,
"2019-02-15","EPD","Enterprise Products Partners L","NYSE","21043529","18038441","4939209","4.26",,
"2019-02-15","EQIX","Equinix, Inc. Common Stock REI","NNM","939514","909870","610664","1.54",,
"2019-02-15","FCX","Freeport-McMoran Inc.","NYSE","43124890","47411202","20934670","2.06",,
"2019-02-15","FDX","FedEx Corporation","NYSE","3629010","3283638","2008684","1.81",,
"2019-02-15","FTNT","Fortinet, Inc. Common Stock","NNM","9453820","11240962","2346845","4.03",,
"2019-02-15","GD","General Dynamics Corporation","NYSE","3339226","3375110","1411054","2.37",,
"2019-02-15","GE","General Electric Company","NYSE","125958402","117192509","101858863","1.24",,
"2019-02-15","GILD","Gilead Sciences, Inc. Common S","NNM","12951902","11548612","8182600","1.58",,
"2019-02-15","GLW","Corning Incorporated","NYSE","18147595","17752554","4300830","4.22",,
"2019-02-15","GM","General Motors Company","NYSE","20385372","22897538","10219353","1.99",,
"2019-02-15","GOOG","Alphabet Inc. Class C Capital","NNM","2115650","1885337","1721810","1.23",,
"2019-02-15","GOOGL","Alphabet Inc. Class A Common S","NNM","2183291","1606498","1976618","1.10",,
"2019-02-15","GS","Goldman Sachs Group Inc.","NYSE","5984706","6112523","2643846","2.26",,
"2019-02-15","GWW","W.W. Grainger, Inc.","NYSE","3185447","3681228","376139","8.47",,
"2019-02-15","HCA","HCA Healthcare, Inc.","NYSE","4444764","5140403","1129905","3.93",,
"2019-02-15","HD","Home Depot, Inc.","NYSE","8504115","8039445","3600471","2.36",,
"2019-02-15","HLT","Hilton Worldwide Holdings Inc.","NYSE","9457459","11332863","3219797","2.94",,
"2019-02-15","HON","Honeywell International, Inc.","NYSE","5064442","5151909","3345164","1.51",,
"2019-02-15","HPE","Hewlett Packard Enterprise Com","NYSE","36515499","38421874","9085678","4.02",,
"2019-02-15","IBKR","Interactive Brokers Group, Inc","IEX","5197256","4739055","605071","8.59",,
"2019-02-15","IBM","International Business Machine","NYSE","13922852","13648023","3907264","3.56",,
"2019-02-15","ICE","Intercontinental Exchange  Inc","NYSE","5199552","4512072","3749259","1.39",,
"2019-02-15","INTC","Intel Corporation Common Stock","NNM","53606711","57576557","22884932","2.34",,
"2019-02-15","INTU","Intuit Inc. Common Stock","NNM","2935259","2841767","1453122","2.02",,
"2019-02-15","ISRG","Intuitive Surgical, Inc. Commo","NNM","1899162","1680110","630239","3.01",,
"2019-02-15","ITW","Illinois Tool Works Inc.","NYSE","5575742","6212320","1732687","3.22",,
"2019-02-15","JNJ","Johnson & Johnson","NYSE","11281469","12002780","6279548","1.80",,
"2019-02-15","JPM","JPMorgan Chase & Co.","NYSE","17117557","16870729","11933685","1.43",,
"2019-02-15","KKR","KKR & Co. Inc. Class A Common","NYSE","10378172","8426187","4470518","2.32",,
"2019-02-15","KLAC","KLA-Tencor Corporation Common","NNM","6322810","6372480","1231972","5.13",,
"2019-02-15","KMI","Kinder Morgan, Inc.","NYSE","46611909","51126460","13354985","3.49",,
"2019-02-15","KO","Coca-Cola Company","NYSE","29120284","27264597","18467896","1.58",,
"2019-02-15","LIN","Linde plc Ordinary Share","NYSE","5587878","6222323","1637330","3.41",,
"2019-02-15","LLY","Eli Lilly & Co.","NYSE","35274912","28025429","9473171","3.72",,
"2019-02-15","LMT","Lockheed Martin Corp.","NYSE","2840395","2629631","1094781","2.59",,
"2019-02-15","LOW","Lowe's Companies Inc.","NYSE","10715885","8791790","4164008","2.57",,
"2019-02-15","LRCX","Lam Research Corporation Commo","NNM","10574099","11072191","2212855","4.78",,
"2019-02-15","MA","Mastercard Incorporated","NYSE","7108388","6760373","3424093","2.08",,
"2019-02-15","MAR","Marriott International Class A","NNM","6305407","6839936","1621747","3.89",,
"2019-02-15","MCD","McDonald's Corporation","NYSE","4842038","5634525","4547440","1.06",,
"2019-02-15","MCK","McKesson Corporation","NYSE","4328308","3784424","1791280","2.42",,
"2019-02-15","MCO","Moody's Corporation","NYSE","5120232","6039751","1008674","5.08",,
"2019-02-15","MDLZ","Mondelez International, Inc. C","NNM","12823897","10026830","8776434","1.46",,
"2019-02-15","MDT","Medtronic plc","NYSE","9287320","8618785","4502553","2.06",,
"2019-02-15","MMM","3M Company","NYSE","8862484","9287156","2059761","4.30",,
"2019-02-15","MNST","Monster Beverage Corporation","NNM","7217280","7837012","2671493","2.70",,
"2019-02-15","MO","Altria Group, Inc.","NYSE","15311706","14272545","10348584","1.48",,
"2019-02-15","MPC","MARATHON PETROLEUM CORPORATION","NYSE","7896261","8288121","6335622","1.25",,
"2019-02-15","MPWR","Monolithic Power Systems, Inc.","NNM","1093104","1809679","447911","2.44",,
"2019-02-15","MRK","Merck & Co., Inc.","NYSE","40587926","34557279","10925513","3.71",,
"2019-02-15","MRVL","Marvell Technology Group Ltd.","NNM","27734524","26226547","11614649","2.39",,
"2019-02-15","MS","Morgan Stanley","NYSE","11438959","13201164","11925854","1.00",,
"2019-02-15","MSFT","Microsoft Corporation Common S","NNM","39272903","39768623","25148209","1.56",,
"2019-02-15","MSI","Motorola Solutions, Inc. New","NYSE","3761699","3675522","1548474","2.43",,
"2019-02-15","MU","Micron Technology, Inc. Common","NNM","62501762","59676042","37344464","1.67",,
"2019-02-15","NEE","Nextra Energy, Inc.","NYSE","5196835","5483397","1955368","2.66",,
"2019-02-15","NEM","Newmont Mining Corp.","NYSE","25051378","23413235","5268293","4.76",,
"2019-02-15","NFLX","Netflix, Inc. Common Stock","NNM","16359208","16203456","8640119","1.89",,
"2019-02-15","NKE","Nike, Inc.","NYSE","10267682","8805269","5200259","1.97",,
"2019-02-15","NOC","Northrop Grumman Corp.","NYSE","2229925","2650068","1011218","2.21",,
"2019-02-15","NOW","SERVICENOW, INC.","NYSE","10131374","10941645","2046697","4.95",,
"2019-02-15","NSC","Norfolk Southern Corp.","NYSE","4172927","4020119","2087892","2.00",,
"2019-02-15","NVDA","NVIDIA Corporation Common Stoc","NNM","14028697","14005217","17114769","1.00",,
"2019-02-15","O","Realty Income Corporation","NYSE","15611230","15945156","1873511","8.33",,
"2019-02-15","ORCL","Oracle Corp","NYSE","51853377","50037308","12390984","4.18",,
"2019-02-15","ORLY","O'Reilly Automotive, Inc. Comm","NNM","1292833","1268387","951395","1.36",,
"2019-02-15","PANW","PALO ALTO NETWORKS, INC","NYSE","5592071","5646440","1182361","4.73",,
"2019-02-15","PCAR","PACCAR Inc. Common Stock","NNM","8170943","6946234","1787564","4.57",,
"2019-02-15","PEP","PepsiCo, Inc. Common Stock","NNM","7860485","7486424","5265801","1.49",,
"2019-02-15","PFE","Pfizer Inc.","NYSE","155954614","42750118","22203420","7.02",,
"2019-02-15","PG","Procter & Gamble Company","NYSE","23277077","20274142","10055435","2.31",,
"2019-02-15","PGR","Progressive Corporation","NYSE","7998372","9029572","3841117","2.08",,
"2019-02-15","PH","Parker Hannifin Corp","NYSE","2046818","2176526","873539","2.34",,
"2019-02-15","PLD","PROLOGIS, INC.","NYSE","6104632","5774005","2768003","2.21",,
"2019-02-15","PM","Philip Morris International In","NYSE","11466014","10703747","6584573","1.74",,
"2019-02-15","PNC","PNC Financial Services Group","NYSE","3085179","3572965","2086658","1.48",,
"2019-02-15","PSX","PHILLIPS 66","NYSE","5986734","5187569","3235013","1.85",,
"2019-02-15","PWR","Quanta Services, Inc.","NYSE","6634611","6126926","1247478","5.32",,
"2019-02-15","QCOM","QUALCOMM Incorporated Common S","NNM","37103907","39711442","13063807","2.84",,
"2019-02-15","RCL","Royal Caribbean Cruises Ltd.","NYSE","2431436","2389796","1737818","1.40",,
"2019-02-15","REGN","Regeneron Pharmaceuticals, Inc","NNM","1755496","1708789","653700","2.69",,
"2019-02-15","ROST","Ross Stores, Inc. Common Stock","NNM","4615672","5304290","1792814","2.57",,
"2019-02-15","RSG","Republic Services Inc.","NYSE","6569117","6482083","1532008","4.29",,
"2019-02-15","SBUX","Starbucks Corporation Common S","NNM","29030886","30558548","10688687","2.72",,
"2019-02-15","SCCO","Southern Copper Corporation","NYSE","6034630","6491097","1216909","4.96",,
"2019-02-15","SCHW","The Charles Schwab Corporation","NYSE","15581714","13807226","6659243","2.34",,
"2019-02-15","SHW","The Sherwin-Williams Company","NYSE","1509119","1370489","554660","2.72",,
"2019-02-15","SNPS","Synopsys, Inc. Common Stock","NNM","2175956","2211527","1007066","2.16",,
"2019-02-15","SO","The Southern Company","NYSE","19990082","20740167","4239153","4.72",,
"2019-02-15","SPG","Simon Property Group, Inc.","NYSE","8858251","8729908","1468250","6.03",,
"2019-02-15","SPGI","S&P Global Inc.","NYSE","5006894","2933651","1476634","3.39",,
"2019-02-15","SYK","Stryker Corporation","NYSE","4846990","4496920","1325859","3.66",,
"2019-02-15","T","AT&T Inc.","NYSE","82310562","72714006","31509652","2.61",,
"2019-02-15","TDG","TransDigm Group Incorporated","NYSE","2331047","2479768","441442","5.28",,
"2019-02-15","TGT","Target Corporation","NYSE","24502098","23055156","4648742","5.27",,
"2019-02-15","TJX","TJX Companies, Inc. (The)","NYSE","12045654","21230986","5726336","2.10",,
"2019-02-15","TMO","Thermo Fisher Scientific, Inc.","NYSE","3277468","2852962","1234187","2.66",,
"2019-02-15","TMUS","T-Mobile US, Inc. Common Stock","NNM","10646727","11552805","4086426","2.61",,
"2019-02-15","TRV","The Travelers Companies, Inc.","NYSE","3100664","2908146","1335317","2.32",,
"2019-02-15","TSLA","Tesla, Inc. Common Stock","NNM","25490917","24783245","5972912","4.27",,
"2019-02-15","TXN","Texas Instruments Incorporated","NNM","17956144","19426369","5720856","3.14",,
"2019-02-15","UNH","UNITEDHEALTH GROUP INCORPORATE","NYSE","6344693","6354080","3587185","1.77",,
"2019-02-15","UNP","Union Pacific Corp.","NYSE","7910900","8106428","3666705","2.16",,
"2019-02-15","UPS","United Parcel Service, Inc. Cl","NYSE","11697867","10029158","3295456","3.55",,
"2019-02-15","URI","United Rentals, Inc.","NYSE","3548655","2923891","1282800","2.77",,
"2019-02-15","USB","U.S. Bancorp","NYSE","15424094","15859632","6298448","2.45",,
"2019-02-15","V","VISA Inc.","NYSE","27982109","27301798","8162385","3.43",,
"2019-02-15","VLO","Valero Energy Corporation","NYSE","7226497","7359115","3593051","2.01",,
"2019-02-15","VRTX","Vertex Pharmaceuticals Incorpo","NNM","3380158","3612138","1390191","2.43",,
"2019-02-15","VZ","Verizon Communications","NYSE","27605708","30669988","12671456","2.18",,
"2019-02-15","WDC","Western Digital Corporation Co","NNM","20288423","20114466","5922366","3.43",,
"2019-02-15","WELL","Welltower Inc.","NYSE","9840265","10331134","2207693","4.46",,
"2019-02-15","WFC","Wells Fargo & Co.","NYSE","23356719","26551623","18003221","1.30",,
"2019-02-15","WM","Waste Management, Inc.","NYSE","3979204","3794303","1851729","2.15",,
"2019-02-15","WMB","Williams Companies Inc.","NYSE","33447212","38010790","8337010","4.01",,
"2019-02-15","WMT","Walmart Inc.","NYSE","17101508","15203342","6997191","2.44",,
"2019-02-15","XOM","Exxon Mobil Corporation","NYSE","30861363","26798221","13803363","2.24",,
"2018-09-28","AAPL","Apple Inc. Common Stock","NNM","40204115","46818683","34804592","1.16",,
"2018-09-28","ABBV","ABBVIE INC.","NYSE","31008468","31374892","6205123","5.00",,"R"
"2018-09-28","ABT","Abbott Laboratories","NYSE","16391074","12782326","6635570","2.47",,"R"
"2018-09-28","ADBE","Adobe Systems Incorporated Com","NNM","4516948","4550946","2876590","1.57",,
"2018-09-28","ADI","Analog Devices, Inc. Common St","NNM","9474536","8002588","3009319","3.15",,
"2018-09-28","ADP","Automatic Data Processing, Inc","NNM","3586852","3526808","1725972","2.08",,"R"
"2018-09-28","AEP","American Electric Power Compan","NYSE","6473414","6710415","2363324","2.74",,
"2018-09-28","AFL","Aflac Inc.","NYSE","11421249","11350262","2794146","4.09",,
"2018-09-28","AJG","Arthur J. Gallagher & Co.","NYSE","1780562","1710706","795402","2.24",,
"2018-09-28","ALL","The Allstate Corporation","NYSE","5464118","5310733","1710483","3.19",,
"2018-09-28","AMAT","Applied Materials, Inc. Common","NNM","16225554","16155438","11168498","1.45",,
"2018-09-28","AMD","Advanced Micro Devices, Inc. C","SC","134121752","151898431","130379166","1.03",,"R"
"2018-09-28","AMGN","Amgen Inc. Common Stock","NNM","10244329","10628342","2884463","3.55",,
"2018-09-28","AMT","American Tower Corporation","NYSE","4320649","4423312","1449624","2.98",,
"2018-09-28","AMZN","Amazon.com, Inc. Common Stock","NNM","4350336","5043457","4686668","1.00",,
"2018-09-28","ANET","Arista Networks","NYSE","3318355","2972321","859391","3.86",,
"2018-09-28","AON","Aon plc Class A","NYSE","2279396","2285613","1068810","2.13",,
"2018-09-28","APD","Air Products & Chemicals, Inc.","NYSE","1672428","1896586","930177","1.80",,
"2018-09-28","APH","Amphenol Corporation","NYSE","3604664","4427163","1338033","2.69",,
"2018-09-28","APO","Apollo Global Management, LLC","NYSE","4401520","4408065","748778","5.88",,
"2018-09-28","AVGO","Broadcom Inc. Common Stock","NNM","10279745","8889062","4757659","2.16",,
"2018-09-28","AXP","American Express Company","NYSE","4931510","5879875","2820943","1.75",,
"2018-09-28","BA","Boeing Company","NYSE","4730322","4917243","3556088","1.33",,
"2018-09-28","BAC","Bank of America Corporation","NYSE","124296579","126381325","61197149","2.03",,
"2018-09-28","BKNG","Booking Holdings Inc. Common S","NNM","1162241","1323841","379515","3.06",,"R"
"2018-09-28","BLK","Blackrock, Inc.","NYSE","928906","824650","470970","1.97",,
"2018-09-28","BMY","Bristol-Myers Squibb Co.","NYSE","13501371","14321637","5019653","2.69",,
"2018-09-28","BNY","BlackRock New York Municipal I","NYSE","6321","8850","29770","1.00",,
"2018-09-28","BRKA","Berkshire Hathaway Inc.","NYSE","277","634","360","1.00",,
"2018-09-28","BRKB","BERKSHIRE HATHAWAY Class B","NYSE","10865041","9406735","4912333","2.21",,
"2018-09-28","BSX","Boston Scientific Corp.","NYSE","13015023","10411796","6571669","1.98",,
"2018-09-28","BX","The Blackstone Group L.P","NYSE","11272547","10368764","4351452","2.59",,
"2018-09-28","C","Citigroup Inc.","NYSE","18369119","16049750","16414139","1.12",,
"2018-09-28","CAT","Caterpillar Inc.","NYSE","8042833","7419962","4369941","1.84",,
"2018-09-28","CDNS","Cadence Design Systems, Inc. C","NNM","4534303","4869878","1512655","3.00",,
"2018-09-28","CI","CIGNA Corporation","NYSE","14395455","11977482","3407021","4.23",,
"2018-09-28","CL","Colgate-Palmolive Company","NYSE","9679193","10022540","2899366","3.34",,
"2018-09-28","CMCSA","Comcast Corporation Class A Co","NNM","63101869","66353564","27965151","2.26",,
"2018-09-28","CME","CME Group Inc. Class A Common","NNM","7492072","7330979","1280179","5.85",,
"2018-09-28","CMI","Cummins Inc.","NYSE","3809985","3846631","1448812","2.63",,
"2018-09-28","COF","Capital One Financial","NYSE","3087669","3425623","3174571","1.00",,
"2018-09-28","COP","ConocoPhillips","NYSE","12740406","11232199","6551455","1.94",,
"2018-09-28","COST","Costco Wholesale Corporation C","NNM","5517414","5941800","2054681","2.69",,
"2018-09-28","CRM","salesforce.com, inc.","NYSE","14237994","11876791","5924235","2.40",,
"2018-09-28","CSCO","Cisco Systems, Inc. Common Sto","NNM","34231564","39132917","20926098","1.64",,
"2018-09-28","CSX","CSX Corporation Common Stock","NNM","12648004","14685772","5737925","2.20",,
"2018-09-28","CTAS","Cintas Corporation Common Stoc","NNM","3376459","3352620","859563","3.93",,
"2018-09-28","CVNA","Carvana Co.","NYSE","10709477","10680348","1401124","7.64",,
"2018-09-28","CVS","CVS HEALTH CORPORATION","NYSE","58549171","56936075","8069184","7.26",,
"2018-09-28","CVX","Chevron Corporation","NYSE","17619941","16662139","6083070","2.90",,
"2018-09-28","D","Dominion Energy, Inc Common St","NYSE","20351024","18639971","3587191","5.67",,
"2018-09-28","DE","Deere & Company","NYSE","6826413","6507142","1944025","3.51",,
"2018-09-28","DHR","Danaher Corporation","NYSE","4273037","5092231","2213545","1.93",,
"2018-09-28","DIS","The Walt Disney Company","NYSE","27218447","26628783","9447630","2.88",,
"2018-09-28","DLR","Digital Realty Trust, Inc.","NYSE","14885489","6247957","2275131","6.54",,
"2018-09-28","DUK","Duke Energy Corporation","NYSE","13593904","11194412","5270350","2.58",,
"2018-09-28","ECL","Ecolab, Inc.","NYSE","5237452","5477214","941761","5.56",,
"2018-09-28","EMR","Emerson Electric Co.","NYSE","5270560","5717308","2237346","2.36",,
"2018-09-28","EOG","EOG Resources, Inc.","NYSE","8820656","9122019","2917818","3.02",,
"2018-09-28","EPD","Enterprise Products Partners L","NYSE","8805357","8186744","2971319","2.96",,
"2018-09-28","EQIX","Equinix, Inc. Common Stock REI","NNM","1225570","1241191","481952","2.54",,
"2018-09-28","FCX","Freeport-McMoran Inc.","NYSE","28920594","25571376","22513134","1.28",,
"2018-09-28","FDX","FedEx Corporation","NYSE","4899056","3923348","2739507","1.79",,
"2018-09-28","FTNT","Fortinet, Inc. Common Stock","NNM","6330578","7233914","2265229","2.79",,
"2018-09-28","GD","General Dynamics Corporation","NYSE","2838889","2434404","1305040","2.18",,"R"
"2018-09-28","GE","General Electric Company","NYSE","123793031","99985290","87384005","1.42",,"R"
"2018-09-28","GILD","Gilead Sciences, Inc. Common S","NNM","13219532","13228966","6338430","2.09",,"R"
"2018-09-28","GLW","Corning Incorporated","NYSE","16893913","17063144","4917392","3.44",,
"2018-09-28","GM","General Motors Company","NYSE","26648373","22335335","13262501","2.01",,
"2018-09-28","GOOG","Alphabet Inc. Class C Capital","NNM","2181128","2091442","1568306","1.39",,
"2018-09-28","GOOGL","Alphabet Inc. Class A Common S","NNM","1798300","2207351","1935323","1.00",,
"2018-09-28","GS","Goldman Sachs Group Inc.","NYSE","3532243","4654851","2637910","1.34",,
"2018-09-28","GWW","W.W. Grainger, Inc.","NYSE","3787573","3964523","558113","6.79",,
"2018-09-28","HCA","HCA Healthcare, Inc.","NYSE","4271027","4198046","1966675","2.17",,
"2018-09-28","HD","Home Depot, Inc.","NYSE","8310222","7957139","4298016","1.93",,
"2018-09-28","HLT","Hilton Worldwide Holdings Inc.","NYSE","8221959","7282578","3263154","2.52",,
"2018-09-28","HON","Honeywell International, Inc.","NYSE","5821380","6690751","2305078","2.53",,"R"
"2018-09-28","HPE","Hewlett Packard Enterprise Com","NYSE","25015212","25610789","11671074","2.14",,
"2018-09-28","IBKR","Interactive Brokers Group, Inc","NNM","2582770","2623697","549102","4.70",,
"2018-09-28","IBM","International Business Machine","NYSE","20969512","16193684","6017571","3.48",,
"2018-09-28","ICE","Intercontinental Exchange  Inc","NYSE","5946475","6279434","2669796","2.23",,
"2018-09-28","INTC","Intel Corporation Common Stock","NNM","72175748","71521358","25531173","2.83",,
"2018-09-28","INTU","Intuit Inc. Common Stock","NNM","3449651","3285543","1930632","1.79",,
"2018-09-28","ISRG","Intuitive Surgical, Inc. Commo","NNM","1250407","1330738","580489","2.15",,
"2018-09-28","ITW","Illinois Tool Works Inc.","NYSE","4535894","3896572","1294014","3.51",,
"2018-09-28","JNJ","Johnson & Johnson","NYSE","13368685","14582279","6814260","1.96",,
"2018-09-28","JPM","JPMorgan Chase & Co.","NYSE","18655265","19309176","13885904","1.34",,
"2018-09-28","KKR","KKR & Co. Inc. Class A Common","NYSE","18770293","9999073","11556287","1.62",,
"2018-09-28","KLAC","KLA-Tencor Corporation Common","NNM","5319166","5829442","1807267","2.94",,
"2018-09-28","KMI","Kinder Morgan, Inc.","NYSE","36007218","41816113","13010878","2.77",,
"2018-09-28","KO","Coca-Cola Company","NYSE","24723524","23319851","10323086","2.39",,
"2018-09-28","LLY","Eli Lilly & Co.","NYSE","9453231","11045886","3649157","2.59",,
"2018-09-28","LMT","Lockheed Martin Corp.","NYSE","1939505","1901853","1461223","1.33",,
"2018-09-28","LOW","Lowe's Companies Inc.","NYSE","10800435","12042151","5074831","2.13",,
"2018-09-28","LRCX","Lam Research Corporation Commo","NNM","11506507","14442277","2546299","4.52",,
"2018-09-28","MA","Mastercard Incorporated","NYSE","7264539","6567360","3178699","2.29",,
"2018-09-28","MAR","Marriott International Class A","NNM","7928362","8128643","2231337","3.55",,
"2018-09-28","MCD","McDonald's Corporation","NYSE","7339712","7131991","4246070","1.73",,"R"
"2018-09-28","MCK","McKesson Corporation","NYSE","4361693","4579191","1363253","3.20",,
"2018-09-28","MCO","Moody's Corporation","NYSE","2116335","2187227","987845","2.14",,
"2018-09-28","MDLZ","Mondelez International, Inc. C","NNM","15640484","14347084","6357799","2.46",,
"2018-09-28","MDT","Medtronic plc","NYSE","8950310","10029006","5013224","1.79",,
"2018-09-28","MMM","3M Company","NYSE","8520628","7559686","2270982","3.75",,
"2018-09-28","MNST","Monster Beverage Corporation","NNM","6286615","6366180","2855246","2.20",,
"2018-09-28","MO","Altria Group, Inc.","NYSE","29467455","31379947","6566368","4.49",,
"2018-09-28","MPC","MARATHON PETROLEUM CORPORATION","NYSE","35326467","33614881","9953462","3.55",,
"2018-09-28","MPWR","Monolithic Power Systems, Inc.","NNM","1294439","1483376","497116","2.60",,
"2018-09-28","MRK","Merck & Co., Inc.","NYSE","17400442","21387572","7727844","2.25",,"R"
"2018-09-28","MRVL","Marvell Technology Group Ltd.","NNM","19042183","16055403","11372020","1.67",,
"2018-09-28","MS","Morgan Stanley","NYSE","12538179","11036066","11131932","1.13",,
"2018-09-28","MSFT","Microsoft Corporation Common S","NNM","48402349","43067826","26951183","1.80",,
"2018-09-28","MSI","Motorola Solutions, Inc. New","NYSE","4016070","3661645","1048871","3.83",,
"2018-09-28","MU","Micron Technology, Inc. Common","NNM","51865437","57874491","42070584","1.23",,
"2018-09-28","NEE","Nextra Energy, Inc.","NYSE","6693411","6710656","2222508","3.01",,
"2018-09-28","NEM","Newmont Mining Corp.","NYSE","9410200","9224092","6665630","1.41",,
"2018-09-28","NFLX","Netflix, Inc. Common Stock","NNM","16396960","17522273","9242351","1.77",,
"2018-09-28","NKE","Nike, Inc.","NYSE","10307920","10042814","8984509","1.15",,
"2018-09-28","NOC","Northrop Grumman Corp.","NYSE","2487025","2368613","1418959","1.75",,"R"
"2018-09-28","NOW","SERVICENOW, INC.","NYSE","10705885","12250264","2213130","4.84",,
"2018-09-28","NSC","Norfolk Southern Corp.","NYSE","6912485","7585091","2110757","3.27",,
"2018-09-28","NVDA","NVIDIA Corporation Common Stoc","NNM","11598267","13455662","8405706","1.38",,
"2018-09-28","O","Realty Income Corporation","NYSE","18739652","18424331","2205620","8.50",,
"2018-09-28","ORCL","Oracle Corp","NYSE","39440369","48295713","25623735","1.54",,
"2018-09-28","ORLY","O'Reilly Automotive, Inc. Comm","NNM","1672731","1890925","541641","3.09",,
"2018-09-28","PANW","PALO ALTO NETWORKS, INC","NYSE","4156530","4189006","968446","4.29",,
"2018-09-28","PCAR","PACCAR Inc. Common Stock","NNM","8197402","8569768","1723954","4.76",,
"2018-09-28","PEP","PepsiCo, Inc. Common Stock","NNM","7827877","7527502","4113578","1.90",,
"2018-09-28","PFE","Pfizer Inc.","NYSE","49879042","50588295","18861499","2.64",,
"2018-09-28","PG","Procter & Gamble Company","NYSE","20973776","20572451","7676614","2.73",,
"2018-09-28","PGR","Progressive Corporation","NYSE","9264025","9320006","2546524","3.64",,
"2018-09-28","PH","Parker Hannifin Corp","NYSE","2635794","2935850","1113075","2.37",,
"2018-09-28","PLD","PROLOGIS, INC.","NYSE","7407493","6999476","2896015","2.56",,
"2018-09-28","PM","Philip Morris International In","NYSE","11309706","9890582","5962212","1.90",,
"2018-09-28","PNC","PNC Financial Services Group","NYSE","2954490","2999092","2080655","1.42",,
"2018-09-28","PSX","PHILLIPS 66","NYSE","5658254","5415912","3012226","1.88",,
"2018-09-28","PWR","Quanta Services, Inc.","NYSE","4214867","3711668","1350466","3.12",,
"2018-09-28","QCOM","QUALCOMM Incorporated Common S","NNM","127026496","136837666","15114833","8.40",,
"2018-09-28","RCL","Royal Caribbean Cruises Ltd.","NYSE","3262052","3606945","2000163","1.63",,"R"
"2018-09-28","REGN","Regeneron Pharmaceuticals, Inc","NNM","2619900","2990667","648490","4.04",,
"2018-09-28","ROST","Ross Stores, Inc. Common Stock","NNM","5642042","8063555","3424573","1.65",,
"2018-09-28","RSG","Republic Services Inc.","NYSE","3969178","4744988","1204249","3.30",,
"2018-09-28","SBUX","Starbucks Corporation Common S","NNM","25103170","26691830","10405827","2.41",,"R"
"2018-09-28","SCCO","Southern Copper Corporation","NYSE","7363289","7993857","808403","9.11",,
"2018-09-28","SCHW","The Charles Schwab Corporation","NYSE","12869122","16417003","5742251","2.24",,
"2018-09-28","SHW","The Sherwin-Williams Company","NYSE","1362593","1797560","757079","1.80",,
"2018-09-28","SNPS","Synopsys, Inc. Common Stock","NNM","2229810","2865243","1326298","1.68",,
"2018-09-28","SO","The Southern Company","NYSE","28423258","28203582","8820529","3.22",,
"2018-09-28","SPG","Simon Property Group, Inc.","NYSE","10835267","11090495","1373764","7.89",,
"2018-09-28","SPGI","S&P Global Inc.","NYSE","2481621","2524092","1238314","2.00",,
"2018-09-28","SYK","Stryker Corporation","NYSE","4602716","3895550","1443399","3.19",,
"2018-09-28","T","AT&T Inc.","NYSE","63426337","71236205","39197382","1.62",,
"2018-09-28","TDG","TransDigm Group Incorporated","NYSE","2582719","3109556","320428","8.06",,
"2018-09-28","TGT","Target Corporation","NYSE","23498080","24798236","3834475","6.13",,
"2018-09-28","TJX","TJX Companies, Inc. (The)","NYSE","6242318","6023673","3550391","1.76",,
"2018-09-28","TMO","Thermo Fisher Scientific, Inc.","NYSE","3641539","3529963","1269604","2.87",,
"2018-09-28","TMUS","T-Mobile US, Inc. Common Stock","NNM","12059124","11946019","3091920","3.90",,
"2018-09-28","TRV","The Travelers Companies, Inc.","NYSE","3332469","4015751","1382146","2.41",,
"2018-09-28","TSLA","Tesla, Inc. Common Stock","NNM","33633923","33459061","10345288","3.25",,
"2018-09-28","TXN","Texas Instruments Incorporated","NNM","15088152","14878523","6010955","2.51",,
"2018-09-28","UNH","UNITEDHEALTH GROUP INCORPORATE","NYSE","5338452","5638843","2990247","1.79",,
"2018-09-28","UNP","Union Pacific Corp.","NYSE","14830106","16819743","5997694","2.47",,
"2018-09-28","UPS","United Parcel Service, Inc. Cl","NYSE","8052832","8405757","2445613","3.29",,
"2018-09-28","URI","United Rentals, Inc.","NYSE","3373227","3559027","1088861","3.10",,
"2018-09-28","USB","U.S. Bancorp","NYSE","15311594","14730562","6383067","2.40",,
"2018-09-28","V","VISA Inc.","NYSE","28390159","30623696","7232857","3.93",,
"2018-09-28","VLO","Valero Energy Corporation","NYSE","8126765","7619442","2996904","2.71",,
"2018-09-28","VRTX","Vertex Pharmaceuticals Incorpo","NNM","2868277","2833273","1177687","2.44",,
"2018-09-28","VZ","Verizon Communications","NYSE","33213396","41943759","17272860","1.92",,
"2018-09-28","WDC","Western Digital Corporation Co","NNM","11677784","9488973","5098438","2.29",,
"2018-09-28","WELL","Welltower Inc.","NYSE","12509733","13158302","2285822","5.47",,
"2018-09-28","WFC","Wells Fargo & Co.","NYSE","19655053","29726042","21294450","1.00",,
"2018-09-28","WM","Waste Management, Inc.","NYSE","4070085","4593887","1532185","2.66",,
"2018-09-28","WMB","Williams Companies Inc.","NYSE","32729290","30337580","12164720","2.69",,
"2018-09-28","WMT","Walmart Inc.","NYSE","19411621","20726130","6196610","3.13",,"R"
"2018-09-28","XOM","Exxon Mobil Corporation","NYSE","28341888","30034290","11968043","2.37",,
"2019-02-28","AAPL","Apple Inc. Common Stock","NNM","96832513","39903215","22065273","4.39",,
"2019-02-28","ABBV","ABBVIE INC.","NYSE","21880236","22190657","5363002","4.08",,
"2019-02-28","ABT","Abbott Laboratories","NYSE","15112577","15218455","5649754","2.67",,
"2019-02-28","ADBE","Adobe Inc. Common Stock","NNM","4588733","6304388","2623039","1.75",,
"2019-02-28","ADI","Analog Devices, Inc. Common St","NNM","8205946","9446111","3271811","2.51",,
"2019-02-28","ADP","Automatic Data Processing, Inc","NNM","4319725","4751718","1571942","2.75",,
"2019-02-28","AEP","American Electric Power Compan","NYSE","9695006","9581761","2200423","4.41",,
"2019-02-28","AFL","Aflac Inc.","NYSE","10333187","10995696","3168074","3.26",,
"2019-02-28","AJG","Arthur J. Gallagher & Co.","NYSE","2161672","2271364","928966","2.33",,
"2019-02-28","ALL","The Allstate Corporation","NYSE","4236310","5983151","1964566","2.16",,
"2019-02-28","AMAT","Applied Materials, Inc. Common","NNM","13958893","13141158","9399525","1.49",,
"2019-02-28","AMD","Advanced Micro Devices, Inc. C","NNM","118846426","115973454","53771362","2.21",,
"2019-02-28","AMGN","Amgen Inc. Common Stock","NNM","10852205","10566061","2663810","4.07",,
"2019-02-28","AMT","American Tower Corporation","NYSE","5007864","5478547","1826841","2.74",,
"2019-02-28","AMZN","Amazon.com, Inc. Common Stock","NNM","4258413","4890851","3203140","1.33",,
"2019-02-28","ANET","Arista Networks","NYSE","2104699","1898339","919487","2.29",,
"2019-02-28","AON","Aon plc Class A","NYSE","1547283","2035371","982049","1.58",,
"2019-02-28","APD","Air Products & Chemicals, Inc.","NYSE","2749570","2575950","1184216","2.32",,
"2019-02-28","APH","Amphenol Corporation","NYSE","3162293","3402015","1048229","3.02",,
"2019-02-28","APO","Apollo Global Management, LLC","NYSE","5259938","5870346","708061","7.43",,
"2019-02-28","AVGO","Broadcom Inc. Common Stock","NNM","5583462","6461903","2236203","2.50",,
"2019-02-28","AXP","American Express Company","NYSE","7097201","7959294","2990909","2.37",,
"2019-02-28","BA","Boeing Company","NYSE","4866158","4405070","3562633","1.37",,
"2019-02-28","BAC","Bank of America Corporation","NYSE","104534888","103794341","49894605","2.10",,
"2019-02-28","BKNG","Booking Holdings Inc. Common S","NNM","1085568","1329938","629430","1.72",,
"2019-02-28","BLK","Blackrock, Inc.","NYSE","1012309","1107904","476876","2.12",,
"2019-02-28","BMY","Bristol-Myers Squibb Co.","NYSE","74111887","60972039","24159361","3.07",,
"2019-02-28","BNY","BlackRock New York Municipal I","NYSE","7453","10645","21367","1.00",,
"2019-02-28","BRKA","Berkshire Hathaway Inc.","NYSE","295","299","237","1.24",,
"2019-02-28","BRKB","BERKSHIRE HATHAWAY Class B","NYSE","10019398","9465748","4206907","2.38",,
"2019-02-28","BSX","Boston Scientific Corp.","NYSE","8476067","8937711","7133922","1.19",,
"2019-02-28","BX","The Blackstone Group L.P","NYSE","29066082","30531534","3160476","9.20",,
"2019-02-28","C","Citigroup Inc.","NYSE","18339578","17363132","12466242","1.47",,
"2019-02-28","CAT","Caterpillar Inc.","NYSE","8904067","9992009","4600135","1.94",,
"2019-02-28","CDNS","Cadence Design Systems, Inc. C","NNM","5425477","5471795","2731479","1.99",,
"2019-02-28","CI","CIGNA Corporation","NYSE","4998666","5131735","3017284","1.66",,
"2019-02-28","CL","Colgate-Palmolive Company","NYSE","10213987","11062167","3650316","2.80",,
"2019-02-28","CMCSA","Comcast Corporation Class A Co","NNM","68171696","62827252","17542141","3.89",,
"2019-02-28","CME","CME Group Inc. Class A Common","NNM","4896955","4766445","1835403","2.67",,
"2019-02-28","CMI","Cummins Inc.","NYSE","3361903","2896384","1330525","2.53",,
"2019-02-28","COF","Capital One Financial","NYSE","5057158","5052759","2684587","1.88",,
"2019-02-28","COP","ConocoPhillips","NYSE","11524200","10578670","5699743","2.02",,
"2019-02-28","COST","Costco Wholesale Corporation C","NNM","4293279","4472280","1761735","2.44",,
"2019-02-28","CRM","salesforce.com, inc.","NYSE","10694730","10408194","5040973","2.12",,
"2019-02-28","CSCO","Cisco Systems, Inc. Common Sto","NNM","41191088","36479092","21387789","1.93",,
"2019-02-28","CSX","CSX Corporation Common Stock","NNM","12724571","13666071","4418572","2.88",,
"2019-02-28","CTAS","Cintas Corporation Common Stoc","NNM","2447741","2560643","326144","7.51",,
"2019-02-28","CVNA","Carvana Co.","NYSE","22782871","21924721","2823466","8.07",,
"2019-02-28","CVS","CVS HEALTH CORPORATION","NYSE","14851537","15082197","20795729","1.00",,
"2019-02-28","CVX","Chevron Corporation","NYSE","15861087","16934314","5276758","3.01",,
"2019-02-28","D","Dominion Energy, Inc Common St","NYSE","10312584","11757894","4608302","2.24",,
"2019-02-28","DE","Deere & Company","NYSE","7783105","6916365","2360198","3.30",,
"2019-02-28","DELL","Dell Technologies Inc.","NYSE","5110834","5847390","2116500","2.41",,
"2019-02-28","DHR","Danaher Corporation","NYSE","4803555","5239648","5620187","1.00",,
"2019-02-28","DIS","The Walt Disney Company","NYSE","35074930","27032910","8214521","4.27",,
"2019-02-28","DLR","Digital Realty Trust, Inc.","NYSE","14997867","14171719","1904510","7.87",,
"2019-02-28","DUK","Duke Energy Corporation","NYSE","12725868","13723668","3196427","3.98",,
"2019-02-28","ECL","Ecolab, Inc.","NYSE","5069975","5206981","1218451","4.16",,
"2019-02-28","EMR","Emerson Electric Co.","NYSE","7276858","6913853","2523355","2.88",,
"2019-02-28","EOG","EOG Resources, Inc.","NYSE","11310433","11466525","4721706","2.40",,
"2019-02-28","EPD","Enterprise Products Partners L","NYSE","22065540","21043529","4324048","5.10",,
"2019-02-28","EQIX","Equinix, Inc. Common Stock REI","NNM","1018003","939514","634266","1.61",,
"2019-02-28","FCX","Freeport-McMoran Inc.","NYSE","34213112","43124890","23754343","1.44",,
"2019-02-28","FDX","FedEx Corporation","NYSE","3284140","3629010","1475147","2.23",,
"2019-02-28","FTNT","Fortinet, Inc. Common Stock","NNM","8982634","9453820","1480340","6.07",,
"2019-02-28","GD","General Dynamics Corporation","NYSE","3189399","3339226","1242468","2.57",,
"2019-02-28","GE","General Electric Company","NYSE","112261481","125958402","100801252","1.11",,
"2019-02-28","GILD","Gilead Sciences, Inc. Common S","NNM","10321882","12951902","6311173","1.64",,
"2019-02-28","GLW","Corning Incorporated","NYSE","15947772","18147595","3616613","4.41",,
"2019-02-28","GM","General Motors Company","NYSE","19232371","20385372","8460636","2.27",,
"2019-02-28","GOOG","Alphabet Inc. Class C Capital","NNM","1927838","2115650","1249455","1.54",,
"2019-02-28","GOOGL","Alphabet Inc. Class A Common S","NNM","2025784","2183291","1371864","1.48",,
"2019-02-28","GS","Goldman Sachs Group Inc.","NYSE","7630501","5984706","2567217","2.97",,
"2019-02-28","GWW","W.W. Grainger, Inc.","NYSE","3038944","3185447","333932","9.10",,
"2019-02-28","HCA","HCA Healthcare, Inc.","NYSE","3837464","4444764","1429544","2.68",,
"2019-02-28","HD","Home Depot, Inc.","NYSE","8380417","8504115","6358366","1.32",,
"2019-02-28","HLT","Hilton Worldwide Holdings Inc.","NYSE","9072744","9457459","2684771","3.38",,
"2019-02-28","HON","Honeywell International, Inc.","NYSE","4980745","5064442","2446408","2.04",,
"2019-02-28","HPE","Hewlett Packard Enterprise Com","NYSE","36557459","36515499","12727066","2.87",,
"2019-02-28","IBKR","Interactive Brokers Group, Inc","IEX","5724690","5197256","427379","13.39",,
"2019-02-28","IBM","International Business Machine","NYSE","13011793","13922852","3185265","4.08",,
"2019-02-28","ICE","Intercontinental Exchange  Inc","NYSE","4669746","5199552","2900231","1.61",,
"2019-02-28","INTC","Intel Corporation Common Stock","NNM","53945086","53606711","19741335","2.73",,
"2019-02-28","INTU","Intuit Inc. Common Stock","NNM","3296089","2935259","2038558","1.62",,
"2019-02-28","ISRG","Intuitive Surgical, Inc. Commo","NNM","1694011","1899162","574188","2.95",,
"2019-02-28","ITW","Illinois Tool Works Inc.","NYSE","5779762","5575742","1125013","5.14",,
"2019-02-28","JNJ","Johnson & Johnson","NYSE","10487880","11281469","6297466","1.67",,
"2019-02-28","JPM","JPMorgan Chase & Co.","NYSE","17633721","17117557","11708036","1.51",,
"2019-02-28","KKR","KKR & Co. Inc. Class A Common","NYSE","13549086","10378172","7191365","1.88",,
"2019-02-28","KLAC","KLA-Tencor Corporation Common","NNM","7557669","6322810","2838275","2.66",,
"2019-02-28","KMI","Kinder Morgan, Inc.","NYSE","45421531","46611909","14400393","3.15",,
"2019-02-28","KO","Coca-Cola Company","NYSE","24059544","29120284","23177997","1.04",,
"2019-02-28","LIN","Linde plc Ordinary Share","NYSE","5640439","5587878","1753039","3.22",,
"2019-02-28","LLY","Eli Lilly & Co.","NYSE","103663031","35274912","22593431","4.59",,
"2019-02-28","LMT","Lockheed Martin Corp.","NYSE","2767343","2840395","1043375","2.65",,
"2019-02-28","LOW","Lowe's Companies Inc.","NYSE","9912535","10715885","5305038","1.87",,
"2019-02-28","LRCX","Lam Research Corporation Commo","NNM","9825946","10574099","1891755","5.19",,
"2019-02-28","MA","Mastercard Incorporated","NYSE","6070132","7108388","3042083","2.00",,
"2019-02-28","MAR","Marriott International Class A","NNM","7086897","6305407","2588808","2.74",,
"2019-02-28","MCD","McDonald's Corporation","NYSE","5857082","4842038","3350888","1.75",,
"2019-02-28","MCK","McKesson Corporation","NYSE","3307858","4328308","1407646","2.35",,
"2019-02-28","MCO","Moody's Corporation","NYSE","6699251","5120232","873886","7.67",,
"2019-02-28","MDLZ","Mondelez International, Inc. C","NNM","12241089","12823897","8966897","1.37",,
"2019-02-28","MDT","Medtronic plc","NYSE","8482146","9287320","6483242","1.31",,
"2019-02-28","MMM","3M Company","NYSE","8747107","8862484","1775328","4.93",,
"2019-02-28","MNST","Monster Beverage Corporation","NNM","6787372","7217280","3922085","1.73",,
"2019-02-28","MO","Altria Group, Inc.","NYSE","12813629","15311706","10680218","1.20",,
"2019-02-28","MPC","MARATHON PETROLEUM CORPORATION","NYSE","8084799","7896261","5148687","1.57",,
"2019-02-28","MPWR","Monolithic Power Systems, Inc.","NNM","985789","1093104","304401","3.24",,
"2019-02-28","MRK","Merck & Co., Inc.","NYSE","39664695","40587926","8687498","4.57",,
"2019-02-28","MRVL","Marvell Technology Group Ltd.","NNM","26188472","27734524","9873738","2.65",,
"2019-02-28","MS","Morgan Stanley","NYSE","11243119","11438959","9949332","1.13",,
"2019-02-28","MSFT","Microsoft Corporation Common S","NNM","41155216","39272903","24030677","1.71",,
"2019-02-28","MSI","Motorola Solutions, Inc. New","NYSE","3348161","3761699","979935","3.42",,
"2019-02-28","MU","Micron Technology, Inc. Common","NNM","50885845","62501762","24885621","2.04",,
"2019-02-28","NEE","Nextra Energy, Inc.","NYSE","6234415","5196835","2185288","2.85",,
"2019-02-28","NEM","Newmont Mining Corp.","NYSE","30231757","25149289","14869378","2.03",,"R"
"2019-02-28","NFLX","Netflix, Inc. Common Stock","NNM","14918660","16359208","6647344","2.24",,
"2019-02-28","NKE","Nike, Inc.","NYSE","8693247","10267682","5881980","1.48",,
"2019-02-28","NOC","Northrop Grumman Corp.","NYSE","2140557","2229925","728031","2.94",,
"2019-02-28","NOW","SERVICENOW, INC.","NYSE","8950259","10131374","1747932","5.12",,
"2019-02-28","NSC","Norfolk Southern Corp.","NYSE","3731077","4172927","1367932","2.73",,
"2019-02-28","NVDA","NVIDIA Corporation Common Stoc","NNM","13447231","14028697","12226750","1.10",,
"2019-02-28","O","Realty Income Corporation","NYSE","14695358","15611230","2009298","7.31",,
"2019-02-28","ORCL","Oracle Corp","NYSE","50788097","51853377","15192762","3.34",,
"2019-02-28","ORLY","O'Reilly Automotive, Inc. Comm","NNM","1078290","1292833","646715","1.67",,
"2019-02-28","PANW","PALO ALTO NETWORKS, INC","NYSE","5757785","5592071","2309686","2.49",,
"2019-02-28","PCAR","PACCAR Inc. Common Stock","NNM","8222766","8170943","1749340","4.70",,
"2019-02-28","PEP","PepsiCo, Inc. Common Stock","NNM","8238229","7860485","4864961","1.69",,
"2019-02-28","PFE","Pfizer Inc.","NYSE","138180124","155954614","22945995","6.02",,
"2019-02-28","PG","Procter & Gamble Company","NYSE","22481729","23277077","8194589","2.74",,
"2019-02-28","PGR","Progressive Corporation","NYSE","6192860","7998372","3438154","1.80",,
"2019-02-28","PH","Parker Hannifin Corp","NYSE","2318381","2046818","787083","2.95",,
"2019-02-28","PLD","PROLOGIS, INC.","NYSE","5392065","6104632","2238379","2.41",,
"2019-02-28","PM","Philip Morris International In","NYSE","10794613","11466014","4985239","2.17",,
"2019-02-28","PNC","PNC Financial Services Group","NYSE","2565240","3085179","2251232","1.14",,
"2019-02-28","PSX","PHILLIPS 66","NYSE","6111634","5986734","2252489","2.71",,
"2019-02-28","PWR","Quanta Services, Inc.","NYSE","5370139","6634611","2125550","2.53",,
"2019-02-28","QCOM","QUALCOMM Incorporated Common S","NNM","35040694","37103907","12302461","2.85",,
"2019-02-28","RCL","Royal Caribbean Cruises Ltd.","NYSE","2034499","2431436","1247078","1.63",,
"2019-02-28","REGN","Regeneron Pharmaceuticals, Inc","NNM","1846284","1755496","498708","3.70",,
"2019-02-28","ROST","Ross Stores, Inc. Common Stock","NNM","4413480","4615672","2125080","2.08",,
"2019-02-28","RSG","Republic Services Inc.","NYSE","5873729","6569117","1188026","4.94",,
"2019-02-28","SBUX","Starbucks Corporation Common S","NNM","25978849","29030886","12215357","2.13",,
"2019-02-28","SCCO","Southern Copper Corporation","NYSE","6422726","6034630","1554666","4.13",,
"2019-02-28","SCHW","The Charles Schwab Corporation","NYSE","11900335","15581714","5214172","2.28",,
"2019-02-28","SHW","The Sherwin-Williams Company","NYSE","1239385","1509119","549382","2.26",,
"2019-02-28","SNPS","Synopsys, Inc. Common Stock","NNM","2204133","2175956","1322423","1.67",,
"2019-02-28","SO","The Southern Company","NYSE","15853332","19990082","6597602","2.40",,
"2019-02-28","SPG","Simon Property Group, Inc.","NYSE","8227122","8858251","1485257","5.54",,
"2019-02-28","SPGI","S&P Global Inc.","NYSE","4722823","5006894","1121731","4.21",,
"2019-02-28","SYK","Stryker Corporation","NYSE","4168229","4846990","1357312","3.07",,
"2019-02-28","T","AT&T Inc.","NYSE","81723128","82310562","26006775","3.14",,
"2019-02-28","TDG","TransDigm Group Incorporated","NYSE","2138779","2331047","389558","5.49",,
"2019-02-28","TGT","Target Corporation","NYSE","25032809","24502098","5337158","4.69",,
"2019-02-28","TJX","TJX Companies, Inc. (The)","NYSE","11084960","12045654","8162506","1.36",,
"2019-02-28","TMO","Thermo Fisher Scientific, Inc.","NYSE","2846636","3277468","1295363","2.20",,
"2019-02-28","TMUS","T-Mobile US, Inc. Common Stock","NNM","9660030","10646727","3292873","2.93",,
"2019-02-28","TRV","The Travelers Companies, Inc.","NYSE","3374168","3100664","1664297","2.03",,
"2019-02-28","TSLA","Tesla, Inc. Common Stock","NNM","26965480","25490917","7859048","3.43",,
"2019-02-28","TXN","Texas Instruments Incorporated","NNM","17156587","17956144","4318634","3.97",,
"2019-02-28","UNH","UNITEDHEALTH GROUP INCORPORATE","NYSE","6145876","6344693","4739273","1.30",,
"2019-02-28","UNP","Union Pacific Corp.","NYSE","12302994","7910900","3623720","3.40",,
"2019-02-28","UPS","United Parcel Service, Inc. Cl","NYSE","11723415","11697867","2981907","3.93",,
"2019-02-28","URI","United Rentals, Inc.","NYSE","3646915","3548655","1225900","2.97",,
"2019-02-28","USB","U.S. Bancorp","NYSE","13190485","15424094","5829004","2.26",,
"2019-02-28","V","VISA Inc.","NYSE","28258116","27982109","8123751","3.48",,
"2019-02-28","VLO","Valero Energy Corporation","NYSE","6839750","7226497","2893399","2.36",,
"2019-02-28","VRTX","Vertex Pharmaceuticals Incorpo","NNM","3709047","3380158","1196825","3.10",,
"2019-02-28","VZ","Verizon Communications","NYSE","28434350","27605708","12828670","2.22",,
"2019-02-28","WDC","Western Digital Corporation Co","NNM","18516323","20288423","5979049","3.10",,
"2019-02-28","WELL","Welltower Inc.","NYSE","8065131","9840265","3379367","2.39",,
"2019-02-28","WFC","Wells Fargo & Co.","NYSE","26206179","23356719","16681850","1.57",,
"2019-02-28","WM","Waste Management, Inc.","NYSE","3435853","3979204","1606556","2.14",,
"2019-02-28","WMB","Williams Companies Inc.","NYSE","31920444","33447212","6736227","4.74",,
"2019-02-28","WMT","Walmart Inc.","NYSE","18009794","17101508","11228805","1.60",,
"2019-02-28","XOM","Exxon Mobil Corporation","NYSE","32263070","30861363","11653868","2.77",,
"2019-03-29","AAPL","Apple Inc. Common Stock","NNM","67786010","72751656","35017255","1.94",,
"2019-03-29","ABBV","ABBVIE INC.","NYSE","22898566","22777273","5052380","4.53",,
"2019-03-29","ABT","Abbott Laboratories","NYSE","14680905","16023321","5565070","2.64",,
"2019-03-29","ADBE","Adobe Inc. Common Stock","NNM","4918863","4308772","3018756","1.63",,
"2019-03-29","ADI","Analog Devices, Inc. Common St","NNM","6976990","7435852","2736557","2.55",,
"2019-03-29","ADP","Automatic Data Processing, Inc","NNM","4720917","5389539","1657346","2.85",,
"2019-03-29","AEP","American Electric Power Compan","NYSE","7871002","8602123","3485251","2.26",,
"2019-03-29","AFL","Aflac Inc.","NYSE","10499167","10756179","2786000","3.77",,
"2019-03-29","AJG","Arthur J. Gallagher & Co.","NYSE","1601483","2553487","1188742","1.35",,
"2019-03-29","ALL","The Allstate Corporation","NYSE","5118550","5190120","1787796","2.86",,
"2019-03-29","AMAT","Applied Materials, Inc. Common","NNM","15211166","15970091","8516212","1.79",,
"2019-03-29","AMD","Advanced Micro Devices, Inc. C","NNM","117033875","114672426","94765680","1.23",,
"2019-03-29","AMGN","Amgen Inc. Common Stock","NNM","10819558","10702476","2449203","4.42",,
"2019-03-29","AMT","American Tower Corporation","NYSE","6760884","5429655","2058319","3.28",,
"2019-03-29","AMZN","Amazon.com, Inc. Common Stock","NNM","4724141","4582645","5085140","1.00",,
"2019-03-29","ANET","Arista Networks","NYSE","1813889","1930843","901686","2.01",,
"2019-03-29","AON","Aon plc Class A","NYSE","1835350","1545380","827377","2.22",,
"2019-03-29","APD","Air Products & Chemicals, Inc.","NYSE","3570950","2948448","1084580","3.29",,
"2019-03-29","APH","Amphenol Corporation","NYSE","3144460","3188633","964349","3.26",,
"2019-03-29","APO","Apollo Global Management, LLC","NYSE","4922662","5188030","721592","6.82",,
"2019-03-29","AVGO","Broadcom Inc. Common Stock","NNM","5443918","4790486","3315038","1.64",,
"2019-03-29","AXP","American Express Company","NYSE","6699376","8733778","3377923","1.98",,
"2019-03-29","BA","Boeing Company","NYSE","5066184","4921045","8544315","1.00",,
"2019-03-29","BAC","Bank of America Corporation","NYSE","108049545","106283593","70439635","1.53",,
"2019-03-29","BKNG","Booking Holdings Inc. Common S","NNM","1232081","1183784","458226","2.69",,
"2019-03-29","BLK","Blackrock, Inc.","NYSE","1191305","1064847","556819","2.14",,
"2019-03-29","BMY","Bristol-Myers Squibb Co.","NYSE","48063938","65779147","18357735","2.62",,
"2019-03-29","BNY","BlackRock New York Municipal I","NYSE","12980","27047","22268","1.00",,
"2019-03-29","BRKA","Berkshire Hathaway Inc.","NYSE","351","317","264","1.33",,
"2019-03-29","BRKB","BERKSHIRE HATHAWAY Class B","NYSE","11294742","11552641","4127765","2.74",,
"2019-03-29","BSX","Boston Scientific Corp.","NYSE","9308359","8390487","8702422","1.07",,
"2019-03-29","BX","The Blackstone Group L.P","NYSE","29216315","29330878","2110579","13.84",,
"2019-03-29","C","Citigroup Inc.","NYSE","18037871","15871341","16947103","1.06",,
"2019-03-29","CAT","Caterpillar Inc.","NYSE","6258842","7689469","3470022","1.80",,
"2019-03-29","CDNS","Cadence Design Systems, Inc. C","NNM","5238508","6010698","2066302","2.54",,
"2019-03-29","CI","CIGNA Corporation","NYSE","5170058","4974838","2191723","2.36",,
"2019-03-29","CL","Colgate-Palmolive Company","NYSE","11344856","11813703","3277040","3.46",,
"2019-03-29","CMCSA","Comcast Corporation Class A Co","NNM","69412038","66413719","17320860","4.01",,
"2019-03-29","CME","CME Group Inc. Class A Common","NNM","4829334","4851562","1844373","2.62",,
"2019-03-29","CMI","Cummins Inc.","NYSE","3264017","3952851","1219190","2.68",,
"2019-03-29","COF","Capital One Financial","NYSE","5059428","5923031","2313537","2.19",,
"2019-03-29","COP","ConocoPhillips","NYSE","11611512","12912183","6431296","1.81",,
"2019-03-29","COST","Costco Wholesale Corporation C","NNM","5155240","5647211","1584026","3.25",,
"2019-03-29","CRM","salesforce.com, inc.","NYSE","11362167","10592068","5050040","2.25",,
"2019-03-29","CSCO","Cisco Systems, Inc. Common Sto","NNM","42215423","44234513","19429819","2.17",,
"2019-03-29","CSX","CSX Corporation Common Stock","NNM","14492265","14274982","3361862","4.31",,
"2019-03-29","CTAS","Cintas Corporation Common Stoc","NNM","2774472","2667124","643250","4.31",,
"2019-03-29","CVNA","Carvana Co.","NYSE","21056812","23879805","1525425","13.80",,
"2019-03-29","CVS","CVS HEALTH CORPORATION","NYSE","19358142","19836575","12613630","1.53",,
"2019-03-29","CVX","Chevron Corporation","NYSE","17173486","19240678","4925132","3.49",,
"2019-03-29","D","Dominion Energy, Inc Common St","NYSE","12567114","10626702","4369213","2.88",,
"2019-03-29","DE","Deere & Company","NYSE","6626385","7428785","1515301","4.37",,
"2019-03-29","DELL","Dell Technologies Inc.","NYSE","5086363","4847558","1957139","2.60",,
"2019-03-29","DHR","Danaher Corporation","NYSE","6398318","6433423","2641483","2.42",,
"2019-03-29","DIS","The Walt Disney Company","NYSE","13978131","43262491","22809878","1.00",,
"2019-03-29","DLR","Digital Realty Trust, Inc.","NYSE","13274951","13258151","932254","14.24",,
"2019-03-29","DUK","Duke Energy Corporation","NYSE","13063236","12648091","4139360","3.16",,
"2019-03-29","ECL","Ecolab, Inc.","NYSE","4510522","4822409","921063","4.90",,
"2019-03-29","EMR","Emerson Electric Co.","NYSE","6713291","8084459","2981119","2.25",,
"2019-03-29","EOG","EOG Resources, Inc.","NYSE","13748380","13324951","4607295","2.98",,
"2019-03-29","EPD","Enterprise Products Partners L","NYSE","25742147","24873640","3672924","7.01",,
"2019-03-29","EQIX","Equinix, Inc. Common Stock REI","NNM","1252414","1020399","471610","2.66",,
"2019-03-29","FCX","Freeport-McMoran Inc.","NYSE","30658255","30350076","15580880","1.97",,
"2019-03-29","FDX","FedEx Corporation","NYSE","3621410","3655593","3044716","1.19",,
"2019-03-29","FTNT","Fortinet, Inc. Common Stock","NNM","9185064","8989206","1377291","6.67",,
"2019-03-29","GD","General Dynamics Corporation","NYSE","2763720","3397522","1008861","2.74",,
"2019-03-29","GE","General Electric Company","NYSE","136016208","116621628","57300024","2.37",,
"2019-03-29","GILD","Gilead Sciences, Inc. Common S","NNM","12852521","11348259","7306790","1.76",,
"2019-03-29","GLW","Corning Incorporated","NYSE","14824580","15302884","3406499","4.35",,
"2019-03-29","GM","General Motors Company","NYSE","18487626","18237398","8230456","2.25",,
"2019-03-29","GOOG","Alphabet Inc. Class C Capital","NNM","2117779","2215719","1504458","1.41",,
"2019-03-29","GOOGL","Alphabet Inc. Class A Common S","NNM","1875272","2485347","1496706","1.25",,
"2019-03-29","GS","Goldman Sachs Group Inc.","NYSE","5441784","6306233","3538952","1.54",,
"2019-03-29","GWW","W.W. Grainger, Inc.","NYSE","3051067","3033870","349673","8.73",,
"2019-03-29","HCA","HCA Healthcare, Inc.","NYSE","5542431","5519608","1513636","3.66",,
"2019-03-29","HD","Home Depot, Inc.","NYSE","9613142","9599779","4382338","2.19",,
"2019-03-29","HLT","Hilton Worldwide Holdings Inc.","NYSE","11157234","8812495","2487400","4.49",,
"2019-03-29","HON","Honeywell International, Inc.","NYSE","5387947","5392904","2375844","2.27",,
"2019-03-29","HPE","Hewlett Packard Enterprise Com","NYSE","34433116","35360956","11643423","2.96",,
"2019-03-29","IBKR","Interactive Brokers Group, Inc","IEX","5396443","5587017","374158","14.42",,
"2019-03-29","IBM","International Business Machine","NYSE","14631593","15872820","3214038","4.55",,
"2019-03-29","ICE","Intercontinental Exchange  Inc","NYSE","4255982","4697937","2837704","1.50",,
"2019-03-29","INTC","Intel Corporation Common Stock","NNM","53902827","57085137","18589418","2.90",,
"2019-03-29","INTU","Intuit Inc. Common Stock","NNM","2579650","2712349","1285627","2.01",,
"2019-03-29","ISRG","Intuitive Surgical, Inc. Commo","NNM","1681163","1533804","496251","3.39",,
"2019-03-29","ITW","Illinois Tool Works Inc.","NYSE","6666391","6387660","1226041","5.44",,
"2019-03-29","JNJ","Johnson & Johnson","NYSE","12267355","13068388","5881649","2.09",,
"2019-03-29","JPM","JPMorgan Chase & Co.","NYSE","17585411","18547558","16836180","1.04",,
"2019-03-29","KKR","KKR & Co. Inc. Class A Common","NYSE","18150571","16896123","2674200","6.79",,
"2019-03-29","KLAC","KLA-Tencor Corporation Common","NNM","4421387","6092560","1285890","3.44",,
"2019-03-29","KMI","Kinder Morgan, Inc.","NYSE","56829716","52962403","15578463","3.65",,
"2019-03-29","KO","Coca-Cola Company","NYSE","24513347","29347831","15328214","1.60",,
"2019-03-29","LIN","Linde plc Ordinary Share","NYSE","5695552","5480698","1516837","3.75",,
"2019-03-29","LLY","Eli Lilly & Co.","NYSE","35064784","133357587","8969942","3.91",,"R"
"2019-03-29","LMT","Lockheed Martin Corp.","NYSE","2259011","3136814","1098458","2.06",,
"2019-03-29","LOW","Lowe's Companies Inc.","NYSE","13277199","12522975","4612786","2.88",,
"2019-03-29","LRCX","Lam Research Corporation Commo","NNM","7646435","8707538","1905824","4.01",,
"2019-03-29","MA","Mastercard Incorporated","NYSE","5951376","6544199","3320419","1.79",,
"2019-03-29","MAR","Marriott International Class A","NNM","7808138","6082290","2063111","3.78",,
"2019-03-29","MCD","McDonald's Corporation","NYSE","6188763","6250904","2931927","2.11",,
"2019-03-29","MCK","McKesson Corporation","NYSE","5309894","5109995","1117874","4.75",,
"2019-03-29","MCO","Moody's Corporation","NYSE","5520267","6173164","1005342","5.49",,
"2019-03-29","MDLZ","Mondelez International, Inc. C","NNM","10801089","10797615","6514332","1.66",,
"2019-03-29","MDT","Medtronic plc","NYSE","7845563","7304479","5143859","1.53",,
"2019-03-29","MMM","3M Company","NYSE","10016492","9807468","2138311","4.68",,
"2019-03-29","MNST","Monster Beverage Corporation","NNM","12081736","7850011","6662400","1.81",,
"2019-03-29","MO","Altria Group, Inc.","NYSE","19793292","19241918","10334909","1.92",,
"2019-03-29","MPC","MARATHON PETROLEUM CORPORATION","NYSE","9387962","10155683","6051790","1.55",,
"2019-03-29","MPWR","Monolithic Power Systems, Inc.","NNM","992099","1004442","237980","4.17",,
"2019-03-29","MRK","Merck & Co., Inc.","NYSE","32630395","38684680","9641379","3.38",,
"2019-03-29","MRVL","Marvell Technology Group Ltd.","NNM","34344169","32261636","10231476","3.36",,
"2019-03-29","MS","Morgan Stanley","NYSE","13530923","13414349","13350553","1.01",,
"2019-03-29","MSFT","Microsoft Corporation Common S","NNM","45928562","44887908","28017222","1.64",,
"2019-03-29","MSI","Motorola Solutions, Inc. New","NYSE","3062560","3449427","812637","3.77",,
"2019-03-29","MU","Micron Technology, Inc. Common","NNM","44405582","44530668","37406928","1.19",,
"2019-03-29","NEE","Nextra Energy, Inc.","NYSE","4759862","5907720","2045416","2.33",,
"2019-03-29","NEM","Newmont Mining Corp.","NYSE","46456450","47267710","15933560","2.92",,
"2019-03-29","NFLX","Netflix, Inc. Common Stock","NNM","15305888","15578777","7591929","2.02",,
"2019-03-29","NKE","Nike, Inc.","NYSE","10959372","10266569","9661101","1.13",,
"2019-03-29","NOC","Northrop Grumman Corp.","NYSE","1872128","2548809","899800","2.08",,
"2019-03-29","NOW","SERVICENOW, INC.","NYSE","7524021","9667494","1640325","4.59",,
"2019-03-29","NSC","Norfolk Southern Corp.","NYSE","3481196","3798623","1292606","2.69",,
"2019-03-29","NVDA","NVIDIA Corporation Common Stoc","NNM","20021319","17025404","15682179","1.28",,
"2019-03-29","O","Realty Income Corporation","NYSE","13511372","13073398","1904190","7.10",,
"2019-03-29","ORCL","Oracle Corp","NYSE","43726102","43726093","15480544","2.82",,
"2019-03-29","ORLY","O'Reilly Automotive, Inc. Comm","NNM","1453722","1238776","514781","2.82",,
"2019-03-29","PANW","PALO ALTO NETWORKS, INC","NYSE","5286129","5619978","1101426","4.80",,
"2019-03-29","PCAR","PACCAR Inc. Common Stock","NNM","9173215","9305545","1461272","6.28",,
"2019-03-29","PEP","PepsiCo, Inc. Common Stock","NNM","10260697","11072628","5652863","1.82",,
"2019-03-29","PFE","Pfizer Inc.","NYSE","79891707","103486562","20066872","3.98",,
"2019-03-29","PG","Procter & Gamble Company","NYSE","22811535","24681949","7677952","2.97",,
"2019-03-29","PGR","Progressive Corporation","NYSE","6856165","6627683","2820391","2.43",,
"2019-03-29","PH","Parker Hannifin Corp","NYSE","2254102","2497182","886660","2.54",,
"2019-03-29","PLD","PROLOGIS, INC.","NYSE","6489179","6565567","2053208","3.16",,
"2019-03-29","PM","Philip Morris International In","NYSE","9675751","10761078","6002185","1.61",,
"2019-03-29","PNC","PNC Financial Services Group","NYSE","2758054","3728968","2289769","1.20",,
"2019-03-29","PSX","PHILLIPS 66","NYSE","6986172","6490750","2346705","2.98",,
"2019-03-29","PWR","Quanta Services, Inc.","NYSE","4561628","5242985","1236311","3.69",,
"2019-03-29","QCOM","QUALCOMM Incorporated Common S","NNM","23028859","27881226","11548698","1.99",,
"2019-03-29","RCL","Royal Caribbean Cruises Ltd.","NYSE","2125622","2030230","1502913","1.41",,
"2019-03-29","REGN","Regeneron Pharmaceuticals, Inc","NNM","2092097","1906601","557139","3.76",,
"2019-03-29","ROST","Ross Stores, Inc. Common Stock","NNM","4405130","5385114","2129397","2.07",,
"2019-03-29","RSG","Republic Services Inc.","NYSE","5180865","5136356","1224690","4.23",,
"2019-03-29","SBUX","Starbucks Corporation Common S","NNM","32811897","23982456","7657422","4.28",,
"2019-03-29","SCCO","Southern Copper Corporation","NYSE","7163295","6780877","884925","8.09",,
"2019-03-29","SCHW","The Charles Schwab Corporation","NYSE","16135163","13646613","7612343","2.12",,
"2019-03-29","SHW","The Sherwin-Williams Company","NYSE","1157576","1185190","556683","2.08",,
"2019-03-29","SNPS","Synopsys, Inc. Common Stock","NNM","3094728","2360413","1182694","2.62",,
"2019-03-29","SO","The Southern Company","NYSE","15388657","16465267","4443819","3.46",,
"2019-03-29","SPG","Simon Property Group, Inc.","NYSE","8839163","8509368","1314051","6.73",,
"2019-03-29","SPGI","S&P Global Inc.","NYSE","4173997","4317909","1231082","3.39",,
"2019-03-29","SYK","Stryker Corporation","NYSE","4005501","4760980","1032174","3.88",,
"2019-03-29","T","AT&T Inc.","NYSE","85023468","83953297","27152004","3.13",,
"2019-03-29","TDG","TransDigm Group Incorporated","NYSE","2524302","2244743","317525","7.95",,
"2019-03-29","TGT","Target Corporation","NYSE","27520506","28630637","4023334","6.84",,
"2019-03-29","TJX","TJX Companies, Inc. (The)","NYSE","10797085","13156313","5546741","1.95",,
"2019-03-29","TMO","Thermo Fisher Scientific, Inc.","NYSE","3258042","2822759","1379942","2.36",,
"2019-03-29","TMUS","T-Mobile US, Inc. Common Stock","NNM","8189717","8402475","3658151","2.24",,
"2019-03-29","TRV","The Travelers Companies, Inc.","NYSE","3860366","3670244","1416996","2.72",,
"2019-03-29","TSLA","Tesla, Inc. Common Stock","NNM","32740424","29872310","8278953","3.95",,
"2019-03-29","TXN","Texas Instruments Incorporated","NNM","17347821","19148783","4443335","3.90",,
"2019-03-29","UNH","UNITEDHEALTH GROUP INCORPORATE","NYSE","6512378","6493815","4000576","1.63",,
"2019-03-29","UNP","Union Pacific Corp.","NYSE","9441675","12006843","3558931","2.65",,
"2019-03-29","UPS","United Parcel Service, Inc. Cl","NYSE","12164760","11908425","2533639","4.80",,
"2019-03-29","URI","United Rentals, Inc.","NYSE","3296381","3475436","1697195","1.94",,
"2019-03-29","USB","U.S. Bancorp","NYSE","15044527","13391602","7095439","2.12",,
"2019-03-29","V","VISA Inc.","NYSE","30051980","30936548","10494741","2.86",,
"2019-03-29","VLO","Valero Energy Corporation","NYSE","7312372","8698972","3087091","2.37",,
"2019-03-29","VRTX","Vertex Pharmaceuticals Incorpo","NNM","3586130","3431106","1428687","2.51",,
"2019-03-29","VZ","Verizon Communications","NYSE","38658321","32183002","15248098","2.54",,
"2019-03-29","WDC","Western Digital Corporation Co","NNM","19354757","19885068","7204279","2.69",,
"2019-03-29","WELL","Welltower Inc.","NYSE","6726116","6894684","2368303","2.84",,
"2019-03-29","WFC","Wells Fargo & Co.","NYSE","22299822","25074940","23709788","1.00",,
"2019-03-29","WM","Waste Management, Inc.","NYSE","3873480","4502269","1408571","2.75",,
"2019-03-29","WMB","Williams Companies Inc.","NYSE","27575511","28978904","7793148","3.54",,
"2019-03-29","WMT","Walmart Inc.","NYSE","16523258","20133450","6508589","2.54",,
"2019-03-29","XOM","Exxon Mobil Corporation","NYSE","39522692","43300315","10587925","3.73",,
"2018-10-31","AAPL","Apple Inc. Common Stock","NNM","36469092","40148064","35371102","1.03",,"R"
"2018-10-31","ABBV","ABBVIE INC.","NYSE","25440102","32649937","6795353","3.74",,
"2018-10-31","ABT","Abbott Laboratories","NYSE","14649876","15621970","8351960","1.75",,
"2018-10-31","ADBE","Adobe Inc. Common Stock","NNM","4582741","4413555","5036793","1.00",,
"2018-10-31","ADI","Analog Devices, Inc. Common St","NNM","12564459","10915242","4264179","2.95",,
"2018-10-31","ADP","Automatic Data Processing, Inc","NNM","3946761","3581775","2231689","1.77",,
"2018-10-31","AEP","American Electric Power Compan","NYSE","8988934","7419916","3404162","2.64",,
"2018-10-31","AFL","Aflac Inc.","NYSE","12318682","12439380","3791482","3.25",,
"2018-10-31","AJG","Arthur J. Gallagher & Co.","NYSE","2021771","1837786","1124423","1.80",,
"2018-10-31","ALL","The Allstate Corporation","NYSE","5017790","5485230","2149989","2.33",,
"2018-10-31","AMAT","Applied Materials, Inc. Common","NNM","15598757","16015152","13793794","1.13",,
"2018-10-31","AMD","Advanced Micro Devices, Inc. C","NNM","114918514","121634146","112995778","1.02",,
"2018-10-31","AMGN","Amgen Inc. Common Stock","NNM","9469452","10290144","3447691","2.75",,
"2018-10-31","AMT","American Tower Corporation","NYSE","5874812","4438543","2747773","2.14",,
"2018-10-31","AMZN","Amazon.com, Inc. Common Stock","NNM","5167595","5119609","8505115","1.00",,"R"
"2018-10-31","ANET","Arista Networks","NYSE","2081186","3191095","1000658","2.08",,
"2018-10-31","AON","Aon plc Class A","NYSE","2385077","2463330","1212712","1.97",,
"2018-10-31","APD","Air Products & Chemicals, Inc.","NYSE","2228534","1931917","1393542","1.60",,
"2018-10-31","APH","Amphenol Corporation","NYSE","4114342","3752172","2497923","1.65",,
"2018-10-31","APO","Apollo Global Management, LLC","NYSE","5675704","4486040","1518844","3.74",,
"2018-10-31","AVGO","Broadcom Inc. Common Stock","NNM","9343962","10085893","3288856","2.84",,
"2018-10-31","AXP","American Express Company","NYSE","5448890","4640175","4313743","1.26",,
"2018-10-31","BA","Boeing Company","NYSE","4824454","4798575","4365935","1.11",,"R"
"2018-10-31","BAC","Bank of America Corporation","NYSE","114698441","116668476","84408754","1.36",,
"2018-10-31","BKNG","Booking Holdings Inc. Common S","NNM","978646","1109963","405598","2.41",,
"2018-10-31","BLK","Blackrock, Inc.","NYSE","1809118","991897","1371901","1.32",,"R"
"2018-10-31","BMY","Bristol-Myers Squibb Co.","NYSE","11356160","12925782","12987868","1.00",,
"2018-10-31","BNY","BlackRock New York Municipal I","NYSE","4873","4191","39020","1.00",,
"2018-10-31","BRKA","Berkshire Hathaway Inc.","NYSE","316","286","367","1.00",,
"2018-10-31","BRKB","BERKSHIRE HATHAWAY Class B","NYSE","10536347","12245728","4763968","2.21",,
"2018-10-31","BSX","Boston Scientific Corp.","NYSE","10003558","12445533","9248597","1.08",,
"2018-10-31","BX","The Blackstone Group L.P","NYSE","22116682","10482589","6543593","3.38",,
"2018-10-31","C","Citigroup Inc.","NYSE","15543097","17266595","20437869","1.00",,"R"
"2018-10-31","CAT","Caterpillar Inc.","NYSE","13480710","6810835","10318364","1.31",,"R"
"2018-10-31","CDNS","Cadence Design Systems, Inc. C","NNM","5998413","5266979","3546316","1.69",,
"2018-10-31","CI","CIGNA Corporation","NYSE","14070637","14663194","2300444","6.12",,
"2018-10-31","CL","Colgate-Palmolive Company","NYSE","11702879","10095599","6258970","1.87",,
"2018-10-31","CMCSA","Comcast Corporation Class A Co","NNM","66573952","62119986","28865432","2.31",,
"2018-10-31","CME","CME Group Inc. Class A Common","NNM","8271530","8603046","1897141","4.36",,
"2018-10-31","CMI","Cummins Inc.","NYSE","3644884","3720658","2205254","1.65",,
"2018-10-31","COF","Capital One Financial","NYSE","3272760","4016263","3610930","1.00",,
"2018-10-31","COP","ConocoPhillips","NYSE","12379811","11288063","7125707","1.74",,
"2018-10-31","COST","Costco Wholesale Corporation C","NNM","5205706","6182255","2688168","1.94",,"R"
"2018-10-31","CRM","salesforce.com, inc.","NYSE","8076133","10397002","6529670","1.24",,
"2018-10-31","CSCO","Cisco Systems, Inc. Common Sto","NNM","35852392","34122425","24181358","1.48",,
"2018-10-31","CSX","CSX Corporation Common Stock","NNM","16115722","13330657","8360361","1.93",,
"2018-10-31","CTAS","Cintas Corporation Common Stoc","NNM","3183021","3356361","811991","3.92",,
"2018-10-31","CVNA","Carvana Co.","NYSE","13924960","12677040","1441871","9.66",,
"2018-10-31","CVS","CVS HEALTH CORPORATION","NYSE","58223127","58345396","7427896","7.84",,
"2018-10-31","CVX","Chevron Corporation","NYSE","17527402","17727904","7188153","2.44",,
"2018-10-31","D","Dominion Energy, Inc Common St","NYSE","21312552","21896402","3228079","6.60",,
"2018-10-31","DE","Deere & Company","NYSE","7683975","7688671","2741722","2.80",,
"2018-10-31","DHR","Danaher Corporation","NYSE","5250659","4563169","3453768","1.52",,
"2018-10-31","DIS","The Walt Disney Company","NYSE","26464613","26464662","8421628","3.14",,
"2018-10-31","DLR","Digital Realty Trust, Inc.","NYSE","14665133","14899889","2206919","6.65",,
"2018-10-31","DUK","Duke Energy Corporation","NYSE","16279720","15439203","4339601","3.75",,
"2018-10-31","ECL","Ecolab, Inc.","NYSE","5652439","5042897","1652097","3.42",,
"2018-10-31","EMR","Emerson Electric Co.","NYSE","6537889","6552419","3661751","1.79",,
"2018-10-31","EOG","EOG Resources, Inc.","NYSE","9021278","9920526","3554798","2.54",,
"2018-10-31","EPD","Enterprise Products Partners L","NYSE","10004154","9750335","5862247","1.71",,
"2018-10-31","EQIX","Equinix, Inc. Common Stock REI","NNM","1145843","1039660","535441","2.14",,
"2018-10-31","FCX","Freeport-McMoran Inc.","NYSE","31221076","25228898","24803444","1.26",,"R"
"2018-10-31","FDX","FedEx Corporation","NYSE","4226139","4717627","1656516","2.55",,
"2018-10-31","FTNT","Fortinet, Inc. Common Stock","NNM","6075718","5891607","2155605","2.82",,
"2018-10-31","GD","General Dynamics Corporation","NYSE","3484561","3035522","2116033","1.65",,
"2018-10-31","GE","General Electric Company","NYSE","122865074","124163569","118855932","1.03",,"R"
"2018-10-31","GILD","Gilead Sciences, Inc. Common S","NNM","13964037","15046053","8138067","1.72",,
"2018-10-31","GLW","Corning Incorporated","NYSE","15662273","16618123","8289720","1.89",,
"2018-10-31","GM","General Motors Company","NYSE","28250579","28100798","16908996","1.67",,
"2018-10-31","GOOG","Alphabet Inc. Class C Capital","NNM","2206410","2103149","2371360","1.00",,
"2018-10-31","GOOGL","Alphabet Inc. Class A Common S","NNM","1910304","1944838","2778871","1.00",,"R"
"2018-10-31","GS","Goldman Sachs Group Inc.","NYSE","4733068","4387666","3760262","1.26",,
"2018-10-31","GWW","W.W. Grainger, Inc.","NYSE","3712453","3594875","1339406","2.77",,
"2018-10-31","HCA","HCA Healthcare, Inc.","NYSE","4508232","4077626","2505427","1.80",,
"2018-10-31","HD","Home Depot, Inc.","NYSE","9250680","8621668","6715661","1.38",,
"2018-10-31","HLT","Hilton Worldwide Holdings Inc.","NYSE","8748234","10079607","6038344","1.45",,
"2018-10-31","HON","Honeywell International, Inc.","NYSE","6084211","5807788","4266098","1.43",,
"2018-10-31","HPE","Hewlett Packard Enterprise Com","NYSE","25743746","25518715","8155462","3.16",,
"2018-10-31","IBKR","Interactive Brokers Group, Inc","IEX","2329683","2483327","790174","2.95",,
"2018-10-31","IBM","International Business Machine","NYSE","15474464","21393155","12206797","1.27",,
"2018-10-31","ICE","Intercontinental Exchange  Inc","NYSE","5470630","5838977","4098151","1.33",,
"2018-10-31","INTC","Intel Corporation Common Stock","NNM","53345017","68117741","36218134","1.47",,
"2018-10-31","INTU","Intuit Inc. Common Stock","NNM","3734330","3585741","1586869","2.35",,
"2018-10-31","ISRG","Intuitive Surgical, Inc. Commo","NNM","1540177","1320809","1192588","1.29",,
"2018-10-31","ITW","Illinois Tool Works Inc.","NYSE","5182784","4263020","2747515","1.89",,
"2018-10-31","JNJ","Johnson & Johnson","NYSE","14361521","14375585","8356619","1.72",,
"2018-10-31","JPM","JPMorgan Chase & Co.","NYSE","22168830","16681702","18804528","1.18",,
"2018-10-31","KKR","KKR & Co. Inc. Class A Common","NYSE","10795286","16570696","6074379","1.78",,
"2018-10-31","KLAC","KLA-Tencor Corporation Common","NNM","5408277","5517473","1986175","2.72",,
"2018-10-31","KMI","Kinder Morgan, Inc.","NYSE","49483097","44340938","20178069","2.45",,
"2018-10-31","KO","Coca-Cola Company","NYSE","26305738","24877758","17034440","1.54",,
"2018-10-31","LIN","Linde plc Ordinary Share","NYSE","19100755","0","1502685","12.71",,
"2018-10-31","LLY","Eli Lilly & Co.","NYSE","11188263","15215133","4142975","2.70",,
"2018-10-31","LMT","Lockheed Martin Corp.","NYSE","2261357","2096101","1970221","1.15",,
"2018-10-31","LOW","Lowe's Companies Inc.","NYSE","8825383","9192868","5325406","1.66",,
"2018-10-31","LRCX","Lam Research Corporation Commo","NNM","8634851","9732676","4147843","2.08",,
"2018-10-31","MA","Mastercard Incorporated","NYSE","6242110","6011330","5730960","1.09",,
"2018-10-31","MAR","Marriott International Class A","NNM","7008277","6534458","2694430","2.60",,
"2018-10-31","MCD","McDonald's Corporation","NYSE","7386761","7438341","5413412","1.36",,
"2018-10-31","MCK","McKesson Corporation","NYSE","3545905","4463114","1858372","1.91",,
"2018-10-31","MCO","Moody's Corporation","NYSE","4106730","2677668","1610593","2.55",,
"2018-10-31","MDLZ","Mondelez International, Inc. C","NNM","9949411","11207588","9553840","1.04",,
"2018-10-31","MDT","Medtronic plc","NYSE","8392809","8367359","5605861","1.50",,
"2018-10-31","MMM","3M Company","NYSE","6992740","8401188","3458884","2.02",,
"2018-10-31","MNST","Monster Beverage Corporation","NNM","8352490","7233505","3345122","2.50",,
"2018-10-31","MO","Altria Group, Inc.","NYSE","25060246","26849287","7503604","3.34",,
"2018-10-31","MPC","MARATHON PETROLEUM CORPORATION","NYSE","8082290","8227824","7861613","1.03",,
"2018-10-31","MPWR","Monolithic Power Systems, Inc.","NNM","2284769","1672402","652931","3.50",,
"2018-10-31","MRK","Merck & Co., Inc.","NYSE","74746962","17352254","14632587","5.11",,
"2018-10-31","MRVL","Marvell Technology Group Ltd.","NNM","28058933","26334942","13862074","2.02",,
"2018-10-31","MS","Morgan Stanley","NYSE","13565653","11235503","15737157","1.00",,
"2018-10-31","MSFT","Microsoft Corporation Common S","NNM","40675990","46403307","45522602","1.00",,
"2018-10-31","MSI","Motorola Solutions, Inc. New","NYSE","3881735","3911206","857799","4.53",,
"2018-10-31","MU","Micron Technology, Inc. Common","NNM","54916454","57500521","37249698","1.47",,"R"
"2018-10-31","NEE","Nextra Energy, Inc.","NYSE","6404748","6345869","1742044","3.68",,
"2018-10-31","NEM","Newmont Mining Corp.","NYSE","12433428","9421121","7415288","1.68",,
"2018-10-31","NFLX","Netflix, Inc. Common Stock","NNM","16851244","16234018","19814987","1.00",,
"2018-10-31","NKE","Nike, Inc.","NYSE","11768272","11516385","8366962","1.41",,
"2018-10-31","NOC","Northrop Grumman Corp.","NYSE","5078845","2382955","1700738","2.99",,
"2018-10-31","NOW","SERVICENOW, INC.","NYSE","10211643","10733181","3059581","3.34",,
"2018-10-31","NSC","Norfolk Southern Corp.","NYSE","6385721","6439975","3066552","2.08",,
"2018-10-31","NVDA","NVIDIA Corporation Common Stoc","NNM","13264172","12954401","16006532","1.00",,
"2018-10-31","O","Realty Income Corporation","NYSE","19743795","20169217","2677164","7.37",,
"2018-10-31","ORCL","Oracle Corp","NYSE","39046013","41292647","18680250","2.09",,"R"
"2018-10-31","ORLY","O'Reilly Automotive, Inc. Comm","NNM","1650249","1648253","902926","1.83",,
"2018-10-31","PANW","PALO ALTO NETWORKS, INC","NYSE","4703929","4528757","1678058","2.80",,
"2018-10-31","PCAR","PACCAR Inc. Common Stock","NNM","5345229","6893824","3192290","1.67",,
"2018-10-31","PEP","PepsiCo, Inc. Common Stock","NNM","8087534","10324099","5458852","1.48",,
"2018-10-31","PFE","Pfizer Inc.","NYSE","46551071","50351438","26087863","1.78",,
"2018-10-31","PG","Procter & Gamble Company","NYSE","21614469","19552251","15512475","1.39",,
"2018-10-31","PGR","Progressive Corporation","NYSE","8535751","8808830","3608113","2.37",,
"2018-10-31","PH","Parker Hannifin Corp","NYSE","1720352","2820077","1657166","1.04",,
"2018-10-31","PLD","PROLOGIS, INC.","NYSE","8061583","7623417","3210161","2.51",,
"2018-10-31","PM","Philip Morris International In","NYSE","12344527","12793812","7196569","1.72",,
"2018-10-31","PNC","PNC Financial Services Group","NYSE","4239985","2814137","3200815","1.32",,
"2018-10-31","PSX","PHILLIPS 66","NYSE","4784245","5355671","3299150","1.45",,
"2018-10-31","PWR","Quanta Services, Inc.","NYSE","5082660","4805941","1271931","4.00",,
"2018-10-31","QCOM","QUALCOMM Incorporated Common S","NNM","91824188","107920459","15750916","5.83",,
"2018-10-31","RCL","Royal Caribbean Cruises Ltd.","NYSE","2554831","2615294","2651044","1.00",,
"2018-10-31","REGN","Regeneron Pharmaceuticals, Inc","NNM","2615686","2601861","963279","2.72",,
"2018-10-31","ROST","Ross Stores, Inc. Common Stock","NNM","6004020","5596861","2634740","2.28",,
"2018-10-31","RSG","Republic Services Inc.","NYSE","4938364","4420866","1570698","3.14",,
"2018-10-31","SBUX","Starbucks Corporation Common S","NNM","81015155","87302625","12124002","6.68",,
"2018-10-31","SCCO","Southern Copper Corporation","NYSE","7214895","7152840","1159473","6.22",,
"2018-10-31","SCHW","The Charles Schwab Corporation","NYSE","15150476","14384248","11219995","1.35",,
"2018-10-31","SHW","The Sherwin-Williams Company","NYSE","1735319","1059499","1200144","1.45",,
"2018-10-31","SNPS","Synopsys, Inc. Common Stock","NNM","2887173","2477010","1423318","2.03",,
"2018-10-31","SO","The Southern Company","NYSE","24917913","27112874","6061110","4.11",,
"2018-10-31","SPG","Simon Property Group, Inc.","NYSE","10474254","11793409","1912908","5.48",,
"2018-10-31","SPGI","S&P Global Inc.","NYSE","4998436","2312153","2113680","2.36",,
"2018-10-31","SYK","Stryker Corporation","NYSE","4688380","5079144","1705596","2.75",,
"2018-10-31","T","AT&T Inc.","NYSE","68936923","63756658","51419559","1.34",,
"2018-10-31","TDG","TransDigm Group Incorporated","NYSE","2979879","2450729","572468","5.21",,
"2018-10-31","TGT","Target Corporation","NYSE","26548983","23522049","4905206","5.41",,"R"
"2018-10-31","TJX","TJX Companies, Inc. (The)","NYSE","5005739","6997997","4465701","1.12",,
"2018-10-31","TMO","Thermo Fisher Scientific, Inc.","NYSE","3529963","3481839","2411239","1.46",,
"2018-10-31","TMUS","T-Mobile US, Inc. Common Stock","NNM","8166580","10386880","4841350","1.69",,"R"
"2018-10-31","TRV","The Travelers Companies, Inc.","NYSE","3284943","3313053","2208637","1.49",,
"2018-10-31","TSLA","Tesla, Inc. Common Stock","NNM","29931418","34056805","13099206","2.28",,"R"
"2018-10-31","TXN","Texas Instruments Incorporated","NNM","17919968","16722724","11898927","1.51",,
"2018-10-31","UNH","UNITEDHEALTH GROUP INCORPORATE","NYSE","5833994","5357251","4206402","1.39",,
"2018-10-31","UNP","Union Pacific Corp.","NYSE","12647478","12578163","6438679","1.96",,
"2018-10-31","UPS","United Parcel Service, Inc. Cl","NYSE","9422876","10803558","3254039","2.90",,
"2018-10-31","URI","United Rentals, Inc.","NYSE","3673718","3291360","3560161","1.03",,
"2018-10-31","USB","U.S. Bancorp","NYSE","14839595","13563112","9886919","1.50",,
"2018-10-31","V","VISA Inc.","NYSE","27010575","25980468","11494720","2.35",,
"2018-10-31","VLO","Valero Energy Corporation","NYSE","7312379","7409224","5645259","1.30",,"R"
"2018-10-31","VRTX","Vertex Pharmaceuticals Incorpo","NNM","3837179","2756220","1941590","1.98",,
"2018-10-31","VZ","Verizon Communications","NYSE","38246439","38458626","23064347","1.66",,
"2018-10-31","WDC","Western Digital Corporation Co","NNM","11564690","11217405","8359751","1.38",,"R"
"2018-10-31","WELL","Welltower Inc.","NYSE","11313154","12197659","2388442","4.74",,
"2018-10-31","WFC","Wells Fargo & Co.","NYSE","22858413","22025623","25554857","1.00",,
"2018-10-31","WM","Waste Management, Inc.","NYSE","7509977","5216866","2077767","3.61",,
"2018-10-31","WMB","Williams Companies Inc.","NYSE","31754464","29323197","9611789","3.30",,
"2018-10-31","WMT","Walmart Inc.","NYSE","22713661","21525146","10954646","2.07",,
"2018-10-31","XOM","Exxon Mobil Corporation","NYSE","30078976","29331977","14431005","2.08",,
"2019-01-15","AAPL","Apple Inc. Common Stock","NNM","46579709","45279694","45191034","1.03",,
"2019-01-15","ABBV","ABBVIE INC.","NYSE","28076809","29758016","7371456","3.81",,
"2019-01-15","ABT","Abbott Laboratories","NYSE","17289818","18724325","7817055","2.21",,
"2019-01-15","ADBE","Adobe Inc. Common Stock","NNM","5490195","5803627","3354240","1.64",,
"2019-01-15","ADI","Analog Devices, Inc. Common St","NNM","11252558","11219553","2960705","3.80",,
"2019-01-15","ADP","Automatic Data Processing, Inc","NNM","4240185","4809121","2409235","1.76",,
"2019-01-15","AEP","American Electric Power Compan","NYSE","8673747","8791684","2809829","3.09",,
"2019-01-15","AFL","Aflac Inc.","NYSE","13379392","13218806","3768698","3.55",,
"2019-01-15","AJG","Arthur J. Gallagher & Co.","NYSE","2127375","2471157","1016725","2.09",,
"2019-01-15","ALL","The Allstate Corporation","NYSE","4959130","5732678","2623917","1.89",,
"2019-01-15","AMAT","Applied Materials, Inc. Common","NNM","16511446","15395519","11651557","1.42",,
"2019-01-15","AMD","Advanced Micro Devices, Inc. C","NNM","128908324","130203951","104326253","1.24",,
"2019-01-15","AMGN","Amgen Inc. Common Stock","NNM","10179294","10015083","3310870","3.07",,
"2019-01-15","AMT","American Tower Corporation","NYSE","5416686","5449176","1993376","2.72",,
"2019-01-15","AMZN","Amazon.com, Inc. Common Stock","NNM","5510124","5704760","7059261","1.00",,
"2019-01-15","ANET","Arista Networks","NYSE","1925748","1719752","723781","2.66",,
"2019-01-15","AON","Aon plc Class A","NYSE","1645859","1849951","1104060","1.49",,
"2019-01-15","APD","Air Products & Chemicals, Inc.","NYSE","2554983","2928310","1333929","1.92",,
"2019-01-15","APH","Amphenol Corporation","NYSE","3730843","3440083","1618021","2.31",,
"2019-01-15","APO","Apollo Global Management, LLC","NYSE","4744403","5781045","1004679","4.72",,
"2019-01-15","AVGO","Broadcom Inc. Common Stock","NNM","8589975","9781085","4108286","2.09",,
"2019-01-15","AXP","American Express Company","NYSE","7054694","7442070","3927043","1.80",,
"2019-01-15","BA","Boeing Company","NYSE","5290426","5177799","4036140","1.31",,
"2019-01-15","BAC","Bank of America Corporation","NYSE","132404340","144278066","70238065","1.89",,
"2019-01-15","BKNG","Booking Holdings Inc. Common S","NNM","1081058","867800","473781","2.28",,
"2019-01-15","BLK","Blackrock, Inc.","NYSE","1857917","1531489","731426","2.54",,
"2019-01-15","BMY","Bristol-Myers Squibb Co.","NYSE","48401111","12688005","27808129","1.74",,"R"
"2019-01-15","BNY","BlackRock New York Municipal I","NYSE","6465","15953","31155","1.00",,
"2019-01-15","BRKA","Berkshire Hathaway Inc.","NYSE","354","325","483","1.00",,
"2019-01-15","BRKB","BERKSHIRE HATHAWAY Class B","NYSE","12989692","15528581","4778513","2.72",,"R"
"2019-01-15","BSX","Boston Scientific Corp.","NYSE","11933246","12004999","7446363","1.60",,
"2019-01-15","BX","The Blackstone Group L.P","NYSE","29865005","44931288","4809567","6.21",,
"2019-01-15","C","Citigroup Inc.","NYSE","19615142","20621965","24334292","1.00",,
"2019-01-15","CAT","Caterpillar Inc.","NYSE","7760457","7841151","4416157","1.76",,
"2019-01-15","CDNS","Cadence Design Systems, Inc. C","NNM","4459463","4884580","1413891","3.15",,
"2019-01-15","CI","CIGNA Corporation","NYSE","5239038","6619874","3159143","1.66",,
"2019-01-15","CL","Colgate-Palmolive Company","NYSE","9724495","10410127","4534446","2.14",,
"2019-01-15","CMCSA","Comcast Corporation Class A Co","NNM","64541259","68681528","19699788","3.28",,
"2019-01-15","CME","CME Group Inc. Class A Common","NNM","4029663","5216178","1951467","2.06",,
"2019-01-15","CMI","Cummins Inc.","NYSE","3812372","4055293","1334062","2.86",,
"2019-01-15","COF","Capital One Financial","NYSE","5072244","4732575","2802804","1.81",,
"2019-01-15","COP","ConocoPhillips","NYSE","13898769","13641631","6286609","2.21",,
"2019-01-15","COST","Costco Wholesale Corporation C","NNM","5914161","5887725","2163811","2.73",,
"2019-01-15","CRM","salesforce.com, inc.","NYSE","13580239","11006886","6283618","2.16",,
"2019-01-15","CSCO","Cisco Systems, Inc. Common Sto","NNM","48118543","45950441","21967826","2.19",,"R"
"2019-01-15","CSX","CSX Corporation Common Stock","NNM","15636390","17760787","5268733","2.97",,
"2019-01-15","CTAS","Cintas Corporation Common Stoc","NNM","2598959","2449263","634605","4.10",,
"2019-01-15","CVNA","Carvana Co.","NYSE","19381551","18352347","1965883","9.86",,
"2019-01-15","CVS","CVS HEALTH CORPORATION","NYSE","10671652","13508639","10744061","1.00",,
"2019-01-15","CVX","Chevron Corporation","NYSE","20546167","21441405","6023616","3.41",,"R"
"2019-01-15","D","Dominion Energy, Inc Common St","NYSE","19885376","29005627","5757177","3.45",,
"2019-01-15","DE","Deere & Company","NYSE","8179888","7488670","2325859","3.52",,
"2019-01-15","DELL","Dell Technologies Inc.","NYSE","6839808","9891655","5018824","1.36",,
"2019-01-15","DHR","Danaher Corporation","NYSE","6052204","6811339","2405135","2.52",,
"2019-01-15","DIS","The Walt Disney Company","NYSE","28362873","26734915","7957925","3.56",,"R"
"2019-01-15","DLR","Digital Realty Trust, Inc.","NYSE","13305641","14042785","1604960","8.29",,
"2019-01-15","DUK","Duke Energy Corporation","NYSE","15118392","14834568","3126483","4.84",,
"2019-01-15","ECL","Ecolab, Inc.","NYSE","5195609","6554500","1026446","5.06",,
"2019-01-15","EMR","Emerson Electric Co.","NYSE","7760055","10100015","3914589","1.98",,
"2019-01-15","EOG","EOG Resources, Inc.","NYSE","13384770","14813257","3597378","3.72",,
"2019-01-15","EPD","Enterprise Products Partners L","NYSE","20681783","18565733","7230295","2.86",,
"2019-01-15","EQIX","Equinix, Inc. Common Stock REI","NNM","913584","978850","725315","1.26",,
