"settlementDate","symbolCode","issueName","marketClassCode","currentShortPositionQuantity","previousShortPositionQuantity","averageDailyVolumeQuantity","daysToCoverQuantity","stockSplitFlag","revisionFlag"
"2019-01-15","JNJ","Johnson & Johnson","NYSE","14012467","15719662","7437205","1.88",,
"2019-01-15","JPM","JPMorgan Chase & Co.","NYSE","20243844","22015178","16971189","1.19",,
"2019-01-15","KKR","KKR & Co. Inc. Class A Common","NYSE","9154479","8630107","3576873","2.56",,
"2019-01-15","KLAC","KLA-Tencor Corporation Common","NNM","5872126","5869281","1300791","4.51",,
"2019-01-15","KMI","Kinder Morgan, Inc.","NYSE","47127624","53726662","17855647","2.64",,
"2019-01-15","KO","Coca-Cola Company","NYSE","26071117","29811027","13584316","1.92",,
"2019-01-15","LIN","Linde plc Ordinary Share","NYSE","7497992","7101221","1902043","3.94",,
"2019-01-15","LLY","Eli Lilly & Co.","NYSE","30267873","9298021","4767759","6.35",,
"2019-01-15","LMT","Lockheed Martin Corp.","NYSE","2266606","2417414","1374994","1.65",,
"2019-01-15","LOW","Lowe's Companies Inc.","NYSE","11396281","12302041","4337504","2.63",,
"2019-01-15","LRCX","Lam Research Corporation Commo","NNM","8737576","8594548","2241121","3.90",,
"2019-01-15","MA","Mastercard Incorporated","NYSE","7181966","7480217","4189251","1.71",,
"2019-01-15","MAR","Marriott International Class A","NNM","7098544","7419511","2079170","3.41",,
"2019-01-15","MCD","McDonald's Corporation","NYSE","6354142","6209765","2899292","2.19",,
"2019-01-15","MCK","McKesson Corporation","NYSE","4962078","3886531","1839456","2.70",,
"2019-01-15","MCO","Moody's Corporation","NYSE","6179872","5316688","1039283","5.95",,
"2019-01-15","MDLZ","Mondelez International, Inc. C","NNM","11317028","13166768","7852037","1.44",,
"2019-01-15","MDT","Medtronic plc","NYSE","8345939","8463289","8125517","1.03",,
"2019-01-15","MMM","3M Company","NYSE","8502753","8481374","2458552","3.46",,
"2019-01-15","MNST","Monster Beverage Corporation","NNM","8640136","7017739","4485416","1.93",,
"2019-01-15","MO","Altria Group, Inc.","NYSE","16512052","18501906","11004363","1.50",,
"2019-01-15","MPC","MARATHON PETROLEUM CORPORATION","NYSE","9483140","9897401","6261537","1.51",,
"2019-01-15","MPWR","Monolithic Power Systems, Inc.","NNM","1888417","2060664","325798","5.80",,
"2019-01-15","MRK","Merck & Co., Inc.","NYSE","42215861","47235361","13470984","3.13",,
"2019-01-15","MRVL","Marvell Technology Group Ltd.","NNM","25309150","21530869","11511807","2.20",,
"2019-01-15","MS","Morgan Stanley","NYSE","13046865","15864654","11031394","1.18",,
"2019-01-15","MSFT","Microsoft Corporation Common S","NNM","58402379","55322262","33973306","1.72",,"R"
"2019-01-15","MSI","Motorola Solutions, Inc. New","NYSE","3786084","3568079","1159949","3.26",,
"2019-01-15","MU","Micron Technology, Inc. Common","NNM","61151228","54333105","33617559","1.82",,
"2019-01-15","NEE","Nextra Energy, Inc.","NYSE","5935795","6075454","2566166","2.31",,
"2019-01-15","NEM","Newmont Mining Corp.","NYSE","14419284","15672163","8792471","1.64",,
"2019-01-15","NFLX","Netflix, Inc. Common Stock","NNM","16029064","13853134","15794666","1.01",,
"2019-01-15","NKE","Nike, Inc.","NYSE","9366751","11847773","8192732","1.14",,
"2019-01-15","NOC","Northrop Grumman Corp.","NYSE","3044365","2796000","1134816","2.68",,
"2019-01-15","NOW","SERVICENOW, INC.","NYSE","11925222","11836631","2036969","5.85",,
"2019-01-15","NSC","Norfolk Southern Corp.","NYSE","8128889","6230224","2047180","3.97",,
"2019-01-15","NVDA","NVIDIA Corporation Common Stoc","NNM","18562030","18408484","16642490","1.12",,
"2019-01-15","ORCL","Oracle Corp","NYSE","46568962","44141539","16855869","2.76",,
"2019-01-15","ORLY","O'Reilly Automotive, Inc. Comm","NNM","1264629","1590206","809917","1.56",,
"2019-01-15","PANW","PALO ALTO NETWORKS, INC","NYSE","5216945","5335751","1087859","4.80",,
"2019-01-15","PCAR","PACCAR Inc. Common Stock","NNM","8129470","9082514","2417013","3.36",,
"2019-01-15","PEP","PepsiCo, Inc. Common Stock","NNM","8194853","10422628","6140750","1.33",,
"2019-01-15","PFE","Pfizer Inc.","NYSE","46873778","49740738","23446461","2.00",,
"2019-01-15","PG","Procter & Gamble Company","NYSE","20051111","22850142","9786534","2.05",,
"2019-01-15","PGR","Progressive Corporation","NYSE","9856302","11234271","2869741","3.43",,
"2019-01-15","PH","Parker Hannifin Corp","NYSE","2505820","2215335","977599","2.56",,
"2019-01-15","PLD","PROLOGIS, INC.","NYSE","6161986","6225269","2888562","2.13",,
"2019-01-15","PM","Philip Morris International In","NYSE","13030830","11175878","7204606","1.81",,
"2019-01-15","PNC","PNC Financial Services Group","NYSE","4033333","4381020","3084132","1.31",,
"2019-01-15","PSX","PHILLIPS 66","NYSE","6686001","6841900","2661558","2.51",,
"2019-01-15","PWR","Quanta Services, Inc.","NYSE","5853479","4607101","1493812","3.92",,
"2019-01-15","QCOM","QUALCOMM Incorporated Common S","NNM","54564188","62601166","12376285","4.41",,
"2019-01-15","RCL","Royal Caribbean Cruises Ltd.","NYSE","2242400","2177031","1746885","1.28",,
"2019-01-15","REGN","Regeneron Pharmaceuticals, Inc","NNM","1813787","1982242","796981","2.28",,
"2019-01-15","ROST","Ross Stores, Inc. Common Stock","NNM","7429426","7788518","3053523","2.43",,
"2019-01-15","RSG","Republic Services Inc.","NYSE","6531192","5611941","1441605","4.53",,
"2019-01-15","SBUX","Starbucks Corporation Common S","NNM","38764143","42724855","11344912","3.42",,
"2019-01-15","SCCO","Southern Copper Corporation","NYSE","6481764","6836574","1386454","4.68",,
"2019-01-15","SCHW","The Charles Schwab Corporation","NYSE","16165933","17061826","6634493","2.44",,
"2019-01-15","SHW","The Sherwin-Williams Company","NYSE","1472635","1559051","900496","1.64",,
"2019-01-15","SNPS","Synopsys, Inc. Common Stock","NNM","2231969","2100690","1102125","2.03",,
"2019-01-15","SO","The Southern Company","NYSE","22617646","20689470","6270813","3.61",,
"2019-01-15","SPG","Simon Property Group, Inc.","NYSE","9129470","9365407","1385572","6.59",,
"2019-01-15","SPGI","S&P Global Inc.","NYSE","2609204","2683531","1468255","1.78",,
"2019-01-15","SYK","Stryker Corporation","NYSE","4298112","3893330","1534837","2.80",,
"2019-01-15","T","AT&T Inc.","NYSE","74938785","74416538","36006611","2.08",,
"2019-01-15","TDG","TransDigm Group Incorporated","NYSE","2616704","2814083","318078","8.23",,
"2019-01-15","TGT","Target Corporation","NYSE","23858797","24999567","6162709","3.87",,
"2019-01-15","TJX","TJX Companies, Inc. (The)","NYSE","16339360","14188905","7094892","2.30",,
"2019-01-15","TMO","Thermo Fisher Scientific, Inc.","NYSE","3700854","3676717","2475714","1.49",,
"2019-01-15","TMUS","T-Mobile US, Inc. Common Stock","NNM","10687745","9109192","4406595","2.43",,
"2019-01-15","TRV","The Travelers Companies, Inc.","NYSE","3071835","3283566","1439560","2.13",,
"2019-01-15","TSLA","Tesla, Inc. Common Stock","NNM","26268029","25571716","6840591","3.84",,
"2019-01-15","TXN","Texas Instruments Incorporated","NNM","20506444","18603817","6487344","3.16",,
"2019-01-15","UNH","UNITEDHEALTH GROUP INCORPORATE","NYSE","5828951","6582789","4285428","1.36",,
"2019-01-15","UNP","Union Pacific Corp.","NYSE","12469702","10708999","5230031","2.38",,
"2019-01-15","UPS","United Parcel Service, Inc. Cl","NYSE","12184844","13361683","3708141","3.29",,
"2019-01-15","URI","United Rentals, Inc.","NYSE","3206637","3376555","1695928","1.89",,
"2019-01-15","USB","U.S. Bancorp","NYSE","13700513","16041890","7350161","1.86",,
"2019-01-15","V","VISA Inc.","NYSE","29936138","29154862","9607768","3.12",,"R"
"2019-01-15","VLO","Valero Energy Corporation","NYSE","8444644","8619823","3840242","2.20",,
"2019-01-15","VRTX","Vertex Pharmaceuticals Incorpo","NNM","4369832","3961692","1777743","2.46",,
"2019-01-15","VZ","Verizon Communications","NYSE","37595889","38123817","15762266","2.39",,
"2019-01-15","WDC","Western Digital Corporation Co","NNM","17894190","16673690","7315233","2.45",,
"2019-01-15","WELL","Welltower Inc.","NYSE","10017561","11162226","1999018","5.01",,
"2019-01-15","WFC","Wells Fargo & Co.","NYSE","28797537","31072406","21379031","1.35",,
"2019-01-15","WM","Waste Management, Inc.","NYSE","4888432","5587766","2107413","2.32",,
"2019-01-15","WMB","Williams Companies Inc.","NYSE","41126084","35038736","9919806","4.15",,
"2019-01-15","WMT","Walmart Inc.","NYSE","16503919","16730849","7465626","2.21",,
"2019-01-15","XOM","Exxon Mobil Corporation","NYSE","31180812","30089009","12664557","2.46",,
"2019-01-31","AAPL","Apple Inc. Common Stock","NNM","40360782","46579709","34248007","1.18",,
"2019-01-31","ABBV","ABBVIE INC.","NYSE","25312582","28076809","9761831","2.59",,
"2019-01-31","ABT","Abbott Laboratories","NYSE","15209243","17289818","7243989","2.10",,
"2019-01-31","ADBE","Adobe Inc. Common Stock","NNM","6339570","5490195","3146446","2.01",,
"2019-01-31","ADI","Analog Devices, Inc. Common St","NNM","10283499","11252558","2953821","3.48",,
"2019-01-31","ADP","Automatic Data Processing, Inc","NNM","3289608","4240185","2566165","1.28",,
"2019-01-31","AEP","American Electric Power Compan","NYSE","9146420","8673747","2641256","3.46",,
"2019-01-31","AFL","Aflac Inc.","NYSE","10770318","13379392","4108719","2.62",,
"2019-01-31","AJG","Arthur J. Gallagher & Co.","NYSE","1661577","2127375","1142557","1.45",,
"2019-01-31","ALL","The Allstate Corporation","NYSE","6287120","4959130","2654664","2.37",,
"2019-01-31","AMAT","Applied Materials, Inc. Common","NNM","13869327","16511446","12031076","1.15",,
"2019-01-31","AMD","Advanced Micro Devices, Inc. C","NNM","119776315","128908324","115311975","1.04",,
"2019-01-31","AMGN","Amgen Inc. Common Stock","NNM","9868801","10179294","3686348","2.68",,
"2019-01-31","AMT","American Tower Corporation","NYSE","5211726","5416686","1798084","2.90",,
"2019-01-31","AMZN","Amazon.com, Inc. Common Stock","NNM","4327752","5510124","5768181","1.00",,
"2019-01-31","ANET","Arista Networks","NYSE","1886421","1925748","794066","2.38",,
"2019-01-31","AON","Aon plc Class A","NYSE","1638637","1645859","1054383","1.55",,
"2019-01-31","APD","Air Products & Chemicals, Inc.","NYSE","2348139","2554983","1360894","1.73",,
"2019-01-31","APH","Amphenol Corporation","NYSE","3922663","3730843","1582249","2.48",,
"2019-01-31","APO","Apollo Global Management, LLC","NYSE","5882197","4744403","746283","7.88",,
"2019-01-31","AVGO","Broadcom Inc. Common Stock","NNM","6848721","8589975","3077327","2.23",,
"2019-01-31","AXP","American Express Company","NYSE","6621081","7054694","4479445","1.48",,
"2019-01-31","BA","Boeing Company","NYSE","5249042","5290426","4584225","1.15",,
"2019-01-31","BAC","Bank of America Corporation","NYSE","113615307","132404340","85687026","1.33",,
"2019-01-31","BKNG","Booking Holdings Inc. Common S","NNM","1057393","1081058","456139","2.32",,
"2019-01-31","BLK","Blackrock, Inc.","NYSE","1106623","1857917","829159","1.33",,
"2019-01-31","BMY","Bristol-Myers Squibb Co.","NYSE","57526799","48401111","15761533","3.65",,
"2019-01-31","BNY","BlackRock New York Municipal I","NYSE","6257","6465","32707","1.00",,
"2019-01-31","BRKA","Berkshire Hathaway Inc.","NYSE","338","354","330","1.02",,
"2019-01-31","BRKB","BERKSHIRE HATHAWAY Class B","NYSE","10424856","12989692","4718618","2.21",,
"2019-01-31","BSX","Boston Scientific Corp.","NYSE","9632708","11933246","7118620","1.35",,
"2019-01-31","BX","The Blackstone Group L.P","NYSE","30949960","29865005","4100364","7.55",,
"2019-01-31","C","Citigroup Inc.","NYSE","18051043","19615142","18550118","1.00",,
"2019-01-31","CAT","Caterpillar Inc.","NYSE","11473981","7760457","6829122","1.68",,
"2019-01-31","CCZ","Comcast Holdings Corp. 2.0% Ex","NYSE","25","26","594","1.00",,
"2019-01-31","CDNS","Cadence Design Systems, Inc. C","NNM","4639811","4459463","1406403","3.30",,
"2019-01-31","CI","CIGNA Corporation","NYSE","4349925","5239038","2411255","1.80",,
"2019-01-31","CL","Colgate-Palmolive Company","NYSE","11217748","9724495","5369083","2.09",,
"2019-01-31","CMCSA","Comcast Corporation Class A Co","NNM","65823225","64541259","27615886","2.38",,
"2019-01-31","CME","CME Group Inc. Class A Common","NNM","4319555","4029663","1450579","2.98",,
"2019-01-31","CMI","Cummins Inc.","NYSE","3906259","3812372","1420157","2.75",,
"2019-01-31","COF","Capital One Financial","NYSE","5211834","5072244","3945406","1.32",,
"2019-01-31","COP","ConocoPhillips","NYSE","10904596","13898769","6354729","1.72",,
"2019-01-31","COST","Costco Wholesale Corporation C","NNM","5052565","5914161","2220845","2.28",,
"2019-01-31","CRM","salesforce.com, inc.","NYSE","10237436","13580239","4995032","2.05",,
"2019-01-31","CSCO","Cisco Systems, Inc. Common Sto","NNM","39863730","48118543","20258218","1.97",,
"2019-01-31","CSX","CSX Corporation Common Stock","NNM","13725547","15636390","6573122","2.09",,
"2019-01-31","CTAS","Cintas Corporation Common Stoc","NNM","2565170","2598959","452275","5.67",,
"2019-01-31","CVNA","Carvana Co.","NYSE","20138273","19381551","1251828","16.09",,
"2019-01-31","CVS","CVS HEALTH CORPORATION","NYSE","14420741","10671652","9924659","1.45",,
"2019-01-31","CVX","Chevron Corporation","NYSE","17321454","20546167","7174664","2.41",,
"2019-01-31","D","Dominion Energy, Inc Common St","NYSE","13864655","19885376","5735412","2.42",,
"2019-01-31","DE","Deere & Company","NYSE","6968507","8179888","2207743","3.16",,
"2019-01-31","DELL","Dell Technologies Inc.","NYSE","5746825","6839808","3543825","1.62",,
"2019-01-31","DHR","Danaher Corporation","NYSE","4484028","6052204","2748987","1.63",,
"2019-01-31","DIS","The Walt Disney Company","NYSE","27839048","28362873","6794947","4.10",,
"2019-01-31","DLR","Digital Realty Trust, Inc.","NYSE","12697553","13305641","1416789","8.96",,
"2019-01-31","DUK","Duke Energy Corporation","NYSE","13779151","15118392","2918801","4.72",,
"2019-01-31","ECL","Ecolab, Inc.","NYSE","5076612","5195609","959986","5.29",,
"2019-01-31","EMR","Emerson Electric Co.","NYSE","5643353","7760055","4140002","1.36",,
"2019-01-31","EOG","EOG Resources, Inc.","NYSE","12085020","13384770","2974049","4.06",,
"2019-01-31","EPD","Enterprise Products Partners L","NYSE","18038441","20681783","4945249","3.65",,
"2019-01-31","EQIX","Equinix, Inc. Common Stock REI","NNM","909870","913584","576073","1.58",,
"2019-01-31","FCX","Freeport-McMoran Inc.","NYSE","47411202","35765162","35849846","1.32",,
"2019-01-31","FDX","FedEx Corporation","NYSE","3283638","3793289","1876066","1.75",,
"2019-01-31","FTNT","Fortinet, Inc. Common Stock","NNM","11240962","10561466","2039908","5.51",,
"2019-01-31","GD","General Dynamics Corporation","NYSE","3375110","4413695","1622503","2.08",,
"2019-01-31","GE","General Electric Company","NYSE","117192509","151273237","118836286","1.00",,
"2019-01-31","GILD","Gilead Sciences, Inc. Common S","NNM","11548612","13429498","7327632","1.58",,
"2019-01-31","GLW","Corning Incorporated","NYSE","17752554","14867771","8231211","2.16",,
"2019-01-31","GM","General Motors Company","NYSE","22897538","24031051","10627647","2.15",,
"2019-01-31","GOOG","Alphabet Inc. Class C Capital","NNM","1885337","2451176","1337792","1.41",,
"2019-01-31","GOOGL","Alphabet Inc. Class A Common S","NNM","1606498","1817239","1563573","1.03",,
"2019-01-31","GS","Goldman Sachs Group Inc.","NYSE","6112523","7340209","5130034","1.19",,
"2019-01-31","GWW","W.W. Grainger, Inc.","NYSE","3681228","3733406","752568","4.89",,
"2019-01-31","HCA","HCA Healthcare, Inc.","NYSE","5140403","5146846","1803093","2.85",,
"2019-01-31","HD","Home Depot, Inc.","NYSE","8039445","8199524","4964180","1.62",,
"2019-01-31","HLT","Hilton Worldwide Holdings Inc.","NYSE","11332863","11214850","2814768","4.03",,
"2019-01-31","HON","Honeywell International, Inc.","NYSE","5151909","6778087","3164809","1.63",,
"2019-01-31","HPE","Hewlett Packard Enterprise Com","NYSE","38421874","35217326","12613753","3.05",,
"2019-01-31","IBKR","Interactive Brokers Group, Inc","IEX","4739055","3526998","673688","7.03",,
"2019-01-31","IBM","International Business Machine","NYSE","13648023","13093463","7164252","1.91",,
"2019-01-31","ICE","Intercontinental Exchange  Inc","NYSE","4512072","4595565","2425261","1.86",,
"2019-01-31","INTC","Intel Corporation Common Stock","NNM","57576557","61940343","34093494","1.69",,
"2019-01-31","INTU","Intuit Inc. Common Stock","NNM","2841767","3628853","1388943","2.05",,
"2019-01-31","ISRG","Intuitive Surgical, Inc. Commo","NNM","1680110","1484218","941558","1.78",,
"2019-01-31","ITW","Illinois Tool Works Inc.","NYSE","6212320","6171694","1512708","4.11",,
"2019-01-31","JNJ","Johnson & Johnson","NYSE","12002780","14012467","9092972","1.32",,
"2019-01-31","JPM","JPMorgan Chase & Co.","NYSE","16870729","20243844","14202008","1.19",,
"2019-01-31","KKR","KKR & Co. Inc. Class A Common","NYSE","8426187","9154479","4101637","2.05",,
"2019-01-31","KLAC","KLA-Tencor Corporation Common","NNM","6372480","5872126","1756038","3.63",,
"2019-01-31","KMI","Kinder Morgan, Inc.","NYSE","51126460","47127624","17611083","2.90",,
"2019-01-31","KO","Coca-Cola Company","NYSE","27264597","26071117","14082730","1.94",,
"2019-01-31","LIN","Linde plc Ordinary Share","NYSE","6222323","7497992","1712099","3.63",,
"2019-01-31","LLY","Eli Lilly & Co.","NYSE","28025429","30267873","4873808","5.75",,
"2019-01-31","LMT","Lockheed Martin Corp.","NYSE","2629631","2266606","1501977","1.75",,
"2019-01-31","LOW","Lowe's Companies Inc.","NYSE","8791790","11396281","5040761","1.74",,
"2019-01-31","LRCX","Lam Research Corporation Commo","NNM","11072191","8737576","4564178","2.43",,
"2019-01-31","MA","Mastercard Incorporated","NYSE","6760373","7181966","4412377","1.53",,
"2019-01-31","MAR","Marriott International Class A","NNM","6839936","7098544","1950289","3.51",,
"2019-01-31","MCD","McDonald's Corporation","NYSE","5634525","6354142","4637673","1.21",,
"2019-01-31","MCK","McKesson Corporation","NYSE","3784424","4962078","1496658","2.53",,
"2019-01-31","MCO","Moody's Corporation","NYSE","6039751","6179872","968283","6.24",,
"2019-01-31","MDLZ","Mondelez International, Inc. C","NNM","10026830","11317028","8333713","1.20",,
"2019-01-31","MDT","Medtronic plc","NYSE","8618785","8345939","5989359","1.44",,
"2019-01-31","MMM","3M Company","NYSE","9287156","8502753","2587101","3.59",,
"2019-01-31","MNST","Monster Beverage Corporation","NNM","7837012","8640136","2606604","3.01",,
"2019-01-31","MO","Altria Group, Inc.","NYSE","14272545","16512052","18501369","1.00",,
"2019-01-31","MPC","MARATHON PETROLEUM CORPORATION","NYSE","8288121","9483140","6615321","1.25",,
"2019-01-31","MPWR","Monolithic Power Systems, Inc.","NNM","1809679","1888417","277147","6.53",,
"2019-01-31","MRK","Merck & Co., Inc.","NYSE","34557279","42215861","14250904","2.42",,
"2019-01-31","MRVL","Marvell Technology Group Ltd.","NNM","26226547","25309150","14042026","1.87",,
"2019-01-31","MS","Morgan Stanley","NYSE","13201164","13046865","18603417","1.00",,
"2019-01-31","MSFT","Microsoft Corporation Common S","NNM","39768623","58402379","34027502","1.17",,
"2019-01-31","MSI","Motorola Solutions, Inc. New","NYSE","3675522","3786084","941511","3.90",,
"2019-01-31","MU","Micron Technology, Inc. Common","NNM","59676042","61151228","39521911","1.51",,
"2019-01-31","NEE","Nextra Energy, Inc.","NYSE","5483397","5935795","2422328","2.26",,
"2019-01-31","NEM","Newmont Mining Corp.","NYSE","23413235","14419284","8232754","2.84",,
"2019-01-31","NFLX","Netflix, Inc. Common Stock","NNM","16203456","16029064","13524210","1.20",,
"2019-01-31","NKE","Nike, Inc.","NYSE","8805269","9366751","6462958","1.36",,
"2019-01-31","NOC","Northrop Grumman Corp.","NYSE","2650068","3044365","1153049","2.30",,
"2019-01-31","NOW","SERVICENOW, INC.","NYSE","10941645","11925222","2765049","3.96",,
"2019-01-31","NSC","Norfolk Southern Corp.","NYSE","4020119","8128889","2192005","1.83",,
"2019-01-31","NVDA","NVIDIA Corporation Common Stoc","NNM","14005217","18562030","23212703","1.00",,
"2019-01-31","ORCL","Oracle Corp","NYSE","50037308","46568962","14204507","3.52",,
"2019-01-31","ORLY","O'Reilly Automotive, Inc. Comm","NNM","1268387","1264629","590149","2.15",,
"2019-01-31","PANW","PALO ALTO NETWORKS, INC","NYSE","5646440","5216945","1301744","4.34",,
"2019-01-31","PCAR","PACCAR Inc. Common Stock","NNM","6946234","8129470","2618409","2.65",,
"2019-01-31","PEP","PepsiCo, Inc. Common Stock","NNM","7486424","8194853","4935606","1.52",,
"2019-01-31","PFE","Pfizer Inc.","NYSE","42750118","46873778","33192644","1.29",,
"2019-01-31","PG","Procter & Gamble Company","NYSE","20274142","20051111","11599320","1.75",,
"2019-01-31","PGR","Progressive Corporation","NYSE","9029572","9856302","3909846","2.31",,
"2019-01-31","PH","Parker Hannifin Corp","NYSE","2176526","2505820","1009202","2.16",,
"2019-01-31","PLD","PROLOGIS, INC.","NYSE","5774005","6161986","2769564","2.08",,
"2019-01-31","PM","Philip Morris International In","NYSE","10703747","13030830","7741087","1.38",,
"2019-01-31","PNC","PNC Financial Services Group","NYSE","3572965","4033333","2685661","1.33",,
"2019-01-31","PSX","PHILLIPS 66","NYSE","5187569","6686001","3041804","1.71",,
"2019-01-31","PWR","Quanta Services, Inc.","NYSE","6126926","5853479","1528416","4.01",,
"2019-01-31","QCOM","QUALCOMM Incorporated Common S","NNM","39711442","54564188","23449533","1.69",,
"2019-01-31","RCL","Royal Caribbean Cruises Ltd.","NYSE","2389796","2242400","1909710","1.25",,
"2019-01-31","REGN","Regeneron Pharmaceuticals, Inc","NNM","1708789","1813787","817807","2.09",,
"2019-01-31","ROST","Ross Stores, Inc. Common Stock","NNM","5304290","7429426","2219109","2.39",,
"2019-01-31","RSG","Republic Services Inc.","NYSE","6482083","6531192","1055295","6.14",,
"2019-01-31","SBUX","Starbucks Corporation Common S","NNM","30558548","38764143","14859241","2.06",,
"2019-01-31","SCCO","Southern Copper Corporation","NYSE","6491097","6481764","1134683","5.72",,
"2019-01-31","SCHW","The Charles Schwab Corporation","NYSE","13807226","16165933","7802279","1.77",,
"2019-01-31","SHW","The Sherwin-Williams Company","NYSE","1370489","1472635","966439","1.42",,
"2019-01-31","SNPS","Synopsys, Inc. Common Stock","NNM","2211527","2231969","1049137","2.11",,
"2019-01-31","SO","The Southern Company","NYSE","20740167","22617646","4784386","4.33",,
"2019-01-31","SPG","Simon Property Group, Inc.","NYSE","8729908","9129470","1549573","5.63",,
"2019-01-31","SPGI","S&P Global Inc.","NYSE","2933651","2609204","1791680","1.64",,
"2019-01-31","SYK","Stryker Corporation","NYSE","4496920","4298112","2119965","2.12",,
"2019-01-31","T","AT&T Inc.","NYSE","72714006","74938785","38356806","1.90",,
"2019-01-31","TDG","TransDigm Group Incorporated","NYSE","2479768","2616704","378047","6.56",,
"2019-01-31","TGT","Target Corporation","NYSE","23055156","23858797","4603570","5.01",,
"2019-01-31","TJX","TJX Companies, Inc. (The)","NYSE","21230986","16339360","5981804","3.55",,
"2019-01-31","TMO","Thermo Fisher Scientific, Inc.","NYSE","2852962","3700854","2047142","1.39",,
"2019-01-31","TMUS","T-Mobile US, Inc. Common Stock","NNM","11552805","10687745","3411650","3.39",,
"2019-01-31","TRV","The Travelers Companies, Inc.","NYSE","2908146","3071835","1636694","1.78",,
"2019-01-31","TSLA","Tesla, Inc. Common Stock","NNM","24783245","26268029","9754695","2.54",,
"2019-01-31","TXN","Texas Instruments Incorporated","NNM","19426369","20506444","8443683","2.30",,
"2019-01-31","UNH","UNITEDHEALTH GROUP INCORPORATE","NYSE","6354080","5828951","3634877","1.75",,
"2019-01-31","UNP","Union Pacific Corp.","NYSE","8106428","12469702","5432648","1.49",,
"2019-01-31","UPS","United Parcel Service, Inc. Cl","NYSE","10029158","12184844","4164826","2.41",,
"2019-01-31","URI","United Rentals, Inc.","NYSE","2923891","3206637","2210728","1.32",,
"2019-01-31","USB","U.S. Bancorp","NYSE","15859632","13700513","7928484","2.00",,
"2019-01-31","V","VISA Inc.","NYSE","27301798","29936138","8829794","3.09",,
"2019-01-31","VLO","Valero Energy Corporation","NYSE","7359115","8444644","5262664","1.40",,
"2019-01-31","VRTX","Vertex Pharmaceuticals Incorpo","NNM","3612138","4369832","1645827","2.19",,
"2019-01-31","VZ","Verizon Communications","NYSE","30669988","37595889","20429382","1.50",,
"2019-01-31","WDC","Western Digital Corporation Co","NNM","20114466","17894190","11037090","1.82",,
"2019-01-31","WELL","Welltower Inc.","NYSE","10331134","10017561","2186737","4.72",,
"2019-01-31","WFC","Wells Fargo & Co.","NYSE","26551623","28797537","23331162","1.14",,
"2019-01-31","WM","Waste Management, Inc.","NYSE","3794303","4888432","1988227","1.91",,
"2019-01-31","WMB","Williams Companies Inc.","NYSE","38010790","41126084","8629336","4.40",,
"2019-01-31","WMT","Walmart Inc.","NYSE","15203342","16503919","7826122","1.94",,
"2019-01-31","XOM","Exxon Mobil Corporation","NYSE","26798221","31180812","12962138","2.07",,
"2018-11-15","AAPL","Apple Inc. Common Stock","NNM","41791371","36469092","49659457","1.00",,
"2018-11-15","ABBV","ABBVIE INC.","NYSE","30381530","25440102","9528376","3.19",,
"2018-11-15","ABT","Abbott Laboratories","NYSE","14677180","14649876","5838330","2.51",,
"2018-11-15","ADBE","Adobe Inc. Common Stock","NNM","4733505","4582741","3300771","1.43",,
"2018-11-15","ADI","Analog Devices, Inc. Common St","NNM","11987702","12564459","2973512","4.03",,
"2018-11-15","ADP","Automatic Data Processing, Inc","NNM","4712405","3946761","2180841","2.16",,
"2018-11-15","AEP","American Electric Power Compan","NYSE","9102015","8988934","2835470","3.21",,
"2018-11-15","AFL","Aflac Inc.","NYSE","11625428","12318682","3255791","3.57",,
"2018-11-15","AJG","Arthur J. Gallagher & Co.","NYSE","2300169","2021771","1085425","2.12",,
"2018-11-15","ALL","The Allstate Corporation","NYSE","4740286","5017790","2180932","2.17",,
"2018-11-15","AMAT","Applied Materials, Inc. Common","NNM","16590223","15598757","10809991","1.53",,
"2018-11-15","AMD","Advanced Micro Devices, Inc. C","NNM","120749105","114919284","108022774","1.12",,"R"
"2018-11-15","AMGN","Amgen Inc. Common Stock","NNM","9261657","9469452","2657551","3.49",,
"2018-11-15","AMT","American Tower Corporation","NYSE","5291753","5874812","2254986","2.35",,
"2018-11-15","AMZN","Amazon.com, Inc. Common Stock","NNM","5220475","5167595","6659327","1.00",,
"2018-11-15","ANET","Arista Networks","NYSE","1862787","2081186","1098406","1.70",,
"2018-11-15","AON","Aon plc Class A","NYSE","2202538","2385077","937805","2.35",,
"2018-11-15","APD","Air Products & Chemicals, Inc.","NYSE","2092423","2228534","1177493","1.78",,
"2018-11-15","APH","Amphenol Corporation","NYSE","4615059","4114342","1599040","2.89",,
"2018-11-15","APO","Apollo Global Management, LLC","NYSE","6173121","5675704","916930","6.73",,
"2018-11-15","AVGO","Broadcom Inc. Common Stock","NNM","9269106","9343962","3324939","2.79",,
"2018-11-15","AXP","American Express Company","NYSE","6185343","5448890","3500757","1.77",,
"2018-11-15","BA","Boeing Company","NYSE","4738779","4824454","3475583","1.36",,
"2018-11-15","BAC","Bank of America Corporation","NYSE","114901569","114698441","54176825","2.12",,
"2018-11-15","BKNG","Booking Holdings Inc. Common S","NNM","1018046","978646","469848","2.17",,
"2018-11-15","BLK","Blackrock, Inc.","NYSE","1527253","1809118","774706","1.97",,
"2018-11-15","BMY","Bristol-Myers Squibb Co.","NYSE","11924407","11356160","7635439","1.56",,
"2018-11-15","BNY","BlackRock New York Municipal I","NYSE","14270","4873","43142","1.00",,
"2018-11-15","BRKA","Berkshire Hathaway Inc.","NYSE","275","316","283","1.00",,
"2018-11-15","BRKB","BERKSHIRE HATHAWAY Class B","NYSE","11107951","10536347","4499516","2.47",,
"2018-11-15","BSX","Boston Scientific Corp.","NYSE","9943233","10003558","6253534","1.59",,
"2018-11-15","BX","The Blackstone Group L.P","NYSE","24773430","22116682","4536419","5.46",,
"2018-11-15","C","Citigroup Inc.","NYSE","14650091","15543097","18354369","1.00",,
"2018-11-15","CAT","Caterpillar Inc.","NYSE","12066909","13480710","6498802","1.86",,
"2018-11-15","CCZ","Comcast Holdings Corp. 2.0% Ex","NYSE","25","105","77","1.00",,
"2018-11-15","CDNS","Cadence Design Systems, Inc. C","NNM","5432927","5998413","1786766","3.04",,
"2018-11-15","CI","CIGNA Corporation","NYSE","15032003","14070637","2609599","5.76",,
"2018-11-15","CL","Colgate-Palmolive Company","NYSE","10841821","11702879","6365375","1.70",,
"2018-11-15","CMCSA","Comcast Corporation Class A Co","NNM","72221368","66573952","19929046","3.62",,
"2018-11-15","CME","CME Group Inc. Class A Common","NNM","7151517","8271530","2814745","2.54",,
"2018-11-15","CMI","Cummins Inc.","NYSE","3713427","3644884","1521855","2.44",,
"2018-11-15","COF","Capital One Financial","NYSE","3380652","3272760","2568664","1.32",,
"2018-11-15","COP","ConocoPhillips","NYSE","11637791","12379811","7793892","1.49",,
"2018-11-15","COST","Costco Wholesale Corporation C","NNM","5208384","5205706","2213254","2.35",,
"2018-11-15","CRM","salesforce.com, inc.","NYSE","8786075","8076133","5403299","1.63",,
"2018-11-15","CSCO","Cisco Systems, Inc. Common Sto","NNM","32049789","35852392","25517071","1.26",,
"2018-11-15","CSX","CSX Corporation Common Stock","NNM","19138627","16115722","5035904","3.80",,
"2018-11-15","CTAS","Cintas Corporation Common Stoc","NNM","3305314","3183021","559388","5.91",,
"2018-11-15","CVNA","Carvana Co.","NYSE","14420812","13924960","1869287","7.71",,
"2018-11-15","CVS","CVS HEALTH CORPORATION","NYSE","59825049","58223127","7770614","7.70",,
"2018-11-15","CVX","Chevron Corporation","NYSE","17448732","17527402","7894613","2.21",,
"2018-11-15","D","Dominion Energy, Inc Common St","NYSE","21363998","21312552","3564494","5.99",,
"2018-11-15","DE","Deere & Company","NYSE","6462256","7683975","2344012","2.76",,
"2018-11-15","DHR","Danaher Corporation","NYSE","5284015","5250659","2197184","2.40",,
"2018-11-15","DIS","The Walt Disney Company","NYSE","26576206","26464613","8212504","3.24",,
"2018-11-15","DLR","Digital Realty Trust, Inc.","NYSE","13552725","14665133","1400624","9.68",,
"2018-11-15","DUK","Duke Energy Corporation","NYSE","16226939","16279720","4052347","4.00",,
"2018-11-15","ECL","Ecolab, Inc.","NYSE","5911884","5652439","1023719","5.77",,
"2018-11-15","EMR","Emerson Electric Co.","NYSE","7233348","6537889","4769278","1.52",,
"2018-11-15","EOG","EOG Resources, Inc.","NYSE","10822174","9021278","4376032","2.47",,
"2018-11-15","EPD","Enterprise Products Partners L","NYSE","10065603","10004154","6109701","1.65",,
"2018-11-15","EQIX","Equinix, Inc. Common Stock REI","NNM","1152701","1145843","624354","1.85",,
"2018-11-15","FCX","Freeport-McMoran Inc.","NYSE","31292463","31221076","16739075","1.87",,
"2018-11-15","FDX","FedEx Corporation","NYSE","3799184","4226139","1382780","2.75",,
"2018-11-15","FTNT","Fortinet, Inc. Common Stock","NNM","6828399","6075718","2477625","2.76",,
"2018-11-15","GD","General Dynamics Corporation","NYSE","3335771","3484561","1758287","1.90",,
"2018-11-15","GE","General Electric Company","NYSE","130929274","122865074","186018956","1.00",,
"2018-11-15","GILD","Gilead Sciences, Inc. Common S","NNM","12943819","13964037","6138999","2.11",,
"2018-11-15","GLW","Corning Incorporated","NYSE","17016212","15662273","5332167","3.19",,
"2018-11-15","GM","General Motors Company","NYSE","26097024","28250579","11607740","2.25",,
"2018-11-15","GOOG","Alphabet Inc. Class C Capital","NNM","2300074","2206410","1677483","1.37",,
"2018-11-15","GOOGL","Alphabet Inc. Class A Common S","NNM","1978248","1910304","1842526","1.07",,
"2018-11-15","GS","Goldman Sachs Group Inc.","NYSE","4632967","4733068","4431410","1.05",,
"2018-11-15","GWW","W.W. Grainger, Inc.","NYSE","3344932","3712453","550861","6.07",,
"2018-11-15","HCA","HCA Healthcare, Inc.","NYSE","4628744","4508232","1974781","2.34",,
"2018-11-15","HD","Home Depot, Inc.","NYSE","8132430","9250680","6250719","1.30",,
"2018-11-15","HLT","Hilton Worldwide Holdings Inc.","NYSE","8547553","8748234","3175161","2.69",,
"2018-11-15","HON","Honeywell International, Inc.","NYSE","6046103","6084211","3087972","1.96",,
"2018-11-15","HPE","Hewlett Packard Enterprise Com","NYSE","26127190","25743746","11591244","2.25",,
"2018-11-15","IBKR","Interactive Brokers Group, Inc","IEX","2362274","2329683","574866","4.11",,
"2018-11-15","IBM","International Business Machine","NYSE","13240324","15474464","8376014","1.58",,
"2018-11-15","ICE","Intercontinental Exchange  Inc","NYSE","5752942","5470630","2884639","1.99",,
"2018-11-15","INTC","Intel Corporation Common Stock","NNM","59700202","53345017","26696507","2.24",,
"2018-11-15","INTU","Intuit Inc. Common Stock","NNM","3370381","3734330","1415809","2.38",,
"2018-11-15","ISRG","Intuitive Surgical, Inc. Commo","NNM","1703699","1540177","775160","2.20",,
"2018-11-15","ITW","Illinois Tool Works Inc.","NYSE","4889139","5182784","1630811","3.00",,
"2018-11-15","JNJ","Johnson & Johnson","NYSE","16207382","14361521","6503465","2.49",,
"2018-11-15","JPM","JPMorgan Chase & Co.","NYSE","18675897","22168830","13857937","1.35",,
"2018-11-15","KKR","KKR & Co. Inc. Class A Common","NYSE","10011532","10795286","4434339","2.26",,
"2018-11-15","KLAC","KLA-Tencor Corporation Common","NNM","5485701","5408277","2043228","2.68",,
"2018-11-15","KMI","Kinder Morgan, Inc.","NYSE","39892543","49483097","13115284","3.04",,
"2018-11-15","KO","Coca-Cola Company","NYSE","32056942","26305738","13761430","2.33",,
"2018-11-15","LIN","Linde plc Ordinary Share","NYSE","11167202","19082957","4520746","2.47",,"R"
"2018-11-15","LLY","Eli Lilly & Co.","NYSE","10175710","11188263","5044856","2.02",,
"2018-11-15","LMT","Lockheed Martin Corp.","NYSE","2185112","2261357","1247217","1.75",,
"2018-11-15","LOW","Lowe's Companies Inc.","NYSE","7877874","8825383","4922898","1.60",,
"2018-11-15","LRCX","Lam Research Corporation Commo","NNM","7641883","8650851","2802569","2.73",,"R"
"2018-11-15","MA","Mastercard Incorporated","NYSE","6318556","6242110","3618656","1.75",,
"2018-11-15","MAR","Marriott International Class A","NNM","7148927","7008277","2544016","2.81",,
"2018-11-15","MCD","McDonald's Corporation","NYSE","7742223","7386761","3692839","2.10",,
"2018-11-15","MCK","McKesson Corporation","NYSE","3586647","3545905","1318521","2.72",,
"2018-11-15","MCO","Moody's Corporation","NYSE","4168565","4106730","1248982","3.34",,
"2018-11-15","MDLZ","Mondelez International, Inc. C","NNM","12690375","9949411","8036499","1.58",,
"2018-11-15","MDT","Medtronic plc","NYSE","8500285","8392809","4851746","1.75",,
"2018-11-15","MMM","3M Company","NYSE","7492549","6992740","2581942","2.90",,
"2018-11-15","MNST","Monster Beverage Corporation","NNM","8649283","8352490","4535204","1.91",,
"2018-11-15","MO","Altria Group, Inc.","NYSE","21993742","25060246","9963771","2.21",,
"2018-11-15","MPC","MARATHON PETROLEUM CORPORATION","NYSE","9214510","8082290","6573355","1.40",,
"2018-11-15","MPWR","Monolithic Power Systems, Inc.","NNM","2019092","2284769","426020","4.74",,
"2018-11-15","MRK","Merck & Co., Inc.","NYSE","69025249","74746962","13358688","5.17",,
"2018-11-15","MRVL","Marvell Technology Group Ltd.","NNM","23054672","28058933","9690288","2.38",,
"2018-11-15","MS","Morgan Stanley","NYSE","12554010","13565653","11421736","1.10",,
"2018-11-15","MSFT","Microsoft Corporation Common S","NNM","42112290","40675990","33249907","1.27",,
"2018-11-15","MSI","Motorola Solutions, Inc. New","NYSE","4327677","3881735","1078687","4.01",,
"2018-11-15","MU","Micron Technology, Inc. Common","NNM","52215420","54916454","26245652","1.99",,
"2018-11-15","NEE","Nextra Energy, Inc.","NYSE","6312170","6404748","2180684","2.89",,
"2018-11-15","NEM","Newmont Mining Corp.","NYSE","10846493","12433428","4960614","2.19",,
"2018-11-15","NFLX","Netflix, Inc. Common Stock","NNM","16384030","16851244","12394421","1.32",,
"2018-11-15","NKE","Nike, Inc.","NYSE","10110199","11768272","6170824","1.64",,
"2018-11-15","NOC","Northrop Grumman Corp.","NYSE","4334893","5078845","1410141","3.07",,
"2018-11-15","NOW","SERVICENOW, INC.","NYSE","10778775","10211643","1861824","5.79",,
"2018-11-15","NSC","Norfolk Southern Corp.","NYSE","6374387","6385721","1900360","3.35",,
"2018-11-15","NVDA","NVIDIA Corporation Common Stoc","NNM","12386177","13264172","13102070","1.00",,
"2018-11-15","ORCL","Oracle Corp","NYSE","43581233","39046013","15554392","2.80",,
"2018-11-15","ORLY","O'Reilly Automotive, Inc. Comm","NNM","1750906","1650249","818030","2.14",,
"2018-11-15","PANW","PALO ALTO NETWORKS, INC","NYSE","4754207","4703929","1256042","3.79",,
"2018-11-15","PCAR","PACCAR Inc. Common Stock","NNM","5725386","5345229","1818462","3.15",,
"2018-11-15","PEP","PepsiCo, Inc. Common Stock","NNM","8087953","8087534","4604734","1.76",,
"2018-11-15","PFE","Pfizer Inc.","NYSE","47355745","46551071","23909462","1.98",,
"2018-11-15","PG","Procter & Gamble Company","NYSE","24561064","21614469","10784963","2.28",,
"2018-11-15","PGR","Progressive Corporation","NYSE","8129348","8535751","3939221","2.06",,
"2018-11-15","PH","Parker Hannifin Corp","NYSE","2446798","1720352","1688851","1.45",,
"2018-11-15","PLD","PROLOGIS, INC.","NYSE","7036540","8061583","2215013","3.18",,
"2018-11-15","PM","Philip Morris International In","NYSE","9858461","12344527","5647163","1.75",,
"2018-11-15","PNC","PNC Financial Services Group","NYSE","6740519","4239985","2949068","2.29",,
"2018-11-15","PSX","PHILLIPS 66","NYSE","5125929","4784245","2618535","1.96",,
"2018-11-15","PWR","Quanta Services, Inc.","NYSE","5082438","5082660","1652296","3.08",,
"2018-11-15","QCOM","QUALCOMM Incorporated Common S","NNM","83867119","91824188","17976112","4.67",,
"2018-11-15","RCL","Royal Caribbean Cruises Ltd.","NYSE","2303362","2554831","1787454","1.29",,
"2018-11-15","REGN","Regeneron Pharmaceuticals, Inc","NNM","2280341","2615686","758803","3.01",,
"2018-11-15","ROST","Ross Stores, Inc. Common Stock","NNM","5753254","6004020","2797674","2.06",,
"2018-11-15","RSG","Republic Services Inc.","NYSE","5322377","4938364","1240210","4.29",,
"2018-11-15","SBUX","Starbucks Corporation Common S","NNM","65134523","81015155","18249023","3.57",,
"2018-11-15","SCCO","Southern Copper Corporation","NYSE","7296258","7214895","869956","8.39",,
"2018-11-15","SCHW","The Charles Schwab Corporation","NYSE","19936456","15150476","7417817","2.69",,
"2018-11-15","SHW","The Sherwin-Williams Company","NYSE","2460767","1735319","853940","2.88",,
"2018-11-15","SNPS","Synopsys, Inc. Common Stock","NNM","3207326","2887173","856315","3.75",,
"2018-11-15","SO","The Southern Company","NYSE","21651563","24917913","6089794","3.56",,
"2018-11-15","SPG","Simon Property Group, Inc.","NYSE","10145085","10474254","1151288","8.81",,
"2018-11-15","SPGI","S&P Global Inc.","NYSE","3728856","4998436","1685501","2.21",,
"2018-11-15","SYK","Stryker Corporation","NYSE","4373417","4688380","1212769","3.61",,
"2018-11-15","T","AT&T Inc.","NYSE","64262282","68936923","31156326","2.06",,
"2018-11-15","TDG","TransDigm Group Incorporated","NYSE","2661004","2979879","512926","5.19",,
"2018-11-15","TGT","Target Corporation","NYSE","23681089","26548983","4734047","5.00",,
"2018-11-15","TJX","TJX Companies, Inc. (The)","NYSE","11334539","5005739","7076118","1.60","S",
"2018-11-15","TMO","Thermo Fisher Scientific, Inc.","NYSE","4006172","3529963","1447584","2.77",,
"2018-11-15","TMUS","T-Mobile US, Inc. Common Stock","NNM","8736822","8166580","3186217","2.74",,
"2018-11-15","TRV","The Travelers Companies, Inc.","NYSE","3713725","3284943","1739101","2.14",,
"2018-11-15","TSLA","Tesla, Inc. Common Stock","NNM","28792194","29931418","6547759","4.40",,
"2018-11-15","TXN","Texas Instruments Incorporated","NNM","17496037","17919968","7058747","2.48",,
"2018-11-15","UNH","UNITEDHEALTH GROUP INCORPORATE","NYSE","5404316","5833994","3324772","1.63",,
"2018-11-15","UNP","Union Pacific Corp.","NYSE","11979388","12647478","4012954","2.99",,
"2018-11-15","UPS","United Parcel Service, Inc. Cl","NYSE","9553898","9422876","2918358","3.27",,
"2018-11-15","URI","United Rentals, Inc.","NYSE","3103449","3673718","2154119","1.44",,
"2018-11-15","USB","U.S. Bancorp","NYSE","13930426","14839595","7655328","1.82",,
"2018-11-15","V","VISA Inc.","NYSE","29013890","27010575","10151826","2.86",,
"2018-11-15","VLO","Valero Energy Corporation","NYSE","7935893","7312379","4200568","1.89",,
"2018-11-15","VRTX","Vertex Pharmaceuticals Incorpo","NNM","3747664","3837179","1342689","2.79",,
"2018-11-15","VZ","Verizon Communications","NYSE","41800454","38246439","15348419","2.72",,
"2018-11-15","WDC","Western Digital Corporation Co","NNM","11542311","11564690","5599319","2.06",,
"2018-11-15","WELL","Welltower Inc.","NYSE","10460997","11313154","1924418","5.44",,
"2018-11-15","WFC","Wells Fargo & Co.","NYSE","21397855","22858413","21164641","1.01",,
"2018-11-15","WM","Waste Management, Inc.","NYSE","5681209","7509977","2222035","2.56",,
"2018-11-15","WMB","Williams Companies Inc.","NYSE","34793586","31754464","9923611","3.51",,
"2018-11-15","WMT","Walmart Inc.","NYSE","21968935","22713661","8688401","2.53",,
"2018-11-15","XOM","Exxon Mobil Corporation","NYSE","28040030","30078976","15271654","1.84",,
"2018-07-31","AAPL","Apple Inc. Common Stock","NNM","37268767","42845978","20168669","1.85",,
"2018-07-31","ABBV","ABBVIE INC.","NYSE","32503901","32287034","8549011","3.80",,
"2018-07-31","ABT","Abbott Laboratories","NYSE","13195131","11803752","6236610","2.12",,
"2018-07-31","ADBE","Adobe Systems Incorporated Com","NNM","3819623","4142131","2666375","1.43",,
"2018-07-31","ADI","Analog Devices, Inc. Common St","NNM","7713210","7889346","2035962","3.79",,
"2018-07-31","ADP","Automatic Data Processing, Inc","NNM","3419375","3813700","1720348","1.99",,
"2018-07-31","AEP","American Electric Power Compan","NYSE","6651043","7715362","2885717","2.30",,
"2018-07-31","AFL","Aflac Inc.","NYSE","12139784","13243341","3304883","3.67",,
"2018-07-31","AJG","Arthur J. Gallagher & Co.","NYSE","2032849","1929942","996456","2.04",,
"2018-07-31","ALL","The Allstate Corporation","NYSE","4693093","4735655","1710550","2.74",,
"2018-07-31","AMAT","Applied Materials, Inc. Common","NNM","14495208","15061436","10675293","1.36",,
"2018-07-31","AMD","Advanced Micro Devices, Inc. C","SC","167915660","161542174","87660886","1.92",,
"2018-07-31","AMGN","Amgen Inc. Common Stock","NNM","9982793","10314430","2661833","3.75",,
"2018-07-31","AMT","American Tower Corporation","NYSE","5361126","5270082","2097552","2.56",,
"2018-07-31","AMZN","Amazon.com, Inc. Common Stock","NNM","4569664","4172572","5698832","1.00",,"R"
"2018-07-31","ANET","Arista Networks","NYSE","2503839","2629210","608167","4.12",,
"2018-07-31","AON","Aon plc Class A","NYSE","2011463","1866560","853477","2.36",,
"2018-07-31","APD","Air Products & Chemicals, Inc.","NYSE","1660024","1776854","1355137","1.22",,
"2018-07-31","APH","Amphenol Corporation","NYSE","3779431","4981428","1416721","2.67",,
"2018-07-31","APO","Apollo Global Management, LLC","NYSE","4651350","6035710","646982","7.19",,
"2018-07-31","AVGO","Broadcom Inc. Common Stock","NNM","10829120","6420198","8178644","1.32",,
"2018-07-31","AXP","American Express Company","NYSE","5548284","5715868","3867578","1.43",,
"2018-07-31","BA","Boeing Company","NYSE","5154247","4883439","3136193","1.64",,
"2018-07-31","BAC","Bank of America Corporation","NYSE","136632106","110138549","69996172","1.95",,
"2018-07-31","BKNG","Booking Holdings Inc. Common S","NNM","1312966","1221294","364619","3.60",,
"2018-07-31","BLK","Blackrock, Inc.","NYSE","1154657","1246167","647337","1.78",,
"2018-07-31","BMY","Bristol-Myers Squibb Co.","NYSE","13037740","12745858","6817796","1.91",,
"2018-07-31","BNY","BlackRock New York Municipal I","NYSE","38","46","22703","1.00",,
"2018-07-31","BRKA","Berkshire Hathaway Inc.","NYSE","1594","1340","371","4.30",,
"2018-07-31","BRKB","BERKSHIRE HATHAWAY Class B","NYSE","9242538","9647593","4408023","2.10",,
"2018-07-31","BSX","Boston Scientific Corp.","NYSE","12103858","12535162","7412345","1.63",,
"2018-07-31","BX","The Blackstone Group L.P","NYSE","7927503","8512262","3933956","2.02",,
"2018-07-31","C","Citigroup Inc.","NYSE","19535687","18588793","15938130","1.23",,
"2018-07-31","CAT","Caterpillar Inc.","NYSE","6114419","6926987","5447017","1.12",,
"2018-07-31","CCZ","Comcast Holdings Corp. 2.0% Ex","NYSE","154","154","164","1.00",,
"2018-07-31","CDNS","Cadence Design Systems, Inc. C","NNM","5170004","5497892","1694153","3.05",,
"2018-07-31","CI","CIGNA Corporation","NYSE","7724936","6165380","2558465","3.02",,
"2018-07-31","CL","Colgate-Palmolive Company","NYSE","11562577","12306432","4317019","2.68",,
"2018-07-31","CMCSA","Comcast Corporation Class A Co","NNM","65710822","71552338","24877146","2.64",,
"2018-07-31","CME","CME Group Inc. Class A Common","NNM","7699553","7510678","1316495","5.85",,
"2018-07-31","CMI","Cummins Inc.","NYSE","2616599","2993373","1506670","1.74",,
"2018-07-31","COF","Capital One Financial","NYSE","3494567","4277325","3283966","1.06",,
"2018-07-31","COP","ConocoPhillips","NYSE","12369886","16007086","5857374","2.11",,
"2018-07-31","COST","Costco Wholesale Corporation C","NNM","5951903","6552966","1790776","3.32",,
"2018-07-31","CRM","salesforce.com, inc.","NYSE","10927241","14593312","4576788","2.39",,
"2018-07-31","CSCO","Cisco Systems, Inc. Common Sto","NNM","40119782","42120412","20519112","1.96",,
"2018-07-31","CSX","CSX Corporation Common Stock","NNM","18121148","11221856","8351049","2.17",,
"2018-07-31","CTAS","Cintas Corporation Common Stoc","NNM","3589760","3592645","705282","5.09",,
"2018-07-31","CVNA","Carvana Co.","NYSE","10503102","10695565","681946","15.40",,
"2018-07-31","CVS","CVS HEALTH CORPORATION","NYSE","50796244","46962651","5911694","8.59",,
"2018-07-31","CVX","Chevron Corporation","NYSE","17938542","18408680","5265362","3.41",,
"2018-07-31","D","Dominion Energy, Inc Common St","NYSE","21067656","21627910","3331085","6.32",,
"2018-07-31","DE","Deere & Company","NYSE","6132433","7466063","3339126","1.84",,
"2018-07-31","DHR","Danaher Corporation","NYSE","5370406","4514772","3275506","1.64",,
"2018-07-31","DIS","The Walt Disney Company","NYSE","31638711","26534390","8332452","3.80",,
"2018-07-31","DLR","Digital Realty Trust, Inc.","NYSE","5838380","6143851","1346236","4.34",,
"2018-07-31","DUK","Duke Energy Corporation","NYSE","10517846","10570558","2997428","3.51",,
"2018-07-31","ECL","Ecolab, Inc.","NYSE","5693594","6297773","1060730","5.37",,
"2018-07-31","EMR","Emerson Electric Co.","NYSE","6010617","6741286","2584954","2.33",,
"2018-07-31","EOG","EOG Resources, Inc.","NYSE","10758646","12292112","2682376","4.01",,
"2018-07-31","EPD","Enterprise Products Partners L","NYSE","7732265","8532079","4557026","1.70",,
"2018-07-31","EQIX","Equinix, Inc. Common Stock REI","NNM","1187319","1514389","493722","2.40",,
"2018-07-31","FCX","Freeport-McMoran Inc.","NYSE","22871029","29238375","20075079","1.14",,
"2018-07-31","FDX","FedEx Corporation","NYSE","3818112","4553086","1647736","2.32",,
"2018-07-31","FTNT","Fortinet, Inc. Common Stock","NNM","6333082","7080232","1363431","4.64",,
"2018-07-31","GD","General Dynamics Corporation","NYSE","2981364","2947572","1556781","1.92",,
"2018-07-31","GE","General Electric Company","NYSE","112133570","110377426","66232415","1.69",,
"2018-07-31","GILD","Gilead Sciences, Inc. Common S","NNM","14412344","15410952","6929043","2.08",,
"2018-07-31","GLW","Corning Incorporated","NYSE","28188226","25291688","7276485","3.87",,
"2018-07-31","GM","General Motors Company","NYSE","29823532","23687594","13278857","2.25",,
"2018-07-31","GOOG","Alphabet Inc. Class C Capital","NNM","2875352","2618112","1887426","1.52",,
"2018-07-31","GOOGL","Alphabet Inc. Class A Common S","NNM","2902636","2457976","2466881","1.18",,
"2018-07-31","GS","Goldman Sachs Group Inc.","NYSE","4603764","3946393","3559930","1.29",,"R"
"2018-07-31","GWW","W.W. Grainger, Inc.","NYSE","4258112","5034175","1077190","3.95",,
"2018-07-31","HCA","HCA Healthcare, Inc.","NYSE","4105943","5677882","2324239","1.77",,
"2018-07-31","HD","Home Depot, Inc.","NYSE","7092936","8455651","3601866","1.97",,
"2018-07-31","HLT","Hilton Worldwide Holdings Inc.","NYSE","7647384","8128202","3477993","2.20",,
"2018-07-31","HON","Honeywell International, Inc.","NYSE","6692987","5759050","3532940","1.89",,
"2018-07-31","HPE","Hewlett Packard Enterprise Com","NYSE","25650428","29420915","7822292","3.28",,
"2018-07-31","IBKR","Interactive Brokers Group, Inc","NNM","2381918","2195353","822362","2.90",,
"2018-07-31","IBM","International Business Machine","NYSE","16986009","15164536","5466312","3.11",,
"2018-07-31","ICE","Intercontinental Exchange  Inc","NYSE","4996524","4737940","2126036","2.35",,
"2018-07-31","INTC","Intel Corporation Common Stock","NNM","83304069","83311747","25036958","3.33",,
"2018-07-31","INTU","Intuit Inc. Common Stock","NNM","2652620","2847957","1121667","2.36",,
"2018-07-31","ISRG","Intuitive Surgical, Inc. Commo","NNM","1686565","1707952","949911","1.78",,
"2018-07-31","ITW","Illinois Tool Works Inc.","NYSE","3078943","3136605","2277970","1.35",,
"2018-07-31","JNJ","Johnson & Johnson","NYSE","14906485","16686830","7540844","1.98",,
"2018-07-31","JPM","JPMorgan Chase & Co.","NYSE","22989409","19662161","15293238","1.50",,
"2018-07-31","KKR","KKR & Co. Inc. Class A Common","NYSE","11368303","5429955","5282141","2.15",,
"2018-07-31","KLAC","KLA-Tencor Corporation Common","NNM","5688342","5942704","1738063","3.27",,
"2018-07-31","KMI","Kinder Morgan, Inc.","NYSE","46170287","33663856","12913804","3.58",,
"2018-07-31","KO","Coca-Cola Company","NYSE","31349078","28673755","11057442","2.84",,
"2018-07-31","LLY","Eli Lilly & Co.","NYSE","14985331","11826399","4667433","3.21",,
"2018-07-31","LMT","Lockheed Martin Corp.","NYSE","1909672","2068069","1465002","1.30",,
"2018-07-31","LOW","Lowe's Companies Inc.","NYSE","8339913","8740954","3494099","2.39",,
"2018-07-31","LRCX","Lam Research Corporation Commo","NNM","13058001","13247208","3071320","4.25",,
"2018-07-31","MA","Mastercard Incorporated","NYSE","7215345","7071691","4025895","1.79",,
"2018-07-31","MAR","Marriott International Class A","NNM","6253684","6359050","2000752","3.13",,
"2018-07-31","MCD","McDonald's Corporation","NYSE","6611011","6901885","3758488","1.76",,
"2018-07-31","MCK","McKesson Corporation","NYSE","7222016","7257295","1934493","3.73",,
"2018-07-31","MCO","Moody's Corporation","NYSE","2508224","2526532","919567","2.73",,
"2018-07-31","MDLZ","Mondelez International, Inc. C","NNM","10398455","11655030","8194234","1.27",,
"2018-07-31","MDT","Medtronic plc","NYSE","9585035","9130494","4129370","2.32",,
"2018-07-31","MMM","3M Company","NYSE","7358035","7732425","2983116","2.47",,
"2018-07-31","MNST","Monster Beverage Corporation","NNM","6999287","8370412","2142640","3.27",,
"2018-07-31","MO","Altria Group, Inc.","NYSE","26252711","20766999","8096794","3.24",,
"2018-07-31","MPC","MARATHON PETROLEUM CORPORATION","NYSE","29226556","28317507","4787614","6.10",,
"2018-07-31","MPWR","Monolithic Power Systems, Inc.","NNM","890530","1205414","325701","2.73",,
"2018-07-31","MRK","Merck & Co., Inc.","NYSE","18327762","17575795","8470636","2.16",,
"2018-07-31","MRVL","Marvell Technology Group Ltd.","NNM","14576934","22657153","8334015","1.75",,
"2018-07-31","MS","Morgan Stanley","NYSE","13710633","10891136","9467541","1.45",,
"2018-07-31","MSFT","Microsoft Corporation Common S","NNM","46122482","47158592","32478028","1.42",,
"2018-07-31","MSI","Motorola Solutions, Inc. New","NYSE","4714468","4334580","895178","5.27",,
"2018-07-31","MU","Micron Technology, Inc. Common","NNM","49307059","51298358","32657400","1.51",,
"2018-07-31","NEE","Nextra Energy, Inc.","NYSE","8436977","8522902","1686575","5.00",,
"2018-07-31","NEM","Newmont Mining Corp.","NYSE","6981568","6466802","4570313","1.53",,
"2018-07-31","NFLX","Netflix, Inc. Common Stock","NNM","16848037","16604277","18044844","1.00",,
"2018-07-31","NKE","Nike, Inc.","NYSE","10769475","12022562","5798792","1.86",,
"2018-07-31","NOC","Northrop Grumman Corp.","NYSE","1852171","1575211","1613919","1.15",,
"2018-07-31","NOW","SERVICENOW, INC.","NYSE","10799436","11118989","2269519","4.76",,
"2018-07-31","NSC","Norfolk Southern Corp.","NYSE","6125833","5795090","2115808","2.90",,
"2018-07-31","NVDA","NVIDIA Corporation Common Stoc","NNM","11273456","11760602","7313153","1.54",,
"2018-07-31","ORCL","Oracle Corp","NYSE","45007779","40965947","18181088","2.48",,
"2018-07-31","ORLY","O'Reilly Automotive, Inc. Comm","NNM","2421680","2849368","806917","3.00",,
"2018-07-31","PANW","PALO ALTO NETWORKS, INC","NYSE","4288858","4074821","1069328","4.01",,
"2018-07-31","PCAR","PACCAR Inc. Common Stock","NNM","8040522","8761383","2569359","3.13",,
"2018-07-31","PEP","PepsiCo, Inc. Common Stock","NNM","14033654","8652156","7571516","1.85",,
"2018-07-31","PFE","Pfizer Inc.","NYSE","54661544","57638413","20733428","2.64",,
"2018-07-31","PG","Procter & Gamble Company","NYSE","22328828","21398022","7989539","2.79",,
"2018-07-31","PGR","Progressive Corporation","NYSE","8394848","8237141","4147949","2.02",,
"2018-07-31","PH","Parker Hannifin Corp","NYSE","2079853","2409864","1293438","1.61",,
"2018-07-31","PLD","PROLOGIS, INC.","NYSE","14019897","12178585","3910098","3.59",,
"2018-07-31","PM","Philip Morris International In","NYSE","10321010","9990765","7341304","1.41",,
"2018-07-31","PNC","PNC Financial Services Group","NYSE","4314146","4488637","2578790","1.67",,
"2018-07-31","PSX","PHILLIPS 66","NYSE","4922348","5794843","2602923","1.89",,
"2018-07-31","PWR","Quanta Services, Inc.","NYSE","3540386","4204142","1239841","2.86",,
"2018-07-31","QCOM","QUALCOMM Incorporated Common S","NNM","16034029","15021444","11982834","1.34",,
"2018-07-31","RCL","Royal Caribbean Cruises Ltd.","NYSE","2943973","3224065","1347683","2.18",,
"2018-07-31","REGN","Regeneron Pharmaceuticals, Inc","NNM","2798879","2805316","763077","3.67",,
"2018-07-31","ROST","Ross Stores, Inc. Common Stock","NNM","4698891","4968905","2035938","2.31",,
"2018-07-31","RSG","Republic Services Inc.","NYSE","6916371","5726004","1691434","4.09",,
"2018-07-31","SBUX","Starbucks Corporation Common S","NNM","26398075","27147718","12014861","2.20",,
"2018-07-31","SCCO","Southern Copper Corporation","NYSE","7861261","8919618","1254616","6.27",,
"2018-07-31","SCHW","The Charles Schwab Corporation","NYSE","17921511","19174268","5828763","3.07",,
"2018-07-31","SHW","The Sherwin-Williams Company","NYSE","2101042","2082040","787745","2.67",,
"2018-07-31","SNPS","Synopsys, Inc. Common Stock","NNM","2435244","2081461","1130665","2.15",,
"2018-07-31","SO","The Southern Company","NYSE","33739495","35411270","3868592","8.72",,
"2018-07-31","SPG","Simon Property Group, Inc.","NYSE","12612338","13299335","1509288","8.36",,
"2018-07-31","SPGI","S&P Global Inc.","NYSE","3012459","3885268","1036845","2.91",,
"2018-07-31","SYK","Stryker Corporation","NYSE","3809215","4174018","1390736","2.74",,
"2018-07-31","T","AT&T Inc.","NYSE","88569115","84474872","49096492","1.80",,
"2018-07-31","TDG","TransDigm Group Incorporated","NYSE","3489498","3862734","307435","11.35",,
"2018-07-31","TGT","Target Corporation","NYSE","27737868","27765549","3914175","7.09",,
"2018-07-31","TJX","TJX Companies, Inc. (The)","NYSE","7629760","8562165","2498964","3.05",,
"2018-07-31","TMO","Thermo Fisher Scientific, Inc.","NYSE","3769071","2564556","1994647","1.89",,
"2018-07-31","TMUS","T-Mobile US, Inc. Common Stock","NNM","12346189","12392150","2265308","5.45",,
"2018-07-31","TRV","The Travelers Companies, Inc.","NYSE","3927552","3073599","1876904","2.09",,
"2018-07-31","TSLA","Tesla, Inc. Common Stock","NNM","34989543","34721889","6788355","5.15",,
"2018-07-31","TXN","Texas Instruments Incorporated","NNM","15357143","12742430","4716599","3.26",,
"2018-07-31","UNH","UNITEDHEALTH GROUP INCORPORATE","NYSE","5965475","6410144","2746619","2.17",,
"2018-07-31","UNP","Union Pacific Corp.","NYSE","21489989","23724177","4690020","4.58",,
"2018-07-31","UPS","United Parcel Service, Inc. Cl","NYSE","9846534","9180293","2899932","3.40",,
"2018-07-31","URI","United Rentals, Inc.","NYSE","3266993","3521159","1658898","1.97",,
"2018-07-31","USB","U.S. Bancorp","NYSE","14026038","14143072","8665054","1.62",,
"2018-07-31","V","VISA Inc.","NYSE","31071766","28213960","7913651","3.93",,
"2018-07-31","VLO","Valero Energy Corporation","NYSE","8807899","10324563","3186444","2.76",,
"2018-07-31","VRTX","Vertex Pharmaceuticals Incorpo","NNM","2445786","3007584","1536722","1.59",,
"2018-07-31","VZ","Verizon Communications","NYSE","34963121","35866602","13628500","2.57",,
"2018-07-31","WDC","Western Digital Corporation Co","NNM","8074596","8052368","4189514","1.93",,
"2018-07-31","WELL","Welltower Inc.","NYSE","12538275","10617603","2302029","5.45",,
"2018-07-31","WFC","Wells Fargo & Co.","NYSE","33200507","35833807","20857137","1.59",,
"2018-07-31","WM","Waste Management, Inc.","NYSE","5346445","6029359","2151255","2.49",,
"2018-07-31","WMB","Williams Companies Inc.","NYSE","28961037","23180147","8848286","3.27",,
"2018-07-31","WMT","Walmart Inc.","NYSE","28296071","28674096","5382683","5.26",,
"2018-07-31","XOM","Exxon Mobil Corporation","NYSE","30949131","32220387","10497652","2.95",,
"2018-09-14","AAPL","Apple Inc. Common Stock","NNM","46818683","47549672","36781006","1.27",,
"2018-09-14","ABBV","ABBVIE INC.","NYSE","31374889","31438727","4056668","7.73",,"R"
"2018-09-14","ABT","Abbott Laboratories","NYSE","12782322","12745102","4771779","2.68",,
"2018-09-14","ADBE","Adobe Systems Incorporated Com","NNM","4550946","4155523","3546597","1.28",,
"2018-09-14","ADI","Analog Devices, Inc. Common St","NNM","8002588","8958099","3721294","2.15",,
"2018-09-14","ADP","Automatic Data Processing, Inc","NNM","3518808","3746627","1612640","2.18",,
"2018-09-14","AEP","American Electric Power Compan","NYSE","6710415","6305942","2247985","2.99",,
"2018-09-14","AFL","Aflac Inc.","NYSE","11350262","11667775","2449276","4.63",,
"2018-09-14","AJG","Arthur J. Gallagher & Co.","NYSE","1710706","1496055","670371","2.55",,
"2018-09-14","ALL","The Allstate Corporation","NYSE","5310733","4236117","1747145","3.04",,
"2018-09-14","AMAT","Applied Materials, Inc. Common","NNM","16155438","14385573","15093746","1.07",,
"2018-09-14","AMD","Advanced Micro Devices, Inc. C","SC","151898430","146580980","195420354","1.00",,
"2018-09-14","AMGN","Amgen Inc. Common Stock","NNM","10628342","11321172","2623855","4.05",,
"2018-09-14","AMT","American Tower Corporation","NYSE","4423312","4777003","1375498","3.22",,
"2018-09-14","AMZN","Amazon.com, Inc. Common Stock","NNM","5043457","4283227","5341950","1.00",,
"2018-09-14","ANET","Arista Networks","NYSE","2972321","3531678","1218237","2.44",,
"2018-09-14","AON","Aon plc Class A","NYSE","2285613","2144389","790210","2.89",,
"2018-09-14","APD","Air Products & Chemicals, Inc.","NYSE","1896586","2145711","665974","2.85",,
"2018-09-14","APH","Amphenol Corporation","NYSE","4427163","3196543","1285170","3.44",,
"2018-09-14","APO","Apollo Global Management, LLC","NYSE","4408065","4378649","472213","9.33",,
"2018-09-14","AVGO","Broadcom Inc. Common Stock","NNM","8889062","7621092","5418022","1.64",,
"2018-09-14","AXP","American Express Company","NYSE","5879875","5807601","3471270","1.69",,
"2018-09-14","BA","Boeing Company","NYSE","4917243","4302538","3218867","1.53",,
"2018-09-14","BAC","Bank of America Corporation","NYSE","126381325","125504253","47189451","2.68",,
"2018-09-14","BKNG","Booking Holdings Inc. Common S","NNM","1323837","1267760","415152","3.19",,
"2018-09-14","BLK","Blackrock, Inc.","NYSE","824650","936364","539474","1.53",,
"2018-09-14","BMY","Bristol-Myers Squibb Co.","NYSE","14321637","14120086","4903481","2.92",,
"2018-09-14","BNY","BlackRock New York Municipal I","NYSE","8850","3763","35064","1.00",,
"2018-09-14","BRKA","Berkshire Hathaway Inc.","NYSE","634","822","245","2.59",,
"2018-09-14","BRKB","BERKSHIRE HATHAWAY Class B","NYSE","9406735","8850153","3632160","2.59",,
"2018-09-14","BSX","Boston Scientific Corp.","NYSE","10411796","9337558","6797231","1.53",,
"2018-09-14","BX","The Blackstone Group L.P","NYSE","10368764","10363417","3007007","3.45",,
"2018-09-14","C","Citigroup Inc.","NYSE","16049750","16481074","13255049","1.21",,
"2018-09-14","CAT","Caterpillar Inc.","NYSE","7419962","9224676","4105530","1.81",,
"2018-09-14","CCZ","Comcast Holdings Corp. 2.0% Ex","NYSE","143","143","50","2.86",,
"2018-09-14","CDNS","Cadence Design Systems, Inc. C","NNM","4869878","4465006","1659203","2.94",,
"2018-09-14","CI","CIGNA Corporation","NYSE","11977482","10857961","2424898","4.94",,
"2018-09-14","CL","Colgate-Palmolive Company","NYSE","10022540","9712558","3185220","3.15",,
"2018-09-14","CMCSA","Comcast Corporation Class A Co","NNM","66353564","74010233","18442921","3.60",,
"2018-09-14","CME","CME Group Inc. Class A Common","NNM","7330979","8881222","1369854","5.35",,
"2018-09-14","CMI","Cummins Inc.","NYSE","3846631","4441249","1350754","2.85",,
"2018-09-14","COF","Capital One Financial","NYSE","3425623","3384431","1914544","1.79",,
"2018-09-14","COP","ConocoPhillips","NYSE","11232199","11828704","4721941","2.38",,
"2018-09-14","COST","Costco Wholesale Corporation C","NNM","5941800","5810858","2381098","2.50",,
"2018-09-14","CRM","salesforce.com, inc.","NYSE","11876791","10763493","4965381","2.39",,
"2018-09-14","CSCO","Cisco Systems, Inc. Common Sto","NNM","39132917","40336133","17316495","2.26",,"R"
"2018-09-14","CSX","CSX Corporation Common Stock","NNM","14685772","16159556","4845982","3.03",,
"2018-09-14","CTAS","Cintas Corporation Common Stoc","NNM","3352620","3363601","382977","8.75",,
"2018-09-14","CVNA","Carvana Co.","NYSE","10680348","9858926","1750582","6.10",,
"2018-09-14","CVS","CVS HEALTH CORPORATION","NYSE","56936075","51997306","8025059","7.09",,
"2018-09-14","CVX","Chevron Corporation","NYSE","16662139","16713219","5758756","2.89",,
"2018-09-14","D","Dominion Energy, Inc Common St","NYSE","18639971","20363102","2483705","7.50",,
"2018-09-14","DE","Deere & Company","NYSE","6507142","5562742","1888050","3.45",,
"2018-09-14","DHR","Danaher Corporation","NYSE","5092231","4777526","1942746","2.62",,
"2018-09-14","DIS","The Walt Disney Company","NYSE","26628783","27486520","5477356","4.86",,
"2018-09-14","DLR","Digital Realty Trust, Inc.","NYSE","6247957","6076353","890574","7.02",,
"2018-09-14","DUK","Duke Energy Corporation","NYSE","11194412","10551147","3907912","2.86",,
"2018-09-14","ECL","Ecolab, Inc.","NYSE","5477214","5218763","863188","6.35",,
"2018-09-14","EMR","Emerson Electric Co.","NYSE","5717308","6651333","2397621","2.38",,"R"
"2018-09-14","EOG","EOG Resources, Inc.","NYSE","9122019","8475136","2145983","4.25",,
"2018-09-14","EPD","Enterprise Products Partners L","NYSE","8186744","8288215","3388863","2.42",,
"2018-09-14","EQIX","Equinix, Inc. Common Stock REI","NNM","1241191","1308055","469017","2.65",,
"2018-09-14","FCX","Freeport-McMoran Inc.","NYSE","25571376","23919422","17767782","1.44",,
"2018-09-14","FDX","FedEx Corporation","NYSE","3923348","3588158","1442025","2.72",,
"2018-09-14","FTNT","Fortinet, Inc. Common Stock","NNM","7233914","6979471","1724359","4.20",,
"2018-09-14","GD","General Dynamics Corporation","NYSE","2434400","2528980","946837","2.57",,
"2018-09-14","GE","General Electric Company","NYSE","99985285","98997397","48306049","2.07",,"R"
"2018-09-14","GILD","Gilead Sciences, Inc. Common S","NNM","13227963","13518139","5838829","2.27",,
"2018-09-14","GLW","Corning Incorporated","NYSE","17063144","18678733","5049268","3.38",,
"2018-09-14","GM","General Motors Company","NYSE","22335335","23242476","12083973","1.85",,
"2018-09-14","GOOG","Alphabet Inc. Class C Capital","NNM","2091442","2072782","1478169","1.41",,
"2018-09-14","GOOGL","Alphabet Inc. Class A Common S","NNM","2207351","2332833","1843292","1.20",,
"2018-09-14","GS","Goldman Sachs Group Inc.","NYSE","4654851","3892102","2473135","1.88",,
"2018-09-14","GWW","W.W. Grainger, Inc.","NYSE","3964523","4093715","565244","7.01",,
"2018-09-14","HCA","HCA Healthcare, Inc.","NYSE","4198046","3452080","1776525","2.36",,
"2018-09-14","HD","Home Depot, Inc.","NYSE","7957139","8315268","4553632","1.75",,
"2018-09-14","HLT","Hilton Worldwide Holdings Inc.","NYSE","7282578","6297273","3008067","2.42",,
"2018-09-14","HON","Honeywell International, Inc.","NYSE","6690750","6308194","2619281","2.55",,"R"
"2018-09-14","HPE","Hewlett Packard Enterprise Com","NYSE","25610789","25657641","9726787","2.63",,
"2018-09-14","IBKR","Interactive Brokers Group, Inc","NNM","2623697","2200020","794536","3.30",,
"2018-09-14","IBM","International Business Machine","NYSE","16193684","14529803","3965898","4.08",,
"2018-09-14","ICE","Intercontinental Exchange  Inc","NYSE","6279434","5168836","2384881","2.63",,
"2018-09-14","INTC","Intel Corporation Common Stock","NNM","71521358","71627538","22975787","3.11",,"R"
"2018-09-14","INTU","Intuit Inc. Common Stock","NNM","3285543","2752801","1471317","2.23",,
"2018-09-14","ISRG","Intuitive Surgical, Inc. Commo","NNM","1330738","1363041","559708","2.38",,
"2018-09-14","ITW","Illinois Tool Works Inc.","NYSE","3896572","3234132","1451480","2.68",,
"2018-09-14","JNJ","Johnson & Johnson","NYSE","14582279","12132775","6002963","2.43",,
"2018-09-14","JPM","JPMorgan Chase & Co.","NYSE","19309176","19049998","10410004","1.85",,"R"
"2018-09-14","KKR","KKR & Co. Inc. Class A Common","NYSE","9999073","9798742","5588293","1.79",,
"2018-09-14","KLAC","KLA-Tencor Corporation Common","NNM","5829442","5569716","1951516","2.99",,
"2018-09-14","KMI","Kinder Morgan, Inc.","NYSE","41816113","34673505","10943652","3.82",,
"2018-09-14","KO","Coca-Cola Company","NYSE","23319851","22283646","10034736","2.32",,"R"
"2018-09-14","LLY","Eli Lilly & Co.","NYSE","11045886","12637152","3571215","3.09",,
"2018-09-14","LMT","Lockheed Martin Corp.","NYSE","1901853","1697897","1179390","1.61",,"R"
"2018-09-14","LOW","Lowe's Companies Inc.","NYSE","12042151","10173016","4854373","2.48",,
"2018-09-14","LRCX","Lam Research Corporation Commo","NNM","14442277","16097777","3423502","4.22",,
"2018-09-14","MA","Mastercard Incorporated","NYSE","6567360","6641848","3206700","2.05",,
"2018-09-14","MAR","Marriott International Class A","NNM","8128643","6387780","2477933","3.28",,
"2018-09-14","MCD","McDonald's Corporation","NYSE","7131988","6509147","3143415","2.27",,"R"
"2018-09-14","MCK","McKesson Corporation","NYSE","4579191","5825674","1967629","2.33",,
"2018-09-14","MCO","Moody's Corporation","NYSE","2187227","2073930","625082","3.50",,
"2018-09-14","MDLZ","Mondelez International, Inc. C","NNM","14347084","10151647","6855781","2.09",,
"2018-09-14","MDT","Medtronic plc","NYSE","10029006","9568272","4134802","2.43",,
"2018-09-14","MMM","3M Company","NYSE","7559686","7180144","2484404","3.04",,
"2018-09-14","MNST","Monster Beverage Corporation","NNM","6366180","7338416","3362678","1.89",,
"2018-09-14","MO","Altria Group, Inc.","NYSE","31379947","32239290","8008999","3.92",,
"2018-09-14","MPC","MARATHON PETROLEUM CORPORATION","NYSE","33614881","31333876","4574247","7.35",,
"2018-09-14","MPWR","Monolithic Power Systems, Inc.","NNM","1483376","1674354","465211","3.19",,
"2018-09-14","MRK","Merck & Co., Inc.","NYSE","21387570","19912074","7571978","2.82",,
"2018-09-14","MRVL","Marvell Technology Group Ltd.","NNM","16055403","10425599","16609213","1.00",,
"2018-09-14","MS","Morgan Stanley","NYSE","11036066","10566798","6761827","1.63",,
"2018-09-14","MSFT","Microsoft Corporation Common S","NNM","43067826","42068394","23380143","1.84",,
"2018-09-14","MSI","Motorola Solutions, Inc. New","NYSE","3661645","3812017","751508","4.87",,
"2018-09-14","MU","Micron Technology, Inc. Common","NNM","57874491","55621129","51001750","1.13",,
"2018-09-14","NEE","Nextra Energy, Inc.","NYSE","6710656","10039454","1868177","3.59",,
"2018-09-14","NEM","Newmont Mining Corp.","NYSE","9224092","8765611","5527311","1.67",,
"2018-09-14","NFLX","Netflix, Inc. Common Stock","NNM","17522273","17214411","8719942","2.01",,
"2018-09-14","NKE","Nike, Inc.","NYSE","10042814","10060426","8425455","1.19",,
"2018-09-14","NOC","Northrop Grumman Corp.","NYSE","2368612","2105149","1068489","2.22",,
"2018-09-14","NOW","SERVICENOW, INC.","NYSE","12250264","11424279","1787408","6.85",,
"2018-09-14","NSC","Norfolk Southern Corp.","NYSE","7585091","7754121","1650141","4.60",,"R"
"2018-09-14","NVDA","NVIDIA Corporation Common Stoc","NNM","13455662","15362310","8270692","1.63",,
"2018-09-14","ORCL","Oracle Corp","NYSE","48295713","48935899","18579366","2.60",,
"2018-09-14","ORLY","O'Reilly Automotive, Inc. Comm","NNM","1890925","2213813","616827","3.07",,
"2018-09-14","PANW","PALO ALTO NETWORKS, INC","NYSE","4189006","4300506","1647242","2.54",,
"2018-09-14","PCAR","PACCAR Inc. Common Stock","NNM","8569768","8589670","1984511","4.32",,
"2018-09-14","PEP","PepsiCo, Inc. Common Stock","NNM","7527502","7811203","3762099","2.00",,
"2018-09-14","PFE","Pfizer Inc.","NYSE","50588295","48507783","18004339","2.81",,"R"
"2018-09-14","PG","Procter & Gamble Company","NYSE","20572451","21083551","6706171","3.07",,
"2018-09-14","PGR","Progressive Corporation","NYSE","9320006","9744130","2500747","3.73",,
"2018-09-14","PH","Parker Hannifin Corp","NYSE","2935850","2375464","756077","3.88",,
"2018-09-14","PLD","PROLOGIS, INC.","NYSE","6999476","7967587","2697168","2.60",,
"2018-09-14","PM","Philip Morris International In","NYSE","9890582","9474335","5153665","1.92",,
"2018-09-14","PNC","PNC Financial Services Group","NYSE","2999092","2831176","1912050","1.57",,"R"
"2018-09-14","PSX","PHILLIPS 66","NYSE","5415912","5622902","2888894","1.87",,
"2018-09-14","PWR","Quanta Services, Inc.","NYSE","3711668","3338465","1031128","3.60",,
"2018-09-14","QCOM","QUALCOMM Incorporated Common S","NNM","136837666","29887640","15499752","8.83",,
"2018-09-14","RCL","Royal Caribbean Cruises Ltd.","NYSE","3606937","3923896","1634466","2.21",,
"2018-09-14","REGN","Regeneron Pharmaceuticals, Inc","NNM","2990667","3107355","508032","5.89",,
"2018-09-14","ROST","Ross Stores, Inc. Common Stock","NNM","8063555","5497717","2808912","2.87",,
"2018-09-14","RSG","Republic Services Inc.","NYSE","4744988","4958156","1145172","4.14",,
"2018-09-14","SBUX","Starbucks Corporation Common S","NNM","26691827","27521487","8152277","3.27",,
"2018-09-14","SCCO","Southern Copper Corporation","NYSE","7993857","7639688","1117433","7.15",,
"2018-09-14","SCHW","The Charles Schwab Corporation","NYSE","16417003","14856228","5646376","2.91",,
"2018-09-14","SHW","The Sherwin-Williams Company","NYSE","1797560","1467262","463369","3.88",,
"2018-09-14","SNPS","Synopsys, Inc. Common Stock","NNM","2865243","2819391","1072600","2.67",,
"2018-09-14","SO","The Southern Company","NYSE","28203582","31889350","7212740","3.91",,
"2018-09-14","SPG","Simon Property Group, Inc.","NYSE","11090495","11769794","1424592","7.79",,
"2018-09-14","SPGI","S&P Global Inc.","NYSE","2524092","2327136","912572","2.77",,
"2018-09-14","SYK","Stryker Corporation","NYSE","3895550","3658120","1237240","3.15",,
"2018-09-14","T","AT&T Inc.","NYSE","71236205","69830043","30371123","2.35",,"R"
"2018-09-14","TDG","TransDigm Group Incorporated","NYSE","3109556","2882094","337964","9.20",,
"2018-09-14","TGT","Target Corporation","NYSE","24798236","23780809","4125881","6.01",,
"2018-09-14","TJX","TJX Companies, Inc. (The)","NYSE","6023673","5747435","4073141","1.48",,
"2018-09-14","TMO","Thermo Fisher Scientific, Inc.","NYSE","3529963","3678215","1168284","3.02",,
"2018-09-14","TMUS","T-Mobile US, Inc. Common Stock","NNM","11946019","11635152","2874474","4.16",,
"2018-09-14","TRV","The Travelers Companies, Inc.","NYSE","4015751","3261791","1417118","2.83",,
"2018-09-14","TSLA","Tesla, Inc. Common Stock","NNM","33459061","32843807","10291531","3.25",,
"2018-09-14","TXN","Texas Instruments Incorporated","NNM","14878523","14076867","6441040","2.31",,
"2018-09-14","UNH","UNITEDHEALTH GROUP INCORPORATE","NYSE","5638843","6506634","2591907","2.18",,
"2018-09-14","UNP","Union Pacific Corp.","NYSE","16819743","19165851","4338809","3.88",,
"2018-09-14","UPS","United Parcel Service, Inc. Cl","NYSE","8405757","9052534","2922127","2.88",,
"2018-09-14","URI","United Rentals, Inc.","NYSE","3559027","3229905","1494399","2.38",,
"2018-09-14","USB","U.S. Bancorp","NYSE","14730562","15758737","4668948","3.16",,
"2018-09-14","V","VISA Inc.","NYSE","30623696","27685119","8352436","3.67",,
"2018-09-14","VLO","Valero Energy Corporation","NYSE","7619442","8389879","2882710","2.64",,
"2018-09-14","VRTX","Vertex Pharmaceuticals Incorpo","NNM","2833273","2667932","989601","2.86",,
"2018-09-14","VZ","Verizon Communications","NYSE","41943759","42206850","13299381","3.15",,
"2018-09-14","WDC","Western Digital Corporation Co","NNM","9488973","9011686","5739313","1.65",,
"2018-09-14","WELL","Welltower Inc.","NYSE","13158302","12800793","1730516","7.60",,
"2018-09-14","WFC","Wells Fargo & Co.","NYSE","29726042","27036886","21464473","1.38",,"R"
"2018-09-14","WM","Waste Management, Inc.","NYSE","4593887","3929120","1739604","2.64",,"R"
"2018-09-14","WMB","Williams Companies Inc.","NYSE","30337580","36755127","10368315","2.93",,
"2018-09-14","WMT","Walmart Inc.","NYSE","20726129","21770953","7249677","2.86",,"R"
"2018-09-14","XOM","Exxon Mobil Corporation","NYSE","30034290","27073805","11927073","2.52",,"R"
"2018-08-31","AAPL","Apple Inc. Common Stock","NNM","47549672","42160518","28293025","1.68",,
"2018-08-31","ABBV","ABBVIE INC.","NYSE","31438755","32581503","4015400","7.83",,
"2018-08-31","ABT","Abbott Laboratories","NYSE","12745102","11652061","4427987","2.88",,
"2018-08-31","ADBE","Adobe Systems Incorporated Com","NNM","4155523","3630343","2648301","1.57",,
"2018-08-31","ADI","Analog Devices, Inc. Common St","NNM","8958099","7855257","3027631","2.96",,
"2018-08-31","ADP","Automatic Data Processing, Inc","NNM","3746627","4045678","1750153","2.14",,
"2018-08-31","AEP","American Electric Power Compan","NYSE","6305942","6287873","2287698","2.76",,
"2018-08-31","AFL","Aflac Inc.","NYSE","11667775","11236872","2474530","4.72",,
"2018-08-31","AJG","Arthur J. Gallagher & Co.","NYSE","1496055","1659051","557912","2.68",,
"2018-08-31","ALL","The Allstate Corporation","NYSE","4236117","5228168","1722880","2.46",,
"2018-08-31","AMAT","Applied Materials, Inc. Common","NNM","14385573","13409550","15493878","1.00",,
"2018-08-31","AMD","Advanced Micro Devices, Inc. C","SC","146580980","146326415","120060087","1.22",,
"2018-08-31","AMGN","Amgen Inc. Common Stock","NNM","11321172","10784032","1900492","5.96",,
"2018-08-31","AMT","American Tower Corporation","NYSE","4777003","5269307","1247262","3.83",,
"2018-08-31","AMZN","Amazon.com, Inc. Common Stock","NNM","4283227","4824106","4013170","1.07",,
"2018-08-31","ANET","Arista Networks","NYSE","3531678","2284723","1970768","1.79",,
"2018-08-31","AON","Aon plc Class A","NYSE","2144389","1948634","745136","2.88",,
"2018-08-31","APD","Air Products & Chemicals, Inc.","NYSE","2145711","1962271","852241","2.52",,
"2018-08-31","APH","Amphenol Corporation","NYSE","3196543","3317798","1310569","2.44",,
"2018-08-31","APO","Apollo Global Management, LLC","NYSE","4378649","4500855","377209","11.61",,
"2018-08-31","AVGO","Broadcom Inc. Common Stock","NNM","7621092","9028050","3006621","2.53",,
"2018-08-31","AXP","American Express Company","NYSE","5807601","5794206","2193914","2.65",,
"2018-08-31","BA","Boeing Company","NYSE","4302538","4363111","2893276","1.49",,
"2018-08-31","BAC","Bank of America Corporation","NYSE","125504253","144660332","43465197","2.89",,
"2018-08-31","BKNG","Booking Holdings Inc. Common S","NNM","1267760","1268571","446361","2.84",,
"2018-08-31","BLK","Blackrock, Inc.","NYSE","936364","1006764","570744","1.64",,
"2018-08-31","BMY","Bristol-Myers Squibb Co.","NYSE","14120086","13372744","5023846","2.81",,
"2018-08-31","BNY","BlackRock New York Municipal I","NYSE","3763","752","19017","1.00",,
"2018-08-31","BRKA","Berkshire Hathaway Inc.","NYSE","822","1174","215","3.82",,
"2018-08-31","BRKB","BERKSHIRE HATHAWAY Class B","NYSE","8850153","9180765","3103775","2.85",,"R"
"2018-08-31","BSX","Boston Scientific Corp.","NYSE","9337558","11422242","5292926","1.76",,
"2018-08-31","BX","The Blackstone Group L.P","NYSE","10363417","9613635","2789609","3.72",,
"2018-08-31","C","Citigroup Inc.","NYSE","16481074","16884093","10592338","1.56",,
"2018-08-31","CAT","Caterpillar Inc.","NYSE","9224676","11921063","3988683","2.31",,
"2018-08-31","CCZ","Comcast Holdings Corp. 2.0% Ex","NYSE","143","143","32","4.47",,
"2018-08-31","CDNS","Cadence Design Systems, Inc. C","NNM","4465006","4847347","1158386","3.85",,
"2018-08-31","CI","CIGNA Corporation","NYSE","10857961","8638463","2128200","5.10",,
"2018-08-31","CL","Colgate-Palmolive Company","NYSE","9712558","10420050","2516012","3.86",,
"2018-08-31","CMCSA","Comcast Corporation Class A Co","NNM","74010233","62178138","13399206","5.52",,
"2018-08-31","CME","CME Group Inc. Class A Common","NNM","8881222","7847681","1223690","7.26",,
"2018-08-31","CMI","Cummins Inc.","NYSE","4441249","7674418","1280690","3.47",,
"2018-08-31","COF","Capital One Financial","NYSE","3384431","3765278","1630933","2.08",,
"2018-08-31","COP","ConocoPhillips","NYSE","11828704","12598074","4487981","2.64",,
"2018-08-31","COST","Costco Wholesale Corporation C","NNM","5810858","5932126","1689910","3.44",,
"2018-08-31","CRM","salesforce.com, inc.","NYSE","10763493","11000683","5799234","1.86",,
"2018-08-31","CSCO","Cisco Systems, Inc. Common Sto","NNM","40336147","41490943","20932178","1.93",,
"2018-08-31","CSX","CSX Corporation Common Stock","NNM","16159556","19785151","4245987","3.81",,
"2018-08-31","CTAS","Cintas Corporation Common Stoc","NNM","3363601","3499852","330833","10.17",,
"2018-08-31","CVNA","Carvana Co.","NYSE","9858926","9741909","907371","10.87",,
"2018-08-31","CVS","CVS HEALTH CORPORATION","NYSE","51997306","50091896","5496353","9.46",,
"2018-08-31","CVX","Chevron Corporation","NYSE","16713219","17189972","4599327","3.63",,
"2018-08-31","D","Dominion Energy, Inc Common St","NYSE","20363102","19283229","2212306","9.20",,
"2018-08-31","DE","Deere & Company","NYSE","5562742","5276875","2474926","2.25",,
"2018-08-31","DHR","Danaher Corporation","NYSE","4777526","4971650","2085656","2.29",,
"2018-08-31","DIS","The Walt Disney Company","NYSE","27486520","29278362","4360925","6.30",,
"2018-08-31","DLR","Digital Realty Trust, Inc.","NYSE","6076353","6108480","672958","9.03",,
"2018-08-31","DUK","Duke Energy Corporation","NYSE","10551147","10921028","2700213","3.91",,
"2018-08-31","ECL","Ecolab, Inc.","NYSE","5218763","5115861","671437","7.77",,
"2018-08-31","EMR","Emerson Electric Co.","NYSE","6651368","5921041","2196307","3.03",,
"2018-08-31","EOG","EOG Resources, Inc.","NYSE","8475136","7793923","2588810","3.27",,
"2018-08-31","EPD","Enterprise Products Partners L","NYSE","8288215","7091398","3560732","2.33",,
"2018-08-31","EQIX","Equinix, Inc. Common Stock REI","NNM","1308055","1507142","439486","2.98",,
"2018-08-31","FCX","Freeport-McMoran Inc.","NYSE","23919422","23800118","14445818","1.66",,
"2018-08-31","FDX","FedEx Corporation","NYSE","3588158","4129380","1142310","3.14",,
"2018-08-31","FTNT","Fortinet, Inc. Common Stock","NNM","6979471","6655807","1118209","6.24",,
"2018-08-31","GD","General Dynamics Corporation","NYSE","2528980","2776049","913723","2.77",,
"2018-08-31","GE","General Electric Company","NYSE","98997767","121477786","46784896","2.12",,
"2018-08-31","GILD","Gilead Sciences, Inc. Common S","NNM","13518139","13981178","6525154","2.07",,
"2018-08-31","GLW","Corning Incorporated","NYSE","18678733","22331573","3575411","5.22",,
"2018-08-31","GM","General Motors Company","NYSE","23242476","26579240","9794415","2.37",,
"2018-08-31","GOOG","Alphabet Inc. Class C Capital","NNM","2072782","2744570","1214054","1.71",,
"2018-08-31","GOOGL","Alphabet Inc. Class A Common S","NNM","2332833","2867703","1447634","1.61",,
"2018-08-31","GS","Goldman Sachs Group Inc.","NYSE","3892102","5104453","2364298","1.65",,
"2018-08-31","GWW","W.W. Grainger, Inc.","NYSE","4093715","4161759","465917","8.79",,
"2018-08-31","HCA","HCA Healthcare, Inc.","NYSE","3452080","3656960","1285091","2.69",,
"2018-08-31","HD","Home Depot, Inc.","NYSE","8315268","6109817","3640708","2.28",,
"2018-08-31","HLT","Hilton Worldwide Holdings Inc.","NYSE","6297273","5920591","2219448","2.84",,
"2018-08-31","HON","Honeywell International, Inc.","NYSE","6308212","5738680","2308998","2.73",,
"2018-08-31","HPE","Hewlett Packard Enterprise Com","NYSE","25657641","26017635","13284061","1.93",,
"2018-08-31","IBKR","Interactive Brokers Group, Inc","NNM","2200020","2383149","587423","3.75",,
"2018-08-31","IBM","International Business Machine","NYSE","14529803","15145841","3071016","4.73",,
"2018-08-31","ICE","Intercontinental Exchange  Inc","NYSE","5168836","5804099","2379624","2.17",,
"2018-08-31","INTC","Intel Corporation Common Stock","NNM","71627560","80130799","20312867","3.53",,
"2018-08-31","INTU","Intuit Inc. Common Stock","NNM","2752801","2848799","1834140","1.50",,
"2018-08-31","ISRG","Intuitive Surgical, Inc. Commo","NNM","1363041","1336004","450522","3.03",,
"2018-08-31","ITW","Illinois Tool Works Inc.","NYSE","3234132","3470390","1467558","2.20",,
"2018-08-31","JNJ","Johnson & Johnson","NYSE","12132775","14034703","5738284","2.11",,
"2018-08-31","JPM","JPMorgan Chase & Co.","NYSE","19050024","22544509","9666289","1.97",,
"2018-08-31","KKR","KKR & Co. Inc. Class A Common","NYSE","9798742","10118467","2076951","4.72",,
"2018-08-31","KLAC","KLA-Tencor Corporation Common","NNM","5569716","5744978","1224610","4.55",,
"2018-08-31","KMI","Kinder Morgan, Inc.","NYSE","34673505","35365854","8692968","3.99",,
"2018-08-31","KO","Coca-Cola Company","NYSE","22283661","29320452","10928486","2.04",,
"2018-08-31","LLY","Eli Lilly & Co.","NYSE","12637152","14201484","2918033","4.33",,
"2018-08-31","LMT","Lockheed Martin Corp.","NYSE","1697908","1906147","984042","1.73",,
"2018-08-31","LOW","Lowe's Companies Inc.","NYSE","10173016","8934604","5879234","1.73",,
"2018-08-31","LRCX","Lam Research Corporation Commo","NNM","16097777","15965631","2621567","6.14",,
"2018-08-31","MA","Mastercard Incorporated","NYSE","6641848","6748968","2549408","2.61",,
"2018-08-31","MAR","Marriott International Class A","NNM","6387780","6813069","2070506","3.09",,
"2018-08-31","MCD","McDonald's Corporation","NYSE","6509170","6992918","2655745","2.45",,
"2018-08-31","MCK","McKesson Corporation","NYSE","5825674","7497411","1404278","4.15",,
"2018-08-31","MCO","Moody's Corporation","NYSE","2073930","2191021","716838","2.89",,
"2018-08-31","MDLZ","Mondelez International, Inc. C","NNM","10151647","10333657","5177689","1.96",,
"2018-08-31","MDT","Medtronic plc","NYSE","9568272","10569681","6525373","1.47",,
"2018-08-31","MMM","3M Company","NYSE","7180144","6841239","1812853","3.96",,
"2018-08-31","MNST","Monster Beverage Corporation","NNM","7338416","6824083","1967510","3.73",,
"2018-08-31","MO","Altria Group, Inc.","NYSE","32239290","29925765","5481180","5.88",,
"2018-08-31","MPC","MARATHON PETROLEUM CORPORATION","NYSE","31333876","30491133","4341633","7.22",,
"2018-08-31","MPWR","Monolithic Power Systems, Inc.","NNM","1674354","1349936","239515","6.99",,
"2018-08-31","MRK","Merck & Co., Inc.","NYSE","19912074","21898123","7496621","2.66",,
"2018-08-31","MRVL","Marvell Technology Group Ltd.","NNM","10425599","13054748","7352981","1.42",,
"2018-08-31","MS","Morgan Stanley","NYSE","10566798","11623579","8134405","1.30",,
"2018-08-31","MSFT","Microsoft Corporation Common S","NNM","42068394","44633868","19950534","2.11",,
"2018-08-31","MSI","Motorola Solutions, Inc. New","NYSE","3812017","4058371","813432","4.69",,
"2018-08-31","MU","Micron Technology, Inc. Common","NNM","55621129","51719195","30338052","1.83",,
"2018-08-31","NEE","Nextra Energy, Inc.","NYSE","10039454","8821001","1428546","7.03",,
"2018-08-31","NEM","Newmont Mining Corp.","NYSE","8765611","9475480","6146037","1.43",,
"2018-08-31","NFLX","Netflix, Inc. Common Stock","NNM","17214411","16529310","11213101","1.54",,
"2018-08-31","NKE","Nike, Inc.","NYSE","10060426","12056907","5657584","1.78",,
"2018-08-31","NOC","Northrop Grumman Corp.","NYSE","2105149","1797828","1081330","1.95",,
"2018-08-31","NOW","SERVICENOW, INC.","NYSE","11424279","11142936","1740256","6.56",,
"2018-08-31","NSC","Norfolk Southern Corp.","NYSE","7754137","11303174","1453615","5.33",,
"2018-08-31","NVDA","NVIDIA Corporation Common Stoc","NNM","15362310","11887698","15686184","1.00",,
"2018-08-31","ORCL","Oracle Corp","NYSE","48935899","51142676","13343726","3.67",,
"2018-08-31","ORLY","O'Reilly Automotive, Inc. Comm","NNM","2213813","2273396","473834","4.67",,
"2018-08-31","PANW","PALO ALTO NETWORKS, INC","NYSE","4300506","3908682","1136700","3.78",,
"2018-08-31","PCAR","PACCAR Inc. Common Stock","NNM","8589670","8981646","1814031","4.74",,
"2018-08-31","PEP","PepsiCo, Inc. Common Stock","NNM","7811203","11177036","3782930","2.06",,
"2018-08-31","PFE","Pfizer Inc.","NYSE","48507825","52192249","18845697","2.57",,
"2018-08-31","PG","Procter & Gamble Company","NYSE","21083551","21764821","6334293","3.33",,
"2018-08-31","PGR","Progressive Corporation","NYSE","9744130","9585876","3076760","3.17",,
"2018-08-31","PH","Parker Hannifin Corp","NYSE","2375464","2582524","976834","2.43",,
"2018-08-31","PLD","PROLOGIS, INC.","NYSE","7967587","14055254","5981977","1.33",,
"2018-08-31","PM","Philip Morris International In","NYSE","9474335","10470037","5421904","1.75",,
"2018-08-31","PNC","PNC Financial Services Group","NYSE","2831205","3984957","1522746","1.86",,
"2018-08-31","PSX","PHILLIPS 66","NYSE","5622902","5329445","2443431","2.30",,
"2018-08-31","PWR","Quanta Services, Inc.","NYSE","3338465","3014267","1311681","2.55",,
"2018-08-31","QCOM","QUALCOMM Incorporated Common S","NNM","29887640","15903428","13827500","2.16",,
"2018-08-31","RCL","Royal Caribbean Cruises Ltd.","NYSE","3923896","3506689","1339389","2.93",,
"2018-08-31","REGN","Regeneron Pharmaceuticals, Inc","NNM","3107355","2941630","655578","4.74",,
"2018-08-31","ROST","Ross Stores, Inc. Common Stock","NNM","5497717","5146608","3484631","1.58",,
"2018-08-31","RSG","Republic Services Inc.","NYSE","4958156","6103370","1265447","3.92",,
"2018-08-31","SBUX","Starbucks Corporation Common S","NNM","27521487","26824990","8339604","3.30",,
"2018-08-31","SCCO","Southern Copper Corporation","NYSE","7639688","7922208","659607","11.58",,
"2018-08-31","SCHW","The Charles Schwab Corporation","NYSE","14856228","13122390","5368194","2.77",,
"2018-08-31","SHW","The Sherwin-Williams Company","NYSE","1467262","1610612","547615","2.68",,
"2018-08-31","SNPS","Synopsys, Inc. Common Stock","NNM","2819391","2236655","1236575","2.28",,
"2018-08-31","SO","The Southern Company","NYSE","31889350","36054108","6182479","5.16",,
"2018-08-31","SPG","Simon Property Group, Inc.","NYSE","11769794","12312046","1314423","8.95",,
"2018-08-31","SPGI","S&P Global Inc.","NYSE","2327136","2659866","860896","2.70",,
"2018-08-31","SYK","Stryker Corporation","NYSE","3658120","3360975","944002","3.88",,
"2018-08-31","T","AT&T Inc.","NYSE","69830107","72648177","25280938","2.76",,
"2018-08-31","TDG","TransDigm Group Incorporated","NYSE","2882094","2967424","293969","9.80",,
"2018-08-31","TGT","Target Corporation","NYSE","23780809","27857055","6410456","3.71",,
"2018-08-31","TJX","TJX Companies, Inc. (The)","NYSE","5747435","7159856","4249009","1.35",,
"2018-08-31","TMO","Thermo Fisher Scientific, Inc.","NYSE","3678215","4052624","928217","3.96",,
"2018-08-31","TMUS","T-Mobile US, Inc. Common Stock","NNM","11635152","12678217","2129751","5.46",,
"2018-08-31","TRV","The Travelers Companies, Inc.","NYSE","3261791","3517442","1200492","2.72",,
"2018-08-31","TSLA","Tesla, Inc. Common Stock","NNM","32843807","32720582","9252052","3.55",,
"2018-08-31","TXN","Texas Instruments Incorporated","NNM","14076867","15308867","4089717","3.44",,
"2018-08-31","UNH","UNITEDHEALTH GROUP INCORPORATE","NYSE","6506634","6141661","2288219","2.84",,
"2018-08-31","UNP","Union Pacific Corp.","NYSE","19165851","19996327","3039858","6.30",,
"2018-08-31","UPS","United Parcel Service, Inc. Cl","NYSE","9052534","9441804","2056933","4.40",,
"2018-08-31","URI","United Rentals, Inc.","NYSE","3229905","3079652","794989","4.06",,
"2018-08-31","USB","U.S. Bancorp","NYSE","15758737","14274247","4845752","3.25",,
"2018-08-31","V","VISA Inc.","NYSE","27685119","29732000","5865524","4.72",,
"2018-08-31","VLO","Valero Energy Corporation","NYSE","8389879","8744319","2419070","3.47",,
"2018-08-31","VRTX","Vertex Pharmaceuticals Incorpo","NNM","2667932","2448576","951030","2.81",,
"2018-08-31","VZ","Verizon Communications","NYSE","42206850","36539785","12029216","3.51",,
"2018-08-31","WDC","Western Digital Corporation Co","NNM","9011686","9018416","3184109","2.83",,
"2018-08-31","WELL","Welltower Inc.","NYSE","12800793","12644589","1887766","6.78",,
"2018-08-31","WFC","Wells Fargo & Co.","NYSE","27036907","27440359","16927719","1.60",,
"2018-08-31","WM","Waste Management, Inc.","NYSE","3929155","5153196","1359075","2.89",,
"2018-08-31","WMB","Williams Companies Inc.","NYSE","36755127","45109771","9931181","3.70",,
"2018-08-31","WMT","Walmart Inc.","NYSE","21770968","28481134","11919280","1.83",,
"2018-08-31","XOM","Exxon Mobil Corporation","NYSE","27073847","27366090","8711764","3.11",,
"2018-08-15","AAPL","Apple Inc. Common Stock","NNM","42160518","37268767","32830503","1.28",,
"2018-08-15","ABBV","ABBVIE INC.","NYSE","32581503","32503901","5797791","5.62",,
"2018-08-15","ABT","Abbott Laboratories","NYSE","11652061","13195131","3794169","3.07",,
"2018-08-15","ADBE","Adobe Systems Incorporated Com","NNM","3630343","3819623","2086332","1.74",,
"2018-08-15","ADI","Analog Devices, Inc. Common St","NNM","7855257","7713210","1649352","4.76",,
"2018-08-15","ADP","Automatic Data Processing, Inc","NNM","4045678","3419375","2345711","1.72",,
"2018-08-15","AEP","American Electric Power Compan","NYSE","6287873","6651043","1907726","3.30",,
"2018-08-15","AFL","Aflac Inc.","NYSE","11236872","12139784","2706025","4.15",,
"2018-08-15","AJG","Arthur J. Gallagher & Co.","NYSE","1659051","2032849","685739","2.42",,
"2018-08-15","ALL","The Allstate Corporation","NYSE","5228168","4693093","1991039","2.63",,
"2018-08-15","AMAT","Applied Materials, Inc. Common","NNM","13409550","14495208","8217819","1.63",,
"2018-08-15","AMD","Advanced Micro Devices, Inc. C","SC","146326415","167915660","68951192","2.12",,
"2018-08-15","AMGN","Amgen Inc. Common Stock","NNM","10784032","9982793","2199621","4.90",,
"2018-08-15","AMT","American Tower Corporation","NYSE","5269307","5361126","1487680","3.54",,
"2018-08-15","AMZN","Amazon.com, Inc. Common Stock","NNM","4824106","4569664","4401249","1.10",,
"2018-08-15","ANET","Arista Networks","NYSE","2284723","2503839","863460","2.65",,
"2018-08-15","AON","Aon plc Class A","NYSE","1948634","2011463","685618","2.84",,
"2018-08-15","APD","Air Products & Chemicals, Inc.","NYSE","1962271","1660024","1072724","1.83",,
"2018-08-15","APH","Amphenol Corporation","NYSE","3317798","3779431","1013570","3.27",,
"2018-08-15","APO","Apollo Global Management, LLC","NYSE","4500855","4651350","878402","5.12",,
"2018-08-15","AVGO","Broadcom Inc. Common Stock","NNM","9028050","10829120","3162565","2.85",,
"2018-08-15","AXP","American Express Company","NYSE","5794206","5548284","2414470","2.40",,
"2018-08-15","BA","Boeing Company","NYSE","4363111","5154247","2568488","1.70",,
"2018-08-15","BAC","Bank of America Corporation","NYSE","144660332","136632106","50425226","2.87",,
"2018-08-15","BKNG","Booking Holdings Inc. Common S","NNM","1268571","1312966","634372","2.00",,
"2018-08-15","BLK","Blackrock, Inc.","NYSE","1006764","1154657","831583","1.21",,
"2018-08-15","BMY","Bristol-Myers Squibb Co.","NYSE","13372744","13037740","5332262","2.51",,
"2018-08-15","BNY","BlackRock New York Municipal I","NYSE","752","38","23325","1.00",,
"2018-08-15","BRKA","Berkshire Hathaway Inc.","NYSE","1174","1594","262","4.48",,
"2018-08-15","BRKB","BERKSHIRE HATHAWAY Class B","NYSE","9180865","9242538","4384963","2.09",,
"2018-08-15","BSX","Boston Scientific Corp.","NYSE","11422242","12103858","6987379","1.63",,
"2018-08-15","BX","The Blackstone Group L.P","NYSE","9613635","7927503","2623303","3.66",,
"2018-08-15","C","Citigroup Inc.","NYSE","16884093","19535687","13969555","1.21",,
"2018-08-15","CAT","Caterpillar Inc.","NYSE","11921063","6114419","4384948","2.72",,
"2018-08-15","CCZ","Comcast Holdings Corp. 2.0% Ex","NYSE","143","154","41","3.49",,
"2018-08-15","CDNS","Cadence Design Systems, Inc. C","NNM","4847347","5170004","1318578","3.68",,
"2018-08-15","CI","CIGNA Corporation","NYSE","8638463","7724936","3852789","2.24",,
"2018-08-15","CL","Colgate-Palmolive Company","NYSE","10420050","11562577","3123728","3.34",,
"2018-08-15","CMCSA","Comcast Corporation Class A Co","NNM","62178138","65710822","14710034","4.23",,
"2018-08-15","CME","CME Group Inc. Class A Common","NNM","7847681","7699553","1199755","6.54",,
"2018-08-15","CMI","Cummins Inc.","NYSE","7674418","2616599","1244399","6.17",,
"2018-08-15","COF","Capital One Financial","NYSE","3765278","3494567","2013574","1.87",,
"2018-08-15","COP","ConocoPhillips","NYSE","12598074","12369886","5538694","2.27",,
"2018-08-15","COST","Costco Wholesale Corporation C","NNM","5932126","5951903","1904801","3.11",,
"2018-08-15","CRM","salesforce.com, inc.","NYSE","11000683","10927241","3608829","3.05",,
"2018-08-15","CSCO","Cisco Systems, Inc. Common Sto","NNM","41490943","40119782","17226720","2.41",,
"2018-08-15","CSX","CSX Corporation Common Stock","NNM","19785151","18121148","4167703","4.75",,
"2018-08-15","CTAS","Cintas Corporation Common Stoc","NNM","3499852","3589760","445313","7.86",,
"2018-08-15","CVNA","Carvana Co.","NYSE","9741909","10503102","1313490","7.42",,
"2018-08-15","CVS","CVS HEALTH CORPORATION","NYSE","50091896","50796244","8072505","6.21",,
"2018-08-15","CVX","Chevron Corporation","NYSE","17189972","17938542","5305911","3.24",,
"2018-08-15","D","Dominion Energy, Inc Common St","NYSE","19283229","21067656","3352499","5.75",,
"2018-08-15","DE","Deere & Company","NYSE","5276875","6132433","2226368","2.37",,
"2018-08-15","DHR","Danaher Corporation","NYSE","4971650","5370406","1974965","2.52",,
"2018-08-15","DIS","The Walt Disney Company","NYSE","29278362","31638711","7593275","3.86",,
"2018-08-15","DLR","Digital Realty Trust, Inc.","NYSE","6108480","5838380","929930","6.57",,
"2018-08-15","DUK","Duke Energy Corporation","NYSE","10921028","10517846","3114615","3.51",,
"2018-08-15","ECL","Ecolab, Inc.","NYSE","5115861","5693594","1189490","4.30",,
"2018-08-15","EMR","Emerson Electric Co.","NYSE","5921041","6010617","3106403","1.91",,
"2018-08-15","EOG","EOG Resources, Inc.","NYSE","7793923","10758646","2714118","2.87",,
"2018-08-15","EPD","Enterprise Products Partners L","NYSE","7091398","7732265","4311000","1.64",,
"2018-08-15","EQIX","Equinix, Inc. Common Stock REI","NNM","1507142","1187319","595056","2.53",,
"2018-08-15","FCX","Freeport-McMoran Inc.","NYSE","23800118","22871029","17300060","1.38",,
"2018-08-15","FDX","FedEx Corporation","NYSE","4129380","3818112","1071392","3.85",,
"2018-08-15","FTNT","Fortinet, Inc. Common Stock","NNM","6655807","6333082","1875536","3.55",,
"2018-08-15","GD","General Dynamics Corporation","NYSE","2776049","2981364","1373734","2.02",,
"2018-08-15","GE","General Electric Company","NYSE","121477786","112133570","46198988","2.63",,
"2018-08-15","GILD","Gilead Sciences, Inc. Common S","NNM","13981178","14412344","5551719","2.52",,
"2018-08-15","GLW","Corning Incorporated","NYSE","22331573","28188226","4694761","4.76",,
"2018-08-15","GM","General Motors Company","NYSE","26579240","29823532","9878399","2.69",,
"2018-08-15","GOOG","Alphabet Inc. Class C Capital","NNM","2744570","2875352","1296988","2.12",,
"2018-08-15","GOOGL","Alphabet Inc. Class A Common S","NNM","2867703","2902636","1539091","1.86",,
"2018-08-15","GS","Goldman Sachs Group Inc.","NYSE","5104453","4603764","2762074","1.85",,
"2018-08-15","GWW","W.W. Grainger, Inc.","NYSE","4161759","4258112","551880","7.54",,
"2018-08-15","HCA","HCA Healthcare, Inc.","NYSE","3656960","4105943","1702944","2.15",,
"2018-08-15","HD","Home Depot, Inc.","NYSE","6109817","7092936","4077817","1.50",,
"2018-08-15","HLT","Hilton Worldwide Holdings Inc.","NYSE","5920591","7647384","3163951","1.87",,
"2018-08-15","HON","Honeywell International, Inc.","NYSE","5738680","6692987","2346898","2.45",,
"2018-08-15","HPE","Hewlett Packard Enterprise Com","NYSE","26017635","25650428","5828579","4.46",,
"2018-08-15","IBKR","Interactive Brokers Group, Inc","NNM","2383149","2381918","572803","4.16",,
"2018-08-15","IBM","International Business Machine","NYSE","15145841","16986009","3849517","3.93",,
"2018-08-15","ICE","Intercontinental Exchange  Inc","NYSE","5804099","4996524","2093042","2.77",,
"2018-08-15","INTC","Intel Corporation Common Stock","NNM","80130799","83304069","24789687","3.23",,
"2018-08-15","INTU","Intuit Inc. Common Stock","NNM","2848799","2652620","1030546","2.76",,
"2018-08-15","ISRG","Intuitive Surgical, Inc. Commo","NNM","1336004","1686565","484127","2.76",,
"2018-08-15","ITW","Illinois Tool Works Inc.","NYSE","3470390","3078943","1413817","2.45",,
"2018-08-15","JNJ","Johnson & Johnson","NYSE","14034703","14906485","5012727","2.80",,
"2018-08-15","JPM","JPMorgan Chase & Co.","NYSE","22544509","22989409","10767087","2.09",,
"2018-08-15","KKR","KKR & Co. Inc. Class A Common","NYSE","10118467","11368303","3035481","3.33",,
"2018-08-15","KLAC","KLA-Tencor Corporation Common","NNM","5744978","5688342","1477762","3.89",,
"2018-08-15","KMI","Kinder Morgan, Inc.","NYSE","35365854","46170287","12427930","2.85",,
"2018-08-15","KO","Coca-Cola Company","NYSE","29320452","31349078","9092129","3.22",,
"2018-08-15","LLY","Eli Lilly & Co.","NYSE","14201484","14985331","3934396","3.61",,
"2018-08-15","LMT","Lockheed Martin Corp.","NYSE","1906147","1909672","1102097","1.73",,
"2018-08-15","LOW","Lowe's Companies Inc.","NYSE","8934604","8339913","3360795","2.66",,
"2018-08-15","LRCX","Lam Research Corporation Commo","NNM","15965631","13058001","2346142","6.81",,
"2018-08-15","MA","Mastercard Incorporated","NYSE","6748968","7215345","2835647","2.38",,
"2018-08-15","MAR","Marriott International Class A","NNM","6813069","6253684","2310068","2.95",,
"2018-08-15","MCD","McDonald's Corporation","NYSE","6992918","6611011","3356366","2.08",,
"2018-08-15","MCK","McKesson Corporation","NYSE","7497411","7222016","1578070","4.75",,
"2018-08-15","MCO","Moody's Corporation","NYSE","2191021","2508224","693129","3.16",,
"2018-08-15","MDLZ","Mondelez International, Inc. C","NNM","10333657","10398455","6301712","1.64",,
"2018-08-15","MDT","Medtronic plc","NYSE","10569681","9585035","3841892","2.75",,
"2018-08-15","MMM","3M Company","NYSE","6841239","7358035","1594453","4.29",,
"2018-08-15","MNST","Monster Beverage Corporation","NNM","6824083","6999287","2748255","2.48",,
"2018-08-15","MO","Altria Group, Inc.","NYSE","29925765","26252711","5864283","5.10",,
"2018-08-15","MPC","MARATHON PETROLEUM CORPORATION","NYSE","30491133","29226556","3628565","8.40",,
"2018-08-15","MPWR","Monolithic Power Systems, Inc.","NNM","1349936","890530","345175","3.91",,
"2018-08-15","MRK","Merck & Co., Inc.","NYSE","21898123","18327762","7806651","2.81",,
"2018-08-15","MRVL","Marvell Technology Group Ltd.","NNM","13054748","14576934","6086123","2.15",,
"2018-08-15","MS","Morgan Stanley","NYSE","11623579","13710633","8241069","1.41",,
"2018-08-15","MSFT","Microsoft Corporation Common S","NNM","44633868","46122482","19741791","2.26",,
"2018-08-15","MSI","Motorola Solutions, Inc. New","NYSE","4058371","4714468","1084255","3.74",,
"2018-08-15","MU","Micron Technology, Inc. Common","NNM","51719195","49307059","29891700","1.73",,
"2018-08-15","NEE","Nextra Energy, Inc.","NYSE","8821001","8436977","1301173","6.78",,
"2018-08-15","NEM","Newmont Mining Corp.","NYSE","9475480","6981568","5311065","1.78",,
"2018-08-15","NFLX","Netflix, Inc. Common Stock","NNM","16529310","16848037","7180929","2.30",,
"2018-08-15","NKE","Nike, Inc.","NYSE","12056907","10769475","5074020","2.38",,
"2018-08-15","NOC","Northrop Grumman Corp.","NYSE","1797828","1852171","1036734","1.73",,
"2018-08-15","NOW","SERVICENOW, INC.","NYSE","11142936","10799436","1235502","9.02",,
"2018-08-15","NSC","Norfolk Southern Corp.","NYSE","11303174","6125833","1428143","7.91",,
"2018-08-15","NVDA","NVIDIA Corporation Common Stoc","NNM","11887698","11273456","7706143","1.54",,
"2018-08-15","ORCL","Oracle Corp","NYSE","51142676","45007779","13673701","3.74",,
"2018-08-15","ORLY","O'Reilly Automotive, Inc. Comm","NNM","2273396","2421680","566986","4.01",,
"2018-08-15","PANW","PALO ALTO NETWORKS, INC","NYSE","3908682","4288858","1193540","3.27",,
"2018-08-15","PCAR","PACCAR Inc. Common Stock","NNM","8981646","8040522","1718228","5.23",,
"2018-08-15","PEP","PepsiCo, Inc. Common Stock","NNM","11177036","14033654","4763949","2.35",,
"2018-08-15","PFE","Pfizer Inc.","NYSE","52192249","54661544","22612502","2.31",,
"2018-08-15","PG","Procter & Gamble Company","NYSE","21764821","22328828","6516654","3.34",,
"2018-08-15","PGR","Progressive Corporation","NYSE","9585876","8394848","3267771","2.93",,
"2018-08-15","PH","Parker Hannifin Corp","NYSE","2582524","2079853","1286581","2.01",,
"2018-08-15","PLD","PROLOGIS, INC.","NYSE","14055254","14019897","2562909","5.48",,
"2018-08-15","PM","Philip Morris International In","NYSE","10470037","10321010","3870205","2.71",,
"2018-08-15","PNC","PNC Financial Services Group","NYSE","3984957","4314146","1498319","2.66",,
"2018-08-15","PSX","PHILLIPS 66","NYSE","5329445","4922348","2221223","2.40",,
"2018-08-15","PWR","Quanta Services, Inc.","NYSE","3014267","3540386","1809903","1.67",,
"2018-08-15","QCOM","QUALCOMM Incorporated Common S","NNM","15903428","16034029","9046130","1.76",,
"2018-08-15","RCL","Royal Caribbean Cruises Ltd.","NYSE","3506689","2943973","2094944","1.67",,
"2018-08-15","REGN","Regeneron Pharmaceuticals, Inc","NNM","2941630","2798879","893256","3.29",,
"2018-08-15","ROST","Ross Stores, Inc. Common Stock","NNM","5146608","4698891","2597421","1.98",,
"2018-08-15","RSG","Republic Services Inc.","NYSE","6103370","6916371","1414658","4.31",,
"2018-08-15","SBUX","Starbucks Corporation Common S","NNM","26824990","26398075","8910200","3.01",,
"2018-08-15","SCCO","Southern Copper Corporation","NYSE","7922208","7861261","959749","8.25",,
"2018-08-15","SCHW","The Charles Schwab Corporation","NYSE","13122390","17921511","5635422","2.33",,
"2018-08-15","SHW","The Sherwin-Williams Company","NYSE","1610612","2101042","520111","3.10",,
"2018-08-15","SNPS","Synopsys, Inc. Common Stock","NNM","2236655","2435244","918596","2.43",,
"2018-08-15","SO","The Southern Company","NYSE","36054108","33739495","5837389","6.18",,
"2018-08-15","SPG","Simon Property Group, Inc.","NYSE","12312046","12612338","1287939","9.56",,
"2018-08-15","SPGI","S&P Global Inc.","NYSE","2659866","3012459","1055584","2.52",,
"2018-08-15","SYK","Stryker Corporation","NYSE","3360975","3809215","1064064","3.16",,
"2018-08-15","T","AT&T Inc.","NYSE","72648177","88569189","25214597","2.88",,"R"
"2018-08-15","TDG","TransDigm Group Incorporated","NYSE","2967424","3489498","436673","6.80",,
"2018-08-15","TGT","Target Corporation","NYSE","27857055","27737868","3610583","7.72",,
"2018-08-15","TJX","TJX Companies, Inc. (The)","NYSE","7159856","7629760","2876354","2.49",,
"2018-08-15","TMO","Thermo Fisher Scientific, Inc.","NYSE","4052624","3769071","1131953","3.58",,
"2018-08-15","TMUS","T-Mobile US, Inc. Common Stock","NNM","12678217","12346189","4494903","2.82",,
"2018-08-15","TRV","The Travelers Companies, Inc.","NYSE","3517442","3927552","1297679","2.71",,
"2018-08-15","TSLA","Tesla, Inc. Common Stock","NNM","32720582","34989543","15118819","2.16",,
"2018-08-15","TXN","Texas Instruments Incorporated","NNM","15308867","15357143","4184397","3.66",,
"2018-08-15","UNH","UNITEDHEALTH GROUP INCORPORATE","NYSE","6141661","5965475","1834006","3.35",,
"2018-08-15","UNP","Union Pacific Corp.","NYSE","19996327","21489989","2601180","7.69",,
"2018-08-15","UPS","United Parcel Service, Inc. Cl","NYSE","9441804","9846534","1991690","4.74",,
"2018-08-15","URI","United Rentals, Inc.","NYSE","3079652","3266993","955698","3.22",,
"2018-08-15","USB","U.S. Bancorp","NYSE","14274247","14026038","5011239","2.85",,
"2018-08-15","V","VISA Inc.","NYSE","29732000","31071766","6615544","4.49",,
"2018-08-15","VLO","Valero Energy Corporation","NYSE","8744319","8807899","2418459","3.62",,
"2018-08-15","VRTX","Vertex Pharmaceuticals Incorpo","NNM","2448576","2445786","967118","2.53",,
"2018-08-15","VZ","Verizon Communications","NYSE","36539785","34963121","10620430","3.44",,
"2018-08-15","WDC","Western Digital Corporation Co","NNM","9018416","8074596","4770254","1.89",,
"2018-08-15","WELL","Welltower Inc.","NYSE","12644589","12538275","1955032","6.47",,
"2018-08-15","WFC","Wells Fargo & Co.","NYSE","27440359","33200507","15560343","1.76",,
"2018-08-15","WM","Waste Management, Inc.","NYSE","5153196","5346445","1853387","2.78",,
"2018-08-15","WMB","Williams Companies Inc.","NYSE","45109771","28961037","26062274","1.73",,
"2018-08-15","WMT","Walmart Inc.","NYSE","28481134","28296071","5693615","5.00",,
"2018-08-15","XOM","Exxon Mobil Corporation","NYSE","27366090","30949131","10048447","2.72",,
"2018-12-14","AAPL","Apple Inc. Common Stock","NNM","45280056","44915125","42783191","1.06",,
"2018-12-14","ABBV","ABBVIE INC.","NYSE","30862220","30954510","5911893","5.22",,
"2018-12-14","ABT","Abbott Laboratories","NYSE","17236273","14797972","7164240","2.41",,
"2018-12-14","ADBE","Adobe Inc. Common Stock","NNM","5653288","5555814","4917968","1.15",,
"2018-12-14","ADI","Analog Devices, Inc. Common St","NNM","10702578","11367112","2772249","3.86",,
"2018-12-14","ADP","Automatic Data Processing, Inc","NNM","4409568","4717326","2723768","1.62",,
"2018-12-14","AEP","American Electric Power Compan","NYSE","9096876","8825631","2623686","3.47",,
"2018-12-14","AFL","Aflac Inc.","NYSE","12631642","11933791","4557816","2.77",,
"2018-12-14","AJG","Arthur J. Gallagher & Co.","NYSE","2273293","2257927","1280038","1.78",,
"2018-12-14","ALL","The Allstate Corporation","NYSE","6073945","4522447","2451795","2.48",,
"2018-12-14","AMAT","Applied Materials, Inc. Common","NNM","18003149","19138112","13913547","1.29",,
"2018-12-14","AMD","Advanced Micro Devices, Inc. C","NNM","114547475","118178337","101647196","1.13",,
"2018-12-14","AMGN","Amgen Inc. Common Stock","NNM","10036332","10077524","3116385","3.22",,
"2018-12-14","AMT","American Tower Corporation","NYSE","6352435","5269310","2472353","2.57",,
"2018-12-14","AMZN","Amazon.com, Inc. Common Stock","NNM","5626958","5614306","7097887","1.00",,
"2018-12-14","ANET","Arista Networks","NYSE","1618926","1650983","761246","2.13",,
"2018-12-14","AON","Aon plc Class A","NYSE","2393256","2175236","934103","2.56",,
"2018-12-14","APD","Air Products & Chemicals, Inc.","NYSE","2502128","2348518","1333239","1.88",,
"2018-12-14","APH","Amphenol Corporation","NYSE","5182410","4616130","1898452","2.73",,
"2018-12-14","APO","Apollo Global Management, LLC","NYSE","6467496","6592872","1180097","5.48",,
"2018-12-14","AVGO","Broadcom Inc. Common Stock","NNM","10077294","7700654","5277286","1.91",,
"2018-12-14","AXP","American Express Company","NYSE","7860826","6814813","4525189","1.74",,
"2018-12-14","BA","Boeing Company","NYSE","4910853","4959073","4725532","1.04",,
"2018-12-14","BAC","Bank of America Corporation","NYSE","147885102","136097702","93085447","1.59",,
"2018-12-14","BKNG","Booking Holdings Inc. Common S","NNM","1008974","1038859","386649","2.61",,
"2018-12-14","BLK","Blackrock, Inc.","NYSE","1816036","1244972","876919","2.07",,
"2018-12-14","BMY","Bristol-Myers Squibb Co.","NYSE","12833351","12546432","9343157","1.37",,
"2018-12-14","BNY","BlackRock New York Municipal I","NYSE","3364","3767","65817","1.00",,
"2018-12-14","BRKA","Berkshire Hathaway Inc.","NYSE","302","275","465","1.00",,
"2018-12-14","BRKB","BERKSHIRE HATHAWAY Class B","NYSE","13571437","11408214","5605990","2.42",,
"2018-12-14","BSX","Boston Scientific Corp.","NYSE","11698210","10535574","7198826","1.63",,
"2018-12-14","BX","The Blackstone Group L.P","NYSE","37176534","27878931","9805885","3.79",,
"2018-12-14","C","Citigroup Inc.","NYSE","20657629","18030495","25921868","1.00",,
"2018-12-14","CAT","Caterpillar Inc.","NYSE","8491722","7443527","6163935","1.38",,
"2018-12-14","CCZ","Comcast Holdings Corp. 2.0% Ex","NYSE","25","25","31","1.00",,
"2018-12-14","CDNS","Cadence Design Systems, Inc. C","NNM","4984941","5127612","1757896","2.84",,
"2018-12-14","CI","CIGNA Corporation","NYSE","17200061","16335632","2528294","6.80",,
"2018-12-14","CL","Colgate-Palmolive Company","NYSE","8535301","9574759","4646779","1.84",,
"2018-12-14","CMCSA","Comcast Corporation Class A Co","NNM","65974318","69650571","22468856","2.94",,
"2018-12-14","CME","CME Group Inc. Class A Common","NNM","4675220","3900135","2269690","2.06",,
"2018-12-14","CMI","Cummins Inc.","NYSE","4038013","3996146","1462877","2.76",,
"2018-12-14","COF","Capital One Financial","NYSE","4208137","4225816","2899115","1.45",,
"2018-12-14","COP","ConocoPhillips","NYSE","12518350","11818538","7140549","1.75",,
"2018-12-14","COST","Costco Wholesale Corporation C","NNM","5873360","5875038","3534310","1.66",,
"2018-12-14","CRM","salesforce.com, inc.","NYSE","8915885","9609796","6385076","1.40",,
"2018-12-14","CSCO","Cisco Systems, Inc. Common Sto","NNM","47882571","38014795","28796267","1.66",,
"2018-12-14","CSX","CSX Corporation Common Stock","NNM","17852433","18548090","6368948","2.80",,
"2018-12-14","CTAS","Cintas Corporation Common Stoc","NNM","2228880","3203334","653360","3.41",,
"2018-12-14","CVNA","Carvana Co.","NYSE","17349526","15440424","2377558","7.30",,
"2018-12-14","CVS","CVS HEALTH CORPORATION","NYSE","11357418","35182217","12090071","1.00",,
"2018-12-14","CVX","Chevron Corporation","NYSE","20029871","18442077","7897452","2.54",,
"2018-12-14","D","Dominion Energy, Inc Common St","NYSE","24284115","22448553","5497491","4.42",,
"2018-12-14","DE","Deere & Company","NYSE","6719926","6850637","2828659","2.38",,
"2018-12-14","DHR","Danaher Corporation","NYSE","4474740","6178689","3055181","1.46",,
"2018-12-14","DIS","The Walt Disney Company","NYSE","28163388","27327901","8346470","3.37",,
"2018-12-14","DLR","Digital Realty Trust, Inc.","NYSE","13376193","12774995","1129574","11.84",,
"2018-12-14","DUK","Duke Energy Corporation","NYSE","15343282","15781322","4546233","3.37",,
"2018-12-14","ECL","Ecolab, Inc.","NYSE","7167063","7043653","1122523","6.38",,
"2018-12-14","EMR","Emerson Electric Co.","NYSE","7233803","8820313","5799953","1.25",,
"2018-12-14","EOG","EOG Resources, Inc.","NYSE","12972213","12840921","3754164","3.46",,
"2018-12-14","EPD","Enterprise Products Partners L","NYSE","19210005","13275174","6351856","3.02",,
"2018-12-14","EQIX","Equinix, Inc. Common Stock REI","NNM","975423","1036243","518423","1.88",,
"2018-12-14","FCX","Freeport-McMoran Inc.","NYSE","29969797","35395036","21384789","1.40",,
"2018-12-14","FDX","FedEx Corporation","NYSE","3402012","3411961","3504946","1.00",,
"2018-12-14","FTNT","Fortinet, Inc. Common Stock","NNM","10102037","8932662","2046741","4.94",,
"2018-12-14","GD","General Dynamics Corporation","NYSE","3916391","3504906","2217814","1.77",,
"2018-12-14","GE","General Electric Company","NYSE","139713962","135067168","130082281","1.07",,
"2018-12-14","GILD","Gilead Sciences, Inc. Common S","NNM","12573094","12769008","7846798","1.60",,
"2018-12-14","GLW","Corning Incorporated","NYSE","14590956","16211833","5690392","2.56",,
"2018-12-14","GM","General Motors Company","NYSE","25912603","27184503","11972868","2.16",,
"2018-12-14","GOOG","Alphabet Inc. Class C Capital","NNM","2193320","2580444","1894404","1.16",,
"2018-12-14","GOOGL","Alphabet Inc. Class A Common S","NNM","2229892","2127166","1950327","1.14",,
"2018-12-14","GS","Goldman Sachs Group Inc.","NYSE","6268512","3962294","4557366","1.38",,
"2018-12-14","GWW","W.W. Grainger, Inc.","NYSE","3148738","3028808","559077","5.63",,
"2018-12-14","HCA","HCA Healthcare, Inc.","NYSE","4768595","3479480","2082706","2.29",,
"2018-12-14","HD","Home Depot, Inc.","NYSE","8073326","8399988","6150011","1.31",,
"2018-12-14","HLT","Hilton Worldwide Holdings Inc.","NYSE","13750399","13333682","2814444","4.89",,
"2018-12-14","HON","Honeywell International, Inc.","NYSE","6056242","5871476","3825617","1.58",,
"2018-12-14","HPE","Hewlett Packard Enterprise Com","NYSE","33907677","32193508","16593742","2.04",,
"2018-12-14","IBKR","Interactive Brokers Group, Inc","IEX","2453278","2512598","757367","3.24",,
"2018-12-14","IBM","International Business Machine","NYSE","15400268","14474025","5500295","2.80",,
"2018-12-14","ICE","Intercontinental Exchange  Inc","NYSE","5972347","6374766","3114251","1.92",,
"2018-12-14","INTC","Intel Corporation Common Stock","NNM","65083691","63979713","28462146","2.29",,
"2018-12-14","INTU","Intuit Inc. Common Stock","NNM","3133454","3499236","1956243","1.60",,
"2018-12-14","ISRG","Intuitive Surgical, Inc. Commo","NNM","1841992","1945632","845185","2.18",,
"2018-12-14","ITW","Illinois Tool Works Inc.","NYSE","4985225","4716870","2032276","2.45",,
"2018-12-14","JNJ","Johnson & Johnson","NYSE","19633883","16733591","14374468","1.37",,
"2018-12-14","JPM","JPMorgan Chase & Co.","NYSE","21189745","20202228","20700080","1.02",,
"2018-12-14","KKR","KKR & Co. Inc. Class A Common","NYSE","8304068","7109089","4338395","1.91",,
"2018-12-14","KLAC","KLA-Tencor Corporation Common","NNM","5314623","5225953","1810266","2.94",,
"2018-12-14","KMI","Kinder Morgan, Inc.","NYSE","44641018","42293837","16272225","2.74",,
"2018-12-14","KO","Coca-Cola Company","NYSE","31525941","29524337","15278140","2.06",,
"2018-12-14","LIN","Linde plc Ordinary Share","NYSE","6775316","6911587","2837855","2.39",,
"2018-12-14","LLY","Eli Lilly & Co.","NYSE","9318388","8582739","4385921","2.12",,
"2018-12-14","LMT","Lockheed Martin Corp.","NYSE","2351003","2074708","1831766","1.28",,
"2018-12-14","LOW","Lowe's Companies Inc.","NYSE","12072713","11078959","6223099","1.94",,
"2018-12-14","LRCX","Lam Research Corporation Commo","NNM","7417090","6170508","3397771","2.18",,
"2018-12-14","MA","Mastercard Incorporated","NYSE","8275461","8619248","5182800","1.60",,
"2018-12-14","MAR","Marriott International Class A","NNM","7561974","7479126","2621716","2.88",,
"2018-12-14","MCD","McDonald's Corporation","NYSE","6098570","7267271","3665323","1.66",,
"2018-12-14","MCK","McKesson Corporation","NYSE","5157397","3220745","1870029","2.76",,
"2018-12-14","MCO","Moody's Corporation","NYSE","4937916","4386590","1285358","3.84",,
"2018-12-14","MDLZ","Mondelez International, Inc. C","NNM","12943580","14722837","7885076","1.64",,
"2018-12-14","MDT","Medtronic plc","NYSE","10036288","9277547","6077919","1.65",,
"2018-12-14","MMM","3M Company","NYSE","6881327","7579974","2274647","3.03",,
"2018-12-14","MNST","Monster Beverage Corporation","NNM","8138874","8904544","3984380","2.04",,
"2018-12-14","MO","Altria Group, Inc.","NYSE","20335707","21275136","10341332","1.97",,
"2018-12-14","MPC","MARATHON PETROLEUM CORPORATION","NYSE","7886266","9446218","7681747","1.03",,
"2018-12-14","MPWR","Monolithic Power Systems, Inc.","NNM","2061857","2163729","319721","6.45",,
"2018-12-14","MRK","Merck & Co., Inc.","NYSE","65159133","64470981","13321134","4.89",,
"2018-12-14","MRVL","Marvell Technology Group Ltd.","NNM","21253439","22854808","14119737","1.51",,
"2018-12-14","MS","Morgan Stanley","NYSE","12233728","9824829","16037488","1.00",,
"2018-12-14","MSFT","Microsoft Corporation Common S","NNM","53082108","49917579","41310795","1.28",,
"2018-12-14","MSI","Motorola Solutions, Inc. New","NYSE","3880463","4317048","1065530","3.64",,
"2018-12-14","MU","Micron Technology, Inc. Common","NNM","49833674","48279120","31121931","1.60",,
"2018-12-14","NEE","Nextra Energy, Inc.","NYSE","6396431","6774593","2716077","2.36",,
"2018-12-14","NEM","Newmont Mining Corp.","NYSE","14142500","11824649","6154452","2.30",,
"2018-12-14","NFLX","Netflix, Inc. Common Stock","NNM","16593567","17074625","11295732","1.47",,
"2018-12-14","NKE","Nike, Inc.","NYSE","10405976","11593859","7943700","1.31",,
"2018-12-14","NOC","Northrop Grumman Corp.","NYSE","3014699","3923270","2082106","1.45",,
"2018-12-14","NOW","SERVICENOW, INC.","NYSE","11950871","10878848","2063252","5.79",,
"2018-12-14","NSC","Norfolk Southern Corp.","NYSE","7220818","6309058","2551267","2.83",,
"2018-12-14","NVDA","NVIDIA Corporation Common Stoc","NNM","17970784","14646804","16597491","1.08",,
"2018-12-14","ORCL","Oracle Corp","NYSE","42294449","37974941","25072742","1.69",,
"2018-12-14","ORLY","O'Reilly Automotive, Inc. Comm","NNM","1497215","1644488","774025","1.93",,
"2018-12-14","PANW","PALO ALTO NETWORKS, INC","NYSE","5651816","4714464","1780504","3.17",,
"2018-12-14","PCAR","PACCAR Inc. Common Stock","NNM","7176706","6166057","3114058","2.30",,
"2018-12-14","PEP","PepsiCo, Inc. Common Stock","NNM","10239096","8394466","5677917","1.80",,
"2018-12-14","PFE","Pfizer Inc.","NYSE","59611012","50327084","25567968","2.33",,
"2018-12-14","PG","Procter & Gamble Company","NYSE","26287795","24312434","11793941","2.23",,
"2018-12-14","PGR","Progressive Corporation","NYSE","10112541","9432785","4196377","2.41",,
"2018-12-14","PH","Parker Hannifin Corp","NYSE","1810923","2103956","1022787","1.77",,
"2018-12-14","PLD","PROLOGIS, INC.","NYSE","7000646","6615661","2940063","2.38",,
"2018-12-14","PM","Philip Morris International In","NYSE","8057302","9534572","5661290","1.42",,
"2018-12-14","PNC","PNC Financial Services Group","NYSE","4205433","5071374","3020177","1.39",,
"2018-12-14","PSX","PHILLIPS 66","NYSE","6065981","6313791","3404805","1.78",,
"2018-12-14","PWR","Quanta Services, Inc.","NYSE","4647188","5016174","1744170","2.66",,
"2018-12-14","QCOM","QUALCOMM Incorporated Common S","NNM","74207191","74525379","15280815","4.86",,
"2018-12-14","RCL","Royal Caribbean Cruises Ltd.","NYSE","2320955","2709186","1434603","1.62",,
"2018-12-14","REGN","Regeneron Pharmaceuticals, Inc","NNM","2313435","2097875","819494","2.82",,
"2018-12-14","ROST","Ross Stores, Inc. Common Stock","NNM","7398195","7122206","3724683","1.99",,
"2018-12-14","RSG","Republic Services Inc.","NYSE","5091915","5661001","2598235","1.96",,
"2018-12-14","SBUX","Starbucks Corporation Common S","NNM","49297123","58784629","12962784","3.80",,
"2018-12-14","SCCO","Southern Copper Corporation","NYSE","6902248","6555203","972019","7.10",,
"2018-12-14","SCHW","The Charles Schwab Corporation","NYSE","16515199","19833939","10584071","1.56",,
"2018-12-14","SHW","The Sherwin-Williams Company","NYSE","1451130","1869079","844837","1.72",,
"2018-12-14","SNPS","Synopsys, Inc. Common Stock","NNM","2423520","2834623","1487106","1.63",,
"2018-12-14","SO","The Southern Company","NYSE","19182955","21562586","5706768","3.36",,
"2018-12-14","SPG","Simon Property Group, Inc.","NYSE","10446913","9861647","1731717","6.03",,
"2018-12-14","SPGI","S&P Global Inc.","NYSE","2335799","3076330","2227407","1.05",,
"2018-12-14","SYK","Stryker Corporation","NYSE","3994809","4792247","1420423","2.81",,
"2018-12-14","T","AT&T Inc.","NYSE","72584006","70736172","44598751","1.63",,
"2018-12-14","TDG","TransDigm Group Incorporated","NYSE","2789902","2712682","394882","7.07",,
"2018-12-14","TGT","Target Corporation","NYSE","26728854","24752059","6509259","4.11",,
"2018-12-14","TJX","TJX Companies, Inc. (The)","NYSE","15842614","16564574","8835912","1.79",,
"2018-12-14","TMO","Thermo Fisher Scientific, Inc.","NYSE","4004240","3712192","1756213","2.28",,
"2018-12-14","TMUS","T-Mobile US, Inc. Common Stock","NNM","8772740","9132444","3561413","2.46",,
"2018-12-14","TRV","The Travelers Companies, Inc.","NYSE","3653538","3873744","1854303","1.97",,
"2018-12-14","TSLA","Tesla, Inc. Common Stock","NNM","26646210","27361651","7530469","3.54",,
"2018-12-14","TXN","Texas Instruments Incorporated","NNM","16027148","16107948","7096406","2.26",,
"2018-12-14","UNH","UNITEDHEALTH GROUP INCORPORATE","NYSE","5985074","5858710","3895446","1.54",,
"2018-12-14","UNP","Union Pacific Corp.","NYSE","12362561","10295071","4753087","2.60",,
"2018-12-14","UPS","United Parcel Service, Inc. Cl","NYSE","10357224","10372894","4076652","2.54",,
"2018-12-14","URI","United Rentals, Inc.","NYSE","2816148","2616776","2318983","1.21",,
"2018-12-14","USB","U.S. Bancorp","NYSE","14997758","15601012","10037150","1.49",,
"2018-12-14","V","VISA Inc.","NYSE","30828611","29647466","12489110","2.47",,
"2018-12-14","VLO","Valero Energy Corporation","NYSE","7834029","8004576","5315295","1.47",,
"2018-12-14","VRTX","Vertex Pharmaceuticals Incorpo","NNM","3620601","3810858","1251580","2.89",,
"2018-12-14","VZ","Verizon Communications","NYSE","41434832","43490911","19250438","2.15",,
"2018-12-14","WDC","Western Digital Corporation Co","NNM","12894688","12593499","6123260","2.11",,
"2018-12-14","WELL","Welltower Inc.","NYSE","11387522","10100523","2724781","4.18",,
"2018-12-14","WFC","Wells Fargo & Co.","NYSE","35525092","25550612","32692906","1.09",,
"2018-12-14","WM","Waste Management, Inc.","NYSE","6729170","4792789","2413317","2.79",,
"2018-12-14","WMB","Williams Companies Inc.","NYSE","38214351","41107924","10285751","3.72",,
"2018-12-14","WMT","Walmart Inc.","NYSE","17697429","19260020","9030734","1.96",,
"2018-12-14","XOM","Exxon Mobil Corporation","NYSE","32778227","27747156","16896195","1.94",,
"2018-07-13","AAPL","Apple Inc. Common Stock","NNM","42845978","38077092","16727009","2.56",,"R"
"2018-07-13","ABBV","ABBVIE INC.","NYSE","32287034","33269043","4734031","6.82",,"R"
"2018-07-13","ABT","Abbott Laboratories","NYSE","11803752","11738116","3824380","3.09",,"R"
"2018-07-13","ADBE","Adobe Systems Incorporated Com","NNM","4142131","4359185","2414484","1.72",,"R"
"2018-07-13","ADI","Analog Devices, Inc. Common St","NNM","7889346","7715623","1722925","4.58",,"R"
"2018-07-13","ADP","Automatic Data Processing, Inc","NNM","3813700","4083512","2400255","1.59",,"R"
"2018-07-13","AEP","American Electric Power Compan","NYSE","7715362","7729092","3153541","2.45",,"R"
"2018-07-13","AFL","Aflac Inc.","NYSE","13243341","13051543","2672887","4.95",,"R"
"2018-07-13","AJG","Arthur J. Gallagher & Co.","NYSE","1929942","1984516","734307","2.63",,"R"
"2018-07-13","ALL","The Allstate Corporation","NYSE","4735655","5356523","1364440","3.47",,"R"
"2018-07-13","AMAT","Applied Materials, Inc. Common","NNM","15061436","16352735","9637036","1.56",,"R"
"2018-07-13","AMD","Advanced Micro Devices, Inc. C","SC","161542174","164303221","44836601","3.60",,"R"
"2018-07-13","AMGN","Amgen Inc. Common Stock","NNM","10314430","9582499","2289850","4.50",,"R"
"2018-07-13","AMT","American Tower Corporation","NYSE","5270082","6043208","1770722","2.98",,"R"
"2018-07-13","AMZN","Amazon.com, Inc. Common Stock","NNM","4178272","4275338","3234710","1.29",,"R"
"2018-07-13","ANET","Arista Networks","NYSE","2629210","2909241","569944","4.61",,"R"
"2018-07-13","AON","Aon plc Class A","NYSE","1866560","1829434","719390","2.59",,"R"
"2018-07-13","APD","Air Products & Chemicals, Inc.","NYSE","1776854","1765580","754795","2.35",,"R"
"2018-07-13","APH","Amphenol Corporation","NYSE","4981428","4064670","770295","6.47",,"R"
"2018-07-13","APO","Apollo Global Management, LLC","NYSE","6035710","5737667","1042159","5.79",,
"2018-07-13","AVGO","Broadcom Inc. Common Stock","NNM","6420198","6704501","8433189","1.00",,"R"
"2018-07-13","AXP","American Express Company","NYSE","5715868","6556449","3317168","1.72",,"R"
"2018-07-13","BA","Boeing Company","NYSE","4883439","4806590","2514146","1.94",,"R"
"2018-07-13","BAC","Bank of America Corporation","NYSE","110138549","111820805","52854807","2.08",,"R"
"2018-07-13","BKNG","Booking Holdings Inc. Common S","NNM","1221294","1270693","281815","4.33",,"R"
"2018-07-13","BLK","Blackrock, Inc.","NYSE","1246167","1191393","556136","2.24",,"R"
"2018-07-13","BMY","Bristol-Myers Squibb Co.","NYSE","12745858","14693383","4382467","2.91",,"R"
"2018-07-13","BNY","BlackRock New York Municipal I","NYSE","46","4038","37212","1.00",,
"2018-07-13","BRKA","Berkshire Hathaway Inc.","NYSE","1340","1356","250","5.36",,
"2018-07-13","BRKB","BERKSHIRE HATHAWAY Class B","NYSE","9647593","9966453","2994479","3.22",,"R"
"2018-07-13","BSX","Boston Scientific Corp.","NYSE","12535162","11237685","4920270","2.55",,"R"
"2018-07-13","BX","The Blackstone Group L.P","NYSE","8512262","7149330","4499210","1.89",,
"2018-07-13","C","Citigroup Inc.","NYSE","18588793","17424563","15940281","1.17",,"R"
"2018-07-13","CAT","Caterpillar Inc.","NYSE","6926987","7533726","3690385","1.88",,"R"
"2018-07-13","CCZ","Comcast Holdings Corp. 2.0% Ex","NYSE","154","1240","204","1.00",,
"2018-07-13","CDNS","Cadence Design Systems, Inc. C","NNM","5497892","5652529","1292472","4.25",,"R"
"2018-07-13","CI","CIGNA Corporation","NYSE","6165380","5747771","1205983","5.11",,"R"
"2018-07-13","CL","Colgate-Palmolive Company","NYSE","12306432","16173897","2953837","4.17",,"R"
"2018-07-13","CMCSA","Comcast Corporation Class A Co","NNM","71552338","57469724","17759681","4.03",,"R"
"2018-07-13","CME","CME Group Inc. Class A Common","NNM","7510678","6901332","1227038","6.12",,"R"
"2018-07-13","CMI","Cummins Inc.","NYSE","2993373","3034422","1347471","2.22",,"R"
"2018-07-13","COF","Capital One Financial","NYSE","4277325","4711670","1837376","2.33",,"R"
"2018-07-13","COP","ConocoPhillips","NYSE","16007086","16058876","5480014","2.92",,"R"
"2018-07-13","COST","Costco Wholesale Corporation C","NNM","6552966","6478071","1631017","4.02",,"R"
"2018-07-13","CRM","salesforce.com, inc.","NYSE","14593312","13533133","4867437","3.00",,"R"
"2018-07-13","CSCO","Cisco Systems, Inc. Common Sto","NNM","42120412","40140614","22540639","1.87",,"R"
"2018-07-13","CSX","CSX Corporation Common Stock","NNM","11221856","10434195","3895384","2.88",,"R"
"2018-07-13","CTAS","Cintas Corporation Common Stoc","NNM","3592645","3532001","389409","9.23",,"R"
"2018-07-13","CVNA","Carvana Co.","NYSE","10695565","10742811","879339","12.16",,
"2018-07-13","CVS","CVS HEALTH CORPORATION","NYSE","46962651","43843079","7156543","6.56",,"R"
"2018-07-13","CVX","Chevron Corporation","NYSE","18408680","19455469","4707113","3.91",,"R"
"2018-07-13","D","Dominion Energy, Inc Common St","NYSE","21627910","21838168","3186808","6.79",,"R"
"2018-07-13","DE","Deere & Company","NYSE","7466063","6900604","2382253","3.13",,"R"
"2018-07-13","DHR","Danaher Corporation","NYSE","4514772","4260337","2117123","2.13",,"R"
"2018-07-13","DIS","The Walt Disney Company","NYSE","26534390","27733482","5894036","4.50",,"R"
"2018-07-13","DLR","Digital Realty Trust, Inc.","NYSE","6143851","5817912","1098369","5.59",,"R"
"2018-07-13","DUK","Duke Energy Corporation","NYSE","10570558","11993789","3475308","3.04",,"R"
"2018-07-13","ECL","Ecolab, Inc.","NYSE","6297773","6619087","634866","9.92",,"R"
"2018-07-13","EMR","Emerson Electric Co.","NYSE","6741286","8001738","2350777","2.87",,"R"
"2018-07-13","EOG","EOG Resources, Inc.","NYSE","12292112","12160161","1899544","6.47",,"R"
"2018-07-13","EPD","Enterprise Products Partners L","NYSE","8532079","7748587","2715680","3.14",,"R"
"2018-07-13","EQIX","Equinix, Inc. Common Stock REI","NNM","1514389","1498670","456566","3.32",,"R"
"2018-07-13","FCX","Freeport-McMoran Inc.","NYSE","29238375","21516351","17823783","1.64",,"R"
"2018-07-13","FDX","FedEx Corporation","NYSE","4553086","4402749","1373235","3.32",,"R"
"2018-07-13","FTNT","Fortinet, Inc. Common Stock","NNM","7080232","6380259","956566","7.40",,"R"
"2018-07-13","GD","General Dynamics Corporation","NYSE","2947572","2752382","1396277","2.11",,"R"
"2018-07-13","GE","General Electric Company","NYSE","110377426","130169254","52396105","2.11",,"R"
"2018-07-13","GILD","Gilead Sciences, Inc. Common S","NNM","15410952","13701705","6413971","2.40",,"R"
"2018-07-13","GLW","Corning Incorporated","NYSE","25291688","24494235","4352475","5.81",,"R"
"2018-07-13","GM","General Motors Company","NYSE","23687594","24641136","7818290","3.03",,"R"
"2018-07-13","GOOG","Alphabet Inc. Class C Capital","NNM","2618112","2587631","1026623","2.55",,"R"
"2018-07-13","GOOGL","Alphabet Inc. Class A Common S","NNM","2457976","2428489","1347974","1.82",,"R"
"2018-07-13","GS","Goldman Sachs Group Inc.","NYSE","4012493","4227958","2172803","1.85",,"R"
"2018-07-13","GWW","W.W. Grainger, Inc.","NYSE","5034175","4997479","635467","7.92",,"R"
"2018-07-13","HCA","HCA Healthcare, Inc.","NYSE","5677882","5471510","1207824","4.70",,"R"
"2018-07-13","HD","Home Depot, Inc.","NYSE","8455651","8218075","2752433","3.07",,"R"
"2018-07-13","HLT","Hilton Worldwide Holdings Inc.","NYSE","8128202","8225209","2841971","2.86",,"R"
"2018-07-13","HON","Honeywell International, Inc.","NYSE","5759050","5790390","2122545","2.71",,"R"
"2018-07-13","HPE","Hewlett Packard Enterprise Com","NYSE","29420915","32684395","7516169","3.91",,"R"
"2018-07-13","IBKR","Interactive Brokers Group, Inc","NNM","2195353","1971797","998423","2.20",,
"2018-07-13","IBM","International Business Machine","NYSE","15164536","15915024","3268820","4.64",,"R"
"2018-07-13","ICE","Intercontinental Exchange  Inc","NYSE","4737940","5026336","1581494","3.00",,"R"
"2018-07-13","INTC","Intel Corporation Common Stock","NNM","83311747","86750482","19668371","4.24",,"R"
"2018-07-13","INTU","Intuit Inc. Common Stock","NNM","2847957","2740573","1227456","2.32",,"R"
"2018-07-13","ISRG","Intuitive Surgical, Inc. Commo","NNM","1707952","1560146","817756","2.09",,"R"
"2018-07-13","ITW","Illinois Tool Works Inc.","NYSE","3136605","3549723","1179217","2.66",,"R"
"2018-07-13","JNJ","Johnson & Johnson","NYSE","16686830","15678650","6157887","2.71",,"R"
"2018-07-13","JPM","JPMorgan Chase & Co.","NYSE","19662161","18627388","12751398","1.54",,"R"
"2018-07-13","KKR","KKR & Co. Inc. Class A Common","NYSE","5429955","7071726","14201546","1.00",,"R"
"2018-07-13","KLAC","KLA-Tencor Corporation Common","NNM","5942704","6166547","970457","6.12",,"R"
"2018-07-13","KMI","Kinder Morgan, Inc.","NYSE","33663856","33190905","8248704","4.08",,"R"
"2018-07-13","KO","Coca-Cola Company","NYSE","28673755","29174461","8384856","3.42",,"R"
"2018-07-13","LLY","Eli Lilly & Co.","NYSE","11826399","11485742","2534560","4.67",,"R"
"2018-07-13","LMT","Lockheed Martin Corp.","NYSE","2068069","1948230","1150132","1.80",,"R"
"2018-07-13","LOW","Lowe's Companies Inc.","NYSE","8740954","8659271","3823767","2.29",,"R"
"2018-07-13","LRCX","Lam Research Corporation Commo","NNM","13247208","13437719","2345372","5.65",,"R"
"2018-07-13","MA","Mastercard Incorporated","NYSE","7071691","7260354","2641111","2.68",,"R"
"2018-07-13","MAR","Marriott International Class A","NNM","6359050","6175211","1705208","3.73",,"R"
"2018-07-13","MCD","McDonald's Corporation","NYSE","6901885","6346609","2840921","2.43",,"R"
"2018-07-13","MCK","McKesson Corporation","NYSE","7257295","6910514","1271458","5.71",,"R"
"2018-07-13","MCO","Moody's Corporation","NYSE","2526532","2750039","756227","3.34",,"R"
"2018-07-13","MDLZ","Mondelez International, Inc. C","NNM","11655030","11300741","5149536","2.26",,"R"
"2018-07-13","MDT","Medtronic plc","NYSE","9130494","9395987","3691159","2.47",,"R"
"2018-07-13","MMM","3M Company","NYSE","7732425","6781769","1728535","4.47",,"R"
"2018-07-13","MNST","Monster Beverage Corporation","NNM","8370412","8137142","2027332","4.13",,"R"
"2018-07-13","MO","Altria Group, Inc.","NYSE","20766999","20113743","6988676","2.97",,"R"
"2018-07-13","MPC","MARATHON PETROLEUM CORPORATION","NYSE","28317507","25006375","5264562","5.38",,"R"
"2018-07-13","MPWR","Monolithic Power Systems, Inc.","NNM","1205414","1123964","312150","3.86",,"R"
"2018-07-13","MRK","Merck & Co., Inc.","NYSE","17575795","17151743","7939929","2.21",,"R"
"2018-07-13","MRVL","Marvell Technology Group Ltd.","NNM","22657153","58747832","11957275","1.89",,"R"
"2018-07-13","MS","Morgan Stanley","NYSE","10891136","9429956","8203102","1.33",,"R"
"2018-07-13","MSFT","Microsoft Corporation Common S","NNM","47158592","47839463","19796451","2.38",,"R"
"2018-07-13","MSI","Motorola Solutions, Inc. New","NYSE","4334580","4483798","1057551","4.10",,"R"
"2018-07-13","MU","Micron Technology, Inc. Common","NNM","51298358","53854345","37615066","1.36",,"R"
"2018-07-13","NEE","Nextra Energy, Inc.","NYSE","8522902","8330879","1761999","4.84",,"R"
"2018-07-13","NEM","Newmont Mining Corp.","NYSE","6466802","6517497","3579057","1.81",,"R"
"2018-07-13","NFLX","Netflix, Inc. Common Stock","NNM","16604277","17027495","9900574","1.68",,"R"
"2018-07-13","NKE","Nike, Inc.","NYSE","12022562","16272806","5865095","2.05",,"R"
"2018-07-13","NOC","Northrop Grumman Corp.","NYSE","1575211","1523867","818014","1.93",,"R"
"2018-07-13","NOW","SERVICENOW, INC.","NYSE","11118989","10393654","1406476","7.91",,"R"
"2018-07-13","NSC","Norfolk Southern Corp.","NYSE","5795090","5725079","1438549","4.03",,"R"
"2018-07-13","NVDA","NVIDIA Corporation Common Stoc","NNM","11760602","13273852","7778336","1.51",,"R"
"2018-07-13","ORCL","Oracle Corp","NYSE","40965947","32281198","22899985","1.79",,"R"
"2018-07-13","ORLY","O'Reilly Automotive, Inc. Comm","NNM","2849368","2778412","500094","5.70",,"R"
"2018-07-13","PANW","PALO ALTO NETWORKS, INC","NYSE","4074821","3745524","1162548","3.51",,"R"
"2018-07-13","PCAR","PACCAR Inc. Common Stock","NNM","8761383","9554545","1689838","5.18",,"R"
"2018-07-13","PEP","PepsiCo, Inc. Common Stock","NNM","8652156","9963191","6340879","1.36",,"R"
"2018-07-13","PFE","Pfizer Inc.","NYSE","57638413","59168757","16963096","3.40",,"R"
"2018-07-13","PG","Procter & Gamble Company","NYSE","21398022","23673451","7943311","2.69",,"R"
"2018-07-13","PGR","Progressive Corporation","NYSE","8237141","8344913","2863174","2.88",,"R"
"2018-07-13","PH","Parker Hannifin Corp","NYSE","2409864","3121231","934132","2.58",,"R"
"2018-07-13","PLD","PROLOGIS, INC.","NYSE","12178585","13038244","2339894","5.20",,"R"
"2018-07-13","PM","Philip Morris International In","NYSE","9990765","9458600","4784562","2.09",,"R"
"2018-07-13","PNC","PNC Financial Services Group","NYSE","4488637","4457325","2333782","1.92",,"R"
"2018-07-13","PSX","PHILLIPS 66","NYSE","5794843","5737172","1680045","3.45",,"R"
"2018-07-13","PWR","Quanta Services, Inc.","NYSE","4204142","2752606","1215914","3.46",,"R"
"2018-07-13","QCOM","QUALCOMM Incorporated Common S","NNM","15021444","17566039","7241219","2.07",,"R"
"2018-07-13","RCL","Royal Caribbean Cruises Ltd.","NYSE","3224065","3303163","1738264","1.85",,"R"
"2018-07-13","REGN","Regeneron Pharmaceuticals, Inc","NNM","2805316","2813828","777381","3.61",,"R"
"2018-07-13","ROST","Ross Stores, Inc. Common Stock","NNM","4968905","4654235","1755521","2.83",,"R"
"2018-07-13","RSG","Republic Services Inc.","NYSE","5726004","5845915","1116646","5.13",,"R"
"2018-07-13","SBUX","Starbucks Corporation Common S","NNM","27147718","29090186","11145719","2.44",,"R"
"2018-07-13","SCCO","Southern Copper Corporation","NYSE","8919618","8531734","1086455","8.21",,"R"
"2018-07-13","SCHW","The Charles Schwab Corporation","NYSE","19174268","15767605","5924993","3.24",,"R"
"2018-07-13","SHW","The Sherwin-Williams Company","NYSE","2082040","1958235","484008","4.30",,"R"
"2018-07-13","SNPS","Synopsys, Inc. Common Stock","NNM","2081461","1995719","818440","2.54",,"R"
"2018-07-13","SO","The Southern Company","NYSE","35411270","32545693","4823586","7.34",,"R"
"2018-07-13","SPG","Simon Property Group, Inc.","NYSE","13299335","13527240","1104245","12.04",,"R"
"2018-07-13","SPGI","S&P Global Inc.","NYSE","3885268","4049016","817218","4.75",,"R"
"2018-07-13","SYK","Stryker Corporation","NYSE","4174018","4647690","680728","6.13",,"R"
"2018-07-13","T","AT&T Inc.","NYSE","84474872","101270273","40849690","2.07",,"R"
"2018-07-13","TDG","TransDigm Group Incorporated","NYSE","3862734","4219424","282618","13.67",,"R"
"2018-07-13","TGT","Target Corporation","NYSE","27765549","27720264","3039777","9.13",,"R"
"2018-07-13","TJX","TJX Companies, Inc. (The)","NYSE","8562165","8783864","2801442","3.06",,"R"
"2018-07-13","TMO","Thermo Fisher Scientific, Inc.","NYSE","2564556","2462270","1017742","2.52",,"R"
"2018-07-13","TMUS","T-Mobile US, Inc. Common Stock","NNM","12392150","13099018","2770851","4.47",,"R"
"2018-07-13","TRV","The Travelers Companies, Inc.","NYSE","3073599","3030901","1105685","2.78",,"R"
"2018-07-13","TSLA","Tesla, Inc. Common Stock","NNM","34721889","34585642","10103891","3.44",,"R"
"2018-07-13","TXN","Texas Instruments Incorporated","NNM","12742430","13371900","3850508","3.31",,"R"
"2018-07-13","UNH","UNITEDHEALTH GROUP INCORPORATE","NYSE","6410144","6431699","1809285","3.54",,"R"
"2018-07-13","UNP","Union Pacific Corp.","NYSE","23724177","25416154","3141593","7.55",,"R"
"2018-07-13","UPS","United Parcel Service, Inc. Cl","NYSE","9180293","9835390","1953085","4.70",,"R"
"2018-07-13","URI","United Rentals, Inc.","NYSE","3521159","3206238","1142467","3.08",,"R"
"2018-07-13","USB","U.S. Bancorp","NYSE","14143072","13387602","5855848","2.42",,"R"
"2018-07-13","V","VISA Inc.","NYSE","28213960","24656942","7399859","3.81",,"R"
"2018-07-13","VLO","Valero Energy Corporation","NYSE","10324563","10028933","2897219","3.56",,"R"
"2018-07-13","VRTX","Vertex Pharmaceuticals Incorpo","NNM","3007584","2748364","1468178","2.05",,"R"
"2018-07-13","VZ","Verizon Communications","NYSE","35866602","36169294","11031007","3.25",,"R"
"2018-07-13","WDC","Western Digital Corporation Co","NNM","8052368","8049032","2388811","3.37",,"R"
"2018-07-13","WELL","Welltower Inc.","NYSE","10617603","9657985","1641741","6.47",,"R"
"2018-07-13","WFC","Wells Fargo & Co.","NYSE","35833807","35948140","18189054","1.97",,"R"
"2018-07-13","WM","Waste Management, Inc.","NYSE","6029359","5703130","1491941","4.04",,"R"
"2018-07-13","WMB","Williams Companies Inc.","NYSE","23180147","22692749","6002231","3.86",,"R"
"2018-07-13","WMT","Walmart Inc.","NYSE","28674096","30896687","5890626","4.87",,"R"
"2018-07-13","XOM","Exxon Mobil Corporation","NYSE","32220387","31389103","8746961","3.68",,"R"
"2018-11-30","AAPL","Apple Inc. Common Stock","NNM","44915125","41791371","41517026","1.08",,
"2018-11-30","ABBV","ABBVIE INC.","NYSE","30954510","30381530","5757067","5.38",,
"2018-11-30","ABT","Abbott Laboratories","NYSE","14797972","14677180","6964175","2.12",,
"2018-11-30","ADBE","Adobe Inc. Common Stock","NNM","5555814","4733505","4507049","1.23",,
"2018-11-30","ADI","Analog Devices, Inc. Common St","NNM","11367112","11987702","3647460","3.12",,
"2018-11-30","ADP","Automatic Data Processing, Inc","NNM","4717326","4712405","2500040","1.89",,
"2018-11-30","AEP","American Electric Power Compan","NYSE","8825631","9102015","2357341","3.74",,
"2018-11-30","AFL","Aflac Inc.","NYSE","11933791","11625428","3318670","3.60",,
"2018-11-30","AJG","Arthur J. Gallagher & Co.","NYSE","2257927","2300169","1318517","1.71",,
"2018-11-30","ALL","The Allstate Corporation","NYSE","4522447","4740286","1738380","2.60",,
"2018-11-30","AMAT","Applied Materials, Inc. Common","NNM","19138112","16590223","14158186","1.35",,
"2018-11-30","AMD","Advanced Micro Devices, Inc. C","NNM","118178337","120748335","95071282","1.24",,"R"
"2018-11-30","AMGN","Amgen Inc. Common Stock","NNM","10077524","9261657","2691919","3.74",,
"2018-11-30","AMT","American Tower Corporation","NYSE","5269310","5291753","2033999","2.59",,
"2018-11-30","AMZN","Amazon.com, Inc. Common Stock","NNM","5614306","5220475","6607779","1.00",,
"2018-11-30","ANET","Arista Networks","NYSE","1650983","1862787","649810","2.54",,
"2018-11-30","AON","Aon plc Class A","NYSE","2175236","2202538","1026707","2.12",,
"2018-11-30","APD","Air Products & Chemicals, Inc.","NYSE","2348518","2092423","1060888","2.21",,
"2018-11-30","APH","Amphenol Corporation","NYSE","4616130","4615059","1556054","2.97",,
"2018-11-30","APO","Apollo Global Management, LLC","NYSE","6592872","6173121","1226342","5.38",,
"2018-11-30","AVGO","Broadcom Inc. Common Stock","NNM","7700654","9269106","2796286","2.75",,
"2018-11-30","AXP","American Express Company","NYSE","6814813","6185343","3367796","2.02",,
"2018-11-30","BA","Boeing Company","NYSE","4959073","4738779","4721645","1.05",,
"2018-11-30","BAC","Bank of America Corporation","NYSE","136097702","114901569","52345042","2.60",,
"2018-11-30","BKNG","Booking Holdings Inc. Common S","NNM","1038859","1018046","416847","2.49",,
"2018-11-30","BLK","Blackrock, Inc.","NYSE","1244972","1527253","689404","1.81",,
"2018-11-30","BMY","Bristol-Myers Squibb Co.","NYSE","12546432","11924407","9609103","1.31",,
"2018-11-30","BNY","BlackRock New York Municipal I","NYSE","3767","14270","36631","1.00",,
"2018-11-30","BRKA","Berkshire Hathaway Inc.","NYSE","275","275","251","1.10",,
"2018-11-30","BRKB","BERKSHIRE HATHAWAY Class B","NYSE","11408214","11107951","4261639","2.68",,
"2018-11-30","BSX","Boston Scientific Corp.","NYSE","10535574","9943233","8637055","1.22",,
"2018-11-30","BX","The Blackstone Group L.P","NYSE","27878931","24773430","4988487","5.59",,
"2018-11-30","C","Citigroup Inc.","NYSE","18030495","14650091","14571742","1.24",,
"2018-11-30","CAT","Caterpillar Inc.","NYSE","7443527","12066909","5492839","1.36",,
"2018-11-30","CCZ","Comcast Holdings Corp. 2.0% Ex","NYSE","25","25","115","1.00",,
"2018-11-30","CDNS","Cadence Design Systems, Inc. C","NNM","5127612","5432927","1596894","3.21",,
"2018-11-30","CI","CIGNA Corporation","NYSE","16335632","15032003","1877231","8.70",,
"2018-11-30","CL","Colgate-Palmolive Company","NYSE","9574759","10841821","3955865","2.42",,
"2018-11-30","CMCSA","Comcast Corporation Class A Co","NNM","69650571","72221368","19132484","3.64",,
"2018-11-30","CME","CME Group Inc. Class A Common","NNM","3900135","7151517","2262061","1.72",,
"2018-11-30","CMI","Cummins Inc.","NYSE","3996146","3713427","1242130","3.22",,
"2018-11-30","COF","Capital One Financial","NYSE","4225816","3380652","2263929","1.87",,
"2018-11-30","COP","ConocoPhillips","NYSE","11818538","11637791","6485058","1.82",,
"2018-11-30","COST","Costco Wholesale Corporation C","NNM","5875038","5208384","2310433","2.54",,
"2018-11-30","CRM","salesforce.com, inc.","NYSE","9609796","8786075","10631148","1.00",,
"2018-11-30","CSCO","Cisco Systems, Inc. Common Sto","NNM","38014795","32049789","24555919","1.55",,
"2018-11-30","CSX","CSX Corporation Common Stock","NNM","18548090","19138627","4830289","3.84",,
"2018-11-30","CTAS","Cintas Corporation Common Stoc","NNM","3203334","3305314","565205","5.67",,
"2018-11-30","CVNA","Carvana Co.","NYSE","15440424","14420812","1393303","11.08",,
"2018-11-30","CVS","CVS HEALTH CORPORATION","NYSE","35182217","59852649","10480873","3.36",,"R"
"2018-11-30","CVX","Chevron Corporation","NYSE","18442077","17448732","6472414","2.85",,
"2018-11-30","D","Dominion Energy, Inc Common St","NYSE","22448553","21363998","3646940","6.16",,
"2018-11-30","DE","Deere & Company","NYSE","6850637","6462256","2843028","2.41",,
"2018-11-30","DHR","Danaher Corporation","NYSE","6178689","5284015","2310876","2.67",,
"2018-11-30","DIS","The Walt Disney Company","NYSE","27327901","26576206","8962859","3.05",,
"2018-11-30","DLR","Digital Realty Trust, Inc.","NYSE","12774995","13552725","1268529","10.07",,
"2018-11-30","DUK","Duke Energy Corporation","NYSE","15781322","16226939","3470559","4.55",,
"2018-11-30","ECL","Ecolab, Inc.","NYSE","7043653","5911884","1310026","5.38",,
"2018-11-30","EMR","Emerson Electric Co.","NYSE","8820313","7233348","3327883","2.65",,
"2018-11-30","EOG","EOG Resources, Inc.","NYSE","12840921","10822174","4343688","2.96",,
"2018-11-30","EPD","Enterprise Products Partners L","NYSE","13275174","10065603","5160882","2.57",,
"2018-11-30","EQIX","Equinix, Inc. Common Stock REI","NNM","1036243","1152701","533139","1.94",,
"2018-11-30","FCX","Freeport-McMoran Inc.","NYSE","35395036","31292463","17636546","2.01",,
"2018-11-30","FDX","FedEx Corporation","NYSE","3411961","3799184","1183671","2.88",,
"2018-11-30","FTNT","Fortinet, Inc. Common Stock","NNM","8932662","6828399","2281830","3.91",,
"2018-11-30","GD","General Dynamics Corporation","NYSE","3504906","3335771","1363361","2.57",,
"2018-11-30","GE","General Electric Company","NYSE","135067168","130929274","129973792","1.04",,
"2018-11-30","GILD","Gilead Sciences, Inc. Common S","NNM","12769008","12943819","7635344","1.67",,
"2018-11-30","GLW","Corning Incorporated","NYSE","16211833","17016212","4659155","3.48",,
"2018-11-30","GM","General Motors Company","NYSE","27184503","26097024","13911849","1.95",,
"2018-11-30","GOOG","Alphabet Inc. Class C Capital","NNM","2580444","2300074","1846248","1.40",,
"2018-11-30","GOOGL","Alphabet Inc. Class A Common S","NNM","2127166","1978248","1903434","1.12",,
"2018-11-30","GS","Goldman Sachs Group Inc.","NYSE","3962294","4632967","3587441","1.10",,
"2018-11-30","GWW","W.W. Grainger, Inc.","NYSE","3028808","3344932","499543","6.06",,
"2018-11-30","HCA","HCA Healthcare, Inc.","NYSE","3479480","4628744","1971364","1.77",,
"2018-11-30","HD","Home Depot, Inc.","NYSE","8399988","8132430","6379256","1.32",,
"2018-11-30","HLT","Hilton Worldwide Holdings Inc.","NYSE","13333682","8547553","3855586","3.46",,
"2018-11-30","HON","Honeywell International, Inc.","NYSE","5871476","6046103","3339749","1.76",,
"2018-11-30","HPE","Hewlett Packard Enterprise Com","NYSE","32193508","26127190","10977092","2.93",,
"2018-11-30","IBKR","Interactive Brokers Group, Inc","IEX","2512598","2362274","442511","5.68",,
"2018-11-30","IBM","International Business Machine","NYSE","14474025","13240324","4958303","2.92",,
"2018-11-30","ICE","Intercontinental Exchange  Inc","NYSE","6374766","5752942","3383506","1.88",,
"2018-11-30","INTC","Intel Corporation Common Stock","NNM","63979713","59700202","25848111","2.48",,
"2018-11-30","INTU","Intuit Inc. Common Stock","NNM","3499236","3370381","2434614","1.44",,
"2018-11-30","ISRG","Intuitive Surgical, Inc. Commo","NNM","1945632","1703699","750672","2.59",,
"2018-11-30","ITW","Illinois Tool Works Inc.","NYSE","4716870","4889139","1361522","3.46",,
"2018-11-30","JNJ","Johnson & Johnson","NYSE","16733591","16207382","8120963","2.06",,
"2018-11-30","JPM","JPMorgan Chase & Co.","NYSE","20202228","18675897","13079051","1.54",,
"2018-11-30","KKR","KKR & Co. Inc. Class A Common","NYSE","7109089","10011532","4090652","1.74",,
"2018-11-30","KLAC","KLA-Tencor Corporation Common","NNM","5225953","5485701","1540355","3.39",,
"2018-11-30","KMI","Kinder Morgan, Inc.","NYSE","42293837","39892543","14150097","2.99",,
"2018-11-30","KO","Coca-Cola Company","NYSE","29524337","32056942","12858260","2.30",,
"2018-11-30","LIN","Linde plc Ordinary Share","NYSE","6911587","11166075","2423607","2.85",,"R"
"2018-11-30","LLY","Eli Lilly & Co.","NYSE","8582739","10175710","4505820","1.90",,
"2018-11-30","LMT","Lockheed Martin Corp.","NYSE","2074708","2185112","1654040","1.25",,
"2018-11-30","LOW","Lowe's Companies Inc.","NYSE","11078959","7877874","6040576","1.83",,
"2018-11-30","LRCX","Lam Research Corporation Commo","NNM","6170508","7641883","2710108","2.28",,
"2018-11-30","MA","Mastercard Incorporated","NYSE","8619248","6318556","5236089","1.65",,
"2018-11-30","MAR","Marriott International Class A","NNM","7479126","7148927","2211010","3.38",,
"2018-11-30","MCD","McDonald's Corporation","NYSE","7267271","7742223","3694194","1.97",,
"2018-11-30","MCK","McKesson Corporation","NYSE","3220745","3586647","1795935","1.79",,
"2018-11-30","MCO","Moody's Corporation","NYSE","4386590","4168565","1365805","3.21",,
"2018-11-30","MDLZ","Mondelez International, Inc. C","NNM","14722837","12690375","7331199","2.01",,
"2018-11-30","MDT","Medtronic plc","NYSE","9277547","8500285","6260055","1.48",,
"2018-11-30","MMM","3M Company","NYSE","7579974","7492549","2267700","3.34",,
"2018-11-30","MNST","Monster Beverage Corporation","NNM","8904544","8649283","3257951","2.73",,
"2018-11-30","MO","Altria Group, Inc.","NYSE","21275136","21993742","10713694","1.99",,
"2018-11-30","MPC","MARATHON PETROLEUM CORPORATION","NYSE","9446218","9214510","5755670","1.64",,
"2018-11-30","MPWR","Monolithic Power Systems, Inc.","NNM","2163729","2019092","317897","6.81",,
"2018-11-30","MRK","Merck & Co., Inc.","NYSE","64470981","69025249","12612964","5.11",,
"2018-11-30","MRVL","Marvell Technology Group Ltd.","NNM","22854808","23054672","8692352","2.63",,
"2018-11-30","MS","Morgan Stanley","NYSE","9824829","12554010","9821715","1.00",,
"2018-11-30","MSFT","Microsoft Corporation Common S","NNM","49917579","42112290","35420435","1.41",,
"2018-11-30","MSI","Motorola Solutions, Inc. New","NYSE","4317048","4327677","890167","4.85",,
"2018-11-30","MU","Micron Technology, Inc. Common","NNM","48279120","52215420","27112013","1.78",,
"2018-11-30","NEE","Nextra Energy, Inc.","NYSE","6774593","6312170","2053547","3.30",,
"2018-11-30","NEM","Newmont Mining Corp.","NYSE","11824649","10846493","4915518","2.41",,
"2018-11-30","NFLX","Netflix, Inc. Common Stock","NNM","17074625","16384030","12078023","1.41",,
"2018-11-30","NKE","Nike, Inc.","NYSE","11593859","10110199","6478935","1.79",,
"2018-11-30","NOC","Northrop Grumman Corp.","NYSE","3923270","4334893","1562908","2.51",,
"2018-11-30","NOW","SERVICENOW, INC.","NYSE","10878848","10778775","2203940","4.94",,
"2018-11-30","NSC","Norfolk Southern Corp.","NYSE","6309058","6374387","2161348","2.92",,
"2018-11-30","NVDA","NVIDIA Corporation Common Stoc","NNM","14646804","12386177","26084378","1.00",,
"2018-11-30","ORCL","Oracle Corp","NYSE","37974941","43581233","20045436","1.89",,
"2018-11-30","ORLY","O'Reilly Automotive, Inc. Comm","NNM","1644488","1750906","595194","2.76",,
"2018-11-30","PANW","PALO ALTO NETWORKS, INC","NYSE","4714464","4754207","2132503","2.21",,
"2018-11-30","PCAR","PACCAR Inc. Common Stock","NNM","6166057","5725386","1665140","3.70",,
"2018-11-30","PEP","PepsiCo, Inc. Common Stock","NNM","8394466","8087953","3970649","2.11",,
"2018-11-30","PFE","Pfizer Inc.","NYSE","50327084","47355745","21886235","2.30",,
"2018-11-30","PG","Procter & Gamble Company","NYSE","24312434","24561064","9556557","2.54",,
"2018-11-30","PGR","Progressive Corporation","NYSE","9432785","8129348","4026483","2.34",,
"2018-11-30","PH","Parker Hannifin Corp","NYSE","2103956","2446798","973191","2.16",,
"2018-11-30","PLD","PROLOGIS, INC.","NYSE","6615661","7036540","2103090","3.15",,
"2018-11-30","PM","Philip Morris International In","NYSE","9534572","9858461","4798461","1.99",,
"2018-11-30","PNC","PNC Financial Services Group","NYSE","5071374","6740519","2213227","2.29",,
"2018-11-30","PSX","PHILLIPS 66","NYSE","6313791","5125929","3083711","2.05",,
"2018-11-30","PWR","Quanta Services, Inc.","NYSE","5016174","5082438","1110785","4.52",,
"2018-11-30","QCOM","QUALCOMM Incorporated Common S","NNM","74525379","83867119","19859181","3.75",,
"2018-11-30","RCL","Royal Caribbean Cruises Ltd.","NYSE","2709186","2303362","1332785","2.03",,
"2018-11-30","REGN","Regeneron Pharmaceuticals, Inc","NNM","2097875","2280341","599741","3.50",,
"2018-11-30","ROST","Ross Stores, Inc. Common Stock","NNM","7122206","5753254","5169646","1.38",,
"2018-11-30","RSG","Republic Services Inc.","NYSE","5661001","5322377","2011215","2.81",,
"2018-11-30","SBUX","Starbucks Corporation Common S","NNM","58784629","65134523","12607616","4.66",,
"2018-11-30","SCCO","Southern Copper Corporation","NYSE","6555203","7296258","1233048","5.32",,
"2018-11-30","SCHW","The Charles Schwab Corporation","NYSE","19833939","19936456","8243244","2.41",,
"2018-11-30","SHW","The Sherwin-Williams Company","NYSE","1869079","2460767","767391","2.44",,
"2018-11-30","SNPS","Synopsys, Inc. Common Stock","NNM","2834623","3207326","1595400","1.78",,
"2018-11-30","SO","The Southern Company","NYSE","21562586","21651563","5865249","3.68",,
"2018-11-30","SPG","Simon Property Group, Inc.","NYSE","9861647","10145085","1456039","6.77",,
"2018-11-30","SPGI","S&P Global Inc.","NYSE","3076330","3728856","1464021","2.10",,
"2018-11-30","SYK","Stryker Corporation","NYSE","4792247","4373417","1416872","3.38",,
"2018-11-30","T","AT&T Inc.","NYSE","70736172","64262282","35575164","1.99",,
"2018-11-30","TDG","TransDigm Group Incorporated","NYSE","2712682","2661004","415296","6.53",,
"2018-11-30","TGT","Target Corporation","NYSE","24752059","23681089","10134584","2.44",,
"2018-11-30","TJX","TJX Companies, Inc. (The)","NYSE","16564574","11334539","11546920","1.43",,
"2018-11-30","TMO","Thermo Fisher Scientific, Inc.","NYSE","3712192","4006172","1621951","2.29",,
"2018-11-30","TMUS","T-Mobile US, Inc. Common Stock","NNM","9132444","8736822","3402382","2.68",,
"2018-11-30","TRV","The Travelers Companies, Inc.","NYSE","3873744","3713725","1712209","2.26",,
"2018-11-30","TSLA","Tesla, Inc. Common Stock","NNM","27361651","28792194","6110314","4.48",,
"2018-11-30","TXN","Texas Instruments Incorporated","NNM","16107948","17496037","6177198","2.61",,
"2018-11-30","UNH","UNITEDHEALTH GROUP INCORPORATE","NYSE","5858710","5404316","3828266","1.53",,
"2018-11-30","UNP","Union Pacific Corp.","NYSE","10295071","11979388","4465330","2.31",,
"2018-11-30","UPS","United Parcel Service, Inc. Cl","NYSE","10372894","9553898","2471716","4.20",,
"2018-11-30","URI","United Rentals, Inc.","NYSE","2616776","3103449","1616289","1.62",,
"2018-11-30","USB","U.S. Bancorp","NYSE","15601012","13930426","7162782","2.18",,
"2018-11-30","V","VISA Inc.","NYSE","29647466","29013890","9709612","3.05",,
"2018-11-30","VLO","Valero Energy Corporation","NYSE","8004576","7935893","4167775","1.92",,
"2018-11-30","VRTX","Vertex Pharmaceuticals Incorpo","NNM","3810858","3747664","1361238","2.80",,
"2018-11-30","VZ","Verizon Communications","NYSE","43490911","41800454","17639029","2.47",,
"2018-11-30","WDC","Western Digital Corporation Co","NNM","12593499","11542311","6131190","2.05",,
"2018-11-30","WELL","Welltower Inc.","NYSE","10100523","10460997","1862956","5.42",,
"2018-11-30","WFC","Wells Fargo & Co.","NYSE","25550612","21397855","18643099","1.37",,
"2018-11-30","WM","Waste Management, Inc.","NYSE","4792789","5681209","1670063","2.87",,
"2018-11-30","WMB","Williams Companies Inc.","NYSE","41107924","34793586","9677944","4.25",,
"2018-11-30","WMT","Walmart Inc.","NYSE","19260020","21968935","9636410","2.00",,
"2018-11-30","XOM","Exxon Mobil Corporation","NYSE","27747156","28040030","11909378","2.33",,
"2018-12-31","AAPL","Apple Inc. Common Stock","NNM","45279694","45280056","51387635","1.00",,
"2018-12-31","ABBV","ABBVIE INC.","NYSE","29758016","30862220","7261131","4.10",,
"2018-12-31","ABT","Abbott Laboratories","NYSE","18724325","17236273","7953968","2.35",,
"2018-12-31","ADBE","Adobe Inc. Common Stock","NNM","5803627","5653288","5214272","1.11",,
"2018-12-31","ADI","Analog Devices, Inc. Common St","NNM","11219553","10702578","2852671","3.93",,
"2018-12-31","ADP","Automatic Data Processing, Inc","NNM","4809121","4409568","3195284","1.51",,
"2018-12-31","AEP","American Electric Power Compan","NYSE","8791684","9096876","2936704","2.99",,
"2018-12-31","AFL","Aflac Inc.","NYSE","13218806","12631642","4423655","2.99",,
"2018-12-31","AJG","Arthur J. Gallagher & Co.","NYSE","2471157","2273293","1225895","2.02",,
"2018-12-31","ALL","The Allstate Corporation","NYSE","5732678","6073945","2870187","2.00",,
"2018-12-31","AMAT","Applied Materials, Inc. Common","NNM","15395519","18003149","13900719","1.11",,
"2018-12-31","AMD","Advanced Micro Devices, Inc. C","NNM","130203951","114547475","106613285","1.22",,
"2018-12-31","AMGN","Amgen Inc. Common Stock","NNM","10015083","10036332","3516445","2.85",,
"2018-12-31","AMT","American Tower Corporation","NYSE","5449176","6352435","2346346","2.32",,
"2018-12-31","AMZN","Amazon.com, Inc. Common Stock","NNM","5704760","5626958","9091876","1.00",,
"2018-12-31","ANET","Arista Networks","NYSE","1719752","1618926","953707","1.80",,
"2018-12-31","AON","Aon plc Class A","NYSE","1849951","2393256","1225036","1.51",,
"2018-12-31","APD","Air Products & Chemicals, Inc.","NYSE","2928310","2502128","1613371","1.82",,
"2018-12-31","APH","Amphenol Corporation","NYSE","3440083","5182410","1650139","2.08",,
"2018-12-31","APO","Apollo Global Management, LLC","NYSE","5781045","6467496","1588431","3.64",,
"2018-12-31","AVGO","Broadcom Inc. Common Stock","NNM","9781085","10077294","5033808","1.94",,
"2018-12-31","AXP","American Express Company","NYSE","7442070","7860826","5572499","1.34",,
"2018-12-31","BA","Boeing Company","NYSE","5177799","4910853","4863397","1.06",,
"2018-12-31","BAC","Bank of America Corporation","NYSE","144278066","147885102","97519460","1.48",,
"2018-12-31","BKNG","Booking Holdings Inc. Common S","NNM","867800","1008974","474492","1.83",,
"2018-12-31","BLK","Blackrock, Inc.","NYSE","1531489","1816036","911302","1.68",,
"2018-12-31","BMY","Bristol-Myers Squibb Co.","NYSE","12688093","12833351","9033238","1.40",,
"2018-12-31","BNY","BlackRock New York Municipal I","NYSE","15953","3364","59647","1.00",,
"2018-12-31","BRKA","Berkshire Hathaway Inc.","NYSE","325","302","531","1.00",,
"2018-12-31","BRKB","BERKSHIRE HATHAWAY Class B","NYSE","15530862","13571437","7318571","2.12",,
"2018-12-31","BSX","Boston Scientific Corp.","NYSE","12004999","11698210","7879409","1.52",,
"2018-12-31","BX","The Blackstone Group L.P","NYSE","44931288","37176534","8678847","5.18",,
"2018-12-31","C","Citigroup Inc.","NYSE","20621965","20657629","30216500","1.00",,
"2018-12-31","CAT","Caterpillar Inc.","NYSE","7841151","8491722","5500222","1.43",,
"2018-12-31","CCZ","Comcast Holdings Corp. 2.0% Ex","NYSE","25","25","27330","1.00",,
"2018-12-31","CDNS","Cadence Design Systems, Inc. C","NNM","4884580","4984941","1949748","2.51",,
"2018-12-31","CI","CIGNA Corporation","NYSE","6619874","17200061","4629497","1.43",,
"2018-12-31","CL","Colgate-Palmolive Company","NYSE","10410127","8535301","5823354","1.79",,
"2018-12-31","CMCSA","Comcast Corporation Class A Co","NNM","68681528","65974318","23575532","2.91",,
"2018-12-31","CME","CME Group Inc. Class A Common","NNM","5216178","4675220","2217094","2.35",,
"2018-12-31","CMI","Cummins Inc.","NYSE","4055293","4038013","1481476","2.74",,
"2018-12-31","COF","Capital One Financial","NYSE","4732575","4208137","3422371","1.38",,
"2018-12-31","COP","ConocoPhillips","NYSE","13641631","12518350","7252289","1.88",,
"2018-12-31","COST","Costco Wholesale Corporation C","NNM","5887725","5873360","3252160","1.81",,
"2018-12-31","CRM","salesforce.com, inc.","NYSE","11006886","8915885","8078941","1.36",,
"2018-12-31","CSCO","Cisco Systems, Inc. Common Sto","NNM","45952594","47882571","34750382","1.32",,
"2018-12-31","CSX","CSX Corporation Common Stock","NNM","17760787","17852433","6025301","2.95",,
"2018-12-31","CTAS","Cintas Corporation Common Stoc","NNM","2449263","2228880","1049085","2.33",,
"2018-12-31","CVNA","Carvana Co.","NYSE","18352347","17349526","1785628","10.28",,
"2018-12-31","CVS","CVS HEALTH CORPORATION","NYSE","13508639","11357418","10213487","1.32",,
"2018-12-31","CVX","Chevron Corporation","NYSE","21447399","20029871","9859805","2.18",,
"2018-12-31","D","Dominion Energy, Inc Common St","NYSE","29005627","24284115","7283414","3.98",,
"2018-12-31","DE","Deere & Company","NYSE","7488670","6719926","2499911","3.00",,
"2018-12-31","DELL","Dell Technologies Inc.","NYSE","9891655","0","1114985","8.87",,
"2018-12-31","DHR","Danaher Corporation","NYSE","6811339","4474740","3690245","1.85",,
"2018-12-31","DIS","The Walt Disney Company","NYSE","26735330","28163388","8836821","3.03",,
"2018-12-31","DLR","Digital Realty Trust, Inc.","NYSE","14042785","13376193","1574996","8.92",,
"2018-12-31","DUK","Duke Energy Corporation","NYSE","14834568","15343282","3914460","3.79",,
"2018-12-31","ECL","Ecolab, Inc.","NYSE","6554500","7167063","1318990","4.97",,
"2018-12-31","EMR","Emerson Electric Co.","NYSE","10100015","7233803","5956322","1.70",,
"2018-12-31","EOG","EOG Resources, Inc.","NYSE","14813257","12972213","4519720","3.28",,
"2018-12-31","EPD","Enterprise Products Partners L","NYSE","18565733","19210005","8619167","2.15",,
"2018-12-31","EQIX","Equinix, Inc. Common Stock REI","NNM","978850","975423","665317","1.47",,
"2018-12-31","FCX","Freeport-McMoran Inc.","NYSE","27277526","29969797","21287632","1.28",,
"2018-12-31","FDX","FedEx Corporation","NYSE","4989081","3402012","5088417","1.00",,
"2018-12-31","FTNT","Fortinet, Inc. Common Stock","NNM","10651336","10102037","2383577","4.47",,
"2018-12-31","GD","General Dynamics Corporation","NYSE","4167743","3916391","2119365","1.97",,
"2018-12-31","GE","General Electric Company","NYSE","152096259","139713962","141364365","1.08",,
"2018-12-31","GILD","Gilead Sciences, Inc. Common S","NNM","14461682","12573094","9743024","1.48",,
"2018-12-31","GLW","Corning Incorporated","NYSE","14667229","14590956","6617486","2.22",,
"2018-12-31","GM","General Motors Company","NYSE","24668640","25912603","11977450","2.06",,
"2018-12-31","GOOG","Alphabet Inc. Class C Capital","NNM","2646125","2193320","2330706","1.14",,
"2018-12-31","GOOGL","Alphabet Inc. Class A Common S","NNM","2621656","2229892","2531406","1.04",,
"2018-12-31","GS","Goldman Sachs Group Inc.","NYSE","4961537","6268512","5878254","1.00",,
"2018-12-31","GWW","W.W. Grainger, Inc.","NYSE","3447913","3148738","542602","6.35",,
"2018-12-31","HCA","HCA Healthcare, Inc.","NYSE","5950032","4768595","1959462","3.04",,
"2018-12-31","HD","Home Depot, Inc.","NYSE","8542163","8073326","6231665","1.37",,
"2018-12-31","HLT","Hilton Worldwide Holdings Inc.","NYSE","11084443","13750399","3229524","3.43",,
"2018-12-31","HON","Honeywell International, Inc.","NYSE","6178806","6056242","3555060","1.74",,
"2018-12-31","HPE","Hewlett Packard Enterprise Com","NYSE","35503525","33907677","12717713","2.79",,
"2018-12-31","IBKR","Interactive Brokers Group, Inc","IEX","2894103","2453278","709240","4.08",,
"2018-12-31","IBM","International Business Machine","NYSE","14057861","15400268","6609834","2.13",,
"2018-12-31","ICE","Intercontinental Exchange  Inc","NYSE","5625524","5972347","2867627","1.96",,
"2018-12-31","INTC","Intel Corporation Common Stock","NNM","68435015","65083691","30897578","2.21",,
"2018-12-31","INTU","Intuit Inc. Common Stock","NNM","3130343","3133454","2014487","1.55",,
"2018-12-31","ISRG","Intuitive Surgical, Inc. Commo","NNM","1462614","1841992","909227","1.61",,
"2018-12-31","ITW","Illinois Tool Works Inc.","NYSE","6485115","4985225","1754040","3.70",,
"2018-12-31","JNJ","Johnson & Johnson","NYSE","15719662","19633883","15979892","1.00",,
"2018-12-31","JPM","JPMorgan Chase & Co.","NYSE","22015178","21189745","23891502","1.00",,
"2018-12-31","KKR","KKR & Co. Inc. Class A Common","NYSE","8630107","8304068","5300072","1.63",,
"2018-12-31","KLAC","KLA-Tencor Corporation Common","NNM","5869281","5314623","2049243","2.86",,
"2018-12-31","KMI","Kinder Morgan, Inc.","NYSE","53726662","44641018","19637806","2.74",,
"2018-12-31","KO","Coca-Cola Company","NYSE","29811027","31525941","17059757","1.75",,
"2018-12-31","LIN","Linde plc Ordinary Share","NYSE","7101221","6775316","2775062","2.56",,
"2018-12-31","LLY","Eli Lilly & Co.","NYSE","9298021","9318388","6075869","1.53",,
"2018-12-31","LMT","Lockheed Martin Corp.","NYSE","2417414","2351003","1982443","1.22",,
"2018-12-31","LOW","Lowe's Companies Inc.","NYSE","12302041","12072713","5071731","2.43",,
"2018-12-31","LRCX","Lam Research Corporation Commo","NNM","8594548","7417090","2711568","3.17",,
"2018-12-31","MA","Mastercard Incorporated","NYSE","7480217","8275461","5364058","1.39",,
"2018-12-31","MAR","Marriott International Class A","NNM","7419511","7561974","2360572","3.14",,
"2018-12-31","MCD","McDonald's Corporation","NYSE","6209765","6098570","4281213","1.45",,
"2018-12-31","MCK","McKesson Corporation","NYSE","3886531","5157397","2159641","1.80",,
"2018-12-31","MCO","Moody's Corporation","NYSE","5316688","4937916","1306583","4.07",,
"2018-12-31","MDLZ","Mondelez International, Inc. C","NNM","13166768","12943580","10133680","1.30",,
"2018-12-31","MDT","Medtronic plc","NYSE","8463289","10036288","6465585","1.31",,
"2018-12-31","MMM","3M Company","NYSE","8481374","6881327","3085923","2.75",,
"2018-12-31","MNST","Monster Beverage Corporation","NNM","7017739","8138874","3205689","2.19",,
"2018-12-31","MO","Altria Group, Inc.","NYSE","18501906","20335707","16192620","1.14",,
"2018-12-31","MPC","MARATHON PETROLEUM CORPORATION","NYSE","9897401","7886266","8762566","1.13",,
"2018-12-31","MPWR","Monolithic Power Systems, Inc.","NNM","2060664","2061857","388949","5.30",,
"2018-12-31","MRK","Merck & Co., Inc.","NYSE","47235361","65159133","16420695","2.88",,
"2018-12-31","MRVL","Marvell Technology Group Ltd.","NNM","21530869","21253439","10280070","2.09",,
"2018-12-31","MS","Morgan Stanley","NYSE","15864654","12233728","16331478","1.00",,
"2018-12-31","MSFT","Microsoft Corporation Common S","NNM","55925306","53082108","57252976","1.00",,
"2018-12-31","MSI","Motorola Solutions, Inc. New","NYSE","3568079","3880463","1164182","3.06",,
"2018-12-31","MU","Micron Technology, Inc. Common","NNM","54333105","49833674","45966273","1.18",,
"2018-12-31","NEE","Nextra Energy, Inc.","NYSE","6075454","6396431","2848420","2.13",,
"2018-12-31","NEM","Newmont Mining Corp.","NYSE","15672163","14142500","7643630","2.05",,
"2018-12-31","NFLX","Netflix, Inc. Common Stock","NNM","13853134","16593567","13284425","1.04",,
"2018-12-31","NKE","Nike, Inc.","NYSE","11847773","10405976","10887532","1.09",,
"2018-12-31","NOC","Northrop Grumman Corp.","NYSE","2796000","3014699","1401728","1.99",,
"2018-12-31","NOW","SERVICENOW, INC.","NYSE","11836631","11950871","2311870","5.12",,
"2018-12-31","NSC","Norfolk Southern Corp.","NYSE","6230224","7220818","2309094","2.70",,
"2018-12-31","NVDA","NVIDIA Corporation Common Stoc","NNM","18408484","17970784","16190814","1.14",,
"2018-12-31","ORCL","Oracle Corp","NYSE","44141539","42294449","31340953","1.41",,
"2018-12-31","ORLY","O'Reilly Automotive, Inc. Comm","NNM","1590206","1497215","654071","2.43",,
"2018-12-31","PANW","PALO ALTO NETWORKS, INC","NYSE","5335751","5651816","1548694","3.45",,
"2018-12-31","PCAR","PACCAR Inc. Common Stock","NNM","9082514","7176706","2192118","4.14",,
"2018-12-31","PEP","PepsiCo, Inc. Common Stock","NNM","10422628","10239096","6400011","1.63",,
"2018-12-31","PFE","Pfizer Inc.","NYSE","49740738","59611012","30670201","1.62",,
"2018-12-31","PG","Procter & Gamble Company","NYSE","22850142","26287795","11821166","1.93",,
"2018-12-31","PGR","Progressive Corporation","NYSE","11234271","10112541","3653699","3.07",,
"2018-12-31","PH","Parker Hannifin Corp","NYSE","2215335","1810923","1118174","1.98",,
"2018-12-31","PLD","PROLOGIS, INC.","NYSE","6225269","7000646","3435487","1.81",,
"2018-12-31","PM","Philip Morris International In","NYSE","11175878","8057302","11803195","1.00",,
"2018-12-31","PNC","PNC Financial Services Group","NYSE","4381020","4205433","3134283","1.40",,
"2018-12-31","PSX","PHILLIPS 66","NYSE","6841900","6065981","3432711","1.99",,
"2018-12-31","PWR","Quanta Services, Inc.","NYSE","4607101","4647188","1757809","2.62",,
"2018-12-31","QCOM","QUALCOMM Incorporated Common S","NNM","62601166","74207191","17052369","3.67",,
"2018-12-31","RCL","Royal Caribbean Cruises Ltd.","NYSE","2177031","2320955","2195542","1.00",,
"2018-12-31","REGN","Regeneron Pharmaceuticals, Inc","NNM","1982242","2313435","801802","2.47",,
"2018-12-31","ROST","Ross Stores, Inc. Common Stock","NNM","7788518","7398195","3197355","2.44",,
"2018-12-31","RSG","Republic Services Inc.","NYSE","5611941","5091915","1571302","3.57",,
"2018-12-31","SBUX","Starbucks Corporation Common S","NNM","42724855","49297123","13346919","3.20",,
"2018-12-31","SCCO","Southern Copper Corporation","NYSE","6836574","6902248","944815","7.24",,
"2018-12-31","SCHW","The Charles Schwab Corporation","NYSE","17061826","16515199","9682542","1.76",,
"2018-12-31","SHW","The Sherwin-Williams Company","NYSE","1559051","1451130","787964","1.98",,
"2018-12-31","SNPS","Synopsys, Inc. Common Stock","NNM","2100690","2423520","1500946","1.40",,
"2018-12-31","SO","The Southern Company","NYSE","20689470","19182955","6979108","2.96",,
"2018-12-31","SPG","Simon Property Group, Inc.","NYSE","9365407","10446913","1747797","5.36",,
"2018-12-31","SPGI","S&P Global Inc.","NYSE","2683531","2335799","2143682","1.25",,
"2018-12-31","SYK","Stryker Corporation","NYSE","3893330","3994809","1654299","2.35",,
"2018-12-31","T","AT&T Inc.","NYSE","74416538","72584006","55683769","1.34",,
"2018-12-31","TDG","TransDigm Group Incorporated","NYSE","2814083","2789902","415485","6.77",,
"2018-12-31","TGT","Target Corporation","NYSE","24999567","26728854","6325568","3.95",,
"2018-12-31","TJX","TJX Companies, Inc. (The)","NYSE","14188905","15842614","7940150","1.79",,
"2018-12-31","TMO","Thermo Fisher Scientific, Inc.","NYSE","3676717","4004240","2235402","1.64",,
"2018-12-31","TMUS","T-Mobile US, Inc. Common Stock","NNM","9109192","8772740","4428679","2.06",,
"2018-12-31","TRV","The Travelers Companies, Inc.","NYSE","3283566","3653538","2012719","1.63",,
"2018-12-31","TSLA","Tesla, Inc. Common Stock","NNM","25571716","26646210","7867238","3.25",,
"2018-12-31","TXN","Texas Instruments Incorporated","NNM","18603817","16027148","7806688","2.38",,
"2018-12-31","UNH","UNITEDHEALTH GROUP INCORPORATE","NYSE","6582789","5985074","5384486","1.22",,
"2018-12-31","UNP","Union Pacific Corp.","NYSE","10708999","12362561","3892544","2.75",,
"2018-12-31","UPS","United Parcel Service, Inc. Cl","NYSE","13361683","10357224","4642157","2.88",,
"2018-12-31","URI","United Rentals, Inc.","NYSE","3376555","2816148","1816822","1.86",,
"2018-12-31","USB","U.S. Bancorp","NYSE","16041890","14997758","11305783","1.42",,
"2018-12-31","V","VISA Inc.","NYSE","29157501","30828611","13027573","2.24",,
"2018-12-31","VLO","Valero Energy Corporation","NYSE","8619823","7834029","4979196","1.73",,
"2018-12-31","VRTX","Vertex Pharmaceuticals Incorpo","NNM","3961692","3620601","1674916","2.37",,
"2018-12-31","VZ","Verizon Communications","NYSE","38123817","41434832","22175221","1.72",,
"2018-12-31","WDC","Western Digital Corporation Co","NNM","16673690","12894688","6739463","2.47",,
"2018-12-31","WELL","Welltower Inc.","NYSE","11162226","11387522","2447258","4.56",,
"2018-12-31","WFC","Wells Fargo & Co.","NYSE","31072406","35525092","30302376","1.03",,
"2018-12-31","WM","Waste Management, Inc.","NYSE","5587766","6729170","2365388","2.36",,
"2018-12-31","WMB","Williams Companies Inc.","NYSE","35038736","38214351","13578259","2.58",,
"2018-12-31","WMT","Walmart Inc.","NYSE","16730849","17697429","10503572","1.59",,
"2018-12-31","XOM","Exxon Mobil Corporation","NYSE","30089009","32778227","22858109","1.32",,
"2018-02-28","AAPL","Apple Inc. - Common Stock","NNM","58730906","49152571","36411740","1.61",,
"2018-02-28","ABBV","AbbVie Inc.","NYSE","16608247","18554790","6057726","2.74",,
"2018-02-28","ABT","Abbott Laboratories","NYSE","11910880","12853110","6499202","1.83",,
"2018-02-28","ADBE","Adobe Systems Incorporated - C","NNM","5273390","5058862","2241940","2.35",,
"2018-02-28","ADI","Analog Devices, Inc. - Common","NNM","8545311","8721319","2983011","2.86",,
"2018-02-28","ADP","Automatic Data Processing, Inc","NNM","3873937","3983051","1405136","2.76",,
"2018-02-28","AEP","American Electric Power","NYSE","7214167","6273109","2952711","2.44",,
"2018-02-28","AFL","Aflac","NYSE","7877093","7973967","2077386","3.79",,
"2018-02-28","AJG","Arthur J Gallagher & Co","NYSE","2038460","2465763","1141571","1.79",,
"2018-02-28","ALL","Allstate","NYSE","6527084","5835902","2410279","2.71",,
"2018-02-28","AMAT","Applied Materials, Inc. - Comm","NNM","16058256","13749441","16976156","1.00",,
"2018-02-28","AMD","Advanced Micro Devices, Inc. C","SC","159550221","165380345","43447599","3.67",,
"2018-02-28","AMGN","Amgen Inc. - Common Stock","NNM","10361375","8618230","4385991","2.36",,
"2018-02-28","AMT","American Tower","NYSE","5850860","8855192","2982551","1.96",,
"2018-02-28","AMZN","Amazon.com, Inc. - Common Stoc","NNM","4776057","5178995","5104116","1.00",,
"2018-02-28","ANET","Arista Networks","NYSE","2253782","2830348","2785453","1.00",,
"2018-02-28","AON","AON Corporation","NYSE","3741973","4348409","1251699","2.99",,
"2018-02-28","APD","Air Prod Chem","NYSE","2955614","3492904","878172","3.37",,
"2018-02-28","APH","Amphenol","NYSE","4543994","4591269","1105061","4.11",,
"2018-02-28","APO","Apollo Global Management Llc","NYSE","1467068","1494965","1378174","1.06",,
"2018-02-28","AVGO","Broadcom Limited Ordinary Shar","NNM","4023126","4976175","2737370","1.47",,
"2018-02-28","AXP","American Express","NYSE","12420827","12876491","4013958","3.09",,
"2018-02-28","BA","Boeing","NYSE","6085335","6889091","4492301","1.35",,
"2018-02-28","BAC","Bank Of America","NYSE","128697201","140761347","64296718","2.00",,
"2018-02-28","BKNG","Booking Holdings Inc. Common S","NNM","1117923","1372666","643355","1.74",,
"2018-02-28","BLK","Blackrock","NYSE","1373707","1580602","565341","2.43",,
"2018-02-28","BMY","Bristol Myers Squibb","NYSE","13743342","14567786","6882299","2.00",,
"2018-02-28","BNY","Blackrock New York Muni Tr","NYSE","256","823","22728","1.00",,
"2018-02-28","BRKA","Berkshire Hathaway","NYSE","341","613","408","1.00",,
"2018-02-28","BRKB","Berkshire Hathaway Class B","NYSE","10424158","11259493","5148984","2.02",,
"2018-02-28","BSX","Boston Scientific","NYSE","14837091","16191837","6177865","2.40",,
"2018-02-28","BX","The Blackstone Group Lp","NYSE","11758512","11051022","4681854","2.51",,
"2018-02-28","C","Citigroup","NYSE","22038468","25380035","15587583","1.41",,
"2018-02-28","CAT","Caterpillar","NYSE","9964081","9805299","5265029","1.89",,
"2018-02-28","CCZ","Comcast Holdings Corporation","NYSE","122","72","127","1.00",,
"2018-02-28","CDNS","Cadence Design Systems, Inc. -","NNM","6407442","6540095","2204143","2.91",,
"2018-02-28","CI","Cigna Corporation","NYSE","2573133","2685245","1168242","2.20",,
"2018-02-28","CL","Colgate Palmolive","NYSE","12187436","12001993","3182486","3.83",,
"2018-02-28","CMCSA","Comcast Corporation - Class A","NNM","60220919","67516822","30535813","1.97",,
"2018-02-28","CME","CME Group Inc. - Class A Commo","NNM","5386600","5791396","1327370","4.06",,
"2018-02-28","CMI","Cummins Inc","NYSE","3206065","3202973","1519421","2.11",,
"2018-02-28","COF","Capital One Financial","NYSE","4360089","4631029","1981870","2.20",,
"2018-02-28","COP","Conoco Phillips","NYSE","24342564","24489688","5494391","4.43",,
"2018-02-28","COST","Costco Wholesale Corporation C","NNM","7264187","7850278","1880458","3.86",,
"2018-02-28","CRM","Salesforce Com Inc","NYSE","13911311","14304550","5485024","2.54",,
"2018-02-28","CSCO","Cisco Systems, Inc. - Common S","NNM","56429763","53724419","28815287","1.96",,
"2018-02-28","CSX","CSX Corporation Common Stock","NNM","15355387","14889529","6643543","2.31",,
"2018-02-28","CTAS","Cintas Corporation - Common St","NNM","4049865","3671670","624954","6.48",,
"2018-02-28","CVNA","Carvana Co.","NYSE","8131457","8023362","329316","24.69",,
"2018-02-28","CVS","CVS Health Corporation","NYSE","42365929","41033986","8175682","5.18",,
"2018-02-28","CVX","Chevron Corporation","NYSE","21451507","22603914","6899624","3.11",,
"2018-02-28","D","Dominion Energy, Inc.","NYSE","17675708","18668035","3493099","5.06",,
"2018-02-28","DE","Deere & Company","NYSE","7972435","7452719","2988930","2.67",,
"2018-02-28","DHR","Danaher","NYSE","5150930","6116279","2297799","2.24",,
"2018-02-28","DIS","Walt Disney","NYSE","25889333","25975400","8233248","3.14",,
"2018-02-28","DLR","Digital Realty Trust","NYSE","7946301","6934111","1989273","3.99",,
"2018-02-28","DUK","Duke Energy Corp","NYSE","10471288","10486723","3832926","2.73",,
"2018-02-28","ECL","Ecolab","NYSE","7380051","7488261","1309428","5.64",,
"2018-02-28","EMR","Emerson Electric","NYSE","6867126","7673565","3710060","1.85",,
"2018-02-28","EOG","EOG Resources","NYSE","10455448","9126945","3937325","2.66",,
"2018-02-28","EPD","Enterprise Products Partners","NYSE","18459078","19610076","5067251","3.64",,
"2018-02-28","EQIX","Equinix, Inc. Common Stock REI","NNM","1147840","1332715","846096","1.36",,
"2018-02-28","FCX","Freeport-McMoRan Inc.","NYSE","34029832","37553989","15493858","2.20",,
"2018-02-28","FDX","Fedex","NYSE","3975716","3747061","1467648","2.71",,
"2018-02-28","FTNT","Fortinet, Inc. Common Stock","NNM","4685234","4082136","1332461","3.52",,
"2018-02-28","GD","General Dynamics","NYSE","3345650","3524142","1223840","2.73",,
"2018-02-28","GE","General Electric","NYSE","136357918","135219773","85346303","1.60",,
"2018-02-28","GILD","Gilead Sciences, Inc. - Common","NNM","19394953","22395137","7055606","2.75",,
"2018-02-28","GLW","Corning","NYSE","17713886","22074429","8637559","2.05",,
"2018-02-28","GM","General Motors Company","NYSE","32972144","32304388","11537022","2.86",,
"2018-02-28","GOOG","Alphabet Inc. Class C Capital","NNM","3533226","3470235","1551445","2.28",,
"2018-02-28","GOOGL","Alphabet Inc. Class A Common S","NNM","3690463","3777841","1822842","2.02",,
"2018-02-28","GS","Goldman Sachs Group","NYSE","5081677","4925048","2802629","1.81",,
"2018-02-28","GWW","W.W. Grainger, Inc.","NYSE","5670117","6026934","567308","9.99",,
"2018-02-28","HCA","HCA Healthcare, Inc.","NYSE","5862298","6025786","1953548","3.00",,
"2018-02-28","HD","Home Depot","NYSE","10276272","11383996","6215558","1.65",,
"2018-02-28","HLT","Hilton Worldwide Holdings Inc.","NYSE","4223075","5371537","2565447","1.65",,
"2018-02-28","HON","Honeywell International Inc","NYSE","8335688","8602181","3186240","2.62",,
"2018-02-28","HPE","Hewlett Packard Enterprise Com","NYSE","20292286","24386810","19348872","1.05",,
"2018-02-28","IBKR","Interactive Brokers Group, Inc","NNM","3625487","3324997","672178","5.39",,
"2018-02-28","IBM","Intl Business Machines","NYSE","16547443","17484333","3929109","4.21",,
"2018-02-28","ICE","Intercontinental Exchange, Inc","NYSE","4323137","4471514","2637751","1.64",,
"2018-02-28","INTC","Intel Corporation - Common Sto","NNM","98821379","103764436","27957892","3.53",,
"2018-02-28","INTU","Intuit Inc. - Common Stock","NNM","3179919","2771822","1992803","1.60",,
"2018-02-28","ISRG","Intuitive Surgical, Inc. - Com","NNM","1667880","1844000","601182","2.77",,
"2018-02-28","ITW","Illinois Tool Works","NYSE","4282456","4267074","1168704","3.66",,
"2018-02-28","JNJ","Johnson & Johnson","NYSE","16711741","17664958","6724954","2.49",,
"2018-02-28","JPM","JPMorgan Chase & Co.","NYSE","31380745","30453124","15241412","2.06",,
"2018-02-28","KKR","KKR & Company L.P.","NYSE","3499379","3755414","2805515","1.25",,
"2018-02-28","KLAC","KLA-Tencor Corporation - Commo","NNM","2797469","2986858","1435410","1.95",,
"2018-02-28","KMI","Kinder Morgan Inc","NYSE","61595125","63694432","12945224","4.76",,
"2018-02-28","KO","Coca-cola","NYSE","36419039","37011506","12775579","2.85",,
"2018-02-28","LLY","Eli Lilly & Company","NYSE","12050290","11026984","5202886","2.32",,
"2018-02-28","LMT","Lockheed Martin","NYSE","3110258","2700447","1179761","2.64",,
"2018-02-28","LOW","Lowes Companies","NYSE","7661154","9786297","9049362","1.00",,
"2018-02-28","LRCX","Lam Research Corporation - Com","NNM","10790202","10201988","2959544","3.65",,
"2018-02-28","MA","Mastercard Incorporated","NYSE","7231767","8620013","4338998","1.67",,
"2018-02-28","MAR","Marriot International Class A","NNM","8198001","8637640","2337013","3.51",,
"2018-02-28","MCD","Mcdonalds","NYSE","6795428","7201769","5553801","1.22",,
"2018-02-28","MCK","Mckesson Corporation","NYSE","8553261","7576616","1473155","5.81",,
"2018-02-28","MCO","Moodys Corp","NYSE","2303665","2587007","755528","3.05",,
"2018-02-28","MDLZ","Mondelez International, Inc. -","NNM","17851554","16727298","9390106","1.90",,
"2018-02-28","MDT","Medtronic plc","NYSE","11218168","11659196","6573745","1.71",,
"2018-02-28","MMM","3M Company","NYSE","8204775","9135855","2335848","3.51",,
"2018-02-28","MNST","Monster Beverage Corporation","NNM","6459298","5675896","2335137","2.77",,
"2018-02-28","MO","Altria Group","NYSE","16844320","14134977","6917882","2.43",,
"2018-02-28","MPC","Marathon Petroleum Corporation","NYSE","8251078","8183793","3910170","2.11",,
"2018-02-28","MPWR","Monolithic Power Systems, Inc.","NNM","1253270","1108573","300486","4.17",,
"2018-02-28","MRK","Merck & Company","NYSE","21570664","23808121","11063202","1.95",,
"2018-02-28","MRVL","Marvell Technology Group Ltd.","NNM","42118446","41752010","5836274","7.22",,
"2018-02-28","MS","Morgan Stanley","NYSE","12257677","12275399","8184011","1.50",,
"2018-02-28","MSFT","Microsoft Corporation - Common","NNM","55446509","59257860","28304117","1.96",,
"2018-02-28","MSI","Motorola Solutions Inc","NYSE","5900340","5584863","1151863","5.12",,
"2018-02-28","MU","Micron Technology, Inc. - Comm","NNM","62469320","62537876","40225653","1.55",,
"2018-02-28","NEE","Nextera Energy Inc","NYSE","6256183","5905707","1964092","3.19",,
"2018-02-28","NEM","Newmont Mining","NYSE","11134197","11662491","5369407","2.07",,
"2018-02-28","NFLX","Netflix, Inc. - Common Stock","NNM","21074916","21034408","8623111","2.44",,
"2018-02-28","NKE","Nike","NYSE","25420102","27705514","5898473","4.31",,
"2018-02-28","NOC","Northrop Grumman","NYSE","2033453","2417813","944229","2.15",,
"2018-02-28","NOW","ServiceNow, Inc.","NYSE","10211206","10652005","1616004","6.32",,
"2018-02-28","NSC","Norfolk Southern","NYSE","5209990","4893009","1603072","3.25",,
"2018-02-28","NVDA","NVIDIA Corporation - Common St","NNM","12038204","14674785","14418438","1.00",,
"2018-02-28","ORCL","Oracle Corporation","NYSE","39735750","43405615","12364753","3.21",,
"2018-02-28","ORLY","O'Reilly Automotive, Inc. - Co","NNM","3334093","3261669","948071","3.52",,
"2018-02-28","PANW","Palo Alto Networks, Inc.","NYSE","5228765","4758786","2716808","1.92",,
"2018-02-28","PCAR","PACCAR Inc. - Common Stock","NNM","11203645","9570471","2872251","3.90",,
"2018-02-28","PEP","PepsiCo, Inc. Common Stock","NNM","8767821","8621365","5056338","1.73",,
"2018-02-28","PFE","Pfizer","NYSE","61827751","64127631","23715494","2.61",,
"2018-02-28","PG","Procter & Gamble","NYSE","34337757","33680874","10299660","3.33",,
"2018-02-28","PGR","Progressive","NYSE","10372573","10241357","3587356","2.89",,
"2018-02-28","PH","Parker-Hannifin Corporation","NYSE","2331678","2742975","823315","2.83",,
"2018-02-28","PLD","Prologis Inc","NYSE","7684658","8176675","3175331","2.42",,
"2018-02-28","PM","Philip Morris International In","NYSE","10561109","10753228","4894796","2.16",,
"2018-02-28","PNC","PNC Financial Services Group I","NYSE","5907872","5956676","2045044","2.89",,
"2018-02-28","PSX","Phillips 66","NYSE","5527631","6410750","2884276","1.92",,
"2018-02-28","PWR","Quanta Services","NYSE","2791480","1889952","1935385","1.44",,
"2018-02-28","QCOM","QUALCOMM Incorporated - Common","NNM","18865487","20160303","15489316","1.22",,
"2018-02-28","RCL","Royal Caribbean Cruises","NYSE","4257761","4614004","1333625","3.19",,
"2018-02-28","REGN","Regeneron Pharmaceuticals, Inc","NNM","2370672","2224889","852977","2.78",,
"2018-02-28","ROST","Ross Stores, Inc. - Common Sto","NNM","7171670","7466592","2491971","2.88",,
"2018-02-28","RSG","Republic Services","NYSE","4164339","3672053","1990998","2.09",,
"2018-02-28","SBUX","Starbucks Corporation - Common","NNM","33239308","30183761","9761938","3.40",,
"2018-02-28","SCCO","Southern  Copper","NYSE","8905801","8222470","1340075","6.65",,
"2018-02-28","SCHW","The Charles Schwab Corporation","NYSE","18335476","16978722","6038438","3.04",,
"2018-02-28","SHW","The Sherwin-Williams Company","NYSE","1748847","2095888","614716","2.84",,
"2018-02-28","SNPS","Synopsys, Inc. - Common Stock","NNM","2600192","2470882","1510843","1.72",,
"2018-02-28","SO","Southern","NYSE","32091391","32292181","7318564","4.38",,
"2018-02-28","SPG","Simon Property Group","NYSE","13516623","13704037","1653718","8.17",,
"2018-02-28","SPGI","S&P Global Inc.","NYSE","2335389","2408037","1177144","1.98",,
"2018-02-28","SYK","Stryker","NYSE","6974449","8034461","1218868","5.72",,
"2018-02-28","T","At&t Inc","NYSE","174633290","182004960","21165417","8.25",,
"2018-02-28","TDG","Transdigm Group","NYSE","4792071","5399041","365617","13.11",,
"2018-02-28","TGT","Target","NYSE","42143314","44346601","6250873","6.74",,
"2018-02-28","TJX","Tjx Companies","NYSE","14655935","14716569","5293058","2.77",,
"2018-02-28","TMO","Thermo Fisher Scientific Inc","NYSE","3492511","3800315","1032458","3.38",,
"2018-02-28","TMUS","T-Mobile US, Inc. Common Stock","NNM","8029159","7682898","3920593","2.05",,
"2018-02-28","TRV","The Travelers Cos","NYSE","4979949","8608297","1710516","2.91",,
"2018-02-28","TSLA","Tesla, Inc. Common Stock","NNM","28706891","29383992","5108879","5.62",,
"2018-02-28","TXN","Texas Instruments Incorporated","NNM","14884331","14856968","5441073","2.74",,
"2018-02-28","UNH","United Healthcare","NYSE","8272549","8974608","3237876","2.55",,
"2018-02-28","UNP","Union Pacific","NYSE","21379596","19248528","4829118","4.43",,
"2018-02-28","UPS","United Parcel Service","NYSE","10730973","10870611","4508120","2.38",,
"2018-02-28","URI","United Rentals","NYSE","4031077","4654020","1294521","3.11",,
"2018-02-28","USB","Us Bancorp","NYSE","13072392","12655802","5757832","2.27",,
"2018-02-28","V","Visa Inc","NYSE","25275055","26162149","6324961","4.00",,
"2018-02-28","VLO","Valero Energy","NYSE","12721784","13205044","2620027","4.86",,
"2018-02-28","VRTX","Vertex Pharmaceuticals Incorpo","NNM","4105519","4043926","1501944","2.73",,
"2018-02-28","VZ","Verizon Communications","NYSE","46356655","36591989","21037714","2.20",,
"2018-02-28","WDC","Western Digital Corporation -","NNM","8280910","8672731","3142988","2.63",,
"2018-02-28","WELL","Welltower Inc.","NYSE","10691154","11126581","3151206","3.39",,
"2018-02-28","WFC","Wells Fargo & Company","NYSE","37520104","39777458","18448350","2.03",,
"2018-02-28","WM","Waste Management","NYSE","6454842","4749436","2639648","2.45",,
"2018-02-28","WMB","Williams Delaware","NYSE","16718170","16025697","5738348","2.91",,
"2018-02-28","WMT","Walmart Inc.","NYSE","38935872","34812249","24129000","1.61",,
"2018-02-28","XOM","Exxon Mobil","NYSE","33438063","36822795","14360187","2.33",,
"2018-01-31","AAPL","Apple Inc. - Common Stock","NNM","42078657","46689117","37364817","1.13",,
"2018-01-31","ABBV","AbbVie Inc.","NYSE","17467122","16207344","8588915","2.03",,
"2018-01-31","ABT","Abbott Laboratories","NYSE","13229656","9685399","8362357","1.58",,
"2018-01-31","ADBE","Adobe Systems Incorporated - C","NNM","4256113","4476811","2873172","1.48",,
"2018-01-31","ADI","Analog Devices, Inc. - Common","NNM","8605679","8512098","4001029","2.15",,
"2018-01-31","ADP","Automatic Data Processing, Inc","NNM","4417715","4590851","1856343","2.38",,
"2018-01-31","AEP","American Electric Power","NYSE","6835282","5741701","3939982","1.73",,
"2018-01-31","AFL","Aflac","NYSE","8292505","7445638","2692860","3.08",,
"2018-01-31","AJG","Arthur J Gallagher & Co","NYSE","2882796","3407948","1282206","2.25",,
"2018-01-31","ALL","Allstate","NYSE","6571829","6002809","2567857","2.56",,
"2018-01-31","AMAT","Applied Materials, Inc. - Comm","NNM","11880879","11819029","13347701","1.00",,
"2018-01-31","AMD","Advanced Micro Devices, Inc. C","SC","164589234","175829589","58349570","2.82",,
"2018-01-31","AMGN","Amgen Inc. - Common Stock","NNM","10148975","9665045","3636988","2.79",,
"2018-01-31","AMT","American Tower","NYSE","7114186","5807652","2812533","2.53",,
"2018-01-31","AMZN","Amazon.com, Inc. - Common Stoc","NNM","5184677","5894524","5404837","1.00",,
"2018-01-31","ANET","Arista Networks","NYSE","2643797","2801596","800358","3.30",,
"2018-01-31","AON","AON Corporation","NYSE","4320287","4000999","1248753","3.46",,
"2018-01-31","APD","Air Prod Chem","NYSE","2965031","2301244","1491878","1.99",,
"2018-01-31","APH","Amphenol","NYSE","4128041","4140655","1719053","2.40",,
"2018-01-31","APO","Apollo Global Management Llc","NYSE","1429400","3691401","954016","1.50",,
"2018-01-31","AVGO","Broadcom Limited Ordinary Shar","NNM","3937887","4082856","4374001","1.00",,
"2018-01-31","AXP","American Express","NYSE","11199356","11019492","4781160","2.34",,
"2018-01-31","BA","Boeing","NYSE","7187484","7534789","6997144","1.03",,
"2018-01-31","BAC","Bank Of America","NYSE","132074586","145095245","72012742","1.83",,
"2018-01-31","BLK","Blackrock","NYSE","1318663","1369336","786011","1.68",,
"2018-01-31","BMY","Bristol Myers Squibb","NYSE","12400875","10627468","7876769","1.57",,
"2018-01-31","BNY","Blackrock New York Muni Tr","NYSE","5930","4973","31668","1.00",,
"2018-01-31","BRKA","Berkshire Hathaway","NYSE","423","367","429","1.00",,
"2018-01-31","BRKB","Berkshire Hathaway Class B","NYSE","11894665","10578365","4311645","2.76",,
"2018-01-31","BSX","Boston Scientific","NYSE","15172861","14080874","7667650","1.98",,
"2018-01-31","BX","The Blackstone Group Lp","NYSE","8743919","13048332","5372809","1.63",,
"2018-01-31","C","Citigroup","NYSE","27657996","27346642","16317099","1.70",,
"2018-01-31","CAT","Caterpillar","NYSE","11418516","12622970","7714485","1.48",,
"2018-01-31","CCZ","Comcast Holdings Corporation","NYSE","70","0","40","1.75",,
"2018-01-31","CDNS","Cadence Design Systems, Inc. -","NNM","7256025","7915240","1967376","3.69",,
"2018-01-31","CI","Cigna Corporation","NYSE","2154085","3241709","1510920","1.43",,
"2018-01-31","CL","Colgate Palmolive","NYSE","11071700","9321244","5338402","2.07",,
"2018-01-31","CMCSA","Comcast Corporation - Class A","NNM","86194053","64404428","24808275","3.47",,
"2018-01-31","CME","CME Group Inc. - Class A Commo","NNM","4789557","4575838","1359353","3.52",,
"2018-01-31","CMI","Cummins Inc","NYSE","4104413","4616950","1294725","3.17",,
"2018-01-31","COF","Capital One Financial","NYSE","4561723","5551429","2664585","1.71",,
"2018-01-31","COP","Conoco Phillips","NYSE","23150880","24595225","5453531","4.25",,
"2018-01-31","COST","Costco Wholesale Corporation C","NNM","8094449","10470107","2524291","3.21",,
"2018-01-31","CRM","Salesforce Com Inc","NYSE","14601150","15286564","3896647","3.75",,
"2018-01-31","CSCO","Cisco Systems, Inc. - Common S","NNM","59932212","49416722","25604835","2.34",,
"2018-01-31","CSX","CSX Corporation Common Stock","NNM","13998120","16535237","7534933","1.86",,
"2018-01-31","CTAS","Cintas Corporation - Common St","NNM","4033961","3725956","556177","7.25",,
"2018-01-31","CVNA","Carvana Co.","NYSE","6506597","6898473","243812","26.69",,
"2018-01-31","CVS","CVS Health Corporation","NYSE","37941712","36835492","8468705","4.48",,
"2018-01-31","CVX","Chevron Corporation","NYSE","22358014","23407754","6388287","3.50",,
"2018-01-31","D","Dominion Energy, Inc.","NYSE","21430022","19411154","5670658","3.78",,
"2018-01-31","DE","Deere & Company","NYSE","7785102","9035683","1699748","4.58",,
"2018-01-31","DHR","Danaher","NYSE","6662400","7055334","2506228","2.66",,
"2018-01-31","DIS","Walt Disney","NYSE","24146343","24359563","7963807","3.03",,
"2018-01-31","DLR","Digital Realty Trust","NYSE","7014243","7460120","1629256","4.31",,
"2018-01-31","DUK","Duke Energy Corp","NYSE","11144765","8949616","4234628","2.63",,
"2018-01-31","ECL","Ecolab","NYSE","8046602","7437789","1380447","5.83",,
"2018-01-31","EMR","Emerson Electric","NYSE","6914179","7886164","3322425","2.08",,
"2018-01-31","EOG","EOG Resources","NYSE","10978460","9706434","2942402","3.73",,
"2018-01-31","EPD","Enterprise Products Partners","NYSE","20278302","23242479","5913860","3.43",,
"2018-01-31","EQIX","Equinix, Inc. Common Stock REI","NNM","1679509","1689836","769354","2.18",,
"2018-01-31","FCX","Freeport-McMoRan Inc.","NYSE","34906504","35403621","21385724","1.63",,
"2018-01-31","FDX","Fedex","NYSE","4615005","4816975","1539995","3.00",,
"2018-01-31","FTNT","Fortinet, Inc. Common Stock","NNM","3875687","5031568","1550270","2.50",,
"2018-01-31","GD","General Dynamics","NYSE","3463093","2173101","2046337","1.69",,
"2018-01-31","GE","General Electric","NYSE","142353656","141505035","134164573","1.06",,
"2018-01-31","GILD","Gilead Sciences, Inc. - Common","NNM","22494925","21804384","10340333","2.18",,
"2018-01-31","GLW","Corning","NYSE","26209938","28334498","7743065","3.38",,
"2018-01-31","GM","General Motors Company","NYSE","35247137","40566686","13692570","2.57",,
"2018-01-31","GOOG","Alphabet Inc. Class C Capital","NNM","3158270","3715799","1507938","2.09",,
"2018-01-31","GOOGL","Alphabet Inc. Class A Common S","NNM","3156426","2880049","1696770","1.86",,
"2018-01-31","GS","Goldman Sachs Group","NYSE","5251817","5436385","4701311","1.12",,
"2018-01-31","GWW","W.W. Grainger, Inc.","NYSE","6680276","6518679","1792809","3.73",,
"2018-01-31","HCA","HCA Healthcare, Inc.","NYSE","6997647","8235038","2848496","2.46",,
"2018-01-31","HD","Home Depot","NYSE","11964489","12477808","4524895","2.64",,
"2018-01-31","HLT","Hilton Worldwide Holdings Inc.","NYSE","4634481","5275413","1612335","2.87",,
"2018-01-31","HON","Honeywell International Inc","NYSE","8134809","9891425","3565341","2.28",,
"2018-01-31","HPE","Hewlett Packard Enterprise Com","NYSE","23950717","29969451","10448702","2.29",,
"2018-01-31","IBKR","Interactive Brokers Group, Inc","NNM","3256407","3355972","874973","3.72",,
"2018-01-31","IBM","Intl Business Machines","NYSE","18957848","16768309","8009224","2.37",,
"2018-01-31","ICE","Intercontinental Exchange, Inc","NYSE","4646315","4860111","2198343","2.11",,
"2018-01-31","INTC","Intel Corporation - Common Sto","NNM","104767258","106383723","37646073","2.78",,
"2018-01-31","INTU","Intuit Inc. - Common Stock","NNM","2530391","2787281","1060124","2.39",,
"2018-01-31","ISRG","Intuitive Surgical, Inc. - Com","NNM","2009556","2356633","980211","2.05",,
"2018-01-31","ITW","Illinois Tool Works","NYSE","3947465","3749094","1448602","2.73",,
"2018-01-31","JNJ","Johnson & Johnson","NYSE","17755444","17995938","9730594","1.82",,
"2018-01-31","JPM","JPMorgan Chase & Co.","NYSE","31226816","28788495","14849766","2.10",,
"2018-01-31","KKR","KKR & Company L.P.","NYSE","5708591","7664999","3085475","1.85",,
"2018-01-31","KLAC","KLA-Tencor Corporation - Commo","NNM","2594981","3082743","1482607","1.75",,
"2018-01-31","KMI","Kinder Morgan Inc","NYSE","63356199","53254730","19622578","3.23",,
"2018-01-31","KO","Coca-cola","NYSE","43399660","35456091","13100173","3.31",,
"2018-01-31","LLY","Eli Lilly & Company","NYSE","11574436","12646202","5848456","1.98",,
"2018-01-31","LMT","Lockheed Martin","NYSE","2571241","2627557","1616728","1.59",,
"2018-01-31","LOW","Lowes Companies","NYSE","9509673","10414526","6485315","1.47",,
"2018-01-31","LRCX","Lam Research Corporation - Com","NNM","10394168","11000764","4488697","2.32",,
"2018-01-31","MA","Mastercard Incorporated","NYSE","6616889","5227738","3461427","1.91",,
"2018-01-31","MAR","Marriot International Class A","NNM","10127118","11216917","2155353","4.70",,
"2018-01-31","MCD","Mcdonalds","NYSE","6595385","6245886","4366848","1.51",,
"2018-01-31","MCK","Mckesson Corporation","NYSE","7555544","7864986","1910766","3.95",,
"2018-01-31","MCO","Moodys Corp","NYSE","2785792","2426736","673011","4.14",,
"2018-01-31","MDLZ","Mondelez International, Inc. -","NNM","14164515","10161101","8504377","1.67",,
"2018-01-31","MDT","Medtronic plc","NYSE","11044505","8810617","5233160","2.11",,
"2018-01-31","MMM","3M Company","NYSE","9355514","8629001","2602095","3.60",,
"2018-01-31","MNST","Monster Beverage Corporation","NNM","5825906","5430452","2495474","2.33",,
"2018-01-31","MO","Altria Group","NYSE","14837081","12602124","7694573","1.93",,
"2018-01-31","MPC","Marathon Petroleum Corporation","NYSE","7135293","8796010","4034928","1.77",,
"2018-01-31","MPWR","Monolithic Power Systems, Inc.","NNM","796937","900064","331713","2.40",,
"2018-01-31","MRK","Merck & Company","NYSE","23489265","24094504","16300222","1.44",,
"2018-01-31","MRVL","Marvell Technology Group Ltd.","NNM","32106421","33437053","7995257","4.02",,
"2018-01-31","MS","Morgan Stanley","NYSE","11841885","12554892","10553309","1.12",,
"2018-01-31","MSFT","Microsoft Corporation - Common","NNM","49564890","41062227","31519927","1.57",,
"2018-01-31","MSI","Motorola Solutions Inc","NYSE","5960063","6060496","960774","6.20",,
"2018-01-31","MU","Micron Technology, Inc. - Comm","NNM","58589998","65837117","36210268","1.62",,"R"
"2018-01-31","NEE","Nextera Energy Inc","NYSE","6504679","5825772","2393000","2.72",,
"2018-01-31","NEM","Newmont Mining","NYSE","10136970","8601418","4917481","2.06",,
"2018-01-31","NFLX","Netflix, Inc. - Common Stock","NNM","23547077","21827296","14370506","1.64",,
"2018-01-31","NKE","Nike","NYSE","25182071","28742957","7655862","3.29",,
"2018-01-31","NOC","Northrop Grumman","NYSE","1842193","1605417","982809","1.87",,
"2018-01-31","NOW","ServiceNow, Inc.","NYSE","10093906","11950029","1864383","5.41",,
"2018-01-31","NSC","Norfolk Southern","NYSE","4343908","4005237","2155580","2.02",,
"2018-01-31","NVDA","NVIDIA Corporation - Common St","NNM","15324150","17391212","13117566","1.17",,
"2018-01-31","ORCL","Oracle Corporation","NYSE","40291071","33913735","16197680","2.49",,
"2018-01-31","ORLY","O'Reilly Automotive, Inc. - Co","NNM","2933815","3156820","835324","3.51",,
"2018-01-31","PANW","Palo Alto Networks, Inc.","NYSE","5505547","5021665","1258755","4.37",,
"2018-01-31","PCAR","PACCAR Inc. - Common Stock","NNM","9334290","8909840","2575321","3.62",,
"2018-01-31","PEP","PepsiCo, Inc. Common Stock","NNM","8575743","7554969","4377482","1.96",,
"2018-01-31","PFE","Pfizer","NYSE","56963145","52176014","28232327","2.02",,
"2018-01-31","PG","Procter & Gamble","NYSE","34225564","31964443","11112085","3.08",,
"2018-01-31","PGR","Progressive","NYSE","9071493","6941861","4841086","1.87",,
"2018-01-31","PH","Parker-Hannifin Corporation","NYSE","2272807","2918504","973275","2.34",,
"2018-01-31","PLD","Prologis Inc","NYSE","7059188","5614583","2791245","2.53",,
"2018-01-31","PM","Philip Morris International In","NYSE","9639865","8644448","5304252","1.82",,
"2018-01-31","PNC","PNC Financial Services Group I","NYSE","5363039","5054715","2233916","2.40",,
"2018-01-31","PSX","Phillips 66","NYSE","7386981","6623142","2112262","3.50",,
"2018-01-31","PWR","Quanta Services","NYSE","2001325","2684085","1240825","1.61",,
"2018-01-31","QCOM","QUALCOMM Incorporated - Common","NNM","18253106","17301597","10846688","1.68",,
"2018-01-31","RCL","Royal Caribbean Cruises","NYSE","4601566","4613506","1839406","2.50",,
"2018-01-31","REGN","Regeneron Pharmaceuticals, Inc","NNM","1939648","2146326","847141","2.29",,
"2018-01-31","ROST","Ross Stores, Inc. - Common Sto","NNM","8471992","9685280","2146017","3.95",,
"2018-01-31","RSG","Republic Services","NYSE","3966415","4046245","1017569","3.90",,
"2018-01-31","SBUX","Starbucks Corporation - Common","NNM","26697741","32702722","15267369","1.75",,
"2018-01-31","SCCO","Southern  Copper","NYSE","8307152","8326918","837509","9.92",,
"2018-01-31","SCHW","The Charles Schwab Corporation","NYSE","20372625","25070835","7663001","2.66",,
"2018-01-31","SHW","The Sherwin-Williams Company","NYSE","1621328","1327588","794711","2.04",,
"2018-01-31","SNPS","Synopsys, Inc. - Common Stock","NNM","2728467","2940569","811569","3.36",,
"2018-01-31","SO","Southern","NYSE","27843082","29095013","8853454","3.14",,
"2018-01-31","SPG","Simon Property Group","NYSE","13136893","13633540","1954498","6.72",,
"2018-01-31","SPGI","S&P Global Inc.","NYSE","1888748","1887197","991088","1.91",,
"2018-01-31","SYK","Stryker","NYSE","6202703","6742510","1493088","4.15",,
"2018-01-31","T","At&t Inc","NYSE","183053095","193846577","28568092","6.41",,
"2018-01-31","TDG","Transdigm Group","NYSE","5702505","5804959","392097","14.54",,
"2018-01-31","TGT","Target","NYSE","43445381","47008366","6886542","6.31",,
"2018-01-31","TJX","Tjx Companies","NYSE","15750553","15599194","3936622","4.00",,
"2018-01-31","TMO","Thermo Fisher Scientific Inc","NYSE","4296116","4698747","1629888","2.64",,
"2018-01-31","TMUS","T-Mobile US, Inc. Common Stock","NNM","8221858","8546447","3014369","2.73",,
"2018-01-31","TRV","The Travelers Cos","NYSE","7632346","5334395","2348023","3.25",,
"2018-01-31","TSLA","Tesla, Inc. Common Stock","NNM","29805706","30684061","5674515","5.25",,
"2018-01-31","TXN","Texas Instruments Incorporated","NNM","17010109","15690639","8470736","2.01",,
"2018-01-31","UNH","United Healthcare","NYSE","8177668","7312928","4742011","1.72",,
"2018-01-31","UNP","Union Pacific","NYSE","12114056","13705276","5734809","2.11",,
"2018-01-31","UPS","United Parcel Service","NYSE","10614702","12439273","3474334","3.06",,
"2018-01-31","URI","United Rentals","NYSE","3822543","4632861","1504544","2.54",,
"2018-01-31","USB","Us Bancorp","NYSE","17109742","16758426","7333538","2.33",,
"2018-01-31","V","Visa Inc","NYSE","24728271","26879394","7474363","3.31",,
"2018-01-31","VLO","Valero Energy","NYSE","16233764","15979825","2985821","5.44",,
"2018-01-31","VRTX","Vertex Pharmaceuticals Incorpo","NNM","3824558","4270617","1899092","2.01",,
"2018-01-31","VZ","Verizon Communications","NYSE","36648806","31492809","20275338","1.81",,
"2018-01-31","WDC","Western Digital Corporation -","NNM","9565690","13185391","5391236","1.77",,
"2018-01-31","WFC","Wells Fargo & Company","NYSE","35707241","36201982","17018809","2.10",,"R"
"2018-01-31","WM","Waste Management","NYSE","5545342","6330963","1573127","3.53",,
"2018-01-31","WMB","Williams Delaware","NYSE","18867324","20380813","5469748","3.45",,
"2018-01-31","WMT","Wal-mart Stores","NYSE","33120312","32971087","8245853","4.02",,
"2018-01-31","XOM","Exxon Mobil","NYSE","34796582","36698599","11043787","3.15",,
"2018-01-12","AAPL","Apple Inc. - Common Stock","NNM","46689117","45746430","23486064","1.99",,
"2018-01-12","ABBV","AbbVie Inc.","NYSE","16207344","15098374","4478026","3.62",,
"2018-01-12","ABT","Abbott Laboratories","NYSE","9685399","9790994","6184133","1.57",,
"2018-01-12","ADBE","Adobe Systems Incorporated - C","NNM","4476811","3678787","2331656","1.92",,
"2018-01-12","ADI","Analog Devices, Inc. - Common","NNM","8512098","7985485","2274827","3.74",,
"2018-01-12","ADP","Automatic Data Processing, Inc","NNM","4590851","4032168","1833624","2.50",,
"2018-01-12","AEP","American Electric Power","NYSE","5741701","6725405","3896817","1.47",,
"2018-01-12","AFL","Aflac","NYSE","7445638","6487984","2989731","2.49",,
"2018-01-12","AJG","Arthur J Gallagher & Co","NYSE","3407948","3221035","846174","4.03",,
"2018-01-12","ALL","Allstate","NYSE","6002809","6553756","2278183","2.63",,
"2018-01-12","AMAT","Applied Materials, Inc. - Comm","NNM","11819029","10945191","11290004","1.05",,
"2018-01-12","AMD","Advanced Micro Devices, Inc. C","SC","175829589","167462528","70619501","2.49",,
"2018-01-12","AMGN","Amgen Inc. - Common Stock","NNM","9665045","8992900","2528984","3.82",,
"2018-01-12","AMT","American Tower","NYSE","5807652","5471987","2304035","2.52",,
"2018-01-12","AMZN","Amazon.com, Inc. - Common Stoc","NNM","5894524","5047072","3507383","1.68",,
"2018-01-12","ANET","Arista Networks","NYSE","2801596","2941671","824005","3.40",,
"2018-01-12","AON","AON Corporation","NYSE","4000999","3806839","1078905","3.71",,
"2018-01-12","APD","Air Prod Chem","NYSE","2301244","1892903","823130","2.80",,
"2018-01-12","APH","Amphenol","NYSE","4140655","3906668","1137025","3.64",,
"2018-01-12","APO","Apollo Global Management Llc","NYSE","3691401","3639373","724868","5.09",,
"2018-01-12","AVGO","Broadcom Limited Ordinary Shar","NNM","4082856","3856129","2535672","1.61",,"R"
"2018-01-12","AXP","American Express","NYSE","11019492","10985149","2725180","4.04",,
"2018-01-12","BA","Boeing","NYSE","7534789","6719155","4664404","1.62",,
"2018-01-12","BAC","Bank Of America","NYSE","145095245","140149007","61062397","2.38",,"R"
"2018-01-12","BLK","Blackrock","NYSE","1369336","1446361","572155","2.39",,
"2018-01-12","BMY","Bristol Myers Squibb","NYSE","10627468","7943598","5935589","1.79",,
"2018-01-12","BNY","Blackrock New York Muni Tr","NYSE","4973","10516","32757","1.00",,"R"
"2018-01-12","BRKA","Berkshire Hathaway","NYSE","367","356","412","1.00",,
"2018-01-12","BRKB","Berkshire Hathaway Class B","NYSE","10578365","9210097","3898791","2.71",,
"2018-01-12","BSX","Boston Scientific","NYSE","14080874","10424028","11921043","1.18",,
"2018-01-12","BX","The Blackstone Group Lp","NYSE","13048332","22683983","6206961","2.10",,
"2018-01-12","C","Citigroup","NYSE","27346642","27646259","15275902","1.79",,
"2018-01-12","CAT","Caterpillar","NYSE","12622970","11365941","4702582","2.68",,
"2018-01-12","CDNS","Cadence Design Systems, Inc. -","NNM","7915240","7392874","1879792","4.21",,
"2018-01-12","CI","Cigna Corporation","NYSE","3241709","3025003","1110571","2.92",,
"2018-01-12","CL","Colgate Palmolive","NYSE","9321244","8594662","2745470","3.40",,
"2018-01-12","CMCSA","Comcast Corporation - Class A","NNM","64404428","64045373","20291030","3.17",,
"2018-01-12","CME","CME Group Inc. - Class A Commo","NNM","4575838","4225725","1148823","3.98",,
"2018-01-12","CMI","Cummins Inc","NYSE","4616950","4735497","1242387","3.72",,
"2018-01-12","COF","Capital One Financial","NYSE","5551429","5154348","2135457","2.60",,
"2018-01-12","COP","Conoco Phillips","NYSE","24595225","22963598","5057154","4.86",,
"2018-01-12","COST","Costco Wholesale Corporation C","NNM","10470107","9733639","3024217","3.46",,
"2018-01-12","CRM","Salesforce Com Inc","NYSE","15286564","15144313","3914811","3.90",,
"2018-01-12","CSCO","Cisco Systems, Inc. - Common S","NNM","49416722","47659795","22083265","2.24",,
"2018-01-12","CSX","CSX Corporation Common Stock","NNM","16535237","14751121","6059175","2.73",,
"2018-01-12","CTAS","Cintas Corporation - Common St","NNM","3725956","3681387","516382","7.22",,
"2018-01-12","CVNA","Carvana Co.","NYSE","6898473","7725196","395690","17.43",,
"2018-01-12","CVS","CVS Health Corporation","NYSE","36835492","32959903","9051954","4.07",,
"2018-01-12","CVX","Chevron Corporation","NYSE","23407754","21860460","5959395","3.93",,
"2018-01-12","D","Dominion Energy, Inc.","NYSE","19411154","14845955","5620623","3.45",,
"2018-01-12","DE","Deere & Company","NYSE","9035683","9062733","2601943","3.47",,
"2018-01-12","DHR","Danaher","NYSE","7055334","5672698","2517473","2.80",,
"2018-01-12","DIS","Walt Disney","NYSE","24359563","21073177","7328372","3.32",,
"2018-01-12","DLR","Digital Realty Trust","NYSE","7460120","6683829","1364181","5.47",,
"2018-01-12","DUK","Duke Energy Corp","NYSE","8949616","8088569","3225388","2.77",,
"2018-01-12","ECL","Ecolab","NYSE","7437789","7107793","1019612","7.29",,
"2018-01-12","EMR","Emerson Electric","NYSE","7886164","6793797","2983626","2.64",,
"2018-01-12","EOG","EOG Resources","NYSE","9706434","8645066","2644193","3.67",,
"2018-01-12","EPD","Enterprise Products Partners","NYSE","23242479","21900404","5409039","4.30",,
"2018-01-12","EQIX","Equinix, Inc. Common Stock REI","NNM","1689836","1729701","569894","2.97",,
"2018-01-12","FCX","Freeport-McMoRan Inc.","NYSE","35403621","31119958","20812136","1.70",,
"2018-01-12","FDX","Fedex","NYSE","4816975","3841579","2035428","2.37",,
"2018-01-12","FTNT","Fortinet, Inc. Common Stock","NNM","5031568","4649147","1472206","3.42",,
"2018-01-12","GD","General Dynamics","NYSE","2173101","2084606","1434188","1.52",,
"2018-01-12","GE","General Electric","NYSE","141505035","112836951","82122128","1.72",,
"2018-01-12","GILD","Gilead Sciences, Inc. - Common","NNM","21804384","17982136","8065879","2.70",,"R"
"2018-01-12","GLW","Corning","NYSE","28334498","26416142","5369135","5.28",,
"2018-01-12","GM","General Motors Company","NYSE","40566686","37356464","12641971","3.21",,
"2018-01-12","GOOG","Alphabet Inc. Class C Capital","NNM","3715799","3747634","1182581","3.14",,
"2018-01-12","GOOGL","Alphabet Inc. Class A Common S","NNM","2880049","2717566","1403281","2.05",,
"2018-01-12","GS","Goldman Sachs Group","NYSE","5436385","4934958","2689007","2.02",,"R"
"2018-01-12","GWW","W.W. Grainger, Inc.","NYSE","6518679","6934244","825024","7.90",,
"2018-01-12","HCA","HCA Healthcare, Inc.","NYSE","8235038","8398068","2087995","3.94",,
"2018-01-12","HD","Home Depot","NYSE","12477808","11879634","4197251","2.97",,
"2018-01-12","HLT","Hilton Worldwide Holdings Inc.","NYSE","5275413","4296150","2032084","2.60",,
"2018-01-12","HON","Honeywell International Inc","NYSE","9891425","9405551","3282675","3.01",,
"2018-01-12","HPE","Hewlett Packard Enterprise Com","NYSE","29969451","26285591","11155671","2.69",,
"2018-01-12","IBKR","Interactive Brokers Group, Inc","NNM","3355972","3656751","835373","4.02",,
"2018-01-12","IBM","Intl Business Machines","NYSE","16768309","14165236","5441762","3.08",,
"2018-01-12","ICE","Intercontinental Exchange, Inc","NYSE","4860111","4395761","2602830","1.87",,"R"
"2018-01-12","INTC","Intel Corporation - Common Sto","NNM","106383723","116407121","51151601","2.08",,
"2018-01-12","INTU","Intuit Inc. - Common Stock","NNM","2787281","2380775","1164784","2.39",,
"2018-01-12","ISRG","Intuitive Surgical, Inc. - Com","NNM","2356633","2383631","1095514","2.15",,
"2018-01-12","ITW","Illinois Tool Works","NYSE","3749094","3123551","1320335","2.84",,
"2018-01-12","JNJ","Johnson & Johnson","NYSE","17995938","16159731","6020796","2.99",,
"2018-01-12","JPM","JPMorgan Chase & Co.","NYSE","28788495","27572737","14082534","2.04",,
"2018-01-12","KKR","KKR & Company L.P.","NYSE","7664999","7269175","2809528","2.73",,
"2018-01-12","KLAC","KLA-Tencor Corporation - Commo","NNM","3082743","2779276","1432134","2.15",,
"2018-01-12","KMI","Kinder Morgan Inc","NYSE","53254730","46662678","13685428","3.89",,
"2018-01-12","KO","Coca-cola","NYSE","35456091","30667056","11023924","3.22",,
"2018-01-12","LLY","Eli Lilly & Company","NYSE","12646202","12182388","2741400","4.61",,
"2018-01-12","LMT","Lockheed Martin","NYSE","2627557","2430042","1200255","2.19",,"R"
"2018-01-12","LOW","Lowes Companies","NYSE","10414526","9602883","5634845","1.85",,
"2018-01-12","LRCX","Lam Research Corporation - Com","NNM","11000764","11464129","2599312","4.23",,
"2018-01-12","MA","Mastercard Incorporated","NYSE","5227738","6336131","2986116","1.75",,
"2018-01-12","MAR","Marriot International Class A","NNM","11216917","11521432","2417154","4.64",,"R"
"2018-01-12","MCD","Mcdonalds","NYSE","6245886","6021720","2985376","2.09",,
"2018-01-12","MCK","Mckesson Corporation","NYSE","7864986","6594530","1495173","5.26",,"R"
"2018-01-12","MCO","Moodys Corp","NYSE","2426736","2363800","726665","3.34",,
"2018-01-12","MDLZ","Mondelez International, Inc. -","NNM","10161101","10789768","7647413","1.33",,
"2018-01-12","MDT","Medtronic plc","NYSE","8810617","7968520","5538221","1.59",,
"2018-01-12","MMM","3M Company","NYSE","8629001","7374244","1985625","4.35",,
"2018-01-12","MNST","Monster Beverage Corporation","NNM","5430452","5804580","2271077","2.39",,
"2018-01-12","MO","Altria Group","NYSE","12602124","14156847","6494239","1.94",,
"2018-01-12","MPC","Marathon Petroleum Corporation","NYSE","8796010","7487312","3178216","2.77",,
"2018-01-12","MPWR","Monolithic Power Systems, Inc.","NNM","900064","752400","208687","4.31",,
"2018-01-12","MRK","Merck & Company","NYSE","24094504","21713592","10604166","2.27",,
"2018-01-12","MRVL","Marvell Technology Group Ltd.","NNM","33437053","29592211","8649418","3.87",,
"2018-01-12","MS","Morgan Stanley","NYSE","12554892","11082242","7821755","1.61",,
"2018-01-12","MSFT","Microsoft Corporation - Common","NNM","41062227","39929844","21802351","1.88",,
"2018-01-12","MSI","Motorola Solutions Inc","NYSE","6060496","6390984","1014834","5.97",,
"2018-01-12","MU","Micron Technology, Inc. - Comm","NNM","65837120","57249397","44055961","1.49",,
"2018-01-12","NEE","Nextera Energy Inc","NYSE","5825772","5677030","2068175","2.82",,
"2018-01-12","NEM","Newmont Mining","NYSE","8601418","6461965","4283198","2.01",,"R"
"2018-01-12","NFLX","Netflix, Inc. - Common Stock","NNM","21827296","21904173","7348753","2.97",,
"2018-01-12","NKE","Nike","NYSE","28742957","31097794","7326866","3.92",,
"2018-01-12","NOC","Northrop Grumman","NYSE","1605417","1462230","691923","2.32",,
"2018-01-12","NOW","ServiceNow, Inc.","NYSE","11950029","11126252","1407877","8.49",,
"2018-01-12","NSC","Norfolk Southern","NYSE","4005237","3646298","1419556","2.82",,
"2018-01-12","NVDA","NVIDIA Corporation - Common St","NNM","17391212","16200169","14335153","1.21",,
"2018-01-12","ORCL","Oracle Corporation","NYSE","33913735","29545748","17136420","1.98",,
"2018-01-12","ORLY","O'Reilly Automotive, Inc. - Co","NNM","3156820","3367866","917019","3.44",,
"2018-01-12","PANW","Palo Alto Networks, Inc.","NYSE","5021665","4750452","1066634","4.71",,
"2018-01-12","PCAR","PACCAR Inc. - Common Stock","NNM","8909840","9353574","2423859","3.68",,
"2018-01-12","PEP","PepsiCo, Inc. Common Stock","NNM","7554969","7506662","3993329","1.89",,
"2018-01-12","PFE","Pfizer","NYSE","52176014","49905703","15643754","3.34",,
"2018-01-12","PG","Procter & Gamble","NYSE","31964443","33043329","6370095","5.02",,
"2018-01-12","PGR","Progressive","NYSE","6941861","8458593","2962219","2.34",,
"2018-01-12","PH","Parker-Hannifin Corporation","NYSE","2918504","2265566","850370","3.43",,
"2018-01-12","PLD","Prologis Inc","NYSE","5614583","6464223","2241312","2.51",,"R"
"2018-01-12","PM","Philip Morris International In","NYSE","8644448","8175293","4410934","1.96",,
"2018-01-12","PNC","PNC Financial Services Group I","NYSE","5054715","5268325","2584026","1.96",,
"2018-01-12","PSX","Phillips 66","NYSE","6623142","5767862","1377408","4.81",,
"2018-01-12","PWR","Quanta Services","NYSE","2684085","2662040","1326590","2.02",,
"2018-01-12","QCOM","QUALCOMM Incorporated - Common","NNM","17301597","17708502","5707153","3.03",,
"2018-01-12","RCL","Royal Caribbean Cruises","NYSE","4613506","4230176","1329545","3.47",,
"2018-01-12","REGN","Regeneron Pharmaceuticals, Inc","NNM","2146326","1848102","782741","2.74",,
"2018-01-12","ROST","Ross Stores, Inc. - Common Sto","NNM","9685280","8765544","2487444","3.89",,"R"
"2018-01-12","RSG","Republic Services","NYSE","4046245","3880624","1321343","3.06",,
"2018-01-12","SBUX","Starbucks Corporation - Common","NNM","32702722","30547761","6618932","4.94",,
"2018-01-12","SCCO","Southern  Copper","NYSE","8326918","8031307","812866","10.24",,
"2018-01-12","SCHW","The Charles Schwab Corporation","NYSE","25070835","20591101","6350450","3.95",,
"2018-01-12","SHW","The Sherwin-Williams Company","NYSE","1327588","964570","491167","2.70",,
"2018-01-12","SNPS","Synopsys, Inc. - Common Stock","NNM","2940569","3015710","846007","3.48",,
"2018-01-12","SO","Southern","NYSE","29095013","28105080","6802190","4.28",,
"2018-01-12","SPG","Simon Property Group","NYSE","13633540","13696534","1694084","8.05",,
"2018-01-12","SPGI","S&P Global Inc.","NYSE","1887197","1612875","820241","2.30",,
"2018-01-12","SYK","Stryker","NYSE","6742510","5882688","1207327","5.58",,
"2018-01-12","T","At&t Inc","NYSE","193846577","185097279","32198303","6.02",,
"2018-01-12","TDG","Transdigm Group","NYSE","5804959","5969710","464581","12.50",,
"2018-01-12","TGT","Target","NYSE","47008366","42518111","10195086","4.61",,
"2018-01-12","TJX","Tjx Companies","NYSE","15599194","15204490","3756049","4.15",,
"2018-01-12","TMO","Thermo Fisher Scientific Inc","NYSE","4698747","4991142","1542612","3.05",,
"2018-01-12","TMUS","T-Mobile US, Inc. Common Stock","NNM","8546447","8131429","3259203","2.62",,"R"
"2018-01-12","TRV","The Travelers Cos","NYSE","5334395","5260222","1525425","3.50",,"R"
"2018-01-12","TSLA","Tesla, Inc. Common Stock","NNM","30684061","30434366","6245967","4.91",,
"2018-01-12","TXN","Texas Instruments Incorporated","NNM","15690639","13508190","5043045","3.11",,
"2018-01-12","UNH","United Healthcare","NYSE","7312928","5795324","2822934","2.59",,
"2018-01-12","UNP","Union Pacific","NYSE","13705276","13155155","5162961","2.65",,"R"
"2018-01-12","UPS","United Parcel Service","NYSE","12439273","8240502","4203804","2.96",,
"2018-01-12","URI","United Rentals","NYSE","4632861","4519920","1132119","4.09",,
"2018-01-12","USB","Us Bancorp","NYSE","16758426","14859270","6297360","2.66",,
"2018-01-12","V","Visa Inc","NYSE","26879394","26750520","6856021","3.92",,
"2018-01-12","VLO","Valero Energy","NYSE","15979825","15247755","2990480","5.34",,
"2018-01-12","VRTX","Vertex Pharmaceuticals Incorpo","NNM","4270617","4514506","1550941","2.75",,
"2018-01-12","VZ","Verizon Communications","NYSE","31492809","33222973","14982801","2.10",,
"2018-01-12","WDC","Western Digital Corporation -","NNM","13185391","10701344","3943101","3.34",,
"2018-01-12","WFC","Wells Fargo & Company","NYSE","36201182","33994025","17598433","2.06",,
"2018-01-12","WM","Waste Management","NYSE","6330963","5805042","1732897","3.65",,
"2018-01-12","WMB","Williams Delaware","NYSE","20380813","16233096","5654991","3.60",,
"2018-01-12","WMT","Wal-mart Stores","NYSE","32971087","27894975","7860484","4.19",,
"2018-01-12","XOM","Exxon Mobil","NYSE","36698599","33658118","11268798","3.26",,
"2018-06-29","AAPL","Apple Inc. Common Stock","NNM","38080068","45270714","24684978","1.54",,
"2018-06-29","ABBV","ABBVIE INC.","NYSE","33269884","38435690","6477918","5.14",,
"2018-06-29","ABT","Abbott Laboratories","NYSE","11738624","13116940","5018863","2.34",,
"2018-06-29","ADBE","Adobe Systems Incorporated Com","NNM","4359599","4741494","3366190","1.30",,
"2018-06-29","ADI","Analog Devices, Inc. Common St","NNM","7715860","7334966","2983949","2.59",,
"2018-06-29","ADP","Automatic Data Processing, Inc","NNM","4083675","4633401","2204699","1.85",,
"2018-06-29","AEP","American Electric Power Compan","NYSE","7729357","7510744","3513745","2.20",,
"2018-06-29","AFL","Aflac Inc.","NYSE","13052297","14993336","3063417","4.26",,
"2018-06-29","AJG","Arthur J. Gallagher & Co.","NYSE","1984615","1894722","1258526","1.58",,
"2018-06-29","ALL","The Allstate Corporation","NYSE","5356986","6150274","2122667","2.52",,
"2018-06-29","AMAT","Applied Materials, Inc. Common","NNM","16353061","18299338","13632714","1.20",,
"2018-06-29","AMD","Advanced Micro Devices, Inc. C","SC","164306715","172021919","72135363","2.28",,
"2018-06-29","AMGN","Amgen Inc. Common Stock","NNM","9583182","10614881","3264608","2.94",,
"2018-06-29","AMT","American Tower Corporation","NYSE","6043413","5480234","2240327","2.70",,
"2018-06-29","AMZN","Amazon.com, Inc. Common Stock","NNM","4275576","5050742","4665027","1.00",,
"2018-06-29","ANET","Arista Networks","NYSE","2909282","3154792","840323","3.46",,
"2018-06-29","AON","Aon plc Class A","NYSE","1829456","2112370","969493","1.89",,
"2018-06-29","APD","Air Products & Chemicals, Inc.","NYSE","1765748","2062878","1146120","1.54",,
"2018-06-29","APH","Amphenol Corporation","NYSE","4064976","4986916","1274724","3.19",,
"2018-06-29","APO","Apollo Global Management, LLC","NYSE","5737667","4069876","590728","9.71",,
"2018-06-29","AVGO","Broadcom Inc. Common Stock","NNM","6704671","6999556","3165822","2.12",,
"2018-06-29","AXP","American Express Company","NYSE","6556842","6260160","4836738","1.36",,
"2018-06-29","BA","Boeing Company","NYSE","4806863","6153592","4130725","1.16",,
"2018-06-29","BAC","Bank of America Corporation","NYSE","111831020","112248681","68151897","1.64",,
"2018-06-29","BKNG","Booking Holdings Inc. Common S","NNM","1270722","1239450","365310","3.48",,
"2018-06-29","BLK","Blackrock, Inc.","NYSE","1191546","1379285","567681","2.10",,
"2018-06-29","BMY","Bristol-Myers Squibb Co.","NYSE","14694613","14504348","8078032","1.82",,
"2018-06-29","BNY","BlackRock New York Municipal I","NYSE","4038","289","24891","1.00",,
"2018-06-29","BRKA","Berkshire Hathaway Inc.","NYSE","1356","559","421","3.22",,
"2018-06-29","BRKB","BERKSHIRE HATHAWAY Class B","NYSE","9966925","10194547","4926066","2.02",,
"2018-06-29","BSX","Boston Scientific Corp.","NYSE","11237768","11140076","6372754","1.76",,
"2018-06-29","BX","The Blackstone Group L.P","NYSE","7149330","9958083","4026628","1.78",,
"2018-06-29","C","Citigroup Inc.","NYSE","17425532","18491594","18919687","1.00",,
"2018-06-29","CAT","Caterpillar Inc.","NYSE","7534024","8489052","5007488","1.50",,
"2018-06-29","CCZ","Comcast Holdings Corp. 2.0% Ex","NYSE","1240","105","1762","1.00",,
"2018-06-29","CDNS","Cadence Design Systems, Inc. C","NNM","5653435","6007918","1897496","2.98",,
"2018-06-29","CI","CIGNA Corporation","NYSE","5747796","5291349","2093256","2.75",,
"2018-06-29","CL","Colgate-Palmolive Company","NYSE","16174274","13714593","4581076","3.53",,
"2018-06-29","CMCSA","Comcast Corporation Class A Co","NNM","57472123","68928394","40608295","1.42",,
"2018-06-29","CME","CME Group Inc. Class A Common","NNM","6901438","7629038","1486647","4.64",,"R"
"2018-06-29","CMI","Cummins Inc.","NYSE","3034536","3595267","1413968","2.15",,
"2018-06-29","COF","Capital One Financial","NYSE","4711972","4325344","2026894","2.32",,
"2018-06-29","COP","ConocoPhillips","NYSE","16059151","17339548","6667547","2.41",,
"2018-06-29","COST","Costco Wholesale Corporation C","NNM","6478243","7182883","1985765","3.26",,
"2018-06-29","CRM","salesforce.com, inc.","NYSE","13534370","18609251","5828509","2.32",,
"2018-06-29","CSCO","Cisco Systems, Inc. Common Sto","NNM","40144702","51399602","22244836","1.80",,
"2018-06-29","CSX","CSX Corporation Common Stock","NNM","10434347","12951845","4978679","2.10",,
"2018-06-29","CTAS","Cintas Corporation Common Stoc","NNM","3532053","3536793","395605","8.93",,
"2018-06-29","CVNA","Carvana Co.","NYSE","10742811","10683955","1249465","8.60",,
"2018-06-29","CVS","CVS HEALTH CORPORATION","NYSE","43844028","43662443","9965640","4.40",,
"2018-06-29","CVX","Chevron Corporation","NYSE","19456346","21255894","6405556","3.04",,
"2018-06-29","D","Dominion Energy, Inc Common St","NYSE","21838548","32362490","4155523","5.26",,
"2018-06-29","DE","Deere & Company","NYSE","6900673","7851792","2596112","2.66",,
"2018-06-29","DHR","Danaher Corporation","NYSE","4260431","5469046","2480799","1.72",,
"2018-06-29","DIS","The Walt Disney Company","NYSE","27734835","33552948","9020499","3.07",,
"2018-06-29","DLR","Digital Realty Trust, Inc.","NYSE","5817982","6020433","1215880","4.78",,
"2018-06-29","DUK","Duke Energy Corporation","NYSE","11994273","11187451","3760661","3.19",,
"2018-06-29","ECL","Ecolab, Inc.","NYSE","6619241","6683194","1379674","4.80",,
"2018-06-29","EMR","Emerson Electric Co.","NYSE","8002235","7097940","3151653","2.54",,
"2018-06-29","EOG","EOG Resources, Inc.","NYSE","12160223","12661536","2920963","4.16",,
"2018-06-29","EPD","Enterprise Products Partners L","NYSE","7748745","12873689","3985695","1.94",,
"2018-06-29","EQIX","Equinix, Inc. Common Stock REI","NNM","1498691","1266159","861601","1.74",,
"2018-06-29","FCX","Freeport-McMoran Inc.","NYSE","21516511","18943683","16833626","1.28",,
"2018-06-29","FDX","FedEx Corporation","NYSE","4403119","4691698","2958540","1.49",,
"2018-06-29","FTNT","Fortinet, Inc. Common Stock","NNM","6380267","6723047","1766268","3.61",,
"2018-06-29","GD","General Dynamics Corporation","NYSE","2752566","3454690","1524266","1.81",,
"2018-06-29","GE","General Electric Company","NYSE","130182969","149544898","94990073","1.37",,
"2018-06-29","GILD","Gilead Sciences, Inc. Common S","NNM","13703362","16306232","6622004","2.07",,
"2018-06-29","GLW","Corning Incorporated","NYSE","24495341","24101079","6089506","4.02",,
"2018-06-29","GM","General Motors Company","NYSE","24641817","24600844","11930031","2.07",,
"2018-06-29","GOOG","Alphabet Inc. Class C Capital","NNM","2587811","2715359","1464590","1.77",,
"2018-06-29","GOOGL","Alphabet Inc. Class A Common S","NNM","2428769","3066660","2000032","1.21",,
"2018-06-29","GS","Goldman Sachs Group Inc.","NYSE","4228298","4514429","3040188","1.39",,
"2018-06-29","GWW","W.W. Grainger, Inc.","NYSE","4997518","5105180","525243","9.51",,
"2018-06-29","HCA","HCA Healthcare, Inc.","NYSE","5471587","6072372","1683784","3.25",,
"2018-06-29","HD","Home Depot, Inc.","NYSE","8218966","13894443","4332870","1.90",,
"2018-06-29","HLT","Hilton Worldwide Holdings Inc.","NYSE","8225273","5636259","3444450","2.39",,
"2018-06-29","HON","Honeywell International, Inc.","NYSE","5790844","6855496","2804212","2.07",,
"2018-06-29","HPE","Hewlett Packard Enterprise Com","NYSE","32685903","34734311","12361966","2.64",,
"2018-06-29","IBKR","Interactive Brokers Group, Inc","NNM","1971797","2224261","1158554","1.70",,
"2018-06-29","IBM","International Business Machine","NYSE","15915715","15759244","4646038","3.43",,
"2018-06-29","ICE","Intercontinental Exchange  Inc","NYSE","5027085","5325448","2042970","2.46",,
"2018-06-29","INTC","Intel Corporation Common Stock","NNM","86753145","85644208","34681212","2.50",,
"2018-06-29","INTU","Intuit Inc. Common Stock","NNM","2740833","3343879","1597193","1.72",,
"2018-06-29","ISRG","Intuitive Surgical, Inc. Commo","NNM","1560158","1708914","608241","2.57",,
"2018-06-29","ITW","Illinois Tool Works Inc.","NYSE","3549921","3409763","1691147","2.10",,
"2018-06-29","JNJ","Johnson & Johnson","NYSE","15679641","18768889","6871781","2.28",,
"2018-06-29","JPM","JPMorgan Chase & Co.","NYSE","18628336","21943251","14609326","1.28",,
"2018-06-29","KKR","KKR & CO. L.P.","NYSE","7072053","6241986","4975288","1.42",,
"2018-06-29","KLAC","KLA-Tencor Corporation Common","NNM","6166952","5700182","1592123","3.87",,
"2018-06-29","KMI","Kinder Morgan, Inc.","NYSE","33191873","43125271","12806518","2.59",,
"2018-06-29","KO","Coca-Cola Company","NYSE","29176732","37451949","12804251","2.28",,
"2018-06-29","LLY","Eli Lilly & Co.","NYSE","11486410","12812289","3405827","3.37",,
"2018-06-29","LMT","Lockheed Martin Corp.","NYSE","1948581","2261134","1545784","1.26",,
"2018-06-29","LOW","Lowe's Companies Inc.","NYSE","8659636","11286084","4469772","1.94",,
"2018-06-29","LRCX","Lam Research Corporation Commo","NNM","13437866","14353755","3360848","4.00",,
"2018-06-29","MA","Mastercard Incorporated","NYSE","7260688","7977662","3236424","2.24",,
"2018-06-29","MAR","Marriott International Class A","NNM","6175644","6643629","1803488","3.42",,
"2018-06-29","MCD","McDonald's Corporation","NYSE","6347142","6786022","4950584","1.28",,
"2018-06-29","MCK","McKesson Corporation","NYSE","6910677","7586828","1762096","3.92",,
"2018-06-29","MCO","Moody's Corporation","NYSE","2750276","3132064","731581","3.76",,
"2018-06-29","MDLZ","Mondelez International, Inc. C","NNM","11301333","19236755","7660642","1.48",,
"2018-06-29","MDT","Medtronic plc","NYSE","9396421","9795964","4945594","1.90",,
"2018-06-29","MMM","3M Company","NYSE","6782154","6893719","2625915","2.58",,
"2018-06-29","MNST","Monster Beverage Corporation","NNM","8137192","10869229","2593570","3.14",,
"2018-06-29","MO","Altria Group, Inc.","NYSE","20115023","21625289","7561571","2.66",,
"2018-06-29","MPC","MARATHON PETROLEUM CORPORATION","NYSE","25006715","22602238","5649746","4.43",,
"2018-06-29","MPWR","Monolithic Power Systems, Inc.","NNM","1124295","1350441","805667","1.40",,
"2018-06-29","MRK","Merck & Co., Inc.","NYSE","17153866","21867505","11109077","1.54",,
"2018-06-29","MRVL","Marvell Technology Group Ltd.","NNM","58747975","56068533","11768711","4.99",,
"2018-06-29","MS","Morgan Stanley","NYSE","9430540","10070170","12224477","1.00",,
"2018-06-29","MSFT","Microsoft Corporation Common S","NNM","47843448","54943793","28836374","1.66",,
"2018-06-29","MSI","Motorola Solutions, Inc. New","NYSE","4484121","5853184","1097463","4.09",,
"2018-06-29","MU","Micron Technology, Inc. Common","NNM","53854901","50576421","50820867","1.06",,
"2018-06-29","NEE","Nextra Energy, Inc.","NYSE","8331044","9045575","1906080","4.37",,
"2018-06-29","NEM","Newmont Mining Corp.","NYSE","6517664","7951117","4182894","1.56",,
"2018-06-29","NFLX","Netflix, Inc. Common Stock","NNM","17028119","19655448","14450543","1.18",,
"2018-06-29","NKE","Nike, Inc.","NYSE","16273422","21850737","9594440","1.70",,
"2018-06-29","NOC","Northrop Grumman Corp.","NYSE","1524018","1620760","1065335","1.43",,
"2018-06-29","NOW","SERVICENOW, INC.","NYSE","10393990","10871895","1625238","6.40",,
"2018-06-29","NSC","Norfolk Southern Corp.","NYSE","5725205","7106355","1559250","3.67",,
"2018-06-29","NVDA","NVIDIA Corporation Common Stoc","NNM","13275030","13215193","11103612","1.20",,
"2018-06-29","ORCL","Oracle Corp","NYSE","32283053","31938690","28137881","1.15",,
"2018-06-29","ORLY","O'Reilly Automotive, Inc. Comm","NNM","2778457","3049035","661303","4.20",,
"2018-06-29","PANW","PALO ALTO NETWORKS, INC","NYSE","3745546","4538023","1137664","3.29",,
"2018-06-29","PCAR","PACCAR Inc. Common Stock","NNM","9554606","9895853","1949648","4.90",,
"2018-06-29","PEP","PepsiCo, Inc. Common Stock","NNM","9963775","12458571","5372384","1.85",,
"2018-06-29","PFE","Pfizer Inc.","NYSE","59174572","64685349","21034138","2.81",,
"2018-06-29","PG","Procter & Gamble Company","NYSE","23674503","28005247","8513562","2.78",,
"2018-06-29","PGR","Progressive Corporation","NYSE","8345646","7727065","3956956","2.11",,
"2018-06-29","PH","Parker Hannifin Corp","NYSE","3121377","2760746","1443925","2.16",,
"2018-06-29","PLD","PROLOGIS, INC.","NYSE","13039292","12491146","3668356","3.55",,
"2018-06-29","PM","Philip Morris International In","NYSE","9459837","10087116","6307754","1.50",,
"2018-06-29","PNC","PNC Financial Services Group","NYSE","4457525","5132716","2771651","1.61",,
"2018-06-29","PSX","PHILLIPS 66","NYSE","5737945","6751258","2166077","2.65",,
"2018-06-29","PWR","Quanta Services, Inc.","NYSE","2753125","3306008","1492571","1.84",,
"2018-06-29","QCOM","QUALCOMM Incorporated Common S","NNM","17567026","20919730","8838491","1.99",,
"2018-06-29","RCL","Royal Caribbean Cruises Ltd.","NYSE","3303206","3561346","2307507","1.43",,
"2018-06-29","REGN","Regeneron Pharmaceuticals, Inc","NNM","2814096","2810251","961752","2.93",,
"2018-06-29","ROST","Ross Stores, Inc. Common Stock","NNM","4654276","6267957","2415008","1.93",,
"2018-06-29","RSG","Republic Services Inc.","NYSE","5849987","5894457","1467395","3.99",,
"2018-06-29","SBUX","Starbucks Corporation Common S","NNM","29090994","32497192","23039549","1.26",,
"2018-06-29","SCCO","Southern Copper Corporation","NYSE","8532360","8492103","1081627","7.89",,
"2018-06-29","SCHW","The Charles Schwab Corporation","NYSE","15767819","18224928","5758771","2.74",,
"2018-06-29","SHW","The Sherwin-Williams Company","NYSE","1958289","1828837","614128","3.19",,
"2018-06-29","SNPS","Synopsys, Inc. Common Stock","NNM","1996175","2104183","977955","2.04",,
"2018-06-29","SO","The Southern Company","NYSE","32547575","33441481","5364604","6.07",,
"2018-06-29","SPG","Simon Property Group, Inc.","NYSE","13527400","14707689","1826202","7.41",,
"2018-06-29","SPGI","S&P Global Inc.","NYSE","4049168","4181585","910854","4.45",,
"2018-06-29","SYK","Stryker Corporation","NYSE","4647740","4767972","1442356","3.22",,
"2018-06-29","T","AT&T Inc.","NYSE","101271065","220124888","56109370","1.80",,"R"
"2018-06-29","TDG","TransDigm Group Incorporated","NYSE","4219473","4169038","414688","10.18",,
"2018-06-29","TGT","Target Corporation","NYSE","27720883","31341278","4223872","6.56",,
"2018-06-29","TJX","TJX Companies, Inc. (The)","NYSE","8784098","10054125","3084603","2.85",,
"2018-06-29","TMO","Thermo Fisher Scientific, Inc.","NYSE","2462354","2506981","1409381","1.75",,
"2018-06-29","TMUS","T-Mobile US, Inc. Common Stock","NNM","13099554","13448159","3560704","3.68",,
"2018-06-29","TRV","The Travelers Companies, Inc.","NYSE","3030989","3489742","1425652","2.13",,
"2018-06-29","TSLA","Tesla, Inc. Common Stock","NNM","34586884","37285669","8913280","3.88",,
"2018-06-29","TXN","Texas Instruments Incorporated","NNM","13372615","14488032","4055860","3.30",,
"2018-06-29","UNH","UNITEDHEALTH GROUP INCORPORATE","NYSE","6432111","7869077","2585032","2.49",,
"2018-06-29","UNP","Union Pacific Corp.","NYSE","25416440","31947237","3404153","7.47",,
"2018-06-29","UPS","United Parcel Service, Inc. Cl","NYSE","9835615","12222078","3331152","2.95",,
"2018-06-29","URI","United Rentals, Inc.","NYSE","3206247","3323368","1585766","2.02",,
"2018-06-29","USB","U.S. Bancorp","NYSE","13388058","12701212","7752970","1.73",,
"2018-06-29","V","VISA Inc.","NYSE","24657504","26083337","7626372","3.23",,
"2018-06-29","VLO","Valero Energy Corporation","NYSE","10029328","10646196","3584412","2.80",,
"2018-06-29","VRTX","Vertex Pharmaceuticals Incorpo","NNM","2748398","3269610","2077160","1.32",,
"2018-06-29","VZ","Verizon Communications","NYSE","36172920","32652914","19490393","1.86",,
"2018-06-29","WDC","Western Digital Corporation Co","NNM","8049449","7882800","3449252","2.33",,
"2018-06-29","WELL","Welltower Inc.","NYSE","9658205","9926145","2074416","4.66",,
"2018-06-29","WFC","Wells Fargo & Co.","NYSE","35949834","40617970","20951617","1.72",,
"2018-06-29","WM","Waste Management, Inc.","NYSE","5706365","6006909","2469316","2.31",,
"2018-06-29","WMB","Williams Companies Inc.","NYSE","22694799","22082199","8708920","2.61",,
"2018-06-29","WMT","Walmart Inc.","NYSE","30898350","36369114","9801180","3.15",,
"2018-06-29","XOM","Exxon Mobil Corporation","NYSE","31391108","34498124","11494777","2.73",,
"2018-06-15","AAPL","Apple Inc. Common Stock","NNM","45270714","45958599","25523951","1.77",,
"2018-06-15","ABBV","ABBVIE INC.","NYSE","38435690","43501770","8827213","4.35",,
"2018-06-15","ABT","Abbott Laboratories","NYSE","13116940","14024140","5176396","2.53",,
"2018-06-15","ADBE","Adobe Systems Incorporated Com","NNM","4741494","5404591","4015376","1.18",,
"2018-06-15","ADI","Analog Devices, Inc. Common St","NNM","7334966","8112100","2325880","3.15",,
"2018-06-15","ADP","Automatic Data Processing, Inc","NNM","4633401","4748050","2622877","1.77",,
"2018-06-15","AEP","American Electric Power Compan","NYSE","7510744","8204892","3554263","2.11",,
"2018-06-15","AFL","Aflac Inc.","NYSE","14993336","14523217","2867227","5.23",,
"2018-06-15","AJG","Arthur J. Gallagher & Co.","NYSE","1894722","1796621","819899","2.31",,
"2018-06-15","ALL","The Allstate Corporation","NYSE","6150274","6132772","2236750","2.75",,
"2018-06-15","AMAT","Applied Materials, Inc. Common","NNM","18299338","17996197","14932719","1.23",,
"2018-06-15","AMD","Advanced Micro Devices, Inc. C","SC","172021919","174573406","82524061","2.08",,
"2018-06-15","AMGN","Amgen Inc. Common Stock","NNM","10614881","10716868","2947392","3.60",,
"2018-06-15","AMT","American Tower Corporation","NYSE","5480234","5191547","2153664","2.54",,
"2018-06-15","AMZN","Amazon.com, Inc. Common Stock","NNM","5050742","4938891","3579228","1.41",,
"2018-06-15","ANET","Arista Networks","NYSE","3154792","3471025","945696","3.34",,
"2018-06-15","AON","Aon plc Class A","NYSE","2112370","2363813","883581","2.39",,
"2018-06-15","APD","Air Products & Chemicals, Inc.","NYSE","2062878","1927983","961927","2.14",,
"2018-06-15","APH","Amphenol Corporation","NYSE","4986916","4338869","1261467","3.95",,
"2018-06-15","APO","Apollo Global Management, LLC","NYSE","4069876","3964870","617256","6.59",,
"2018-06-15","AVGO","Broadcom Inc. Common Stock","NNM","6999556","7579641","4039342","1.73",,
"2018-06-15","AXP","American Express Company","NYSE","6260160","6075232","3338998","1.87",,
"2018-06-15","BA","Boeing Company","NYSE","6153592","5213983","3930638","1.57",,
"2018-06-15","BAC","Bank of America Corporation","NYSE","112248681","128834868","63405102","1.77",,
"2018-06-15","BKNG","Booking Holdings Inc. Common S","NNM","1239450","1201190","330151","3.75",,
"2018-06-15","BLK","Blackrock, Inc.","NYSE","1379285","1359888","567199","2.43",,
"2018-06-15","BMY","Bristol-Myers Squibb Co.","NYSE","14504348","13127149","7883280","1.84",,
"2018-06-15","BNY","BlackRock New York Municipal I","NYSE","289","4001","18911","1.00",,
"2018-06-15","BRKA","Berkshire Hathaway Inc.","NYSE","559","563","232","2.41",,
"2018-06-15","BRKB","BERKSHIRE HATHAWAY Class B","NYSE","10194547","11636519","4291687","2.38",,
"2018-06-15","BSX","Boston Scientific Corp.","NYSE","11140076","14367253","13883441","1.00",,
"2018-06-15","BX","The Blackstone Group L.P","NYSE","9958083","10461912","2897646","3.44",,
"2018-06-15","C","Citigroup Inc.","NYSE","18491594","19491005","16453960","1.12",,
"2018-06-15","CAT","Caterpillar Inc.","NYSE","8489052","8682386","3690805","2.30",,
"2018-06-15","CCZ","Comcast Holdings Corp. 2.0% Ex","NYSE","105","0","248","1.00",,
"2018-06-15","CDNS","Cadence Design Systems, Inc. C","NNM","6007918","6526018","1863980","3.22",,
"2018-06-15","CI","CIGNA Corporation","NYSE","5291349","5252390","2024027","2.61",,
"2018-06-15","CL","Colgate-Palmolive Company","NYSE","13714593","12480670","4481098","3.06",,
"2018-06-15","CMCSA","Comcast Corporation Class A Co","NNM","68928394","72425773","31110489","2.22",,
"2018-06-15","CME","CME Group Inc. Class A Common","NNM","7629039","6613395","1806284","4.22",,
"2018-06-15","CMI","Cummins Inc.","NYSE","3595267","3537426","1248686","2.88",,
"2018-06-15","COF","Capital One Financial","NYSE","4325344","4527173","2209126","1.96",,
"2018-06-15","COP","ConocoPhillips","NYSE","17339548","18272422","7526823","2.30",,
"2018-06-15","COST","Costco Wholesale Corporation C","NNM","7182883","7851456","2267358","3.17",,
"2018-06-15","CRM","salesforce.com, inc.","NYSE","18609251","17896069","5428410","3.43",,
"2018-06-15","CSCO","Cisco Systems, Inc. Common Sto","NNM","51399602","47425601","21751786","2.36",,
"2018-06-15","CSX","CSX Corporation Common Stock","NNM","12951845","13077572","4710438","2.75",,
"2018-06-15","CTAS","Cintas Corporation Common Stoc","NNM","3536793","3587921","437363","8.09",,
"2018-06-15","CVNA","Carvana Co.","NYSE","10683955","10153338","1550085","6.89",,
"2018-06-15","CVS","CVS HEALTH CORPORATION","NYSE","43662443","43768296","8765151","4.98",,
"2018-06-15","CVX","Chevron Corporation","NYSE","21255894","19616235","6576269","3.23",,
"2018-06-15","D","Dominion Energy, Inc Common St","NYSE","32362490","31043067","4976703","6.50",,
"2018-06-15","DE","Deere & Company","NYSE","7851792","9327573","2567185","3.06",,
"2018-06-15","DHR","Danaher Corporation","NYSE","5469046","5566826","2481143","2.20",,
"2018-06-15","DIS","The Walt Disney Company","NYSE","33552948","30131543","10503652","3.19",,
"2018-06-15","DLR","Digital Realty Trust, Inc.","NYSE","6020433","6113871","1275567","4.72",,
"2018-06-15","DUK","Duke Energy Corporation","NYSE","11187451","22414535","4222765","2.65",,
"2018-06-15","ECL","Ecolab, Inc.","NYSE","6683194","7281864","1015594","6.58",,
"2018-06-15","EMR","Emerson Electric Co.","NYSE","7097940","7934490","2625773","2.70",,
"2018-06-15","EOG","EOG Resources, Inc.","NYSE","12661536","12604200","3397079","3.73",,
"2018-06-15","EPD","Enterprise Products Partners L","NYSE","12873689","11424230","5040596","2.55",,
"2018-06-15","EQIX","Equinix, Inc. Common Stock REI","NNM","1266159","1322210","530902","2.38",,
"2018-06-15","FCX","Freeport-McMoran Inc.","NYSE","18943683","23486112","13907109","1.36",,
"2018-06-15","FDX","FedEx Corporation","NYSE","4691698","4894906","1259852","3.72",,
"2018-06-15","FTNT","Fortinet, Inc. Common Stock","NNM","6723047","6124877","1508860","4.46",,
"2018-06-15","GD","General Dynamics Corporation","NYSE","3454690","3004218","1641737","2.10",,
"2018-06-15","GE","General Electric Company","NYSE","149544898","146492546","60963456","2.45",,
"2018-06-15","GILD","Gilead Sciences, Inc. Common S","NNM","16306232","18137359","7690787","2.12",,
"2018-06-15","GLW","Corning Incorporated","NYSE","24101079","23480150","5817161","4.14",,
"2018-06-15","GM","General Motors Company","NYSE","24600844","22283324","14591006","1.69",,
"2018-06-15","GOOG","Alphabet Inc. Class C Capital","NNM","2715359","2827693","1587551","1.71",,
"2018-06-15","GOOGL","Alphabet Inc. Class A Common S","NNM","3066660","3159592","1837271","1.67",,
"2018-06-15","GS","Goldman Sachs Group Inc.","NYSE","4514429","5181912","2769730","1.63",,
"2018-06-15","GWW","W.W. Grainger, Inc.","NYSE","5105180","5168192","605796","8.43",,
"2018-06-15","HCA","HCA Healthcare, Inc.","NYSE","6072372","6644902","1672816","3.63",,
"2018-06-15","HD","Home Depot, Inc.","NYSE","13894443","9180999","4606822","3.02",,
"2018-06-15","HLT","Hilton Worldwide Holdings Inc.","NYSE","5636259","5291748","2471197","2.28",,
"2018-06-15","HON","Honeywell International, Inc.","NYSE","6855496","7287146","2219344","3.09",,
"2018-06-15","HPE","Hewlett Packard Enterprise Com","NYSE","34734311","34932551","12698784","2.74",,
"2018-06-15","IBKR","Interactive Brokers Group, Inc","NNM","2224261","2621018","1362233","1.63",,
"2018-06-15","IBM","International Business Machine","NYSE","15759244","14591674","3980633","3.96",,
"2018-06-15","ICE","Intercontinental Exchange  Inc","NYSE","5325448","5167825","2694930","1.98",,
"2018-06-15","INTC","Intel Corporation Common Stock","NNM","85644208","83736221","26406322","3.24",,
"2018-06-15","INTU","Intuit Inc. Common Stock","NNM","3343879","2988450","1287967","2.60",,
"2018-06-15","ISRG","Intuitive Surgical, Inc. Commo","NNM","1708914","1918539","989636","1.73",,
"2018-06-15","ITW","Illinois Tool Works Inc.","NYSE","3409763","3736920","1538438","2.22",,
"2018-06-15","JNJ","Johnson & Johnson","NYSE","18768889","18025692","6471742","2.90",,
"2018-06-15","JPM","JPMorgan Chase & Co.","NYSE","21943251","24588032","14739878","1.49",,
"2018-06-15","KKR","KKR & CO. L.P.","NYSE","6241986","6011705","1981418","3.15",,
"2018-06-15","KLAC","KLA-Tencor Corporation Common","NNM","5700182","5912656","1349536","4.22",,
"2018-06-15","KMI","Kinder Morgan, Inc.","NYSE","43125271","44679811","14663467","2.94",,
"2018-06-15","KO","Coca-Cola Company","NYSE","37451949","37275053","12033725","3.11",,
"2018-06-15","LLY","Eli Lilly & Co.","NYSE","12812289","12573907","3570091","3.59",,
"2018-06-15","LMT","Lockheed Martin Corp.","NYSE","2261134","2292090","1263604","1.79",,
"2018-06-15","LOW","Lowe's Companies Inc.","NYSE","11286084","13922815","4300104","2.62",,
"2018-06-15","LRCX","Lam Research Corporation Commo","NNM","14353755","13632654","4822846","2.98",,
"2018-06-15","MA","Mastercard Incorporated","NYSE","7977662","7740684","3214028","2.48",,
"2018-06-15","MAR","Marriott International Class A","NNM","6643629","6548471","1624882","4.09",,
"2018-06-15","MCD","McDonald's Corporation","NYSE","6786022","6694166","4132955","1.64",,
"2018-06-15","MCK","McKesson Corporation","NYSE","7586828","9179653","1912656","3.97",,
"2018-06-15","MCO","Moody's Corporation","NYSE","3132064","3126482","617323","5.07",,
"2018-06-15","MDLZ","Mondelez International, Inc. C","NNM","19236755","22968882","8228678","2.34",,
"2018-06-15","MDT","Medtronic plc","NYSE","9795964","9743367","4849611","2.02",,
"2018-06-15","MMM","3M Company","NYSE","6893719","7737257","2464214","2.80",,
"2018-06-15","MNST","Monster Beverage Corporation","NNM","10869229","9782027","4143728","2.62",,
"2018-06-15","MO","Altria Group, Inc.","NYSE","21625289","20963667","7574190","2.86",,
"2018-06-15","MPC","MARATHON PETROLEUM CORPORATION","NYSE","22602238","21197606","5805443","3.89",,
"2018-06-15","MPWR","Monolithic Power Systems, Inc.","NNM","1350441","1464488","326815","4.13",,
"2018-06-15","MRK","Merck & Co., Inc.","NYSE","21867505","18208445","10975962","1.99",,
"2018-06-15","MRVL","Marvell Technology Group Ltd.","NNM","56068533","52740778","8286654","6.77",,
"2018-06-15","MS","Morgan Stanley","NYSE","10070170","10105293","8306487","1.21",,
"2018-06-15","MSFT","Microsoft Corporation Common S","NNM","54943793","52207161","28494867","1.93",,
"2018-06-15","MSI","Motorola Solutions, Inc. New","NYSE","5853184","5378704","1025847","5.71",,
"2018-06-15","MU","Micron Technology, Inc. Common","NNM","50576421","60317693","47746492","1.06",,
"2018-06-15","NEE","Nextra Energy, Inc.","NYSE","9045575","9085635","2127043","4.25",,
"2018-06-15","NEM","Newmont Mining Corp.","NYSE","7951117","6220246","4619621","1.72",,
"2018-06-15","NFLX","Netflix, Inc. Common Stock","NNM","19655448","19691045","9045601","2.17",,
"2018-06-15","NKE","Nike, Inc.","NYSE","21850737","21821106","5532220","3.95",,
"2018-06-15","NOC","Northrop Grumman Corp.","NYSE","1620760","1888060","1007844","1.61",,
"2018-06-15","NOW","SERVICENOW, INC.","NYSE","10871895","10269119","1724393","6.30",,
"2018-06-15","NSC","Norfolk Southern Corp.","NYSE","7106355","6783635","1657051","4.29",,
"2018-06-15","NVDA","NVIDIA Corporation Common Stoc","NNM","13215193","12294495","9874196","1.34",,
"2018-06-15","ORCL","Oracle Corp","NYSE","31938690","31014903","17128261","1.86",,
"2018-06-15","ORLY","O'Reilly Automotive, Inc. Comm","NNM","3049035","3417418","666326","4.58",,
"2018-06-15","PANW","PALO ALTO NETWORKS, INC","NYSE","4538023","4371006","2384127","1.90",,
"2018-06-15","PCAR","PACCAR Inc. Common Stock","NNM","9895853","8714889","1722648","5.74",,
"2018-06-15","PEP","PepsiCo, Inc. Common Stock","NNM","12458571","8859771","5369436","2.32",,
"2018-06-15","PFE","Pfizer Inc.","NYSE","64685349","61705171","20421314","3.17",,
"2018-06-15","PG","Procter & Gamble Company","NYSE","28005247","28922119","9696739","2.89",,
"2018-06-15","PGR","Progressive Corporation","NYSE","7727065","7993834","3537441","2.18",,
"2018-06-15","PH","Parker Hannifin Corp","NYSE","2760746","2949480","861712","3.20",,
"2018-06-15","PLD","PROLOGIS, INC.","NYSE","12491146","11325611","2602547","4.80",,
"2018-06-15","PM","Philip Morris International In","NYSE","10087116","10887717","7423969","1.36",,
"2018-06-15","PNC","PNC Financial Services Group","NYSE","5132716","5516981","2275977","2.26",,
"2018-06-15","PSX","PHILLIPS 66","NYSE","6751258","6995460","2621382","2.58",,
"2018-06-15","PWR","Quanta Services, Inc.","NYSE","3306008","2818582","1115114","2.96",,
"2018-06-15","QCOM","QUALCOMM Incorporated Common S","NNM","20919730","26092540","9038682","2.31",,
"2018-06-15","RCL","Royal Caribbean Cruises Ltd.","NYSE","3561346","3315555","2515891","1.42",,
"2018-06-15","REGN","Regeneron Pharmaceuticals, Inc","NNM","2810251","2621157","727713","3.86",,
"2018-06-15","ROST","Ross Stores, Inc. Common Stock","NNM","6267957","4919375","2948955","2.13",,
"2018-06-15","RSG","Republic Services Inc.","NYSE","5894457","5126250","1445781","4.08",,
"2018-06-15","SBUX","Starbucks Corporation Common S","NNM","32497192","29508014","9808943","3.31",,
"2018-06-15","SCCO","Southern Copper Corporation","NYSE","8492103","9018535","842234","10.08",,
"2018-06-15","SCHW","The Charles Schwab Corporation","NYSE","18224928","20838641","4740090","3.84",,
"2018-06-15","SHW","The Sherwin-Williams Company","NYSE","1828837","2248296","611650","2.99",,
"2018-06-15","SNPS","Synopsys, Inc. Common Stock","NNM","2104183","2206577","762644","2.76",,
"2018-06-15","SO","The Southern Company","NYSE","33441481","33095720","5598300","5.97",,
"2018-06-15","SPG","Simon Property Group, Inc.","NYSE","14707689","14604509","1475179","9.97",,
"2018-06-15","SPGI","S&P Global Inc.","NYSE","4181585","2205425","1486904","2.81",,
"2018-06-15","SYK","Stryker Corporation","NYSE","4767972","5720489","2648384","1.80",,
"2018-06-15","T","AT&T Inc.","NYSE","220562811","195300319","60888607","3.62",,
"2018-06-15","TDG","TransDigm Group Incorporated","NYSE","4169038","4428932","296542","14.06",,
"2018-06-15","TGT","Target Corporation","NYSE","31341278","34459878","5310323","5.90",,
"2018-06-15","TJX","TJX Companies, Inc. (The)","NYSE","10054125","11387153","3647357","2.76",,
"2018-06-15","TMO","Thermo Fisher Scientific, Inc.","NYSE","2506981","3233449","1239770","2.02",,
"2018-06-15","TMUS","T-Mobile US, Inc. Common Stock","NNM","13448159","12055734","3212905","4.19",,
"2018-06-15","TRV","The Travelers Companies, Inc.","NYSE","3489742","3476508","1497411","2.33",,
"2018-06-15","TSLA","Tesla, Inc. Common Stock","NNM","37285669","39075421","11315584","3.30",,
"2018-06-15","TXN","Texas Instruments Incorporated","NNM","14488032","14240388","4713030","3.07",,
"2018-06-15","UNH","UNITEDHEALTH GROUP INCORPORATE","NYSE","7869077","7132133","2691241","2.92",,
"2018-06-15","UNP","Union Pacific Corp.","NYSE","31947237","15243091","4350660","7.34",,
"2018-06-15","UPS","United Parcel Service, Inc. Cl","NYSE","12222078","13494672","2712838","4.51",,
"2018-06-15","URI","United Rentals, Inc.","NYSE","3323368","3552157","945951","3.51",,
"2018-06-15","USB","U.S. Bancorp","NYSE","12701212","12951186","7903497","1.61",,
"2018-06-15","V","VISA Inc.","NYSE","26083337","28249762","7132506","3.66",,
"2018-06-15","VLO","Valero Energy Corporation","NYSE","10646196","11292145","3683653","2.89",,
"2018-06-15","VRTX","Vertex Pharmaceuticals Incorpo","NNM","3269610","3221700","2133286","1.53",,
"2018-06-15","VZ","Verizon Communications","NYSE","32652914","31138443","16988490","1.92",,
"2018-06-15","WDC","Western Digital Corporation Co","NNM","7882800","9001168","4461083","1.77",,
"2018-06-15","WELL","Welltower Inc.","NYSE","9926145","9033047","1787313","5.55",,
"2018-06-15","WFC","Wells Fargo & Co.","NYSE","40617970","43993394","16238560","2.50",,
"2018-06-15","WM","Waste Management, Inc.","NYSE","6006909","5585887","1927459","3.12",,
"2018-06-15","WMB","Williams Companies Inc.","NYSE","22082199","23573695","8334441","2.65",,
"2018-06-15","WMT","Walmart Inc.","NYSE","36369114","39117443","7982273","4.56",,
"2018-06-15","XOM","Exxon Mobil Corporation","NYSE","34498124","34161519","12989422","2.66",,
"2018-02-15","AAPL","Apple Inc. - Common Stock","NNM","49152571","42078757","58301658","1.00",,"R"
"2018-02-15","ABBV","AbbVie Inc.","NYSE","18554790","17467122","8267795","2.24",,
"2018-02-15","ABT","Abbott Laboratories","NYSE","12853110","13229656","8239839","1.56",,
"2018-02-15","ADBE","Adobe Systems Incorporated - C","NNM","5058862","4256113","3073467","1.65",,
"2018-02-15","ADI","Analog Devices, Inc. - Common","NNM","8721319","8605679","3726013","2.34",,
"2018-02-15","ADP","Automatic Data Processing, Inc","NNM","3983051","4417715","2498416","1.59",,
"2018-02-15","AEP","American Electric Power","NYSE","6273109","6835282","4542304","1.38",,
"2018-02-15","AFL","Aflac","NYSE","7973967","8292505","2507498","3.18",,
"2018-02-15","AJG","Arthur J Gallagher & Co","NYSE","2465763","2882796","1424168","1.73",,
"2018-02-15","ALL","Allstate","NYSE","5835902","6571829","3789623","1.54",,
"2018-02-15","AMAT","Applied Materials, Inc. - Comm","NNM","13749441","11880879","18330826","1.00",,
"2018-02-15","AMD","Advanced Micro Devices, Inc. C","SC","165380345","164589234","69091690","2.39",,
"2018-02-15","AMGN","Amgen Inc. - Common Stock","NNM","8618230","10148975","5638556","1.53",,
"2018-02-15","AMT","American Tower","NYSE","8855192","7114186","3394601","2.61",,
"2018-02-15","AMZN","Amazon.com, Inc. - Common Stoc","NNM","5178995","5184677","8832386","1.00",,
"2018-02-15","ANET","Arista Networks","NYSE","2830348","2643797","1266368","2.24",,
"2018-02-15","AON","AON Corporation","NYSE","4348409","4320287","1950811","2.23",,
"2018-02-15","APD","Air Prod Chem","NYSE","3492904","2965031","1477950","2.36",,
"2018-02-15","APH","Amphenol","NYSE","4591269","4128041","1801123","2.55",,
"2018-02-15","APO","Apollo Global Management Llc","NYSE","1494965","1429400","1720202","1.00",,
"2018-02-15","AVGO","Broadcom Limited Ordinary Shar","NNM","4976175","3937887","4641193","1.07",,
"2018-02-15","AXP","American Express","NYSE","12876491","11199356","5109143","2.52",,
"2018-02-15","BA","Boeing","NYSE","6889091","7187484","7287140","1.00",,
"2018-02-15","BAC","Bank Of America","NYSE","140761347","132074586","108319120","1.30",,
"2018-02-15","BLK","Blackrock","NYSE","1580602","1318663","796466","1.98",,
"2018-02-15","BMY","Bristol Myers Squibb","NYSE","14567786","12400875","12692194","1.15",,
"2018-02-15","BNY","Blackrock New York Muni Tr","NYSE","823","5930","33670","1.00",,
"2018-02-15","BRKA","Berkshire Hathaway","NYSE","613","423","595","1.03",,
"2018-02-15","BRKB","Berkshire Hathaway Class B","NYSE","11259493","11894665","6594155","1.71",,
"2018-02-15","BSX","Boston Scientific","NYSE","16191837","15172861","10144753","1.60",,
"2018-02-15","BX","The Blackstone Group Lp","NYSE","11051022","8743919","8311494","1.33",,
"2018-02-15","C","Citigroup","NYSE","25380035","27657996","20038475","1.27",,
"2018-02-15","CAT","Caterpillar","NYSE","9805299","11418516","7705057","1.27",,
"2018-02-15","CCZ","Comcast Holdings Corporation","NYSE","72","70","30","2.40",,
"2018-02-15","CDNS","Cadence Design Systems, Inc. -","NNM","6540095","7256025","3518759","1.86",,
"2018-02-15","CI","Cigna Corporation","NYSE","2685245","2154085","1868816","1.44",,
"2018-02-15","CL","Colgate Palmolive","NYSE","12001993","11071700","4707368","2.55",,
"2018-02-15","CMCSA","Comcast Corporation - Class A","NNM","67516822","86194053","31516205","2.14",,
"2018-02-15","CME","CME Group Inc. - Class A Commo","NNM","5791396","4789557","2555443","2.27",,
"2018-02-15","CMI","Cummins Inc","NYSE","3202973","4104413","2076286","1.54",,
"2018-02-15","COF","Capital One Financial","NYSE","4631029","4561723","2915185","1.59",,
"2018-02-15","COP","Conoco Phillips","NYSE","24489688","23150880","8074624","3.03",,
"2018-02-15","COST","Costco Wholesale Corporation C","NNM","7850278","8094449","2575057","3.05",,
"2018-02-15","CRM","Salesforce Com Inc","NYSE","14304550","14601150","6141837","2.33",,
"2018-02-15","CSCO","Cisco Systems, Inc. - Common S","NNM","53724419","59932212","43044230","1.25",,
"2018-02-15","CSX","CSX Corporation Common Stock","NNM","14889529","13998120","8478969","1.76",,
"2018-02-15","CTAS","Cintas Corporation - Common St","NNM","3671670","4033961","719347","5.10",,
"2018-02-15","CVNA","Carvana Co.","NYSE","8023362","6506597","393459","20.39",,
"2018-02-15","CVS","CVS Health Corporation","NYSE","41033986","37941712","10193480","4.03",,
"2018-02-15","CVX","Chevron Corporation","NYSE","22603914","22358014","10464060","2.16",,
"2018-02-15","D","Dominion Energy, Inc.","NYSE","18668035","21430022","4242568","4.40",,
"2018-02-15","DE","Deere & Company","NYSE","7452719","7785102","2778332","2.68",,
"2018-02-15","DHR","Danaher","NYSE","6116279","6662400","3498951","1.75",,
"2018-02-15","DIS","Walt Disney","NYSE","25975400","24146343","11080427","2.34",,
"2018-02-15","DLR","Digital Realty Trust","NYSE","6934111","7014243","1908477","3.63",,
"2018-02-15","DUK","Duke Energy Corp","NYSE","10486723","11144765","5111325","2.05",,
"2018-02-15","ECL","Ecolab","NYSE","7488261","8046602","1849625","4.05",,
"2018-02-15","EMR","Emerson Electric","NYSE","7673565","6914179","4710643","1.63",,
"2018-02-15","EOG","EOG Resources","NYSE","9126945","10978460","3674288","2.48",,
"2018-02-15","EPD","Enterprise Products Partners","NYSE","19610076","20278302","6596312","2.97",,
"2018-02-15","EQIX","Equinix, Inc. Common Stock REI","NNM","1332715","1679509","938844","1.42",,
"2018-02-15","FCX","Freeport-McMoRan Inc.","NYSE","37553989","34906504","27883980","1.35",,
"2018-02-15","FDX","Fedex","NYSE","3747061","4615005","2435752","1.54",,
"2018-02-15","FTNT","Fortinet, Inc. Common Stock","NNM","4082136","3875687","2867818","1.42",,
"2018-02-15","GD","General Dynamics","NYSE","3524142","3463093","2309600","1.53",,
"2018-02-15","GE","General Electric","NYSE","135219773","142353656","92632656","1.46",,
"2018-02-15","GILD","Gilead Sciences, Inc. - Common","NNM","22395137","22494925","10866730","2.06",,
"2018-02-15","GLW","Corning","NYSE","22074429","26209938","9824970","2.25",,
"2018-02-15","GM","General Motors Company","NYSE","32304388","35247137","15964886","2.02",,
"2018-02-15","GOOG","Alphabet Inc. Class C Capital","NNM","3470235","3158270","2724874","1.27",,
"2018-02-15","GOOGL","Alphabet Inc. Class A Common S","NNM","3777841","3156426","3341791","1.13",,
"2018-02-15","GS","Goldman Sachs Group","NYSE","4925048","5251817","4595470","1.07",,
"2018-02-15","GWW","W.W. Grainger, Inc.","NYSE","6026934","6680276","1112925","5.42",,
"2018-02-15","HCA","HCA Healthcare, Inc.","NYSE","6025786","6997647","2278984","2.64",,
"2018-02-15","HD","Home Depot","NYSE","11383996","11964489","7026340","1.62",,
"2018-02-15","HLT","Hilton Worldwide Holdings Inc.","NYSE","5371537","4634481","3239357","1.66",,
"2018-02-15","HON","Honeywell International Inc","NYSE","8602181","8134809","3896420","2.21",,
"2018-02-15","HPE","Hewlett Packard Enterprise Com","NYSE","24386810","23950717","13128328","1.86",,
"2018-02-15","IBKR","Interactive Brokers Group, Inc","NNM","3324997","3256407","841691","3.95",,
"2018-02-15","IBM","Intl Business Machines","NYSE","17484333","18957848","6448368","2.71",,
"2018-02-15","ICE","Intercontinental Exchange, Inc","NYSE","4471514","4646315","3989270","1.12",,
"2018-02-15","INTC","Intel Corporation - Common Sto","NNM","103764436","104767258","35009297","2.96",,
"2018-02-15","INTU","Intuit Inc. - Common Stock","NNM","2771822","2530391","1589327","1.74",,
"2018-02-15","ISRG","Intuitive Surgical, Inc. - Com","NNM","1844000","2009556","926474","1.99",,
"2018-02-15","ITW","Illinois Tool Works","NYSE","4267074","3947465","1703883","2.50",,
"2018-02-15","JNJ","Johnson & Johnson","NYSE","17664958","17755444","11203128","1.58",,
"2018-02-15","JPM","JPMorgan Chase & Co.","NYSE","30453124","31226816","21154645","1.44",,
"2018-02-15","KKR","KKR & Company L.P.","NYSE","3755414","5708591","4871909","1.00",,
"2018-02-15","KLAC","KLA-Tencor Corporation - Commo","NNM","2986858","2594981","1963340","1.52",,
"2018-02-15","KMI","Kinder Morgan Inc","NYSE","63694432","63356199","18397412","3.46",,
"2018-02-15","KO","Coca-cola","NYSE","37011506","43399660","17327732","2.14",,
"2018-02-15","LLY","Eli Lilly & Company","NYSE","11026984","11574436","7015825","1.57",,
"2018-02-15","LMT","Lockheed Martin","NYSE","2700447","2571241","2005785","1.35",,
"2018-02-15","LOW","Lowes Companies","NYSE","9786297","9509673","7170387","1.36",,
"2018-02-15","LRCX","Lam Research Corporation - Com","NNM","10201988","10394168","4703030","2.17",,
"2018-02-15","MA","Mastercard Incorporated","NYSE","8620013","6616889","5627577","1.53",,
"2018-02-15","MAR","Marriot International Class A","NNM","8637640","10127118","2770798","3.12",,
"2018-02-15","MCD","Mcdonalds","NYSE","7201769","6595385","5731063","1.26",,
"2018-02-15","MCK","Mckesson Corporation","NYSE","7576616","7555544","2159573","3.51",,
"2018-02-15","MCO","Moodys Corp","NYSE","2587007","2785792","1270728","2.04",,
"2018-02-15","MDLZ","Mondelez International, Inc. -","NNM","16727298","14164515","12496685","1.34",,
"2018-02-15","MDT","Medtronic plc","NYSE","11659196","11044505","5856532","1.99",,
"2018-02-15","MMM","3M Company","NYSE","9135855","9355514","3611315","2.53",,
"2018-02-15","MNST","Monster Beverage Corporation","NNM","5675896","5825906","2536048","2.24",,
"2018-02-15","MO","Altria Group","NYSE","14134977","14837081","9731611","1.45",,
"2018-02-15","MPC","Marathon Petroleum Corporation","NYSE","8183793","7135293","4789383","1.71",,
"2018-02-15","MPWR","Monolithic Power Systems, Inc.","NNM","1108573","796937","505013","2.20",,
"2018-02-15","MRK","Merck & Company","NYSE","23808121","23489265","16420464","1.45",,
"2018-02-15","MRVL","Marvell Technology Group Ltd.","NNM","41752010","32106421","9272743","4.50",,
"2018-02-15","MS","Morgan Stanley","NYSE","12275399","11841885","11668712","1.05",,
"2018-02-15","MSFT","Microsoft Corporation - Common","NNM","59257860","49564890","45388691","1.31",,
"2018-02-15","MSI","Motorola Solutions Inc","NYSE","5584863","5960063","2291794","2.44",,
"2018-02-15","MU","Micron Technology, Inc. - Comm","NNM","62537876","58589998","46281112","1.35",,
"2018-02-15","NEE","Nextera Energy Inc","NYSE","5905707","6504679","2490831","2.37",,
"2018-02-15","NEM","Newmont Mining","NYSE","11662491","10136970","7847510","1.49",,
"2018-02-15","NFLX","Netflix, Inc. - Common Stock","NNM","21034408","23547077","10515858","2.00",,
"2018-02-15","NKE","Nike","NYSE","27705514","25182071","10284471","2.69",,
"2018-02-15","NOC","Northrop Grumman","NYSE","2417813","1842193","1486203","1.63",,
"2018-02-15","NOW","ServiceNow, Inc.","NYSE","10652005","10093906","2693236","3.96",,
"2018-02-15","NSC","Norfolk Southern","NYSE","4893009","4343908","1891096","2.59",,
"2018-02-15","NVDA","NVIDIA Corporation - Common St","NNM","14674785","15324150","23334000","1.00",,
"2018-02-15","ORCL","Oracle Corporation","NYSE","43405615","40291071","17433308","2.49",,
"2018-02-15","ORLY","O'Reilly Automotive, Inc. - Co","NNM","3261669","2933815","1367129","2.39",,
"2018-02-15","PANW","Palo Alto Networks, Inc.","NYSE","4758786","5505547","1238530","3.84",,
"2018-02-15","PCAR","PACCAR Inc. - Common Stock","NNM","9570471","9334290","2376485","4.03",,
"2018-02-15","PEP","PepsiCo, Inc. Common Stock","NNM","8621365","8575743","5166892","1.67",,
"2018-02-15","PFE","Pfizer","NYSE","64127631","56963145","33450963","1.92",,
"2018-02-15","PG","Procter & Gamble","NYSE","33680874","34225564","12957043","2.60",,
"2018-02-15","PGR","Progressive","NYSE","10241357","9071493","4478410","2.29",,
"2018-02-15","PH","Parker-Hannifin Corporation","NYSE","2742975","2272807","1783345","1.54",,
"2018-02-15","PLD","Prologis Inc","NYSE","8176675","7059188","3472501","2.35",,
"2018-02-15","PM","Philip Morris International In","NYSE","10753228","9639865","7165860","1.50",,
"2018-02-15","PNC","PNC Financial Services Group I","NYSE","5956676","5363039","2891698","2.06",,
"2018-02-15","PSX","Phillips 66","NYSE","6410750","7386981","2942157","2.18",,
"2018-02-15","PWR","Quanta Services","NYSE","1889952","2001325","1842206","1.03",,
"2018-02-15","QCOM","QUALCOMM Incorporated - Common","NNM","20160303","18253106","17013593","1.18",,
"2018-02-15","RCL","Royal Caribbean Cruises","NYSE","4614004","4601566","1628773","2.83",,
"2018-02-15","REGN","Regeneron Pharmaceuticals, Inc","NNM","2224889","1939648","1615350","1.38",,
"2018-02-15","ROST","Ross Stores, Inc. - Common Sto","NNM","7466592","8471992","2685971","2.78",,
"2018-02-15","RSG","Republic Services","NYSE","3672053","3966415","2343276","1.57",,
"2018-02-15","SBUX","Starbucks Corporation - Common","NNM","30183761","26697741","14585217","2.07",,
"2018-02-15","SCCO","Southern  Copper","NYSE","8222470","8307152","1190919","6.90",,
"2018-02-15","SCHW","The Charles Schwab Corporation","NYSE","16978722","20372625","9243983","1.84",,
"2018-02-15","SHW","The Sherwin-Williams Company","NYSE","2095888","1621328","802812","2.61",,
"2018-02-15","SNPS","Synopsys, Inc. - Common Stock","NNM","2470882","2728467","1343652","1.84",,
"2018-02-15","SO","Southern","NYSE","32292181","27843082","9284703","3.48",,
"2018-02-15","SPG","Simon Property Group","NYSE","13704037","13136893","2525465","5.43",,
"2018-02-15","SPGI","S&P Global Inc.","NYSE","2408037","1888748","2188754","1.10",,
"2018-02-15","SYK","Stryker","NYSE","8034461","6202703","1668273","4.82",,
"2018-02-15","T","At&t Inc","NYSE","182004960","183053095","40829871","4.46",,
"2018-02-15","TDG","Transdigm Group","NYSE","5399041","5702505","642149","8.41",,
"2018-02-15","TGT","Target","NYSE","44346601","43445381","5986060","7.41",,
"2018-02-15","TJX","Tjx Companies","NYSE","14716569","15750553","5199077","2.83",,
"2018-02-15","TMO","Thermo Fisher Scientific Inc","NYSE","3800315","4296116","1806916","2.10",,
"2018-02-15","TMUS","T-Mobile US, Inc. Common Stock","NNM","7682898","8221858","5413122","1.42",,
"2018-02-15","TRV","The Travelers Cos","NYSE","8608297","7632346","2584802","3.33",,
"2018-02-15","TSLA","Tesla, Inc. Common Stock","NNM","29383992","29805706","6211358","4.73",,
"2018-02-15","TXN","Texas Instruments Incorporated","NNM","14856968","17010109","8052600","1.84",,
"2018-02-15","UNH","United Healthcare","NYSE","8974608","8177668","4935429","1.82",,
"2018-02-15","UNP","Union Pacific","NYSE","19248528","12114056","6751653","2.85",,
"2018-02-15","UPS","United Parcel Service","NYSE","10870611","10614702","8670265","1.25",,
"2018-02-15","URI","United Rentals","NYSE","4654020","3822543","1743673","2.67",,
"2018-02-15","USB","Us Bancorp","NYSE","12655802","17109742","9413690","1.34",,
"2018-02-15","V","Visa Inc","NYSE","26162149","24728271","12355044","2.12",,
"2018-02-15","VLO","Valero Energy","NYSE","13205044","16233764","4861335","2.72",,
"2018-02-15","VRTX","Vertex Pharmaceuticals Incorpo","NNM","4043926","3824558","2641454","1.53",,
"2018-02-15","VZ","Verizon Communications","NYSE","36591989","36648806","20302155","1.80",,
"2018-02-15","WDC","Western Digital Corporation -","NNM","8672731","9565690","3975740","2.18",,
"2018-02-15","WFC","Wells Fargo & Company","NYSE","39777458","35706241","41257647","1.00",,"R"
"2018-02-15","WM","Waste Management","NYSE","4749436","5545342","3803061","1.25",,
"2018-02-15","WMB","Williams Delaware","NYSE","16025697","18867324","7096011","2.26",,
"2018-02-15","WMT","Walmart Inc.","NYSE","34812249","33120312","10409146","3.34",,
"2018-02-15","XOM","Exxon Mobil","NYSE","36822795","34796582","23139391","1.59",,
"2018-05-15","AAPL","Apple Inc. Common Stock","NNM","46385494","50912078","36664932","1.27",,
"2018-05-15","ABBV","ABBVIE INC.","NYSE","24096693","18765949","7316907","3.29",,
"2018-05-15","ABT","Abbott Laboratories","NYSE","13219417","14602527","5685162","2.33",,
"2018-05-15","ADBE","Adobe Systems Incorporated Com","NNM","6265386","5124565","2210067","2.83",,
"2018-05-15","ADI","Analog Devices, Inc. Common St","NNM","9813870","10062410","1932026","5.08",,
"2018-05-15","ADP","Automatic Data Processing, Inc","NNM","4494696","4898311","2916765","1.54",,
"2018-05-15","AEP","American Electric Power Compan","NYSE","8834763","8462088","2859985","3.09",,
"2018-05-15","AFL","Aflac Inc.","NYSE","12889609","13230957","3243636","3.97",,
"2018-05-15","AJG","Arthur J. Gallagher & Co.","NYSE","1718506","1782131","1021511","1.68",,
"2018-05-15","ALL","The Allstate Corporation","NYSE","8474277","5792021","2220077","3.82",,
"2018-05-15","AMAT","Applied Materials, Inc. Common","NNM","15039693","16832480","11324231","1.33",,
"2018-05-15","AMD","Advanced Micro Devices, Inc. C","SC","173670091","179441762","43546878","3.99",,
"2018-05-15","AMGN","Amgen Inc. Common Stock","NNM","9623789","9791492","3742959","2.57",,
"2018-05-15","AMT","American Tower Corporation","NYSE","5849613","5784022","2019616","2.90",,
"2018-05-15","AMZN","Amazon.com, Inc. Common Stock","NNM","5347642","5503670","3618486","1.48",,
"2018-05-15","ANET","Arista Networks","NYSE","3386051","2846335","1217754","2.78",,
"2018-05-15","AON","Aon plc Class A","NYSE","2494191","2742162","874480","2.85",,
"2018-05-15","APD","Air Products & Chemicals, Inc.","NYSE","1944496","1899972","1028261","1.89",,
"2018-05-15","APH","Amphenol Corporation","NYSE","4597335","4357903","1260084","3.65",,
"2018-05-15","APO","Apollo Global Management, LLC","NYSE","3662724","3334134","1564551","2.34",,
"2018-05-15","AVGO","Broadcom Inc. Common Stock","NNM","7576742","6743418","3848750","1.97",,
"2018-05-15","AXP","American Express Company","NYSE","6945471","8231458","2862259","2.43",,
"2018-05-15","BA","Boeing Company","NYSE","5731330","5925493","3829335","1.50",,
"2018-05-15","BAC","Bank of America Corporation","NYSE","113247963","120999411","61566872","1.84",,
"2018-05-15","BKNG","Booking Holdings Inc. Common S","NNM","1227219","964095","450631","2.72",,
"2018-05-15","BLK","Blackrock, Inc.","NYSE","1322165","1280623","492349","2.69",,
"2018-05-15","BMY","Bristol-Myers Squibb Co.","NYSE","13425270","12712002","8905436","1.51",,
"2018-05-15","BNY","BlackRock New York Municipal I","NYSE","1365","1035","30240","1.00",,
"2018-05-15","BRKA","Berkshire Hathaway Inc.","NYSE","278","306","319","1.00",,
"2018-05-15","BRKB","BERKSHIRE HATHAWAY Class B","NYSE","11906237","11366946","3799188","3.13",,
"2018-05-15","BSX","Boston Scientific Corp.","NYSE","16642412","16158642","6425104","2.59",,
"2018-05-15","BX","The Blackstone Group L.P","NYSE","14650882","14859667","4397144","3.33",,
"2018-05-15","C","Citigroup Inc.","NYSE","23617711","18305170","14104741","1.67",,
"2018-05-15","CAT","Caterpillar Inc.","NYSE","9449587","9860101","4772732","1.98",,
"2018-05-15","CCZ","Comcast Holdings Corp. 2.0% Ex","NYSE","5","8","40","1.00",,
"2018-05-15","CDNS","Cadence Design Systems, Inc. C","NNM","6238184","6503041","2685960","2.32",,
"2018-05-15","CI","CIGNA Corporation","NYSE","5660595","4668598","2245193","2.52",,
"2018-05-15","CL","Colgate-Palmolive Company","NYSE","13010668","14424249","5267611","2.47",,
"2018-05-15","CMCSA","Comcast Corporation Class A Co","NNM","68311681","66894209","24058126","2.84",,
"2018-05-15","CME","CME Group Inc. Class A Common","NNM","5650978","5886440","1481054","3.82",,
"2018-05-15","CMI","Cummins Inc.","NYSE","3242277","3398102","2138599","1.52",,
"2018-05-15","COF","Capital One Financial","NYSE","4086175","4465166","3220853","1.27",,
"2018-05-15","COP","ConocoPhillips","NYSE","21332737","21010970","7516211","2.84",,
"2018-05-15","COST","Costco Wholesale Corporation C","NNM","8186304","8194952","1892783","4.33",,
"2018-05-15","CRM","salesforce.com, inc.","NYSE","18184717","19472507","4167757","4.36",,
"2018-05-15","CSCO","Cisco Systems, Inc. Common Sto","NNM","55045211","49748052","20437379","2.69",,
"2018-05-15","CSX","CSX Corporation Common Stock","NNM","14310506","16697832","4586038","3.12",,
"2018-05-15","CTAS","Cintas Corporation Common Stoc","NNM","3670803","3583621","405325","9.06",,
"2018-05-15","CVNA","Carvana Co.","NYSE","9719761","9433302","1357999","7.16",,
"2018-05-15","CVS","CVS HEALTH CORPORATION","NYSE","45677764","44363884","11733063","3.89",,
"2018-05-15","CVX","Chevron Corporation","NYSE","22627420","20992487","7042314","3.21",,
"2018-05-15","D","Dominion Energy, Inc Common St","NYSE","27846433","27496836","3372603","8.26",,
"2018-05-15","DE","Deere & Company","NYSE","8674983","7809601","2590709","3.35",,
"2018-05-15","DHR","Danaher Corporation","NYSE","6186020","5831856","2374780","2.60",,
"2018-05-15","DIS","The Walt Disney Company","NYSE","30319248","31127396","10073391","3.01",,
"2018-05-15","DLR","Digital Realty Trust, Inc.","NYSE","7101974","6731633","1287074","5.52",,
"2018-05-15","DUK","Duke Energy Corporation","NYSE","22098988","22041763","3651998","6.05",,
"2018-05-15","ECL","Ecolab, Inc.","NYSE","7683543","7920133","1238979","6.20",,
"2018-05-15","EMR","Emerson Electric Co.","NYSE","7277813","7341095","3535024","2.06",,
"2018-05-15","EOG","EOG Resources, Inc.","NYSE","12899537","12708280","4181977","3.08",,
"2018-05-15","EPD","Enterprise Products Partners L","NYSE","9113971","10808870","5662328","1.61",,
"2018-05-15","EQIX","Equinix, Inc. Common Stock REI","NNM","1448676","1415992","663622","2.18",,
"2018-05-15","FCX","Freeport-McMoran Inc.","NYSE","26603535","34070479","15676462","1.70",,
"2018-05-15","FDX","FedEx Corporation","NYSE","4682918","4385750","1422357","3.29",,
"2018-05-15","FTNT","Fortinet, Inc. Common Stock","NNM","5962608","4974767","1897954","3.14",,
"2018-05-15","GD","General Dynamics Corporation","NYSE","3028004","3187854","1681523","1.80",,
"2018-05-15","GE","General Electric Company","NYSE","138843622","146867158","44646602","3.11",,
"2018-05-15","GILD","Gilead Sciences, Inc. Common S","NNM","16281660","16125787","10599706","1.54",,
"2018-05-15","GLW","Corning Incorporated","NYSE","21120524","16377223","5656919","3.73",,
"2018-05-15","GM","General Motors Company","NYSE","25472749","27843160","8449691","3.01",,
"2018-05-15","GOOG","Alphabet Inc. Class C Capital","NNM","3113635","2571952","1564386","1.99",,
"2018-05-15","GOOGL","Alphabet Inc. Class A Common S","NNM","3327841","2870948","1801506","1.85",,
"2018-05-15","GS","Goldman Sachs Group Inc.","NYSE","5386714","5711394","2729827","1.97",,
"2018-05-15","GWW","W.W. Grainger, Inc.","NYSE","4801346","4956826","581020","8.26",,
"2018-05-15","HCA","HCA Healthcare, Inc.","NYSE","6959241","7267323","1982566","3.51",,
"2018-05-15","HD","Home Depot, Inc.","NYSE","9745637","9806652","4803756","2.03",,
"2018-05-15","HLT","Hilton Worldwide Holdings Inc.","NYSE","6398853","6034383","2550757","2.51",,
"2018-05-15","HON","Honeywell International, Inc.","NYSE","6876956","6796176","2446714","2.81",,
"2018-05-15","HPE","Hewlett Packard Enterprise Com","NYSE","25221630","25232219","9704148","2.60",,
"2018-05-15","IBKR","Interactive Brokers Group, Inc","NNM","3370293","3323318","567468","5.94",,
"2018-05-15","IBM","International Business Machine","NYSE","14445707","12821526","4216035","3.43",,
"2018-05-15","ICE","Intercontinental Exchange  Inc","NYSE","5415774","5835803","3101684","1.75",,
"2018-05-15","INTC","Intel Corporation Common Stock","NNM","81089621","76318858","22367129","3.63",,
"2018-05-15","INTU","Intuit Inc. Common Stock","NNM","3067997","3287505","1187875","2.58",,
"2018-05-15","ISRG","Intuitive Surgical, Inc. Commo","NNM","1712794","1912637","707643","2.42",,
"2018-05-15","ITW","Illinois Tool Works Inc.","NYSE","4192612","3766623","1600665","2.62",,
"2018-05-15","JNJ","Johnson & Johnson","NYSE","18622643","19115179","6184924","3.01",,
"2018-05-15","JPM","JPMorgan Chase & Co.","NYSE","23398638","22841573","11176373","2.09",,
"2018-05-15","KKR","KKR & CO. L.P.","NYSE","6259664","6985922","6912251","1.00",,
"2018-05-15","KLAC","KLA-Tencor Corporation Common","NNM","4894564","4932886","1169147","4.19",,
"2018-05-15","KMI","Kinder Morgan, Inc.","NYSE","47905833","52311137","14250778","3.36",,
"2018-05-15","KO","Coca-Cola Company","NYSE","38873934","39560827","11787600","3.30",,
"2018-05-15","LLY","Eli Lilly & Co.","NYSE","11727477","9806506","4314848","2.72",,
"2018-05-15","LMT","Lockheed Martin Corp.","NYSE","2732197","2530277","2019227","1.35",,
"2018-05-15","LOW","Lowe's Companies Inc.","NYSE","12151384","11767941","4912143","2.47",,
"2018-05-15","LRCX","Lam Research Corporation Commo","NNM","14024314","11953882","2493914","5.62",,
"2018-05-15","MA","Mastercard Incorporated","NYSE","8383488","6849007","4226906","1.98",,
"2018-05-15","MAR","Marriott International Class A","NNM","6560911","7414514","2338996","2.81",,
"2018-05-15","MCD","McDonald's Corporation","NYSE","7561713","8404771","3409462","2.22",,
"2018-05-15","MCK","McKesson Corporation","NYSE","8909882","8468022","1697342","5.25",,
"2018-05-15","MCO","Moody's Corporation","NYSE","3167520","3302681","671954","4.71",,
"2018-05-15","MDLZ","Mondelez International, Inc. C","NNM","15677234","12591019","9541461","1.64",,
"2018-05-15","MDT","Medtronic plc","NYSE","10921203","11902654","5060058","2.16",,
"2018-05-15","MMM","3M Company","NYSE","7569978","6261521","3293237","2.30",,
"2018-05-15","MNST","Monster Beverage Corporation","NNM","7336621","8182766","4668189","1.57",,
"2018-05-15","MO","Altria Group, Inc.","NYSE","20924670","19937431","7493259","2.79",,
"2018-05-15","MPC","MARATHON PETROLEUM CORPORATION","NYSE","17850844","10100514","7756782","2.30",,
"2018-05-15","MPWR","Monolithic Power Systems, Inc.","NNM","1529267","1518502","302822","5.05",,
"2018-05-15","MRK","Merck & Co., Inc.","NYSE","19982433","20402734","9949742","2.01",,
"2018-05-15","MRVL","Marvell Technology Group Ltd.","NNM","47767149","52450814","7754943","6.16",,
"2018-05-15","MS","Morgan Stanley","NYSE","14965800","11336648","8374176","1.79",,
"2018-05-15","MSFT","Microsoft Corporation Common S","NNM","48292076","49562719","24616595","1.96",,
"2018-05-15","MSI","Motorola Solutions, Inc. New","NYSE","5138885","4997458","1452509","3.54",,
"2018-05-15","MU","Micron Technology, Inc. Common","NNM","65486073","57799429","32922047","1.99",,
"2018-05-15","NEE","Nextra Energy, Inc.","NYSE","8780105","7806044","1844675","4.76",,
"2018-05-15","NEM","Newmont Mining Corp.","NYSE","7414678","7150503","3960758","1.87",,
"2018-05-15","NFLX","Netflix, Inc. Common Stock","NNM","20087654","18941243","5661873","3.55",,
"2018-05-15","NKE","Nike, Inc.","NYSE","22126686","23113998","5376373","4.12",,
"2018-05-15","NOC","Northrop Grumman Corp.","NYSE","1867945","1510662","1575546","1.19",,
"2018-05-15","NOW","SERVICENOW, INC.","NYSE","9686844","9506982","2015971","4.81",,
"2018-05-15","NSC","Norfolk Southern Corp.","NYSE","6655228","5932756","1560295","4.27",,
"2018-05-15","NVDA","NVIDIA Corporation Common Stoc","NNM","13664405","14629593","15585003","1.00",,
"2018-05-15","ORCL","Oracle Corp","NYSE","31206000","33753230","10692810","2.92",,
"2018-05-15","ORLY","O'Reilly Automotive, Inc. Comm","NNM","3914590","3783541","760312","5.15",,
"2018-05-15","PANW","PALO ALTO NETWORKS, INC","NYSE","4452859","4802799","1063871","4.19",,
"2018-05-15","PCAR","PACCAR Inc. Common Stock","NNM","8668070","8734725","2214224","3.91",,
"2018-05-15","PEP","PepsiCo, Inc. Common Stock","NNM","6805830","7904516","5050947","1.35",,
"2018-05-15","PFE","Pfizer Inc.","NYSE","63688761","65448096","24821410","2.57",,
"2018-05-15","PG","Procter & Gamble Company","NYSE","29926614","31698637","8548087","3.50",,
"2018-05-15","PGR","Progressive Corporation","NYSE","8637962","7012484","2774351","3.11",,
"2018-05-15","PH","Parker Hannifin Corp","NYSE","3125593","2194907","1129811","2.77",,
"2018-05-15","PLD","PROLOGIS, INC.","NYSE","11042401","7209679","3060505","3.61",,
"2018-05-15","PM","Philip Morris International In","NYSE","11310305","10584449","5592822","2.02",,
"2018-05-15","PNC","PNC Financial Services Group","NYSE","5564637","5665782","1957959","2.84",,
"2018-05-15","PSX","PHILLIPS 66","NYSE","7423489","5355266","2708495","2.74",,
"2018-05-15","PWR","Quanta Services, Inc.","NYSE","3269529","2145256","1548598","2.11",,
"2018-05-15","QCOM","QUALCOMM Incorporated Common S","NNM","18585399","16885928","9929341","1.87",,
"2018-05-15","RCL","Royal Caribbean Cruises Ltd.","NYSE","3843063","3656630","2152674","1.79",,
"2018-05-15","REGN","Regeneron Pharmaceuticals, Inc","NNM","2848456","2677292","1198796","2.38",,
"2018-05-15","ROST","Ross Stores, Inc. Common Stock","NNM","4313263","3379629","2378188","1.81",,
"2018-05-15","RSG","Republic Services Inc.","NYSE","5392858","5429386","1627170","3.31",,
"2018-05-15","SBUX","Starbucks Corporation Common S","NNM","27530713","26105096","7402516","3.72",,
"2018-05-15","SCCO","Southern Copper Corporation","NYSE","8607031","10119809","970177","8.87",,
"2018-05-15","SCHW","The Charles Schwab Corporation","NYSE","28516448","22968708","5983065","4.77",,
"2018-05-15","SHW","The Sherwin-Williams Company","NYSE","2124856","1880839","665557","3.19",,
"2018-05-15","SNPS","Synopsys, Inc. Common Stock","NNM","1957548","1931653","934407","2.09",,
"2018-05-15","SO","The Southern Company","NYSE","30871687","32370010","4781636","6.46",,
"2018-05-15","SPG","Simon Property Group, Inc.","NYSE","14819377","13715365","1868790","7.93",,
"2018-05-15","SPGI","S&P Global Inc.","NYSE","3083837","3392668","1085386","2.84",,
"2018-05-15","SYK","Stryker Corporation","NYSE","5454565","5683259","1127551","4.84",,
"2018-05-15","T","AT&T Inc.","NYSE","193912432","192500860","31811778","6.10",,
"2018-05-15","TDG","TransDigm Group Incorporated","NYSE","4044406","4467213","397724","10.17",,
"2018-05-15","TGT","Target Corporation","NYSE","38471597","39657474","4442882","8.66",,
"2018-05-15","TJX","TJX Companies, Inc. (The)","NYSE","11598222","13510336","2975891","3.90",,
"2018-05-15","TMO","Thermo Fisher Scientific, Inc.","NYSE","4279901","4823838","1373877","3.12",,
"2018-05-15","TMUS","T-Mobile US, Inc. Common Stock","NNM","12579121","9998674","6845271","1.84",,
"2018-05-15","TRV","The Travelers Companies, Inc.","NYSE","3400858","3740163","1422029","2.39",,
"2018-05-15","TSLA","Tesla, Inc. Common Stock","NNM","38877084","39093198","7904957","4.92",,
"2018-05-15","TXN","Texas Instruments Incorporated","NNM","13155840","11625720","4713960","2.79",,
"2018-05-15","UNH","UNITEDHEALTH GROUP INCORPORATE","NYSE","7778928","7850697","2895622","2.69",,
"2018-05-15","UNP","Union Pacific Corp.","NYSE","11910835","10194252","3303897","3.61",,
"2018-05-15","UPS","United Parcel Service, Inc. Cl","NYSE","14547200","14528906","3366826","4.32",,
"2018-05-15","URI","United Rentals, Inc.","NYSE","3697031","3205802","1319550","2.80",,
"2018-05-15","USB","U.S. Bancorp","NYSE","12321099","13159622","5783164","2.13",,
"2018-05-15","V","VISA Inc.","NYSE","29909149","29382507","6088475","4.91",,
"2018-05-15","VLO","Valero Energy Corporation","NYSE","12008959","11281201","4078078","2.94",,
"2018-05-15","VRTX","Vertex Pharmaceuticals Incorpo","NNM","3838528","3171835","1679158","2.29",,
"2018-05-15","VZ","Verizon Communications","NYSE","28687589","34362228","15973744","1.80",,
"2018-05-15","WDC","Western Digital Corporation Co","NNM","8445345","5983399","4432740","1.91",,
"2018-05-15","WELL","Welltower Inc.","NYSE","9482851","9360955","2634973","3.60",,
"2018-05-15","WFC","Wells Fargo & Co.","NYSE","35553938","31180217","16584785","2.14",,
"2018-05-15","WM","Waste Management, Inc.","NYSE","5544473","5013754","1947604","2.85",,
"2018-05-15","WMB","Williams Companies Inc.","NYSE","16793782","18005639","6912497","2.43",,
"2018-05-15","WMT","Walmart Inc.","NYSE","39887479","39871316","11009374","3.62",,
"2018-05-15","XOM","Exxon Mobil Corporation","NYSE","36837391","28989803","14436212","2.55",,
"2018-05-31","AAPL","Apple Inc. Common Stock","NNM","45958599","46385494","19805941","2.32",,
"2018-05-31","ABBV","ABBVIE INC.","NYSE","43501770","24096693","14776682","2.94",,
"2018-05-31","ABT","Abbott Laboratories","NYSE","14024140","13219417","5154650","2.72",,
"2018-05-31","ADBE","Adobe Systems Incorporated Com","NNM","5404591","6265386","2370711","2.28",,
"2018-05-31","ADI","Analog Devices, Inc. Common St","NNM","8112100","9813870","2658964","3.05",,
"2018-05-31","ADP","Automatic Data Processing, Inc","NNM","4748050","4494696","1756709","2.70",,
"2018-05-31","AEP","American Electric Power Compan","NYSE","8204892","8834763","2943576","2.79",,
"2018-05-31","AFL","Aflac Inc.","NYSE","14523217","12889609","3275602","4.43",,
"2018-05-31","AJG","Arthur J. Gallagher & Co.","NYSE","1796621","1718506","902603","1.99",,
"2018-05-31","ALL","The Allstate Corporation","NYSE","6132772","8474277","1635475","3.75",,
"2018-05-31","AMAT","Applied Materials, Inc. Common","NNM","17996197","15039693","18294974","1.00",,
"2018-05-31","AMD","Advanced Micro Devices, Inc. C","SC","174573406","173670091","48856273","3.57",,
"2018-05-31","AMGN","Amgen Inc. Common Stock","NNM","10716868","9623789","2810285","3.81",,
"2018-05-31","AMT","American Tower Corporation","NYSE","5191547","5849613","2209430","2.35",,
"2018-05-31","AMZN","Amazon.com, Inc. Common Stock","NNM","4938891","5347642","2894647","1.71",,
"2018-05-31","ANET","Arista Networks","NYSE","3471025","3386051","795692","4.36",,
"2018-05-31","AON","Aon plc Class A","NYSE","2363813","2494191","879006","2.69",,
"2018-05-31","APD","Air Products & Chemicals, Inc.","NYSE","1927983","1944496","832353","2.32",,
"2018-05-31","APH","Amphenol Corporation","NYSE","4338869","4597335","1111526","3.90",,
"2018-05-31","APO","Apollo Global Management, LLC","NYSE","3964870","3662724","788616","5.03",,
"2018-05-31","AVGO","Broadcom Inc. Common Stock","NNM","7579641","7576742","2652141","2.86",,
"2018-05-31","AXP","American Express Company","NYSE","6075232","6945471","2709386","2.24",,
"2018-05-31","BA","Boeing Company","NYSE","5213983","5731330","3962741","1.32",,
"2018-05-31","BAC","Bank of America Corporation","NYSE","128834868","113247963","67031387","1.92",,
"2018-05-31","BKNG","Booking Holdings Inc. Common S","NNM","1201190","1227219","340299","3.53",,
"2018-05-31","BLK","Blackrock, Inc.","NYSE","1359888","1322165","442434","3.07",,
"2018-05-31","BMY","Bristol-Myers Squibb Co.","NYSE","13127149","13425270","6075996","2.16",,
"2018-05-31","BNY","BlackRock New York Municipal I","NYSE","4001","1365","19471","1.00",,
"2018-05-31","BRKA","Berkshire Hathaway Inc.","NYSE","563","278","307","1.83",,
"2018-05-31","BRKB","BERKSHIRE HATHAWAY Class B","NYSE","11636519","11906237","4010633","2.90",,
"2018-05-31","BSX","Boston Scientific Corp.","NYSE","14367253","16642412","5440067","2.64",,
"2018-05-31","BX","The Blackstone Group L.P","NYSE","10461912","14650882","3471204","3.01",,
"2018-05-31","C","Citigroup Inc.","NYSE","19491005","23617711","17487485","1.11",,
"2018-05-31","CAT","Caterpillar Inc.","NYSE","8682386","9449587","3556485","2.44",,
"2018-05-31","CDNS","Cadence Design Systems, Inc. C","NNM","6526018","6238184","2554972","2.55",,
"2018-05-31","CI","CIGNA Corporation","NYSE","5252390","5660595","1404855","3.74",,
"2018-05-31","CL","Colgate-Palmolive Company","NYSE","12480670","13010668","4356536","2.86",,
"2018-05-31","CMCSA","Comcast Corporation Class A Co","NNM","72425773","68311681","20818114","3.48",,
"2018-05-31","CME","CME Group Inc. Class A Common","NNM","6613395","5650978","1621428","4.08",,
"2018-05-31","CMI","Cummins Inc.","NYSE","3537426","3242277","1238301","2.86",,
"2018-05-31","COF","Capital One Financial","NYSE","4527173","4086175","2642988","1.71",,
"2018-05-31","COP","ConocoPhillips","NYSE","18272422","21332737","6617349","2.76",,
"2018-05-31","COST","Costco Wholesale Corporation C","NNM","7851456","8186304","2054013","3.82",,
"2018-05-31","CRM","salesforce.com, inc.","NYSE","17896069","18184717","5483222","3.26",,
"2018-05-31","CSCO","Cisco Systems, Inc. Common Sto","NNM","47425601","55045211","25015363","1.90",,
"2018-05-31","CSX","CSX Corporation Common Stock","NNM","13077572","14310506","3875187","3.37",,
"2018-05-31","CTAS","Cintas Corporation Common Stoc","NNM","3587921","3670803","428542","8.37",,
"2018-05-31","CVNA","Carvana Co.","NYSE","10153338","9719761","804748","12.62",,
"2018-05-31","CVS","CVS HEALTH CORPORATION","NYSE","43768296","45677764","6441223","6.80",,
"2018-05-31","CVX","Chevron Corporation","NYSE","19616235","22627420","6399060","3.07",,
"2018-05-31","D","Dominion Energy, Inc Common St","NYSE","31043067","27846433","4059332","7.65",,
"2018-05-31","DE","Deere & Company","NYSE","9327573","8674983","3514550","2.65",,
"2018-05-31","DHR","Danaher Corporation","NYSE","5566826","6186020","1787076","3.12",,
"2018-05-31","DIS","The Walt Disney Company","NYSE","30131543","30319248","7662726","3.93",,
"2018-05-31","DLR","Digital Realty Trust, Inc.","NYSE","6113871","7101974","1053036","5.81",,
"2018-05-31","DUK","Duke Energy Corporation","NYSE","22414535","22098988","3540169","6.33",,
"2018-05-31","ECL","Ecolab, Inc.","NYSE","7281864","7683543","1023664","7.11",,
"2018-05-31","EMR","Emerson Electric Co.","NYSE","7934490","7277813","2301481","3.45",,
"2018-05-31","EOG","EOG Resources, Inc.","NYSE","12604200","12899537","3531323","3.57",,
"2018-05-31","EPD","Enterprise Products Partners L","NYSE","11424230","9113971","4576977","2.50",,
"2018-05-31","EQIX","Equinix, Inc. Common Stock REI","NNM","1322210","1448676","545575","2.42",,
"2018-05-31","FCX","Freeport-McMoran Inc.","NYSE","23486112","26603535","16087203","1.46",,
"2018-05-31","FDX","FedEx Corporation","NYSE","4894906","4682918","1171199","4.18",,
"2018-05-31","FTNT","Fortinet, Inc. Common Stock","NNM","6124877","5962608","1553917","3.94",,
"2018-05-31","GD","General Dynamics Corporation","NYSE","3004218","3028004","1372118","2.19",,
"2018-05-31","GE","General Electric Company","NYSE","146492546","138843622","69957486","2.09",,
"2018-05-31","GILD","Gilead Sciences, Inc. Common S","NNM","18137359","16281660","6570454","2.76",,
"2018-05-31","GLW","Corning Incorporated","NYSE","23480150","21120524","5766713","4.07",,
"2018-05-31","GM","General Motors Company","NYSE","22283324","25472749","13015483","1.71",,
"2018-05-31","GOOG","Alphabet Inc. Class C Capital","NNM","2827693","3113635","1330386","2.13",,
"2018-05-31","GOOGL","Alphabet Inc. Class A Common S","NNM","3159592","3327841","1567618","2.02",,
"2018-05-31","GS","Goldman Sachs Group Inc.","NYSE","5181912","5386714","3004129","1.72",,
"2018-05-31","GWW","W.W. Grainger, Inc.","NYSE","5168192","4801346","703882","7.34",,
"2018-05-31","HCA","HCA Healthcare, Inc.","NYSE","6644902","6959241","1664307","3.99",,
"2018-05-31","HD","Home Depot, Inc.","NYSE","9180999","9745637","4573113","2.01",,
"2018-05-31","HLT","Hilton Worldwide Holdings Inc.","NYSE","5291748","6398853","2701399","1.96",,
"2018-05-31","HON","Honeywell International, Inc.","NYSE","7287146","6876956","2694674","2.70",,
"2018-05-31","HPE","Hewlett Packard Enterprise Com","NYSE","34932551","25221630","17222521","2.03",,
"2018-05-31","IBKR","Interactive Brokers Group, Inc","NNM","2621018","3370293","728766","3.60",,
"2018-05-31","IBM","International Business Machine","NYSE","14591674","14445707","3857859","3.78",,
"2018-05-31","ICE","Intercontinental Exchange  Inc","NYSE","5167825","5415774","2213805","2.33",,
"2018-05-31","INTC","Intel Corporation Common Stock","NNM","83736221","81089621","21753904","3.85",,
"2018-05-31","INTU","Intuit Inc. Common Stock","NNM","2988450","3067997","1722141","1.74",,
"2018-05-31","ISRG","Intuitive Surgical, Inc. Commo","NNM","1918539","1712794","790620","2.43",,
"2018-05-31","ITW","Illinois Tool Works Inc.","NYSE","3736920","4192612","1476272","2.53",,
"2018-05-31","JNJ","Johnson & Johnson","NYSE","18025692","18622643","6499915","2.77",,
"2018-05-31","JPM","JPMorgan Chase & Co.","NYSE","24588032","23398638","13700840","1.79",,
"2018-05-31","KKR","KKR & CO. L.P.","NYSE","6011705","6259664","2653198","2.27",,
"2018-05-31","KLAC","KLA-Tencor Corporation Common","NNM","5912656","4894564","1266477","4.67",,
"2018-05-31","KMI","Kinder Morgan, Inc.","NYSE","44679811","47905833","16156628","2.77",,
"2018-05-31","KO","Coca-Cola Company","NYSE","37275053","38873934","11208276","3.33",,
"2018-05-31","LLY","Eli Lilly & Co.","NYSE","12573907","11727477","3577252","3.51",,
"2018-05-31","LMT","Lockheed Martin Corp.","NYSE","2292090","2732197","1158567","1.98",,
"2018-05-31","LOW","Lowe's Companies Inc.","NYSE","13922815","12151384","8158189","1.71",,
"2018-05-31","LRCX","Lam Research Corporation Commo","NNM","13632654","14024314","2701591","5.05",,
"2018-05-31","MA","Mastercard Incorporated","NYSE","7740684","8383488","3072898","2.52",,
"2018-05-31","MAR","Marriott International Class A","NNM","6548471","6560911","1520633","4.31",,
"2018-05-31","MCD","McDonald's Corporation","NYSE","6694166","7561713","3066691","2.18",,
"2018-05-31","MCK","McKesson Corporation","NYSE","9179653","8909882","1981182","4.63",,
"2018-05-31","MCO","Moody's Corporation","NYSE","3126482","3167520","769038","4.07",,
"2018-05-31","MDLZ","Mondelez International, Inc. C","NNM","22968882","15677234","7856354","2.92",,
"2018-05-31","MDT","Medtronic plc","NYSE","9743367","10921203","4820426","2.02",,
"2018-05-31","MMM","3M Company","NYSE","7737257","7569978","2615233","2.96",,
"2018-05-31","MNST","Monster Beverage Corporation","NNM","9782027","7336621","4356089","2.25",,
"2018-05-31","MO","Altria Group, Inc.","NYSE","20963667","20924670","8036748","2.61",,
"2018-05-31","MPC","MARATHON PETROLEUM CORPORATION","NYSE","21197606","17850844","6000578","3.53",,
"2018-05-31","MPWR","Monolithic Power Systems, Inc.","NNM","1464488","1529267","239473","6.12",,
"2018-05-31","MRK","Merck & Co., Inc.","NYSE","18208445","19982433","9000945","2.02",,
"2018-05-31","MRVL","Marvell Technology Group Ltd.","NNM","52740778","47767149","9337043","5.65",,
"2018-05-31","MS","Morgan Stanley","NYSE","10105293","14965800","9476992","1.07",,
"2018-05-31","MSFT","Microsoft Corporation Common S","NNM","52207161","48292076","21667652","2.41",,
"2018-05-31","MSI","Motorola Solutions, Inc. New","NYSE","5378704","5138885","1581656","3.40",,
"2018-05-31","MU","Micron Technology, Inc. Common","NNM","60317693","65486073","72559486","1.00",,
"2018-05-31","NEE","Nextra Energy, Inc.","NYSE","9085635","8780105","1872118","4.85",,
"2018-05-31","NEM","Newmont Mining Corp.","NYSE","6220246","7414678","3842279","1.62",,
"2018-05-31","NFLX","Netflix, Inc. Common Stock","NNM","19691045","20087654","7243597","2.72",,
"2018-05-31","NKE","Nike, Inc.","NYSE","21821106","22126686","6402328","3.41",,
"2018-05-31","NOC","Northrop Grumman Corp.","NYSE","1888060","1867945","1150616","1.64",,
"2018-05-31","NOW","SERVICENOW, INC.","NYSE","10269119","9686844","1479519","6.94",,
"2018-05-31","NSC","Norfolk Southern Corp.","NYSE","6783635","6655228","1611358","4.21",,
"2018-05-31","NVDA","NVIDIA Corporation Common Stoc","NNM","12294495","13664405","11676105","1.05",,
"2018-05-31","ORCL","Oracle Corp","NYSE","31014903","31206000","12357127","2.51",,
"2018-05-31","ORLY","O'Reilly Automotive, Inc. Comm","NNM","3417418","3914590","733091","4.66",,
"2018-05-31","PANW","PALO ALTO NETWORKS, INC","NYSE","4371006","4452859","1018890","4.29",,
"2018-05-31","PCAR","PACCAR Inc. Common Stock","NNM","8714889","8668070","1584729","5.50",,
"2018-05-31","PEP","PepsiCo, Inc. Common Stock","NNM","8859771","6805830","6499839","1.36",,
"2018-05-31","PFE","Pfizer Inc.","NYSE","61705171","63688761","19319820","3.19",,
"2018-05-31","PG","Procter & Gamble Company","NYSE","28922119","29926614","8254724","3.50",,
"2018-05-31","PGR","Progressive Corporation","NYSE","7993834","8637962","3467858","2.31",,
"2018-05-31","PH","Parker Hannifin Corp","NYSE","2949480","3125593","883331","3.34",,
"2018-05-31","PLD","PROLOGIS, INC.","NYSE","11325611","11042401","2818767","4.02",,
"2018-05-31","PM","Philip Morris International In","NYSE","10887717","11310305","6684191","1.63",,
"2018-05-31","PNC","PNC Financial Services Group","NYSE","5516981","5564637","1909161","2.89",,
"2018-05-31","PSX","PHILLIPS 66","NYSE","6995460","7423489","2946811","2.37",,
"2018-05-31","PWR","Quanta Services, Inc.","NYSE","2818582","3269529","1055370","2.67",,
"2018-05-31","QCOM","QUALCOMM Incorporated Common S","NNM","26092540","18585399","11608365","2.25",,
"2018-05-31","RCL","Royal Caribbean Cruises Ltd.","NYSE","3315555","3843063","1743281","1.90",,
"2018-05-31","REGN","Regeneron Pharmaceuticals, Inc","NNM","2621157","2848456","729997","3.59",,
"2018-05-31","ROST","Ross Stores, Inc. Common Stock","NNM","4919375","4313263","3771347","1.30",,
"2018-05-31","RSG","Republic Services Inc.","NYSE","5126250","5392858","1240062","4.13",,
"2018-05-31","SBUX","Starbucks Corporation Common S","NNM","29508014","27530713","6258459","4.71",,
"2018-05-31","SCCO","Southern Copper Corporation","NYSE","9018535","8607031","868752","10.38",,
"2018-05-31","SCHW","The Charles Schwab Corporation","NYSE","20838641","28516448","6771297","3.08",,
"2018-05-31","SHW","The Sherwin-Williams Company","NYSE","2248296","2124856","927745","2.42",,
"2018-05-31","SNPS","Synopsys, Inc. Common Stock","NNM","2206577","1957548","1168173","1.89",,
"2018-05-31","SO","The Southern Company","NYSE","33095720","30871687","5678435","5.83",,
"2018-05-31","SPG","Simon Property Group, Inc.","NYSE","14604509","14819377","1484754","9.84",,
"2018-05-31","SPGI","S&P Global Inc.","NYSE","2205425","3083837","1138799","1.94",,
"2018-05-31","SYK","Stryker Corporation","NYSE","5720489","5454565","952489","6.01",,
"2018-05-31","T","AT&T Inc.","NYSE","195300319","193912432","26180108","7.46",,
"2018-05-31","TDG","TransDigm Group Incorporated","NYSE","4428932","4044406","296427","14.94",,
"2018-05-31","TGT","Target Corporation","NYSE","34459878","38471597","7579353","4.55",,
"2018-05-31","TJX","TJX Companies, Inc. (The)","NYSE","11387153","11598222","4810561","2.37",,
"2018-05-31","TMO","Thermo Fisher Scientific, Inc.","NYSE","3233449","4279901","1342415","2.41",,
"2018-05-31","TMUS","T-Mobile US, Inc. Common Stock","NNM","12055734","12579121","3176927","3.79",,
"2018-05-31","TRV","The Travelers Companies, Inc.","NYSE","3476508","3400858","1089807","3.19",,
"2018-05-31","TSLA","Tesla, Inc. Common Stock","NNM","39075421","38877084","6238439","6.26",,
"2018-05-31","TXN","Texas Instruments Incorporated","NNM","14240388","13155840","4007044","3.55",,
"2018-05-31","UNH","UNITEDHEALTH GROUP INCORPORATE","NYSE","7132133","7778928","2489316","2.87",,
"2018-05-31","UNP","Union Pacific Corp.","NYSE","15243091","11910835","3139457","4.86",,
"2018-05-31","UPS","United Parcel Service, Inc. Cl","NYSE","13494672","14547200","2809810","4.80",,
"2018-05-31","URI","United Rentals, Inc.","NYSE","3552157","3697031","1006521","3.53",,
"2018-05-31","USB","U.S. Bancorp","NYSE","12951186","12321099","6892990","1.88",,
"2018-05-31","V","VISA Inc.","NYSE","28249762","29909149","7326277","3.86",,
"2018-05-31","VLO","Valero Energy Corporation","NYSE","11292145","12008959","3670089","3.08",,
"2018-05-31","VRTX","Vertex Pharmaceuticals Incorpo","NNM","3221700","3838528","1051512","3.06",,
"2018-05-31","VZ","Verizon Communications","NYSE","31138443","28687589","13050739","2.39",,
"2018-05-31","WDC","Western Digital Corporation Co","NNM","9001168","8445345","4161462","2.16",,
"2018-05-31","WELL","Welltower Inc.","NYSE","9033047","9482851","2168062","4.17",,
"2018-05-31","WFC","Wells Fargo & Co.","NYSE","43993394","35553938","19997477","2.20",,
"2018-05-31","WM","Waste Management, Inc.","NYSE","5585887","5544473","2048051","2.73",,
"2018-05-31","WMB","Williams Companies Inc.","NYSE","23573695","16793782","9865481","2.39",,
"2018-05-31","WMT","Walmart Inc.","NYSE","39117443","39887479","11580047","3.38",,
"2018-05-31","XOM","Exxon Mobil Corporation","NYSE","34161519","36837391","12776320","2.67",,
"2017-12-29","AAPL","Apple Inc. - Common Stock","NNM","45746430","52153724","23901107","1.91",,
"2017-12-29","ABBV","AbbVie Inc.","NYSE","15098374","16794110","2828837","5.34",,
"2017-12-29","ABT","Abbott Laboratories","NYSE","9790994","11572485","5837532","1.68",,
"2017-12-29","ADBE","Adobe Systems Incorporated - C","NNM","3678787","4075129","1976601","1.86",,
"2017-12-29","ADI","Analog Devices, Inc. - Common","NNM","7985485","7887667","2125293","3.76",,
"2017-12-29","ADP","Automatic Data Processing, Inc","NNM","4032168","4672616","1309609","3.08",,
"2017-12-29","AEP","American Electric Power","NYSE","6725405","7038320","2255874","2.98",,
"2017-12-29","AFL","Aflac","NYSE","6487984","7652009","1599451","4.06",,
"2017-12-29","AJG","Arthur J Gallagher & Co","NYSE","3221035","3853133","891592","3.61",,
"2017-12-29","ALL","Allstate","NYSE","6553756","8062492","1217078","5.38",,
"2017-12-29","AMAT","Applied Materials, Inc. - Comm","NNM","10945191","14392492","8639758","1.27",,
"2017-12-29","AMD","Advanced Micro Devices, Inc. C","SC","167462528","176543822","33379755","5.02",,
"2017-12-29","AMGN","Amgen Inc. - Common Stock","NNM","8992900","10311958","2074172","4.34",,
"2017-12-29","AMT","American Tower","NYSE","5471987","5593221","1921306","2.85",,
"2017-12-29","AMZN","Amazon.com, Inc. - Common Stoc","NNM","5047072","5658982","2251384","2.24",,
"2017-12-29","ANET","Arista Networks","NYSE","2941671","3088294","553205","5.32",,
"2017-12-29","AON","AON Corporation","NYSE","3806839","3674872","961338","3.96",,
"2017-12-29","APD","Air Prod Chem","NYSE","1892903","2143958","791432","2.39",,
"2017-12-29","APH","Amphenol","NYSE","3906668","4805927","934285","4.18",,
"2017-12-29","APO","Apollo Global Management Llc","NYSE","3639373","3538667","618196","5.89",,
"2017-12-29","AVGO","Broadcom Limited Ordinary Shar","NNM","3856192","4869349","2117539","1.82",,
"2017-12-29","AXP","American Express","NYSE","10985149","11765829","2477359","4.43",,
"2017-12-29","BA","Boeing","NYSE","6719155","7636880","2435916","2.76",,
"2017-12-29","BAC","Bank Of America","NYSE","140151993","151133919","55892230","2.51",,
"2017-12-29","BLK","Blackrock","NYSE","1446361","1587984","300856","4.81",,
"2017-12-29","BMY","Bristol Myers Squibb","NYSE","7943598","11456997","4850958","1.64",,
"2017-12-29","BNY","Blackrock New York Muni Tr","NYSE","10554","44775","55809","1.00",,
"2017-12-29","BRKA","Berkshire Hathaway","NYSE","356","345","256","1.39",,
"2017-12-29","BRKB","Berkshire Hathaway Class B","NYSE","9210097","9849705","3358619","2.74",,
"2017-12-29","BSX","Boston Scientific","NYSE","10424028","11837831","6231575","1.67",,
"2017-12-29","BX","The Blackstone Group Lp","NYSE","22683983","13104776","3959040","5.73",,
"2017-12-29","C","Citigroup","NYSE","27646259","33216191","13155824","2.10",,
"2017-12-29","CAT","Caterpillar","NYSE","11365941","12954917","3082229","3.69",,
"2017-12-29","CCZ","Comcast Holdings Corporation","NYSE","347","576","405","1.00",,
"2017-12-29","CDNS","Cadence Design Systems, Inc. -","NNM","7392874","6415726","1800412","4.11",,
"2017-12-29","CI","Cigna Corporation","NYSE","3025003","3920000","1081874","2.80",,
"2017-12-29","CL","Colgate Palmolive","NYSE","8594662","9396481","2370088","3.63",,
"2017-12-29","CMCSA","Comcast Corporation - Class A","NNM","64045373","61222844","16528555","3.87",,
"2017-12-29","CME","CME Group Inc. - Class A Commo","NNM","4225725","5149526","1284943","3.29",,
"2017-12-29","CMI","Cummins Inc","NYSE","4735497","5021290","810342","5.84",,
"2017-12-29","COF","Capital One Financial","NYSE","5154348","6509624","1740019","2.96",,
"2017-12-29","COP","Conoco Phillips","NYSE","22963598","23253775","5070692","4.53",,
"2017-12-29","COST","Costco Wholesale Corporation C","NNM","9733639","11765977","2186073","4.45",,
"2017-12-29","CRM","Salesforce Com Inc","NYSE","15144313","16388976","3039258","4.98",,
"2017-12-29","CSCO","Cisco Systems, Inc. - Common S","NNM","47659795","59948639","14241756","3.35",,
"2017-12-29","CSX","CSX Corporation Common Stock","NNM","14751121","17185013","9184425","1.61",,
"2017-12-29","CTAS","Cintas Corporation - Common St","NNM","3681387","3719443","776552","4.74",,
"2017-12-29","CVNA","Carvana Co.","NYSE","7725196","8369047","425202","18.17",,
"2017-12-29","CVS","CVS Health Corporation","NYSE","32959903","31227273","7767991","4.24",,
"2017-12-29","CVX","Chevron Corporation","NYSE","21860460","23800778","4800654","4.55",,
"2017-12-29","D","Dominion Energy, Inc.","NYSE","14845955","14945885","2256960","6.58",,
"2017-12-29","DE","Deere & Company","NYSE","9062733","9312811","1774629","5.11",,
"2017-12-29","DHR","Danaher","NYSE","5672698","6011993","1874070","3.03",,
"2017-12-29","DIS","Walt Disney","NYSE","21073177","18876096","7316831","2.88",,
"2017-12-29","DLR","Digital Realty Trust","NYSE","6683829","9471554","1056775","6.32",,
"2017-12-29","DUK","Duke Energy Corp","NYSE","8088569","8747231","2162749","3.74",,
"2017-12-29","ECL","Ecolab","NYSE","7107793","6841745","934240","7.61",,
"2017-12-29","EMR","Emerson Electric","NYSE","6793797","8345432","2488884","2.73",,
"2017-12-29","EOG","EOG Resources","NYSE","8645066","8843196","2217522","3.90",,
"2017-12-29","EPD","Enterprise Products Partners","NYSE","21900404","29022725","6337540","3.46",,
"2017-12-29","EQIX","Equinix, Inc. Common Stock REI","NNM","1729701","1692263","376113","4.60",,
"2017-12-29","FCX","Freeport-McMoRan Inc.","NYSE","31119958","35651430","18470372","1.68",,
"2017-12-29","FDX","Fedex","NYSE","3841579","4141301","2068516","1.86",,
"2017-12-29","FTNT","Fortinet, Inc. Common Stock","NNM","4649147","5066171","1439261","3.23",,
"2017-12-29","GD","General Dynamics","NYSE","2084606","1956078","981858","2.12",,
"2017-12-29","GE","General Electric","NYSE","112836951","120142785","62396842","1.81",,
"2017-12-29","GILD","Gilead Sciences, Inc. - Common","NNM","17982588","23511423","6470028","2.78",,
"2017-12-29","GLW","Corning","NYSE","26416142","27886895","3020577","8.75",,
"2017-12-29","GM","General Motors Company","NYSE","37356464","40284205","8774714","4.26",,
"2017-12-29","GOOG","Alphabet Inc. Class C Capital","NNM","3747634","3887789","1074503","3.49",,
"2017-12-29","GOOGL","Alphabet Inc. Class A Common S","NNM","2717566","3013489","1185517","2.29",,
"2017-12-29","GS","Goldman Sachs Group","NYSE","4934970","6674805","2104392","2.35",,
"2017-12-29","GWW","W.W. Grainger, Inc.","NYSE","6934244","7624013","545990","12.70",,
"2017-12-29","HCA","HCA Healthcare, Inc.","NYSE","8398068","9459512","1939687","4.33",,
"2017-12-29","HD","Home Depot","NYSE","11879634","10541121","4531420","2.62",,
"2017-12-29","HLT","Hilton Worldwide Holdings Inc.","NYSE","4296150","4926741","1414767","3.04",,
"2017-12-29","HON","Honeywell International Inc","NYSE","9405551","9694547","2768398","3.40",,
"2017-12-29","HPE","Hewlett Packard Enterprise Com","NYSE","26285591","31356147","6743642","3.90",,
"2017-12-29","IBKR","Interactive Brokers Group, Inc","NNM","3656751","3926045","1653864","2.21",,
"2017-12-29","IBM","Intl Business Machines","NYSE","14165236","15992241","3420273","4.14",,
"2017-12-29","ICE","Intercontinental Exchange, Inc","NYSE","4395775","4136706","2412579","1.82",,
"2017-12-29","INTC","Intel Corporation - Common Sto","NNM","116407121","152465731","29501283","3.95",,
"2017-12-29","INTU","Intuit Inc. - Common Stock","NNM","2380775","2426933","1022484","2.33",,
"2017-12-29","ISRG","Intuitive Surgical, Inc. - Com","NNM","2383631","2535694","592827","4.02",,
"2017-12-29","ITW","Illinois Tool Works","NYSE","3123551","3509791","908449","3.44",,
"2017-12-29","JNJ","Johnson & Johnson","NYSE","16159731","16029504","4846227","3.33",,
"2017-12-29","JPM","JPMorgan Chase & Co.","NYSE","27572737","29001009","10902017","2.53",,
"2017-12-29","KKR","KKR & Company L.P.","NYSE","7269175","9786666","2675550","2.72",,
"2017-12-29","KLAC","KLA-Tencor Corporation - Commo","NNM","2779276","3504900","1080109","2.57",,
"2017-12-29","KMI","Kinder Morgan Inc","NYSE","46662678","48365316","11891132","3.92",,
"2017-12-29","KO","Coca-cola","NYSE","30667056","34265220","7495086","4.09",,
"2017-12-29","LLY","Eli Lilly & Company","NYSE","12182388","13818300","2380958","5.12",,
"2017-12-29","LMT","Lockheed Martin","NYSE","2430158","2627150","786052","3.09",,
"2017-12-29","LOW","Lowes Companies","NYSE","9602883","10425071","4586347","2.09",,
"2017-12-29","LRCX","Lam Research Corporation - Com","NNM","11464129","13157247","2150785","5.33",,
"2017-12-29","MA","Mastercard Incorporated","NYSE","6336131","7585330","2186571","2.90",,
"2017-12-29","MAR","Marriot International Class A","NNM","11521455","11320301","2193341","5.25",,
"2017-12-29","MCD","Mcdonalds","NYSE","6021720","7161038","2306048","2.61",,
"2017-12-29","MCK","Mckesson Corporation","NYSE","6576267","7590622","1232944","5.33",,"R"
"2017-12-29","MCO","Moodys Corp","NYSE","2363800","2288794","585063","4.04",,
"2017-12-29","MDLZ","Mondelez International, Inc. -","NNM","10789768","14216583","8604491","1.25",,
"2017-12-29","MDT","Medtronic plc","NYSE","7968520","10002530","3534948","2.25",,
"2017-12-29","MMM","3M Company","NYSE","7374244","7279191","1504804","4.90",,
"2017-12-29","MNST","Monster Beverage Corporation","NNM","5804580","6562374","1368961","4.24",,
"2017-12-29","MO","Altria Group","NYSE","14156847","14629926","6624133","2.14",,
"2017-12-29","MPC","Marathon Petroleum Corporation","NYSE","7487312","12381217","3551296","2.11",,
"2017-12-29","MPWR","Monolithic Power Systems, Inc.","NNM","752400","1019640","233906","3.22",,
"2017-12-29","MRK","Merck & Company","NYSE","21713592","22371235","8865721","2.45",,
"2017-12-29","MRVL","Marvell Technology Group Ltd.","NNM","29592211","32594826","4925739","6.01",,
"2017-12-29","MS","Morgan Stanley","NYSE","11082242","15388281","6517217","1.70",,
"2017-12-29","MSFT","Microsoft Corporation - Common","NNM","39929844","49744915","17277896","2.31",,
"2017-12-29","MSI","Motorola Solutions Inc","NYSE","6390984","7342874","961711","6.65",,
"2017-12-29","MU","Micron Technology, Inc. - Comm","NNM","57249397","59290487","43456855","1.32",,
"2017-12-29","NEE","Nextera Energy Inc","NYSE","5677030","6253272","1380592","4.11",,
"2017-12-29","NEM","Newmont Mining","NYSE","6462041","8388176","3304907","1.96",,
"2017-12-29","NFLX","Netflix, Inc. - Common Stock","NNM","21904173","25190555","5504545","3.98",,
"2017-12-29","NKE","Nike","NYSE","31097794","39142075","10092447","3.08",,
"2017-12-29","NOC","Northrop Grumman","NYSE","1462230","1882318","560138","2.61",,
"2017-12-29","NOW","ServiceNow, Inc.","NYSE","11126252","11186164","1348991","8.25",,
"2017-12-29","NSC","Norfolk Southern","NYSE","3646298","4154476","1048872","3.48",,
"2017-12-29","NVDA","NVIDIA Corporation - Common St","NNM","16200169","16348389","8643369","1.87",,
"2017-12-29","ORCL","Oracle Corporation","NYSE","29545748","31386932","14239727","2.07",,
"2017-12-29","ORLY","O'Reilly Automotive, Inc. - Co","NNM","3367866","3856959","914937","3.68",,
"2017-12-29","PANW","Palo Alto Networks, Inc.","NYSE","4750452","5219030","647393","7.34",,
"2017-12-29","PCAR","PACCAR Inc. - Common Stock","NNM","9353574","9289538","1142636","8.19",,
"2017-12-29","PEP","PepsiCo, Inc. Common Stock","NNM","7506662","8432899","2917985","2.57",,
"2017-12-29","PFE","Pfizer","NYSE","49905703","59697345","11834320","4.22",,
"2017-12-29","PG","Procter & Gamble","NYSE","33043329","33785756","4981010","6.63",,
"2017-12-29","PGR","Progressive","NYSE","8458593","9218453","1992537","4.25",,
"2017-12-29","PH","Parker-Hannifin Corporation","NYSE","2265566","2031729","711192","3.19",,
"2017-12-29","PLD","Prologis Inc","NYSE","6464242","6978400","1820353","3.55",,
"2017-12-29","PM","Philip Morris International In","NYSE","8175293","8879528","3727814","2.19",,
"2017-12-29","PNC","PNC Financial Services Group I","NYSE","5268325","5602343","1412851","3.73",,
"2017-12-29","PSX","Phillips 66","NYSE","5767862","6655755","1523675","3.79",,
"2017-12-29","PWR","Quanta Services","NYSE","2662040","2725860","952775","2.79",,
"2017-12-29","QCOM","QUALCOMM Incorporated - Common","NNM","17708502","18173901","5513249","3.21",,
"2017-12-29","RCL","Royal Caribbean Cruises","NYSE","4230176","4564268","1087083","3.89",,
"2017-12-29","REGN","Regeneron Pharmaceuticals, Inc","NNM","1848102","1940921","498250","3.71",,
"2017-12-29","ROST","Ross Stores, Inc. - Common Sto","NNM","8765547","10216025","1836747","4.77",,
"2017-12-29","RSG","Republic Services","NYSE","3880624","3436236","1263933","3.07",,
"2017-12-29","SBUX","Starbucks Corporation - Common","NNM","30547761","30942743","6420333","4.76",,
"2017-12-29","SCCO","Southern  Copper","NYSE","8031307","8250444","902384","8.90",,
"2017-12-29","SCHW","The Charles Schwab Corporation","NYSE","20591101","24778322","4596396","4.48",,
"2017-12-29","SHW","The Sherwin-Williams Company","NYSE","964570","1326129","357780","2.70",,
"2017-12-29","SNPS","Synopsys, Inc. - Common Stock","NNM","3015710","3261171","922541","3.27",,
"2017-12-29","SO","Southern","NYSE","28105080","22476645","5861720","4.79",,
"2017-12-29","SPG","Simon Property Group","NYSE","13696534","14435455","1504729","9.10",,
"2017-12-29","SPGI","S&P Global Inc.","NYSE","1612875","2370151","839115","1.92",,
"2017-12-29","SYK","Stryker","NYSE","5882688","6063333","803525","7.32",,
"2017-12-29","T","At&t Inc","NYSE","185097279","193376037","23512778","7.87",,
"2017-12-29","TDG","Transdigm Group","NYSE","5969710","6717096","283928","21.03",,
"2017-12-29","TGT","Target","NYSE","42518111","45846971","5134991","8.28",,
"2017-12-29","TJX","Tjx Companies","NYSE","15204490","16983908","3133022","4.85",,
"2017-12-29","TMO","Thermo Fisher Scientific Inc","NYSE","4991142","5405049","1033456","4.83",,
"2017-12-29","TMUS","T-Mobile US, Inc. Common Stock","NNM","8131413","23126899","2990052","2.72",,
"2017-12-29","TRV","The Travelers Cos","NYSE","5260346","6615290","1001031","5.25",,
"2017-12-29","TSLA","Tesla, Inc. Common Stock","NNM","30434366","31217095","4898906","6.21",,
"2017-12-29","TXN","Texas Instruments Incorporated","NNM","13508190","14260694","3601882","3.75",,
"2017-12-29","UNH","United Healthcare","NYSE","5795324","7072735","2247742","2.58",,
"2017-12-29","UNP","Union Pacific","NYSE","13155309","13305917","4314714","3.05",,
"2017-12-29","UPS","United Parcel Service","NYSE","8240502","8130288","2246895","3.67",,
"2017-12-29","URI","United Rentals","NYSE","4519920","5370870","950394","4.76",,
"2017-12-29","USB","Us Bancorp","NYSE","14859270","13997495","4270376","3.48",,
"2017-12-29","V","Visa Inc","NYSE","26750520","33780862","6814163","3.93",,
"2017-12-29","VLO","Valero Energy","NYSE","15247755","18133379","2527251","6.03",,
"2017-12-29","VRTX","Vertex Pharmaceuticals Incorpo","NNM","4514506","4481315","1155887","3.91",,
"2017-12-29","VZ","Verizon Communications","NYSE","33222973","39588331","11096880","2.99",,
"2017-12-29","WDC","Western Digital Corporation -","NNM","10701344","10394663","3471225","3.08",,
"2017-12-29","WFC","Wells Fargo & Company","NYSE","33994025","42618653","14477538","2.35",,
"2017-12-29","WM","Waste Management","NYSE","5805042","6847735","1262024","4.60",,
"2017-12-29","WMB","Williams Delaware","NYSE","16233096","16241860","4608159","3.52",,
"2017-12-29","WMT","Wal-mart Stores","NYSE","27894975","31239588","7766568","3.59",,
"2017-12-29","XOM","Exxon Mobil","NYSE","33658118","35673344","9089433","3.70",,
"2018-03-15","AAPL","Apple Inc. - Common Stock","NNM","67276061","58730906","31193352","2.16",,
"2018-03-15","ABBV","AbbVie Inc.","NYSE","15900104","16608247","5199440","3.06",,
"2018-03-15","ABT","Abbott Laboratories","NYSE","14463297","11910880","7116567","2.03",,
"2018-03-15","ADBE","Adobe Systems Incorporated - C","NNM","4740735","5273390","3002064","1.58",,
"2018-03-15","ADI","Analog Devices, Inc. - Common","NNM","9338071","8545311","2582089","3.62",,
"2018-03-15","ADP","Automatic Data Processing, Inc","NNM","4488073","3873937","1762375","2.55",,
"2018-03-15","AEP","American Electric Power","NYSE","7725829","7214167","3320912","2.33",,
"2018-03-15","AFL","Aflac","NYSE","7134263","7877093","2090060","3.41",,
"2018-03-15","AJG","Arthur J Gallagher & Co","NYSE","2270180","2038460","1006478","2.26",,
"2018-03-15","ALL","Allstate","NYSE","6786407","6527084","2561390","2.65",,
"2018-03-15","AMAT","Applied Materials, Inc. - Comm","NNM","14653250","16058256","15722305","1.00",,
"2018-03-15","AMD","Advanced Micro Devices, Inc. C","SC","174077583","159550221","82804395","2.10",,
"2018-03-15","AMGN","Amgen Inc. - Common Stock","NNM","19687115","10361375","9596721","2.05",,
"2018-03-15","AMT","American Tower","NYSE","6494935","5850860","2653910","2.45",,
"2018-03-15","AMZN","Amazon.com, Inc. - Common Stoc","NNM","4907713","4776057","5075323","1.00",,
"2018-03-15","ANET","Arista Networks","NYSE","2538323","2253782","1351365","1.88",,
"2018-03-15","AON","AON Corporation","NYSE","3383587","3741973","1094814","3.09",,
"2018-03-15","APD","Air Prod Chem","NYSE","2877180","2955614","1294533","2.22",,
"2018-03-15","APH","Amphenol","NYSE","4655386","4543994","1086621","4.28",,
"2018-03-15","APO","Apollo Global Management Llc","NYSE","1341644","1467068","780417","1.72",,
"2018-03-15","AVGO","Broadcom Limited Ordinary Shar","NNM","3922874","4023126","3851029","1.02",,
"2018-03-15","AXP","American Express","NYSE","11103540","12420827","3576637","3.10",,
"2018-03-15","BA","Boeing","NYSE","7058509","6085335","7074383","1.00",,
"2018-03-15","BAC","Bank Of America","NYSE","140624959","128697201","63465217","2.22",,
"2018-03-15","BKNG","Booking Holdings Inc. Common S","NNM","956905","1117923","546429","1.75",,
"2018-03-15","BLK","Blackrock","NYSE","1510369","1373707","509745","2.96",,
"2018-03-15","BMY","Bristol Myers Squibb","NYSE","13475627","13743342","5564705","2.42",,
"2018-03-15","BNY","Blackrock New York Muni Tr","NYSE","156","256","19965","1.00",,
"2018-03-15","BRKA","Berkshire Hathaway","NYSE","308","341","311","1.00",,
"2018-03-15","BRKB","Berkshire Hathaway Class B","NYSE","12785194","10424158","4478485","2.85",,
"2018-03-15","BSX","Boston Scientific","NYSE","15995980","14837091","6729387","2.38",,
"2018-03-15","BX","The Blackstone Group Lp","NYSE","13862833","11758512","5023128","2.76",,
"2018-03-15","C","Citigroup","NYSE","25136168","22038468","15990689","1.57",,
"2018-03-15","CAT","Caterpillar","NYSE","9933333","9964081","6109777","1.63",,
"2018-03-15","CDNS","Cadence Design Systems, Inc. -","NNM","6005230","6407442","2650408","2.27",,
"2018-03-15","CI","Cigna Corporation","NYSE","4050396","2573133","4942142","1.00",,
"2018-03-15","CL","Colgate Palmolive","NYSE","12726457","12187436","3585564","3.55",,
"2018-03-15","CMCSA","Comcast Corporation - Class A","NNM","59166696","60220919","24660722","2.40",,
"2018-03-15","CME","CME Group Inc. - Class A Commo","NNM","5804525","5386600","1816135","3.20",,
"2018-03-15","CMI","Cummins Inc","NYSE","3499781","3206065","1933285","1.81",,
"2018-03-15","COF","Capital One Financial","NYSE","4427812","4360089","2006549","2.21",,
"2018-03-15","COP","Conoco Phillips","NYSE","22650164","24342564","5166203","4.38",,
"2018-03-15","COST","Costco Wholesale Corporation C","NNM","7274981","7264187","2991710","2.43",,
"2018-03-15","CRM","Salesforce Com Inc","NYSE","16463159","13911311","7566609","2.18",,
"2018-03-15","CSCO","Cisco Systems, Inc. - Common S","NNM","56030827","56429763","23268754","2.41",,
"2018-03-15","CSX","CSX Corporation Common Stock","NNM","18742588","15355387","7051833","2.66",,
"2018-03-15","CTAS","Cintas Corporation - Common St","NNM","3959093","4049865","486629","8.14",,
"2018-03-15","CVNA","Carvana Co.","NYSE","9817185","8131457","926607","10.59",,
"2018-03-15","CVS","CVS Health Corporation","NYSE","42238268","42365929","7890312","5.35",,
"2018-03-15","CVX","Chevron Corporation","NYSE","24226728","21451507","6793284","3.57",,
"2018-03-15","D","Dominion Energy, Inc.","NYSE","17543947","17675708","4154962","4.22",,
"2018-03-15","DE","Deere & Company","NYSE","7834886","7972435","2894180","2.71",,
"2018-03-15","DHR","Danaher","NYSE","6966054","5150930","2251955","3.09",,
"2018-03-15","DIS","Walt Disney","NYSE","29252079","25889333","6668027","4.39",,
"2018-03-15","DLR","Digital Realty Trust","NYSE","7265705","7946301","1330264","5.46",,
"2018-03-15","DUK","Duke Energy Corp","NYSE","21149595","10471288","4657520","4.54",,
"2018-03-15","ECL","Ecolab","NYSE","7862154","7380051","1482670","5.30",,
"2018-03-15","EMR","Emerson Electric","NYSE","6190667","6867126","3428005","1.81",,
"2018-03-15","EOG","EOG Resources","NYSE","10086712","10455448","3492278","2.89",,
"2018-03-15","EPD","Enterprise Products Partners","NYSE","16768084","18459078","7598424","2.21",,
"2018-03-15","EQIX","Equinix, Inc. Common Stock REI","NNM","1251288","1147840","670614","1.87",,
"2018-03-15","FCX","Freeport-McMoRan Inc.","NYSE","33145730","34029832","13979475","2.37",,
"2018-03-15","FDX","Fedex","NYSE","4890949","3975716","1620572","3.02",,
"2018-03-15","FTNT","Fortinet, Inc. Common Stock","NNM","4375356","4685234","1610288","2.72",,
"2018-03-15","GD","General Dynamics","NYSE","3863176","3345650","1384775","2.79",,
"2018-03-15","GE","General Electric","NYSE","155342035","136357918","72931728","2.13",,
"2018-03-15","GILD","Gilead Sciences, Inc. - Common","NNM","20048876","19394953","7303744","2.75",,
"2018-03-15","GLW","Corning","NYSE","19778386","17713886","6080988","3.25",,
"2018-03-15","GM","General Motors Company","NYSE","36554351","32972144","14554717","2.51",,
"2018-03-15","GOOG","Alphabet Inc. Class C Capital","NNM","3626266","3543226","1740111","2.08",,"R"
"2018-03-15","GOOGL","Alphabet Inc. Class A Common S","NNM","3395527","3690463","1944999","1.75",,
"2018-03-15","GS","Goldman Sachs Group","NYSE","5197420","5081677","2803851","1.85",,
"2018-03-15","GWW","W.W. Grainger, Inc.","NYSE","5567693","5670117","846210","6.58",,
"2018-03-15","HCA","HCA Healthcare, Inc.","NYSE","4916307","5862298","1773813","2.77",,
"2018-03-15","HD","Home Depot","NYSE","11104327","10276272","5133369","2.16",,
"2018-03-15","HLT","Hilton Worldwide Holdings Inc.","NYSE","4875947","4223075","2213769","2.20",,
"2018-03-15","HON","Honeywell International Inc","NYSE","8007128","8335688","2858757","2.80",,
"2018-03-15","HPE","Hewlett Packard Enterprise Com","NYSE","19829768","20292286","12232473","1.62",,
"2018-03-15","IBKR","Interactive Brokers Group, Inc","NNM","3214705","3625487","640370","5.02",,
"2018-03-15","IBM","Intl Business Machines","NYSE","17048836","16547443","4317625","3.95",,
"2018-03-15","ICE","Intercontinental Exchange, Inc","NYSE","4107330","4323137","2675125","1.54",,
"2018-03-15","INTC","Intel Corporation - Common Sto","NNM","104190197","98821379","32899699","3.17",,
"2018-03-15","INTU","Intuit Inc. - Common Stock","NNM","2859461","3179919","1464406","1.95",,
"2018-03-15","ISRG","Intuitive Surgical, Inc. - Com","NNM","1656439","1667880","641794","2.58",,
"2018-03-15","ITW","Illinois Tool Works","NYSE","5184294","4282456","1731245","2.99",,
"2018-03-15","JNJ","Johnson & Johnson","NYSE","20596959","16711741","6824158","3.02",,
"2018-03-15","JPM","JPMorgan Chase & Co.","NYSE","29026258","31380745","13500242","2.15",,
"2018-03-15","KKR","KKR & Company L.P.","NYSE","4354734","3499379","2483615","1.75",,
"2018-03-15","KLAC","KLA-Tencor Corporation - Commo","NNM","3003015","2797469","1064309","2.82",,
"2018-03-15","KMI","Kinder Morgan Inc","NYSE","62758890","61595125","17052812","3.68",,
"2018-03-15","KO","Coca-cola","NYSE","44298259","36419039","12527208","3.54",,
"2018-03-15","LLY","Eli Lilly & Company","NYSE","14330820","12050290","3947172","3.63",,
"2018-03-15","LMT","Lockheed Martin","NYSE","3794959","3110258","1689301","2.25",,
"2018-03-15","LOW","Lowes Companies","NYSE","11268147","7661154","7562360","1.49",,
"2018-03-15","LRCX","Lam Research Corporation - Com","NNM","11331935","10790202","4398831","2.58",,
"2018-03-15","MA","Mastercard Incorporated","NYSE","8208601","7231767","3510976","2.34",,
"2018-03-15","MAR","Marriot International Class A","NNM","8743180","8198001","2181364","4.01",,
"2018-03-15","MCD","Mcdonalds","NYSE","8390349","6795428","5566877","1.51",,
"2018-03-15","MCK","Mckesson Corporation","NYSE","7998446","8553261","1537622","5.20",,
"2018-03-15","MCO","Moodys Corp","NYSE","2411977","2303665","763942","3.16",,
"2018-03-15","MDLZ","Mondelez International, Inc. -","NNM","16022795","17851554","9477042","1.69",,
"2018-03-15","MDT","Medtronic plc","NYSE","13524323","11218168","5365421","2.52",,
"2018-03-15","MMM","3M Company","NYSE","7830479","8204775","2264328","3.46",,
"2018-03-15","MNST","Monster Beverage Corporation","NNM","9756960","6459298","4974528","1.96",,
"2018-03-15","MO","Altria Group","NYSE","22474617","16844320","9081604","2.47",,
"2018-03-15","MPC","Marathon Petroleum Corporation","NYSE","9484164","8251078","3681467","2.58",,
"2018-03-15","MPWR","Monolithic Power Systems, Inc.","NNM","1089962","1253270","237455","4.59",,
"2018-03-15","MRK","Merck & Company","NYSE","22190922","21570664","10584747","2.10",,
"2018-03-15","MRVL","Marvell Technology Group Ltd.","NNM","42597931","42118446","12992752","3.28",,
"2018-03-15","MS","Morgan Stanley","NYSE","13184538","12257677","8733314","1.51",,
"2018-03-15","MSFT","Microsoft Corporation - Common","NNM","57396727","55446509","29707958","1.93",,
"2018-03-15","MSI","Motorola Solutions Inc","NYSE","5384592","5900340","1100073","4.89",,
"2018-03-15","MU","Micron Technology, Inc. - Comm","NNM","65907863","62469320","77179341","1.00",,
"2018-03-15","NEE","Nextera Energy Inc","NYSE","7511173","6256183","2185992","3.44",,
"2018-03-15","NEM","Newmont Mining","NYSE","8544169","11134197","4845180","1.76",,
"2018-03-15","NFLX","Netflix, Inc. - Common Stock","NNM","20217557","21074916","14106462","1.43",,
"2018-03-15","NKE","Nike","NYSE","25771836","25420102","6670614","3.86",,
"2018-03-15","NOC","Northrop Grumman","NYSE","2133402","2033453","997169","2.14",,
"2018-03-15","NOW","ServiceNow, Inc.","NYSE","9704421","10211206","1987487","4.88",,
"2018-03-15","NSC","Norfolk Southern","NYSE","5703078","5209990","1660620","3.43",,
"2018-03-15","NVDA","NVIDIA Corporation - Common St","NNM","14270774","12038204","15708351","1.00",,
"2018-03-15","ORCL","Oracle Corporation","NYSE","39763574","39735750","14757567","2.69",,
"2018-03-15","ORLY","O'Reilly Automotive, Inc. - Co","NNM","3608000","3334093","708684","5.09",,
"2018-03-15","PANW","Palo Alto Networks, Inc.","NYSE","5344538","5228765","1741690","3.07",,
"2018-03-15","PCAR","PACCAR Inc. - Common Stock","NNM","11328106","11203645","3786084","2.99",,
"2018-03-15","PEP","PepsiCo, Inc. Common Stock","NNM","8611675","8767821","4522995","1.90",,
"2018-03-15","PFE","Pfizer","NYSE","142877234","61827751","22191142","6.44",,
"2018-03-15","PG","Procter & Gamble","NYSE","35496306","34337757","8862266","4.01",,
"2018-03-15","PGR","Progressive","NYSE","8716328","10372573","2903272","3.00",,
"2018-03-15","PH","Parker-Hannifin Corporation","NYSE","2250046","2331678","1158547","1.94",,
"2018-03-15","PLD","Prologis Inc","NYSE","7821868","7684658","2093341","3.74",,
"2018-03-15","PM","Philip Morris International In","NYSE","10355882","10561109","4733684","2.19",,
"2018-03-15","PNC","PNC Financial Services Group I","NYSE","5340376","5907872","1788873","2.99",,
"2018-03-15","PSX","Phillips 66","NYSE","5465706","5527631","2124023","2.57",,
"2018-03-15","PWR","Quanta Services","NYSE","3139466","2791480","1736002","1.81",,
"2018-03-15","QCOM","QUALCOMM Incorporated - Common","NNM","15097853","18865487","16871824","1.00",,
"2018-03-15","RCL","Royal Caribbean Cruises","NYSE","4118793","4257761","1639161","2.51",,
"2018-03-15","REGN","Regeneron Pharmaceuticals, Inc","NNM","2724347","2370672","793161","3.43",,
"2018-03-15","ROST","Ross Stores, Inc. - Common Sto","NNM","6236189","7171670","3671384","1.70",,
"2018-03-15","RSG","Republic Services","NYSE","6244271","4164339","2524776","2.47",,
"2018-03-15","SBUX","Starbucks Corporation - Common","NNM","36751514","33239308","8855498","4.15",,
"2018-03-15","SCCO","Southern  Copper","NYSE","9959457","8905801","1117860","8.91",,
"2018-03-15","SCHW","The Charles Schwab Corporation","NYSE","22654105","18335476","7284498","3.11",,
"2018-03-15","SHW","The Sherwin-Williams Company","NYSE","1942635","1748847","590508","3.29",,
"2018-03-15","SNPS","Synopsys, Inc. - Common Stock","NNM","2388359","2600192","976200","2.45",,
"2018-03-15","SO","Southern","NYSE","33272718","32091391","6577769","5.06",,
"2018-03-15","SPG","Simon Property Group","NYSE","14065554","13516623","1663917","8.45",,
"2018-03-15","SPGI","S&P Global Inc.","NYSE","7122886","2335389","1593940","4.47",,
"2018-03-15","SYK","Stryker","NYSE","8444053","6974449","1162178","7.27",,
"2018-03-15","T","At&t Inc","NYSE","178151686","174633290","20519975","8.68",,
"2018-03-15","TDG","Transdigm Group","NYSE","4477388","4792071","793410","5.64",,
"2018-03-15","TGT","Target","NYSE","42591441","42143314","7484521","5.69",,
"2018-03-15","TJX","Tjx Companies","NYSE","15383609","14655935","5130163","3.00",,
"2018-03-15","TMO","Thermo Fisher Scientific Inc","NYSE","3978435","3492511","1361591","2.92",,
"2018-03-15","TMUS","T-Mobile US, Inc. Common Stock","NNM","8423791","8029159","4007222","2.10",,
"2018-03-15","TRV","The Travelers Cos","NYSE","4793979","4979949","1602816","2.99",,
"2018-03-15","TSLA","Tesla, Inc. Common Stock","NNM","28382760","28706891","5720698","4.96",,
"2018-03-15","TXN","Texas Instruments Incorporated","NNM","15112430","14884331","4977780","3.04",,
"2018-03-15","UNH","United Healthcare","NYSE","8441660","8272549","3256864","2.59",,
"2018-03-15","UNP","Union Pacific","NYSE","15823075","21379596","4503996","3.51",,
"2018-03-15","UPS","United Parcel Service","NYSE","11418979","10730973","5000976","2.28",,
"2018-03-15","URI","United Rentals","NYSE","3948698","4031077","1284603","3.07",,
"2018-03-15","USB","Us Bancorp","NYSE","13208374","13072392","5719184","2.31",,
"2018-03-15","V","Visa Inc","NYSE","26033008","25275055","7464474","3.49",,
"2018-03-15","VLO","Valero Energy","NYSE","11554882","12721784","3353253","3.45",,
"2018-03-15","VRTX","Vertex Pharmaceuticals Incorpo","NNM","4277278","4105519","1566112","2.73",,
"2018-03-15","VZ","Verizon Communications","NYSE","32821143","46356655","15528492","2.11",,
"2018-03-15","WDC","Western Digital Corporation -","NNM","8414484","8280910","4549619","1.85",,
"2018-03-15","WELL","Welltower Inc.","NYSE","10109739","10691154","2580468","3.92",,
"2018-03-15","WFC","Wells Fargo & Company","NYSE","35771701","37520104","18894635","1.89",,
"2018-03-15","WM","Waste Management","NYSE","6128413","6454842","2379140","2.58",,
"2018-03-15","WMB","Williams Delaware","NYSE","22727111","16718170","9499693","2.39",,
"2018-03-15","WMT","Walmart Inc.","NYSE","43782782","38935872","12408152","3.53",,
"2018-03-15","XOM","Exxon Mobil","NYSE","34257818","33438063","16515383","2.07",,
"2018-04-30","AAPL","Apple Inc. Common Stock","NNM","50912078","56206108","33978567","1.50",,
"2018-04-30","ABBV","ABBVIE INC.","NYSE","18765949","15660655","6014407","3.12",,
"2018-04-30","ABT","Abbott Laboratories","NYSE","14602527","9557285","6737663","2.17",,
"2018-04-30","ADBE","Adobe Systems Incorporated Com","NNM","5124565","5594327","2537144","2.02",,
"2018-04-30","ADI","Analog Devices, Inc. Common St","NNM","10062410","9090777","2834401","3.55",,
"2018-04-30","ADP","Automatic Data Processing, Inc","NNM","4898311","5983539","2128960","2.30",,
"2018-04-30","AEP","American Electric Power Compan","NYSE","8462088","8087665","2340528","3.62",,
"2018-04-30","AFL","Aflac Inc.","NYSE","13230957","12706323","3209639","4.12",,
"2018-04-30","AJG","Arthur J. Gallagher & Co.","NYSE","1782131","1736966","812599","2.19",,
"2018-04-30","ALL","The Allstate Corporation","NYSE","5792021","5990634","1735775","3.34",,
"2018-04-30","AMAT","Applied Materials, Inc. Common","NNM","16832480","14460401","14178509","1.19",,
"2018-04-30","AMD","Advanced Micro Devices, Inc. C","SC","179441762","192624326","60067813","2.99",,
"2018-04-30","AMGN","Amgen Inc. Common Stock","NNM","9791492","10461368","3247311","3.02",,
"2018-04-30","AMT","American Tower Corporation","NYSE","5784022","6112741","2209183","2.62",,
"2018-04-30","AMZN","Amazon.com, Inc. Common Stock","NNM","5503670","4561186","6478205","1.00",,
"2018-04-30","ANET","Arista Networks","NYSE","2846335","2248351","918776","3.10",,
"2018-04-30","AON","Aon plc Class A","NYSE","2742162","2624373","868937","3.16",,
"2018-04-30","APD","Air Products & Chemicals, Inc.","NYSE","1899972","1866293","906760","2.10",,
"2018-04-30","APH","Amphenol Corporation","NYSE","4357903","4684732","1517686","2.87",,
"2018-04-30","APO","Apollo Global Management, LLC","NYSE","3334134","2433024","968208","3.44",,
"2018-04-30","AVGO","Broadcom Inc. Common Stock","NNM","6743418","5115283","3383876","1.99",,
"2018-04-30","AXP","American Express Company","NYSE","8231458","7876720","4431211","1.86",,
"2018-04-30","BA","Boeing Company","NYSE","5925493","6244490","4515653","1.31",,
"2018-04-30","BAC","Bank of America Corporation","NYSE","120999411","123191996","69712154","1.74",,
"2018-04-30","BKNG","Booking Holdings Inc. Common S","NNM","964095","853051","356445","2.70",,
"2018-04-30","BLK","Blackrock, Inc.","NYSE","1280623","1365427","708411","1.81",,
"2018-04-30","BMY","Bristol-Myers Squibb Co.","NYSE","12712002","14317338","15987822","1.00",,
"2018-04-30","BNY","BlackRock New York Municipal I","NYSE","1035","456","25710","1.00",,
"2018-04-30","BRKA","Berkshire Hathaway Inc.","NYSE","306","310","195","1.57",,
"2018-04-30","BRKB","BERKSHIRE HATHAWAY Class B","NYSE","11366946","12136800","3324795","3.42",,
"2018-04-30","BSX","Boston Scientific Corp.","NYSE","16158642","17662491","9060562","1.78",,
"2018-04-30","BX","The Blackstone Group L.P","NYSE","14859667","14965121","4661844","3.19",,
"2018-04-30","C","Citigroup Inc.","NYSE","18305170","22400783","15093825","1.21",,
"2018-04-30","CAT","Caterpillar Inc.","NYSE","9860101","8925565","6604679","1.49",,
"2018-04-30","CCZ","Comcast Holdings Corp. 2.0% Ex","NYSE","8","0","40","1.00",,
"2018-04-30","CDNS","Cadence Design Systems, Inc. C","NNM","6503041","5995293","3481044","1.87",,
"2018-04-30","CI","CIGNA Corporation","NYSE","4668598","5443155","1913837","2.44",,
"2018-04-30","CL","Colgate-Palmolive Company","NYSE","14424249","12845839","5548916","2.60",,
"2018-04-30","CMCSA","Comcast Corporation Class A Co","NNM","66894209","68601947","30033837","2.23",,
"2018-04-30","CME","CME Group Inc. Class A Common","NNM","5886440","5148614","1539443","3.82",,
"2018-04-30","CMI","Cummins Inc.","NYSE","3398102","3621318","1621387","2.10",,
"2018-04-30","COF","Capital One Financial","NYSE","4465166","4124726","2880745","1.55",,
"2018-04-30","COP","ConocoPhillips","NYSE","21010970","24442796","8582072","2.45",,
"2018-04-30","COST","Costco Wholesale Corporation C","NNM","8194952","6899768","1929395","4.25",,
"2018-04-30","CRM","salesforce.com, inc.","NYSE","19472507","17744746","4265432","4.57",,
"2018-04-30","CSCO","Cisco Systems, Inc. Common Sto","NNM","49748052","47543625","20359558","2.44",,
"2018-04-30","CSX","CSX Corporation Common Stock","NNM","16697832","14857297","7490423","2.23",,
"2018-04-30","CTAS","Cintas Corporation Common Stoc","NNM","3583621","3837320","386878","9.26",,
"2018-04-30","CVNA","Carvana Co.","NYSE","9433302","10563395","1703145","5.54",,
"2018-04-30","CVS","CVS HEALTH CORPORATION","NYSE","44363884","43345137","9913915","4.47",,
"2018-04-30","CVX","Chevron Corporation","NYSE","20992487","22932542","7009166","3.00",,
"2018-04-30","D","Dominion Energy, Inc Common St","NYSE","27496836","26619109","4494668","6.12",,
"2018-04-30","DE","Deere & Company","NYSE","7809601","7991046","2705664","2.89",,
"2018-04-30","DHR","Danaher Corporation","NYSE","5831856","6247897","2427256","2.40",,
"2018-04-30","DIS","The Walt Disney Company","NYSE","31127396","33342499","7727115","4.03",,
"2018-04-30","DLR","Digital Realty Trust, Inc.","NYSE","6731633","6577393","956601","7.04",,
"2018-04-30","DUK","Duke Energy Corporation","NYSE","22041763","22375588","2651956","8.31",,
"2018-04-30","ECL","Ecolab, Inc.","NYSE","7920133","7604506","1617483","4.90",,
"2018-04-30","EMR","Emerson Electric Co.","NYSE","7341095","7118628","3426860","2.14",,
"2018-04-30","EOG","EOG Resources, Inc.","NYSE","12708280","11267425","3410383","3.73",,
"2018-04-30","EPD","Enterprise Products Partners L","NYSE","10808870","17282981","5531292","1.95",,
"2018-04-30","EQIX","Equinix, Inc. Common Stock REI","NNM","1415992","1420338","480431","2.95",,
"2018-04-30","FCX","Freeport-McMoran Inc.","NYSE","34070479","27508635","25005495","1.36",,
"2018-04-30","FDX","FedEx Corporation","NYSE","4385750","4682739","1495910","2.93",,
"2018-04-30","FTNT","Fortinet, Inc. Common Stock","NNM","4974767","4682029","1400940","3.55",,
"2018-04-30","GD","General Dynamics Corporation","NYSE","3187854","3133902","2074971","1.54",,
"2018-04-30","GE","General Electric Company","NYSE","146867158","150122319","79174622","1.85",,
"2018-04-30","GILD","Gilead Sciences, Inc. Common S","NNM","16125787","17436282","5248157","3.07",,
"2018-04-30","GLW","Corning Incorporated","NYSE","16377223","14415010","6420331","2.55",,
"2018-04-30","GM","General Motors Company","NYSE","27843160","29736229","8846966","3.15",,
"2018-04-30","GOOG","Alphabet Inc. Class C Capital","NNM","2571952","2615420","2125391","1.21",,
"2018-04-30","GOOGL","Alphabet Inc. Class A Common S","NNM","2870948","2579559","2633076","1.09",,
"2018-04-30","GS","Goldman Sachs Group Inc.","NYSE","5711394","6076595","4197993","1.36",,
"2018-04-30","GWW","W.W. Grainger, Inc.","NYSE","4956826","5493889","1155343","4.29",,
"2018-04-30","HCA","HCA Healthcare, Inc.","NYSE","7267323","6006152","2197542","3.31",,
"2018-04-30","HD","Home Depot, Inc.","NYSE","9806652","9873322","4842183","2.03",,
"2018-04-30","HLT","Hilton Worldwide Holdings Inc.","NYSE","6034383","6612120","3532207","1.71",,
"2018-04-30","HON","Honeywell International, Inc.","NYSE","6796176","7989064","3198079","2.13",,
"2018-04-30","HPE","Hewlett Packard Enterprise Com","NYSE","25232219","23478378","10790076","2.34",,
"2018-04-30","IBKR","Interactive Brokers Group, Inc","NNM","3323318","3201211","849270","3.91",,
"2018-04-30","IBM","International Business Machine","NYSE","12821526","14327753","7324817","1.75",,
"2018-04-30","ICE","Intercontinental Exchange  Inc","NYSE","5835803","4753801","2197336","2.66",,
"2018-04-30","INTC","Intel Corporation Common Stock","NNM","76318858","86255392","31830745","2.40",,
"2018-04-30","INTU","Intuit Inc. Common Stock","NNM","3287505","2978784","1382583","2.38",,
"2018-04-30","ISRG","Intuitive Surgical, Inc. Commo","NNM","1912637","1775855","1203404","1.59",,
"2018-04-30","ITW","Illinois Tool Works Inc.","NYSE","3766623","3867672","1811236","2.08",,
"2018-04-30","JNJ","Johnson & Johnson","NYSE","19115179","18731273","7373776","2.59",,
"2018-04-30","JPM","JPMorgan Chase & Co.","NYSE","22841573","24649365","14215833","1.61",,
"2018-04-30","KKR","KKR & CO. L.P.","NYSE","6985922","7181290","1746274","4.00",,
"2018-04-30","KLAC","KLA-Tencor Corporation Common","NNM","4932886","3917471","1669927","2.95",,
"2018-04-30","KMI","Kinder Morgan, Inc.","NYSE","52311137","46589534","13654453","3.83",,
"2018-04-30","KO","Coca-Cola Company","NYSE","39560827","40529917","12764756","3.10",,
"2018-04-30","LLY","Eli Lilly & Co.","NYSE","9806506","9655757","4612869","2.13",,
"2018-04-30","LMT","Lockheed Martin Corp.","NYSE","2530277","2887499","1699102","1.49",,
"2018-04-30","LOW","Lowe's Companies Inc.","NYSE","11767941","12133427","6125880","1.92",,
"2018-04-30","LRCX","Lam Research Corporation Commo","NNM","11953882","9476345","4743716","2.52",,
"2018-04-30","MA","Mastercard Incorporated","NYSE","6849007","7549840","4166558","1.64",,
"2018-04-30","MAR","Marriot International Class A","NNM","7414514","7851746","1415085","5.24",,
"2018-04-30","MCD","McDonald's Corporation","NYSE","8404771","7566100","4196491","2.00",,
"2018-04-30","MCK","McKesson Corporation","NYSE","8468022","7768109","1743464","4.86",,
"2018-04-30","MCO","Moody's Corporation","NYSE","3302681","3033196","857038","3.85",,
"2018-04-30","MDLZ","Mondelez International, Inc. C","NNM","12591019","12299796","8388539","1.50",,
"2018-04-30","MDT","Medtronic plc","NYSE","11902654","11441763","4443734","2.68",,
"2018-04-30","MMM","3M Company","NYSE","6261521","7087198","3771458","1.66",,
"2018-04-30","MNST","Monster Beverage Corporation","NNM","8182766","8240748","3051592","2.68",,
"2018-04-30","MO","Altria Group, Inc.","NYSE","19937431","17409486","12940589","1.54",,
"2018-04-30","MPC","MARATHON PETROLEUM CORPORATION","NYSE","10100514","9593536","5932860","1.70",,
"2018-04-30","MPWR","Monolithic Power Systems, Inc.","NNM","1518502","1096858","293813","5.17",,
"2018-04-30","MRK","Merck & Co., Inc.","NYSE","20402734","22946449","13648624","1.49",,
"2018-04-30","MRVL","Marvell Technology Group Ltd.","NNM","52450814","52292680","6625245","7.92",,
"2018-04-30","MS","Morgan Stanley","NYSE","11336648","9671604","11447381","1.00",,
"2018-04-30","MSFT","Microsoft Corporation Common S","NNM","49562719","47017833","31600349","1.57",,
"2018-04-30","MSI","Motorola Solutions, Inc. New","NYSE","4997458","5155246","805698","6.20",,
"2018-04-30","MU","Micron Technology, Inc. Common","NNM","57799429","53499846","45774113","1.26",,
"2018-04-30","NEE","Nextra Energy, Inc.","NYSE","7806044","7566395","1772211","4.40",,
"2018-04-30","NEM","Newmont Mining Corp.","NYSE","7150503","7955114","4500269","1.59",,
"2018-04-30","NFLX","Netflix, Inc. Common Stock","NNM","18941243","19348789","13018543","1.45",,
"2018-04-30","NKE","Nike, Inc.","NYSE","23113998","25293741","7046258","3.28",,
"2018-04-30","NOC","Northrop Grumman Corp.","NYSE","1510662","1846954","1172837","1.29",,
"2018-04-30","NOW","SERVICENOW, INC.","NYSE","9506982","9466380","2284704","4.16",,
"2018-04-30","NSC","Norfolk Southern Corp.","NYSE","5932756","5442518","2262215","2.62",,
"2018-04-30","NVDA","NVIDIA Corporation Common Stoc","NNM","14629593","14457061","10411386","1.41",,
"2018-04-30","ORCL","Oracle Corp","NYSE","33753230","30102806","12667771","2.66",,
"2018-04-30","ORLY","O'Reilly Automotive, Inc. Comm","NNM","3783541","4195955","1302132","2.91",,
"2018-04-30","PANW","PALO ALTO NETWORKS, INC","NYSE","4802799","4453610","1061087","4.53",,
"2018-04-30","PCAR","PACCAR Inc. Common Stock","NNM","8734725","8707573","2834661","3.08",,
"2018-04-30","PEP","PepsiCo, Inc. Common Stock","NNM","7904516","7519454","5741271","1.38",,
"2018-04-30","PFE","Pfizer Inc.","NYSE","65448096","81029742","19890745","3.29",,
"2018-04-30","PG","Procter & Gamble Company","NYSE","31698637","32955860","11607643","2.73",,
"2018-04-30","PGR","Progressive Corporation","NYSE","7012484","6653958","3054074","2.30",,
"2018-04-30","PH","Parker Hannifin Corp","NYSE","2194907","2580533","1829114","1.20",,
"2018-04-30","PLD","PROLOGIS, INC.","NYSE","7209679","7628725","2850614","2.53",,
"2018-04-30","PM","Philip Morris International In","NYSE","10584449","10094769","12304301","1.00",,
"2018-04-30","PNC","PNC Financial Services Group","NYSE","5665782","5550977","2472765","2.29",,
"2018-04-30","PSX","PHILLIPS 66","NYSE","5355266","5111746","2566885","2.09",,
"2018-04-30","PWR","Quanta Services, Inc.","NYSE","2145256","2401686","1307666","1.64",,
"2018-04-30","QCOM","QUALCOMM Incorporated Common S","NNM","16885928","20026088","10534056","1.60",,
"2018-04-30","RCL","Royal Caribbean Cruises Ltd.","NYSE","3656630","4248324","2157763","1.69",,
"2018-04-30","REGN","Regeneron Pharmaceuticals, Inc","NNM","2677292","3077672","894851","2.99",,
"2018-04-30","ROST","Ross Stores, Inc. Common Stock","NNM","3379629","5618457","2293336","1.47",,
"2018-04-30","RSG","Republic Services Inc.","NYSE","5429386","6138978","1374727","3.95",,
"2018-04-30","SBUX","Starbucks Corporation Common S","NNM","26105096","34460056","8667363","3.01",,
"2018-04-30","SCCO","Southern Copper Corporation","NYSE","10119809","10513073","1144209","8.84",,
"2018-04-30","SCHW","The Charles Schwab Corporation","NYSE","22968708","20234305","8000867","2.87",,
"2018-04-30","SHW","The Sherwin-Williams Company","NYSE","1880839","1682986","1000693","1.88",,
"2018-04-30","SNPS","Synopsys, Inc. Common Stock","NNM","1931653","1906390","1115744","1.73",,
"2018-04-30","SO","The Southern Company","NYSE","32370010","32693441","5028215","6.44",,
"2018-04-30","SPG","Simon Property Group, Inc.","NYSE","13715365","14045790","1796001","7.64",,
"2018-04-30","SPGI","S&P Global Inc.","NYSE","3392668","4573000","1291745","2.63",,
"2018-04-30","SYK","Stryker Corporation","NYSE","5683259","6030968","1454950","3.91",,
"2018-04-30","T","AT&T Inc.","NYSE","192500860","170959643","38522842","5.00",,
"2018-04-30","TDG","TransDigm Group Incorporated","NYSE","4467213","4742299","413647","10.80",,
"2018-04-30","TGT","Target Corporation","NYSE","39657474","40396331","3869044","10.25",,
"2018-04-30","TJX","TJX Companies, Inc. (The)","NYSE","13510336","13822002","3168226","4.26",,
"2018-04-30","TMO","Thermo Fisher Scientific, Inc.","NYSE","4823838","4411182","1549309","3.11",,
"2018-04-30","TMUS","T-Mobile US, Inc. Common Stock","NNM","9998674","8779382","5826194","1.72",,
"2018-04-30","TRV","The Travelers Companies, Inc.","NYSE","3740163","4234520","1725113","2.17",,
"2018-04-30","TSLA","Tesla, Inc. Common Stock","NNM","39093198","38258654","5381035","7.26",,
"2018-04-30","TXN","Texas Instruments Incorporated","NNM","11625720","13070687","6476512","1.80",,
"2018-04-30","UNH","UNITEDHEALTH GROUP INCORPORATE","NYSE","7850697","7551060","3286458","2.39",,
"2018-04-30","UNP","Union Pacific Corp.","NYSE","10194252","10544631","4353950","2.34",,
"2018-04-30","UPS","United Parcel Service, Inc. Cl","NYSE","14528906","12299318","3888285","3.74",,
"2018-04-30","URI","United Rentals, Inc.","NYSE","3205802","3736449","1929737","1.66",,
"2018-04-30","USB","U.S. Bancorp","NYSE","13159622","13374521","8024130","1.64",,
"2018-04-30","V","VISA Inc.","NYSE","29382507","26779051","7991372","3.68",,
"2018-04-30","VLO","Valero Energy Corporation","NYSE","11281201","11426390","3815178","2.96",,
"2018-04-30","VRTX","Vertex Pharmaceuticals Incorpo","NNM","3171835","3646478","1574408","2.01",,
"2018-04-30","VZ","Verizon Communications","NYSE","34362228","33578524","16570885","2.07",,
"2018-04-30","WDC","Western Digital Corporation Co","NNM","5983399","8220349","4004353","1.49",,
"2018-04-30","WELL","Welltower Inc.","NYSE","9360955","10093604","2866316","3.27",,
"2018-04-30","WFC","Wells Fargo & Co.","NYSE","31180217","29851122","21945878","1.42",,
"2018-04-30","WM","Waste Management, Inc.","NYSE","5013754","4917866","2618982","1.91",,
"2018-04-30","WMB","Williams Companies Inc.","NYSE","18005639","17305424","5674698","3.17",,
"2018-04-30","WMT","Walmart Inc.","NYSE","39871316","39689305","7027266","5.67",,
"2018-04-30","XOM","Exxon Mobil Corporation","NYSE","28989803","31739650","12934202","2.24",,
"2018-03-29","AAPL","Apple Inc. - Common Stock","NNM","54928404","67276061","37250939","1.47",,
"2018-03-29","ABBV","AbbVie Inc.","NYSE","15250167","15900104","11128030","1.37",,
"2018-03-29","ABT","Abbott Laboratories","NYSE","11226177","14463297","6273986","1.79",,
"2018-03-29","ADBE","Adobe Systems Incorporated - C","NNM","5259605","4740735","4731892","1.11",,
"2018-03-29","ADI","Analog Devices, Inc. - Common","NNM","8872061","9338071","2923742","3.03",,
"2018-03-29","ADP","Automatic Data Processing, Inc","NNM","5842289","4488073","3697536","1.58",,
"2018-03-29","AEP","American Electric Power Compan","NYSE","8410238","7725829","3246195","2.59",,
"2018-03-29","AFL","Aflac Inc.","NYSE","11701388","7134263","5167779","2.26","S",
"2018-03-29","AJG","Arthur J. Gallagher & Co.","NYSE","1856239","2270180","1264873","1.47",,
"2018-03-29","ALL","The Allstate Corporation","NYSE","6370732","6786407","2075797","3.07",,
"2018-03-29","AMAT","Applied Materials, Inc. - Comm","NNM","13736260","14653250","15004344","1.00",,
"2018-03-29","AMD","Advanced Micro Devices, Inc. C","SC","181917276","174077583","57325490","3.17",,
"2018-03-29","AMGN","Amgen Inc. - Common Stock","NNM","9494182","19687115","5053446","1.88",,
"2018-03-29","AMT","American Tower Corporation","NYSE","5876352","6494935","2685795","2.19",,
"2018-03-29","AMZN","Amazon.com, Inc. - Common Stoc","NNM","4052168","4907713","7457131","1.00",,
"2018-03-29","ANET","Arista Networks","NYSE","2261658","2538323","1206357","1.87",,
"2018-03-29","AON","Aon plc ClaSS A","NYSE","2643397","3383587","1200807","2.20",,
"2018-03-29","APD","Air Products & Chemicals, Inc.","NYSE","2361163","2877180","1108339","2.13",,
"2018-03-29","APH","Amphenol Corporation","NYSE","5096148","4655386","1130764","4.51",,
"2018-03-29","APO","Apollo Global Management, LLC","NYSE","1723028","1341644","932585","1.85",,
"2018-03-29","AVGO","Broadcom Limited Ordinary Shar","NNM","5526742","3922874","6053577","1.00",,
"2018-03-29","AXP","American ExpreSS Company","NYSE","9977074","11103540","3915261","2.55",,
"2018-03-29","BA","Boeing Company","NYSE","6651781","7058509","6076948","1.09",,
"2018-03-29","BAC","Bank of America Corporation","NYSE","121654260","140624959","79034692","1.54",,
"2018-03-29","BKNG","Booking Holdings Inc. Common S","NNM","769668","956905","408417","1.88",,
"2018-03-29","BLK","Blackrock, Inc.","NYSE","1522895","1510369","555556","2.74",,
"2018-03-29","BMY","Bristol-Myers Squibb Co.","NYSE","11139095","13475627","6511048","1.71",,
"2018-03-29","BNY","BlackRock New York Municipal I","NYSE","1478","156","17080","1.00",,
"2018-03-29","BRKA","Berkshire Hathaway Inc.","NYSE","340","308","344","1.00",,
"2018-03-29","BRKB","Berkshire Hathaway Class B","NYSE","11597816","12785194","5124465","2.26",,
"2018-03-29","BSX","Boston Scientific Corp.","NYSE","17541517","15995980","6763435","2.59",,
"2018-03-29","BX","The Blackstone Group L.P","NYSE","16147042","13862833","5017600","3.22",,
"2018-03-29","C","Citigroup Inc.","NYSE","21228390","25136168","22186456","1.00",,
"2018-03-29","CAT","Caterpillar Inc.","NYSE","9171318","9933333","5809395","1.58",,
"2018-03-29","CDNS","Cadence Design Systems, Inc. -","NNM","6068457","6005230","3145217","1.93",,
"2018-03-29","CI","Cigna Corporation","NYSE","5035626","4050396","3777251","1.33",,
"2018-03-29","CL","Colgate-Palmolive Company","NYSE","11945516","12726457","4131041","2.89",,
"2018-03-29","CMCSA","Comcast Corporation - Class A","NNM","61276761","59166696","35013556","1.75",,
"2018-03-29","CME","CME Group Inc. - Class A Commo","NNM","4390221","5804525","2469677","1.78",,
"2018-03-29","CMI","Cummins Inc.","NYSE","3924928","3499781","1925287","2.04",,
"2018-03-29","COF","Capital One Financial","NYSE","4362517","4427812","2245962","1.94",,
"2018-03-29","COP","ConocoPhillips","NYSE","23906416","22650164","9086086","2.63",,
"2018-03-29","COST","Costco Wholesale Corporation C","NNM","7135182","7274981","2452056","2.91",,
"2018-03-29","CRM","salesforce.com, inc.","NYSE","19776929","16463159","9304400","2.13",,
"2018-03-29","CSCO","Cisco Systems, Inc. - Common S","NNM","48542367","56030827","34176484","1.42",,
"2018-03-29","CSX","CSX Corporation Common Stock","NNM","15958750","18742588","5479487","2.91",,
"2018-03-29","CTAS","Cintas Corporation - Common St","NNM","3650533","3959093","772505","4.73",,
"2018-03-29","CVNA","Carvana Co.","NYSE","10508921","9817185","401955","26.14",,
"2018-03-29","CVS","CVS Health Corporation","NYSE","41995032","42238268","9064927","4.63",,
"2018-03-29","CVX","Chevron Corporation","NYSE","21919272","24226728","6966672","3.15",,
"2018-03-29","D","Dominion Energy, Inc Common St","NYSE","18593996","17543947","7293966","2.55",,
"2018-03-29","DE","Deere & Company","NYSE","7601160","7834886","2906461","2.62",,
"2018-03-29","DHR","Danaher Corporation","NYSE","6228567","6966054","2317539","2.69",,
"2018-03-29","DIS","The Walt Disney Company","NYSE","30712241","29252079","8085658","3.80",,
"2018-03-29","DLR","Digital Realty Trust, Inc.","NYSE","6578301","7265705","1212830","5.42",,
"2018-03-29","DUK","Duke Energy Corporation","NYSE","22761692","21149595","4249910","5.36",,
"2018-03-29","ECL","Ecolab, Inc.","NYSE","7664948","7862154","1339285","5.72",,
"2018-03-29","EMR","Emerson Electric Co.","NYSE","6455476","6190667","3474197","1.86",,
"2018-03-29","EOG","EOG Resources, Inc.","NYSE","11451135","10086712","4957230","2.31",,
"2018-03-29","EPD","Enterprise Products Partners L","NYSE","17633250","16799908","6908658","2.55",,"R"
"2018-03-29","EQIX","Equinix, Inc. Common Stock REI","NNM","1470880","1251288","712277","2.07",,
"2018-03-29","FCX","Freeport-McMoRan Inc.","NYSE","31897267","33145730","15785258","2.02",,
"2018-03-29","FDX","FedEx Corporation","NYSE","4842484","4890949","2768091","1.75",,
"2018-03-29","FTNT","Fortinet, Inc. Common Stock","NNM","3934360","4375356","1369898","2.87",,
"2018-03-29","GD","General Dynamics Corporation","NYSE","3154333","3863176","1331539","2.37",,
"2018-03-29","GE","General Electric Company","NYSE","151313309","155342035","96403042","1.57",,
"2018-03-29","GILD","Gilead Sciences, Inc. - Common","NNM","18219703","20048876","7317354","2.49",,
"2018-03-29","GLW","Corning Incorporated","NYSE","16015817","19778386","6904877","2.32",,
"2018-03-29","GM","General Motors Company","NYSE","31533591","36554351","12880951","2.45",,
"2018-03-29","GOOG","Alphabet Inc. Class C Capital","NNM","3647002","3626266","2628843","1.39",,
"2018-03-29","GOOGL","Alphabet Inc. Class A Common S","NNM","2903979","3395527","3073873","1.00",,
"2018-03-29","GS","Goldman Sachs Group Inc.","NYSE","5954274","5197420","3149993","1.89",,
"2018-03-29","GWW","W.W. Grainger, Inc.","NYSE","5709404","5567693","809061","7.06",,
"2018-03-29","HCA","HCA Healthcare, Inc.","NYSE","4658639","4916307","1989588","2.34",,
"2018-03-29","HD","Home Depot, Inc.","NYSE","8848255","11104327","5285423","1.67",,
"2018-03-29","HLT","Hilton Worldwide Holdings Inc.","NYSE","5397567","4875947","1875203","2.88",,
"2018-03-29","HON","Honeywell International, Inc.","NYSE","7333564","8007128","3092910","2.37",,
"2018-03-29","HPE","Hewlett Packard Enterprise Com","NYSE","19751142","19829768","12746599","1.55",,
"2018-03-29","IBKR","Interactive Brokers Group, Inc","NNM","3007156","3214705","587675","5.12",,
"2018-03-29","IBM","International BusineSS Machine","NYSE","15587458","17048836","4682323","3.33",,
"2018-03-29","ICE","Intercontinental Exchange  Inc","NYSE","4942079","4107330","3190778","1.55",,
"2018-03-29","INTC","Intel Corporation - Common Sto","NNM","90372355","104190197","34897142","2.59",,
"2018-03-29","INTU","Intuit Inc. - Common Stock","NNM","3196259","2859461","1607910","1.99",,
"2018-03-29","ISRG","Intuitive Surgical, Inc. - Com","NNM","1546253","1656439","785656","1.97",,
"2018-03-29","ITW","Illinois Tool Works Inc.","NYSE","4570402","5184294","1560812","2.93",,
"2018-03-29","JNJ","Johnson & Johnson","NYSE","17533717","20596959","7677211","2.28",,
"2018-03-29","JPM","JPMorgan Chase & Co.","NYSE","25637586","29026258","17301126","1.48",,
"2018-03-29","KKR","KKR & CO. L.P.","NYSE","5510381","4354734","2558900","2.15",,
"2018-03-29","KLAC","KLA-Tencor Corporation - Commo","NNM","4104220","3003015","2020325","2.03",,
"2018-03-29","KMI","Kinder Morgan, Inc.","NYSE","53198334","62758890","20321657","2.62",,
"2018-03-29","KO","Coca-Cola Company","NYSE","41966998","44298259","14097766","2.98",,
"2018-03-29","LLY","Eli Lilly & Co.","NYSE","10533801","14330820","4479492","2.35",,
"2018-03-29","LMT","Lockheed Martin Corp.","NYSE","2541443","3794959","1844783","1.38",,
"2018-03-29","LOW","Lowe's Companies Inc.","NYSE","11659820","11268147","8766963","1.33",,
"2018-03-29","LRCX","Lam Research Corporation - Com","NNM","9561929","11331935","3571241","2.68",,
"2018-03-29","MA","Mastercard Incorporated","NYSE","7184402","8208601","4260917","1.69",,
"2018-03-29","MAR","Marriot International Class A","NNM","8069070","8743180","1901800","4.24",,
"2018-03-29","MCD","McDonald's Corporation","NYSE","7143796","8390349","4889410","1.46",,
"2018-03-29","MCK","Mckesson Corporation","NYSE","8258371","7998446","2062049","4.00",,
"2018-03-29","MCO","Moody's Corporation","NYSE","2940259","2411977","714345","4.12",,
"2018-03-29","MDLZ","Mondelez International, Inc. -","NNM","11771833","16022795","10406741","1.13",,
"2018-03-29","MDT","Medtronic plc","NYSE","11950205","13524323","5666668","2.11",,
"2018-03-29","MMM","3M Company","NYSE","7362361","7830479","3074911","2.39",,
"2018-03-29","MNST","Monster Beverage Corporation","NNM","9057003","9756960","2952781","3.07",,
"2018-03-29","MO","Altria Group, Inc.","NYSE","16715767","22474617","8923696","1.87",,
"2018-03-29","MPC","Marathon Petroleum Corporation","NYSE","9373195","9484164","4236169","2.21",,
"2018-03-29","MPWR","Monolithic Power Systems, Inc.","NNM","1037968","1089962","337146","3.08",,
"2018-03-29","MRK","Merck & Co., Inc.","NYSE","23674417","22190922","12382500","1.91",,
"2018-03-29","MRVL","Marvell Technology Group Ltd.","NNM","49493492","42597931","7804834","6.34",,
"2018-03-29","MS","Morgan Stanley","NYSE","10691954","13184538","10888824","1.00",,
"2018-03-29","MSFT","Microsoft Corporation - Common","NNM","51846931","57396727","42393198","1.22",,
"2018-03-29","MSI","Motorola Solutions, Inc. New","NYSE","5333846","5384592","1155752","4.62",,
"2018-03-29","MU","Micron Technology, Inc. - Comm","NNM","62677413","65907863","70120727","1.00",,
"2018-03-29","NEE","Nextra Energy, Inc.","NYSE","8255828","7511173","2972162","2.78",,
"2018-03-29","NEM","Newmont Mining Corp.","NYSE","7673231","8544169","5953093","1.29",,
"2018-03-29","NFLX","Netflix, Inc. - Common Stock","NNM","19625428","20217557","10827235","1.81",,
"2018-03-29","NKE","Nike, Inc.","NYSE","24129959","25771836","10069027","2.40",,
"2018-03-29","NOC","Northrop Grumman Corp.","NYSE","1972964","2133402","1001534","1.97",,
"2018-03-29","NOW","ServiceNow, Inc.","NYSE","9271533","9704421","2239062","4.14",,
"2018-03-29","NSC","Norfolk Southern Corp.","NYSE","6089569","5703078","1914518","3.18",,
"2018-03-29","NVDA","NVIDIA Corporation - Common St","NNM","13919395","14270774","18191602","1.00",,
"2018-03-29","ORCL","Oracle Corp","NYSE","36444510","39763574","27308984","1.33",,
"2018-03-29","ORLY","O'Reilly Automotive, Inc. - Co","NNM","3781511","3608000","779765","4.85",,
"2018-03-29","PANW","PALO ALTO NETWORKS, INC","NYSE","4351837","5344538","1169960","3.72",,
"2018-03-29","PCAR","PACCAR Inc. - Common Stock","NNM","9567672","11328106","2722172","3.51",,
"2018-03-29","PEP","PepsiCo, Inc. Common Stock","NNM","6514804","8611675","4771845","1.37",,
"2018-03-29","PFE","Pfizer Inc.","NYSE","98318686","142877234","23708988","4.15",,
"2018-03-29","PG","Procter & Gamble Company","NYSE","34429995","35496306","11370135","3.03",,
"2018-03-29","PGR","ProgreSSive Corporation","NYSE","7161221","8716328","3060467","2.34",,
"2018-03-29","PH","Parker Hannifin Corp","NYSE","2604453","2250046","1170320","2.23",,
"2018-03-29","PLD","PROLOGIS, INC.","NYSE","7206192","7821868","2125314","3.39",,
"2018-03-29","PM","Philip Morris International In","NYSE","10264588","10355882","6322863","1.62",,
"2018-03-29","PNC","PNC Financial Services Group","NYSE","5148157","5340376","2413551","2.13",,
"2018-03-29","PSX","Phillips 66","NYSE","5592433","5465706","1885644","2.97",,
"2018-03-29","PWR","Quanta Services, Inc.","NYSE","2680109","3139466","1617366","1.66",,
"2018-03-29","QCOM","QUALCOMM Incorporated - Common","NNM","19236260","15097853","13653446","1.41",,
"2018-03-29","RCL","Royal Caribbean Cruises Ltd.","NYSE","3698064","4118793","1230081","3.01",,
"2018-03-29","REGN","Regeneron Pharmaceuticals, Inc","NNM","2995712","2724347","849358","3.53",,
"2018-03-29","ROST","Ross Stores, Inc. - Common Sto","NNM","6065943","6236189","2799641","2.17",,
"2018-03-29","RSG","Republic Services Inc.","NYSE","5538779","6244271","1744118","3.18",,
"2018-03-29","SBUX","Starbucks Corporation - Common","NNM","32069524","36751514","8844035","3.63",,
"2018-03-29","SCCO","Southern Copper Corporation","NYSE","9865173","9959457","1002468","9.84",,
"2018-03-29","SCHW","The Charles Schwab Corporation","NYSE","18094955","22654105","7027281","2.57",,
"2018-03-29","SHW","The Sherwin-Williams Company","NYSE","1797982","1942635","504695","3.56",,
"2018-03-29","SNPS","Synopsys, Inc. - Common Stock","NNM","2009350","2388359","936264","2.15",,
"2018-03-29","SO","The Southern Company","NYSE","34379347","33272718","6167024","5.57",,
"2018-03-29","SPG","Simon Property Group, Inc.","NYSE","14387158","14065554","1890683","7.61",,
"2018-03-29","SPGI","S&P Global Inc.","NYSE","4640533","7122886","1493513","3.11",,
"2018-03-29","SYK","Stryker Corporation","NYSE","5374898","8444053","1188121","4.52",,
"2018-03-29","T","AT&T Inc.","NYSE","177569701","178151686","28123360","6.31",,
"2018-03-29","TDG","TransDigm Group Incorporated","NYSE","4829597","4477388","508213","9.50",,
"2018-03-29","TGT","Target Corporation","NYSE","41246517","42591441","5863148","7.03",,
"2018-03-29","TJX","TJX Companies, Inc. (The)","NYSE","13203878","15383609","3804134","3.47",,
"2018-03-29","TMO","Thermo Fisher Scientific, Inc.","NYSE","3807423","3978435","1591217","2.39",,
"2018-03-29","TMUS","T-Mobile US, Inc. Common Stock","NNM","10417119","8423791","3524554","2.96",,
"2018-03-29","TRV","The Travelers Companies, Inc.","NYSE","4800626","4793979","1784791","2.69",,
"2018-03-29","TSLA","Tesla, Inc. Common Stock","NNM","31727162","28382760","9433016","3.36",,
"2018-03-29","TXN","Texas Instruments Incorporated","NNM","12967971","15112430","5792487","2.24",,
"2018-03-29","UNH","UNITEDHEALTH GROUP INCORPORATE","NYSE","8408787","8441660","4357468","1.93",,
"2018-03-29","UNP","Union Pacific Corp.","NYSE","10944780","15823075","4533686","2.41",,
"2018-03-29","UPS","United Parcel Service, Inc. Cl","NYSE","10906206","11418979","3808870","2.86",,
"2018-03-29","URI","United Rentals, Inc.","NYSE","3546987","3948698","1260100","2.81",,
"2018-03-29","USB","U.S. Bancorp","NYSE","13055295","13208374","8164322","1.60",,
"2018-03-29","V","VISA Inc.","NYSE","24123597","26033008","10258241","2.35",,
"2018-03-29","VLO","Valero Energy Corporation","NYSE","9737242","11554882","3543066","2.75",,
"2018-03-29","VRTX","Vertex Pharmaceuticals Incorpo","NNM","3628431","4277278","1434487","2.53",,
"2018-03-29","VZ","Verizon Communications","NYSE","33097767","32821143","15688646","2.11",,
"2018-03-29","WDC","Western Digital Corporation -","NNM","7633311","8414484","4227311","1.81",,
"2018-03-29","WELL","Welltower Inc.","NYSE","9498150","10109739","2638740","3.60",,
"2018-03-29","WFC","Wells Fargo & Co.","NYSE","31682849","35771701","25601774","1.24",,
"2018-03-29","WM","Waste Management, Inc.","NYSE","5360622","6128413","2202916","2.43",,
"2018-03-29","WMB","Williams Companies Inc.","NYSE","17221421","22727111","9918008","1.74",,
"2018-03-29","WMT","Walmart Inc.","NYSE","41378833","43782782","11951293","3.46",,
"2018-03-29","XOM","Exxon Mobil Corporation","NYSE","31246666","34257818","17507186","1.78",,
"2018-04-13","AAPL","Apple Inc. - Common Stock","NNM","56206108","54928404","29249216","1.92",,
"2018-04-13","ABBV","AbbVie Inc.","NYSE","15660655","15250167","7368183","2.13",,
"2018-04-13","ABT","Abbott Laboratories","NYSE","9557285","11226177","6209488","1.54",,
"2018-04-13","ADBE","Adobe Systems Incorporated - C","NNM","5594327","5259605","2937862","1.90",,
"2018-04-13","ADI","Analog Devices, Inc. - Common","NNM","9090777","8872061","2355188","3.86",,
"2018-04-13","ADP","Automatic Data Processing, Inc","NNM","5983539","5842289","2894538","2.07",,
"2018-04-13","AEP","American Electric Power Compan","NYSE","8087665","8410238","2210053","3.66",,
"2018-04-13","AFL","Aflac Inc.","NYSE","12706323","11701388","3520162","3.61",,
"2018-04-13","AJG","Arthur J. Gallagher & Co.","NYSE","1736966","1856239","947431","1.83",,
"2018-04-13","ALL","The Allstate Corporation","NYSE","5990634","6370732","1822438","3.29",,
"2018-04-13","AMAT","Applied Materials, Inc. - Comm","NNM","14460401","13736260","11848294","1.22",,
"2018-04-13","AMD","Advanced Micro Devices, Inc. C","SC","192624326","181917276","50008457","3.85",,
"2018-04-13","AMGN","Amgen Inc. - Common Stock","NNM","10461368","9494182","3390356","3.09",,
"2018-04-13","AMT","American Tower Corporation","NYSE","6112741","5876352","2687160","2.27",,
"2018-04-13","AMZN","Amazon.com, Inc. - Common Stoc","NNM","4561186","4052168","5892532","1.00",,
"2018-04-13","ANET","Arista Networks","NYSE","2248351","2261658","1012189","2.22",,
"2018-04-13","AON","Aon plc ClaSS A","NYSE","2624373","2643397","799578","3.28",,
"2018-04-13","APD","Air Products & Chemicals, Inc.","NYSE","1866293","2361163","857665","2.18",,
"2018-04-13","APH","Amphenol Corporation","NYSE","4684732","5096148","1337049","3.50",,
"2018-04-13","APO","Apollo Global Management, LLC","NYSE","2433024","1723028","989976","2.46",,
"2018-04-13","AVGO","Broadcom Inc. Common Stock","NNM","5115283","5526742","3844929","1.33",,
"2018-04-13","AXP","American ExpreSS Company","NYSE","7876720","9977074","3536977","2.23",,
"2018-04-13","BA","Boeing Company","NYSE","6244490","6651781","5415929","1.15",,
"2018-04-13","BAC","Bank of America Corporation","NYSE","123191996","121654260","70449578","1.75",,
"2018-04-13","BKNG","Booking Holdings Inc. Common S","NNM","853051","769668","326390","2.61",,
"2018-04-13","BLK","Blackrock, Inc.","NYSE","1365427","1522895","559168","2.44",,
"2018-04-13","BMY","Bristol-Myers Squibb Co.","NYSE","14317338","11139095","7952211","1.80",,
"2018-04-13","BNY","BlackRock New York Municipal I","NYSE","456","1478","17152","1.00",,
"2018-04-13","BRKA","Berkshire Hathaway Inc.","NYSE","310","340","303","1.02",,
"2018-04-13","BRKB","Berkshire Hathaway Class B","NYSE","12136800","11597816","4223051","2.87",,
"2018-04-13","BSX","Boston Scientific Corp.","NYSE","17662491","17541517","7208826","2.45",,
"2018-04-13","BX","The Blackstone Group L.P","NYSE","14965121","16147042","6200591","2.41",,
"2018-04-13","C","Citigroup Inc.","NYSE","22400783","21228390","20673881","1.08",,
"2018-04-13","CAT","Caterpillar Inc.","NYSE","8925565","9171318","4558586","1.96",,
"2018-04-13","CDNS","Cadence Design Systems, Inc. -","NNM","5995293","6068457","2313351","2.59",,
"2018-04-13","CI","Cigna Corporation","NYSE","5443155","5035626","2070108","2.63",,
"2018-04-13","CL","Colgate-Palmolive Company","NYSE","12845839","11945516","3389082","3.79",,
"2018-04-13","CMCSA","Comcast Corporation - Class A","NNM","68601947","61276761","27268041","2.52",,
"2018-04-13","CME","CME Group Inc. - Class A Commo","NNM","5148614","4390221","1590869","3.24",,
"2018-04-13","CMI","Cummins Inc.","NYSE","3621318","3924928","1450210","2.50",,
"2018-04-13","COF","Capital One Financial","NYSE","4124726","4362517","2239364","1.84",,
"2018-04-13","COP","ConocoPhillips","NYSE","24442796","23906416","9150891","2.67",,
"2018-04-13","COST","Costco Wholesale Corporation C","NNM","6899768","7135182","2294202","3.01",,
"2018-04-13","CRM","salesforce.com, inc.","NYSE","17744746","19776929","4875947","3.64",,
"2018-04-13","CSCO","Cisco Systems, Inc. - Common S","NNM","47543625","48542367","26701823","1.78",,
"2018-04-13","CSX","CSX Corporation Common Stock","NNM","14857297","15958750","5536609","2.68",,
"2018-04-13","CTAS","Cintas Corporation - Common St","NNM","3837320","3650533","478524","8.02",,
"2018-04-13","CVNA","Carvana Co.","NYSE","10563395","10508921","403025","26.21",,
"2018-04-13","CVS","CVS Health Corporation","NYSE","43345137","41995032","6785792","6.39",,
"2018-04-13","CVX","Chevron Corporation","NYSE","22932542","21919272","6601221","3.47",,
"2018-04-13","D","Dominion Energy, Inc Common St","NYSE","26619109","18593996","5245707","5.07",,
"2018-04-13","DE","Deere & Company","NYSE","7991046","7601160","2928705","2.73",,
"2018-04-13","DHR","Danaher Corporation","NYSE","6247897","6228567","1932446","3.23",,
"2018-04-13","DIS","The Walt Disney Company","NYSE","33342499","30712241","7460878","4.47",,
"2018-04-13","DLR","Digital Realty Trust, Inc.","NYSE","6577393","6578301","931152","7.06",,
"2018-04-13","DUK","Duke Energy Corporation","NYSE","22375588","22761692","3466034","6.46",,
"2018-04-13","ECL","Ecolab, Inc.","NYSE","7604506","7664948","1331709","5.71",,
"2018-04-13","EMR","Emerson Electric Co.","NYSE","7118628","6455476","3391468","2.10",,
"2018-04-13","EOG","EOG Resources, Inc.","NYSE","11267425","11451135","4306400","2.62",,
"2018-04-13","EPD","Enterprise Products Partners L","NYSE","17282981","17633250","6996017","2.47",,
"2018-04-13","EQIX","Equinix, Inc. Common Stock REI","NNM","1420338","1470880","480763","2.95",,
"2018-04-13","FCX","Freeport-McMoRan Inc.","NYSE","27508635","31897267","14036049","1.96",,
"2018-04-13","FDX","FedEx Corporation","NYSE","4682739","4842484","1501072","3.12",,
"2018-04-13","FTNT","Fortinet, Inc. Common Stock","NNM","4682029","3934360","1315733","3.56",,
"2018-04-13","GD","General Dynamics Corporation","NYSE","3133902","3154333","1551650","2.02",,
"2018-04-13","GE","General Electric Company","NYSE","150122319","151313309","61704579","2.43",,
"2018-04-13","GILD","Gilead Sciences, Inc. - Common","NNM","17436282","18219703","6411098","2.72",,
"2018-04-13","GLW","Corning Incorporated","NYSE","14415010","16015817","6730590","2.14",,
"2018-04-13","GM","General Motors Company","NYSE","29736229","31533591","12475547","2.38",,
"2018-04-13","GOOG","Alphabet Inc. Class C Capital","NNM","2615420","3647002","1840731","1.42",,
"2018-04-13","GOOGL","Alphabet Inc. Class A Common S","NNM","2579559","2903979","2030514","1.27",,
"2018-04-13","GS","Goldman Sachs Group Inc.","NYSE","6076595","5954274","3029661","2.01",,
"2018-04-13","GWW","W.W. Grainger, Inc.","NYSE","5493889","5709404","866999","6.34",,
"2018-04-13","HCA","HCA Healthcare, Inc.","NYSE","6006152","4658639","2072379","2.90",,
"2018-04-13","HD","Home Depot, Inc.","NYSE","9873322","8848255","4813576","2.05",,
"2018-04-13","HLT","Hilton Worldwide Holdings Inc.","NYSE","6612120","5397567","11508058","1.00",,
"2018-04-13","HON","Honeywell International, Inc.","NYSE","7989064","7333564","2592463","3.08",,
"2018-04-13","HPE","Hewlett Packard Enterprise Com","NYSE","23478378","19751142","12374910","1.90",,
"2018-04-13","IBKR","Interactive Brokers Group, Inc","NNM","3201211","3007156","726832","4.40",,
"2018-04-13","IBM","International BusineSS Machine","NYSE","14327753","15587458","4232187","3.39",,
"2018-04-13","ICE","Intercontinental Exchange  Inc","NYSE","4753801","4942079","2329160","2.04",,
"2018-04-13","INTC","Intel Corporation - Common Sto","NNM","86255392","90372355","31626454","2.73",,
"2018-04-13","INTU","Intuit Inc. - Common Stock","NNM","2978784","3196259","1479527","2.01",,
"2018-04-13","ISRG","Intuitive Surgical, Inc. - Com","NNM","1775855","1546253","768126","2.31",,
"2018-04-13","ITW","Illinois Tool Works Inc.","NYSE","3867672","4570402","1396217","2.77",,
"2018-04-13","JNJ","Johnson & Johnson","NYSE","18731273","17533717","6303276","2.97",,
"2018-04-13","JPM","JPMorgan Chase & Co.","NYSE","24649365","25637586","18377849","1.34",,
"2018-04-13","KKR","KKR & CO. L.P.","NYSE","7181290","5510381","3076086","2.33",,
"2018-04-13","KLAC","KLA-Tencor Corporation - Commo","NNM","3917471","4104220","1331547","2.94",,
"2018-04-13","KMI","Kinder Morgan, Inc.","NYSE","46589534","53198334","15025283","3.10",,
"2018-04-13","KO","Coca-Cola Company","NYSE","40529917","41966998","11673434","3.47",,
"2018-04-13","LLY","Eli Lilly & Co.","NYSE","9655757","10533801","3577949","2.70",,
"2018-04-13","LMT","Lockheed Martin Corp.","NYSE","2887499","2541443","1236990","2.33",,
"2018-04-13","LOW","Lowe's Companies Inc.","NYSE","12133427","11659820","6509161","1.86",,
"2018-04-13","LRCX","Lam Research Corporation - Com","NNM","9476345","9561929","2965354","3.20",,
"2018-04-13","MA","Mastercard Incorporated","NYSE","7549840","7184402","3718372","2.03",,
"2018-04-13","MAR","Marriot International Class A","NNM","7851746","8069070","2977396","2.64",,
"2018-04-13","MCD","McDonald's Corporation","NYSE","7566100","7143796","4324367","1.75",,
"2018-04-13","MCK","Mckesson Corporation","NYSE","7768109","8258371","1509534","5.15",,
"2018-04-13","MCO","Moody's Corporation","NYSE","3033196","2940259","655263","4.63",,
"2018-04-13","MDLZ","Mondelez International, Inc. -","NNM","12299796","11771833","8672498","1.42",,
"2018-04-13","MDT","Medtronic plc","NYSE","11441763","11950205","4512993","2.54",,
"2018-04-13","MMM","3M Company","NYSE","7087198","7362361","2593093","2.73",,
"2018-04-13","MNST","Monster Beverage Corporation","NNM","8240748","9057003","2389788","3.45",,
"2018-04-13","MO","Altria Group, Inc.","NYSE","17409486","16715767","6713446","2.59",,
"2018-04-13","MPC","Marathon Petroleum Corporation","NYSE","9593536","9373195","3603531","2.66",,
"2018-04-13","MPWR","Monolithic Power Systems, Inc.","NNM","1096858","1037968","259201","4.23",,
"2018-04-13","MRK","Merck & Co., Inc.","NYSE","22946449","23674417","12368384","1.86",,
"2018-04-13","MRVL","Marvell Technology Group Ltd.","NNM","52292680","49493492","8343102","6.27",,
"2018-04-13","MS","Morgan Stanley","NYSE","9671604","10691954","9708425","1.00",,
"2018-04-13","MSFT","Microsoft Corporation - Common","NNM","47017833","51846931","32231979","1.46",,
"2018-04-13","MSI","Motorola Solutions, Inc. New","NYSE","5155246","5333846","1100981","4.68",,
"2018-04-13","MU","Micron Technology, Inc. - Comm","NNM","53499846","62677413","57169286","1.00",,
"2018-04-13","NEE","Nextra Energy, Inc.","NYSE","7566395","8255828","1705931","4.44",,
"2018-04-13","NEM","Newmont Mining Corp.","NYSE","7955114","7673231","5196075","1.53",,
"2018-04-13","NFLX","Netflix, Inc. - Common Stock","NNM","19348789","19625428","11883401","1.63",,
"2018-04-13","NKE","Nike, Inc.","NYSE","25293741","24133959","8175641","3.09",,"R"
"2018-04-13","NOC","Northrop Grumman Corp.","NYSE","1846954","1972964","944061","1.96",,
"2018-04-13","NOW","ServiceNow, Inc.","NYSE","9466380","9271533","1693963","5.59",,
"2018-04-13","NSC","Norfolk Southern Corp.","NYSE","5442518","6089569","2012859","2.70",,
"2018-04-13","NVDA","NVIDIA Corporation - Common St","NNM","14457061","13906597","16412918","1.00",,"R"
"2018-04-13","ORCL","Oracle Corp","NYSE","30102806","36444510","14954303","2.01",,
"2018-04-13","ORLY","O'Reilly Automotive, Inc. - Co","NNM","4195955","3781511","853078","4.92",,
"2018-04-13","PANW","PALO ALTO NETWORKS, INC","NYSE","4453610","4351837","1933211","2.30",,
"2018-04-13","PCAR","PACCAR Inc. - Common Stock","NNM","8707573","9567672","2414392","3.61",,
"2018-04-13","PEP","PepsiCo, Inc. Common Stock","NNM","7519454","6514804","3552592","2.12",,
"2018-04-13","PFE","Pfizer Inc.","NYSE","81029742","98318686","20554014","3.94",,
"2018-04-13","PG","Procter & Gamble Company","NYSE","32955860","34429995","8762395","3.76",,
"2018-04-13","PGR","ProgreSSive Corporation","NYSE","6653958","7161221","3055655","2.18",,
"2018-04-13","PH","Parker Hannifin Corp","NYSE","2580533","2604453","1064381","2.42",,
"2018-04-13","PLD","PROLOGIS, INC.","NYSE","7628725","7206192","2107878","3.62",,
"2018-04-13","PM","Philip Morris International In","NYSE","10094769","10264588","4332923","2.33",,
"2018-04-13","PNC","PNC Financial Services Group","NYSE","5550977","5148157","2371198","2.34",,
"2018-04-13","PSX","Phillips 66","NYSE","5111746","5592433","1914951","2.67",,
"2018-04-13","PWR","Quanta Services, Inc.","NYSE","2401686","2680109","993488","2.42",,
"2018-04-13","QCOM","QUALCOMM Incorporated - Common","NNM","20026088","19236260","9215707","2.17",,
"2018-04-13","RCL","Royal Caribbean Cruises Ltd.","NYSE","4248324","3698064","1377879","3.08",,
"2018-04-13","REGN","Regeneron Pharmaceuticals, Inc","NNM","3077672","2995712","819712","3.75",,
"2018-04-13","ROST","Ross Stores, Inc. - Common Sto","NNM","5618457","6065943","2366682","2.37",,
"2018-04-13","RSG","Republic Services Inc.","NYSE","6138978","5538779","1847562","3.32",,
"2018-04-13","SBUX","Starbucks Corporation - Common","NNM","34460056","32069524","8305230","4.15",,
"2018-04-13","SCCO","Southern Copper Corporation","NYSE","10513073","9865173","1032956","10.18",,
"2018-04-13","SCHW","The Charles Schwab Corporation","NYSE","20234305","18094955","6671629","3.03",,
"2018-04-13","SHW","The Sherwin-Williams Company","NYSE","1682986","1797982","610411","2.76",,
"2018-04-13","SNPS","Synopsys, Inc. - Common Stock","NNM","1906390","2009350","938790","2.03",,
"2018-04-13","SO","The Southern Company","NYSE","32693441","34379347","4393036","7.44",,
"2018-04-13","SPG","Simon Property Group, Inc.","NYSE","14045790","14387158","1514384","9.27",,
"2018-04-13","SPGI","S&P Global Inc.","NYSE","4573000","4640533","1235919","3.70",,
"2018-04-13","SYK","Stryker Corporation","NYSE","6030968","5374898","1057859","5.70",,
"2018-04-13","T","AT&T Inc.","NYSE","170959643","177569701","23341028","7.32",,
"2018-04-13","TDG","TransDigm Group Incorporated","NYSE","4742299","4829597","395829","11.98",,
"2018-04-13","TGT","Target Corporation","NYSE","40396331","41246517","4361092","9.26",,
"2018-04-13","TJX","TJX Companies, Inc. (The)","NYSE","13822002","13203878","3942319","3.51",,
"2018-04-13","TMO","Thermo Fisher Scientific, Inc.","NYSE","4411182","3807423","1301323","3.39",,
"2018-04-13","TMUS","T-Mobile US, Inc. Common Stock","NNM","8779382","10417119","5432888","1.62",,
"2018-04-13","TRV","The Travelers Companies, Inc.","NYSE","4234520","4800626","1428290","2.96",,
"2018-04-13","TSLA","Tesla, Inc. Common Stock","NNM","38258654","31727162","13140900","2.91",,
"2018-04-13","TXN","Texas Instruments Incorporated","NNM","13070687","12967971","5236634","2.50",,
"2018-04-13","UNH","UNITEDHEALTH GROUP INCORPORATE","NYSE","7551060","8408787","3657441","2.06",,
"2018-04-13","UNP","Union Pacific Corp.","NYSE","10544631","10944780","4225491","2.50",,
"2018-04-13","UPS","United Parcel Service, Inc. Cl","NYSE","12299318","10906206","3473229","3.54",,
"2018-04-13","URI","United Rentals, Inc.","NYSE","3736449","3546987","1218001","3.07",,
"2018-04-13","USB","U.S. Bancorp","NYSE","13374521","13055295","6637609","2.01",,
"2018-04-13","V","VISA Inc.","NYSE","26779051","24123597","7733351","3.46",,
"2018-04-13","VLO","Valero Energy Corporation","NYSE","11426390","9737242","3312985","3.45",,
"2018-04-13","VRTX","Vertex Pharmaceuticals Incorpo","NNM","3646478","3628431","1460097","2.50",,
"2018-04-13","VZ","Verizon Communications","NYSE","33578524","33097767","13875777","2.42",,
"2018-04-13","WDC","Western Digital Corporation -","NNM","8220349","7633311","2726983","3.01",,
"2018-04-13","WELL","Welltower Inc.","NYSE","10093604","9498150","2441350","4.13",,
"2018-04-13","WFC","Wells Fargo & Co.","NYSE","29851122","31682849","19378211","1.54",,
"2018-04-13","WM","Waste Management, Inc.","NYSE","4917866","5360622","2295395","2.14",,
"2018-04-13","WMB","Williams Companies Inc.","NYSE","17305424","17221421","10350932","1.67",,
"2018-04-13","WMT","Walmart Inc.","NYSE","39689305","41378833","8688270","4.57",,
"2018-04-13","XOM","Exxon Mobil Corporation","NYSE","31739650","31246666","14383655","2.21",,
